0,1,2,3,4,5,6,7,8,9,10,11,12,13,14,15,16,17,18,19,20,21,22,23,24,25,26,27,28,29,30,31,32,33,34,35,36,37,38,39,40,41,42,43,44,45,46,47,48,49,50,51,52,53,54,55,56,57,58,59,60,61,62
0.5040681277179633,0.5151214364400867,-6.12607829956725e-08,0.5032567955718018,0.48553870722641146,-0.0028916218332290097,0.5086189173445962,0.44921793181546166,-0.006787471350820071,0.5131956143622799,0.4204349678945404,-0.010300389923352164,0.5135851104464133,0.3974405649439814,-0.012604481487696896,0.5174380529223073,0.442488383714568,-0.011591531636052968,0.5433021863018354,0.44028646202621313,-0.017533868869347782,0.5395817905236631,0.45126166498055603,-0.01887730946794775,0.5316247396121673,0.45643694666208284,-0.019184998464978474,0.5209690709832092,0.4586953452826372,-0.013359275842895889,0.5485671110972711,0.46022482558755917,-0.017073712072792152,0.5430831242617894,0.4699967512074419,-0.015277556044584892,0.5345785952938534,0.4724460324165006,-0.014549434425488344,0.524394039883022,0.4770351224914068,-0.015217202593593687,0.5505004280239695,0.48031937117718687,-0.018039131230419104,0.5445007129643603,0.4883546753928586,-0.014308961166044664,0.536349268098147,0.4894798174522593,-0.01240377113104681,0.5279873773173853,0.49604592473421244,-0.017265900358396872,0.5480197510699473,0.5003300275723305,-0.018820900771331257,0.542811362221269,0.5066038062402298,-0.016315882156255675,0.535552394518745,0.5068043967235585,-0.01478420632534807
0.5065883423333485,0.51769691483562,-6.156707159470493e-08,0.5057729537292992,0.487966279371921,-0.0029060792194542866,0.5111618847703615,0.45146390916455503,-0.006821407010623216,0.5157614641289033,0.4225370376201226,-0.010351889297745309,0.5161529075960786,0.39942766840369315,-0.012667500743860659,0.5200251138210692,0.44470071500562636,-0.011649486396208377,0.5460185614011448,0.4424877842593371,-0.017621533830012588,0.5422795645742262,0.4535178604845166,-0.018971691295728954,0.5342827303975332,0.45871901728056724,-0.019280918660818817,0.5235737860894779,0.46098870732959707,-0.013426068882127815,0.551309809504262,0.4625258346536548,-0.017159076364519014,0.5457984041056668,0.47234661745853584,-0.015353940005231721,0.5372513546191275,0.4748081444612896,-0.014622177960079011,0.5270158789775057,0.47942017883924154,-0.015293284802074663,0.553252792532241,0.48272084794734815,-0.018129322376567492,0.5472230803973361,0.4907963266751738,-0.014380502394459373,0.5390308803447528,0.4919270941635723,-0.012465786885607368,0.5306271822006624,0.4985260303403279,-0.017352225543502332,0.5507597128136483,0.5028315526215583,-0.018915000569732245,0.5455252833228877,0.5091366986142757,-0.016397457487866616,0.538230022596682,0.5093382919998709,-0.014858123660742188
0.507964365286662,0.519294250727481,-6.009745634726354e-08,0.5069106527964483,0.4894153286771051,-0.0028343539936765893,0.5124933694598051,0.45277936537106367,-0.006783337352326114,0.5172411177652423,0.4236032366687411,-0.010342502271068449,0.5177290473453224,0.40025948799795513,-0.012692900954847194,0.5209541128909306,0.44554772055125025,-0.01211545536385278,0.5471718375618595,0.443428651682915,-0.018130426755389374,0.5436935093175264,0.45482161827517964,-0.019336280852355905,0.5356681805626126,0.46015157108041504,-0.019526023287970443,0.5242341466353524,0.4616172569577342,-0.01393377281827073,0.5522861168771517,0.4635169173898347,-0.01772066672444523,0.5469968892718842,0.4737276596159632,-0.015790864824957545,0.5384872993488544,0.47618028685075375,-0.015003192851719947,0.5275098536664296,0.4801228087028049,-0.015801690896741296,0.5541772429140065,0.4837341342892168,-0.018763425855909486,0.5483533964809818,0.49227252774056474,-0.01497186898687328,0.5401957089535475,0.49343929872782694,-0.013040483257529054,0.5310125725213641,0.4994592323195579,-0.017838788145031273,0.5517857078525672,0.5041252249782836,-0.019542940650143177,0.5468025492516905,0.510813326424532,-0.01706831190205604,0.5395479384023352,0.5111452912557022,-0.015566617758959164
0.5088145697593368,0.5204781177589296,-5.862620335325604e-08,0.5076367797999707,0.4906456673142556,-0.0027238896562496577,0.5135189314816594,0.45400649688546213,-0.006591954872382181,0.5185297641427918,0.4248046951332995,-0.010089284159910634,0.5191895290443078,0.4013423403301469,-0.012405473841545367,0.5213856093762422,0.44632071195041584,-0.012197128734920869,0.5478843290695606,0.4438456437437438,-0.018327290275411575,0.5447163416721504,0.45567921798376365,-0.019510418057337144,0.5367660759878007,0.4614113138012156,-0.0196226339736949,0.52440966672594,0.4621709332292008,-0.014060515900860373,0.5528882383262788,0.46403372842793905,-0.017878538615617,0.5477804216289396,0.4747745868581256,-0.01584410389565643,0.5393772777915027,0.47748641111758006,-0.014967781283638237,0.5275316811293712,0.48071607775484915,-0.01597074297963548,0.5546636350916353,0.48442168846454103,-0.01905011144740122,0.5489801576647185,0.4933637367211514,-0.015279147257569348,0.5408667217919733,0.4947161836572744,-0.01332164246504254,0.5308651488939915,0.5001498952413373,-0.01803043665877241,0.5520789977303356,0.5049956703996584,-0.019804179251760985,0.5475693559980763,0.5119075808172843,-0.017375466549263544,0.5406206952423374,0.5124313538216066,-0.015886921482477702
0.5097476417801472,0.5214600750529873,-5.164875940155246e-08,0.5086865050889336,0.4917045527810426,-0.002400658082630024,0.5147625263375268,0.45526158151885004,-0.00612614226191327,0.5199198229435059,0.4261758522154119,-0.009577397980266422,0.5208626209148581,0.4027075380828345,-0.011892048980648948,0.5218714340159912,0.446730710351814,-0.011856776889381283,0.5482198777800846,0.4436579745141249,-0.018007174981296607,0.5461864930696338,0.456036324155699,-0.019180765078318857,0.5389696990748543,0.4626081197447103,-0.019225856076866856,0.5245249304952421,0.4621082718650795,-0.013871979534916146,0.5531619686528573,0.4635317258376225,-0.01767866393406071,0.5487948505930015,0.47513106777145486,-0.01559883271046552,0.5407992716741399,0.4784760807828215,-0.014636373342084449,0.5273991038571995,0.48052014700912765,-0.015924712134505775,0.5548678422218544,0.48399394719352207,-0.019063840772574704,0.5497259005203539,0.4935713850492213,-0.015328940998472275,0.5417932061492124,0.4953025372888832,-0.013325607624425832,0.5305250267775533,0.4999974827877435,-0.01810097057735639,0.5522643446161906,0.5049003922899986,-0.01989316427229365,0.5483243379008943,0.511987154493655,-0.01747574731177444,0.5415714404677517,0.5126623096464862,-0.015948506255525848
0.510378617873728,0.5221241090864263,-4.693036657695405e-08,0.5093963662222549,0.49242060834854584,-0.0021820775324733776,0.5156034888855957,0.4561103138582901,-0.005811143403583876,0.5208598295586013,0.42710307682408205,-0.009231242555190648,0.521994024439063,0.40363073278350514,-0.011544853045232997,0.5221999657118489,0.44700796568036183,-0.011626619009655038,0.5484467876111057,0.4435310659853627,-0.01779070176886364,0.5471806611135441,0.4562778118997701,-0.018957842148149336,0.5404598664533445,0.4634174419858217,-0.018957540918148084,0.5246028759070255,0.4620658980484075,-0.013744484618094936,0.5533470747200279,0.4631922540430119,-0.017543501649733968,0.5494808431109243,0.4753721326936816,-0.015432971714906683,0.5417608739140003,0.47914533019270855,-0.01441226364456971,0.5273094504462871,0.4803876517528233,-0.01589358445926058,0.5550059342602321,0.48370469351295786,-0.019073125024778457,0.5502301980487011,0.4937118041465278,-0.015362613276087478,0.5424197274331609,0.4956990502221594,-0.013328289004557584,0.5302950242487193,0.4998944161300398,-0.018148668092039574,0.5523896826944801,0.5048359618836676,-0.0199533390705843,0.5488348831976556,0.5120409650102586,-0.017543560687783163,0.5422143678034161,0.5128184900922846,-0.01599015204347717
0.510898187260579,0.5226910210040101,-4.203041707348387e-08,0.5100728661465032,0.4930507400217211,-0.0019825600560982254,0.5165546529256586,0.4568760050999462,-0.0054961613265000955,0.522002830767643,0.42809785303378955,-0.008838904172481009,0.5233970641606129,0.4046804421372074,-0.01110534131235539,0.5223983113431888,0.44744771425553126,-0.011507081029280889,0.5485635591492898,0.44324765810996436,-0.017580627780199778,0.5481379395344554,0.45648306857968374,-0.018632034356977526,0.5419222698267012,0.46427089511572167,-0.018517695308292982,0.5245864860343187,0.46223117464396457,-0.013697262130363848,0.5535033464746466,0.4628043642435406,-0.017441312230564568,0.5503920297670314,0.47574150171072965,-0.015313938498418759,0.5430679559635081,0.4801963389377895,-0.014251393029235025,0.5271861070366284,0.4804652307049424,-0.015888191529835824,0.5550697091456473,0.483116656692302,-0.019048763482128545,0.5509595488211657,0.49388716480502204,-0.015365693470397053,0.5434991403195512,0.4965700532338414,-0.0133170169658116,0.5300728436503751,0.49995295513663585,-0.018170020995356674,0.5525369916225894,0.504599084709613,-0.019996498111943282,0.549610429546386,0.5122136052159133,-0.017618896332059188,0.5433463959383729,0.5134831268997789,-0.016057061931523075
0.5115784307438046,0.5237129815408983,-3.190306226583968e-08,0.5109747714237673,0.4940074505848513,-0.0017390656580595092,0.5174816874820967,0.45804769710981125,-0.0052315904088099455,0.5230498446235227,0.42944928523232523,-0.008592191210124306,0.5248640710682908,0.4060611746371508,-0.010916876314471694,0.5225567787730209,0.4479494903495055,-0.01158632568970807,0.5485960093795831,0.4430363469717739,-0.017599983965988865,0.5495066667549852,0.4566572394301517,-0.018503283838793922,0.5441365353606535,0.4652881711171498,-0.018223134145016594,0.524461130810949,0.46234971233727784,-0.013865097615017611,0.5535447251598425,0.462277727454218,-0.017582421926812752,0.5518764974875251,0.4760978515832018,-0.015434586506099154,0.5453465680714178,0.48158176082523624,-0.014308667015322296,0.5269729245448687,0.48051998525049083,-0.016090241646042204,0.5550679427234081,0.48242309814102174,-0.019239149532244218,0.5523037539186283,0.4940230719899383,-0.015596746795914457,0.545515400756431,0.4977787000102023,-0.013524082866571698,0.5298385809905414,0.5000389750292269,-0.01837912926786692,0.5525519419283348,0.5041761894495066,-0.020210286531512568,0.5507259217300435,0.512091015872701,-0.017862921727871454,0.5451083002758744,0.5139928283955372,-0.01627633355477072
0.5122710467115916,0.5248280337357732,-2.3126530660623834e-08,0.5121608308321955,0.49520572694236575,-0.00164178136916271,0.51875630263162,0.45950785741956623,-0.00514407413757802,0.5244604630742666,0.4311361834912105,-0.008520658142629332,0.5265764448423733,0.4078024352975178,-0.010894667785698541,0.5228475467532746,0.4486243477083964,-0.011783162119719278,0.5488499532533835,0.44299620491388325,-0.017847690869290476,0.5508990825646356,0.45716706119821526,-0.01864398690212408,0.5462892899491217,0.4666641405514535,-0.018212408866584893,0.5244211518734027,0.46262745125062554,-0.014091703302450695,0.5537186523535668,0.46198683311953087,-0.017977773210879625,0.5533677296095144,0.47667960360249617,-0.015857637487410276,0.5476612886303722,0.4832820748348203,-0.014644141283787902,0.5267664596409893,0.48061127803986486,-0.01631631431346942,0.5551828061966706,0.48195778152014507,-0.019690174340456272,0.5536398122466454,0.49442716112844803,-0.016160541173125455,0.5476383516877255,0.4993087046226403,-0.014037280988862005,0.5295627788427449,0.5000297654421447,-0.018578708293172853,0.5525471858914152,0.503962680187479,-0.02064571118785526,0.5518730143088391,0.5122907101222933,-0.018442517607841113,0.547154861583718,0.5148509203364392,-0.016851485322005106
0.512833445748223,0.5257334478604215,-1.6000051992353338e-08,0.5131239022884005,0.4961787184707555,-0.0015627872470235175,0.5197912806937891,0.46069349677777693,-0.005073011573445028,0.5256058748098458,0.4325059323849927,-0.00846257382156611,0.527966879665835,0.4092163260587189,-0.010876634624801419,0.5230836481999398,0.4491723268861165,-0.011942991843203637,0.5490561537983119,0.4429636098601506,-0.018048827040362106,0.5520297138904476,0.45758103269836525,-0.01875823674756266,0.5480373107325965,0.46778141754227864,-0.01820370001992509,0.5243886892721816,0.46285297319145063,-0.014275705442503483,0.5538598799468419,0.46175062907400144,-0.01829879552574277,0.5545785990491551,0.4771519819339615,-0.016201151751303874,0.5495408245824324,0.4846627172188186,-0.014916543905405874,0.5265988116680284,0.480685407108762,-0.016499883645224755,0.555276074486331,0.4815799478699251,-0.020056403144631467,0.55472468171473,0.49475527851641005,-0.016618338032205554,0.549362172122288,0.5005510570373932,-0.014453994063640296,0.5293388295412046,0.5000222873256362,-0.018740764983726066,0.5525433240246576,0.5037893122478692,-0.020999272784240453,0.5528044449879538,0.5124528603741138,-0.018913145170142205,0.5488166542097466,0.515547684637797,-0.01731850429767632
0.5136269543849619,0.5266042124556753,-7.317039578702802e-09,0.5146149044213367,0.49732467307471034,-0.001559180308344941,0.5213852486603796,0.46207806407263513,-0.005099640364081495,0.5273706227926358,0.43411037687158033,-0.008538184300944492,0.5301877907824365,0.4110062080886153,-0.0110246390534397,0.5235184863629858,0.4496444031886029,-0.011947723926277106,0.5493741204410139,0.44289304931757073,-0.018276801316873013,0.5533046573199267,0.45765182947034355,-0.019135109835853904,0.5500748507752692,0.46851359088486755,-0.018604647810619584,0.5243706053789031,0.4629161925088174,-0.014295352935013632,0.5540225161316934,0.4613535757474311,-0.018638020628756042,0.5558430441013659,0.47727508793654994,-0.016705395964076785,0.5515544385731709,0.48571340443011246,-0.015410076171410086,0.5263502187745905,0.48054974861469163,-0.016550440873170275,0.5553027022883521,0.48106128666421744,-0.020439916491850823,0.555818235399359,0.4947636061486423,-0.017164272012320868,0.551210040559428,0.5014036283913706,-0.01496495185999114,0.5290223972390197,0.49978415268596516,-0.01881234365068445,0.5525078640445643,0.5033489611227596,-0.021330053245814187,0.5536814350215676,0.5122766348872846,-0.019378215954501846,0.5504068300948521,0.5158535144731319,-0.017771701437138597
0.5144525488279892,0.5273175922454886,1.904935229989301e-09,0.5161949977675394,0.4982203492444703,-0.0014044818477809042,0.5231158678303659,0.46334507345179227,-0.004914589789252532,0.5291818678876481,0.43574887006981367,-0.008396628706702745,0.5325012449316938,0.4130559778402491,-0.01098071244162877,0.5241760299372576,0.4500182349468082,-0.011675016864667289,0.5496308999829446,0.4426618681031971,-0.01829098804996239,0.5545356599474651,0.45724193875056046,-0.019436477209313355,0.5523386257420072,0.4684256794042736,-0.019045185817547376,0.5245149276830006,0.46281547633041337,-0.014160408324715547,0.55409400186126,0.4605397112155905,-0.018946232550963216,0.5571403972312639,0.4767344732781811,-0.017301336173030785,0.5538972792993205,0.48596948488456393,-0.016021075866518134,0.5262250669557252,0.4802489131297377,-0.016566655352125582,0.5552179243961295,0.48020983248554877,-0.02093837901687414,0.5570189548751524,0.49422848828390104,-0.017878385422040646,0.5534446677290236,0.5016455320076263,-0.01559525545894783,0.5287839850276941,0.499433749479352,-0.01895615193805254,0.5523248225956655,0.5026150383818322,-0.02185446925327402,0.5546063557577214,0.5115037198339464,-0.020049994007880587,0.5523195981886071,0.515447501089616,-0.018372711941830013
0.5154452797838218,0.528220316942308,1.1791583240686306e-08,0.5182254415047723,0.4993730532399752,-0.0013620915776586498,0.5251778346568639,0.4646550330358561,-0.004834085069833062,0.5311300060283101,0.4371879317551206,-0.008360434389610795,0.5345086584505352,0.4143989577989507,-0.01104981066313553,0.5248856472923663,0.4504266732373952,-0.011299720859370662,0.5499147208243739,0.4422071702727775,-0.018255669948017212,0.5557936395371512,0.45644701580199554,-0.01979292231548996,0.5546070136878499,0.467808020552439,-0.01962148322032888,0.5247109337056557,0.4629164739191118,-0.013879700139059571,0.5541680820259345,0.45960169761534775,-0.019168789503572873,0.5584867936796575,0.47593416979788794,-0.017910112750339793,0.5562526022193632,0.48576846748286023,-0.01673335040320767,0.5261779280346196,0.48021216709451886,-0.01642254726024322,0.555141287709064,0.4789663012804131,-0.021312445565898536,0.5582739804987863,0.49319015231564395,-0.01847400431364383,0.5556644476915259,0.5013260550318493,-0.01612750852665623,0.5286333686149151,0.4992971134358337,-0.01894382638041812,0.5522018674027374,0.5014813892569489,-0.022208117405795962,0.5554891577772303,0.5101651581286919,-0.020518173116160672,0.5540132909269309,0.5144168820305571,-0.018776962357721257
0.5163030671522093,0.5290003327537557,2.033432256944661e-08,0.5199798836119585,0.5003690682438637,-0.001325463488205243,0.526959514866806,0.46578692761182977,-0.004764523492239583,0.5328133304770094,0.4384313793667158,-0.008329160026877898,0.5362432008756258,0.4155593842345357,-0.011109516247250036,0.525498805167644,0.45077959182462457,-0.010975439470885374,0.5501599614217711,0.44181428028271974,-0.01822515269503341,0.5568806198467529,0.4557601480659649,-0.0201009152392579,0.5565670558474242,0.467274321106518,-0.02011944354848836,0.5248802963001972,0.46300374273581796,-0.013637149088904486,0.5542320923493081,0.4587911897804338,-0.01936109391553236,0.5596501721957482,0.4752426529148506,-0.01843613730424106,0.558287762135971,0.48559477471444756,-0.01734880426490768,0.5261371967862927,0.48018041600963135,-0.01629802802351262,0.5550750683756851,0.47789180536216463,-0.021635664620169193,0.5593584083799064,0.49229295910082543,-0.018988659728173186,0.5575824892326372,0.5010500050983785,-0.01658741154024044,0.5285032257442867,0.4991790505593738,-0.0189331762565502,0.5520956257158516,0.5005018389630902,-0.022513693570520736,0.5562519590343811,0.5090085493659365,-0.020922711851319532,0.5554767571645131,0.5135263567524987,-0.019126262335101393
0.517475084873817,0.5303383137316408,2.9632024366097663e-08,0.5221559765166489,0.5017826615094731,-0.0011294647753947815,0.5290683809315552,0.467471728464981,-0.0044848865704053805,0.5348064058267833,0.44045782572269626,-0.008066733729893633,0.5383157435253718,0.4177856041655517,-0.010924423521357828,0.5261457636937782,0.451278424062476,-0.010473654437333786,0.5504591930385706,0.4414438382497444,-0.0179577174554299,0.5580088424995246,0.4546537028632131,-0.020240563547870467,0.5586886933204712,0.465983962865951,-0.020541289202500975,0.5251489693065245,0.4632223017923881,-0.013302078867334506,0.5543357010570136,0.45776930583133246,-0.01943588390142317,0.5608500773887339,0.47385709924195213,-0.018923978020768673,0.5604515956321456,0.48448088609183,-0.018000834102813373,0.5262610817973176,0.48023574673134545,-0.0161461223353978,0.5549918620104333,0.4764603476402918,-0.02186802627847005,0.5604057973257788,0.4906581500778239,-0.01947178895807859,0.5595485692642789,0.4998103453317781,-0.01708657008605819,0.5286191454774805,0.49909552671354895,-0.01895353265945573,0.5520785759015864,0.49924784411143885,-0.02279688256174942,0.5570585574773447,0.507340953566516,-0.021317131479735046,0.5570388089650612,0.5119887529410552,-0.019495978207921937
0.5183686595040538,0.5319785005127623,3.618971031617056e-08,0.524288133300069,0.5033342698253875,-0.0009373305200294431,0.5310507647797909,0.46892967232481814,-0.0041456945513889815,0.5365712135689971,0.4419447235437156,-0.007671747613513865,0.5400030028383599,0.4192471048355176,-0.010561477732213822,0.5268333635626373,0.4518639442473243,-0.009937389779936226,0.5506746698945154,0.44120922952269304,-0.017545686157244857,0.5590019082748593,0.4533773177874085,-0.020170432129972053,0.5606771897986467,0.4641926187070908,-0.020752678084369054,0.5255397487204436,0.4635507614850572,-0.01291134716862788,0.5543045962825919,0.45684943191330246,-0.0193516886488383,0.5619415076445936,0.47211327390401714,-0.019243894374485197,0.562579837143517,0.4826441560268996,-0.018537786765566583,0.5265122598221316,0.48040560792668563,-0.015911249478381184,0.5548359590010936,0.47525098764675394,-0.021981416282834003,0.5613736111829177,0.4889195573084333,-0.01988827556744267,0.5614847282381529,0.49817062449153837,-0.017595605969710902,0.5288357229996007,0.49914314036760304,-0.018859227312837432,0.5518889715621319,0.4978665314529848,-0.022995568313498155,0.5575932483791302,0.5054248691596624,-0.02167371266399323,0.5583090031179203,0.5101314331907943,-0.019887297215224437
0.5194541506672663,0.533975665412721,4.523797337020913e-08,0.5265193714175698,0.5050951988288981,-0.000676641009984397,0.533257097440124,0.4708167993761344,-0.0037707352797964047,0.5386807630741323,0.4440092473626563,-0.00729323068398247,0.5421083080896258,0.42153019894102806,-0.010253401970114626,0.5274338907058216,0.4529363169603744,-0.009487090962366601,0.5507135450080738,0.441090060849122,-0.017217815590587663,0.5597230870116573,0.4518513018458014,-0.020191112036813227,0.5623536645683631,0.46187110289656347,-0.02107771024468176,0.5259303240373409,0.46434289273381707,-0.012681355118633853,0.5541771722926209,0.4559236647410363,-0.019375135277639895,0.5628369078304971,0.4697660412485676,-0.019690604994516112,0.5645278906711847,0.47973603071846227,-0.019274261961550403,0.5268594053509735,0.4809371986007943,-0.015900321371582923,0.5546627956368223,0.47408007593854645,-0.022200278632387726,0.5622235122756856,0.48665578025932055,-0.020426200211171048,0.5633014947861373,0.49558777782912994,-0.01832000446424239,0.5292355591300486,0.499413063950766,-0.019057556315042985,0.5518058253286955,0.4964011828834199,-0.023344432192021744,0.5581222834117894,0.503102986183056,-0.022149804342825877,0.559532721160442,0.5076521335807034,-0.020447471334469027
0.520518973409699,0.5360346914168401,5.160522163114982e-08,0.5285711665232831,0.5066339320570619,-0.0003930018014615849,0.5351562555939339,0.4721065837432756,-0.0032725819831426793,0.5402521739484569,0.4451311413144741,-0.006681124434121773,0.5434401572794036,0.4226274564602112,-0.009610867079821457,0.5280744428295172,0.45409625637875317,-0.008880669537936987,0.5507877062388339,0.44111961612941314,-0.01664565818003958,0.5603677716550138,0.45029477793318623,-0.019886979177135923,0.5638154697816945,0.45937433096481245,-0.021023416823628377,0.5264338519099481,0.4652084962711882,-0.012247140139483529,0.5540490847839399,0.4550758431532613,-0.019072971532015325,0.5635182035271928,0.4672859296891935,-0.019763614220804325,0.566114038774872,0.4765675012713207,-0.019632143503259012,0.5273341608507502,0.4814280371990105,-0.01564415071925709,0.5544296481003804,0.47291761586363334,-0.022081320808677668,0.5627936257056719,0.48410931458768486,-0.02065838813225825,0.5647563945290834,0.49255359726789555,-0.018791671315849263,0.5297307301776588,0.49953803504783106,-0.01896680497951872,0.5515725337199406,0.49480998620485,-0.023383016119090466,0.5583603872833331,0.500375227421567,-0.022394486631716545,0.5604650504473825,0.5045100082192437,-0.02085389415682849
0.5214666137850328,0.5378671242693801,5.727176244718863e-08,0.5303971642284449,0.5080033296814442,-0.0001405767213868829,0.5368464138465487,0.4732544290071595,-0.002829249813192769,0.5416506530862584,0.44612957228633376,-0.0061363796862429374,0.544625438186539,0.4236039622070184,-0.009039042324077231,0.5286445030195663,0.4551285459627319,-0.008340984007795095,0.550853706121962,0.4411459188892924,-0.01613646595331921,0.5609415095862742,0.4489095474661915,-0.019616315745739354,0.565116405219889,0.45715232555842716,-0.02097509832341712,0.5268819671907116,0.4659788412575947,-0.011860709957801365,0.5539350931401056,0.4543213232358714,-0.018804060516214,0.5641245235126724,0.4650787512027296,-0.019828588876064344,0.5675256333289845,0.4737476643962314,-0.01995064064367036,0.5277566701211405,0.4818648596436356,-0.0154161713162581,0.5542221581491072,0.4718830830181153,-0.021975454139778437,0.5633009988892507,0.48184308417328703,-0.020865024072606746,0.5660511844349871,0.48985332435739243,-0.019211431839810365,0.5301714082912196,0.49964925323712145,-0.018886040711222025,0.5513649155513264,0.4933938986649981,-0.023417353934834073,0.5585722881314336,0.49794765498763127,-0.022612241950833934,0.5612947781008251,0.5017136696943201,-0.021215590672668337
0.5224129671113016,0.53951716656857,6.136050175518224e-08,0.5323011918051749,0.5097775760862918,0.0002881601799472345,0.5387327612442165,0.47528335116849685,-0.0021520328207795484,0.5435665233340543,0.44857340952233155,-0.005365646354961371,0.5466949046642547,0.4263919482004278,-0.008246229303899493,0.529305511970715,0.45668271136836736,-0.007375352357097953,0.5507669118607693,0.44141797940439836,-0.015046734721587471,0.5612138323119772,0.44762755160484696,-0.018686460255395707,0.5659814598248715,0.4547738714661093,-0.020246400342651086,0.5274682088081243,0.46684780450207947,-0.011154258793215356,0.5536831491755078,0.45333877233406417,-0.018082918756701687,0.5644200679258905,0.462442227021038,-0.019445748155164852,0.5685663190071716,0.4702369243921881,-0.01983732330264662,0.528322646954418,0.48204739264705776,-0.014976975012684551,0.5538797280374549,0.47029184886400516,-0.021507233923769818,0.5635526821756364,0.47884099016735693,-0.020746465928683764,0.5670521496299975,0.486115819469666,-0.019379396319134882,0.5307999482652543,0.49926445552955795,-0.018697012042762317,0.551177768035226,0.4915089786968701,-0.023239702165275745,0.5586849531754111,0.49500869404946785,-0.02262826993089775,0.5619470501368605,0.4982679521980634,-0.021425944043809226
0.5237210155475155,0.5409339786423155,6.742159470180713e-08,0.5344275157818433,0.5117495219414102,0.00044514549489155523,0.5408897951498226,0.47772716049738073,-0.0019100236124885734,0.5457760803354982,0.45162569785795953,-0.005119514414955574,0.5490860438562399,0.4299720209616581,-0.008063947243378762,0.5303687683542766,0.4583082104578056,-0.006865314785128415,0.5508903301359083,0.44177498662032644,-0.014491133067153338,0.5615567934674093,0.44620728325448367,-0.018309367753498,0.5668596240918884,0.4520071009734221,-0.020076552455743076,0.5283648179270924,0.46783949906152095,-0.010808512149972409,0.5534539803192414,0.45228407437462476,-0.01776811771479979,0.5646256539628141,0.4594339445992074,-0.019464475574052686,0.5695031290210204,0.4660629119287243,-0.020118732213749494,0.5291008728268458,0.482396184627146,-0.014810938712303438,0.5534749305015588,0.4686561860803828,-0.021333168921130293,0.563645651149877,0.4752867517793718,-0.020941137460429717,0.5678977371843209,0.48141388223256926,-0.019883275601947706,0.5315682778846794,0.49908078058584304,-0.018713124667355623,0.550789626154614,0.48973867836812196,-0.023294854831484354,0.5584282624560837,0.491694702381651,-0.02292596424190207,0.5621669277271718,0.49395576938605246,-0.021962170154689098
0.52511370265542,0.5425494245679188,7.172634749179873e-08,0.5362947472483044,0.5143939318736386,0.0004037900117054179,0.5428434850809762,0.48055531868177076,-0.001827117854971593,0.5477928615535534,0.4548562581794207,-0.004942351726588548,0.5515537840675317,0.4338883660146598,-0.007864825655961494,0.5320610137488986,0.46039711347335155,-0.006335429753492094,0.5513441220914296,0.4426894665691036,-0.013866679577612975,0.5618831107191511,0.445097745364093,-0.01782602805815993,0.5675190477953755,0.4492938525363805,-0.019779346160467476,0.5297564864061934,0.4690331870702684,-0.010325636901319477,0.5531632089537489,0.4515683246615618,-0.017238166216381183,0.5643705972838726,0.4564324162422338,-0.01925667941742431,0.5698221596000244,0.4615070329557284,-0.0201868101309474,0.5300452249568485,0.48279560571800273,-0.014424722486014046,0.5526832945746626,0.4670294774419818,-0.02100177859645443,0.5630022846257916,0.47158645209233874,-0.021055962353863034,0.5678668482224662,0.476328349787807,-0.0203600587471454,0.5320294720406862,0.498858588130395,-0.018432974442215026,0.5499238074820918,0.4880733365716745,-0.023194181943003836,0.5575582078193982,0.4884959787251814,-0.02317521522280966,0.5616882684793746,0.48953645577805927,-0.022523099894250734
0.5263645798241551,0.5440003782058135,7.559277014444387e-08,0.5379718484413025,0.5167690755726261,0.0003666455379568385,0.5445982411319206,0.4830955005232954,-0.0017526539508785116,0.5496042846403908,0.45775786768337984,-0.004783228574825142,0.5537702473859284,0.43740593042944004,-0.007685979563333191,0.5335809467733483,0.46227331457768983,-0.005859500103273955,0.5517517068197547,0.4435108298765535,-0.013305810873817586,0.5621762008164539,0.44410118583032643,-0.017391904279595312,0.5681113258817692,0.4468568797922959,-0.019512402805384695,0.5310064486676916,0.4701053281623057,-0.009891930277298216,0.5529020452936905,0.4509254559443047,-0.016762176867340554,0.5641415116733214,0.45373651759296846,-0.019070042040943945,0.5701087049878141,0.4574150549669215,-0.020247956035030643,0.5308934187197992,0.4831543558783425,-0.014077832608942303,0.5519722667341056,0.46556840791357823,-0.02070413199031873,0.5624244287014141,0.4682629342901589,-0.021159095237611975,0.5678391045197131,0.47176065013013885,-0.020788293594284062,0.5324437052426945,0.498659020353823,-0.018181350428137934,0.5491461505313127,0.4865775676947366,-0.023103760040628103,0.5567767462302122,0.4856229641275301,-0.02339908629875523,0.5612583485632103,0.48556713742769675,-0.02302691313449668
0.5280163270541907,0.545596849857328,7.937971771005982e-08,0.5398415478730568,0.519283790483943,6.202989834181864e-05,0.5464950578750423,0.4858378622945416,-0.002046670893258761,0.5516012242130822,0.46073573704203746,-0.005036954113763437,0.5560968740925215,0.44065653952434286,-0.007945348275512545,0.5354755916709482,0.4641580833418089,-0.00568992271887606,0.5522181850661054,0.4439646774676088,-0.013082933951100686,0.562293860745626,0.4426217780700625,-0.01725715548913075,0.568320204861693,0.4437303623109629,-0.019481777267321844,0.5326638861618647,0.4713518808042034,-0.00963125774403955,0.5526175502455765,0.45046353897240143,-0.016494155022513207,0.563640214702472,0.451134980473545,-0.01902775003543506,0.5698942341059965,0.4532561164785753,-0.020368221720637698,0.5321077003935784,0.48383913953802543,-0.01378626169192011,0.5511111560857169,0.4644656927358642,-0.02044600078918602,0.5613613698354325,0.4651697237296071,-0.021188458417061472,0.5670881321902551,0.4672534000603918,-0.02102323723419146,0.5331017899408402,0.4989096683040097,-0.01789408153716121,0.5481338556065907,0.48524459308418594,-0.022943847857797156,0.5556163562094395,0.4828695004840954,-0.02345235393568179,0.5603587787583095,0.48178631733338734,-0.023244402926366276
0.5296240209742421,0.5467830387782426,8.287742665969473e-08,0.5414951492922744,0.5218182970878974,-0.00027451556876039433,0.5482887308884651,0.48870391507768757,-0.0023420829163924364,0.5535558566354255,0.463795026137338,-0.005231567842533329,0.5583712746372825,0.4440233015309093,-0.008046588630635844,0.5373376077263857,0.46549941198433736,-0.005295375166356697,0.553040001832719,0.44431133201377093,-0.012490037470256522,0.5627275242998141,0.441381543260649,-0.01667059886215684,0.5687444584129574,0.44105750174027136,-0.01894752837505056,0.5343011849274372,0.4717824949116991,-0.009052962936222698,0.5527752043449312,0.44958776265219247,-0.01566269573350717,0.5633237986572801,0.44833283259681866,-0.01824292341499813,0.5695814179026305,0.4488322211423487,-0.019645331569197292,0.5332826427802924,0.483444881980673,-0.013100946034919214,0.5506014347186596,0.46267627604748607,-0.01953923889605107,0.5603051897635509,0.46159903686055614,-0.020381389262944027,0.5660113000307399,0.462121950570756,-0.020338401835366837,0.5336496752623127,0.4979142989183432,-0.017158224970313794,0.5471681530620173,0.4832356337889177,-0.022123926240404,0.5542414365305905,0.47963304809615803,-0.02270863382481974,0.5589745619628537,0.4774020319668512,-0.0225837969426878
0.5312079806492019,0.5483906108659216,8.516342420505264e-08,0.5431454041267249,0.5244404998459292,-0.0005893616739275639,0.5501060304448996,0.49151027638225425,-0.002646323806296701,0.5555765430552793,0.46680489198977043,-0.005480691742645051,0.5606798430757496,0.44740922371945635,-0.008260539652986818,0.5391247259405972,0.4672304019637546,-0.005116566427809964,0.5537191881742516,0.44489890341303895,-0.012223661346045361,0.5630250205150037,0.4403630514670548,-0.01645729162984887,0.569039835691096,0.43857761894370195,-0.018811715831136305,0.5358380810418897,0.472769703051867,-0.00874836709610724,0.5528192346937275,0.44919446638311794,-0.015264031886428324,0.5628869880265234,0.44593378993236055,-0.01797591504195158,0.5691179950022152,0.4446484868711099,-0.019484631444455086,0.5343852254764062,0.4837640808476463,-0.012730357997797103,0.5500585052182385,0.4615440439354576,-0.019094290346887723,0.5591913913613666,0.45854335338691476,-0.020127526685153812,0.5647971160429326,0.4573186755651286,-0.020242704313602696,0.5342029637698964,0.4977486444666221,-0.01676512458412842,0.5462653281494965,0.4819779599620015,-0.02176449554054768,0.5527946736846542,0.47698954985590786,-0.02249785750008632,0.5573084407831977,0.47341240823469055,-0.02249580367369965
0.532636498328648,0.5498404237522829,8.722508521848534e-08,0.5446337110854633,0.5268053725495452,-0.0008733103341404301,0.5517449891799331,0.49404123522032484,-0.002920707994801804,0.5573989292694049,0.4695193844424081,-0.0057053678510764014,0.5627618599860886,0.45046286819288084,-0.008453494576521526,0.5407364651815764,0.4687915211182585,-0.004955305097555491,0.5543317225157854,0.4454288134511923,-0.011983426061755295,0.5632933219179276,0.4394445094381632,-0.01626491731797544,0.5693062260990073,0.43634109962199413,-0.01868923126089181,0.5372241537466907,0.47366003145088936,-0.008473662790455201,0.5528589441211087,0.4488397662714201,-0.014904490944375886,0.5624930438381261,0.4437701774906418,-0.017735109554610613,0.5687000501411376,0.44087532366054977,-0.019339701637899716,0.5353796061411096,0.4840519551110755,-0.012396137644091702,0.5495688561430093,0.46052292350238205,-0.018693006855286298,0.5581868956447068,0.4557875396285887,-0.01989857692951544,0.5637020860872445,0.4529867702942736,-0.02015639807495257,0.5347019552703826,0.49759924652631876,-0.016410601132338436,0.5454511020240662,0.48084370804566273,-0.021440337598020852,0.5514898890136439,0.4746054715037378,-0.02230776572499236,0.5558058245241706,0.46981430651163136,-0.02241644563043064
0.5340511144376812,0.5514219118760286,9.085430449903092e-08,0.5460702649908863,0.5291435069852236,-0.0011997644425428904,0.5532303740975862,0.49665236573878513,-0.0033148766546137447,0.5590649608515048,0.4723480082973726,-0.006123480693745444,0.5647115157475866,0.45365483127608197,-0.00892193645512155,0.542267811630825,0.470309944136291,-0.005014193274129074,0.5549157994856674,0.4458700018035492,-0.012033007684038201,0.5634938062423047,0.43837941660892293,-0.01640032838614691,0.5694312269937092,0.4339155698668053,-0.018918099427979312,0.5385266052813231,0.4746320507013604,-0.008441180303702252,0.5528113452528014,0.4485925801042778,-0.014857788025802968,0.5619540328458266,0.4416036682893578,-0.017851506712258776,0.5680501991290272,0.4370653617116272,-0.019592540773546833,0.5363178479626002,0.4845975717153973,-0.012317310000392217,0.5490251702963039,0.45981033637305435,-0.01860198110032221,0.5570688712321668,0.45320624856972136,-0.020022910096317795,0.562428855123453,0.44879473472135567,-0.020454570558513567,0.5351972212177112,0.49790944178581453,-0.016323370990414206,0.5446399712099596,0.4801069316018712,-0.0214219847220054,0.5501361144672935,0.47256496111022905,-0.022443246339411176,0.5541942629694947,0.466592678488912,-0.02267820760899021
0.5354326533713561,0.5529696445413605,9.385449608711035e-08,0.5475155993182427,0.531193486892471,-0.0014746446922342868,0.5547405148790527,0.49893047685213565,-0.0036168625844907702,0.5607553638644,0.47481296412224416,-0.006423252627062352,0.5666533689064047,0.4564766608448901,-0.009244625706865649,0.5437364132418225,0.47161013269566465,-0.004948082773962385,0.555477802420498,0.44623240025852007,-0.011909172978138736,0.5636198419213679,0.43734495662756967,-0.01634003860444694,0.5694123927534845,0.431592176140056,-0.018944210710028192,0.5397331864256409,0.47544041541453225,-0.008298912134038515,0.5526936311433156,0.44832451032484194,-0.014642809834678841,0.5612948917477867,0.43956658119026243,-0.01776327723373915,0.5672225457816263,0.43348175237560205,-0.019613979265789155,0.537147023313463,0.48504280743379297,-0.012144734509660094,0.5484432066770123,0.45906284046978857,-0.01840083178608725,0.5558894744171962,0.4506832430307653,-0.020018883873017687,0.5610566497992135,0.44468012136149687,-0.02060880097816798,0.5355921016088768,0.4982277635261106,-0.016153470592396416,0.5438242691070585,0.4795660561124694,-0.021312194244010454,0.548753837592958,0.47085892877006463,-0.022463455710028436,0.5525189101391957,0.46377509575066167,-0.022802841120186837
0.536884084977847,0.5543932287245612,9.694216793214045e-08,0.5489952141495564,0.5330230696428309,-0.0016833993707523465,0.556194236780109,0.5010993458739326,-0.0038976173550813713,0.5623370784174662,0.4772776045879123,-0.006752090245299193,0.5684700643792463,0.45940333124065924,-0.0096575629999672,0.5451186238297288,0.472780243728447,-0.005042359136204068,0.555959774003584,0.4465198356049508,-0.01199028306929851,0.5636424587509027,0.4363130293632125,-0.016488988905607113,0.5692589622356459,0.4293781806010012,-0.01918123575341669,0.5409040230866363,0.4762201151546084,-0.008370426217836438,0.5525984232109221,0.44802959707896023,-0.01470608330668392,0.5606317669424452,0.43752560258455186,-0.017990763140789942,0.5663385656404486,0.4299651116653994,-0.01997001680443537,0.5380265076147918,0.4856152688143926,-0.012210042721149714,0.5479038449762648,0.4585547107125172,-0.01850350202039627,0.5546980393393708,0.44843525557623737,-0.02038551805292878,0.5595823750291449,0.4408383123810463,-0.02118432776269576,0.5361516880963034,0.49887651150468404,-0.016224362718169686,0.5432509204277838,0.479780793871051,-0.02151716415646736,0.547636018735292,0.47013845033344287,-0.022847567325616897,0.5510819475614025,0.46206241200565995,-0.02332281920812845
0.538108467440346,0.5555550624764594,9.881588002809859e-08,0.5502918213362868,0.5348224673228766,-0.0019396406171194888,0.5576036936145334,0.503176233204534,-0.004150868185519737,0.5638776903953985,0.4795973000092291,-0.006981289738850462,0.5701165741448764,0.4620584507438956,-0.009867630727847684,0.5464041353110564,0.47337460001563214,-0.004768351939114719,0.5564712860679252,0.4464805103323132,-0.01157625785887473,0.563704221871423,0.4352438205410693,-0.0160957669031203,0.5691041799715458,0.42733912282577996,-0.01885116898136889,0.5419778779680335,0.4763532094233094,-0.00800391445371762,0.5525734536485047,0.4474185705629576,-0.014200932744169018,0.5600570070391067,0.4355838408177608,-0.01759008241113027,0.5655054770642348,0.4268561496272259,-0.019661595969615704,0.5388056417519003,0.48538592881757325,-0.0118070992948972,0.5474734784696148,0.45747299752994397,-0.018026898280285374,0.5536515993328568,0.4460666437377203,-0.0201005035567427,0.5582386561510108,0.4372677946696652,-0.021051177637380427,0.536592743509692,0.49850436031136813,-0.01581950878323032,0.5426197552737984,0.47884085375158614,-0.021147026416212793,0.5464147223078761,0.46839915178671265,-0.02260982236269048,0.549485495686824,0.4594714327478343,-0.02318654016074227
0.5392150244541392,0.5566050900016825,1.0050928002778461e-07,0.5514636527047978,0.5364487043725267,-0.0021712231144805777,0.5588775148211748,0.5050532563675775,-0.004379748042307722,0.5652700453514105,0.48169376522082874,-0.00718843278027342,0.5716046360742494,0.4644580613220873,-0.010057483102230178,0.5475659387422092,0.47391175988064227,-0.004520713153804002,0.5569335740210548,0.4464449694310104,-0.0112020753509462,0.5637600413692504,0.4342775044122535,-0.01574038565734401,0.5689642927996885,0.42549628878347007,-0.018552865377048984,0.5429483930539656,0.47647349569090763,-0.007672673051912848,0.5525508869707952,0.44686634468778763,-0.013744394109311829,0.5595375577479201,0.43382893974071307,-0.0172279602105299,0.5647525587275586,0.42404637093933484,-0.019382855258749068,0.5395097978228255,0.48517865879387023,-0.011442932142771,0.5470845272300952,0.45649538036721055,-0.017596159334267395,0.5527058609184414,0.44392596946057106,-0.0198429167328154,0.557024246769378,0.43404087698878213,-0.020930840888392383,0.5369913550351791,0.49816802217702844,-0.015453614975543376,0.5420493287531678,0.47799136646832624,-0.020812507975208464,0.5453109543521353,0.4668272303774202,-0.022394956204216398,0.5480426744499106,0.4571297900355665,-0.023063375593838534
0.5402685619596445,0.5577917923025066,1.0046266502269786e-07,0.5526229989201001,0.5380190065023394,-0.0023060220258706594,0.5601385126852921,0.5069082486057322,-0.004506901906049772,0.5666610977984256,0.48375435887934076,-0.007311569037740123,0.5730871913397116,0.46673830347905876,-0.010185873874312577,0.5486502435238364,0.47469781466168715,-0.004278263213327362,0.5573482663080509,0.44655438428894795,-0.01085971638141746,0.5637961258096787,0.4335060519369613,-0.015413151106666915,0.568811557824406,0.42388895878560645,-0.018279094656222794,0.5438706853126067,0.4768347842224241,-0.007397310300221287,0.5524804492173514,0.44638523205902936,-0.013379238798835678,0.5589748471606023,0.4321809355991071,-0.016946685723058713,0.5639178268768211,0.4213586428710746,-0.01918381106948531,0.5401975420402975,0.4851482085211805,-0.011171620301651359,0.5467458807596671,0.45550526607424624,-0.017275612344586612,0.5518736255826054,0.4418303165257869,-0.019658978068360488,0.5559200908474435,0.43092195053518983,-0.020860486646446873,0.5374127565084581,0.4979120937971589,-0.015207701880770435,0.5414630194439771,0.47714190327599776,-0.020606671499390668,0.5442058797571145,0.465246792300973,-0.02229743706397693,0.546581733566747,0.45477091146068593,-0.023051085230677795
0.5413009314780265,0.5589561541838203,9.971405424655288e-08,0.5537297953890549,0.5393988602334138,-0.002402450124759242,0.561321143605866,0.5086015704385601,-0.004617500079849526,0.5680084290806359,0.485700548233727,-0.007450085174768221,0.5746440172240563,0.4690525091034795,-0.010380269315356336,0.5497495539328985,0.475342041558218,-0.004060325159876853,0.5577686346429491,0.44666057011609794,-0.010559545763107275,0.5638114114613271,0.4328422694554745,-0.015149470645109644,0.5686338645820922,0.4224644310376531,-0.01808595846906795,0.544791598042517,0.47715889369500736,-0.007179615420694072,0.5524505508191544,0.4460101264399907,-0.013075662732282325,0.5584491633167893,0.43078253192731064,-0.016736347463140865,0.5631338842554571,0.41901112627846676,-0.01906793383034899,0.540876646355793,0.4852205228593542,-0.010982220155009109,0.5464232409085222,0.4547748049851611,-0.017028571377940366,0.5510409731424106,0.44011807907812334,-0.019535913465757743,0.5548073959921328,0.4282700517359441,-0.02084926204816008,0.5378124740813567,0.49794401212674105,-0.015065748288823278,0.5409175791599781,0.4766196235336728,-0.020482431709666824,0.5431502207118468,0.46406087793616285,-0.022253733669992455,0.545163598379991,0.452865844757062,-0.023077358136482727
0.5421741335584501,0.5600949588984269,1.0014722885238951e-07,0.5547360942329366,0.5406024142926021,-0.002495253065866948,0.5624260797939433,0.5101304167264378,-0.004758400878745398,0.5692896741150706,0.4874808740331434,-0.0076427892333130335,0.5761387083524689,0.471141476536054,-0.010660008662401304,0.5507425902350666,0.47605664755829424,-0.004040053927541854,0.558129252050128,0.4466996859786306,-0.010500756416132248,0.5637674828503285,0.43208619451142605,-0.015109074251623205,0.5683922197989628,0.4209960600829684,-0.018094779846907084,0.5456221960816414,0.47770474770064003,-0.007182852862947629,0.552339501462321,0.44578580773764914,-0.01305117444375288,0.5578391642956906,0.4295124286757662,-0.016834390261842285,0.5622630484433522,0.4168623887853539,-0.019272247738880328,0.5415149950056317,0.4857507365460973,-0.011015630298807122,0.5460265470603564,0.454571889202323,-0.017074964154047866,0.5500759122170749,0.43884698741989653,-0.01977958076117398,0.5535302318933792,0.42599399639594127,-0.02125817811576923,0.5382510649836648,0.49868024693087437,-0.015131367812871369,0.5404933429980584,0.47715527172527017,-0.02064047792384007,0.5422819539792529,0.46401867200840774,-0.022545577515967946,0.5440155761351216,0.4521899010759835,-0.02347452207120725
0.5429638376538903,0.5611248679735348,1.0053898211081503e-07,0.5556461680131829,0.5416908812018468,-0.0025791819344583968,0.5634253589441962,0.5115130705266323,-0.004885828355653022,0.5704484029747919,0.4890909601821995,-0.007817066399678652,0.5774904730035024,0.47303069115627683,-0.01091299856355914,0.5516406696743213,0.4767029209668649,-0.004021721086205971,0.5584553862288257,0.4467350614747857,-0.010447588668236009,0.5637277548139549,0.43140241753338093,-0.015072540672406605,0.5681736817547263,0.4196680987982479,-0.018102757700330898,0.5463733700514091,0.47819840564468824,-0.007185780732067164,0.5522390709504689,0.445582939006694,-0.013029027792736379,0.5572874950590089,0.4283637761910058,-0.016923057938430245,0.5614754843471448,0.4149191194822002,-0.019457024589439733,0.5420923030015675,0.4862302497415725,-0.011045845672748671,0.5456677861691999,0.45438837678483196,-0.017116920725284115,0.5492031330721635,0.43769744104261965,-0.019999947919508845,0.5523751937390432,0.4239355837286502,-0.021627992504124328,0.5386477166173937,0.49934608093776045,-0.015190712617520112,0.5401096734649541,0.4776396997632959,-0.02078341132425168,0.5414967133001065,0.463980501927567,-0.02280951445057083,0.5429773309353507,0.4515785929891135,-0.023833708097952575
0.543779130678818,0.5618445880922334,1.0012302990284646e-07,0.5565324589311181,0.5426482952346696,-0.0026584826385024274,0.5644194645329665,0.5128040688817268,-0.004991717739565823,0.5715609568476234,0.49061266606427867,-0.007962327365221912,0.5787825946911939,0.47482425579536425,-0.011109022361932848,0.5525216019490102,0.4769428371242795,-0.003806707269712563,0.5587798115930267,0.44654781836949337,-0.010132583638786474,0.5636624766751959,0.43068043133467293,-0.01476049360357357,0.5678636411236168,0.41840046997677177,-0.017826504216242496,0.5470724085277044,0.4782790505315198,-0.006956560173336085,0.5521939419201142,0.44511711540174065,-0.0126875661323465,0.5567899588392581,0.4272382262342463,-0.016619958592069366,0.5607015039086543,0.4131560653951721,-0.019211118907807974,0.5425686329773306,0.4861291904097177,-0.010827585767204643,0.545399894577602,0.4538322560735335,-0.01678761388564317,0.5485227348865043,0.4365264059005639,-0.019718808189928102,0.5514439467081543,0.422167717263573,-0.021411302995915444,0.5388720504819661,0.4991436431739481,-0.015004678956983637,0.539655567921671,0.47699602268937563,-0.02052233556357988,0.5406682497109474,0.46290481761085517,-0.02256168113240367,0.5418696081413181,0.45002183452382927,-0.02361668407121554
0.5445312860624769,0.5624134691594469,9.894185391325549e-08,0.5573863977532361,0.5436299446222689,-0.0027450326564480293,0.5654573753623542,0.5142547042710824,-0.005064650225769721,0.5726805016828725,0.49222817390146084,-0.008022722714114569,0.5798566929570217,0.4764990570066412,-0.01115473946425199,0.5533851387470908,0.47720878855734106,-0.0035265643427975306,0.559174599055582,0.4464030598175261,-0.009698484968913533,0.5637023035638977,0.4301112061035111,-0.014288577674498563,0.5676696968262722,0.4174044650614395,-0.017358533653190653,0.5477515663499769,0.4782763888942826,-0.006607792914353521,0.5521828340289465,0.444651291095266,-0.012198199112133221,0.556363534065843,0.4262343037879556,-0.016161187772384268,0.5599986765255375,0.41171116161241533,-0.018801926177353646,0.5430115656999465,0.4858523445435629,-0.010434579436644078,0.5451503728834833,0.4531944057977639,-0.01626497830498781,0.5479161863766138,0.4353561475508179,-0.01927055073007553,0.5506015385285258,0.4205430051417399,-0.021043544769047826,0.5390408974824007,0.49864493726646736,-0.01458353288824744,0.5391535029655793,0.47613603578291286,-0.020013186217608288,0.5398093996476034,0.4616995033202142,-0.02208558480711873,0.5407544502440862,0.4484649998992646,-0.023182754959695573
0.5452325136409261,0.5631317764337221,9.822752538036485e-08,0.5581508084788815,0.5445554567602214,-0.0028139866354713132,0.5663453515146852,0.5154302744405345,-0.005137032537979688,0.5736669186255869,0.4935246672743193,-0.00810749151880908,0.5809145128293274,0.4778795644008895,-0.011256842223333344,0.5541658473816249,0.4773783941565702,-0.0032761077429593537,0.5594716795965589,0.44624130539599777,-0.009317097206287997,0.563674007342053,0.4295566115067797,-0.013893162549470931,0.5674210213548396,0.4164190959939022,-0.016989419818616933,0.5483670005987723,0.47833270101854886,-0.006336459471455905,0.5521737505241797,0.44426152833265764,-0.011798696003564568,0.5559839806392122,0.42530887117499866,-0.01580205361169298,0.5593574157660225,0.4103102324165516,-0.01850561382212976,0.5434175039649041,0.48579185003012837,-0.010166499198553341,0.5449446871035287,0.4527813725506664,-0.015887280657665807,0.5473867503757324,0.4343911324946603,-0.01897090179746489,0.5498445224324359,0.419116257108632,-0.02082915897413063,0.5392147186123166,0.49852171882736696,-0.01433534043826542,0.5387527338365865,0.47559228565137784,-0.019705325445842452,0.5390750375524159,0.46073980741155607,-0.021819346723499493,0.5397447116884722,0.4470993957696663,-0.022967954244654563
0.545866880095315,0.5637815940574835,9.758130713024854e-08,0.5588423336507766,0.5453927225373966,-0.002876365943606559,0.5671486603129244,0.5164937555459553,-0.005202513292257298,0.5745592820147777,0.4946975417153075,-0.008184177729861668,0.5818714709730171,0.47912844223721746,-0.011349209619100947,0.5548721164783075,0.47753182808577394,-0.003049531849339988,0.5597404339000679,0.44609497404506376,-0.008972074263438002,0.5636484091276132,0.4290548967728415,-0.013535449734709272,0.5671960567613832,0.4155276805663734,-0.016655500500979276,0.5489237540042521,0.4783836438560923,-0.006090997314207631,0.5521655331196031,0.4439089289350191,-0.011437284989096826,0.5556406171308409,0.4244716773402157,-0.015477162419205163,0.5587772983735321,0.40904287997043776,-0.018237554458876055,0.5437847365520928,0.4857371235887035,-0.009923980057327492,0.5447586131912098,0.45240772147852026,-0.01554559598249571,0.5469077953987365,0.43351813035039133,-0.018699823995074333,0.5491596868219283,0.41782554761732704,-0.02063521458179261,0.5393719661269203,0.4984102491037997,-0.014110812810801862,0.538390177515071,0.475100381377193,-0.0194268187923214,0.5384106959137256,0.45987161724109316,-0.02157849408974773,0.5388312503713897,0.44586400019137473,-0.022773634494278886
0.5464012839773211,0.5643821242739199,9.694013914836999e-08,0.5594437944869308,0.5462757260017991,-0.0029583829832867527,0.5678881038049131,0.5176198896229717,-0.005292390315507894,0.5753836097538846,0.4958933014131315,-0.008275325294154184,0.5827779168765482,0.4804205417090475,-0.011444265013002606,0.5555577398891685,0.47772482580558584,-0.002922748821294993,0.56002980440224,0.4459054859601806,-0.008736843908718211,0.5636357857096477,0.4285013616330904,-0.013268986260245358,0.566963974381144,0.4146263036206834,-0.016388815152279797,0.5494456721796116,0.4784750458796342,-0.005906473523562123,0.5521880986283997,0.4435545515610223,-0.011150114018887814,0.5553390617044816,0.42367773966705025,-0.015204313071117928,0.5582353662770165,0.4079002820678858,-0.017994627596346402,0.5441141209547524,0.485704788547294,-0.009694147453196501,0.5445894113143261,0.4520423178529448,-0.015223030511970536,0.5464529703896549,0.4327065502719097,-0.0184244472920102,0.5484917124481891,0.41666742955203206,-0.020410486369274516,0.539477186541293,0.49826902172093623,-0.013846998139952492,0.538018106568342,0.4746010616626476,-0.019098275017668885,0.5377746339334667,0.45907113024323615,-0.02126422102068756,0.5379803015375407,0.4447886300036533,-0.022479643522062998
0.5470359637260878,0.5650114579517629,9.603974880637305e-08,0.5601254997981163,0.5469992695617085,-0.0030054714965446353,0.5686779908008079,0.5185538866324664,-0.005342885694450099,0.5762540489008875,0.49690429038391537,-0.008322535848893723,0.583628689839981,0.4814713058263236,-0.011495429254332638,0.5561638648068712,0.4780082867366633,-0.002873231630966288,0.5602179467519991,0.445791080580949,-0.008614650004232529,0.5635449659438648,0.428014425457023,-0.013129394229471753,0.5666895404835981,0.41379686495044177,-0.016250137313366293,0.5499224821111262,0.4787068574170104,-0.00581545756332163,0.5521117627573473,0.44334639344698973,-0.010981987579867196,0.5549488770316876,0.4230461099672591,-0.015056809628318884,0.5576452464101292,0.4069362553905995,-0.017883022304130504,0.5444332082438357,0.4858656279117341,-0.009562756011835644,0.5443973084865901,0.4518551165684542,-0.015020066056569411,0.5459733398237736,0.43207424947383893,-0.01827889417011826,0.547815592843409,0.4156917353674707,-0.02032272534114485,0.5396144952900346,0.4983747982214776,-0.01367860914263603,0.5376994723948771,0.4743635989879957,-0.018882101960353576,0.5371952756578334,0.45854017992181845,-0.02106762448221478,0.5371882583728692,0.4440220016956937,-0.022306396903243972
0.5474991605225253,0.5654994318526341,9.57138349187882e-08,0.56064432858603,0.547553495584855,-0.0031363098771470988,0.5693686045243832,0.5193218842196637,-0.005541602323023761,0.577092533046411,0.4977915887397655,-0.008576641264462843,0.5845725276753861,0.4824335864438645,-0.011814804779178619,0.5567507881855907,0.4782665410310598,-0.002901702282891892,0.5604516056036721,0.44573389883989484,-0.00861255833219963,0.5635047132907661,0.42765934439522946,-0.013135478013413505,0.5664576154454884,0.41310813226437265,-0.01628234785624048,0.550389418274831,0.4788914762545295,-0.0058004570595427745,0.5521514997082786,0.4431732574506366,-0.01094107512669411,0.5546931158737964,0.4225237335029459,-0.015056048041077349,0.5571720538418705,0.4060854253533774,-0.01792761812626898,0.5447572402971571,0.48598701862364696,-0.009518192000357252,0.5443041771363671,0.45167988084608485,-0.014952186567076945,0.5456102146885459,0.4315236569410215,-0.018272504458990136,0.5472500258957241,0.41477706836339195,-0.02037417382709333,0.5397783962760851,0.49846936533035663,-0.013618196106286493,0.537446785437849,0.47416144539748706,-0.018815220007269956,0.5366958529501982,0.4580831534136868,-0.021036024963481514,0.5364849282267538,0.44328439462060815,-0.022311236320497745
0.5479729582921211,0.5659405298353984,9.64756545348136e-08,0.5611779268130416,0.5481208501931564,-0.003349098989242719,0.5699286608323705,0.5200024164966082,-0.005861490915358179,0.5777036287913648,0.4985018090095971,-0.008968539200656619,0.5853258836557731,0.4833137987173324,-0.012287530885168568,0.5572134776355109,0.47837598158741534,-0.0031020269697359,0.5605693292071557,0.44560303084561026,-0.008858393897617108,0.5634068012582056,0.4272327755149393,-0.013444121955216553,0.5662380032629055,0.4123378807130632,-0.01665226946192799,0.5507008725594208,0.47907105194157346,-0.005945348270647275,0.5520173133447148,0.443035424245451,-0.011119749923323362,0.5543387304539724,0.4219649050940303,-0.015317735855394827,0.5567133225051302,0.4051145234384868,-0.01826549543910615,0.5449350824303097,0.48629583256583353,-0.00962097818358297,0.5440573409553344,0.45180088677514657,-0.015095919580695097,0.545115606925359,0.43119737257142005,-0.018521418584368045,0.5466121315913147,0.4140144248083955,-0.020708439586962526,0.5398572965876781,0.49894293886615926,-0.013695747357466639,0.5371821341493526,0.47450046220019687,-0.01894630315279599,0.5362331607619317,0.4581945169771963,-0.02123302296405074,0.5358710556196863,0.44317679111072067,-0.022562431943653993
0.5484016470689415,0.5663396320828626,9.716494338399991e-08,0.5616607226089068,0.5486341885173609,-0.0035416290306204915,0.5704353957075187,0.520618157152456,-0.006150923787707151,0.5782565437779591,0.4991444111455399,-0.009323125603730407,0.586007514668975,0.48411020838210805,-0.012715250028550772,0.5576321156854604,0.4784750026070344,-0.0032832792897781716,0.560675844667588,0.44548462243595766,-0.00908082412967093,0.5633182111630893,0.42684681909374883,-0.013723380749527595,0.5660392997569632,0.4116409627101427,-0.016986971840955465,0.5509826741314505,0.47923353071746816,-0.006076444784912016,0.5518959024986672,0.442910713763621,-0.011281413580121444,0.5540180851029465,0.4214592812130337,-0.015554509086987441,0.5562982657272053,0.40423605844558036,-0.018571204374965233,0.5450959926992488,0.48657524517525547,-0.009713978374779868,0.5438340053735476,0.45191037205989526,-0.015225968166295753,0.5446680894176523,0.43090215284630523,-0.018746634275089033,0.5460349694629846,0.41332439046521924,-0.02101088081595675,0.5399286850159022,0.49937142475787405,-0.013765915165638621,0.5369426795878711,0.4748072021382072,-0.01906490622972746,0.5358145202343464,0.4582952779197056,-0.021411265322540812,0.5353156281484429,0.44307943223738827,-0.022789711916975444
0.5488108739573929,0.566539156325691,9.736317255153728e-08,0.5621331347207479,0.5489947267932399,-0.0036376422976421427,0.5710281508142192,0.5211808813799104,-0.006288118830142696,0.5789172380952424,0.49971015055318796,-0.00949086288354956,0.5867059177286951,0.4846277637076634,-0.012907058905263648,0.5581038291667318,0.4785794303334333,-0.0032475159842563074,0.5609395123172155,0.445367702961273,-0.008984528426171305,0.5634153212703643,0.4265440547142884,-0.013595392375788532,0.566014689490721,0.4111550697931738,-0.016849363760597667,0.5513448964367534,0.47923891848906464,-0.005980056904633858,0.5519639739864788,0.44272161837992563,-0.011134780264421464,0.5539129311869998,0.42104914817569267,-0.015397844191401052,0.5560659370248338,0.4036399941675446,-0.01841575496341934,0.5453399620352639,0.48645925715945226,-0.009571298143726936,0.5437518109182462,0.4516294859624786,-0.015033697840577674,0.544423828617289,0.4304047978098023,-0.01857056791300034,0.5456868457143542,0.412631589154117,-0.020857201084672712,0.5400590681908061,0.49914601142984605,-0.013589371139706789,0.5367255315544586,0.4744703249523253,-0.018858127703575762,0.5354158198658392,0.45780979318775816,-0.021228041523885143,0.5347929123786096,0.44241144898480184,-0.02263055112940058
0.5491726102367633,0.5668900542976594,9.830889887161265e-08,0.5625185500488401,0.5494147736408719,-0.0037846760599500873,0.5714548126598233,0.5218291974098012,-0.006541220223506196,0.5793776194186868,0.5004257577073495,-0.009815106642102039,0.5872343305131807,0.48539307020771333,-0.01331690777503964,0.5585332478291922,0.47890262223023317,-0.003516797978499098,0.5611342368279502,0.44538976747985926,-0.009308478405303433,0.5634637701620884,0.4262751772518742,-0.013958990246776647,0.5659656834500025,0.4106440987783081,-0.017240346899553564,0.5516795721865576,0.4796077446368413,-0.006212681026338866,0.5519730938005781,0.44272175040116607,-0.011404835355567262,0.5537295810210033,0.42070958172826645,-0.0157365111258486,0.5557741401690875,0.4030506122095492,-0.018806106530900018,0.5455710767001166,0.48695006850325007,-0.009760008511112282,0.5436564631697081,0.45191998263555283,-0.015262315139572323,0.5440646626979164,0.43030581969015946,-0.018909007289715056,0.5451631341482079,0.41220733500417284,-0.021281266295670814,0.5401773250218145,0.49981694162626883,-0.01373430650235841,0.5366124929767049,0.47514783235600583,-0.01905365700663281,0.5351625252902203,0.4583167735918282,-0.021485332202538072,0.5344529478317639,0.44279332047710196,-0.022931380563213852
0.5495155995062466,0.5671957168490857,9.832244421053774e-08,0.5628915956301759,0.549866601579507,-0.003909924087700036,0.5719457996251396,0.5223739690455493,-0.006697743452785801,0.579984647901454,0.5010876299843334,-0.009994976949364041,0.5878687726260386,0.4861448323657678,-0.01352335129428016,0.5589813296425752,0.4791245492988006,-0.0035036134455958463,0.5613803944448585,0.44541676661533913,-0.009287061370727488,0.5635617009476775,0.4260950944833455,-0.013963839078463814,0.5659572198219175,0.4102590598849116,-0.0172768325620446,0.552026435437464,0.479761855888482,-0.006161771503835513,0.5520155853507994,0.44266427258596686,-0.01135756471417649,0.5535888015024722,0.42041609180976736,-0.015742375853122367,0.5555044032651384,0.402563606038514,-0.018851388188881595,0.5458111978547406,0.48703880368442115,-0.009690611728427887,0.5436362136066165,0.45181882497611897,-0.015198592708595943,0.5438916193069354,0.42998563123829103,-0.01889550429832107,0.5448855838172879,0.4116958608169084,-0.021302539057880838,0.5403070157948481,0.49987845286947946,-0.013661744586844885,0.5364801802821612,0.4750343343975499,-0.018996032406502834,0.5348819035675736,0.4580588277111566,-0.021455032091000133,0.5340698380909649,0.4423661741803914,-0.022921907451447125
0.5498259492527926,0.5674722919603323,9.833470054878591e-08,0.5632291414717472,0.5502754326967284,-0.00402325327063962,0.5723900633202483,0.5228668991577206,-0.006839371628526318,0.5805339103785478,0.5016865172140047,-0.010157730449944438,0.588442839999109,0.4868250553813932,-0.013710149248539446,0.5593867711230763,0.47932535735785553,-0.0034916835783699238,0.5616031272263622,0.44544119646081437,-0.009267682422626792,0.5636503124501085,0.42593214873972385,-0.013968226485939926,0.5659495616090673,0.40991066203807525,-0.01730984617825398,0.5523402905098607,0.4799013016150456,-0.006115706630058276,0.5520540333228348,0.4426122644709434,-0.011314792438540009,0.5534614188354845,0.4201505309601314,-0.015747682481594208,0.5552603350472002,0.4021229443175954,-0.018892360756620923,0.5460284686153979,0.4871190946539539,-0.009627818877941174,0.5436178910311534,0.4517272936754057,-0.015140934227522733,0.5437350430600653,0.42969591253941153,-0.018883286277730952,0.5446344457132167,0.4112330595035569,-0.021321787462853275,0.5404243649428286,0.49993411058369575,-0.013596087803696998,0.5363604587197977,0.47493163712456127,-0.018943891474886822,0.5346279863513588,0.4578254284598925,-0.021427615396739458,0.5337231858148298,0.4419796759522635,-0.022913335819336782
0.5500422210904088,0.5677797868266112,9.796914601495737e-08,0.5635011578863226,0.5507362130290502,-0.004038945583451652,0.5727087316993693,0.5233220821370344,-0.0068355391825170924,0.580930178135589,0.5021371346057462,-0.0101391032618618,0.5889341395143916,0.4874019728478444,-0.013677560606998759,0.5597200921316108,0.4794571633641508,-0.0034098597840348677,0.5617951962004794,0.4454698396848431,-0.009123379343764884,0.5637178016817949,0.4258180275838991,-0.01380292325598152,0.5659268569782175,0.4096179390171726,-0.017153047811923453,0.5525960078656491,0.47997464695277614,-0.0060283125862132326,0.55211354584524,0.4425265271951798,-0.011185555015770876,0.5534125750450477,0.41984877214989885,-0.01562098005653401,0.555147382473101,0.40161653239293554,-0.0187814400615923,0.5462088361556374,0.48713645598758926,-0.00954163624079533,0.5436001495063512,0.4516163920859054,-0.015025033084078175,0.5436199431684844,0.4294344453765346,-0.01878349111285309,0.5444589644004246,0.4108435413992801,-0.021240749132351248,0.5405439809550509,0.49989504381965566,-0.013517979654186099,0.5362984056715181,0.47474543062103186,-0.01885763017976854,0.5344376288354978,0.45753600060626265,-0.02136470597413964,0.533430556611719,0.4415921843155695,-0.022874893580659934
0.5501509204881635,0.5681889572699712,9.722467246215419e-08,0.5637026268064724,0.5512869020215476,-0.004072629764751978,0.573007625683157,0.5237598169589978,-0.006833330826603371,0.5813200980547732,0.5025405267264752,-0.010105080984550256,0.5894047641956902,0.48791125553319975,-0.013612106205584971,0.5600203652057363,0.47960173758979513,-0.0032837104437077867,0.561986703978865,0.4455485568086907,-0.008928929402030154,0.563795687535091,0.4257799568314104,-0.013595246998000363,0.5659224334404925,0.409435072854111,-0.016959885224490948,0.5528118514025794,0.48006723878571095,-0.005887788840531295,0.5521629842485851,0.4425074401069329,-0.010992909101857823,0.5533643981554816,0.41965780366480326,-0.015438813148594478,0.5550431189762999,0.40126493318526685,-0.018621802703075424,0.5463396244845805,0.487206308558601,-0.00940075313347542,0.5435706517261476,0.4516100029875146,-0.014850767888940743,0.5435080266467185,0.4292777885785234,-0.01863763352019456,0.5442956948559617,0.41055311076531736,-0.02112491003661361,0.5405972473381274,0.49996434022232794,-0.013386413324760317,0.5362107866126934,0.47469682660864326,-0.018712363699985236,0.5342438025042401,0.4573652368049612,-0.02124551095935078,0.5331486749498907,0.44129976269249543,-0.022785440555499102
0.5503383799841141,0.5685522453649087,9.684762388548953e-08,0.563973394178129,0.551672238501563,-0.004078220906093624,0.5733011082173235,0.5241387395453084,-0.0068338631120725786,0.5816389087821986,0.5029501798950503,-0.010110104819383531,0.5898291709345416,0.4884547319774432,-0.013624651481873603,0.5602589374477098,0.479637916936988,-0.003210225161844969,0.5620806695584476,0.44558048953148527,-0.008826240979300171,0.5637879077822457,0.4257323703576251,-0.013502046379314531,0.5658734826994557,0.4092288534402372,-0.016897205726802058,0.5529777014988313,0.4801033426385425,-0.005830407126548802,0.5521170288242135,0.44244358227980024,-0.010915237001359546,0.553240015327477,0.4194410774855611,-0.015380874752234514,0.5549034873580568,0.4008482436719275,-0.018598727757209086,0.5464408731188736,0.48725728425791937,-0.009368470991648576,0.5434771195972894,0.4516188056677133,-0.014816935218287811,0.5433384319214749,0.42911342113206125,-0.018643964833196813,0.5440903498786446,0.4101950388268713,-0.0211728703123806,0.5406722546263986,0.5000324017895391,-0.013385022973818364,0.5361612615690204,0.474657652574674,-0.018713334063325118,0.534110797283986,0.45722284903413424,-0.021278658744257616,0.5329377275415869,0.4410544849763871,-0.022858289241438796
0.5505080042913721,0.5688809696641308,9.650644829822414e-08,0.5642184003199222,0.5520209134681335,-0.004083280097531486,0.5735666683656527,0.5244816108460205,-0.006834344755072418,0.5819273873599935,0.5033208580225216,-0.010114650678738655,0.5902131989546122,0.4889465012255064,-0.01363600318101816,0.56047481155465,0.4796706541246856,-0.0031437313842614845,0.5621656951062973,0.4456093841252503,-0.008733322493199061,0.5637808682072147,0.4256893113351427,-0.01341771301278941,0.5658291892082349,0.4090422540628936,-0.016840489654240072,0.553127772358367,0.48013601151453,-0.005778484798292188,0.5520754456705608,0.4423857999858948,-0.010844954745592793,0.5531274664756406,0.4192449709728862,-0.015328448705229685,0.5547771405096579,0.40047119864850256,-0.01857784819766611,0.5465324888002543,0.48730341004973393,-0.009339260223122713,0.5433924862609866,0.4516267708471946,-0.014786321440665634,0.5431849727027876,0.4289646918607029,-0.01864969377520957,0.5439045417426004,0.40987103441087996,-0.021216267572741473,0.5407401256043278,0.5000939878731384,-0.013383764903032573,0.5361164484152117,0.4746222056193686,-0.018714212104784057,0.533990446387741,0.457094008257805,-0.02130865279723131,0.5327468499985741,0.4408325433645751,-0.022924206989827733
0.5506323122933812,0.569226632738317,9.615686208779937e-08,0.5643425083045545,0.5523830528357218,-0.004142589925901214,0.5737621921514406,0.5247952129178733,-0.006913682977012711,0.5821980200380819,0.5036727194233718,-0.010214779662676431,0.5905468106264913,0.4893743888173449,-0.013762310588862302,0.5606975287772503,0.4799155858040647,-0.003132117106341499,0.5622852141332124,0.4457625718558399,-0.008729772758592514,0.5638276104868133,0.425737986434458,-0.01343835471425557,0.5658283640541505,0.4089695587298817,-0.01688651658358411,0.5532798729923422,0.4803005356210249,-0.005755252249805484,0.5521239196211165,0.44241722032835484,-0.010827011394574664,0.5531165856037438,0.4191655951740636,-0.015332300808865284,0.5547248113319233,0.4002804140317214,-0.018601090366147884,0.5466212682252078,0.4873993936468232,-0.009315842376560909,0.5433815252464165,0.45156050750502214,-0.014758533655185396,0.5431228982885883,0.4288018185206308,-0.018628531763405023,0.5438016743331897,0.40959351053585297,-0.02120568269197691,0.5407739599176635,0.5001626086249252,-0.013370815639811857,0.5360353402705712,0.47455144373006247,-0.018694726854555702,0.5338489592561034,0.45694255106294424,-0.021289338937231204,0.5325486677075686,0.4405674318412423,-0.02291133775625375
0.5506545320041294,0.5695903565161631,9.57033939468445e-08,0.5644156061606747,0.5527437509317321,-0.004189872288941267,0.5739046914730164,0.5250458384603959,-0.00697567766489607,0.5824044058940869,0.5038997666789868,-0.010294757202052933,0.5908356596030636,0.4896269581611501,-0.0138612272531211,0.5609068142363294,0.480097323747155,-0.0030998662815810295,0.5623882595105608,0.4458733939751844,-0.008701780413713453,0.5638574146875799,0.4257309574667299,-0.013433261514049333,0.5658148937266487,0.40884127797604647,-0.01690833125855394,0.5534274997323195,0.4804301405938345,-0.005718199732776253,0.5521370444083354,0.44247121505019066,-0.01079452702614606,0.5530807425461804,0.4191274370191226,-0.015315595435683952,0.5546743930297224,0.40014447104802964,-0.018597962010957085,0.5467137071598968,0.487484723322757,-0.009285869801569058,0.5433598359190464,0.45153319372339057,-0.014725938553216595,0.5430538526228835,0.42868019101134536,-0.018593981471224496,0.5437159530984438,0.4093809713006068,-0.021174453942214802,0.5408383180552272,0.500242675243605,-0.013359129592754307,0.5360016220356245,0.4745283887332947,-0.018679764370861312,0.5337516701968625,0.4568396084848796,-0.021274950416052072,0.5323975257047752,0.4403749013900094,-0.022902084387465826
0.5506922490415842,0.5698643818922378,9.572587967155275e-08,0.5645237423178117,0.5530597638323236,-0.004177628867214971,0.5740627839876516,0.5252989413547795,-0.0069528986024964354,0.5826174778027162,0.50422340621815,-0.010272260178947272,0.5911122419516442,0.4900995924124878,-0.013841519535519663,0.5610717119116218,0.4801476794599395,-0.003058451537014137,0.5624550112858381,0.4458414277063461,-0.008645692485850696,0.5638723062856021,0.4256377802098733,-0.013375606247089772,0.5658176397999164,0.4086609083840854,-0.016862096384193174,0.5535414070655299,0.4804422646273554,-0.00569554608910802,0.5521398938604012,0.4423716594546442,-0.010759428424699588,0.553075264805681,0.4189489775988154,-0.0152840578706385,0.5547071766879669,0.39988372399676736,-0.018578905886854607,0.5467792588716958,0.48748268494012814,-0.00928653746970817,0.5433071365788266,0.45144639135593695,-0.014717303409346037,0.5429802565816426,0.4285470601483329,-0.0185982170363768,0.5436564629944005,0.40921713528498116,-0.021196440202367314,0.5408828036689326,0.5002578062563217,-0.013387160093618594,0.5359568343650927,0.47445661283039864,-0.01870648127231293,0.5336523192188558,0.45670306068260563,-0.021320480386893933,0.5322577856768762,0.4401869004126813,-0.022970573120751306
0.550726377966747,0.5701123385766391,9.574622627530489e-08,0.5646215912227988,0.5533457136672665,-0.004166550191581105,0.5742058367819555,0.5255279659633859,-0.006932286566971501,0.5828102796693155,0.5045162571512336,-0.010251903351641395,0.5913625123576204,0.4905272638331969,-0.013823686660391198,0.5612209224753173,0.48019324471291563,-0.0030209766764912314,0.5625154128045322,0.4458125024653799,-0.008594940337173776,0.5638857812101654,0.42555346712908226,-0.013323435864045864,0.5658201246326436,0.40849769778428574,-0.01682025994439176,0.55364447812076,0.48045323527247036,-0.005675047540929569,0.5521424722372533,0.44228157482183056,-0.010727668837443626,0.5530703081757816,0.4187874954514558,-0.015255520549844418,0.5547368415581234,0.3996477824382717,-0.018561662617571754,0.5468385744918305,0.4874808404737308,-0.009287141620974836,0.5432594506533177,0.4513678467060206,-0.014709489747435805,0.5429136619084318,0.4284265943438263,-0.01860204966205102,0.5436026323267281,0.4090688853827203,-0.02121633485682558,0.540923057259443,0.5002714978194849,-0.013412523985663847,0.5359163074531468,0.4743916651414037,-0.018730656530810214,0.5335624197378243,0.45657950300046996,-0.02136167898233993,0.5321313394532005,0.4400167844195195,-0.023032546356469764
0.5507520097544683,0.5703336280742395,9.467516497348408e-08,0.5647028627231847,0.5535484582362435,-0.004064474371190121,0.574277775705909,0.5257055661478705,-0.006790714095655746,0.582855946113324,0.5047388656422251,-0.010096887461080539,0.591485734974827,0.4908832043567469,-0.013664983577503119,0.5613930826318577,0.4802836370038746,-0.002885019607626177,0.5626204064961051,0.4458534900260781,-0.008410642145366465,0.5639545891701092,0.4255457704622501,-0.013111647187354053,0.5658648356874122,0.4084488699753197,-0.016597764163719178,0.5537963433367531,0.480499719573657,-0.005584332206467914,0.5522472791843734,0.44225064774659995,-0.010585344056598318,0.5531414154739188,0.41871469116441246,-0.015088095866021013,0.5547796794394357,0.3995114804195574,-0.018385969305137414,0.5469472860149377,0.4874487292599995,-0.009237483665534518,0.5433153333055657,0.4512366352686174,-0.014606767445601963,0.54294514867589,0.42825156146329435,-0.01847555781337128,0.543615770952893,0.4088477949161263,-0.021087418078623594,0.540973146176352,0.500177770062978,-0.013398259605135165,0.5358819265874293,0.47421693038235585,-0.01866697880599826,0.5334975891893283,0.4563807585922974,-0.021273532133765476,0.5320399763983013,0.43978819772437866,-0.022938813836079843
0.5508182326474688,0.5703742734730896,9.489245377756121e-08,0.564747457638308,0.5535419601574011,-0.004060561677310009,0.5743381536637918,0.5258671103948687,-0.006832218306225128,0.5828948075414362,0.5049656195192022,-0.010180160166889572,0.5915785471881617,0.4912098060879415,-0.013795310533794026,0.5615787176328206,0.4803374574504111,-0.0029633554372841342,0.5627512974291242,0.44575853601797516,-0.008495624448560212,0.5640360329655177,0.42535872183876444,-0.013188815400343392,0.5659102602822949,0.4082156557888615,-0.016660933238810204,0.5539350543793126,0.48054361606383794,-0.005652494716766774,0.5523495945530668,0.442138316183918,-0.010644043854915873,0.5531906932104373,0.4185649197645356,-0.015129892847932452,0.5547886804464961,0.39935861272778556,-0.018414596645440987,0.5470127075814173,0.4874372695576332,-0.009284571268952206,0.5433520140709954,0.4511189860974059,-0.014623126647587982,0.5429591816677964,0.4280896697336139,-0.018473411979920175,0.543620447491632,0.4086834236066988,-0.021075616486470092,0.5409421749270731,0.5000838866586681,-0.013419855333261434,0.5357995087492111,0.4740070710844003,-0.018641523987100353,0.5334125492336373,0.4561593144354853,-0.021214994476305062,0.5319539310685908,0.43958096807336433,-0.022857009905220983
0.5509618898012998,0.5705585393334609,9.515147568375177e-08,0.5648563941276562,0.5537199513913098,-0.004107356890811881,0.574439196553945,0.5261368979089229,-0.006925029535120177,0.5829910205869905,0.5052567534553501,-0.010309144442975674,0.5916069873305405,0.4914076762754678,-0.01396258926855172,0.5616197826255246,0.4805314394142739,-0.0030869095364942623,0.5627177025077633,0.4457657241525625,-0.008658082441283292,0.5639836008152554,0.425285487753962,-0.013365403784577255,0.5658694554268163,0.4081046990131216,-0.01683208819348555,0.5539654223641836,0.48078543113427086,-0.005756988904972146,0.5523193937604673,0.44222405147602667,-0.010773957799265987,0.553113878004466,0.41854271580754826,-0.015282649143408747,0.5547002771050342,0.39929777570924285,-0.01858336297456692,0.547035833367706,0.4877057061500844,-0.00936682215669675,0.5433125165342151,0.451244569085678,-0.014717555353884545,0.5428844886099532,0.428065034567898,-0.018593403137601005,0.5435373617603969,0.4086113296393244,-0.021211379365235743,0.5409484021754326,0.50037075047172,-0.01347950616024392,0.5357901527981407,0.47411453658826863,-0.018707066078289897,0.5333723630716245,0.45613999490215157,-0.021288599526563343,0.5318671693090118,0.4395480661368318,-0.022933627065273854
0.5509947152079352,0.5706330092446654,9.565135353506167e-08,0.5648730255958107,0.5537480446879763,-0.004099791907020207,0.5745177963164404,0.5261239909438972,-0.006923653390662863,0.5831594277862134,0.5052334687493397,-0.010321086277304142,0.5918045384274068,0.4913913058392612,-0.013990645579718788,0.561752451440118,0.48063973397054666,-0.003065273227471202,0.5628444176563618,0.4457854423046894,-0.008622107490259327,0.5641084151177331,0.42523545619632813,-0.013307784801081647,0.5659999998339245,0.40802935853252104,-0.01676087178658445,0.5540868468534487,0.48086778412786274,-0.005732291121901023,0.5524293296742984,0.4422690939237708,-0.010748833101800371,0.5532100232807282,0.4185196870421095,-0.015243321186241748,0.5547724307905064,0.39921479018093137,-0.01852958156933265,0.5471422110150841,0.4877358789084066,-0.009341414350913551,0.5433867052707082,0.45112491842861685,-0.014684973467925811,0.5429328003695012,0.42788454853545294,-0.0185485224385841,0.543558421519489,0.4083752356520004,-0.021158162552738606,0.5410428681024398,0.5003600957291119,-0.013454302399610867,0.5358017584764689,0.47405870184304433,-0.01869086426977719,0.5333419645348876,0.4560070929183771,-0.02128860575588139,0.531807179094911,0.4392968599788331,-0.02294336231572114
0.5510244180099857,0.5707003950064258,9.610367916903686e-08,0.5648880749510825,0.5537734655346728,-0.004092946562541323,0.5745889190663439,0.5261123117884342,-0.0069224081556270144,0.5833118148002707,0.5052123990632544,-0.010331892112708322,0.5919832969479101,0.4913764926845752,-0.0140160329592604,0.561872499778952,0.4807377267175623,-0.0030456951302018516,0.5629590786875995,0.44580328471486674,-0.008589554752652528,0.5642213561259203,0.4251901840244041,-0.013255646977470616,0.5661181258552163,0.40796118501660644,-0.016696430030830395,0.5541967205134699,0.4809423030727182,-0.005709942781489153,0.5525288076403454,0.4423098515882247,-0.010726098458367401,0.5532970224804828,0.41849884894956463,-0.015207734406167583,0.5548377206637011,0.399139698872913,-0.018480916264088737,0.5472384692042896,0.48776318140240804,-0.009318423530598773,0.5434538366052536,0.4510166498602678,-0.014655491020996482,0.5429765163437312,0.42772123171948384,-0.018507911136077148,0.5435774779126813,0.4081616007365621,-0.021110008131837922,0.5411283477055282,0.5003504545473864,-0.013431496214105687,0.5358122601336114,0.4740081785272678,-0.01867620370162469,0.5333144577402468,0.45588683359120385,-0.0212886113926189,0.5317528956103471,0.4390695504783672,-0.022952171474436484
0.5511362364531821,0.5707690362930702,9.590022042217779e-08,0.5649804933569529,0.5538997458985689,-0.004024838049814746,0.5745991169618683,0.5262912723066583,-0.006853080785491706,0.5832708874926582,0.5054281764065859,-0.010275771995163498,0.5919885039752875,0.4916481329317803,-0.01398033121542309,0.561987121371832,0.4807368355155726,-0.003059969594145848,0.563047824040548,0.4457588806705261,-0.00860777779463667,0.5642921930056638,0.42509709765720627,-0.013267557939247528,0.5661791224880717,0.4077957880096619,-0.016714611784390404,0.5543182209004868,0.4809589873891539,-0.005777494840904303,0.5526123248114797,0.44225073171266566,-0.010804595724158157,0.5533771971935568,0.4183879843763915,-0.01528318975962237,0.5549297986740863,0.3989588908808025,-0.018567193182958363,0.5473415938391354,0.4878075499960584,-0.009431999703080198,0.5434992277617234,0.45098351903164835,-0.014787153856473821,0.5430326922984964,0.4276807258003905,-0.018648154467733272,0.5436582587332759,0.40810487686217034,-0.02126595252285099,0.5412042216942525,0.5004245284562348,-0.013583206178490433,0.5358473511808601,0.4740505748610919,-0.018861587030566403,0.5333362651126861,0.45586975929202406,-0.02150887528322616,0.5317664229899748,0.4389784024953078,-0.023206264453045876
0.5512274389097439,0.5708931315241496,9.572827291440064e-08,0.5650767131915179,0.5540026000702464,-0.0040359432132888035,0.574674399335419,0.526422239784966,-0.00687494479860085,0.5833050619958664,0.5055484031641473,-0.010312489763898888,0.5919985680796959,0.4916758791276595,-0.014032085331432038,0.5620253574742283,0.48079647894544314,-0.0030526403953591748,0.5630325041300376,0.4457477561456669,-0.008627284089490815,0.564286755500157,0.4250139804345086,-0.013310458517110331,0.5662035744008695,0.40766002449475636,-0.016768460634232617,0.554357221306376,0.4810120532014291,-0.005772817303001468,0.5525723953188085,0.4422480778945798,-0.010815801052839495,0.5533049523920672,0.4183244042398795,-0.015311709188334991,0.5548521655750176,0.39885358919328945,-0.018607197316338774,0.5473883074863638,0.4878515166401196,-0.009434622788457917,0.5434757319524692,0.4509720039269257,-0.014802476589705476,0.542979815905088,0.42761339030502077,-0.0186654056082771,0.5435986393123805,0.40801042353318007,-0.021280672641245793,0.5412566847435023,0.5004833345692526,-0.01359578909780089,0.5358644360465554,0.4740329193567184,-0.01888256902564619,0.5333261232105135,0.45579047158368285,-0.021529912018102264,0.5317302594445764,0.4388748018373297,-0.023224526670633905
0.551217903204204,0.5710087445883276,9.557939391070892e-08,0.5651132893900239,0.5540778722306332,-0.004050831165400224,0.5747295419315959,0.5264454205258944,-0.0068923711234352295,0.5833444848019608,0.5055365714232897,-0.01033634605489427,0.5920609379962599,0.4916399492999523,-0.014067431231535268,0.5621066083670874,0.48092088605337663,-0.0030508932718674234,0.5631001465653728,0.4458199773227494,-0.008653649123938751,0.5643701214800091,0.42501539307794217,-0.01335963678360367,0.5663242434001723,0.4076119164884251,-0.016832906872351998,0.5544075086659801,0.4811224514489094,-0.005777904156891006,0.5525726820355936,0.4423235868165129,-0.0108543733067137,0.5533018413092572,0.41836039749057613,-0.015374620558927998,0.5548627760829106,0.3988559574128781,-0.018681832170761758,0.5474195154282598,0.48794960462245024,-0.009452142816272484,0.5434694057698805,0.4510031361796523,-0.01484881917201941,0.5429494101106085,0.42754749902015066,-0.018727252619811837,0.5435741578186986,0.4078359177139428,-0.021350496017791296,0.5412934183524274,0.5005743876742496,-0.013628540614680851,0.535882435811509,0.47405973703533033,-0.018934804341494506,0.5333238917162778,0.4557659622878518,-0.021591620972775626,0.5317250917915245,0.4387938363271058,-0.02329313266599341
0.5512092745937055,0.5711133598257802,9.54446771947941e-08,0.5651463862352553,0.5541459840395229,-0.004064302883811914,0.5747794390244012,0.5264663961719754,-0.006908139748922634,0.5833801574679344,0.5055258651904941,-0.010357932988559282,0.5921173749022242,0.49160743733874845,-0.014099414811925292,0.5621801301745935,0.48103345879098014,-0.0030493123455227404,0.5631613544356492,0.4458853283766576,-0.008677506153927761,0.5644455571744066,0.42501667134203186,-0.013404136910499234,0.566433433621061,0.40756838481195323,-0.016891222587377103,0.5544530123822189,0.4812223479351467,-0.0057825071179086395,0.5525729414781122,0.4423919128647323,-0.010889276330232891,0.5532990261718052,0.41839296684158406,-0.015431547412479084,0.5548723772539427,0.3988581003528336,-0.018749367298155982,0.547447754678513,0.4880383618717777,-0.009467996231135482,0.5434636813727425,0.45103130694075605,-0.014890753362479692,0.5429218967025691,0.42748787572012176,-0.01878321636269367,0.5435520051554771,0.4076780119630126,-0.021413677364717637,0.5413266576342293,0.5006567792471031,-0.01365817660555861,0.5358987233279596,0.47408400365118264,-0.018982070712382035,0.5333218724955175,0.455743784467193,-0.021647459791615024,0.5317204157174584,0.4387205727548809,-0.023355212436530017
0.5512347888214876,0.571232483412576,9.504978748537953e-08,0.565190367727842,0.5543430876970327,-0.004063066712291617,0.574807307738153,0.526715727734067,-0.006898794675230881,0.5833721067015769,0.5057985556933883,-0.010344897002679048,0.5920866151209865,0.49190332325680824,-0.01408694320155741,0.5622616720607497,0.4811636724683443,-0.0030345936522410194,0.563252891166447,0.44598709770361894,-0.008672251632460744,0.5645272830030188,0.4250423758651931,-0.01341848297447938,0.5664952749072473,0.4075261024751816,-0.0169243539571123,0.554537755067488,0.48128129354481447,-0.005771311514191169,0.5526285031771555,0.4424389947449225,-0.010879614773551845,0.553328870996101,0.41840620506366233,-0.01543670101394496,0.5548875174568734,0.39883641861800634,-0.018771276180766606,0.5475200957024922,0.4880217773226518,-0.009461133914337888,0.5435238528430988,0.4509603301625432,-0.014887939434870956,0.5429662697666404,0.4274481470997741,-0.018785158039682424,0.5435863908762483,0.40766028463457255,-0.02142228383874776,0.5413715277812892,0.5006001656545976,-0.013656683873549407,0.5359140681590522,0.4740220557884499,-0.018995342257135707,0.5333270646978217,0.4556954461844682,-0.021669970293701542,0.5317269402697256,0.43866816971651956,-0.02338428342307684
0.5512839461987813,0.571411608316295,9.512573327945074e-08,0.5652400594269694,0.5545390354270777,-0.004112349442149455,0.5748569400177728,0.5269487123166455,-0.006977248854847586,0.5834020900365535,0.5060714332159373,-0.010446327601094214,0.5920475890004143,0.4921371369457285,-0.014217577205318709,0.5622692781170635,0.4814016645407886,-0.0031526209357411674,0.5632631683303988,0.4461319162359021,-0.00884682089227247,0.5645604736749877,0.42511831995606986,-0.013628496820880525,0.566558207474137,0.4075309193582425,-0.017156080134941184,0.5545648022186589,0.48151573708521633,-0.0058837910263238626,0.5526178621002716,0.44258360796851204,-0.011041865717107111,0.5533071326611899,0.41848819877531046,-0.01563136172958932,0.5548740529359321,0.39885301020389874,-0.01899070419601761,0.5475641116626837,0.4882636254586708,-0.009568899865548982,0.5435497354906318,0.4510506921479641,-0.015049187795071165,0.5429827896579341,0.42748767826524725,-0.018977018678242048,0.5435983980596081,0.4076588634739898,-0.02163099097304075,0.5414251477169915,0.5008678581227884,-0.01376101107648904,0.535961252636263,0.47418673855413035,-0.0191608244219367,0.5333536544797728,0.4557888780573569,-0.021870234828156386,0.5317279453736902,0.4387097888633024,-0.02360474647801724
0.5512260744279248,0.5714096523278551,9.541300170134198e-08,0.5652155905858947,0.5545565373983139,-0.004159028918122641,0.5748819950094346,0.5270163974916502,-0.007056261346397298,0.5834646127005202,0.5061821904672228,-0.010551825836732002,0.592084180926591,0.49224152235467294,-0.014357688455256565,0.5622859242093818,0.48145721419603277,-0.003231221204167197,0.5633122025276067,0.44615316405227223,-0.008954449260462141,0.5646319767081922,0.4250806781777257,-0.013754266968166286,0.5666484301820693,0.40745652313041747,-0.017295419437341822,0.55461085046035,0.4815762687692241,-0.005949850447051305,0.5526759998992687,0.4426711892654909,-0.011133412617630081,0.5533348795667278,0.41856772816114635,-0.015739278797212448,0.554866064961158,0.398902748803788,-0.01911142987569739,0.547629024212937,0.48832741857773065,-0.009624526273986331,0.5436493027840498,0.4510280642083548,-0.015133919980012334,0.5430627548205008,0.42745342291290683,-0.019064541490470766,0.5436488672994029,0.4076026560220952,-0.021717888054055248,0.5414881592868245,0.5009546118739374,-0.013807752120267894,0.5359984601991475,0.4742387126103978,-0.01925105497304933,0.5333857491401152,0.45579443763426775,-0.021977657287375534,0.5317646432712415,0.4386541932941524,-0.02371835500095405
0.5511737077369332,0.5714078824037505,9.567294357728947e-08,0.565193449355023,0.5545723744861705,-0.004201267986631569,0.5749046666330385,0.5270776440820297,-0.007127757736921186,0.5835211878661919,0.5062824118820389,-0.010647288502277674,0.5921172920282995,0.4923359780516964,-0.014484471555572347,0.5623009868342118,0.4815074796637697,-0.00330234458448908,0.5633565723233674,0.4461723906599539,-0.009051839428682517,0.5646966779811854,0.4250466170915389,-0.013868073170074652,0.566730070411784,0.407389203879325,-0.017421504021998845,0.5546525183410396,0.4816310423478571,-0.006009625933806326,0.5527286073123471,0.44275043934973174,-0.011216251075482327,0.5533599870346136,0.4186396922761404,-0.01583693020219468,0.5548588368463024,0.39894775599558824,-0.019220671467391995,0.5476877619258199,0.4883851433458475,-0.009674861193732226,0.5437393986910892,0.45100758876231667,-0.015210591975359861,0.5431351132587559,0.4274224261173315,-0.01914373865335122,0.5436945356286383,0.4075517953309287,-0.02179651900870233,0.5415451768509583,0.501033113133041,-0.013850046899915548,0.5360321283748278,0.4742857426097198,-0.019332702299858093,0.5334147907805515,0.4557994683537675,-0.02207486113381463,0.531797850263747,0.43860388628009184,-0.02382115645884279
0.5512228750949415,0.571345868109484,9.603105939589387e-08,0.5652406932952089,0.5545835696129467,-0.004159874104979999,0.574882079065511,0.5271158791146158,-0.00708651273942188,0.5834380784869405,0.5064070850496382,-0.010610854731358274,0.5920117089059415,0.49244222594638576,-0.014459650799559425,0.5623238698903693,0.48144866305017775,-0.003373747880125657,0.563415760934124,0.4460939245738461,-0.009163935600295376,0.5647967791841326,0.42495432874363126,-0.013998306309012245,0.5668713766491418,0.40727499988602417,-0.017560201931572785,0.5546974800148965,0.4815812378183584,-0.006122437652145648,0.552766991175586,0.4426280532125989,-0.011352611448194399,0.5534362583066427,0.418519198248712,-0.01597545528481296,0.5549832708909801,0.398847026477371,-0.01936248557496684,0.5477421822481632,0.4883714503155418,-0.00982240692185732,0.5437781051413674,0.4509418223177722,-0.01538784382077652,0.5431943119991328,0.4273603358520001,-0.01932988141841179,0.543789117067767,0.40749308072147483,-0.021988726150528607,0.5416123174508201,0.5010713749351867,-0.014025020346698456,0.5361096483140319,0.47429902802791596,-0.01953836490481792,0.5335050999520735,0.4558035357481254,-0.022290583494941448,0.5319126917133906,0.4386131812878799,-0.024044347283406205
0.5512696390209666,0.5715818261858014,9.652802451513357e-08,0.5652813339411425,0.5547630425199942,-0.00417841914872553,0.5748823636090713,0.5272390464404911,-0.007109262824023737,0.5834438353263559,0.5065026621680795,-0.010631000527502758,0.5920103066570247,0.49247094627085225,-0.014474307225018064,0.5623033730703629,0.48169267139532146,-0.0034271610087278706,0.5634007588542458,0.44620077866294755,-0.00925401861472739,0.5648589804118611,0.42496578440433075,-0.014104245445399987,0.5670237123509343,0.40725059867855434,-0.017661107149909414,0.5546936616993451,0.48183697300357337,-0.006171384572624396,0.5527366617304432,0.442807352513394,-0.011417828718108057,0.5534263209793975,0.418579596854518,-0.016046936301472522,0.5550169545276967,0.39886492228303644,-0.019430640128533305,0.5477649417470695,0.4886397536043604,-0.009867731156461026,0.5437674869835574,0.4511555696254285,-0.015446585560899463,0.5431611470754609,0.4273712296208051,-0.019397559563268548,0.5437647961969813,0.40736777360767534,-0.022056095393154014,0.541665655060158,0.5013813668073691,-0.01406870068378279,0.5361986748927342,0.47455746041912844,-0.01959355462659196,0.5335884060073179,0.4559458961643907,-0.02234251106020199,0.5319870970387313,0.4387185161059532,-0.024088099966540218
0.5511716700338922,0.5717356687462237,9.718467680510235e-08,0.5652149335997982,0.5549344524854081,-0.004219693008421953,0.5748880868618779,0.5273253911618434,-0.0071778324830338676,0.5835137606998512,0.5065580197807512,-0.010713414552512976,0.5920848385922278,0.4924956021431553,-0.014571131269484788,0.5623599180733081,0.4820184237740883,-0.0035660440447613175,0.563483560685934,0.44640049585193736,-0.009441889371428033,0.5650050701633951,0.4251014379606489,-0.014304762418912542,0.5672381630041133,0.4073574009713761,-0.0178606009581314,0.5548074259626288,0.48213709475024974,-0.0062999702317912305,0.5528873030389873,0.4430254557098784,-0.011588482012366175,0.5536187802286124,0.4187289429064161,-0.01621906993205197,0.5552459029232308,0.398984880451558,-0.01959629906779809,0.5479135680894607,0.4889259034907724,-0.009984516358360389,0.5439118164659407,0.45131440349659274,-0.01558845699871968,0.5433101411536249,0.42745997233385363,-0.01952316974613665,0.5439289144206629,0.4074074451137035,-0.022167809102243797,0.5418335820017234,0.5016572610095541,-0.014177136022336655,0.5363628410349668,0.4748092800951742,-0.019732267391253232,0.5337464886093618,0.45615917606961487,-0.02248587265001428,0.5321389853196157,0.43888155212336855,-0.024230683734233382
0.5512364986609416,0.5718612976161123,9.790085204314499e-08,0.5653102329833246,0.5551114485001037,-0.004314217201516786,0.5749863823200362,0.5275347292896767,-0.007318207665868593,0.5836042895793906,0.5068273605316652,-0.010878247934589216,0.5920803013896392,0.4927100340653755,-0.014756674835897671,0.562340635819233,0.4823381165805216,-0.0037767337516720523,0.5634775199262221,0.4466433285721481,-0.009740248149958818,0.5650478432408076,0.425310426501278,-0.014650831371168438,0.5673496547095619,0.4074931149011752,-0.018231774014937006,0.5548325264381903,0.48242539921447897,-0.006488041022997968,0.552941463506877,0.4431932915113712,-0.01186486382148541,0.5537298655537118,0.4187527370570054,-0.01653978330236178,0.5554283234861829,0.39886773187119695,-0.019946980989590794,0.5479845365291994,0.48922461044500515,-0.01015074342430274,0.5440100244904406,0.4515019480261673,-0.01582407641183282,0.5434799340362617,0.4275530845012788,-0.01979034266958598,0.5441740698433705,0.4074372930864987,-0.022451138214893973,0.5419562328640001,0.5019865897158534,-0.014327982436482072,0.5365475590836104,0.47504759782652894,-0.019945272394592053,0.5339732438572055,0.4562846676269623,-0.02273424846336239,0.532398957230372,0.438941831018714,-0.024502246690361953
0.5512951604566353,0.5719749760238474,9.85489010209975e-08,0.5653964670009276,0.5552716077464929,-0.004399749768776243,0.5750753274102925,0.5277241541015966,-0.007445229641663972,0.5836862068878025,0.5070710802095486,-0.011027401520326732,0.5920761957890213,0.4929040681238464,-0.014924568547064795,0.562323187792018,0.48262739856826825,-0.003967381573538544,0.5634720537945426,0.44686306179910495,-0.010010225511908164,0.565086547523816,0.42549953498052073,-0.014963980470526949,0.5674505407524143,0.40761591902622,-0.01856763918772163,0.5548552392278361,0.4826862786800476,-0.006658221556380472,0.5529904719534018,0.44334516191099815,-0.012114954776020873,0.5538303838731972,0.4187742677860074,-0.01682998877271697,0.5555933912699887,0.39876172706437435,-0.0202643042491749,0.5480487540871231,0.4894949028623987,-0.010301158119552158,0.5440988904641764,0.45167165235862194,-0.01603728249844299,0.5436335753494411,0.4276373393619893,-0.020032100734866776,0.5443959048254551,0.40746430176710274,-0.022707515609832432,0.5420672165474746,0.5022845909872714,-0.014464479566384005,0.5367147058044905,0.4752632455535164,-0.020138015270020782,0.5341784289833896,0.4563982217840292,-0.02295899749602015,0.532634199280204,0.4389963758765081,-0.024747977185907582
0.5513367661860259,0.5721085262085549,9.9432095571888e-08,0.5654699847672982,0.5553500807172539,-0.004411517994234025,0.5751827095499167,0.5277529961424936,-0.0074815844056257035,0.5838732079787361,0.5071001608493517,-0.011084868141047989,0.5922153846462715,0.4928266938642771,-0.015008194691693868,0.5624154732867845,0.48287768955824156,-0.00407355434008405,0.5636163164592568,0.4470588509870912,-0.010177303018692426,0.5652896256035441,0.4256081609691181,-0.015164441946552313,0.5677104638753133,0.40767935762141366,-0.018784076900777578,0.5549951086304026,0.4829227445253019,-0.006770547134378941,0.5531807160813234,0.44354089477593467,-0.012285750593327262,0.5540390076095676,0.4188961344445149,-0.017030221578705297,0.555811731180192,0.3988457002501046,-0.02048417505967097,0.548218298965811,0.4897380321975021,-0.010414038607040363,0.5443055715086416,0.45180773044487127,-0.016181719853580974,0.543847336341488,0.4277511963579691,-0.020165377848502076,0.5446121902437886,0.40758080325149254,-0.0228349026955606,0.5422330280717448,0.5025438236029057,-0.014576885611262374,0.5369127519521764,0.47551645362139583,-0.02029004351968546,0.5344216282317912,0.4565907766474463,-0.023120947114362037,0.5329201317838094,0.43912227283238403,-0.024913896408181046
0.5514951431280881,0.5724453612000531,9.963671495738763e-08,0.5656105012116177,0.5555353655677576,-0.004426851955825494,0.5753022446717925,0.5277840217166425,-0.007540266072540847,0.584038270220613,0.5070662666334674,-0.011176740770466384,0.5923144635482286,0.49259373004236834,-0.01514074994811838,0.5625170954158067,0.4834049082194727,-0.004293610848430117,0.5637065432141021,0.44741860600806416,-0.010486673290714118,0.5654001535743104,0.42584563552010385,-0.015506066302822256,0.5678360401494349,0.40782510700193897,-0.01913612291836905,0.555157308204173,0.48348072008737947,-0.007011748524974953,0.5533796307743193,0.4439514464018985,-0.012625578064503434,0.5542397891570442,0.419150783764814,-0.017410539421284763,0.5560091824258367,0.3989628885696005,-0.020888470483654956,0.5484172280820369,0.49033093681206663,-0.010663497555845683,0.5445400830021631,0.4522196344095136,-0.016496828276786685,0.5441064092887913,0.4280116443514281,-0.020495331973949055,0.5448849609690275,0.40774228922900935,-0.02317536503314754,0.5424442221946344,0.5031660300457771,-0.014829313195983079,0.5371964436746641,0.4760172735335245,-0.020602692544377885,0.5347560945006011,0.45692249873783247,-0.023458924989939824,0.5332782694462912,0.43933075625232854,-0.025270275676257677
0.5515421173707693,0.5728524225428633,1.0116788570179565e-07,0.5656779697706708,0.5560246099659364,-0.004419580093156673,0.5753684915202709,0.5281323653431281,-0.0075318093401217845,0.5841367493254214,0.5073000175585903,-0.011157114978682428,0.5923579249789559,0.4926951450304937,-0.015101898408587363,0.5626277103416646,0.4840626320319848,-0.0043926646947168736,0.5638889921058184,0.447932030943457,-0.010612362445874926,0.5656888047816265,0.4262650728888152,-0.015612242072909607,0.5682154810515843,0.40822457104848253,-0.019212044902850223,0.5553472604140431,0.48404392167557847,-0.007118675401622401,0.5537238633806693,0.4443523143163952,-0.012767774259268245,0.5547306560806924,0.41938949610284426,-0.01752825426282832,0.556602722577348,0.3991269124680501,-0.020968677586913776,0.5486526458863729,0.49081559021813087,-0.010771641096346672,0.5448452103958564,0.4524624276495113,-0.01661626533573661,0.5445248428271822,0.42812608648472394,-0.020576191757687465,0.5453962790307886,0.4077919435176447,-0.023221376297146663,0.5426912259069254,0.5035595534117914,-0.014936267700132514,0.5375101145890734,0.4763174112851449,-0.02072356406865868,0.5351631499937771,0.4571246588832883,-0.02356361728731914,0.5337720106855425,0.4394543201867699,-0.025356595318741456
0.5515846231879602,0.57322076216976,1.025534038077814e-07,0.5657390203821027,0.5564673149839132,-0.0044129999665256684,0.5754284366363637,0.5284475727772847,-0.00752415705449206,0.584225860604011,0.5075115329237,-0.011139356090615707,0.5923972521404789,0.4927869129164589,-0.01506674262229623,0.5627278030211571,0.4846577898576562,-0.0044822960424937604,0.564054085544165,0.4483966163247081,-0.010726095418397648,0.5659499980388198,0.42664461127197656,-0.015708317871386202,0.5685588276326233,0.408586036072026,-0.019280744807498484,0.5555191434172995,0.48455354870484313,-0.0072154308576370865,0.554035350855538,0.4447150496649332,-0.012896444039022358,0.5551748292813807,0.41960550092638926,-0.01763477147842788,0.5571398022136667,0.3992753335908715,-0.02104125498835618,0.5488656695687872,0.4912541409621821,-0.01086949748104886,0.545121312541968,0.45268212517916706,-0.016724340942787727,0.5449034728693963,0.42822964230849353,-0.020649359753369734,0.5458589579547916,0.4078368744413809,-0.023263010739015995,0.542914733387639,0.5039156428621238,-0.015033048155582675,0.5377939475533736,0.4765889984289553,-0.020832937687506055,0.5355314843274862,0.4573075885420874,-0.023658350728449747,0.5342187847825222,0.4395661301002237,-0.025434703804029773
0.5516949684862267,0.5737488808606401,1.0365511518847906e-07,0.5658909861827711,0.5568153988505541,-0.004462283600350515,0.5755269669727816,0.5287376268501534,-0.007637961274675666,0.5842137698153994,0.5076906525816043,-0.01129625612295395,0.5922258193357546,0.49274461849650053,-0.015271706992687728,0.5628717110262139,0.4855414735864977,-0.004802304043803904,0.5642647886442324,0.44908876861515706,-0.011177307162523435,0.5662755893336404,0.42724956117121904,-0.016210937376432758,0.5689839090421139,0.40909402586960675,-0.019800446781772747,0.5557004173442773,0.48548824088471476,-0.007545542851768043,0.5543729884485928,0.44546394018446167,-0.013371224616185116,0.5556049865524539,0.4201658411332735,-0.018176059108560395,0.5576405962299987,0.3996185063435078,-0.021621674965033835,0.5490691964923146,0.49222255319595676,-0.0111931965511885,0.5454943061210044,0.45337874019510205,-0.01715037385564757,0.545376306059809,0.4287202509218903,-0.02110812290779073,0.5464058547464661,0.4081520928283815,-0.023737586116085067,0.5431051183130458,0.5048565065121766,-0.015343109859607167,0.5381931234593348,0.47732269011381506,-0.02121668703784483,0.5361068170603952,0.4578599536675819,-0.024066683816069155,0.5349326807677462,0.43998456554376814,-0.02585902663365113
0.5518023354616715,0.5739826452294344,1.0454815684408232e-07,0.5660196682230725,0.5570966864387549,-0.0045027705865131945,0.5755882514417343,0.528784140498846,-0.007664763149281667,0.5841400124705094,0.5074393022406559,-0.01127683102775362,0.5921076163863087,0.4921849245609382,-0.015189714071766986,0.5631029048251727,0.4862270244326181,-0.004923083055888082,0.5646089381612087,0.4497583496827754,-0.011346146586084457,0.5667833738819594,0.42793096169111444,-0.016369045625042142,0.5696036224880311,0.40978046599798756,-0.019936689427241604,0.5560286021976434,0.48607155568751165,-0.007617375202942521,0.5549422714743094,0.4460876350136772,-0.013491942818265604,0.5563250347523416,0.4208427913644292,-0.018276360419265485,0.5584603048316784,0.4002877913052252,-0.021699088367077922,0.5494513100604962,0.4926995802034025,-0.011212835779013748,0.5461166682096591,0.45391396033334186,-0.01719988476369603,0.5461313022151847,0.4294231937309237,-0.021113331551355457,0.5472515523276261,0.40895404567075166,-0.02371047758164158,0.543478225988602,0.5051426166798892,-0.015310848836077572,0.5387847633635903,0.4777249212097038,-0.021210654255510095,0.5369063344211833,0.45843236097942003,-0.024055779116749155,0.5359113254248259,0.44064896536221587,-0.025842498517316775
0.5518752730645089,0.57420367550152,1.0387748162118536e-07,0.5662239302844315,0.5570554978697463,-0.004299062173749899,0.5756079745925337,0.5285314180369544,-0.007358363879633115,0.5839248336208723,0.5071077340992295,-0.010896451868748595,0.5917868063201519,0.49184690969596406,-0.014742190399112568,0.563334440009551,0.4870651199952938,-0.004830942530232677,0.5650888311893998,0.4507852997688672,-0.011298722478838672,0.5675083082596147,0.4289883551246221,-0.016330895525541757,0.5705075897053359,0.41089887188811225,-0.019905447168248516,0.5565031720503443,0.4869954215337705,-0.007612399889921197,0.5558767123715542,0.44713106390872887,-0.013589542474196354,0.5576185387862749,0.4220054959646835,-0.01840835784380105,0.5600207875247932,0.40147327851299963,-0.02183753084644797,0.5501020923856186,0.49360318300952893,-0.011278381302863953,0.54729307187761,0.4549135102458513,-0.017367026540730513,0.5477276205285604,0.43056786659094654,-0.021306727613011132,0.5491322286934781,0.4101795474253762,-0.02390507084763062,0.5442330265024354,0.5058665661865457,-0.015421565736882916,0.5399033395667718,0.47856196286619784,-0.021380107845269277,0.5382922504296014,0.4593077733210571,-0.024260860550570834,0.5375283714776582,0.44153439282114554,-0.026077145817507728
0.5519412724805522,0.574403680277082,1.0327060435426248e-07,0.5664087619246972,0.5570182273618537,-0.004114731516277588,0.5756258215793367,0.5283027357899789,-0.007081110829269504,0.5837301236514131,0.5068077063650925,-0.010552256263289563,0.5914965132997693,0.49154104848262037,-0.014337237399401818,0.5635439504180093,0.48782349174831574,-0.004747566868700029,0.5655230744108892,0.4517145612656936,-0.01125580958805487,0.5681642832811902,0.4299451640465582,-0.016296374452856796,0.571325567074257,0.411910889458968,-0.01987717682799601,0.5569325984632169,0.4878314046752964,-0.007607897853368506,0.556722264612729,0.4480752366684173,-0.013677857966437171,0.5587889982964329,0.4230575983324929,-0.018527799018170046,0.5614328293589724,0.4025459962936246,-0.021962803990046763,0.550690969065938,0.49442083063187164,-0.011337691811162471,0.5483575701898039,0.45581797800960216,-0.017518268962356257,0.5491720891209377,0.4316036524871525,-0.021481726881396622,0.5508340057890218,0.41128847337055013,-0.024081153436331184,0.5449160266450807,0.5065216500229398,-0.015521750696560846,0.5409155112496612,0.4793193809658251,-0.02153344216851909,0.5395463312285615,0.4600999120958108,-0.02444643362052372,0.5389915960840368,0.4423355940255268,-0.026289472301876147
0.5520275968185708,0.5741060927282879,1.0266829105914569e-07,0.5665896021843806,0.5567240672535191,-0.0037847546935696245,0.575585634867227,0.5279177951345893,-0.006497590037712012,0.5832863054157327,0.5064562563284085,-0.009772765105336204,0.5907539861165695,0.4910708257322888,-0.013339645166222155,0.5637386000378027,0.4881568267708394,-0.004103531259433232,0.566026930279954,0.45257725870662147,-0.010453417254525662,0.5689782359064393,0.4310065251666608,-0.015420503579543015,0.5723455660240834,0.41325874955641234,-0.01894711783831651,0.5573849506053976,0.4880809628142687,-0.007028530901550023,0.557688942575363,0.44878677906745196,-0.012936759986434301,0.5602402473369517,0.424183044366876,-0.017693531665627565,0.563279081764535,0.4041021274462903,-0.02104821483621689,0.5513809017795033,0.49450972840331264,-0.010827250782279063,0.5496525135924556,0.45628619352321276,-0.01688125475964653,0.5510240232490097,0.43256248605372427,-0.020749459047939994,0.5531322489054452,0.4127526223514996,-0.02327917300269062,0.545833727008695,0.5063206857767243,-0.015061500132826054,0.5424190840153651,0.4795302538027025,-0.020925656644707476,0.5415136442807931,0.46068988882924244,-0.023741224474139733,0.5413826420276892,0.4433599312314412,-0.025519041575535334
0.5520593582264935,0.5738198999051515,1.0367471076418843e-07,0.566888631271373,0.5557372123672228,-0.0031282437006064094,0.5755407774223401,0.5264965307445321,-0.005586436768295895,0.5829907549465614,0.5048807447545939,-0.008725530427482104,0.5903057008246428,0.4893865129395196,-0.012155936780044022,0.5631919363408463,0.48835893544755443,-0.0035582862768509674,0.566184365647904,0.4533758713107174,-0.009806900864766613,0.5696926997961985,0.4320395017608605,-0.014712721875756937,0.573428536185569,0.4145312633975719,-0.01820213296924432,0.557106152524403,0.48851679155255395,-0.006737171578007172,0.5585729639612307,0.44958880888818836,-0.012586323961510616,0.5618932144047344,0.4254254808504833,-0.01725822276430365,0.5654559454244225,0.405751590315059,-0.02053683609710321,0.551645660090943,0.49500535013903746,-0.01073145439730903,0.5512152086547348,0.457123329609056,-0.016670935567129896,0.5534352220275316,0.4338320631378772,-0.020410777697664192,0.556121384113698,0.4145141266146556,-0.022854476650070035,0.5468712578382325,0.5066157154874302,-0.015113866362759555,0.5445552134331386,0.4799594181098773,-0.020765506881284937,0.5443605891352564,0.46143264539727424,-0.02344343757274029,0.5448212841877486,0.4445656876630047,-0.025148144610678245
0.552074501941804,0.5735239975107179,1.0711898784786082e-07,0.5667864201239614,0.5543737390552649,-0.002584472879054699,0.575137767824656,0.5250501196298881,-0.00490630774521693,0.5823011558791193,0.5033916377453209,-0.007977086310747887,0.5893329848389806,0.4877444838111467,-0.011349383378591017,0.5626866486284705,0.48829863706884025,-0.003366341973423649,0.5666396610329736,0.4541033750287029,-0.00959084535770894,0.5708209820362848,0.43333850962630294,-0.014478378172805497,0.5750680272045119,0.41636966466098313,-0.017948617725686344,0.557013232956044,0.4889651167565329,-0.006728063134041766,0.5598600836227512,0.45076985748469844,-0.012492484092903237,0.5639818658965061,0.42742522364501195,-0.017027424799348347,0.5681636709189684,0.4084879712049551,-0.020232894875940273,0.5521680926347523,0.4959056507218003,-0.010834653401711617,0.5532745593519767,0.4588738799631373,-0.016637865702924488,0.5563345572506435,0.4364347216684558,-0.020182711990905603,0.5596373461386303,0.4179279884009223,-0.02252354609114687,0.5481621142459395,0.5078312867263816,-0.015285267911898803,0.5470851091129447,0.48182376316814385,-0.020712020418844856,0.5475998402210701,0.463898390712509,-0.023192891670123755,0.5486264060418378,0.4476736730136142,-0.024788770243869992
0.5518243115374186,0.5724759982530544,1.1259162968859558e-07,0.5655306353142385,0.5519826966598522,-0.0020875182570253394,0.5738781764550643,0.5226218328603556,-0.004496458983477238,0.5813357596148354,0.501303654952927,-0.007697958793211744,0.5886994158310458,0.4860879237880488,-0.011249947495028537,0.5623548442915609,0.48820231017837085,-0.00398838354588375,0.567542811817489,0.4543960041082209,-0.010389483052496427,0.5725602715544725,0.434383190499861,-0.015281964580877012,0.5774288747729293,0.41834830912188425,-0.018716157350150663,0.5572952286435997,0.4897153456116761,-0.007606770892324977,0.5617068932604213,0.4522680387083236,-0.013506527824890998,0.5668319506117648,0.4299597382020365,-0.017944828531706286,0.5716631616092468,0.41214704203634167,-0.021088431871028986,0.5531776594338307,0.4974294714462634,-0.011849486856030381,0.5558110074052115,0.4612458876063312,-0.0176428153241555,0.5598589704707182,0.4396454168366949,-0.021057115311903997,0.5638279960747837,0.4219753716419154,-0.02334330379137805,0.5499874994141529,0.5099140961545725,-0.016372274875608467,0.5500666078630299,0.4845225992999755,-0.021679163733679375,0.5513205916345412,0.4671066852066894,-0.024023415216086356,0.5529494077107767,0.4514451041002865,-0.025552989631699913
0.5515979204795355,0.571527689858949,1.1754368681797944e-07,0.564394306955662,0.5498191020221165,-0.0016378364122016814,0.5727384036353873,0.5204245367172486,-0.004125597059454509,0.5804621966095527,0.4994142913925086,-0.007445383263248597,0.5881261150351949,0.4845889439330958,-0.011159970443644146,0.5620546028213584,0.4881151463773068,-0.004551253452835419,0.5683600504403563,0.45466079686493044,-0.01111215038673149,0.5741341112664913,0.43532849617094066,-0.016009109882355797,0.5795651468646911,0.4201387351527253,-0.01941068481604871,0.5575503995090895,0.4903942089940974,-0.008401891630295115,0.5633780252473104,0.4536237055371556,-0.0144241107105678,0.5694109211975048,0.4322531572210226,-0.018774964291647874,0.5748297634674234,0.4154580439847271,-0.021862585963198095,0.5540911912545599,0.49880833882002656,-0.012767784341751052,0.5581061759967024,0.4633922581714574,-0.018552169175790067,0.5630481241046097,0.4425506948287262,-0.02184834107191566,0.5676200106989847,0.4256377478063343,-0.02408508209186557,0.5516392449328965,0.5117987784667327,-0.01735588037017261,0.5527644917317878,0.4869647088142866,-0.022554307601438717,0.5546874068035146,0.47000979088863115,-0.024774935261906324,0.5568611841174953,0.4548577780417311,-0.026244512698264857
0.5516861470061284,0.5706109512630929,1.2350536756843328e-07,0.5634949426285534,0.5478306110722354,-0.0013814527563045962,0.5717725728493197,0.5185896088354247,-0.004018113082581445,0.579740064710894,0.4980254953355732,-0.007492038427406017,0.5876995304694164,0.483805289610114,-0.011375697343415083,0.562143764775659,0.4881713250752437,-0.005242010415186062,0.5696839275781546,0.4552229299382061,-0.011964037448250902,0.5761443698596539,0.43670760720179785,-0.016828058776521222,0.5820648207418981,0.4223587693064504,-0.020159855356157514,0.5582435915324354,0.49127252518864584,-0.00921972890773353,0.5656219295725669,0.45531981328641014,-0.015375660544073771,0.5725062430399301,0.4348832615829931,-0.019594662890365353,0.5785018087525975,0.41907831050896827,-0.022565779668933795,0.5554307214355511,0.5004072060018052,-0.013621509029482873,0.5610351442047719,0.4660282454799443,-0.01939131552676845,0.5668455595645348,0.4460638614026604,-0.022508420717761806,0.5720014755821989,0.42992409234917517,-0.024627399028301425,0.5536374052981742,0.5139253794233067,-0.018207851946592198,0.5560813005974318,0.489816990442778,-0.02326950565892182,0.5587069689480486,0.47340479595576157,-0.02531209382327484,0.5614238198058197,0.4587858664465503,-0.02665810290671349
0.5517927882178308,0.5697031672484468,1.274746720768567e-07,0.5626787092301547,0.5460466746031757,-0.0010864410436988135,0.5710790438070361,0.5170729883380731,-0.003740922194244218,0.5794828769784799,0.4971954277444544,-0.007220059732645082,0.5878207018263213,0.48385441722388417,-0.011114899621511779,0.5626886899127647,0.4884129089640685,-0.005638052949174352,0.571414335785465,0.45618482392740933,-0.012340731352737463,0.5785309131067529,0.43867014598336423,-0.017051835718366264,0.5848983910445565,0.4252416530090481,-0.020251756800889663,0.5595284939471877,0.4922867077510036,-0.009688778886205179,0.5685072315692881,0.4574316798818,-0.01582780945087164,0.5761726762675958,0.4381002229178007,-0.019851400256439413,0.5826701466411085,0.42325391416257896,-0.022674114612440986,0.5573835032952456,0.5021239017093203,-0.01408137960056971,0.5646703482763396,0.46903360025574753,-0.019791524304726995,0.5713418857543174,0.45005899018146917,-0.022727233301860647,0.5770909858605042,0.43471442788637327,-0.024714724476033376,0.5561856435609099,0.5162196931178732,-0.018612667538442006,0.5600750439895117,0.4929746388887277,-0.02353452935477873,0.563441367430121,0.4772319499859271,-0.025402744000996506,0.5667270939988618,0.4631741178492008,-0.026622022043412914
0.5521622505775787,0.5686768887654857,1.3229512397556724e-07,0.5623683835768402,0.5440628036714185,-0.0010889502844146136,0.5708327242209698,0.515057004824524,-0.003738454276533761,0.5794886636917471,0.49508905844564466,-0.007121019061471553,0.5880037037686592,0.4817341227677504,-0.010876019419521429,0.5639035500717898,0.48870863684475,-0.005860628251675066,0.573939053057948,0.45777474636508825,-0.012454247866513675,0.5816669215999262,0.4411001673210203,-0.016986899633888067,0.588398890780866,0.42840250710239236,-0.020031257692058553,0.5614376788153157,0.49343435854857504,-0.009779106382796414,0.5719689890958976,0.46032207165237116,-0.015808366345014695,0.580349333890794,0.4419878771615548,-0.01966500654459751,0.587329178638629,0.42793740926433627,-0.02235025975686443,0.5598194885735951,0.5038957179270028,-0.013995124294104362,0.5686366306335979,0.47267565225519687,-0.019592540192884884,0.576098160174002,0.45468169813612924,-0.022391405260290338,0.582429331513187,0.44006055980521086,-0.02426648609880905,0.5589528905977337,0.518399184796944,-0.018330095627706447,0.5641346890510258,0.49662591592862154,-0.023117880654028422,0.5682022951401573,0.4817183248419627,-0.02486301691181582,0.5720538348230458,0.46832237996584586,-0.02596900512774222
0.5524965678566571,0.5677482349501569,1.3665703073057402e-07,0.5620875776292055,0.5422676483208158,-0.0010912208337859523,0.5706098357679928,0.5132327915991862,-0.0037362211193198236,0.5794938999443268,0.49318305737643475,-0.007031399627092842,0.5881692976642598,0.47981552117081566,-0.010659862679739871,0.5650028467446718,0.4889762336318341,-0.006062031094370217,0.5762236067796171,0.4592134275440673,-0.012556966129998003,0.5845046175084344,0.4432990330519216,-0.01692814058982315,0.5915664057289546,0.43126268517512395,-0.019831733545257985,0.5631652526087751,0.49447283914572715,-0.009860841482704693,0.5751014471842258,0.4629375151115296,-0.015790772763218264,0.5841286872549157,0.44550571857212834,-0.01949634352132547,0.5915450205490552,0.43217538722795024,-0.02205721157136983,0.562023750925756,0.5054989902531114,-0.013917074017526138,0.5722256206639761,0.47597125431747106,-0.01941248443051636,0.5804019943281064,0.45886467132568626,-0.022087522837267285,0.5872598674156875,0.44489814130585253,-0.02386088636530874,0.5614569034571759,0.5203713524851982,-0.018074403349863717,0.5678081606650637,0.4999298655000246,-0.022740865631276364,0.5725103399407001,0.4857779336091965,-0.024374631323571042,0.5768738698055325,0.4729809140151425,-0.025378106399687357
0.5531443907041348,0.5669921737867881,1.4051309162188364e-07,0.562053560001922,0.54082905919921,-0.0010895000940056836,0.5706514671058589,0.5118255601449766,-0.003716514927334104,0.5797005994838078,0.4917181219019622,-0.006912369392278407,0.5883679004831757,0.4782066076534921,-0.010406425327352779,0.566329646859603,0.48936015933029053,-0.0062714529592401815,0.5786621860917426,0.4607033386160182,-0.012625577283966101,0.5874525834307633,0.44550970435654125,-0.01681499475069715,0.594805128311455,0.4340998614943332,-0.01955997250340094,0.5651746771801672,0.4956743413966193,-0.00993125271926637,0.578511418313197,0.46570435952027495,-0.015700346375475384,0.5881507002829812,0.44908669935064893,-0.019248082948199467,0.5959644675830402,0.43637089787967603,-0.021692858715615812,0.5645766978111383,0.5072637270935478,-0.013802815473077974,0.5761357572863178,0.4793669637399557,-0.019102039103992066,0.584952931478835,0.4631514196252514,-0.021668286139355404,0.5922417669263966,0.4498658515215116,-0.023379338794236114,0.5643574094572721,0.5223952778265196,-0.01775810365388768,0.5718245605037638,0.5032692117360866,-0.022218924286510084,0.5770741250007599,0.48981464206474856,-0.02374511179175539,0.5818664124050027,0.47757821194818173,-0.024672236948988176
0.5541208251117671,0.5665548487486173,1.4249846031119955e-07,0.5622487800053428,0.5395387179054345,-0.0009701698382795705,0.5707041181079237,0.5104891054788373,-0.0034827734246392094,0.5799461273018084,0.49031525774348,-0.006516362152034498,0.5887093844469906,0.4768538091270557,-0.009818174070635389,0.5681672867345474,0.4898617765536716,-0.006068541262789576,0.5813834740725463,0.46220308943305694,-0.012135395164155616,0.5905918305822995,0.44767020049710343,-0.016096494221634183,0.5981900843729742,0.43685735082781557,-0.018650620431135297,0.5677420608923157,0.496936257070452,-0.009580073508931735,0.5821904946288279,0.46848142419650834,-0.015001496663912824,0.5923052118655578,0.45263962898539306,-0.01833466776915134,0.6004145545744722,0.440551179266329,-0.020624961523081298,0.5676683330722357,0.5090771321362054,-0.013265380479090195,0.5802975336607635,0.48277393042664735,-0.018199895429041504,0.5896049850693318,0.46738012129396744,-0.020613128528178877,0.597191255053857,0.45475553643335026,-0.022236842700421394,0.5677263988663447,0.5245236831230246,-0.017012825711345516,0.5761340651084842,0.5065422773586141,-0.02109526759711128,0.5818071640750767,0.49371796794207223,-0.02242489168490065,0.5869010314170163,0.48198486069846813,-0.023214903193591423
0.5554649242006112,0.5662300375020658,1.4321448826801734e-07,0.5627092472665476,0.5383797327901254,-0.0009255773715543565,0.5709271926687524,0.509334413162156,-0.0033443129406183804,0.580340845313172,0.48908044709071297,-0.00623116725893234,0.5891233230473473,0.47544685860579555,-0.009351727273720233,0.5702465007629071,0.4904175171557892,-0.005862353348772605,0.5842805022639506,0.463676947892945,-0.011637470685549755,0.5938261570427367,0.4497751537904308,-0.015370534166530773,0.6016198884456752,0.4394825305331993,-0.017730048925925192,0.5705255548955335,0.49825334963524726,-0.00919546732914488,0.5859218322245326,0.4710330092773321,-0.01425566216342684,0.5964222843881575,0.4558542179098486,-0.017367949989582,0.6047535964117006,0.44435640052736664,-0.01950480700948839,0.5709309379207136,0.5108855539776905,-0.012682170354393531,0.5844746469492196,0.48591854339269996,-0.01724635692128982,0.5941876590273008,0.47121755627201833,-0.01953500059928709,0.6020128269319568,0.459195847047793,-0.02109224731964926,0.5712561734379469,0.5265570627172972,-0.016219678693171972,0.5804954067050098,0.5094327563934818,-0.019959923251655548,0.5865721063514658,0.4971224858107339,-0.021146701175159294,0.5919419332709308,0.48582693439490937,-0.021834046405457157
0.556681165964374,0.5659361239009967,1.4386240411911168e-07,0.5631259126140439,0.53733099604704,-0.000885226759884015,0.5711290472787024,0.5082895608655507,-0.0032190234997619286,0.5806980158032901,0.48796309770873697,-0.005973101508660156,0.5894978857693711,0.47417374414741437,-0.008929651193399791,0.5721279297126635,0.4909203929747851,-0.005675779044621984,0.5869019508657901,0.4650106056773071,-0.011186911235650071,0.596752818441049,0.4516798735595041,-0.014713631007255795,0.6047234326630364,0.4418579902158749,-0.0168970467161481,0.5730442692403279,0.4994451538685371,-0.008847446783382654,0.589298226611123,0.4733418750185929,-0.013580775113896645,0.6001477206956339,0.4587630193038101,-0.01649319116633527,0.6086798872193891,0.44779965040116293,-0.018491207110041458,0.5738831877275238,0.512521949827052,-0.012154438049094971,0.5882544126492008,0.4887640252860567,-0.016383523692616923,0.5983344064685056,0.4746899555354115,-0.018559429508821623,0.6063757471465463,0.46321377344785386,-0.02005653148868159,0.5744501784679945,0.5283970172300736,-0.015501979725653007,0.5844418760090639,0.5120482788268094,-0.018932578451963205,0.5908837838509627,0.5002031491723199,-0.019990098441852174,0.5965033197138252,0.48930353111895364,-0.02058454351579405
0.5578431290406577,0.5653908248050592,1.438245552791244e-07,0.5635787037349702,0.5361076601343473,-0.000945259692341028,0.5714484241447526,0.5072722257393097,-0.003261929581643248,0.5811312006198526,0.4869469417086749,-0.00594391342453899,0.5899031105622222,0.4728554793374937,-0.008802043607570177,0.5741416930339259,0.49132994326423673,-0.005572386627214445,0.5895688401537755,0.46636894978136917,-0.010886548917627786,0.5996925816370353,0.4535735773297615,-0.014271588083600018,0.6078169421287807,0.4441743492567447,-0.016331075847796705,0.5756558562506842,0.5005947845880581,-0.008581435107543053,0.5926164848148368,0.47552872285908676,-0.01304988592143046,0.6037376044532576,0.46144408916586566,-0.015810840599783087,0.6124096867800867,0.4509117808569312,-0.017711500036443253,0.5768805327918336,0.5141358749656942,-0.011721051317010223,0.5919651477740875,0.4914017156484237,-0.01568018493580713,0.6023277614677855,0.47782645257226974,-0.01774316466410212,0.6105188704622232,0.46677219166003064,-0.019176877923954408,0.5776413513140425,0.5302159346759986,-0.014903517725787045,0.5883118995323574,0.5144301725043898,-0.018087816964276592,0.5950804593335797,0.5029585143457015,-0.019023759826481447,0.6009078920046317,0.49238096429363254,-0.01952902930939337
0.5591306545714372,0.5648828483135907,1.4162602817433587e-07,0.5642323473530236,0.5350337097107011,-0.0010128614926726259,0.5718406349376416,0.5063453482853055,-0.0033127599461582435,0.5815385498279017,0.4859551592438085,-0.005936688088616405,0.5902586924081465,0.4716128979613807,-0.008702193982653017,0.5763125839965114,0.49179212647167453,-0.0053871605959549575,0.5921117631505511,0.4675800285848114,-0.010504535890429566,0.6023850014298219,0.4552491799428473,-0.013752584235456491,0.6106046888802038,0.44622908237096615,-0.015693503570726356,0.5783970673152674,0.5016319893637319,-0.008228179713507136,0.5958191615994576,0.4775056532225495,-0.012419696932201471,0.6071107213003356,0.46389697221189713,-0.01500707124581848,0.6158410651295454,0.4538598934634392,-0.016791942014817374,0.5799696046887021,0.515524330399188,-0.011209085260669435,0.5954779539079272,0.4937572605067499,-0.014872330778123053,0.6059793108290312,0.48063527157994934,-0.016793641719511317,0.6142109027905577,0.4700040280431451,-0.018147002986308804,0.5808874200254928,0.5317777036213681,-0.014246110399135965,0.5920612552596112,0.5165780498348017,-0.017180492324584257,0.5990570834761098,0.505484604263287,-0.017989649067166585,0.60502083669762,0.4952463393664984,-0.018396351416612645
0.5604942978039379,0.5644835660061456,1.3904940228256216e-07,0.5649002319116752,0.5340965560801073,-0.001095083473143062,0.5722645789253996,0.505558842629932,-0.0033754402917632216,0.5819837955089868,0.4851701822230834,-0.005935278032246724,0.5906511530516773,0.47060659811492406,-0.008601971936484445,0.5784766738894477,0.4920347282851745,-0.005174250648393603,0.5946405048016616,0.46864378653340805,-0.010080744332050091,0.6050342035903461,0.4567933208496936,-0.01320112463691054,0.613320685306897,0.44813372675709606,-0.01503962461193631,0.5811014700917628,0.5024845916338021,-0.007845933441605994,0.5988820303002849,0.4792377953446466,-0.011736423427539512,0.610275807090279,0.46610979762424903,-0.014143221931569246,0.6190290750435953,0.45652554860346417,-0.01581295351288425,0.5829951680252572,0.5167849785406374,-0.010671125240865274,0.5988147888098282,0.4957898004782585,-0.014024583232658731,0.6093852869814209,0.4831193865580531,-0.015782025449043374,0.6176151655236561,0.4728928293453324,-0.017042027274767217,0.5840549834978683,0.5332725387812505,-0.013570272151802613,0.5956039279962253,0.5184498524055507,-0.0162391023314871,0.602764633578393,0.5076996738972004,-0.01689690055458943,0.6088257774548543,0.4978106093119543,-0.01718870190234145
0.5618685145976574,0.563917792255203,1.363523992835146e-07,0.5655571495271828,0.5330788040335552,-0.0011926706105052842,0.5726435289566433,0.5046925751297859,-0.003442673024420337,0.5822979194746533,0.484301173103388,-0.0059216432150350174,0.5909154719930458,0.46963203778708823,-0.008469192565533941,0.5805756541772435,0.4921957875778123,-0.004947937602879354,0.5970429086350628,0.46955677425998477,-0.00961360340522286,0.6074897664173221,0.45808722476709673,-0.012570295940978438,0.615776451718892,0.44971769575699466,-0.014286211863409793,0.5836985966178571,0.5032262722414522,-0.007422523594855981,0.601714239993266,0.4807223021785926,-0.011053358632013883,0.6131505757829657,0.46795156265300536,-0.013291349381218339,0.621885595390509,0.4587435929526788,-0.014840116166195969,0.5858714515655904,0.5178736693994579,-0.010062688848972667,0.601892720783429,0.49757396331552006,-0.013155921112678489,0.6124764551306456,0.48529020889086144,-0.01476488482235325,0.6206757080608647,0.47540000163028645,-0.01592119175012346,0.5870255189731354,0.5345397950296533,-0.012789937156749157,0.5988468440794836,0.5201158174529028,-0.01521836309245998,0.6061178760037361,0.5096468713991303,-0.01574045487182372,0.612236568554847,0.5000452472603499,-0.015921850465023746
0.5567455762778389,0.5577673673300795,1.1777180055276708e-07,0.5599944943035456,0.527021534598917,-0.001471499245605019,0.567024284185772,0.4979804869845858,-0.003869788992849735,0.5762005626272632,0.4768094780550698,-0.006412469227690517,0.5839308824644328,0.46144105996758034,-0.008899832434378935,0.57500633855689,0.486141345703503,-0.005564245788655911,0.5923841843557237,0.4660018121015597,-0.010316078682192153,0.6015097929181474,0.4566891705338543,-0.013102817019094784,0.608283630358863,0.4493881680320112,-0.014693433865687448,0.5780936725189662,0.4975741382127938,-0.00789567576852402,0.5969487350956043,0.4780354537644196,-0.011524630313577429,0.6068311993121551,0.4674184688349031,-0.01341704309711817,0.6140199368595244,0.45913242050657876,-0.014784808152867788,0.5803258829258604,0.5125349579700161,-0.010396425242083267,0.5972026910952127,0.4950738245202645,-0.013509695786119963,0.6063157043445409,0.4847018069498903,-0.014703136086513144,0.6130816345248297,0.4756974920290649,-0.015615176379138793,0.5816786286344636,0.5293786889070223,-0.013000537723794484,0.59427759620732,0.5170452054746218,-0.015402789201638971,0.6005314408807306,0.5081438770313642,-0.015723087500159535,0.6055485048149126,0.49943096247812907,-0.015789666899861877
0.5521099570707086,0.5522020011017533,1.0095867984369587e-07,0.5549609862291697,0.5215404624522262,-0.0017238043282889076,0.5619395696404794,0.4919068857066879,-0.00425627558771343,0.5706832163798676,0.47003042992060434,-0.006856605453735426,0.5776107014762091,0.45402924828161906,-0.009289507718902891,0.5699668036555218,0.4806628321456828,-0.00612192770577856,0.5881686208642637,0.4627850154443631,-0.010951731052601412,0.5960986639370187,0.45542410610175743,-0.013584682070713316,0.6015035630530016,0.4490899866064598,-0.015061918906395735,0.573021916392836,0.4924596629978253,-0.008323819378152478,0.5926365484839066,0.4756041915984856,-0.011951072312767843,0.601112953040899,0.4669360855251457,-0.013530780207984162,0.6069024984898481,0.4594842608693931,-0.014734761310043136,0.5753078360754148,0.5077040910536791,-0.01069841498653069,0.5929588001194812,0.492811511235144,-0.01382981767102676,0.600740994501963,0.48416937669818755,-0.014647261194408928,0.606209946648398,0.47596668367659645,-0.015338270696724896,0.5768403608270065,0.5247085326063793,-0.013191104928137175,0.5901429976867015,0.5142666852240271,-0.015569671791401783,0.5954764149680803,0.5067838548869492,-0.015707372198385864,0.599496642622582,0.49887511148845487,-0.015670057286144522
0.5479234370705945,0.5471045925033683,8.636947161401404e-08,0.5504406780872846,0.5165485237166517,-0.0019426778937494506,0.5573759424192558,0.48638448886919217,-0.004598151348551329,0.5657081705205025,0.4638689944081376,-0.007259654696551307,0.5719145428422168,0.44728723208593374,-0.009654602478503915,0.5654325938561727,0.47569693425638643,-0.00661356824725833,0.5843579690764751,0.45985795508414246,-0.011529139104621049,0.5912444294633045,0.45423930039341753,-0.014042517195793582,0.5954395665208335,0.4488013541453104,-0.015427745496291645,0.5684447499048031,0.4878140798330817,-0.008706170435930617,0.5887378128056993,0.4733831479321186,-0.012345210075382123,0.5959781792880033,0.46646130864704477,-0.013649725172825677,0.6005084515530785,0.45976907805244893,-0.014708452458907607,0.5707578942976342,0.5033094312286099,-0.01097741457683561,0.5891132168821704,0.49073398421659525,-0.014129981884465195,0.5957056616616978,0.48364227158972806,-0.014607547359754749,0.5999928177225331,0.4761404211490763,-0.015097989315266049,0.5724324695750186,0.5204616006212498,-0.013380699217158306,0.5863982212201415,0.5117617729475233,-0.01573121859053577,0.5908596444723753,0.5055474413035983,-0.01569829661596651,0.5939096000493113,0.49833781311907605,-0.01556680484034476
0.5441521804627858,0.5425398773222698,7.296376792448228e-08,0.5463437811684623,0.5120567021143424,-0.002139939780310205,0.553236354494652,0.48140832865219846,-0.004906342725532193,0.5611956197374006,0.45832811237151005,-0.007618390507999475,0.5667362075453201,0.4412413547886102,-0.009971060988726039,0.56133521721325,0.47121292825518574,-0.007074020421272988,0.5809038008344917,0.45721291448282136,-0.012037328183505787,0.586825316538113,0.45314250120775224,-0.014418482983643073,0.5899166472108592,0.4484878844550902,-0.015709398596530717,0.5643142180711747,0.48362379117600907,-0.009064123763217226,0.5852018191087442,0.4713634018711292,-0.012683533627735184,0.5913072261708011,0.46596829136916895,-0.013731674196005818,0.5946914080975608,0.45993308162263036,-0.014662243270606239,0.5666587559313386,0.49935271438327844,-0.011232663937208882,0.5856365402110442,0.48885720873765975,-0.014377393035868585,0.5911313069063655,0.4831191601020327,-0.014549988476995493,0.5943307373878035,0.4762281644000268,-0.014871255701357491,0.5684732940119424,0.5166420148127638,-0.013545794869894273,0.5830345514599902,0.5094961098081359,-0.015859714239114944,0.5866596875474981,0.5043953790734301,-0.01567401446984104,0.5887815916594389,0.4977994849328526,-0.015463934267648253
0.5407199104604719,0.5383957810944898,6.109214358319658e-08,0.5426224492130229,0.507987594764674,-0.002291733947698128,0.549482901542544,0.47693290517535225,-0.005142451810262555,0.5571313588090384,0.45334332479174466,-0.007894445929563133,0.5621126029557518,0.4357969390663081,-0.01020599327720984,0.5576023551981921,0.46713709537769327,-0.007451133070998927,0.577785768038391,0.4547977816704305,-0.012475245577914932,0.5828523807138657,0.45218744204035355,-0.01475113329687929,0.5849498202908116,0.4483022829040734,-0.01596271832123048,0.5605509068292687,0.4797990422903936,-0.009357040608710518,0.582002940633102,0.46958241314989435,-0.012972007873008956,0.5870907008457623,0.4656462407931807,-0.013786261929926873,0.589456689243259,0.4602378059907544,-0.014595743481883435,0.5629282913772908,0.4957469986711208,-0.011444943356304811,0.582497142198232,0.4872100697438261,-0.014592952204898191,0.5870110984242914,0.4827684066898746,-0.014480946423087799,0.5892477676801,0.4764590661367051,-0.014637957542118092,0.5648605425680919,0.5131681334590508,-0.013688338182388932,0.579970183786208,0.5075070635686942,-0.015970126389118433,0.5829038165128569,0.5034544798677113,-0.01564560630746794,0.58427196217218,0.4974448647674162,-0.015359820522287643
0.5376141348757457,0.5346458916987494,5.0349806586005426e-08,0.539255108671028,0.5043055609358348,-0.002429088706694193,0.5460864955111955,0.47288320600939837,-0.005356101036632636,0.5534537103860547,0.44883271474362946,-0.008144241600575523,0.557928818393923,0.43087042296704275,-0.010418577649984983,0.554224581392605,0.46344897578634225,-0.007792372909187826,0.5749643378700253,0.4526123881793771,-0.012871506114168174,0.5792573701015559,0.45132323280213044,-0.01505214027488628,0.5804554623960524,0.44813433668619235,-0.016191941026778612,0.5571455802771742,0.4763381223456792,-0.00962209376200987,0.5791083552241866,0.4679708408425424,-0.013233041028089873,0.5832752721650185,0.46535482525323857,-0.013835657009895303,0.5847199226137002,0.4605135434770107,-0.014535569480401765,0.5595526869744213,0.49248427638623854,-0.011637029712134487,0.5796563791777364,0.4857196147189445,-0.014788006324703649,0.5832828244543006,0.48245101866882567,-0.014418471989199643,0.5846483150713467,0.4766680033636024,-0.014426851852169804,0.561591453824948,0.5100247047994978,-0.013817322073345484,0.5771973138495653,0.5057072251984074,-0.016070035591922053,0.5795052224188887,0.5026030836259122,-0.015619900469335788,0.5801913108398992,0.4971239778176944,-0.015265610588874075
0.534782363778663,0.5312096616219759,4.059083276170818e-08,0.5361990256567642,0.5009241999603902,-0.002532028242694976,0.5430183999757126,0.4692174556024373,-0.00552296850125981,0.5501573942069415,0.4447634117424824,-0.00833818914322294,0.5541886812849391,0.4264304156483609,-0.010573839221173881,0.5511419685381485,0.46010894972908856,-0.008123341880755062,0.5723971723382489,0.4506171021431015,-0.013236900004974543,0.5759891563064515,0.4505266314410427,-0.015303029721829448,0.5763645726155355,0.44796491159152696,-0.01635897463720939,0.5540484738913972,0.47320616983185876,-0.009888658856552705,0.5764904040918158,0.46645070225166085,-0.01348514001641229,0.5798238120907042,0.46502646553049737,-0.013877554411471147,0.5804261712423969,0.46069684134865174,-0.014467243008791788,0.5564953460646536,0.48952594140919453,-0.011835402896058014,0.5770990713656895,0.4843256253740974,-0.014978271182324143,0.5799168849532101,0.48211472944039135,-0.014363673556029945,0.5804848655049186,0.4768074879594371,-0.01423274793991396,0.5586359733920745,0.5071616179385802,-0.01395351687379064,0.574690220090296,0.5040445968347386,-0.016172297205235893,0.5764459934542664,0.5017860954272664,-0.015605580866196967,0.5765342395940886,0.49678215248306024,-0.015189351619828735
0.5322908326069932,0.5282871339517848,3.147799400942735e-08,0.5334596940934835,0.4980336375943892,-0.0026377198679295895,0.540224404372716,0.46596152229699317,-0.005691695460653879,0.5471053708363018,0.4410890281522015,-0.008533975626195244,0.550705770448548,0.4224120209254437,-0.010729167781815239,0.5483658678675993,0.4571357871380556,-0.008404799162398677,0.5700765442216116,0.44880706745142773,-0.013542170172517359,0.5730153430625642,0.4497724592809951,-0.015509926647591148,0.5726414019036452,0.44775951379221873,-0.016497475871556196,0.5512577275160269,0.4704014998983296,-0.010108600549238055,0.5741352064843666,0.46507540202636694,-0.01368862758657223,0.5766624341684148,0.4646765231667484,-0.013898256180746853,0.5764688607390506,0.4607799992150296,-0.014394183155041226,0.5537362733632155,0.4868576785695165,-0.011992358299591272,0.5747960722006802,0.4830602333819999,-0.01511419129320019,0.5768252097691253,0.48174059653310924,-0.01428701472837405,0.576634830818911,0.47682249776156693,-0.014041738677708054,0.5559737947136136,0.5045783889233445,-0.014055132267799428,0.5724335882316969,0.5025282389464065,-0.016231846267447107,0.5735930936418941,0.5009744130382134,-0.015562583820317015,0.5730478800012265,0.4963362273250008,-0.015097737661160909
0.5299952468211778,0.5255799507405978,2.2985018695441833e-08,0.5309938515651688,0.4953611821198545,-0.0027464865858351857,0.5377145011197004,0.4629926950488737,-0.00586481873598456,0.5443514273570227,0.4377707329095026,-0.008735063087298512,0.5475537403230756,0.4187772364608422,-0.010903602819346962,0.5458557146201304,0.4544739744445699,-0.008668953148282012,0.5679780321168392,0.44718579091911703,-0.01383979561813677,0.5703149391906517,0.44907073306289896,-0.01573246875150818,0.569247977311948,0.4475288339843724,-0.016664595811140333,0.548739844205389,0.46794884804834314,-0.010311772434778968,0.5719858295185605,0.46384594098927984,-0.013877610069044618,0.5738032449059256,0.46436479901003547,-0.013934477285676821,0.5729059966511681,0.4608633262850801,-0.014355958593894956,0.5512610610619818,0.48455501301583387,-0.012132776894068581,0.5727042248196705,0.48192015017644485,-0.015249502324594195,0.5740566144097003,0.4814050240104115,-0.014236044634858875,0.5732041572258286,0.4768807159443209,-0.013885628424632004,0.5535992717900551,0.5023461990168887,-0.01413711712158652,0.5703903936074509,0.5011247501634787,-0.016288624675605656,0.5710847115770534,0.5002234623461604,-0.015521880308170703,0.5700391143293825,0.49597903240145724,-0.01500236472137127
0.5279180284545489,0.5231302881216469,1.529993699710301e-08,0.528762572115418,0.49294294376431014,-0.002844906878166452,0.5354433522182562,0.46030627726163703,-0.0060214736732253854,0.541859452536842,0.43476809024346813,-0.00891702211931705,0.5447015468179336,0.415488210585503,-0.011061444737511564,0.5435843395049358,0.4520653664763556,-0.008907979506820032,0.5660791408126843,0.44571873819074165,-0.014109109466408903,0.5678714110268545,0.4484357584966766,-0.015933841555112863,0.5661773519703905,0.4473200975752912,-0.016815818479480205,0.5464614743486828,0.4657295045146714,-0.010495617610522773,0.5700409118693184,0.46273343233764397,-0.014048615607582282,0.5712160357994704,0.46408272758946517,-0.013967252860819792,0.569682049732311,0.4609387268740782,-0.014321370141152312,0.5490213031382316,0.482471388343705,-0.012259838180676469,0.5708113642579493,0.4808885172970737,-0.015371941904659504,0.5715513814683322,0.48110137279781434,-0.014189923067521803,0.5700998261912433,0.4769333961269721,-0.013744368147228136,0.5514506251747664,0.50032634600153,-0.014211303172538844,0.5685415577127934,0.49985476814177876,-0.016340002042107775,0.5688149391608774,0.49954394578023475,-0.015485048714448934,0.5673165572578692,0.49565581561721156,-0.014916064125055258
0.5260798351889533,0.5210553201047361,8.587450701033644e-09,0.5267470639495081,0.49092855337065505,-0.002952911053070786,0.5333842432388444,0.45797161990781476,-0.006197126501398957,0.5395997809317955,0.43209567022487466,-0.009127279733414739,0.5421322118881668,0.4125034149672968,-0.011256959382180385,0.5415316652682339,0.4499024303891892,-0.009190314891240512,0.5643903364598947,0.4444374936785724,-0.01443524926793955,0.5657033350535451,0.44792657097564925,-0.01619708236026713,0.563452195943297,0.4472172662437501,-0.01703194557752222,0.5443878084164473,0.4637131707580778,-0.010729486672294774,0.5683342616103415,0.4617591855745079,-0.014294868894528431,0.5689145332498983,0.46387016543166104,-0.014073780334640589,0.566785895172929,0.46106048722778825,-0.01435386221835947,0.5469611666878216,0.48056699119383944,-0.012445335272072524,0.5691438359589386,0.47996775298163535,-0.015563679333332003,0.5693007992302892,0.48085725212341024,-0.0142090249283542,0.5672794603000902,0.47699930797337264,-0.013666485609047858,0.5494621773007035,0.4985000686633645,-0.014355821102927923,0.5669121425921156,0.49875152481708956,-0.016470178080834945,0.5667093976473311,0.4989909408186453,-0.01552717186102225,0.5646853643408808,0.4954064501217301,-0.014913267993564136
0.5243687708042192,0.519073078481116,2.395359844877678e-09,0.5249436527455265,0.4889937900945792,-0.0030376538868043096,0.5315548674069633,0.4558272470906192,-0.006353497745257698,0.5375815898142879,0.4296921858144407,-0.009328569234302404,0.5398057141846874,0.40984573249550077,-0.011462508553201895,0.539690251930029,0.4479898654409689,-0.009461397825443396,0.5628651505104882,0.44327352917230406,-0.014762488146475116,0.5637352659322822,0.4474918843492856,-0.016472358328197344,0.5609725263644474,0.44717720466530503,-0.01726307212250091,0.5425256425510835,0.4619597211337072,-0.010968220497874895,0.5667837761472658,0.46090469050507465,-0.01455673860524246,0.5668222484343134,0.4637145329171429,-0.014209046694398153,0.5641557570390173,0.4612240811445135,-0.014420455025656146,0.5451093325613969,0.47892799852819085,-0.012649581707169214,0.5676243908391891,0.4791778035198775,-0.015782967585766552,0.5672551635941717,0.4806823928930893,-0.014267553903023613,0.5647258449551936,0.47713057764533606,-0.01363075219172742,0.5476626649200436,0.49693071006939715,-0.014529593263967227,0.5654252460361618,0.4977953263400704,-0.01663455510432091,0.5648528782865959,0.4985381958127427,-0.015607042158898635,0.5624222270019927,0.49526294799018317,-0.01494466449975883
0.5229220926737708,0.5173688739271481,-2.9372664534398676e-09,0.5232778452772148,0.4873873724881836,-0.0031188219962058465,0.529858619582156,0.4539919772789751,-0.006458196973264938,0.5357919213924754,0.427617488393443,-0.009434186125827372,0.5378221491439714,0.40751377094105085,-0.011526558359237748,0.5380128162047124,0.446229355613889,-0.009604926983405123,0.5614742126012582,0.44223030822459286,-0.014932276555013087,0.5619093619791309,0.4470184232436229,-0.016587452778830766,0.5586876908477239,0.44702522870899225,-0.01733395470009317,0.5408548918444861,0.4603546297950912,-0.01106674346234365,0.5653849081709149,0.46007337420866,-0.014657669413276776,0.5649317306042807,0.46347381569595364,-0.014190314741271387,0.561809863932576,0.4613256513121184,-0.014328540069693583,0.5434632451531648,0.4774300541378313,-0.012711764871744413,0.5662636915553398,0.4783983243709336,-0.01585320186004037,0.5654147555968939,0.4804799221687763,-0.014192667507972798,0.5624451527838622,0.47725720742384753,-0.013464575176192824,0.5460887732711206,0.49549270557116554,-0.014564387414971259,0.5641509418135154,0.49695485223589153,-0.01667247269288489,0.5631662980679392,0.49818522835187395,-0.015581916947292421,0.560299771720415,0.49520455124096996,-0.014881511673368888
0.5216130296877223,0.5158267816985451,-7.762627090772866e-09,0.5217704976144876,0.4859337652313867,-0.0031922689955270786,0.5283237271994721,0.4523312873651165,-0.0065529366953686,0.5341724950397951,0.42574014640290875,-0.009529756218778164,0.5360272705731478,0.405403637047707,-0.0115845154324667,0.5364949464220217,0.44463631414689,-0.009734802941402889,0.5602155875522292,0.4412863235882205,-0.015085913854422766,0.560257146997206,0.4465900000887332,-0.016691598878818534,0.5566202001314408,0.44688770945367823,-0.017398094578016794,0.5393430711686299,0.4589022226449547,-0.011155894437496528,0.5641191074017818,0.4593211368101462,-0.014748999186063715,0.5632210481354765,0.46325599668166767,-0.014173364663725773,0.5596871237250381,0.46141755962544656,-0.014245368516752796,0.5419737416813392,0.47607460159084986,-0.012768032867636163,0.5650324286848092,0.47769299311527774,-0.015916755104448187,0.5637494162669096,0.4802967114563323,-0.014124904675414293,0.5603814112775638,0.47737179155454806,-0.013314205736308558,0.544664597942627,0.4941914911387453,-0.014595871775073004,0.5629978556807247,0.4961943281653633,-0.016706783373792146,0.5616401536611244,0.49786583689320885,-0.015559181769481904,0.558379214832066,0.49515170947797404,-0.014824366254666946
0.520401661310011,0.5144025948557319,-1.238768946061369e-08,0.5204309167955607,0.484541687493583,-0.0032036382503016028,0.5269789076982323,0.450858221124881,-0.006563147524339949,0.5327490623180576,0.42410522368268155,-0.009532863864044002,0.5344308894541038,0.40360596310826946,-0.011552065540278406,0.535143803239586,0.4432122682078896,-0.009794215202736954,0.5590728789486804,0.4404085231716107,-0.015139950124324147,0.5588063069470113,0.44629938211199344,-0.016698038291453332,0.5548044849419135,0.4469187003241991,-0.017374601949177056,0.5379991876866759,0.45751970733510006,-0.011196859510461562,0.5629527882785338,0.45862048659285815,-0.014746120895455735,0.5616966128951969,0.46311859309135883,-0.01407912481092311,0.5577977882279058,0.46152631053355536,-0.014111939152466115,0.540652779696858,0.474739876564811,-0.012791088143835483,0.5639060199629825,0.4770411685556914,-0.015907216435477253,0.5622831226224279,0.48015127220384535,-0.014016746978555743,0.558562500245805,0.47745450580099597,-0.013157686856979794,0.5433859272116593,0.49287972649553197,-0.014604048374075454,0.5619146768479348,0.4954441259918413,-0.016685240987111043,0.5603352394887272,0.49752289839019276,-0.015495943904175332,0.5568154559937776,0.49503333820743733,-0.014742456666926715
0.5192824251343882,0.5130763660317962,-1.6518447472443383e-08,0.519296594038967,0.4832657471260523,-0.003218430420898275,0.5258087055681551,0.44946369671623715,-0.006595621493651611,0.5314538441060389,0.4225654895892093,-0.009574151926414016,0.5329627148650908,0.40194602186415584,-0.011576593567546905,0.5339793378099933,0.44200373199507254,-0.009889030910302882,0.5580336654555106,0.4396163383191077,-0.015230600664962651,0.5574760430403756,0.44598334750841545,-0.016740199741565123,0.5531579571785007,0.4468558747436162,-0.01738660361304805,0.5368010862090975,0.45637661581413747,-0.011276766262309194,0.5619027902239964,0.4579890598016409,-0.014803520197946741,0.5603155621806651,0.4629718951368655,-0.014052791803508317,0.5560869906162031,0.46161123636322865,-0.014045926491094275,0.5394498991488752,0.47361809532206933,-0.01285247713621478,0.5628998922417116,0.47645221057936427,-0.015951208240527356,0.5609690446131653,0.47997039369433453,-0.013974534627068253,0.5569228725395714,0.47748738902614757,-0.013071197894183983,0.5422128158041077,0.49175210991548957,-0.014645993531574345,0.5609262402722066,0.49475462168378753,-0.016710631885523367,0.5591411706295605,0.49716392291371964,-0.015482458071104446,0.5553733361925373,0.49485961149025054,-0.014709960744010962
0.5184074458110445,0.512135833707177,-2.0712105370901206e-08,0.5182892471466262,0.4823489557103872,-0.0032554911423142855,0.5247627064780174,0.4482960116641805,-0.0066520466912906254,0.5303231725728962,0.42121031004846854,-0.00962667773004098,0.5317123596642029,0.40043495877599034,-0.01159552685412344,0.5329165532344277,0.44094035834934353,-0.010053434242635434,0.5571084456636214,0.43897080315037856,-0.015376251478742602,0.5562749171924533,0.44571688575365914,-0.016803320770182425,0.5516540279392902,0.4467883121896523,-0.017392517174562853,0.535736481132607,0.45546214204464763,-0.01141987301217655,0.5609948401035062,0.4574859572065103,-0.014927542355285933,0.5590669043873502,0.46285927140852706,-0.014075123956185391,0.5545085022093853,0.4616918796194468,-0.014009003057946078,0.5383994194235775,0.4728118170281268,-0.012964985926358556,0.5620459727672587,0.4759723586684268,-0.016054710132444975,0.5597921357499578,0.47985605492732625,-0.013967285472539852,0.5554310609932619,0.4775923326110217,-0.012998984627975422,0.5412172826747693,0.4910313999726058,-0.014725344948529496,0.5601332402508431,0.49419913061780885,-0.016788475683722465,0.5580642651763202,0.49690844050666005,-0.015494926173463406,0.5539712897671262,0.4948050014522012,-0.014681232393051184
0.5175277872268045,0.511052712303913,-2.416386527479158e-08,0.5174214899080309,0.4813594803531008,-0.0032758170458287096,0.5239422325521936,0.44719392439652933,-0.006689787343177069,0.5294209210662671,0.41999518318416756,-0.009662238243216643,0.5306571306783778,0.3990922739409979,-0.011610794163367343,0.5319870425684964,0.4399894693082698,-0.01022730347518918,0.5563432732489524,0.43839929279815804,-0.015543609511375794,0.5552989059813633,0.44556621435796046,-0.016905818306977245,0.5504198875001213,0.446906322273835,-0.017447518347967383,0.5347617273782005,0.4545897236652267,-0.011575399321893684,0.5602004117571417,0.45706066622049846,-0.015056264691630752,0.5580116918135698,0.4628647628415488,-0.014113516510252057,0.5531759998223464,0.4619140037444724,-0.014003463357053927,0.5374078335266705,0.47199512091237356,-0.01308993538862828,0.5612802506075655,0.47554634562007486,-0.01616518542656185,0.5587953776536269,0.4798172520200603,-0.013988887425586313,0.5541601904614089,0.47776616157630053,-0.012973023590872077,0.5402301822232113,0.4902287857106255,-0.014815913711467107,0.5593783437574457,0.4936655853808925,-0.016874422978425316,0.5571689462255353,0.49669523438602076,-0.015532121670605062,0.5528594249684389,0.4948003102598707,-0.014688232732704018
0.5167318060967799,0.5100726227396548,-2.7287276787049704e-08,0.516636278009075,0.48046412876200056,-0.003294209449356674,0.5231998061445697,0.44619667309425454,-0.006723937918496455,0.5286044961638338,0.4188956451680575,-0.00969441606535007,0.5297022802675252,0.39787731189620934,-0.011624609171010217,0.5311459515321633,0.4391290335130622,-0.010384633410557448,0.555650887800548,0.43788214732361663,-0.015695047624208102,0.5544157377606028,0.4454298755670258,-0.01699856577357891,0.5493031445739696,0.4470131066579641,-0.017497287539041707,0.5338796969986546,0.4538002940161026,-0.011716131203529488,0.5594815533452625,0.4566758310063598,-0.015172742325770667,0.5570568562535674,0.4628697319024327,-0.014148256975607617,0.5519702516209442,0.4621149983294298,-0.013998450619777064,0.5365105721608666,0.47125611295093184,-0.01320299904304522,0.5605873677085895,0.47516085702971983,-0.01626515176694255,0.5578934360934658,0.47978214023632154,-0.014008434494534107,0.5530102113897748,0.47792345507481526,-0.012949532095398317,0.5393369796251173,0.48950252006771494,-0.01489786712789433,0.5586952567341033,0.49318279359302314,-0.01695219454342315,0.5563587944201119,0.4965023094809779,-0.015565778948982239,0.5518533262220051,0.4947960653168448,-0.014694567165593378
0.5162052883246222,0.5093956803519576,-2.934907678485155e-08,0.5159876801686945,0.47988005401722805,-0.0033486464824658306,0.5225472352483881,0.44548932085861664,-0.006798863009010002,0.5279829471943145,0.41808864037044874,-0.00974986809456848,0.529073441178026,0.39692763639225287,-0.011634240001109752,0.5303480319580205,0.4384495760783378,-0.010623875786871816,0.5550222335863344,0.4374124007527088,-0.015929665512611917,0.5536206064678537,0.44526265792040726,-0.01713079453978204,0.5482906302613838,0.44708289193995376,-0.01754366283646426,0.5330689768707272,0.453254850565265,-0.01191262964086053,0.558879332693563,0.4563355155395132,-0.015378762813165511,0.5562328050467159,0.462804735309518,-0.014249195651478247,0.5509142003367355,0.4622708967320381,-0.01402221622639711,0.5357124008491431,0.4707813358854166,-0.013345409043550997,0.5600056409410599,0.474888992555257,-0.016408787929177854,0.5570782271852469,0.4797627203075023,-0.014056786583211314,0.5519651277670923,0.47808826430929363,-0.01293786681528256,0.5385895070354453,0.4890648443998739,-0.014983977385712067,0.5580957568803117,0.4929103483947623,-0.017066160313244524,0.5555399795477652,0.4964816994940142,-0.015644245945764666,0.5507940356330112,0.49491740961282665,-0.014744654829263942
0.5158886045858735,0.508898451891516,-3.094542072346943e-08,0.5155469441689972,0.4795361593685265,-0.00335930354199557,0.5221843520589085,0.44505262863261236,-0.0067962652201064315,0.5276827042753032,0.4175764657023508,-0.009708777611386938,0.528853384904365,0.39630023677155807,-0.011535196898662886,0.5296223516740042,0.4378368158180242,-0.010776908366143579,0.5545045224376067,0.4369447012360928,-0.01607977027395597,0.5530374330748625,0.4452363338324596,-0.017179958612101233,0.5475923363980488,0.44734606401745264,-0.017503746606227576,0.5322632327872002,0.4526896732001775,-0.012035130771197776,0.5583443375466125,0.4558830074413774,-0.015504382279160445,0.5555549705070149,0.4628368665028627,-0.014254645446987879,0.5501116814627472,0.46254170650474336,-0.013931342018534083,0.5348830967113793,0.47026358638989363,-0.013427336357615949,0.5594511962851273,0.4745545247529345,-0.016501093880283188,0.5563387846162549,0.47983918277684084,-0.014051681410993876,0.5510629116578708,0.4783110790970959,-0.012859522022857981,0.5377810350160619,0.4885644114679095,-0.015020166662442993,0.5575210057356095,0.4925359664036817,-0.01707830839174168,0.5547957828513723,0.4964364894439401,-0.015594873527006926,0.5498589266127328,0.495056651931321,-0.014654574711854062
0.515355439289898,0.5084143951986256,-3.322179533104758e-08,0.5150700247810455,0.47918888033469986,-0.003415913891607525,0.5220990958572975,0.4447193748789253,-0.006863968526696676,0.5280248609367164,0.41745296103547747,-0.009736842261163675,0.5296559717750988,0.39632004921048114,-0.011513739178884992,0.5289252470253382,0.4373471029461405,-0.011105128722654551,0.5540862540327527,0.43671289281611525,-0.016365914254395132,0.552523245346545,0.44546504492660194,-0.017312738856573712,0.5469092062339609,0.44775008576094494,-0.01752830760002274,0.5314729683038238,0.4523156906833014,-0.012305663833279813,0.5579448171482877,0.4556029196265355,-0.015764860643077683,0.5550141497917664,0.4629964932062968,-0.014366907795513424,0.5494408912619403,0.4629537251916771,-0.013944268954698103,0.5340748472157516,0.46997562265256054,-0.013619435711675352,0.5589427969970737,0.47423522638544446,-0.016676496390307816,0.5556558355994512,0.4799267677087162,-0.014109474214164475,0.5502578698997985,0.47865055911752,-0.012846161586402784,0.5370087023456018,0.4882934920050195,-0.015132022803755443,0.5569948609694237,0.4921805875357921,-0.01714851240299937,0.5541641705461001,0.4963212307657117,-0.015611150537613167,0.5491125370999456,0.49515462258278153,-0.014647512886763855
0.5148729913011081,0.5079763843608835,-3.5281629981668e-08,0.5146384723126665,0.47887463619187354,-0.0034671391861290186,0.5220219496452138,0.4444178218625594,-0.0069252315615293,0.5283344699724055,0.4173412047404054,-0.009762237263319823,0.5303822126323668,0.3963379769926973,-0.011494322623026977,0.5282944544019929,0.43690397397299047,-0.011402127143358063,0.5537077733772798,0.4365031351540039,-0.016624838811018137,0.5520579696857699,0.44567199989575657,-0.01743288839064941,0.5462910587734384,0.44811567496760674,-0.01755053223119923,0.5307578776677773,0.4519772832241674,-0.012550462458936549,0.5575833010966855,0.45534947514322976,-0.016000561022948143,0.5545247746048647,0.46314093543201984,-0.014468491196893465,0.5488339099266544,0.4633265506331593,-0.013955966217067997,0.533343482390341,0.4697150514432762,-0.013793261629666213,0.5584827591516343,0.4739463012502523,-0.01683521375025013,0.5550378520545917,0.4800060211307797,-0.014161769481442094,0.5495294076761587,0.4789577461274853,-0.012834072060423092,0.5363098377601668,0.48804834373490147,-0.015233238638351843,0.556518765683075,0.49185901405498605,-0.017212038263163042,0.5535926403120927,0.49621693606025813,-0.015625879198855316,0.5484371478313337,0.49524327378366495,-0.014641122817234436
0.5147480984983246,0.50785677512357,-3.5208746330913716e-08,0.5144809639132122,0.47885062870842965,-0.003410563027149001,0.5219314865615257,0.4443606195521543,-0.006863060294557727,0.5283818786038399,0.41733803789505547,-0.009672970697221998,0.530561398395163,0.3963054922301775,-0.01137162600401012,0.52777808545492,0.43656026630433875,-0.011662696749224105,0.5533155650841434,0.43603003476000474,-0.016841207841061516,0.5517513943388421,0.445637944243402,-0.01751826294919103,0.5459532633835743,0.4484048960720709,-0.01753769733503635,0.530129271125366,0.4515156438007038,-0.012808434843960466,0.5572317370175264,0.4548730713776541,-0.01621875993562355,0.5542103741391479,0.4631322887849769,-0.014532689457677722,0.5484443940353841,0.46364414018699746,-0.013924998035530201,0.5326656371362725,0.46918613671749454,-0.014019822002636125,0.5580985796016985,0.4734122689298755,-0.017000825031440098,0.5546231001921152,0.47996403449461494,-0.01419509741548245,0.549009107241613,0.47924545002833113,-0.012804309587313129,0.5356266050656355,0.48753273847526224,-0.015421955035714344,0.5560974559847298,0.4914654903167373,-0.01738781899732243,0.5531719216280007,0.4961870970364486,-0.015757952839289078,0.5479261124423219,0.4954497150744633,-0.014750977420129343
0.5146491757833133,0.50787630894342,-3.274980920475226e-08,0.5145454970980263,0.47897461536570735,-0.0033085665924526917,0.5221012073358403,0.4445106839112519,-0.006743869088607848,0.5286685202730447,0.417461480372412,-0.00954647709109857,0.5310945935532109,0.3963314385120138,-0.011261485570889294,0.5273130529895401,0.43628351976404633,-0.01178566160536134,0.5529820353790872,0.4355026384348839,-0.016970666849072915,0.5519836764562445,0.44576595868199553,-0.017558915720270046,0.5464181667715073,0.4491957586027236,-0.01747273060489157,0.5294773458550341,0.45101382769456055,-0.012953951329828085,0.5569469260311727,0.45426122947969666,-0.01635558451240226,0.5543463825062898,0.4634417175170319,-0.014578585113765504,0.548644183494454,0.46464123868268403,-0.01388131485130003,0.531938953493861,0.46863386895450465,-0.014160711855483229,0.5577505992383592,0.47283266815479386,-0.017184441415086803,0.5545592201217593,0.48024610129556805,-0.014344933416413588,0.5489419509536873,0.48020999177614854,-0.012896182868381737,0.534840422769488,0.48701136649137194,-0.015539157439381187,0.5555872334051424,0.49111931429112804,-0.01758358722432553,0.5530798947420891,0.4964595713836592,-0.01596923577893488,0.5480357355125502,0.4962606343202617,-0.01493438521198339
0.5147854266517259,0.50814222928074,-2.9885648649949094e-08,0.5149313899222815,0.4791838224065398,-0.0030926328302199623,0.5226088225302579,0.4447918436473986,-0.006492446065689252,0.5294345449547817,0.417834156795971,-0.009299617270588693,0.5322929541891371,0.39678499177340837,-0.011044938133730047,0.5269734097964065,0.4360572666109276,-0.011798895672276074,0.552708842911931,0.43481248653569365,-0.016962152913077084,0.5523822277473649,0.44577116208343565,-0.01742757028599304,0.5471581686372278,0.450031356704825,-0.017202495043897557,0.5289214202289579,0.45050739957294,-0.013037981509326975,0.5567206982210926,0.453638144216322,-0.016434043778087846,0.5547175616813855,0.4638803751530938,-0.0145734352995181,0.5492383027725014,0.4659862582567596,-0.013775499666762291,0.5312834707549473,0.468027269585745,-0.014280945394378979,0.5574690310671369,0.4722309581501758,-0.017372558219353833,0.5547807266205502,0.4806774914040508,-0.014524271507578035,0.549340687569431,0.4815818251907531,-0.013008217188835259,0.5341195005924552,0.486402106552344,-0.015664786967780592,0.5551202727135499,0.49055590997546245,-0.01780344391979484,0.5532697120227178,0.49661962683097693,-0.016215042721086093,0.5486470519168597,0.497174235408099,-0.01514007241649863
0.5149087166669112,0.50838285396672,-2.729394114445621e-08,0.5152805747217373,0.47937312864393566,-0.002897239750272201,0.5230681508689112,0.44504625808558074,-0.00626493963820945,0.5301277015984347,0.4181713824038157,-0.009076239971244508,0.5333773208630684,0.3971954008161996,-0.010848989754635274,0.5266660751355203,0.4358525357713467,-0.011810870849608081,0.5524616378568982,0.43418798528206737,-0.016954448864578586,0.5527428668780129,0.44577587051171974,-0.0173087190759039,0.5478277778832075,0.45078746860265845,-0.016957965619558986,0.5284183769846882,0.45004914538687646,-0.013114018324557173,0.5565159903137958,0.4530743298900119,-0.016505039612246582,0.5550534324664101,0.46427730551574997,-0.014568775360949186,0.5497759065005785,0.4672033329487913,-0.013679750143397873,0.5306903407604312,0.4674783729346109,-0.014389741727268042,0.5572142470462337,0.47168648576280087,-0.01754278042729207,0.554981162330926,0.48106784556212173,-0.014686550076812644,0.549701494395712,0.48282316305882556,-0.013109594253296697,0.5334671560812654,0.4858508024174809,-0.015778465997092775,0.5546977316213124,0.490046099451367,-0.018002386764261122,0.5534414729493364,0.49676445701635624,-0.016437467297043335,0.5492002168959048,0.4980009302637361,-0.015326193641732329
0.5150882550064649,0.5087920896878446,-2.419461916517887e-08,0.5159521076395566,0.47984181272304655,-0.0028492163600570036,0.5239024274252726,0.44565313898544556,-0.006242475836267743,0.5313060404745702,0.4190411056333836,-0.009103461058702206,0.535088847060424,0.39840564654928406,-0.010931120724022822,0.5264474754563762,0.43590966761400407,-0.011835830843880894,0.5522638878973025,0.43366726219856566,-0.017105955793839944,0.5532692735485418,0.4460386580620954,-0.017492178588573406,0.5487512212938481,0.4520086107411478,-0.017093536082903878,0.5279372743053522,0.4498109039691679,-0.013163601048934956,0.5562897619458719,0.45251754755474033,-0.01672892969538333,0.5555954604814879,0.4647739074691264,-0.01481921149344366,0.550690560596069,0.46879318783970386,-0.01386752299800989,0.5300832915899669,0.46709184460279174,-0.014471169322218353,0.5569977379761065,0.4710878077278975,-0.017834552551194757,0.5554071532226378,0.481433577917433,-0.01502578641976982,0.5504527334292626,0.4842101932506028,-0.013376031851397957,0.532856165032698,0.48542471688237704,-0.015880167218898778,0.5543464840487081,0.4894581760327909,-0.018279668734307822,0.5537597456308976,0.4967618681657915,-0.016788334257456624,0.5499900397435823,0.49869154987856207,-0.01565258697722099
0.5153816778296421,0.5090826669393523,-1.718277720837972e-08,0.5168405678736152,0.48026130648236365,-0.0027746909180592152,0.5248144844125947,0.4462552839876225,-0.006193766908260067,0.5322767296784598,0.41984431238594244,-0.009129087718948093,0.5363369016842267,0.39935288575391537,-0.011064317580444953,0.526387896234302,0.43594090500668453,-0.01173802311070269,0.5520454070939664,0.4330202241416999,-0.017230284178546763,0.5539051394412918,0.4457434587273879,-0.017785675360207878,0.5499828071429996,0.45255450126348423,-0.01741995869836087,0.5275330414819397,0.44957681590101983,-0.013127288965142632,0.5559936322728483,0.45171233206771083,-0.016965179233703716,0.5562289453582396,0.4646162889328321,-0.015204763540271192,0.5518873462971743,0.4696181701930083,-0.014252299310448866,0.5295008190844555,0.4667305720424525,-0.014515381530547903,0.5566581153538287,0.4701833251822382,-0.018152937359675273,0.5559770858736417,0.48103003148545176,-0.015474237702193642,0.5516035311162456,0.48468871754528975,-0.013790273026050695,0.5322016844117379,0.4849763658650541,-0.015993885690807945,0.5538932009391149,0.48872586450428446,-0.01859681202687401,0.5542127306956116,0.49625685606129144,-0.017209797822152248,0.5511370426425818,0.49869986278542855,-0.016061474852299373
0.5160829536790351,0.5094169926020101,-7.455699207302467e-09,0.5178070690627818,0.48079528695856355,-0.0027591492977277186,0.5256102929669187,0.44696749387872714,-0.006214904728069738,0.5331290913847174,0.4207059299013397,-0.009208917223445173,0.5376716722316388,0.40057190228754525,-0.011233205399024318,0.5263432944358345,0.43613374509021235,-0.011752759737068777,0.5517541334419241,0.4323995056854941,-0.017444747239396204,0.5545718378435845,0.44517885540056046,-0.018129476809764004,0.5514717628822513,0.4525142245424961,-0.017806171194237986,0.5271405334261313,0.44928912668168713,-0.013192669036893277,0.5556803865229311,0.450609205252813,-0.01739715177063162,0.5570065411190473,0.4639401699876894,-0.015785663102050568,0.5534435590049355,0.4698678522998672,-0.014793678932830784,0.5289536828299543,0.466163514599626,-0.014641192939333565,0.5563374523925663,0.4688279601615456,-0.018668887873471388,0.5567071821600962,0.4801770721373231,-0.01609224581818319,0.5530925365453934,0.4847280336371933,-0.014309568875970803,0.5316436506284979,0.4842873796299217,-0.01616788779596676,0.5535165510530965,0.4876667330167637,-0.01911870008242748,0.5547658923007416,0.4953490591240929,-0.01785723978526562,0.5524661764053764,0.49823421866749534,-0.016669010235845123
0.5168852189711981,0.5098565000364468,1.0369121706839578e-09,0.5190012434422743,0.4815416574069127,-0.002525672310713793,0.5267078163349757,0.44798083771966946,-0.0059491557524628536,0.5341082246444327,0.4219813043542664,-0.008997769599140247,0.5388812758589978,0.40207509524684154,-0.011136056714427814,0.5264337566869512,0.4363820150129291,-0.01145793528865807,0.5514397536443671,0.43151259695538313,-0.01739164389816483,0.555194734422033,0.44397332786757493,-0.018372685779064372,0.5530569335903301,0.45159000238097363,-0.018227737517749257,0.5268492566271773,0.44908105188729264,-0.013096745662704787,0.5552411127410695,0.44906512789185743,-0.017700990794671276,0.557751512961122,0.4624221884251196,-0.0163985411681777,0.555158608404327,0.46899084577647704,-0.015495850359327719,0.5285032489004297,0.4656739369884463,-0.014749550754640862,0.5558853945118364,0.4669993877836931,-0.019172813119483496,0.5574861983289974,0.4785089036856796,-0.01679817925238368,0.5548313381206477,0.483738604748944,-0.015002738046772983,0.5311754066149743,0.4836528286825994,-0.01645646579970975,0.5530239697577438,0.48621719451714,-0.019729485676089828,0.5552001988292661,0.49386655848310235,-0.018606858296779404,0.5537184709258847,0.4971068460530276,-0.017411169989836973
0.517611168840041,0.5102541993604753,8.721664553977076e-09,0.5200818220770932,0.4822170294245983,-0.00231440480387248,0.5277009378782807,0.4488977873068085,-0.005708686127425458,0.5349942179292146,0.42313535891186976,-0.008806707376122493,0.5399758160356839,0.40343529709317166,-0.011048149290873508,0.5265156137234889,0.4366066682786187,-0.011191155992898697,0.5511552792005232,0.43071005534902274,-0.01734359200812469,0.5557583780120583,0.4428824760471032,-0.018592759514136466,0.5544913150584863,0.45075369678045335,-0.018609202377629315,0.5265856875109969,0.44889277019147983,-0.013009946992001536,0.554843624843433,0.44766793076938577,-0.01797592715525626,0.5584256194148459,0.4610486047402485,-0.016953119256084417,0.5567105138634183,0.46819726443019577,-0.016131227783666192,0.5280956624633059,0.4652309304093306,-0.014847601041221691,0.5554763386017391,0.46534475821060906,-0.01962880251578757,0.5581911106456147,0.47699941962783954,-0.01743696082373644,0.5564047363317263,0.48284329520648894,-0.015629969554287262,0.5307517042767024,0.4830786393446302,-0.016717592843363042,0.5525782452196778,0.4849055432541925,-0.020282170337811708,0.5555931919831515,0.4925250805999136,-0.019285169405874568,0.5548516410278401,0.49608671467054755,-0.018082731855137507
0.518559733120746,0.5109761012037767,1.7536542165561695e-08,0.5218513311203418,0.48314832675621894,-0.0020629426120431296,0.5293133198808128,0.4501410028335906,-0.005368099653850699,0.5362905437803638,0.4246637546019457,-0.00849718136522258,0.5412539168993808,0.4050815708283706,-0.010855370560000285,0.5267870075295726,0.43692764126820605,-0.010726137914435302,0.5506748857126885,0.429758684385687,-0.017093945358960826,0.5561480900435273,0.44113506805446395,-0.01871757397308257,0.5558927605618244,0.44885090172830455,-0.018994118535538708,0.5264575830898905,0.4487671341871682,-0.012760722209392079,0.5542690592267906,0.4460449251617341,-0.018118612629255564,0.5590110509332524,0.4590817774151301,-0.017505456703119954,0.5582988162952294,0.46652271067374584,-0.016853748776980947,0.5277835181766103,0.46485957372433395,-0.014820032435232902,0.554852846534153,0.4635020305710351,-0.020000369694002054,0.5587435343730341,0.47501031380356246,-0.01809742913864204,0.5579178906213994,0.4812505402214091,-0.016345034107804444,0.5303708466997571,0.48260514606083044,-0.016890228449185765,0.5519834651129925,0.4835058463348017,-0.020765373310629682,0.5558297680824069,0.4908715818182036,-0.019913983019334714,0.5558459871197081,0.49462827245836427,-0.018717961963776855
0.5195343206650718,0.5120506104781812,2.620426974133552e-08,0.5239978171537907,0.4843275990050462,-0.0017040318198482689,0.5312944810915504,0.45172580527557643,-0.004894244101943235,0.537944272451034,0.4267221502277238,-0.008059350659855628,0.5428465719101846,0.40737807635400153,-0.010543005544113969,0.5271268525653411,0.43741808699760054,-0.010198769668847448,0.5501289407614738,0.42869019258212204,-0.016794361802862985,0.5564716782464822,0.43895519588813353,-0.018841183713463872,0.5572242433205076,0.44635741558180286,-0.019422436742757235,0.5264774413802294,0.4488432119171643,-0.012527539847454184,0.5535739099164203,0.44403241823791073,-0.01823486071620645,0.5595005938240184,0.45614002935703063,-0.018071651902120872,0.5598221288190245,0.46355283348590914,-0.01764908662451005,0.5276971539691849,0.46466316612185904,-0.014878091135712292,0.5541048350185845,0.4613134672534737,-0.02037384485838396,0.5591862790532255,0.4721526870518771,-0.018766519362784628,0.5593362754889879,0.47845166128852834,-0.01712015971264901,0.5302838011448477,0.4822554967157271,-0.01721737751091443,0.5514066344761661,0.48176618307940366,-0.021320133339036547,0.5560226572001622,0.48855472668286826,-0.020570379440052057,0.5567618826160962,0.49236979272201814,-0.019386495826030366
0.5206054954987946,0.5134273401944957,3.514420706050351e-08,0.5262258981944989,0.4855521685198519,-0.0012619752796629827,0.5333922754561551,0.4534443315935249,-0.004310034311519723,0.5398259081160738,0.4290058294766077,-0.00751931128048729,0.5447401260357244,0.409984101195333,-0.010131327704076265,0.5275726357374553,0.4382521487898674,-0.009419987692579006,0.5496067551117306,0.4277308705881805,-0.01622335227736356,0.5567550788040421,0.43664099948019996,-0.018705600324329243,0.5584890789716116,0.44360581777574254,-0.019607270222970846,0.526659769341924,0.449110286189683,-0.012095021408393997,0.5528777778452555,0.44192740009309545,-0.018145993154214734,0.55987554167907,0.45290183885986973,-0.018491356399502737,0.5611830447558909,0.4601364542193339,-0.018356204437271446,0.5277799108786323,0.4644464131088171,-0.014802231880016838,0.5532373507630741,0.45879004039607063,-0.020600077136327107,0.5593778646096915,0.4685774483144175,-0.019386096574390783,0.5604886091258259,0.4746987438712924,-0.017941259351365767,0.5303575670965672,0.4817254805629393,-0.017473404958040985,0.5507820895398493,0.4795744807326216,-0.021808177661419136,0.556118012111237,0.48550997641501265,-0.02124014117663614,0.5576356328398807,0.4891486030096137,-0.02015894837558868
0.5215747749100396,0.514673108603967,4.3233733539737315e-08,0.5282420332000591,0.4866602509551105,-0.0008619693333707143,0.5352905172955101,0.454999383229569,-0.003781397431826425,0.541528553335294,0.4310722739151289,-0.007030643104944004,0.5464535559728195,0.41234222812697174,-0.009758810686450384,0.527976013820105,0.4390068705192237,-0.008715287291037497,0.5491342423311749,0.4268628040240601,-0.015706659988423414,0.5570115209056768,0.43454694082500256,-0.018582914294506953,0.559633597230095,0.4411159654962863,-0.01977452143280104,0.5268247533704888,0.4493519550428673,-0.011703646252101527,0.5522478652830435,0.44002262163505856,-0.018065579112123458,0.5602148226486658,0.44997168098108675,-0.018871136539319208,0.5624145036704503,0.4570450577639237,-0.018996057723267814,0.5278547955435257,0.46425027870922836,-0.014733588730100385,0.5524523858796825,0.45650665432158394,-0.02080478908648302,0.5595512256050474,0.46534230388289555,-0.01994673655208632,0.5615313271153721,0.47130282243054417,-0.018684251951017094,0.5304243160678851,0.48124588215533015,-0.01770507781423654,0.5502169543918686,0.4775912639005664,-0.022249796805715455,0.556204296393836,0.4827548577788157,-0.021846191880286803,0.5584262676418034,0.4862338287172637,-0.020857921436642002
0.5227807901978687,0.5161257965655859,5.0975220120195996e-08,0.5303315641440987,0.4884371303854732,-0.0007024026596561359,0.5373181390807817,0.4571202304288383,-0.003547396297423165,0.5435077889947549,0.4335040366424993,-0.006839676870452028,0.5484737688535412,0.41488829024545826,-0.009667036901460882,0.528665570606386,0.44003351646885636,-0.007988432661969394,0.5486828240766202,0.4262788568688867,-0.015073879516453111,0.5570469429547672,0.43230179087084986,-0.01828718978581888,0.5604406561068542,0.43800334578980854,-0.019746129941205736,0.5272673805895337,0.4497510509754271,-0.011136468835108637,0.551499226298785,0.4382956728361192,-0.01767416306893703,0.560214260842347,0.4465577762182899,-0.018915576178762758,0.5633322224836491,0.4528603342758195,-0.019322244058901542,0.5280982269251195,0.4640125873772083,-0.01436583989724664,0.5516083380809171,0.454242669815098,-0.02055475679071722,0.559466898648462,0.46153038573765487,-0.020066601042324786,0.5623389551116219,0.46685489372180045,-0.019042055606221023,0.5305624270222512,0.48050379533444265,-0.017549269443219072,0.5494755957168079,0.47524401965687685,-0.02220750977663877,0.5559051212771456,0.47909975069516925,-0.02202896442186326,0.5587951782146657,0.4819016495217752,-0.021204531154218133
0.5241986972267484,0.5176166481992719,5.721242772282017e-08,0.5323082727700529,0.4907876998304912,-0.000573552436862573,0.5392620515097688,0.4595195773180871,-0.0033060985103320604,0.5454510601959526,0.4360812988323847,-0.006567386375043319,0.5506373587350198,0.41769785280653493,-0.009442357758404829,0.5300034118427851,0.4416371229893869,-0.007529768422193967,0.5485179139619347,0.4259549392876139,-0.014600499671026123,0.5570899326965787,0.42998318393201523,-0.01798287918742498,0.561068993329488,0.4343076382484292,-0.019610922482140823,0.5283051528892283,0.45067905258925856,-0.010822471868473044,0.5506192164704249,0.4365690466141898,-0.017392181321264,0.5598094101432085,0.442688022831581,-0.018948932012711136,0.5637345045152381,0.4478510108010956,-0.019606159621628406,0.5287262518523328,0.4642620260968241,-0.014219271441201116,0.5503883754704818,0.45185174706404313,-0.0204839352887297,0.558830714607223,0.45739680567381136,-0.020352434158674507,0.5625101056734135,0.46198264687608964,-0.019599909647346783,0.5307542991817374,0.48012781965437906,-0.017571197325987758,0.5483515816549533,0.47283477079519687,-0.022413908548781128,0.5551343154506175,0.4752158751227713,-0.02253259707318001,0.5586158543983039,0.4772327748833465,-0.02195566452315434
0.5257396264485681,0.5193879361958444,6.31597249330629e-08,0.5343409734166891,0.4934605626085967,-0.0006465440958719278,0.5413471699916447,0.462357692049973,-0.003339788847548245,0.5475666467489992,0.439123166974954,-0.006597724840584304,0.5530102240686556,0.42095530448854873,-0.00954539746491941,0.5317304383799528,0.4432132387615515,-0.0071500079694152225,0.5488256951558032,0.42594816080880693,-0.0141996075382488,0.5572895403248829,0.4279425390701125,-0.017736334641448658,0.5616057462858595,0.4307005152309896,-0.019524093681306753,0.5296700894159004,0.4515232913521814,-0.010527771713990958,0.5499359920684229,0.43511726523124244,-0.017116724957811365,0.5591745960072119,0.43887558456787595,-0.01897470706982461,0.5636462382692229,0.44252473780892654,-0.01986112261293206,0.5296128037346174,0.4645668829328934,-0.014060450773680962,0.5491355988201723,0.44970736250304716,-0.020430522467375895,0.55771050588828,0.45302061944708705,-0.020682473704652215,0.5619711231072921,0.45612805940445705,-0.020215918018961054,0.5311361121045135,0.48003678883348433,-0.017558228392224207,0.547132029011482,0.47082488887719687,-0.022596490871742474,0.5539455934426186,0.47148076956219587,-0.02299735171191273,0.5578417001910286,0.47220755190803826,-0.02265478914086713
0.5271339748983963,0.5209907305599514,6.854128596023124e-08,0.5361803135729195,0.4958791695234905,-0.0007125924290133402,0.5432339417406277,0.46492583133943793,-0.0033702743940654967,0.5494809882962602,0.44187567764780933,-0.006625177361957923,0.555157370772577,0.42390289133348025,-0.009638635527391675,0.5332931816525271,0.4446394266438686,-0.006806372200075475,0.5491041986876202,0.4259420271322676,-0.013836850238321496,0.5574701602931195,0.42609601039147277,-0.017513242626171193,0.5620914406591374,0.4274365195091309,-0.01944552446337703,0.5309051864619749,0.4522872219686547,-0.010261104888709403,0.5493177593343515,0.43380358443906974,-0.01686747135943912,0.5586001685163693,0.4354258041965326,-0.018998030276641313,0.5635663683429728,0.4377051261195443,-0.02009183226958196,0.5304150224382747,0.4648427402862187,-0.013916737909766358,0.5480019924509729,0.447766962356096,-0.020382190536485725,0.5566968569363199,0.44906071759371907,-0.0209811182645708,0.5614834112157178,0.45083038910924744,-0.020773328642290822,0.5314816051028022,0.47995441731232436,-0.017546493127272984,0.5460284862180628,0.4690061968198215,-0.02276170506547848,0.5528699485228782,0.468100965626631,-0.023417896601899427,0.5571411873423155,0.46766035287615304,-0.023287409583870607
0.5286457564349583,0.5226199781951956,7.421898358753408e-08,0.5380068794330771,0.4983937024778224,-0.0009158255888190846,0.5451813145072175,0.4676449215799927,-0.003536129395736455,0.5515104890984632,0.44472966815367826,-0.006744899419609864,0.5572724024188263,0.4268525403097108,-0.009745966572211513,0.5349659803755286,0.44600977485681753,-0.006469286421529519,0.5496540884556615,0.42591467053512283,-0.013381370499015555,0.5577486124624873,0.424189350350785,-0.0171074690807884,0.5624509256150088,0.42402664474118035,-0.01910622858894061,0.5322415732647737,0.4529130645865204,-0.009859778360061328,0.5489616297458327,0.43252691330481624,-0.016366380066469878,0.5580165177865376,0.4320460537949789,-0.018615749412682014,0.5631963078924624,0.43283170814397176,-0.019787251898648637,0.531299431846555,0.46488521590691617,-0.013505898633288455,0.5470605371914969,0.4459103887264695,-0.019894561683668696,0.5555350776878256,0.445299058405735,-0.02062744734008798,0.560541662967075,0.44566259415046583,-0.02052023694580797,0.53185216234394,0.4795737159726112,-0.017161360411619284,0.5449338302686632,0.46706051113667596,-0.022356285211841742,0.5515605076600756,0.46472785896557645,-0.023073481695898783,0.5559533060469809,0.46322291628507284,-0.0229922581454754
0.5302762116280861,0.5243624181002662,7.862715456101477e-08,0.5398792483997144,0.5009493769130874,-0.0011393576806125753,0.5471075074468742,0.47036097693241335,-0.00368460934245681,0.5535027933239992,0.44760651955860753,-0.00680672536617493,0.5594322469098721,0.42997770122204243,-0.009746120286052158,0.5365742676579587,0.4473294647371849,-0.005993292657074232,0.5503013436842934,0.42595167547829277,-0.012759717453302085,0.558104143050264,0.4225285930186749,-0.01653551158738818,0.5628503710469749,0.420900923204563,-0.018608040519968252,0.5336020919576241,0.4534718471989584,-0.009279400876380012,0.548926386645861,0.43154471052482773,-0.015597661653755887,0.5575726356404996,0.42904199750330374,-0.017961010089161008,0.5627717291186409,0.4281430768154248,-0.019241145733986127,0.5322693775829587,0.46472937802305486,-0.012893396115199154,0.546441363979452,0.4441677494205156,-0.019125689372050378,0.5544491525793415,0.4416810410962538,-0.020015009698075386,0.5594397796058811,0.44047855049854856,-0.020051956387806137,0.5323136933849063,0.47886869770179835,-0.016563672139554068,0.543973087298412,0.465148312878699,-0.02169608802552957,0.550163431729334,0.46141820593433147,-0.02250562457035049,0.5544638794055334,0.4586255850889267,-0.02251685961536494
0.531859501870612,0.5260728555140954,8.232329399256924e-08,0.5416931543738414,0.5034538460187215,-0.0013950936015318192,0.5489926665341156,0.47308579029129216,-0.003935467108437077,0.5554494021238308,0.4504699273354571,-0.007039848916249045,0.5615140727465695,0.43304778485219575,-0.009992889548053756,0.5381911188336562,0.44862360201124724,-0.00571139439423274,0.550975966660165,0.42609550767349563,-0.012403397265433023,0.5584432263529497,0.4210544678730791,-0.016274003157270053,0.563148435594569,0.41797559478910573,-0.018460369781650384,0.5349673239370737,0.45402820413961886,-0.008926761638574079,0.5489549653898358,0.4306873310380383,-0.01513623456948323,0.5571246264212438,0.42620574833395475,-0.0176577227089462,0.5622138640532339,0.42357161189424203,-0.019083613507307497,0.5332621333371447,0.4646741382590477,-0.012532801153960056,0.5459324247294495,0.4426488503040746,-0.018681690908156662,0.553431350031984,0.4383401296453142,-0.01977139121067958,0.5582949328738941,0.43552567563192934,-0.019985931063030683,0.5328412377545513,0.47840556103557,-0.016239101349340482,0.5431112248492111,0.46357713771461245,-0.021374396953746884,0.5487675127087865,0.4585068186142888,-0.022313848221932327,0.5528316704472563,0.45441939910287477,-0.022447964646619988
0.533481709071239,0.5278894480827475,8.489972580483234e-08,0.543549310689772,0.5059984181278223,-0.0016068947091317965,0.5509152541274136,0.47585411559885527,-0.004117523896361901,0.5574445129739589,0.45337850137255475,-0.00717992567477871,0.5636152088483939,0.4362106564344405,-0.010123600695299531,0.539860794866051,0.4499279534703808,-0.005444888741553342,0.5516498168565813,0.42635542171537694,-0.012053974396848318,0.5587425361125199,0.41981946860907726,-0.016001858598076332,0.5633796425714674,0.41542080691999345,-0.01828220641202297,0.5363801954890561,0.4546878232170093,-0.008592830724941602,0.5490532583917885,0.4300320344998896,-0.014693891754858922,0.5567037949412122,0.4236834315473713,-0.01736833721391839,0.5616262231370075,0.41944912240113097,-0.018929421281860936,0.5343119016342333,0.4647725171112111,-0.012180075986511107,0.5454821777913559,0.44139200996314926,-0.018239819956072892,0.5524191940866174,0.4353512172250665,-0.019520380019530444,0.5570873564430274,0.4310582505608454,-0.019896516404043583,0.5334352801155451,0.47814791890635405,-0.015904527569835517,0.5423012852563951,0.46224504153718043,-0.021032268699032994,0.5473859137533376,0.4559245766022521,-0.022090314152014377,0.5511575605818608,0.45063602562388777,-0.022331868877854554
0.5349496039384829,0.5295332374250504,8.7231074741986e-08,0.5452289002809806,0.5083009380135911,-0.0017985482528975996,0.5526549557259135,0.47835910417754146,-0.004282262546540781,0.5592498390601418,0.4560103975313218,-0.007306677642583055,0.5655164745424782,0.43907266010421464,-0.010241877954862593,0.5413716430961445,0.4511082285987393,-0.005203734418290349,0.5522595671056422,0.42659061145430466,-0.011737790351373203,0.5590133740545653,0.4187019485536999,-0.0157556017688412,0.5635888560027289,0.4131090430475872,-0.018120990819029754,0.5376586677448989,0.45528469608113126,-0.00829066496341268,0.5491422012796001,0.4294390729938012,-0.014293626765960927,0.5563229950228823,0.421401049948302,-0.017106479491525124,0.5610944815170851,0.4157187843993853,-0.01878989657982877,0.5352618108039718,0.4648615376827387,-0.01186090377309354,0.5450747605581169,0.4402547264615866,-0.017839981943828083,0.551503319396578,0.432646624865578,-0.019293246248353636,0.555994650625923,0.42701578895106707,-0.01981560730751584,0.5339728142433009,0.4779147849645766,-0.015601780095000066,0.5415683911041482,0.46103966090468673,-0.020722685367853412,0.5461357392907232,0.4535879701601249,-0.021888043743055606,0.5496427002867847,0.44721254525188286,-0.02222681671003429
0.5363943759327491,0.531181204290027,8.896087103144539e-08,0.5468983303564894,0.5105433861620741,-0.0019562013502419113,0.554318565456822,0.4808670879622299,-0.004432739943992536,0.5609204636764366,0.4586002520983535,-0.007450728711784419,0.5672882403238714,0.4419288609066285,-0.010412876018957764,0.5428544773939907,0.4523836431256082,-0.005036283510712472,0.5529038928277699,0.4269169115796451,-0.011503814711893276,0.5592977125272519,0.4177726311918147,-0.0155771874659156,0.5637508675158777,0.41105244656155676,-0.01801991872486386,0.5389092316526415,0.45602622270764925,-0.008081291159468163,0.5492309218282262,0.42896808914998896,-0.01400538326717898,0.5559228424328984,0.41934818259896983,-0.0169359528955688,0.5604727709438765,0.41229421029564006,-0.01872551165974492,0.5362022465486173,0.46515213115005705,-0.011640793131327386,0.5447208008748667,0.4392540614485959,-0.017545684965433916,0.5506010060986471,0.4301749743224058,-0.019150499625564067,0.5548178182065343,0.423266439255663,-0.01980465624519568,0.5345410149414921,0.4779177583841391,-0.015397271798709417,0.5409303423909452,0.46008819727497574,-0.020509878025072342,0.5449712677073094,0.45156448749571365,-0.021774322991897025,0.5481650068867971,0.4441631780390097,-0.02220362857986661
0.5377910715258037,0.5328743698170341,8.997897760074774e-08,0.5484949568751254,0.5127541621112143,-0.0021440624570805114,0.555911388121577,0.4832459628270551,-0.004607476717845941,0.5625263640922396,0.46098108882876615,-0.007612286030941404,0.5689720077709968,0.4445114267291578,-0.010583020430752802,0.5442484655161414,0.453539018174573,-0.004800404532508708,0.5534852431593618,0.4272544754592987,-0.011207610681189391,0.5595267105878649,0.41695038034007453,-0.015348891169854426,0.5638711650898354,0.40921152103709546,-0.01787760026870975,0.5401042421146109,0.4566761565456233,-0.00780014025238812,0.5492812544974838,0.4286278035634556,-0.013653234478823722,0.5554851577209967,0.417566559244547,-0.016703079293309976,0.5598276583228171,0.4092390509977285,-0.01859252595794572,0.5371268128821871,0.46538851284512933,-0.01136094136905946,0.5444144708411129,0.4383871001605239,-0.017217764756444126,0.5497262275027565,0.4279572406901968,-0.018976188476742446,0.5536545196473716,0.4198298102016977,-0.01975438758174853,0.5351402819390012,0.47793647205857814,-0.015150619683785066,0.5403982393814114,0.45930325772626945,-0.020278175441676996,0.5438887463558536,0.4498202660852103,-0.021643414928048173,0.5467368205680164,0.4414616351151776,-0.02215766947980881
0.5390532396127177,0.5345603481736698,9.063946799143654e-08,0.5500015572200412,0.5147879657675579,-0.002261538817844201,0.5574212539304534,0.4854254453507796,-0.004693927396441425,0.5640564834145834,0.4631858766275785,-0.007686969617689252,0.5705791300791939,0.44690301224121437,-0.010677630767518839,0.5455754285421056,0.454572669382322,-0.00449355120213819,0.554073559287071,0.4276290246814007,-0.01082559845880151,0.5597767158644037,0.416280624393495,-0.015040335608020611,0.5640226852675124,0.4076250493059204,-0.017665442027352086,0.5412190636533346,0.45727787887710025,-0.007491489904130439,0.5493221669776767,0.42836966639131674,-0.013263669828744077,0.5550463170945897,0.4159826515458154,-0.016451304601775713,0.5591898155958822,0.4065036708844856,-0.018462835019616958,0.5379719630956288,0.46567109092829895,-0.011091433035065334,0.5441322002090014,0.4377209872368929,-0.016893860656413625,0.5489031375798031,0.4260444811960966,-0.018815156661802977,0.5525560217253401,0.4168051328562043,-0.019734254153082217,0.5356794819710524,0.4780911101462211,-0.0149448874717252,0.5399122223892814,0.4587219895990287,-0.0200835640867925,0.5428938457089959,0.4483894458707566,-0.02154472665930378,0.5454265678479852,0.4391881594270544,-0.02214663477701396
0.5401953440588476,0.5360859479706831,9.123712928524743e-08,0.551364842324703,0.5166283040097843,-0.0023678402489566213,0.5587874938720714,0.4873976047694942,-0.004772154460981037,0.5654410502557805,0.4651809341590627,-0.007754548934075079,0.5720333750032234,0.4490670983680458,-0.010763241303382206,0.5467761643137645,0.455507994599587,-0.0042158872708761945,0.5546059118890367,0.4279679449379753,-0.010479925119260847,0.5600029394085191,0.4156745789290745,-0.014761131369930444,0.5641597921001107,0.40618949057438514,-0.01747346532214941,0.5422278378801738,0.45782236241874624,-0.00721219989616758,0.5493591876613835,0.4281360844975358,-0.012911162485606534,0.5546492211485281,0.4145494129433374,-0.01622347995812832,0.5586126476085778,0.40402849359108023,-0.018345480921677267,0.5387367184609617,0.4659267887933559,-0.01084756166031336,0.5438767805487448,0.4371182382531472,-0.016600767908625125,0.5481583440215472,0.424313672799625,-0.018669442985694725,0.551562018332429,0.4140681777071932,-0.01971603591524683,0.5361673906421272,0.47823103829784297,-0.014758725520284774,0.539472437725605,0.45819601455703685,-0.019907465121856368,0.541993584908541,0.44709473231755953,-0.021455426104423306,0.5442409528157112,0.43713094793637053,-0.02213664974946146
0.5412637380835923,0.5375549094654292,9.174529670077149e-08,0.5526249347530785,0.5184159590652836,-0.0025082209097327755,0.5601053146633196,0.48932407995358806,-0.004904005442923937,0.5667910411215827,0.46708540100492113,-0.007875313587253536,0.5734754569918191,0.45111456432530095,-0.01088649859555509,0.5479155178674973,0.45647842972460717,-0.004036280528084317,0.5551495906883065,0.4282231060016959,-0.010223828238519233,0.5601927429921341,0.41502919156706497,-0.014526462613334193,0.5641658492940068,0.40478534119735693,-0.017288414775506175,0.5431710828219106,0.4584304398800484,-0.006991770968201181,0.5494464259461662,0.4279330624672219,-0.012626801948642739,0.5543020438216982,0.4132729311497794,-0.01601999665828286,0.5580428633565462,0.40185408444493176,-0.018209453759316093,0.5394400889857549,0.46621851936801867,-0.01061763057979729,0.5436826366679508,0.43652755167028945,-0.016332885954657192,0.5474972185073278,0.42271353061787037,-0.018522939323174552,0.5506418800163766,0.4115774798636361,-0.019667005001879033,0.5365938164788026,0.47835744600913427,-0.014539820490687118,0.5390848067384195,0.4577195285407044,-0.019707945697788536,0.5411769825558573,0.44592117398496783,-0.021337822158485377,0.5431433475837673,0.4352542360655109,-0.022083737238986715
0.5422321624870419,0.5389019962572348,9.177463656060741e-08,0.5538187187418616,0.5199760368977513,-0.002639725022217371,0.5613843116728204,0.49102675397286405,-0.005021991875087937,0.5681651568563957,0.4687880927158125,-0.007982309357141873,0.5749726836170346,0.45293702206489417,-0.010997806732515786,0.5489999291900362,0.4573236244142624,-0.003817514622782203,0.555691537809627,0.42851732469403525,-0.009921591271608724,0.5604103495722074,0.4145906972724106,-0.014251682652585923,0.5642074304695033,0.4036777593370064,-0.01706822302214923,0.5440689855390358,0.4589433094637519,-0.006731268009319014,0.5495853190829938,0.4277721458381778,-0.012280194449069652,0.5540230620211927,0.4121856637583985,-0.01575369300438048,0.5575219047339803,0.3999476315130976,-0.018020095997208486,0.5401119542198328,0.4664664334691953,-0.01034683977780062,0.5435629848639285,0.4360809061695004,-0.016000167605585435,0.5469329961592762,0.42140287263995524,-0.01829270197913009,0.5498041555476031,0.40947166516415695,-0.019526684523306227,0.5370000845150104,0.4784920820337716,-0.014281232849647016,0.5387630562614748,0.45734655827166043,-0.019436535678949665,0.5404521491079062,0.4449372225857411,-0.021119743938009212,0.5421275744731041,0.43365190704754253,-0.02191507082561726
0.5431577085648653,0.5402150446406635,9.131915765016698e-08,0.5549464917957802,0.5215713600940066,-0.002675113653175231,0.5626231091306414,0.49268631910393856,-0.004966318746435543,0.5694855966963149,0.47042995829308415,-0.007856258028008394,0.5763726813470905,0.4546769020528483,-0.01081085265109419,0.5500350895875855,0.4580828890500651,-0.0034296497758512135,0.5562725030311872,0.4287202714104248,-0.009376838299642852,0.5607053964205889,0.4141330966684473,-0.013680674717196618,0.5643424875802856,0.4026561110812094,-0.01651478277207018,0.5449115710914253,0.4594049713264962,-0.00632121705155979,0.5497098320242584,0.42756836051346975,-0.011724054538324369,0.5537678854570696,0.41119051116785493,-0.015235890374740036,0.5570498388829366,0.3983164457789553,-0.017552197439210014,0.5407413915284811,0.46664191017792533,-0.009945183143342886,0.5434854343771877,0.4356014346756654,-0.015487981877335728,0.5464489634804152,0.4201589333131327,-0.01786517873699898,0.5490625962457113,0.4075759691585946,-0.01918218148199619,0.5373961578298606,0.47849100467259476,-0.013905439636509599,0.538478398624482,0.4568541484428437,-0.01901335157639108,0.5397645707157789,0.443917017730315,-0.020744394006444553,0.5411432683568224,0.43210827338229657,-0.021588641234993634
0.5439952121442538,0.5414031893990724,9.090700613554233e-08,0.5559669855259419,0.5230149282956972,-0.00270713594337451,0.5637440660769474,0.4941880182314113,-0.0049159415198021745,0.5706804297994924,0.4719156415354284,-0.0077421973217232706,0.5776395044023132,0.45625127609270666,-0.01064168256208027,0.5509717804330889,0.4587699286966306,-0.0030786805422204247,0.5567982039813778,0.4289039128362532,-0.008883904911629542,0.5609723769605399,0.41371902528623056,-0.013163983867106922,0.5644646973939429,0.4017316470360285,-0.016013988482596362,0.5456740057588886,0.45982271764056926,-0.005950172159162177,0.5498225006817006,0.4273839602518737,-0.011220817393194544,0.5535369825436979,0.41029002238983764,-0.014767343679841314,0.5566226782591392,0.396840426460496,-0.01712880769503221,0.5413109536622577,0.46680069467842944,-0.009581734064897696,0.543415260874447,0.4351675728702695,-0.015024517776521222,0.5460109743723629,0.4190333236177127,-0.01747832360991704,0.54839157771455,0.40586060108764505,-0.01887044926561007,0.5377545547015403,0.4784900297953158,-0.01356539372344969,0.5382208190229969,0.4564085790605717,-0.018630422828568395,0.5391423981645528,0.44299385978215733,-0.02040474920783238,0.540252594283049,0.4307114777490113,-0.02129326323370761
0.5447283332227686,0.5426257573962514,9.048210382083727e-08,0.556889888909915,0.5245202242443024,-0.0027667118324064236,0.5648012053993237,0.49568331985151404,-0.004913785898315055,0.5717675578785025,0.47335774246042445,-0.0076890958981592344,0.5787316622508784,0.4577649845320688,-0.010540554574350403,0.5518387709889433,0.45952791216842764,-0.002814609295339541,0.5572538716281686,0.4291857624240956,-0.008520055514723629,0.5611982440701874,0.41346424918609403,-0.012790210281992185,0.5645754294256786,0.40100602555432024,-0.015656162327440187,0.5463898422821902,0.4603390200874035,-0.005653545060472062,0.549984660273896,0.42730647548244655,-0.010831095975895039,0.5534162960459544,0.4095507806375526,-0.014414526928871381,0.5563322671838843,0.39556293254310915,-0.016814684231665586,0.5418603498957137,0.4670967530337681,-0.009278102338445062,0.5433659997073967,0.4349066284108279,-0.014640982765372014,0.5456277860726431,0.4181436696623083,-0.017156441361660096,0.5477773987979104,0.4044501034212005,-0.01860735935852935,0.5381153901818893,0.4786440999999987,-0.013272139752040389,0.5380291375073313,0.45612852170109763,-0.018287780721031408,0.5386338122962407,0.4422244522798429,-0.02009807558506716,0.5394987574441494,0.4294626312563183,-0.021027096465841964
0.54552074016864,0.5438384354808645,9.046678310027826e-08,0.5578304667529989,0.5257173920150843,-0.002927212854035977,0.5658497386564861,0.4969462751745596,-0.005128732700533498,0.5728828030267046,0.4746654815813839,-0.007948124884200736,0.5799450912291466,0.45906939297872484,-0.01086308962435865,0.5526952626837279,0.4600758271567784,-0.0028034894976564926,0.5577263854479526,0.4293684363217641,-0.008502992525318609,0.5614277658684249,0.4131752549406856,-0.01284180601461028,0.5646789052763276,0.40024381293593125,-0.015781102517869947,0.5470739629082367,0.4608670301840854,-0.005616330464892394,0.5501246756312244,0.4274085417447089,-0.010775560339082734,0.5532223590478224,0.4090503512367034,-0.014474976303797403,0.5559416368232903,0.3945117368151408,-0.016981541417644894,0.5423756114846559,0.4676882548372081,-0.009234816512465775,0.5433581823836288,0.4351077452927694,-0.014592184922111505,0.545279818164516,0.4176560612641858,-0.017237330396005897,0.547210541963688,0.4033073135832202,-0.018800018583341446,0.5384600958832968,0.479450372399678,-0.013239872818691174,0.5379212108971789,0.45656864254142837,-0.018278985394621805,0.5382306446840338,0.44218246587858895,-0.020151064903303314,0.5388516521688624,0.428959891836889,-0.021135972393628213
0.5462661585907426,0.5449553868067302,9.05580483975618e-08,0.5587284451594959,0.526812965940609,-0.003064279641938611,0.5668291646698277,0.4979808538247134,-0.005290565649955175,0.573878897147133,0.4756439322422966,-0.008128815762705665,0.5809344578321028,0.46000551479773727,-0.01107622505404601,0.5535438247795327,0.4607818101623927,-0.002789747181526404,0.5582161614296757,0.42967246701371886,-0.008492394912288013,0.5616972391841523,0.41297440486846715,-0.012881548892717113,0.5648258235945077,0.3995593362043197,-0.015880498847024912,0.5477821882686195,0.46148012805409655,-0.005579461942193458,0.5503492059419625,0.42757802360215047,-0.010756331376217038,0.5531713413248437,0.40862089074864577,-0.0145493450726176,0.5557273381960731,0.39351502097940805,-0.017134733153229557,0.5429321461386638,0.4682480123398178,-0.009196929198848812,0.5434233203653428,0.4351735521236762,-0.014577898998669887,0.5450611062932428,0.4171108905351535,-0.017323256421757603,0.5468134317969743,0.4021704109702803,-0.01896604721027788,0.538846757604494,0.4800409991099879,-0.013217902874954226,0.5378443649532466,0.45676628497283905,-0.018308119124904824,0.5378806891337877,0.4419111802524276,-0.020258966649486815,0.5382936470443324,0.4282079470856256,-0.021307293213082657
0.5469406691436057,0.5459660882248758,9.064063209056243e-08,0.559541003440142,0.527804323481953,-0.0031883079623369823,0.5677154228600723,0.4989170182614969,-0.005437004252690533,0.5747802378920784,0.47652930786043607,-0.008292318435491667,0.5818297110141506,0.4608525881017594,-0.01126908599261478,0.5543116674721852,0.4614206365896841,-0.002777312102145912,0.5586593475093533,0.4299475768098242,-0.008482805396370047,0.5619410788717474,0.4127926606436967,-0.01291751123264507,0.5649587663191347,0.39893997026839473,-0.015970440108124657,0.5484230437468568,0.46203490503706135,-0.0055461005348395,0.5505523778244111,0.42773138351112716,-0.010738931566943553,0.5531251766587826,0.40823228265600486,-0.014616639518106583,0.5555334247090488,0.3926131176597782,-0.017273352536919893,0.5434357404771343,0.46875452295366815,-0.009162645912983412,0.5434822621016289,0.43523309908492774,-0.014564972022580959,0.5448631993716588,0.4166175791291821,-0.01740100874101427,0.5464540967038838,0.40114165612968666,-0.019116282377031783,0.5391966381596326,0.4805754425005646,-0.013198022820400996,0.5377748289737347,0.45694512668338333,-0.0183344815113679,0.5375640230779527,0.4416657006502871,-0.020356604250483912,0.5377887221137335,0.4275275310201538,-0.02146231715295423
0.5474423025159025,0.5469889415946868,9.218067359400319e-08,0.5602094021981889,0.5287842266060546,-0.0033631039303287313,0.5685223653098438,0.4999151815937325,-0.005681827778576036,0.575681227169973,0.47755087905624055,-0.00857703269551059,0.5828937632239447,0.46192311147943915,-0.011621979421105703,0.5549413505343099,0.4619760321638531,-0.0029430478955805046,0.5590116655469892,0.43017125746063883,-0.00866350133982117,0.5621023142501779,0.4125341527355273,-0.013141014546724282,0.5650324507349194,0.39827436490614904,-0.016250609477856576,0.5489220682968334,0.46271653092878146,-0.00569500930424459,0.5505190946677043,0.42812317378629056,-0.010905298462574967,0.5527655438575866,0.40805341368010867,-0.014934702897987168,0.5549942282946411,0.3918773642991624,-0.017718001651269313,0.543852739133312,0.4697392724604459,-0.009294664705874782,0.54336525091931,0.4360790450410605,-0.014793697785267597,0.5444196294332144,0.41684471416084773,-0.017878332546519504,0.5458241188587284,0.4007051019668975,-0.01978999113760116,0.5395817852903119,0.48199590230924194,-0.013310970862605213,0.5379272725936247,0.4586589459594587,-0.01859655081800148,0.5376843623000296,0.44348349562678496,-0.02075904970852648,0.5379271889615717,0.42939370785685954,-0.02196825663969325
0.5480471164303014,0.5478985127055351,9.491656865354832e-08,0.5609050625089835,0.5295791720774198,-0.0035534926425279975,0.5693426929583743,0.5007604824891815,-0.005997477651758761,0.5766993331174366,0.4785050629590167,-0.008979887594478481,0.5840072124334489,0.46285424407164416,-0.012125389622995931,0.5555566869179145,0.4627689308554251,-0.0032111167848847336,0.5593422797337886,0.4305694672259351,-0.009027038228943726,0.5622564618116679,0.4124530473363767,-0.013580331498149132,0.5651033896815639,0.3978025704905223,-0.01673901151674316,0.5494506882820288,0.46346317747184357,-0.0059196294438595715,0.5507198893941158,0.42842816007272116,-0.011208571154549199,0.5527688838369887,0.40774261733516565,-0.01534460109031558,0.554911997655171,0.3910578377490381,-0.018199736226294904,0.5442811565083812,0.4705231018311538,-0.009478114948002048,0.543454352166931,0.4364683206045571,-0.015052151438194954,0.5442827712973238,0.41664319895450486,-0.018253786150466137,0.5455713148045138,0.3999497536542717,-0.02024788527483612,0.5398955729411259,0.48293977770371715,-0.013458022387033128,0.537985309305991,0.459472222065347,-0.018830578565778355,0.5375864564677539,0.44392775454227906,-0.021057824422647343,0.5377304572488417,0.42946194219493394,-0.02230747376822471
0.5486786009628466,0.5487025044446119,9.777613980954886e-08,0.5615802191282572,0.5303494536989667,-0.003774064084603945,0.5701314687384764,0.5015548349367128,-0.006346859591130274,0.5776728228168219,0.4793782805924904,-0.009421866916166522,0.5850424989715416,0.46368626809828273,-0.012674276520385538,0.5561780014524152,0.4634440085394149,-0.0034677503730171253,0.5597234705297488,0.4308652796721183,-0.00938855249545345,0.5624847478714663,0.412305795461653,-0.014021661703836227,0.5652624150994746,0.3973111066512291,-0.01722988618491858,0.5499498658376657,0.4640468592651325,-0.006118496775299845,0.550922511091439,0.4285979234007882,-0.011491318804116257,0.5528098886753529,0.4073838554309381,-0.015720908139440347,0.5548939478774678,0.39031896179446085,-0.018633458855662675,0.5446593349928173,0.4710952971365297,-0.009633307872373428,0.5435285593530328,0.4366363375511418,-0.0152845079738838,0.5441729647517102,0.41630606211138965,-0.018592976552416,0.5453829056334283,0.3991811499493792,-0.020659160174547917,0.5401623147983129,0.48361789640631536,-0.013580399503988847,0.5379961629495977,0.46001480920182614,-0.01904415366787199,0.5374373095250149,0.4441138525639859,-0.021342162814954133,0.5374950206774278,0.42929336642470034,-0.022634151797879642
0.5492860193621215,0.5495104098626167,9.914117412910087e-08,0.5622387445598211,0.5312169728586352,-0.003913299065274953,0.5708931851995017,0.5024493344734694,-0.006546607626359532,0.5785563855712627,0.48032571330224044,-0.009666690468215874,0.5858922371708899,0.46456158428309124,-0.012967443814389011,0.5567959314716531,0.46404606417659394,-0.0035397402563384405,0.5601562384732328,0.43118940804912553,-0.009486359778578446,0.5627996017430686,0.412308049873933,-0.014158349606466,0.5655171822109003,0.3970269899908288,-0.017398743272763872,0.550468463836037,0.4645481147586925,-0.006151892199283873,0.5511653922310407,0.42877804472810177,-0.011540643136043074,0.5529035046972246,0.40720671150016013,-0.015819971825323135,0.5549088448220667,0.3898429037164988,-0.018773652300196685,0.5450581134127462,0.47153050034590677,-0.00964534375242985,0.5436551733631269,0.43673700272091037,-0.015305469327906135,0.5441423849466026,0.4160440950315949,-0.018662361747479563,0.5452555326921842,0.3986042878265383,-0.02076836270418379,0.5404216110404222,0.48403021678545366,-0.013585784573774922,0.5380088927933284,0.4601531866700631,-0.01906324291151853,0.5372915717180305,0.44394263595832745,-0.021391591223317994,0.537227951636528,0.42883352136105685,-0.022710062423652224
0.5498356571335608,0.5502414633407726,1.003763596655157e-07,0.5628346278110906,0.5320019693259307,-0.0040392893292737885,0.5715824434416068,0.5032587448115876,-0.006727354645323445,0.5793558994876296,0.4811830215494013,-0.009888225198979498,0.5866611440903281,0.46535363608411856,-0.013232723592425513,0.5573550809460264,0.46459084931826317,-0.0036048821076260056,0.5605478393998606,0.4314827037395609,-0.009574863151527833,0.5630845051647021,0.4123100898354207,-0.01428203508302353,0.5657477146207305,0.39676989990558015,-0.017551537843303374,0.5509377302402781,0.46500168836253936,-0.0061821108861671815,0.5513851693211892,0.42894103202820905,-0.011585275494744007,0.5529882155023204,0.40704641837197536,-0.015909612085816014,0.554922324695973,0.3894121306260573,-0.01890050985425834,0.5454189580665951,0.47192430488394965,-0.009656234720335034,0.5437697432253902,0.4368280921242594,-0.015324436734762657,0.5441147140430699,0.41580704754982495,-0.018725146681276658,0.5451402760920373,0.3980822996681215,-0.02086717735170885,0.5406562417477331,0.4844033152206988,-0.013590657389217779,0.5380204117116675,0.4602784009924313,-0.019080516292352672,0.537159697208564,0.44378770631892267,-0.021436317758193015,0.5369862875173051,0.4284174190232119,-0.022778752057071305
0.5503236610109132,0.5509226952814853,1.01082732775043e-07,0.5633425242674385,0.5327704661080283,-0.004104669738163109,0.5722339525137348,0.5039964103699804,-0.006801653994457475,0.5800806694490255,0.4819949381219571,-0.009972322209403082,0.587323881706207,0.46621709203945727,-0.013329938790012884,0.5578985023149001,0.46509616650001206,-0.0035752285808641456,0.5609278625680654,0.4317195801677959,-0.009531137422325487,0.5633656614358916,0.4122641187521694,-0.014249793765627605,0.5659644766207204,0.3965060074065883,-0.017536009771302086,0.5513990815737189,0.46544871776942426,-0.006143807208576799,0.5516229355588644,0.4290919482908007,-0.011547862138082341,0.5530970391385701,0.4068941099896199,-0.015906781580668976,0.5549339042802228,0.38906115083988985,-0.018922396688495633,0.545785920706182,0.4723063192102619,-0.009623556672693373,0.5439417821381034,0.43686904143047534,-0.015290416910996986,0.5441805692935145,0.4155559897587032,-0.018719335476387933,0.5451276653427427,0.3976293736163736,-0.02088398297959109,0.540907131139715,0.4847371096972723,-0.01357416393063414,0.5380595188530595,0.4603397284563436,-0.019074858952752474,0.5370707465070497,0.44360557986376864,-0.021451383983562725,0.5368001511611127,0.4280067373175067,-0.02281042450913306
0.550681884876139,0.5514396695959075,1.0119638257191054e-07,0.5638170982947193,0.5333785150816315,-0.004197436040614688,0.5728047762085068,0.5046008280547734,-0.006902349740919224,0.580646389877276,0.48258655293060015,-0.010066175724498864,0.587868499173987,0.46680754640216093,-0.01341455859690934,0.5583887509279066,0.46544384201951183,-0.0035551701848621203,0.5612645976740829,0.43186312102807445,-0.009497411526460602,0.563580326829566,0.4121615325231365,-0.014224391116298071,0.5660963566510373,0.3962008487965462,-0.017523895249595436,0.5518356827668083,0.4656883092002418,-0.006085659303303035,0.5518837382333344,0.42914062540434533,-0.011472156337729023,0.5532450090500245,0.40667436006045077,-0.01585488805619172,0.5550167698070956,0.38864951722967067,-0.01888795914612153,0.5461572343521697,0.4724619228255402,-0.009541394842925852,0.5441203055080179,0.4368661255674329,-0.015200454127203153,0.544225843603261,0.41533628389673677,-0.018662560644145895,0.5450873944642269,0.3972168304187147,-0.020854986647030224,0.5411998233312196,0.4848858666003021,-0.013477883883063643,0.5381366022810251,0.4604503136088545,-0.018989286017030763,0.5370289542141033,0.44357961103102445,-0.02138935752929173,0.5366933186656404,0.4278220521875637,-0.022766673815259847
0.5511141801522738,0.5518993815098849,1.0093164363916297e-07,0.5643368951666147,0.533984129581622,-0.0042382056186332975,0.5733868102203713,0.5051810554717773,-0.006931752305163583,0.5813074312365175,0.4831588552562258,-0.010090972366305734,0.588611380321866,0.46738705969480293,-0.013424161116425736,0.5588470780370949,0.46567297705294397,-0.003393060443188821,0.561572141492894,0.4319971664374682,-0.00928351950851275,0.5637834795871822,0.41215108259202426,-0.014008892909072299,0.5662191162156194,0.39603229031006176,-0.017320684964827252,0.5522498995144904,0.465774639740919,-0.005904691306305677,0.5521601016704913,0.42907373793357423,-0.0112396774023178,0.5534383691119775,0.40642603839058444,-0.015619186556283035,0.5551475501169628,0.388226391132295,-0.01865428451709135,0.5465083143863506,0.47240486544095905,-0.009360004192907969,0.5443051330829615,0.43671032641314805,-0.01496591380961173,0.544337044090367,0.41507659428917076,-0.018418034719127403,0.5451442183241685,0.3968408428340184,-0.020609425303575277,0.5414718852973428,0.4847343393228815,-0.013310314387283431,0.5382112349267851,0.4601923883504852,-0.01876690076245769,0.5369979526141571,0.44322700387990493,-0.021149526991899457,0.5365842258801451,0.4273553128629297,-0.022523436552631743
0.5515053533739972,0.5523153633639154,1.006920879767361e-07,0.5648072464016295,0.5345321350495554,-0.004275096993724034,0.5739134782922718,0.5057060888010123,-0.006958357952778406,0.5819055910880405,0.4836767173677816,-0.010113410229495546,0.5892835949585182,0.4679114468307003,-0.013432850197022396,0.5592618068157836,0.46588031563419974,-0.003246371378043177,0.5618504302299376,0.4321184607877526,-0.00908997395208273,0.5639673074545817,0.4121416267097937,-0.013813893951994092,0.5663301982861992,0.39587976593645197,-0.017136805042541652,0.5526247139263697,0.4658527580956504,-0.005740937875902214,0.5524101760572527,0.4290132131282412,-0.011029313007497822,0.5536133358131247,0.40620133830018823,-0.015405906143161969,0.5552658899600583,0.38784351487191676,-0.018442838168914618,0.546825997959674,0.47235323563563414,-0.00919586831431958,0.5444723789492601,0.43656934764125793,-0.014753684121430596,0.5444376666398136,0.41484160763526157,-0.01819676930364655,0.545195636818867,0.39650062103897893,-0.020387222963755947,0.5417180673901668,0.4845972260659023,-0.013158684926714284,0.5382787681479406,0.459958998212193,-0.018565669887873715,0.5369699000389867,0.4429079384565226,-0.020932510315663247,0.5364855105373578,0.42693297208013303,-0.022303337215631946
0.5518268278199652,0.5527473795601474,9.944161188817762e-08,0.5652082765511736,0.5350111663052892,-0.004244140477783461,0.5743583354259103,0.5060505158256281,-0.006872048320128725,0.5823913768541574,0.4839035624017113,-0.009983450342564195,0.5898113868516281,0.46808288203653825,-0.013250160578515432,0.5596514803953188,0.4661017208417615,-0.0030171865781117905,0.562106601245941,0.43229479000279514,-0.00878633982483196,0.5641636991125107,0.41225712461425296,-0.01348790089243698,0.5664865450625781,0.395913440285783,-0.016806302950686428,0.5530131511360762,0.4659153148297623,-0.005507620347782112,0.5526615683979345,0.42896831417893566,-0.010716407289834097,0.5538102310629865,0.40605474851445944,-0.015070246539547392,0.5554238372927359,0.38758185284876073,-0.018095676053415184,0.547181545913172,0.47226234585540944,-0.008970946953521297,0.5446718869270876,0.4363478436081317,-0.014463309203619334,0.5445736343233629,0.4145646208489378,-0.017887649511679957,0.5452815811889686,0.3961388053342646,-0.02007165387813616,0.5420222283310256,0.48439298065707687,-0.012947685447873837,0.538392227345068,0.4597015883722754,-0.018303269258787017,0.536975190052503,0.44262127377086047,-0.020654306332677536,0.5364012997220902,0.42657409832789533,-0.02202078618542756
0.552146887934016,0.5532949422226393,9.873616446547598e-08,0.5656011751217829,0.5355653756676578,-0.004222439193849473,0.57476051835653,0.5065286981730931,-0.006832189925915075,0.5828135457335238,0.4842939081118746,-0.00993796330226384,0.5902706588464857,0.4684241235285946,-0.013201702304069685,0.5600169682896866,0.46649227260157305,-0.0029276228103254837,0.5623315094312203,0.43255579437144526,-0.008677508550733378,0.5643413523304314,0.41240469007789016,-0.013382047260908575,0.5666493438097503,0.39592769832286034,-0.016709821990060048,0.5533771573974192,0.4662097981412613,-0.005430534260996052,0.5529003301373194,0.42902462429985505,-0.010616648928426314,0.5540045218267182,0.40595293308222014,-0.01497705512143951,0.5555983865284262,0.38732405179357715,-0.0180168709813972,0.5475068671038104,0.4724785591498868,-0.008910792201739489,0.5448593169767936,0.436329019450303,-0.014377490942430583,0.5447058703185225,0.41440077987699847,-0.01781486965144285,0.5453732980300418,0.39584948061266656,-0.020018653345624467,0.5422830544726722,0.4845541320879331,-0.012906550116086086,0.538516354267911,0.45965826848565344,-0.01823924438604558,0.5370004791659518,0.44245512500567336,-0.020600488245906313,0.5363161183527554,0.4262979902007662,-0.021986913293838284
0.552476979679294,0.553857867007521,9.901591959506268e-08,0.5659922324294986,0.5360558039577797,-0.004277010966601331,0.575237319781304,0.5070109426061631,-0.006922713344902205,0.5834174298564444,0.48476087432843445,-0.010063810891807402,0.5909435647886022,0.46886811141506557,-0.013367157327392885,0.560397947056615,0.46693601146820035,-0.002920203115662492,0.5625769577285329,0.43283426240839445,-0.00868745177350134,0.5645306825312638,0.4125408378761918,-0.013426379591881076,0.5668193415574215,0.395936823920409,-0.016777151303047865,0.5537299031966375,0.4665998467768388,-0.005410382661345356,0.5531495428550114,0.4292090895933682,-0.010594019524070538,0.5541876902102741,0.4059576218285729,-0.014985003906002712,0.5557526747044577,0.387209674412833,-0.0180503242096428,0.5478077228226239,0.4727912458177821,-0.008887582140090737,0.5450571878151427,0.4364781930119148,-0.01433869993538031,0.544825017085114,0.4143644223232399,-0.017792056804205068,0.5454458180321364,0.3956779651661446,-0.020014020573176892,0.5425047530828081,0.4848004158975634,-0.012888366640543094,0.5386168292325776,0.45974329946299936,-0.018190319502246463,0.5370303876446774,0.44243140671927866,-0.020537344499736206,0.5362982448165018,0.42618189097151316,-0.02192219876214008
0.5527756714730586,0.5543672436161645,9.926906303977605e-08,0.5663460904413311,0.5364995802950707,-0.004326391603728267,0.57566876550775,0.5074473135751656,-0.0070046257307215,0.5839638695492917,0.4851834204200802,-0.010177687239215204,0.5915524606054801,0.4692698649884793,-0.013516873454532506,0.5607426852480663,0.46733753970976355,-0.0029134892188753766,0.5627990577757153,0.43308624119505706,-0.008696449147979344,0.564702002711515,0.4126640346258032,-0.013466494813328957,0.56697316828261,0.39594508144620294,-0.016838075920391254,0.554049094079229,0.4669527920663915,-0.005392147981039054,0.5533750492323783,0.42937600764022926,-0.01057354274003839,0.5543534347156365,0.40596186455829475,-0.014992196563054564,0.5558922862297829,0.3871061771715076,-0.018080595202161806,0.5480799596646603,0.473074188190792,-0.008866579933745301,0.5452362362054333,0.43661317645011793,-0.014303598919848929,0.5449328300248303,0.41433152327894573,-0.01777141402728075,0.5455114395746904,0.3955227651130902,-0.02000982849284691,0.5427053626299534,0.48502327197901957,-0.01287191286669232,0.53870774652407,0.45982024187526,-0.018146048594201252,0.5370574510816978,0.4424099446330266,-0.020480207297493582,0.5362820714989897,0.4260768356723839,-0.021863640195220156
0.553073097653082,0.5546195366458536,1.0011526102360523e-07,0.5666418448537508,0.5368048110596567,-0.004370730643139126,0.5760908193033906,0.5078899889484088,-0.007089139597694356,0.5844774820879,0.4857261531115433,-0.010291712882107803,0.5920800469706563,0.46982136704953226,-0.01365250686937704,0.561027970436418,0.4674721521946412,-0.0029116252675537766,0.5630001666505318,0.43313422876628127,-0.008683973254865356,0.5648437131778807,0.41263656887384637,-0.013457680734171648,0.5670740961839665,0.3958513544941061,-0.016831077299450912,0.5543360338815875,0.4670361033798189,-0.005360822624353121,0.5535686093720175,0.4293346910283209,-0.010514496883268542,0.5544979016575164,0.4058354522153608,-0.014929832899548127,0.5560101180587671,0.38691639782987924,-0.01802253278700995,0.5483406051237038,0.47310275115862066,-0.008810718990555579,0.545415710214206,0.43652938646184763,-0.014213092602045117,0.5450871314980005,0.41420206579721347,-0.017686203373586104,0.5456477479024343,0.3953737640883821,-0.01993609198708801,0.542918646247694,0.48501535285315395,-0.0127965061843907,0.5388291999056283,0.45974924343957746,-0.018040061453683965,0.5371213458273084,0.4422856765722581,-0.020377239033163064,0.5362840380967171,0.42589103571084663,-0.021767365076523222
0.5533005631900269,0.5548236369121675,1.0003010777342903e-07,0.5668576939108939,0.5371323589397984,-0.0043273783054110435,0.5763360526340954,0.5083452182436488,-0.007036756114007159,0.5847170803839067,0.4862605451517812,-0.010235390033459843,0.592294766520689,0.47037488663106214,-0.0135900227965392,0.5612535500615062,0.4677412576765374,-0.002861464389089172,0.5631792364071982,0.4332997412042585,-0.0086054049830155,0.5650024361004634,0.4127024311593931,-0.01336232017219108,0.5672046022470194,0.39582859172140633,-0.016719874365620172,0.5545886138782052,0.46719379662835575,-0.005310168032734513,0.5537871204156555,0.4293266293124093,-0.01040659830454108,0.5546990065024308,0.40573170721492824,-0.014781436093142957,0.5561873255697601,0.38673751583568977,-0.017851923823860628,0.5485833853059314,0.47311847632774084,-0.008755425765287586,0.5456243950609767,0.4364317974578327,-0.014086116898240375,0.5452986945841588,0.414048431554417,-0.017521615383930152,0.5458460118003796,0.3951941304910559,-0.019755596286990893,0.5431213311151356,0.4848850087344578,-0.012736246455854873,0.538953331460573,0.45954739906743763,-0.01790878899285986,0.537200725171187,0.44203736199449667,-0.020209726662976463,0.5363157943155281,0.42561193608925485,-0.02158095652507159
0.5535177932286443,0.5551868725738681,1.0034839659777751e-07,0.5670774078678689,0.5374546829173764,-0.0043690217154200095,0.5765855138150634,0.5086706837780389,-0.007102198275691443,0.5850629108634477,0.4866167887091277,-0.010327321817791663,0.5927038702361114,0.47077328933935286,-0.013711797633230735,0.5615155042916306,0.4680883845436871,-0.002842451818411959,0.563384317950731,0.43355372181091967,-0.008601214826291729,0.5651906938693283,0.4128354930284023,-0.013388927709393445,0.5674076401807899,0.3958649312627798,-0.016769705728493435,0.554837040176931,0.46747299185287167,-0.005289186570099762,0.5539551580840247,0.4295258260879291,-0.010385478697236775,0.5548314377904553,0.405770282349116,-0.014792560221147763,0.5563249513222658,0.38666923430014644,-0.017886845434332672,0.5488131407619061,0.4733543755506999,-0.008739800545683556,0.5457632033633618,0.4366173868403814,-0.014061838454486122,0.5453737980030239,0.41405715200731824,-0.017517017525193784,0.5459053956886034,0.3950396924643313,-0.019772178050004672,0.5433225050268098,0.485134202959729,-0.012732809839744296,0.539066976094753,0.4598371502809688,-0.017901306357799684,0.5372610493600777,0.44223838329590864,-0.02020146663226956,0.5363521670645387,0.4257264231092671,-0.02157556945691988
0.553764764573849,0.5554756451357074,1.022796580551083e-07,0.567358145751744,0.5376862280379313,-0.004509240431110513,0.5769905722124952,0.5089756730502677,-0.0073732321425392395,0.5856922693095412,0.487024368700133,-0.010713065029603813,0.5934810765138772,0.4711517023597728,-0.014211872238815154,0.5617287946585297,0.46834886236675993,-0.002993216475155104,0.5635002479041628,0.4336769316434791,-0.008807980454120208,0.5652579934330598,0.4128344909381887,-0.013634316381575536,0.5674566589672485,0.3957476186966258,-0.01703936853813617,0.5550530863074505,0.4677166560569726,-0.005404877664841706,0.5540855238638251,0.4296420584244756,-0.010531912229984734,0.5549159991943715,0.405758456816508,-0.014961340129959094,0.5563907283949208,0.38650712505651974,-0.018077387304907534,0.549020224284304,0.4735808387647369,-0.008832490587466322,0.5459062311001281,0.43674059514234953,-0.014152544506036847,0.5455047043025403,0.41405836947060276,-0.01761526937466216,0.546033224774807,0.3949473285900406,-0.019884335990994147,0.5435136197752137,0.4853552927713109,-0.012818595723454895,0.5391999854315643,0.4599347222633804,-0.017968414846552108,0.5373654168246779,0.442201920931556,-0.020271225944896432,0.5364152890175512,0.4255797535750996,-0.021656767087146162
0.5539882427891119,0.5557369482301339,1.0402720841700199e-07,0.567612178466321,0.5378957474469603,-0.004636120852411873,0.5773570994614768,0.5092516502417733,-0.007618483933951233,0.5862617600825573,0.48739317767629636,-0.01106211444849091,0.5941843511051139,0.47149411887115183,-0.014664377286562924,0.5619217957959199,0.4685845622572374,-0.0031296396556893457,0.56360515002982,0.43378842115033,-0.008995077517734908,0.5653188911310426,0.4128335841717285,-0.013856362475463367,0.56750101484547,0.39564146547917356,-0.017283379694052754,0.5552485810666619,0.4679371417226709,-0.005509563653223409,0.5542034886089942,0.42974723416907745,-0.010664416284355886,0.5549925167013383,0.4057477561867667,-0.015114064863114219,0.5564502484286719,0.38636043644204404,-0.018249803894911466,0.549207609002792,0.47378575968320896,-0.008916363496256874,0.5460356533345947,0.43685208326420655,-0.014234622151511375,0.5456231581505295,0.4140594711227873,-0.0177041750246162,0.5461488941291596,0.3948637508220849,-0.0199858249165984,0.543686554748088,0.4855553514318172,-0.012896221231671182,0.5393203422655899,0.46002301271857843,-0.018029139645548264,0.5374598563423515,0.4421689270467674,-0.02033434940835282,0.5364724064997086,0.4254470359689255,-0.021730240799132817
0.5541761065022367,0.55591087304212,1.0439224142046645e-07,0.5677683207956987,0.5381317160157144,-0.004669655722601973,0.5775763383114247,0.5094700376580078,-0.007660103666815596,0.5865028993556957,0.4875969442432474,-0.011102443829328042,0.594468365946831,0.47165042249367584,-0.0146983587617937,0.5621032189002468,0.4687568592694622,-0.003110684005371825,0.5637607184622737,0.4339773897588796,-0.008988892739156141,0.5654652244250383,0.4129721805173111,-0.013867908587796851,0.5676522754931452,0.39569282431007496,-0.0173099233030099,0.555420189397415,0.46804313175247614,-0.005472087831663831,0.5543399932048094,0.42982460730331173,-0.010630100727983064,0.5551477279857882,0.40573462899713053,-0.015084513980390676,0.556631979589505,0.3862353105591748,-0.018227936582166093,0.5493644852269256,0.4738102194181625,-0.00886942724844845,0.5461500881023555,0.43685654398572915,-0.014192664175478886,0.5457650551348086,0.414026851219283,-0.017660100406128504,0.5463247288691315,0.3947691462703816,-0.019940444016634435,0.5438415197653961,0.4854964639215721,-0.012846457242437753,0.5394438728042161,0.45997819538251467,-0.017973880279385547,0.5375732535123153,0.44209301520910366,-0.02028037107032881,0.5365875027040924,0.42531265216403724,-0.021680790843367884
0.5543959833617491,0.5561213517634098,1.0552357170834306e-07,0.5679036850660711,0.5385066144217934,-0.0047382279890806085,0.5776952529441147,0.509872611740108,-0.007759146524486837,0.5866346911936163,0.4880952209907236,-0.011222488515679252,0.5945597578340361,0.4721961207024838,-0.014837312587589638,0.5622442453363349,0.4688687370329199,-0.003166278355027146,0.5638734905568169,0.4340648199459759,-0.009076303344674793,0.5655754515073118,0.4129931734190203,-0.013985571374567088,0.5677697961585557,0.3956578100175936,-0.017445068198352415,0.555561276101588,0.46811326418183025,-0.00551107950678298,0.5544607118873303,0.429848827480352,-0.010689371004841087,0.5552795282309606,0.40567525388544845,-0.015165741709483599,0.5567854863754671,0.3861208398909699,-0.018320091573158153,0.5494949627608198,0.47388228144927463,-0.008900341334549951,0.5462312015281773,0.43690645827360997,-0.014240724963629459,0.5458459178453838,0.4140001777299768,-0.017729278485075255,0.5464121246100873,0.39468217452646615,-0.020020590287894616,0.5439505707077896,0.485607607644408,-0.012876690282966247,0.539527580898549,0.46005031896004384,-0.018022343551888836,0.5376309979680518,0.4420835181012697,-0.020343164306828292,0.5366219618076429,0.42522681725645656,-0.021750930191105546
0.5545439211373929,0.5564558918858662,1.0753912428144444e-07,0.5680938769436441,0.5386873772994688,-0.0048311437912237935,0.5779785429559153,0.5099707181402329,-0.007964154749016874,0.5871643497872384,0.4882238880176703,-0.011528388117221887,0.5952789519404298,0.47221576793098524,-0.01525680919457135,0.5624683637934437,0.46929057903859045,-0.003389127955588724,0.5640875835251855,0.43421935418266094,-0.009348805430798718,0.5657682587752141,0.4130167874957034,-0.014265105590635123,0.5679574778813729,0.395583355662984,-0.01772774331666871,0.5557705599700411,0.4685424783517448,-0.005725690046719144,0.5546348674228463,0.43005623974403523,-0.010952491003580566,0.5554181196335035,0.40569880455399915,-0.015462566224542878,0.5569039565669831,0.38605919839164216,-0.01864036502503604,0.549681912088875,0.4743602138481019,-0.00910071800569874,0.5463374276924889,0.4371960391305117,-0.014458728405188784,0.5458830733735358,0.41408723371181444,-0.017973379547256974,0.5464123840663794,0.3946240888377599,-0.02029277542512859,0.5441140493284167,0.4861699145968971,-0.013065848889835831,0.5396297479412149,0.46057186879392054,-0.01823312603415259,0.5376863622550058,0.44245500812736416,-0.02057519944776396,0.5366324649130988,0.4254820718234003,-0.022002739319770644
0.5546777863436718,0.5567586089052772,1.0936294757329807e-07,0.5682659768337032,0.5388509451225099,-0.004915220984938095,0.5782348850274478,0.5100594921767008,-0.008149661582184768,0.5876436246484702,0.4883403156037182,-0.011805189043036358,0.5959297327635696,0.4722335462184085,-0.0156364012195462,0.5626711629998074,0.4696722933563869,-0.0035907790052852784,0.5642813109166432,0.43435918836213927,-0.00959538577724276,0.5659427252668014,0.41303815528518456,-0.014518049136211039,0.5681273063949512,0.3955159837730472,-0.0179835289864116,0.5559599357268376,0.46893086355723673,-0.005919885775789404,0.5547924564266353,0.4302439219323194,-0.011190581732970549,0.5555435275396935,0.4057201149670416,-0.015731155330767615,0.5570111572907751,0.3860034205351282,-0.01893017248979418,0.5498510778766861,0.4747926829647826,-0.00928203386163939,0.5464335491012091,0.4374580736309959,-0.014655994286380042,0.5459166944849715,0.4141660085001725,-0.01819426051494525,0.546412618841912,0.3945715285456596,-0.02053906897242111,0.5442619770580124,0.4866787321444061,-0.013237013798986518,0.539722196351919,0.4610438062405449,-0.01842385784923783,0.5377364600184831,0.4427911601937128,-0.020785162264023244,0.5366419689114678,0.4257130453195804,-0.02223059512471951
0.5548738905508754,0.5568511673104997,1.102713516634165e-07,0.5684068506307283,0.5388614644748352,-0.004872176543988132,0.5784532688695102,0.510171204415437,-0.008134969266228332,0.5879756984777091,0.4884951519651215,-0.011835223922398545,0.5963955148609343,0.47238690982117015,-0.015714052985271353,0.5628015894636781,0.4697864025866687,-0.0034789389879303456,0.5643753151626681,0.43449880409088143,-0.00946819877700904,0.5660547262596756,0.41314920372549463,-0.014391081885389853,0.5682972015316587,0.39560401959417785,-0.017858703477411697,0.5561287967092973,0.46900210916552887,-0.005834482484306236,0.5548690573019197,0.4302856907951619,-0.011073849684430639,0.555621699641101,0.4057166591461569,-0.015602061176092467,0.5571285834877158,0.3859508393448307,-0.018802328410641587,0.5500283451907431,0.4747659556987856,-0.009229148346047645,0.5465455821998886,0.4373788534442152,-0.014558465136135297,0.5460507572586316,0.4140555983081407,-0.018079013637534103,0.5465980268095136,0.3944594418961528,-0.02042536298341195,0.5444540515754726,0.48650461437804776,-0.013219838351632584,0.5398439522566413,0.4608346808275685,-0.01834317723877767,0.5378534199209073,0.44259222972152934,-0.02068420743846883,0.5367652309712445,0.4255290846089347,-0.022131658449766806
0.5549226792807034,0.5567621936614906,1.1002646985026683e-07,0.5684544634578244,0.5388746515915991,-0.0048255708926594225,0.5785529713537525,0.5102481760059887,-0.008047877518900633,0.5880936928209659,0.48854454133479247,-0.011709017556134401,0.5965371918799017,0.47244959200224007,-0.015541817855332266,0.5629417556996885,0.4698314671331598,-0.0033575392355165603,0.5645549736598937,0.43459511683168445,-0.009283518589326661,0.5662125509130761,0.41326333611003563,-0.014157439255098192,0.568426169339526,0.3957357731031907,-0.01759766117638271,0.5562686164322134,0.4689156451440677,-0.005702320305277487,0.5550433097969111,0.4301865898070845,-0.010891923419951797,0.5558326122482983,0.40564473081393654,-0.01537312356769123,0.5573651959030699,0.38589846321160026,-0.018540752559321628,0.5501477623509329,0.4745285462495164,-0.009086950270538772,0.5466737540456268,0.43705560468202137,-0.014381841513952411,0.5462198304510414,0.4137921401462605,-0.01788985246231175,0.5468105672878647,0.3942430094888052,-0.020229886844972827,0.5445555242686471,0.4861005810499326,-0.013063880278021951,0.5399024961477346,0.4604995679258408,-0.018158797948331532,0.5379162535973402,0.44230251868282117,-0.020505388355078567,0.5368626327084545,0.425252392034858,-0.021961043809273172
0.5550618146063977,0.556819456212572,1.1044023886501566e-07,0.5686202207975594,0.5388094624794404,-0.004754508044501474,0.5787373891526267,0.5101781820285538,-0.00799495313645846,0.5883230969514182,0.48846309739930044,-0.011687838590177106,0.5968429047114342,0.47229517345184546,-0.015558538542908815,0.5630748255093371,0.4700078912991593,-0.003356016401013782,0.5646257296734272,0.4346258014240736,-0.009277987155185529,0.5662814725388617,0.41321280746572053,-0.014127119564485898,0.5685114295703008,0.39564965577064654,-0.01754441359945741,0.5564572380892173,0.4690797710034455,-0.005733074322132917,0.5551697851477423,0.43015849927240857,-0.010911034242486396,0.5559618811654934,0.40555642647069,-0.015372322187595249,0.5575125206496289,0.3857806039960406,-0.01852869789444928,0.5503409022901524,0.4746568420833222,-0.00913953939923529,0.5468178278455341,0.4370409549195907,-0.01440744754486392,0.5463740849540574,0.41368448818497905,-0.01790868598358392,0.5469797737397497,0.3940902875242927,-0.020255262106110443,0.5447220734928789,0.48616050922869075,-0.013129742782697792,0.5400240710207883,0.4604655955550843,-0.0181955981003194,0.5380198754546943,0.44221083154223534,-0.02053968611444892,0.5369353130005503,0.4251174558884123,-0.0220039293088942
0.5551877146950918,0.5568712716679498,1.1081464813452187e-07,0.5687702104832857,0.5387504744764893,-0.004690205044229694,0.5789042642227726,0.5101148462227609,-0.007947063181766542,0.588530679031861,0.48838940081181725,-0.011668674271703957,0.5971195366337212,0.4721554439540082,-0.015573668676384319,0.563195237063726,0.47016753313013404,-0.0033546384260242576,0.5646897550266943,0.4346535671470059,-0.009272981898285468,0.5663438380003724,0.41316708535475327,-0.014099684032077328,0.5685885794282757,0.39557173034264115,-0.017496231194132354,0.5566279171258164,0.4692282844032563,-0.005760902865534633,0.5552842295406942,0.43013308084765184,-0.01092832714951856,0.5560788533870269,0.40547652207120466,-0.01537159703871837,0.5576458311411668,0.3856739561291648,-0.018517789928632317,0.5505156698077239,0.4747729337859478,-0.009187125991167947,0.546948196636467,0.4370276987146682,-0.014430617804082946,0.5465136660095101,0.4135870766081147,-0.01792572796761461,0.5471328844411019,0.39395209322473795,-0.02027822354751231,0.5448727797351511,0.4862147367441206,-0.01318934012175543,0.540134081093529,0.46043485480344526,-0.018228897640720842,0.538113640290953,0.44212786613374366,-0.02057072130213534,0.5370010795855316,0.42499535553236856,-0.022042735328710025
0.5552248002365623,0.5570834524032372,1.1174328559658854e-07,0.5688737671418689,0.5390174519984687,-0.004752128555943907,0.5791113688485722,0.5103567011579001,-0.0080480319908803,0.5888507706715401,0.48866798238650466,-0.011806652252378095,0.5975005675451129,0.47239730791046947,-0.015750369699537813,0.5632864817508378,0.4702923797395697,-0.003368785495981146,0.564784419502402,0.43477012425843126,-0.009315596106148186,0.5664516231204435,0.41324121099289485,-0.014170048089447752,0.5687122486703862,0.3955993264577734,-0.017588250167895423,0.556711503752245,0.4693284782228384,-0.005767409960222005,0.5553744915342512,0.430206097053075,-0.010959908959167911,0.556175734543477,0.40547884279165064,-0.01543350134165025,0.5577582788353934,0.38561638824759287,-0.018604398382526297,0.5505937367621312,0.47487231805712327,-0.009196865668526646,0.5470330236157475,0.4371147082402585,-0.014463164650181909,0.5466107808487336,0.41361630930437077,-0.017975204125691684,0.5472443114285362,0.39391952334205116,-0.020341804888148067,0.544943923675728,0.4863440744642326,-0.013209391755768133,0.5402102041627291,0.46054856148244994,-0.018274557614095625,0.5381969889042623,0.4421604299415519,-0.020636132326654934,0.5370942352397947,0.4249281737265299,-0.022125102414337794
0.5553225921706955,0.5570664687608284,1.1224665819852843e-07,0.5689888994850508,0.5391196844871936,-0.004755726791837379,0.5793225691795113,0.5105718188754388,-0.008058436539548752,0.5891795528501981,0.4889973529777783,-0.01183918488456607,0.5978992451984682,0.47277154216531986,-0.01579915352493253,0.5633945045876616,0.4702134161390335,-0.003165133191748567,0.5649174395948878,0.4348355361307758,-0.009057237893517448,0.5665999630484291,0.4133680148620262,-0.013905694004159249,0.56886737543549,0.3957454488089995,-0.017327960547036003,0.5568344941051129,0.46915507745735546,-0.005553018720690241,0.5555163191958433,0.43015681374290715,-0.010667813058956031,0.556343623121238,0.4055235774704213,-0.015114912517536197,0.5579473121947829,0.3856889234614996,-0.018277182490859398,0.5507134674868261,0.47458370972922864,-0.008988885895113742,0.5471725073971533,0.4369636177844219,-0.014173301520038886,0.5468048546333998,0.41358952383696734,-0.017647590649928508,0.5474870505388001,0.3939667255512955,-0.020001035217070057,0.5450572822098865,0.48593603203152524,-0.013020056203299915,0.5402700028716434,0.4602341878149943,-0.017996781883171574,0.5382617325896676,0.4419399788324108,-0.02031667915628464,0.5371848910831346,0.4247822350539521,-0.021789035459448033
0.5552922124699234,0.5572518373719217,1.1122229120944725e-07,0.5689795403822224,0.5394133256963515,-0.004733778458340015,0.5793910110862351,0.5108233311655574,-0.007991508274435425,0.5892715375791393,0.48921471255758,-0.011727677873513632,0.5979690257307879,0.4729497139386991,-0.01563524621820922,0.5634910213950424,0.4704358228577812,-0.0031025185114281545,0.5650275209861044,0.435028438653315,-0.00898353174005104,0.5667263450284777,0.4135442237699564,-0.013828379223724145,0.5690041907599035,0.39588712014995797,-0.01724882168239266,0.5569265811023705,0.46931484029524234,-0.00549505555704773,0.5556367630292336,0.43030018943862314,-0.010598504707785325,0.5565079753737326,0.40564616523761166,-0.015033345986847264,0.5581420695689242,0.3857958157029336,-0.018190789244644325,0.5507922403740151,0.4746509125875176,-0.008940664679636338,0.5472907509333564,0.4370532587024327,-0.01412037023275888,0.5469801269712117,0.41367260879461276,-0.01757251494961159,0.5477031497607635,0.39404573627181705,-0.019908749295151143,0.5451243243393495,0.4858934893281835,-0.012984846744628334,0.5403818837135504,0.4601558675112854,-0.01795547716208776,0.5383820852880271,0.4418295153466058,-0.020264916263660865,0.5373026492555935,0.4246501419319493,-0.021730474146842926
0.5553628230238651,0.5575057834429731,1.1063096449083456e-07,0.5690480459517229,0.539713949473676,-0.004727600060567601,0.5794374636699114,0.5111560380770848,-0.00797713868324245,0.5892436821683319,0.48960245968262117,-0.011701153500643833,0.5978399308704605,0.47335609171807635,-0.01559806657148357,0.5635750344947625,0.47063518508232977,-0.0031891568783148348,0.5651153998969883,0.4351792118316019,-0.009105671231039256,0.5668169254256881,0.4136420986794002,-0.013970544457324256,0.569094164990321,0.39592153224670407,-0.01740393285206241,0.5570120118593443,0.46956462747199174,-0.00559529668393044,0.5557404766572899,0.4305200607290268,-0.010747995998543078,0.5566158307541016,0.4057683040549186,-0.01521010858765212,0.5582467807061147,0.3858223891490644,-0.018385365844034388,0.5508869763197346,0.4749598568869088,-0.009048122277327342,0.5474049076299172,0.43730409210311827,-0.014277567138275047,0.547105835526014,0.41381451069957637,-0.017757955674779873,0.5478233397604312,0.39408900640531475,-0.020106481225899604,0.545235008836211,0.48626665849007616,-0.01309501947171088,0.5405368894392616,0.46043470472205694,-0.018121652271100023,0.5385392288455029,0.4419929259509404,-0.02046361921836557,0.5374427714232116,0.4247127564486951,-0.0219460979235258
0.5554267167543726,0.5577355729138305,1.1009588768019016e-07,0.5691100349342699,0.5399859764376395,-0.004722009382401202,0.5794794974551901,0.5114570962696133,-0.007964135998290484,0.589218476501304,0.48995332239264777,-0.011677152256673642,0.5977231161486487,0.473723812842899,-0.015564423635751662,0.5636510558549271,0.4708155829908239,-0.0032675537773115947,0.5651949193333313,0.4353156427230687,-0.009216192212477457,0.5668988893696816,0.4137306632457201,-0.014099186234170955,0.5691755804290904,0.3959526708954323,-0.017544289083820264,0.557089316022227,0.4697906536630431,-0.005686002381439996,0.5558343245345698,0.43071901678008684,-0.01088326694193193,0.5567134263998286,0.4058788244267594,-0.015370056659847756,0.5583415312045502,0.38584643479820546,-0.018561433359589798,0.5509727005160096,0.4752394128839265,-0.009145357979422638,0.5475082051796251,0.4375310649961355,-0.01441981070041967,0.5472195860643495,0.4139429141969026,-0.017925756365436,0.5479320966957586,0.39412816047073973,-0.020285403922164144,0.5453351644789449,0.48660432996456127,-0.0131947120267262,0.5406771502574091,0.4606870175649108,-0.01827201998583372,0.5386814241343353,0.44214079213428825,-0.020643420570008286,0.5375695644805685,0.42476941476442115,-0.022141210505276298
0.5556285534030981,0.5578255019871403,1.1006760943691585e-07,0.5692596406690058,0.5400196875248917,-0.004726663343876379,0.5795637763797922,0.5115149961434823,-0.008002621605509106,0.5892216139251369,0.49004116754405563,-0.011743118668679574,0.5977023993571273,0.4737808874444991,-0.015664311577622773,0.563717872568398,0.470778475098721,-0.003405794206724119,0.5652300145529173,0.43524759519700884,-0.00941622529751899,0.5669427622926769,0.41366650448576026,-0.014335665362228332,0.5692439839054062,0.39585818514330295,-0.017805439572696972,0.5571688260624386,0.4698917405434756,-0.005849891660417442,0.5558638390022895,0.4308066053116747,-0.01110925022702882,0.5567471712731173,0.4059519024276746,-0.015631247926616538,0.558378927111089,0.3858806980430313,-0.018849886627645,0.5510826736100561,0.47550033666014657,-0.009328558469822992,0.5475689613089284,0.4377146974231788,-0.014667874302842006,0.5472782229329244,0.41409159744501306,-0.01820500536677767,0.5479869577326429,0.39421617537742926,-0.020583074008539023,0.5454994616681534,0.4870278056149688,-0.013391513885393646,0.5408252061155946,0.4610118221433072,-0.01853302809798651,0.5388347287672247,0.4423862694913917,-0.020939029878436342,0.5377245468873529,0.42492599594683017,-0.02245941646717587
0.5556406514896584,0.5580982069073743,1.1135774991894006e-07,0.5692603269998553,0.5400741698004984,-0.004750878668348496,0.5795529714906784,0.5114491087798331,-0.008090362797875283,0.5891111118569752,0.48995647634406236,-0.01187318458201973,0.5976128250180872,0.4736403406632177,-0.01586841046359318,0.563750874083584,0.47097753256309627,-0.003776639894675161,0.5653124487941243,0.4353942784777478,-0.00989951975458816,0.5670552915081671,0.41374595776175227,-0.014871861855774087,0.5694016902600009,0.3958701527016561,-0.018381562376182253,0.5572064131999472,0.4703704194778272,-0.00627813342514845,0.5558947529648605,0.43122987105611155,-0.011660037543779688,0.556765204066728,0.40622765595840166,-0.01629070411879624,0.5583948262118879,0.38597521891053926,-0.0195900780275956,0.5511629135755759,0.4764127810800225,-0.009785124772134512,0.5475696998753755,0.43858574503951914,-0.015280882296564362,0.5471730467624354,0.4147222495043574,-0.018972109416140436,0.5478145446560214,0.3945197699119033,-0.021464504266770535,0.5456569297649668,0.4884572256048708,-0.013852355534353879,0.541037292207549,0.4627447725931813,-0.01916812638979479,0.5390832646838417,0.4441487227454103,-0.02168540743673133,0.5380057343302785,0.42662654129409494,-0.02328450847842076
0.5557313513798011,0.5581810089957783,1.1169810028900325e-07,0.5693022871909909,0.5402103774846371,-0.004763959485497456,0.5795893586372463,0.5115462386475839,-0.008108350877535269,0.5891037899255516,0.4900942680163078,-0.011887442942350192,0.5974907554671739,0.4738008874785509,-0.015878415688693137,0.5638470116435005,0.4710879037495739,-0.003882515584255036,0.5654080314069218,0.43547756710661206,-0.010051424944762714,0.5671434292831533,0.41378844901613165,-0.015044180174463333,0.5694807673359473,0.3958909268290745,-0.018562339968238112,0.5573081913555499,0.47052270908920973,-0.006394973903475523,0.5560171808897432,0.43133677568829315,-0.011831842303146512,0.556899069593341,0.4062948320492711,-0.016479502825745663,0.5585302820129922,0.3860096996586445,-0.019779651581425646,0.5512717683094004,0.4765913165665746,-0.00990993593483806,0.5476894017972764,0.438668722256273,-0.015457515368025601,0.5473085264775805,0.41481591173185123,-0.01914964444792407,0.5479568988331156,0.39462631051622565,-0.021629747284969456,0.5457762969214236,0.488653197426763,-0.013983330947263175,0.5411622876180157,0.46285741622673526,-0.019344569824526172,0.5392195666535416,0.44422873303167887,-0.021868846099837604,0.5381575091924052,0.42666482360905505,-0.023462281004507615
0.5558134234499711,0.5582559345419836,1.1200607485667087e-07,0.5693402559222187,0.54033362842345,-0.004775795990935785,0.579622284459336,0.5116341290442437,-0.008124627842521163,0.5890971644922833,0.49021895226648243,-0.011900344977266764,0.5973802977727665,0.47394616229060266,-0.015887469167536142,0.5639340041255312,0.47118777588554983,-0.00397831985712484,0.5654945217311349,0.43555293291115443,-0.010188880165574695,0.5672231829591712,0.4138268982932537,-0.015200106726532832,0.5695523222112145,0.3959097248192432,-0.018725921105955282,0.5574002878720423,0.47066051216319227,-0.006500699940418502,0.5561279628678242,0.43143351102567995,-0.011987304148184061,0.5570202011721801,0.40635561801973813,-0.016650342070428013,0.5586528525915856,0.38604090042827666,-0.01995119196573956,0.5513702682451634,0.47675286887889917,-0.010022874445428135,0.5477977170831966,0.4387438062717577,-0.015617346232346325,0.5474311186953937,0.41490066434726297,-0.0193102914736619,0.5480857115802212,0.39472271645387497,-0.021779271573955705,0.5458843092864363,0.4888305274443889,-0.014101847334239158,0.5412753928498147,0.4629593446434367,-0.01950422909129617,0.5393429029090092,0.44430113234570917,-0.022034835174429154,0.5382948464826148,0.4266994643217916,-0.0236231429329216
0.5558751352906458,0.5584186523827908,1.1227457899640417e-07,0.5693848356874428,0.5404994159466711,-0.004791028417634651,0.5796972502063591,0.5118110618657037,-0.008150594621840375,0.5892256193376191,0.4904848912404773,-0.01193678710321577,0.597495950487959,0.47425775299825546,-0.015937979701008218,0.5639726637015454,0.47134676750202165,-0.0040105851545713085,0.5655582470792675,0.43567818278920384,-0.010262536981305035,0.5673279859436088,0.4139163704778869,-0.01530747735163992,0.5697030939629026,0.39599414110584435,-0.018849105368639693,0.5574262671358416,0.4708172926220858,-0.006536494300433582,0.5561635416555569,0.43155610133410116,-0.01204681919797466,0.5570837025964578,0.40646745100874726,-0.016722314673507897,0.5587484662978333,0.3861722202809581,-0.02002523207658389,0.5513938771659307,0.4769152127185922,-0.010065131096794626,0.5478471436227201,0.4387882093894859,-0.01568359338648152,0.5475055862935762,0.4149188813302237,-0.019374725171138602,0.5481910049589759,0.394738136993162,-0.021834736644212593,0.5459160494968397,0.4890188309389391,-0.014152312583408305,0.5413177515488633,0.4630914024150292,-0.019580688536983193,0.5394055473369699,0.44439037599344783,-0.02210794871412932,0.5383931174711859,0.4267766140230436,-0.023685014285015172
0.5559726958271874,0.5587441189354124,1.1268326438432715e-07,0.5694429499022986,0.5406938168215538,-0.004842801301053333,0.5797119466598627,0.5118762387151025,-0.008225248933519568,0.5892180926283748,0.4904580246780623,-0.01202565270176842,0.5975671437433733,0.47416862372271606,-0.0160499371697438,0.5640104183632405,0.47156356114233594,-0.004063546284469261,0.565613676623081,0.4359212708156266,-0.010361070125514701,0.5674234659194681,0.4141210117120145,-0.015449734586092502,0.5698523204988488,0.39615598383939843,-0.019020977298528773,0.5574699088935876,0.47111922310219295,-0.006587995629856792,0.5561983838511974,0.43189869616942816,-0.012145477040557316,0.5571334977652339,0.40674148956924705,-0.016873148320472594,0.5588238604390807,0.38636623388189606,-0.020212889288076585,0.5514569309704122,0.47731533927964576,-0.010120965202514837,0.5478807611575357,0.43924410479239595,-0.015792730549268406,0.5475225592003439,0.4152380580212778,-0.019521823949510818,0.5482191281694914,0.3948951248988297,-0.02200655921316017,0.5460017414486245,0.4895172732458672,-0.014215118816115301,0.5414156203652835,0.46355718089124565,-0.01967443177399263,0.5395419173130851,0.44475942709977606,-0.02221471701510202,0.5385811443977166,0.4270489504002334,-0.02380575059557155
0.5559947686526617,0.5591288560922488,1.1571584369445043e-07,0.5694141844656925,0.5409963849381731,-0.004952107308421701,0.5796133782402438,0.5122402498823707,-0.00843384383558536,0.5890008837231563,0.4908904175380411,-0.012292981037250213,0.5972637138052329,0.47464706059311346,-0.016406722899313275,0.5640164192860475,0.4720543906715683,-0.004558312281138562,0.5656916102131762,0.4362971655148793,-0.011001265385353048,0.5675799601853231,0.4143469926427727,-0.016158135943424346,0.5701046108090481,0.39631000342988487,-0.01976833497440146,0.5574560115748138,0.4718522007857018,-0.007102125988262629,0.5562216053009724,0.4325171152111207,-0.01280146148898805,0.5571631510889882,0.4070991328608515,-0.017666060156052488,0.5588817465141893,0.38650067676727234,-0.02109728107163427,0.5514750346617119,0.4784854959987915,-0.01062444802723651,0.5478301638090106,0.4404437297544278,-0.016492464145315733,0.547435258583336,0.41607899532865067,-0.020452500949654884,0.5481356179397965,0.39536043095032347,-0.023101183111993495,0.5460964163592504,0.49118987279102977,-0.014684287309182467,0.5416936783876236,0.465828554977828,-0.020390832096148646,0.5400226427359388,0.44728089693715317,-0.0230851759230989,0.5392342689473681,0.429769251801961,-0.024769808417687035
0.5560147418023351,0.5594769951570612,1.1845994913432279e-07,0.569388155338999,0.5412701712863077,-0.005051015590368028,0.5795241861338503,0.5125696345157554,-0.00862259616386828,0.5888043367980984,0.4912816790609529,-0.01253487978567826,0.5969891476162823,0.4750799861935455,-0.016729569414196552,0.5640218493715408,0.4724985300801306,-0.005006013700980048,0.5657621303765944,0.4366373032601957,-0.011580562121052105,0.5677215679463494,0.41455147715512525,-0.016799150676914783,0.5703329020231751,0.39644937191884405,-0.02044460030967121,0.557443436237404,0.4725154540242592,-0.007567349736441415,0.5562426178121496,0.43307670718972585,-0.013395045467946634,0.5571899836426341,0.40742275536224803,-0.018383546315141767,0.55893412618092,0.3866223307836674,-0.021897545155787908,0.5514914162407892,0.47954434165133286,-0.011080037087542037,0.547784379529316,0.44152924048555015,-0.01712563563763752,0.5473562624307091,0.4168399385402759,-0.02129464737277864,0.5480600516141853,0.3957814747999755,-0.024091680997861062,0.5461820853263903,0.4927033664349675,-0.01510882618595466,0.5419452861622849,0.4678838647816538,-0.021039084893558494,0.5404576391904534,0.44956251215299375,-0.023872832495392304,0.5398252650751957,0.4322307847451076,-0.025642160314696804
0.5560437238706453,0.5598498617095433,1.1875135418920779e-07,0.5693665526721424,0.541603432637827,-0.004980006437731266,0.5793854811436183,0.5128684915855705,-0.00852783484036727,0.588483066587645,0.4915625973270218,-0.012419051282996675,0.5965457858029262,0.4754399500623533,-0.016602268099195207,0.5641046785102503,0.47309132586357555,-0.005127595104464728,0.565859411659014,0.4371514778273376,-0.011746528233062227,0.5678633186792849,0.4150096427345408,-0.01696408107819199,0.57050537835185,0.396841871300706,-0.020601585450377876,0.557576849036988,0.47317152894271053,-0.0077372379916660905,0.556477308348412,0.4336157010607142,-0.0136558958433452,0.5574993740287283,0.40783457871593914,-0.01866416599260909,0.5592817380924169,0.38693191028673884,-0.02217719567902352,0.5516490072827146,0.48022239211153767,-0.011279926281849538,0.5480454162773437,0.44195995948719047,-0.017385559279419822,0.5476727768307882,0.41713746481383185,-0.021551916420798935,0.5484096406029044,0.3959971953447718,-0.02433089872095115,0.546327609666594,0.4933134899392597,-0.015327490471480512,0.5421792420020131,0.46814323285031745,-0.021295022946422413,0.5407681871240492,0.44957181149432457,-0.02414109906955416,0.5402144457094936,0.43204099809965807,-0.025914092357529103
0.5561059641453581,0.5602885915840572,1.2014130095684385e-07,0.5693648027331538,0.541697383940177,-0.005000753290605048,0.5793235128804244,0.512814426586542,-0.008609405209530267,0.5883579632457476,0.49135078807228544,-0.012536370747925107,0.5964158915094252,0.47507762308168444,-0.01677681614034782,0.5641930718361149,0.47369728166551056,-0.005477584809054084,0.5659794229006359,0.4377437668964145,-0.012229804553182625,0.5680850421352552,0.41551343818885206,-0.017509103292870903,0.5708618443758298,0.3973048130949644,-0.021178241686162946,0.5576937721300086,0.4739728855882097,-0.008120230806035121,0.556664148133625,0.434438113787277,-0.014189417298567606,0.5577850035656697,0.4085276525745863,-0.019290097827227362,0.5596914978634276,0.38748451883211177,-0.022860807550305742,0.5517955423907785,0.48132106996181306,-0.01166827779637787,0.5482061557266714,0.443146634535535,-0.01793001638596125,0.5479181044906124,0.418222999591295,-0.022174090855552532,0.5487688393134562,0.39696590417869254,-0.02500217016848302,0.5465078592689042,0.49471924788187194,-0.015702402408282173,0.5424428052688092,0.46977557275207127,-0.02181833432843023,0.5412148456336447,0.45137758330863664,-0.024709818720444584,0.540833855698713,0.43401801889423003,-0.026503069891020938
0.5561095538679891,0.5605343884319697,1.1962826341205333e-07,0.5693566195082934,0.5418881075088702,-0.0048546808765941064,0.5792252723924481,0.5129128081853538,-0.008380861673538595,0.5881344526943325,0.49135916077621133,-0.01223850751319522,0.5961569747635387,0.4751046491704236,-0.01640987821419962,0.5643922718016732,0.4743020963948509,-0.005395196750000959,0.5662134473265351,0.4384745630220134,-0.012131511331553924,0.5684440454535853,0.4163054890907634,-0.017383123315952365,0.5713365530196607,0.39814329207368565,-0.02102340877397477,0.557932350340991,0.47457482927638583,-0.00806186379696045,0.5570105178409621,0.4351651601683279,-0.01414352932362142,0.5582734389092447,0.4093281404624247,-0.019203088728423988,0.5603070539677907,0.388304319490323,-0.022736807720279015,0.5520457318183066,0.48184116556012485,-0.011619477087664615,0.548579256488727,0.4437134315704414,-0.017862504463542865,0.5483953253475016,0.41892456534813133,-0.022017454484823066,0.5493440757262129,0.39782301694733324,-0.024771411447662917,0.5467395512671174,0.49503210272516823,-0.015654456938350294,0.5427847895511762,0.4698510318314566,-0.02171542994255995,0.5416571797979985,0.4513832378149641,-0.024556012415182488,0.5413732864000396,0.4339679166476463,-0.026312658547570002
0.5560372508718154,0.5605925075529884,1.1861840497103172e-07,0.5693182004291658,0.5420620492858971,-0.004610588831469558,0.5790073814199144,0.5131250265509772,-0.008007063136361065,0.5877060147572711,0.49168474965967535,-0.011759168173955071,0.5956630236295611,0.4756045641341235,-0.01583002101666313,0.5645568343082141,0.47484969568393715,-0.00529382019489999,0.5665140800088946,0.43911519532900833,-0.01199455936115702,0.5689403333181504,0.41709621658961227,-0.017190849775157335,0.5719827627698418,0.3990904863597894,-0.02078900595615354,0.5582152405450035,0.47510255448562666,-0.008029795771009941,0.5575497821032066,0.4357660894674096,-0.014105583163012372,0.5590312132552179,0.4100802020808325,-0.019129310250097748,0.561201067770054,0.3891605890175742,-0.022637867711105934,0.5524016845880919,0.48230658214879457,-0.011627595965495232,0.5491541281689831,0.44421395739745534,-0.017858706691257897,0.5491355471112981,0.4196449022857037,-0.021982933577068795,0.550176663410668,0.39874606786143346,-0.024713991746161318,0.5471326244324637,0.4953344919019925,-0.015675274181922653,0.5433355926931054,0.4700664776285935,-0.02172631653742046,0.5423525035583967,0.4516462152360348,-0.02456271107142743,0.5421775567073425,0.43423951572714037,-0.02632177891696469
0.5506488845756963,0.5558493204111093,1.0029566393919967e-07,0.5625572941553039,0.5361904100176369,-0.004498530216672843,0.5718853686362714,0.5065700705142611,-0.00795118027850651,0.5801537207533458,0.4843705937815173,-0.011670234426837303,0.5872037662132146,0.46769605522125335,-0.015551175199511326,0.5595799436797148,0.4714218071291524,-0.005954364607474474,0.5637331359274333,0.4390005474834139,-0.012554102804773282,0.5654997274832911,0.42012959308709075,-0.017357575785036924,0.5674390945804086,0.40413695928016596,-0.020644974948268058,0.5541378451337465,0.4731829422925445,-0.008566564650012721,0.5560574103883547,0.4379724931314823,-0.014380539328195985,0.5568829019852011,0.4156120608070272,-0.0187707664753064,0.5580832278028257,0.3967867502282819,-0.0219169339928445,0.549188432622924,0.48143497189834883,-0.011964481871511492,0.5486751280168315,0.44749355898021914,-0.0178657330726424,0.5481278681853604,0.42593655967956834,-0.02131051842752557,0.5483169306611534,0.4069893869422643,-0.023664983896521753,0.5447742676261981,0.49499615406848113,-0.015789600060272795,0.5433029590955337,0.47261749124635893,-0.021434317989968827,0.541931247381411,0.4564764878999694,-0.023831999028465327,0.541062896694041,0.4406695751683976,-0.02533808689821012
0.5457730862030548,0.5515573285760026,8.371587221834304e-08,0.5564395185632065,0.5308773099766207,-0.004397131168865012,0.5654408367629595,0.5006386541590707,-0.00790061327314497,0.5733198381272573,0.47775219641056377,-0.011589760495474836,0.5795491949985433,0.4605398426016388,-0.015298854568958449,0.555076479383917,0.46831999620567194,-0.006552074784343437,0.5612167289347311,0.4388968055051859,-0.013060419721975322,0.562386409010011,0.42287441988193336,-0.01750844199623593,0.5633276424729643,0.40870338685775537,-0.020514644878769302,0.5504483116428365,0.4714459330595467,-0.009052273431283092,0.554707000416432,0.4399690128191702,-0.01462934030962065,0.5549389486571172,0.42061770190352965,-0.018446329149115807,0.5552619721192028,0.4036874734488713,-0.021264579038280034,0.5462808410002208,0.4806462735049672,-0.01226932153200432,0.548241692716778,0.45046118871832164,-0.017872091070045955,0.5472160446386259,0.4316297236547639,-0.020702066716615775,0.5466341048443262,0.4144485609387366,-0.022715762836727698,0.5426402493271119,0.49469000059498286,-0.01589305069836544,0.5432734297663848,0.47492583989278364,-0.021170095781559612,0.5415500631653913,0.4608472812536413,-0.02317079591157436,0.5400542686275306,0.4464879757070267,-0.024447968505984553
0.5414416498573797,0.5478037190305157,6.912683802639041e-08,0.5509521564227097,0.5261540399476564,-0.0043320354694889015,0.5596247512346104,0.4953212194168327,-0.0078863918311853,0.5671602951698899,0.47179854388330417,-0.011545986080611251,0.5726809316460156,0.4540958008385725,-0.015090563909254657,0.5510343885116092,0.46555121887367223,-0.0071128223982984806,0.5589528547690135,0.43883240688306535,-0.01353135356201462,0.559575447570156,0.4253391737995727,-0.01763835785373672,0.5596360042351313,0.4128103639621518,-0.020375856121325885,0.5471563228605762,0.4699510488693418,-0.009501545317531305,0.5535377383493152,0.44175546861818743,-0.0148766033324097,0.5532158664923158,0.42509295781522594,-0.01816940768580168,0.5527365360862041,0.40989467067465046,-0.02067776920202029,0.5437113407399212,0.48003376211184307,-0.012545186466087316,0.547911136599168,0.45320229191948036,-0.01788949038890139,0.546425504858236,0.43680914798745146,-0.020153166278173467,0.5451407333875155,0.42124536355701236,-0.021844576819802754,0.5407697213785744,0.4945497219557405,-0.015978790444802934,0.5432982033277672,0.47713028692759235,-0.020931392179333354,0.5412414546955878,0.46490410038507907,-0.022568227351895457,0.5391846490203047,0.4518722864929488,-0.02363187769754674
0.5375380600413578,0.5443490719661896,5.582326499190136e-08,0.546012197281906,0.5218398314223114,-0.004258406787017322,0.554419310986402,0.4904729777683388,-0.007849940945994553,0.5616542973302783,0.46638430012403015,-0.011477268008809867,0.5665132244595604,0.4482520928572119,-0.014872990970301009,0.5473684834936373,0.46306385151058166,-0.007613988431056501,0.5569223446882472,0.4387722432674735,-0.0139596109266245,0.5570545808462174,0.42756689689927746,-0.017762294275695128,0.5563342751357474,0.41651486048483377,-0.020257939750676326,0.5441724720740927,0.4686196700221799,-0.00990644882921066,0.5524954135024837,0.443361022386903,-0.015112527409246894,0.5516570949459834,0.4291218811428853,-0.017933025221033284,0.5504553008798194,0.4154943962521655,-0.020157687671260544,0.5413956816740026,0.4794813897149113,-0.012797677669651694,0.5476277018445155,0.4556722521543594,-0.017915546529039268,0.5457060374349024,0.44147998445591086,-0.019675945736913315,0.5437878935743574,0.4273717648062377,-0.02107906721115711,0.5391080905090978,0.49439165963047327,-0.01606240749606574,0.5433402494554853,0.47911435120782514,-0.020722705495062648,0.5409733835999202,0.4685544502323678,-0.0220434031392816,0.5384129018489161,0.45670794642112034,-0.022923431365757634
0.5339878480391749,0.5411244202467439,4.359025537983269e-08,0.5415617776834041,0.5178685768430964,-0.004161196175177581,0.5497445369992925,0.48606635511274804,-0.007781278753095628,0.5567073805026934,0.46151134879733097,-0.01138057076844546,0.5609867302333478,0.4429961744317332,-0.014646394331860785,0.5441178902294284,0.46080440850665694,-0.008051793480728375,0.5551257305297784,0.43868877005379747,-0.0143168729898872,0.5548135351063246,0.4295563373676562,-0.017844702165356028,0.5533889201177054,0.41985866635001157,-0.02012357997532754,0.5415498141316949,0.46742272040412947,-0.0102713147129222,0.5515889976039874,0.4448130768739899,-0.015293542035199238,0.5502865174271403,0.43276632025290546,-0.017677752352284398,0.548435355483233,0.4205548684669756,-0.019648085801085197,0.5393715246188431,0.47901183322680985,-0.013034976998275157,0.5474057073827462,0.45787960840977027,-0.017924091615300508,0.54509898493907,0.44568435005064877,-0.019216493173998973,0.5426055012619735,0.4329072194722832,-0.020356583247585745,0.537661997792806,0.4942893937905258,-0.016154245075330236,0.5434298295531954,0.4808585051264945,-0.020533575635584306,0.5407821649145316,0.4718062767056865,-0.021547618291053575,0.5377447365366915,0.4610593417889066,-0.0222485011950241
0.5307753496766854,0.538206513270499,3.252090985260094e-08,0.5375347039019546,0.5142750875458623,-0.004073232715203994,0.5455144505229459,0.4820789120934326,-0.007719148045938674,0.552231038752337,0.45710193658535986,-0.011293071845525674,0.5559859433391852,0.4382402248363721,-0.014441352680971421,0.5411765093958416,0.4587598948421819,-0.008447952359211044,0.5535000191529488,0.43861323722305917,-0.014640150527258299,0.5527856686675758,0.43135653246671146,-0.017919271010943014,0.5507237417659359,0.42288439294317315,-0.02000200116312505,0.5391766363214282,0.4663396305251011,-0.010601472757915252,0.5507688044471102,0.44612700479129286,-0.015457337658981982,0.5490463159878345,0.43606408237695143,-0.01744676229525695,0.5466075572348855,0.42513396365720785,-0.019186959769047322,0.5375399153456157,0.4785869432630008,-0.013249703246779185,0.547204830126831,0.45987699007361965,-0.0179318238508979,0.5445496782645369,0.44948877569624335,-0.018800746000281924,0.5415355839260461,0.4379161144451389,-0.01970282551467549,0.5363534645333164,0.49419685598062374,-0.016237346612033052,0.5435108883511005,0.48243674653974233,-0.02036243673923151,0.5406091358916703,0.4747487734394626,-0.021098994937828387,0.5371401303976571,0.46499681101186074,-0.021637773704118485
0.5279349420770393,0.5356800629915465,2.264872133407131e-08,0.5339370650322985,0.5111036490364517,-0.003994152555046544,0.5417154516615214,0.478494899650165,-0.007674165543921697,0.5482036588110757,0.4530763539696542,-0.011231731323916817,0.5514873059318417,0.43387871564861114,-0.014276410757582032,0.538526601482252,0.4568678600213131,-0.008852080232522593,0.5520619295078488,0.4385933301281031,-0.0149786594535373,0.5509855556621005,0.4330585973426645,-0.018006734979441337,0.5483389805718324,0.4256854912578533,-0.01989444063807355,0.5370164836383504,0.46528082042321345,-0.010950606807784001,0.5500521239130601,0.4473327991576377,-0.015677326807136422,0.5479523076421849,0.4391275660809859,-0.01729762686554086,0.5449741418041233,0.42936137576530536,-0.01881549177880765,0.5358584690904944,0.47813303181551015,-0.013494322508930212,0.5470387612218217,0.46172801491914073,-0.018005830828601018,0.5440712215745195,0.45303626660069074,-0.018477059644462415,0.5405880410933532,0.44254681766402765,-0.019151352105418917,0.535143006403308,0.49409735853629816,-0.016361383529739523,0.5435857106078474,0.48397198471014546,-0.020271877835748586,0.5404418728338796,0.4775685913726312,-0.02075584881990944,0.5365818676926709,0.46867638671101186,-0.0211461561600328
0.5253666671300964,0.5334068174120403,1.3751331945334332e-08,0.5306641540075556,0.5082466279344034,-0.003931366536646409,0.5382695032060909,0.47529543738795765,-0.007627095955880003,0.544572718647136,0.4494853600933463,-0.011153324431569871,0.5474333612433686,0.4299949907405444,-0.014090074758885691,0.5361267076831292,0.45520524911633203,-0.009173751379501098,0.5507479488205119,0.4385510949359537,-0.015219966917658024,0.5493774584023401,0.4345994933503778,-0.0180243741348024,0.5462056088719711,0.4282467497643514,-0.019741370607122402,0.5350905673086064,0.46437638369206863,-0.011208012728988267,0.5493937292756429,0.4484166831674153,-0.015782461267736837,0.5469900017851848,0.4419151858023107,-0.017077659656871667,0.543541475326003,0.43321057121061435,-0.018408893496910914,0.5343825958613577,0.4777574321149768,-0.013645040383412136,0.5469133237143071,0.4633589600111752,-0.01797891696944485,0.5436904296621207,0.45621585258053565,-0.01810833494538422,0.5397857274924476,0.446713172385161,-0.018594242745410244,0.5340949515181418,0.4939982681338249,-0.016392284964657035,0.5436842312401016,0.48532273029450157,-0.020099338466004302,0.5403782394860254,0.4801067083628697,-0.02036583686199689,0.5362010673195315,0.47202546448046195,-0.02062980322977363
0.5230370122402404,0.531350925438797,5.61256162336002e-09,0.5277385850072228,0.5056544351299616,-0.003870189900123899,0.5351846042169356,0.4723926580363247,-0.007582628322062157,0.5413019754584139,0.446246068638174,-0.011087627190191294,0.5437884927105711,0.4264875767645866,-0.013935098884506386,0.5339878301832133,0.45373047013347617,-0.009448025391245644,0.5495893850581577,0.4385415273031,-0.015432826616138014,0.54793170926234,0.4360051316753514,-0.01805159345944076,0.5442916223313167,0.4305569015138468,-0.019624377509679183,0.5333761123371772,0.46361003383369076,-0.011429050354549978,0.5488291827755691,0.4494136900124546,-0.015875782406101026,0.5461273317966433,0.44442128429546196,-0.016887682075450116,0.5422497971411889,0.43667893573655703,-0.018054932550059362,0.5330790250830525,0.47747615959069056,-0.013775829217017433,0.546836678376487,0.4648685144169916,-0.017953356843358637,0.5433487692028016,0.4590822986246893,-0.017775977623037034,0.5390446520103175,0.45047217500796494,-0.01809075214598472,0.5331847284333459,0.49396691281794985,-0.016421097563250678,0.5438023532284073,0.48657239171024236,-0.019940573266596123,0.5403129878980615,0.4823895639875015,-0.020006628528615858,0.5358238660213205,0.47503973994118137,-0.02015365225693568
0.5209289655900047,0.5294906000290924,-1.7520088067843535e-09,0.5250913105297719,0.5033088244637799,-0.0038148326863771333,0.5323931560034167,0.4697660053440192,-0.007542390668441534,0.538342361460311,0.4433149145299212,-0.011028179393772663,0.5404903420125559,0.423313805269417,-0.013794865078085035,0.5320524132385855,0.45239597938629117,-0.009696209109023905,0.5485410295832976,0.43853286979057493,-0.015625438052409006,0.5466234868964742,0.4372770587643403,-0.018076223547946753,0.5425597036109984,0.4326473002584268,-0.01951851337150157,0.5318247447611305,0.4629165829457947,-0.011629061793227143,0.5483183387172648,0.4503158566591535,-0.015960226378459938,0.5453467232234499,0.4466889903649968,-0.016715776096637814,0.5410809897429188,0.4398173723575972,-0.017734642110658377,0.5318994563733193,0.4772216430933301,-0.013894176773031152,0.5467673239204465,0.4662344725777415,-0.017930228122271984,0.5430396091680164,0.4616760742125544,-0.017475235765045116,0.5383740712756008,0.4538736027995802,-0.017635156050543437,0.5323610902484687,0.4939385401740508,-0.016447169365651274,0.5439092388717922,0.4877031791813188,-0.019796910594393594,0.5402539433623113,0.48445526314896564,-0.019681589859919572,0.5354825459671697,0.47776728268389623,-0.01972279510823607
0.5190336879993162,0.5278157711090405,-8.318711882872684e-09,0.5227088333672476,0.50123578408038,-0.0037836684476428755,0.5298884154421422,0.4674457415593372,-0.007543165288990827,0.5356831725769416,0.44072143965646965,-0.011023580011617249,0.5375241619995249,0.4204909433750106,-0.013728179002006635,0.5303193313670946,0.4512203279176557,-0.009991315020224269,0.547624014132118,0.438589323839083,-0.015886267892018673,0.5454571326443989,0.43848218950487755,-0.01818205666603766,0.541008352509055,0.4345864656981039,-0.019501628434243818,0.530434025664551,0.46232696286105623,-0.011875442397892715,0.5478854813553058,0.45120769932182675,-0.016125360019183917,0.5446599594400914,0.4487854471618469,-0.01664714265131295,0.5400408169699608,0.44269131311248194,-0.017526402660852817,0.5308417215134981,0.47703812253201605,-0.01405955438473117,0.5467134061557443,0.46758252821083385,-0.017986865879035394,0.5427589507754678,0.46411848743737905,-0.01727912929288756,0.5377752796917662,0.4570335444898471,-0.01729570082407944,0.5316309505202157,0.4939735938023673,-0.01652208083343608,0.5440236867639129,0.48884283738564105,-0.019736909288690378,0.5402021767103619,0.48643409010756905,-0.019462730602670567,0.5351718285636543,0.4803339334548309,-0.01941044208694401
0.5173493726312206,0.5263615289602303,-1.4098272058235225e-08,0.5205728847930365,0.49939914877157054,-0.0037452970821153955,0.5276458707251216,0.4653596161440356,-0.0075311075601862355,0.5333090530696201,0.43837659947457874,-0.011005360723162952,0.5348790180452069,0.4179342246454317,-0.013650375661762438,0.528755208101835,0.4501405664804812,-0.01026309815530813,0.54681405729966,0.4386291926637828,-0.01612079637344594,0.5444259268280435,0.43959028160757196,-0.0182654184757104,0.5396245882613935,0.4363764944087365,-0.01946787594259369,0.5291704163366336,0.4617644572173645,-0.012110969584039734,0.547534679402721,0.4520035698623731,-0.01628426822153332,0.5440816038108583,0.45069410477314753,-0.016584827816925593,0.539127401347503,0.4453064874464636,-0.0173323538229987,0.5298729916707332,0.47685683853763333,-0.014228034588957852,0.5466835887567182,0.46883191861867546,-0.01805160410366351,0.5425278339660734,0.46637262698807025,-0.017108667429977634,0.5372485186707553,0.4599327364356843,-0.016993528053659102,0.5309510103397668,0.49402369473127405,-0.01661432748729026,0.544131369817208,0.48990934388565216,-0.019702364528306312,0.5401699229768631,0.48826329323785755,-0.019282112638217278,0.5349046330610366,0.48268851199313373,-0.01914643358045098
0.515823474606968,0.5249794255494878,-1.9588000347017123e-08,0.5186624915351105,0.49767605651026836,-0.00373229504562783,0.5256389929247174,0.4634223330730085,-0.007539436520946565,0.5311945696926864,0.43622378073947315,-0.010998774520491538,0.5325164734667198,0.4156054615889861,-0.013580640278668125,0.5273688564034202,0.44923132911648095,-0.01052593705051855,0.546124578883516,0.4386990614972573,-0.016349094088325546,0.5435349643258283,0.44058246306945187,-0.018350799202725785,0.5383973339447802,0.43798461500438474,-0.01943668105394822,0.5280771749092374,0.4613481767093055,-0.01231844541171534,0.5472409532568178,0.4527792556500938,-0.016413959106924208,0.543574009492437,0.45242042186861325,-0.01650166498844113,0.5383023087963176,0.4476648281114623,-0.017120887831734957,0.5290553676656075,0.47675882217037896,-0.014354843492948736,0.546684736045765,0.4699122851948279,-0.01807452742951629,0.5423532884369583,0.46832494321389745,-0.016912403419359383,0.5368005893992376,0.462492991770441,-0.0166720561869501,0.5303986057852449,0.49406915455074585,-0.01665419350053816,0.5442538874394731,0.4907500102180923,-0.019617598401472154,0.540177432887098,0.4897788612514385,-0.019059671553828886,0.5347007180163681,0.48472069352997194,-0.018841662569561272
0.5144427275132103,0.5237287946178503,-2.4555518660678397e-08,0.5169338242867814,0.49611687326587395,-0.0037205298268466283,0.5238230192184851,0.4616693339029515,-0.007546973189964455,0.5292812263819958,0.43427574871856545,-0.010992814829835338,0.5303786657569179,0.41349822193657737,-0.01351753846844938,0.5261143813021437,0.4484085828857857,-0.010763773416330742,0.5455006870479093,0.43876228406339923,-0.01655567500089073,0.5427287545621168,0.4414802633471879,-0.018428058094745875,0.5372868220992751,0.4394397632538496,-0.019408453576651094,0.5270879279873194,0.4609714948520943,-0.012506185117472122,0.5469751677876249,0.4534811543877824,-0.01653131315696174,0.543114700043949,0.453982523185073,-0.016426413017527265,0.5375557031096837,0.4497988318047184,-0.016929537526390016,0.5283155200801721,0.4766701296024117,-0.01446958970984207,0.5466857741990307,0.47088988198472215,-0.018095270175785976,0.5421953465376809,0.4700915455110772,-0.016734809007437203,0.5363952693647221,0.46480970301624935,-0.016381164306478145,0.5298987486708692,0.4941102900084375,-0.0166902672623865,0.54436475058248,0.4915107082312541,-0.019540895645839006,0.5401842284177077,0.4911502609759835,-0.01885839016023642,0.5345162003744126,0.4865595639566844,-0.018565882877301928
0.5131992999401015,0.5226794679576793,-2.8936513131510918e-08,0.5153726014157732,0.4947655296815953,-0.003689630892268671,0.5221789223766231,0.46012355746193595,-0.00752874837780085,0.5275453764742432,0.43252481362204453,-0.010964799381609762,0.5284480723619879,0.41159331002433913,-0.013437946859139228,0.5249833260356518,0.4476448623988751,-0.010925137900493645,0.5449039889442666,0.4388035998940948,-0.016687956244201302,0.5419717591659807,0.44230846525408124,-0.01845079286185271,0.536276561213599,0.4407825919652747,-0.01934356983778704,0.526200652905071,0.46059225969092676,-0.012640078438494365,0.5467315693820483,0.4540871446776364,-0.016609418834718937,0.5426970582211853,0.45542823752983697,-0.0163423809772342,0.5368898761065778,0.45177353354874383,-0.01674147485426633,0.527654799074497,0.4765647818223214,-0.014556216403660442,0.5466914366140719,0.4718415682264682,-0.018109022274145854,0.5420570781567389,0.4718005464699714,-0.016577364891542875,0.536043065637151,0.46700449204156447,-0.016120869066633205,0.5294507552096425,0.4941709772870347,-0.016722907738614016,0.5444827919449942,0.49236812377602357,-0.019483368887787705,0.5402069959633332,0.49257427572611756,-0.018696255461807705,0.534377028745724,0.48835825684645323,-0.018339364599178024
0.5121067721788295,0.5217851094068142,-3.300045616330627e-08,0.5139763040719476,0.4935917345503123,-0.0036333766411022874,0.520710888957198,0.45876353120406044,-0.007472754253841241,0.5259856090454471,0.4309718387601247,-0.010898414155324238,0.5267008486886392,0.40989879979316823,-0.01332382872340502,0.5239684125030042,0.44694713431613725,-0.01100616789747411,0.5443750002533254,0.4388176879931824,-0.016753934366891942,0.5412935427431327,0.44304943922224416,-0.018442536090260205,0.5353663929164219,0.4420077822693768,-0.019270079421392056,0.5253928640036015,0.4602332660849147,-0.012710916513704314,0.5465136153266067,0.4545949788445261,-0.016628899001202763,0.5423221779338675,0.4566992367853809,-0.01622305838227472,0.5362971550608067,0.45354472037527477,-0.016531562895949273,0.5270507205764663,0.47646077180937074,-0.014602042792693688,0.5466907941170586,0.4726801025388639,-0.018080270753971,0.5419207475078964,0.4733180000526052,-0.01639535442419879,0.5357161042360572,0.46896200507911634,-0.015846580978045356,0.5290483878015535,0.4942245025706306,-0.01673774747605964,0.5446060529748289,0.493121020360793,-0.019399030020484754,0.5402267189154442,0.49383481060179674,-0.01850973057484971,0.5342402663228348,0.4899554983093372,-0.01809050095450718
0.5111123310518024,0.5209395507051159,-3.694678923936741e-08,0.5127323564954637,0.49247017617162164,-0.0035879213139641732,0.5193831257898388,0.4575202533340319,-0.007426414152242977,0.5245653353282812,0.4295770741321724,-0.01083960474826366,0.5251237360831558,0.40838456172083504,-0.013219954693124224,0.5230987128525413,0.4463403395141066,-0.01107658082722933,0.5439287576551365,0.43886555240921427,-0.01679701168503592,0.5407160891933525,0.44374884452413754,-0.018416704762801266,0.5345711537434128,0.4431159643455943,-0.019189811517201186,0.5247315308331931,0.459926324386445,-0.012765404512065436,0.5463301662896513,0.4551015909040305,-0.016619571651883616,0.5420032903200698,0.4578708041986778,-0.016098056567918843,0.5357736248334134,0.45512258058243893,-0.016339986577515283,0.5265780403272984,0.47636237781090646,-0.014625932679633238,0.5467124330253954,0.4734136346723681,-0.018021209231484304,0.5418318412058014,0.4746530015047777,-0.016209747675978322,0.5354473981024521,0.4706701076092769,-0.015592634105182553,0.5287502023303838,0.4942310698188383,-0.016726228435399396,0.5447053305127277,0.49376337110622487,-0.01929447819754757,0.5402513752577818,0.4949417467261392,-0.018323096504676516,0.5341385409264595,0.49135966727117714,-0.017855856173514994
0.5101752405704819,0.5202314817836668,-4.0360351058956896e-08,0.5115612158109346,0.49154286034407846,-0.0035624444797868384,0.5181534526315478,0.45644360347711127,-0.007408368409385494,0.5232795867091476,0.42832654161070394,-0.010814146071207656,0.5237230792052601,0.4069999979328574,-0.01315247193813101,0.5222799125668203,0.4457970861594663,-0.01119262870264705,0.5435206604049089,0.43895726188340384,-0.016889724443122343,0.5402035958978654,0.44446599898929967,-0.018424934235143957,0.5338708959499813,0.4442100328815955,-0.019134810314066233,0.5240786986916052,0.45961565829316153,-0.012865912234556095,0.5461701779084366,0.4556617151322575,-0.016679569407636676,0.5417216257785804,0.459069248920927,-0.016040367891290395,0.5353078388899952,0.4566615249433499,-0.016211132899287644,0.5260803970313169,0.47623881959080855,-0.01469659447848665,0.5467155028227869,0.4742177646857964,-0.01803629520034257,0.5417317572894398,0.47602050213950614,-0.01610207660375076,0.5351970065030193,0.4723447367975637,-0.015416927456565208,0.5284125868878399,0.49424132714221924,-0.016763444066250494,0.5447850888930553,0.4944745012277736,-0.019264962695027393,0.540258683645991,0.4960698297921034,-0.018222370510386762,0.5340357874034746,0.4927242601598132,-0.017714384375314213
0.5093272907480781,0.5195907678631219,-4.3449198076809614e-08,0.5105014797926402,0.49070375536227423,-0.0035393911274727292,0.5170407520364908,0.4554693698538219,-0.007392039266409265,0.5221161448270855,0.4271949658977643,-0.010791109148820128,0.5224556597035844,0.4057471406671771,-0.013091408474941014,0.5215390005943895,0.4453055097377974,-0.011297637532970584,0.5431513833737663,0.439040247501017,-0.01697361790732994,0.5397398534871228,0.445114934191921,-0.018432380879572174,0.5332372501245105,0.445200028233477,-0.019085041096087885,0.5234879671565469,0.45933454428776116,-0.012956859167787197,0.5460254084095014,0.4561685575869795,-0.0167338598815552,0.5414667545546227,0.4601536916824838,-0.015988166845524926,0.5348863607981006,0.4580540773420092,-0.016094536417147278,0.5256300920150359,0.47612701483675657,-0.014760534579237693,0.5467182806059411,0.4749454018944416,-0.018049946117590313,0.5416411938478127,0.47725791938305867,-0.016004647733867543,0.534970433384945,0.4738600670149819,-0.015257934889187637,0.5281070870879246,0.49425060873851395,-0.016797119563120723,0.5448572602636775,0.4951179851519977,-0.01923825485238143,0.540265296824342,0.4970906040444392,-0.018131226068444424,0.533942808301346,0.4939590462563935,-0.01758637007087859
0.5085584598770533,0.5189643613123043,-4.629491623614963e-08,0.5095590674617628,0.48993497311535855,-0.00350755521723532,0.5160606361866746,0.4545955438540492,-0.007372061974833611,0.5210784571631819,0.426201458685794,-0.010772533072814365,0.521294520937297,0.4046559628254645,-0.013049193080564485,0.5208480258142592,0.4448960689110209,-0.011414323905862899,0.5427966804503574,0.4391044671095556,-0.01709042649108327,0.5392922833329775,0.44568808666864357,-0.018488354513807623,0.5326338690958838,0.44609095440717467,-0.019089816307177015,0.5229381032076108,0.4591518697885683,-0.013072685342198187,0.5458799518855386,0.4565825675155535,-0.016834152634977662,0.5412172075224257,0.46109681573527567,-0.01598858310107829,0.5344823132377382,0.45931259557859716,-0.016029396333419637,0.5252192543153054,0.47610530897008607,-0.01486240195861989,0.5467214631993771,0.4755500466253987,-0.01812354798025124,0.5415537681354847,0.47835170468366806,-0.015965650457989585,0.5347551108320363,0.47524535540807444,-0.015149382698578039,0.5278390166861218,0.49432926299577556,-0.01687990418634106,0.5449422862059248,0.4956761663674969,-0.019279598707988708,0.5402885854203023,0.49802515206928794,-0.0181043143254363,0.5338683466565874,0.49512629110864703,-0.01751495048180706
0.5078583698200775,0.5184039089190633,-4.8888112743002104e-08,0.5087017264313691,0.4892219713649132,-0.0034754184750386235,0.5151798432394312,0.45379722866077865,-0.007345322762823795,0.5201539830287544,0.42530532489781275,-0.010742628288443168,0.5202561277209656,0.4036708681553379,-0.012993672448490519,0.5202496438816488,0.4445251877236718,-0.0114873356658898,0.542502815005711,0.4391915849756734,-0.01715459156661855,0.5388930885494111,0.4461801036103004,-0.018503980058585792,0.5320832523426962,0.44684968568216493,-0.019063216015376975,0.5224761462455377,0.4590019120666324,-0.01314058587314518,0.5457777983057607,0.45698387443611777,-0.016871880794668632,0.5409945964485665,0.4619185050022874,-0.01593866307707003,0.534113225029185,0.46041453459460546,-0.015922316238806185,0.5248846012614337,0.4761070036577603,-0.014914357474767305,0.5467535032786454,0.4761341422379385,-0.0181284003879141,0.541482653328149,0.47931014880059325,-0.0158736609995665,0.5345552699796762,0.4764629241010651,-0.015000144374456582,0.5276260205919224,0.49441849102868807,-0.0169121023142161,0.5450275531263226,0.4961894379555181,-0.019252905633693175,0.5402951777985225,0.4988307492031294,-0.01801224160454672,0.5337720063862434,0.49613962052863864,-0.017381906678482405
0.50723970253013,0.5179230097538837,-5.111906570141693e-08,0.5079440381794851,0.48861264171206265,-0.0034504859946345784,0.5143879669004694,0.45307891561214436,-0.007327422108515455,0.5193170241826911,0.4244768676210522,-0.010722731388072294,0.5193140621870513,0.40276758511553173,-0.012950487349194562,0.5196929876860362,0.4442184491410377,-0.011568214679615867,0.5422307459910757,0.43930009195109254,-0.017222462735097428,0.5385308408889031,0.4466539787584854,-0.018518144916312464,0.5316014272885883,0.4475519199418859,-0.019036062009999008,0.5220346312210611,0.45889624678381835,-0.013216186054192903,0.5456769422948209,0.45736301315869526,-0.016927605858172184,0.5407816060056585,0.46267532702733427,-0.015910181181558902,0.5337657349665133,0.46141726493600915,-0.015837900931384527,0.5245522759602966,0.4761303917185504,-0.014974252001440074,0.5467701011744902,0.4766887232626318,-0.018150489054783916,0.5414033574886966,0.48020109560961544,-0.01580643680473186,0.5343597993240959,0.4775796855284007,-0.014879948845270385,0.5274034564580921,0.4945139361043423,-0.01695278839816989,0.5450804929494102,0.49668162171187963,-0.019243027980383236,0.5402730090970747,0.4995754989383917,-0.017946964799833903,0.5336563846525992,0.4970554967977178,-0.017284554167906502
0.5066798859178656,0.5174878560842685,-5.3137799433738224e-08,0.507258424963441,0.488061274494895,-0.003427925214483549,0.5136714177364631,0.4524289320362132,-0.0073112242525514536,0.5185596809815537,0.42372721727810103,-0.010704727178796695,0.5184616105635436,0.40195022680440623,-0.012911410229099508,0.5191892833675967,0.4439408890421427,-0.011641400083472031,0.5419845575202287,0.4393982772089415,-0.01728387766397057,0.5382030520088357,0.44708277657017453,-0.018530962343053136,0.5311654358051568,0.44818735422244455,-0.01901149102726386,0.5216351152788374,0.4588006329027872,-0.013284594773917356,0.5455856802040522,0.4577060863398708,-0.016978030079358046,0.540588876262013,0.46336015641630146,-0.0158844086241359,0.5334512998689394,0.46232461063192737,-0.015761515623494638,0.5242515630774998,0.4761515549918828,-0.015028449065936516,0.5467851201967879,0.4771905498106237,-0.018170476538941265,0.5413316046597849,0.4810072911729477,-0.01574560730618553,0.5341829227993757,0.47859021511209904,-0.01477118690641947,0.5272020637201262,0.4946003019746223,-0.016989604221562208,0.5451283968759574,0.49712698652682114,-0.019234089938073677,0.5402529491916221,0.5002494044131981,-0.01788789744607601,0.5335517614273463,0.49788425040816436,-0.01719646230730296
0.5062047670114813,0.5170826942303955,-5.502901556401874e-08,0.5066226312374861,0.4875546931887102,-0.003432863515916841,0.5130069958148176,0.4518511057967306,-0.007330825959318413,0.5178816657983617,0.4230787605059302,-0.010723309234157326,0.517695708435565,0.40124152619388714,-0.012909133488575975,0.5187438754465789,0.4437115835712028,-0.01175429124402408,0.5417752990496197,0.4395128950739911,-0.017395266112248484,0.5379029116806928,0.4474770304042174,-0.018593540772133342,0.5307635131049059,0.44877811082290353,-0.019032457290898794,0.5212830266119435,0.45874176065463523,-0.013375260874669254,0.5455348394409999,0.45808621612977163,-0.017056813606031167,0.5404230924788253,0.46401281469199407,-0.01588299187088828,0.5331782342274853,0.4631882770210517,-0.01570513315487937,0.5239937209203687,0.4761989411486643,-0.015089499194180192,0.5468053726532021,0.4777403535129381,-0.018195087337904085,0.5412506882312673,0.48177163039813503,-0.015695196063810993,0.5340120818449582,0.4795216164697732,-0.014678460050160005,0.5270385390783506,0.494695734114366,-0.017021434026840684,0.5451932951864139,0.49758611793160823,-0.019217661899478506,0.54022992705002,0.5008654018689882,-0.017831325293449295,0.533441946209565,0.4986102419721686,-0.017119202049904633
0.505757675335603,0.5167202974322102,-5.6759002409911046e-08,0.5060551417844165,0.4870679027597906,-0.003420173853646639,0.5124244365753462,0.4513233492856095,-0.007329430463917993,0.5172752624649822,0.4224944913888061,-0.01072298192074834,0.5170139797825671,0.40059882887173687,-0.012895133957880526,0.5183641911846024,0.4434858564081119,-0.011836332374713529,0.5415954830249421,0.43965265056145286,-0.017464283277827432,0.53765891184888,0.4478887560991903,-0.01861645753625268,0.5304137201636419,0.4493775409271051,-0.019019136652255967,0.5209819162840891,0.4586463897121579,-0.013443533491596481,0.5454852968919635,0.4584295765901965,-0.017095582686384142,0.5403029648404215,0.46464580816109974,-0.01585394152510983,0.5329690698092382,0.4640106415844007,-0.015636779181456204,0.5237743652405615,0.4762032276138652,-0.015134188236074158,0.5468416381193285,0.4782047563795926,-0.018200289081457904,0.5412220512946223,0.48245874301408065,-0.015638414761597847,0.5338975555458376,0.48035847630420525,-0.014590303716871054,0.526898649294601,0.49475547949871096,-0.01703950381385724,0.5452524963206755,0.4979503867558476,-0.019192087754539087,0.5402346037102799,0.5013848540599422,-0.017768396832853414,0.5333746630473778,0.4992406272335012,-0.017036279486112763
0.5053753221686048,0.5164900770971206,-5.81868909283606e-08,0.5055407955779871,0.4867211839917354,-0.0033765333555049295,0.5118987277195313,0.4509051224359734,-0.007282428779295689,0.5167386484105111,0.4220222133683913,-0.010668559936844705,0.5164099824981729,0.40008211174698166,-0.012821129469083464,0.5179889466987267,0.44330364604516637,-0.011923133110510254,0.541414095377199,0.4397425750660644,-0.017515606797030566,0.5374622024928979,0.44829584603250217,-0.018589370441236614,0.5301366069645472,0.44999427117061724,-0.01893515867037878,0.5206880905876567,0.45857882423039625,-0.013537089006845278,0.5454316787489041,0.45874191351101107,-0.01714843080685091,0.5402139218331127,0.46528476993399653,-0.015823218347445708,0.532791601175185,0.4648086200315223,-0.015558146457382115,0.5235613438318291,0.4762397053457596,-0.015218789430576824,0.546873484285111,0.4786491423490815,-0.018241476949620285,0.541216096447227,0.48318758409022566,-0.015599738867297656,0.5338121522392796,0.48122905961720797,-0.014511431127698296,0.5267598025496374,0.49487364535252804,-0.01710908450059196,0.5453275888434082,0.49833305200109257,-0.019218838874780323,0.5402839281163674,0.5019762346573763,-0.01774308372563051,0.5333551817069573,0.49995958118058204,-0.016982826818743264
0.5050293403167833,0.5162817564534429,-5.94789516629072e-08,0.5050753765143112,0.48640744681943787,-0.0033370441563437916,0.511423026877606,0.45052667938277574,-0.0072398981262556585,0.5162530797261008,0.4215948607578177,-0.010619314839913494,0.5158634404083283,0.3996145472984007,-0.012754164651508837,0.5176493973152906,0.44313876842877864,-0.01200167693308716,0.5412499622152942,0.43982394550919135,-0.017562048170474145,0.5372842050990548,0.44866421156767194,-0.01856486000402041,0.529885854136894,0.45055233499783726,-0.018859169087475067,0.5204222150376712,0.45851768590981523,-0.013621745061005936,0.5453831610275196,0.459024539406604,-0.017196251753981887,0.5401333490349263,0.4658629505181031,-0.015795417709659632,0.5326310142310987,0.4655306908411257,-0.01548699366505006,0.5233685860679808,0.47627271313625386,-0.015295342943053644,0.5469023010868582,0.4790512561378971,-0.018278746825037506,0.5412107080542256,0.483847094215872,-0.015564742014424987,0.5337348729155941,0.48201682876049073,-0.014440061287416366,0.5266341635904546,0.4949805706887209,-0.017172046329930246,0.5453955381957751,0.49867931624474204,-0.019243045296795935,0.5403285605421745,0.5025113602216235,-0.01772017852575707,0.5333375535275242,0.500610144689545,-0.01693445883218651
0.5047275870564383,0.5161511645224321,-6.073649984439675e-08,0.5046782877340714,0.48616342451784905,-0.0033367292446789478,0.5109961150507536,0.45021635277143524,-0.007237938522911349,0.5158097431436532,0.4212198598431828,-0.010606970035001863,0.5153847581063614,0.3991929652365553,-0.012719875387160538,0.5173702475013409,0.443013487531981,-0.012054126979175885,0.5411364877802897,0.4399564318591729,-0.01759523334369347,0.5371529349505615,0.4490539233880908,-0.018556145862004804,0.5296709516336859,0.45107227871425803,-0.018819717072038885,0.5202176913611191,0.458489499447269,-0.01366076022908925,0.5453504055487988,0.4593059140958876,-0.01720125642835939,0.5400778699510824,0.46639582439140065,-0.015749568643361814,0.532494468753124,0.46617948778257556,-0.015413356197837286,0.5232234039795832,0.47632032781013706,-0.015314998277582776,0.5469295616990092,0.47938571484899417,-0.018270721546556293,0.5412272984245644,0.4844070312352453,-0.01551472231570205,0.5336869666233648,0.4827008697383688,-0.014366127221385444,0.5265367542735645,0.4950687235417943,-0.0171702563865801,0.5454249039604059,0.4989511725743727,-0.019215666956959393,0.5403820164019172,0.502958858149039,-0.017665470598320167,0.533371383836755,0.5011849548514289,-0.016860368049631976
0.5044817308303704,0.5159973542278338,-6.198057445441336e-08,0.5043388222680973,0.4859710124486168,-0.0033583526665945432,0.5106248043598327,0.4499608620010586,-0.007272418275261344,0.515427476653001,0.4209052799188479,-0.010638166608976768,0.5149795686347204,0.39883129955621055,-0.012734045746458748,0.5171259354968367,0.4429795420804946,-0.01216627634751891,0.5410241801236233,0.4400672578106744,-0.017702092649282953,0.5370080477041083,0.4493569183698222,-0.018624962708702328,0.5294703172071844,0.4514962782551506,-0.01885990972081126,0.5200367109719998,0.45855896766503973,-0.013748402545167434,0.5453188438406802,0.45961203679981344,-0.017278153524463182,0.5399994946413458,0.466874589737108,-0.015777084910412565,0.53235452050924,0.46676918178358556,-0.015412234517160884,0.5231020963757669,0.476450199270056,-0.015372056284932718,0.5469579599333231,0.47975421110598737,-0.01831312451729599,0.5412274101737012,0.4849236379316866,-0.015518089055898063,0.533634415186547,0.48332682667261023,-0.014348333640656664,0.5264749703158589,0.495217195719543,-0.01719591258966736,0.5454785443503812,0.4992463605330632,-0.019223280083891344,0.5404153677460238,0.5033583107600069,-0.017653543226784446,0.5333604187577435,0.5016701370569158,-0.016836931894946856
0.504302664645013,0.5158630795779213,-6.28980445595488e-08,0.5040512038689822,0.4857926568169564,-0.0033690404732262995,0.5103132064240765,0.4497261934595482,-0.0072954538163871865,0.5151042244317428,0.42062126508252123,-0.010662668812159217,0.5146022123630637,0.3985098092406415,-0.012750461708212868,0.516918958992236,0.4429350563664072,-0.012251007606105258,0.5409454337188195,0.440187094058139,-0.017783068449837888,0.5369123002621448,0.44964473839600894,-0.018679410685753933,0.5293183592560593,0.4518959793137542,-0.018892702411296376,0.5198864123103347,0.4586057592637375,-0.013816535202888208,0.5453128165692508,0.45990177133708476,-0.017330144256577605,0.5399670733108081,0.46732291998106207,-0.015786688996845794,0.5322604016341328,0.46730112274676067,-0.015399300636083793,0.5230026643526338,0.4765559913907883,-0.015418066555298959,0.5470083151271745,0.48007684738031525,-0.01834094880451131,0.5412698199908731,0.4853844261642799,-0.015510124348509393,0.5336238360353793,0.4838705911379695,-0.0143216678126518,0.5264222103396959,0.4953319890520725,-0.01721838956844822,0.5455467113518747,0.49948521571238086,-0.019221407265179735,0.5404815956888371,0.5037033114599184,-0.01762601098954611,0.5333834671249893,0.5020927690292287,-0.01679473996426164
0.5041125661750077,0.5157725580571751,-6.36718295095318e-08,0.5038050518269531,0.48564466519425553,-0.0033541319777059516,0.5100484686650221,0.44956328349109087,-0.007273961941781831,0.5148206856444462,0.420410249920397,-0.010638067042407771,0.5142843728273104,0.3982690933425474,-0.012717039405502539,0.5167503874090783,0.44286639054772486,-0.012216467251129952,0.5408813788163513,0.4402581294811083,-0.017762239379203366,0.5368404138345784,0.4499267676601135,-0.018679144688226613,0.5291778739325196,0.45231782768313666,-0.01890155782294389,0.519758439357385,0.4585584192096794,-0.013778781576023236,0.5453095909072089,0.46011933706168956,-0.017279411283957755,0.5399688637374451,0.46777839579478725,-0.015731033983277087,0.5322183212823833,0.46787075718548415,-0.015341522788854298,0.5229179978073465,0.47654419630374356,-0.015378968350521164,0.5470604800358215,0.4803267988847979,-0.01828324885887983,0.5413413247283085,0.4858228084558682,-0.015438747360578962,0.5336629902355957,0.48439255288060074,-0.014240334989069344,0.5263731423985478,0.4953337083204178,-0.017177693331134274,0.5455916621355917,0.49969152956680146,-0.019150931728331336,0.540580747983293,0.5040345278064453,-0.01753950807314457,0.533507911856941,0.5024816958588646,-0.016695702208951307
0.5039405508071286,0.5156906473890268,-6.437200822652417e-08,0.5035823149787155,0.4855107512631167,-0.003340641651658704,0.5098089140646408,0.4494158703206716,-0.0072545144800713526,0.5145641184621673,0.42021930755910486,-0.010615805514084318,0.5139967677525955,0.39805127552547703,-0.012686796396729672,0.5165978511846152,0.4428042565596869,-0.012185212544726575,0.5408234171314824,0.4403224076650104,-0.017743391672287712,0.5367753655978251,0.4501819689124762,-0.018678903993693326,0.5290507522644198,0.4526995477592974,-0.0189095708642494,0.5196426398215992,0.45851558237456974,-0.013744619259967976,0.545306672086017,0.46031620686371744,-0.0172335042813998,0.5399704838498881,0.46819054450727143,-0.01568067314853148,0.5321802438208106,0.4683862051926712,-0.015289241054834247,0.5228413851605733,0.47653352322343356,-0.015343589359422122,0.5471076827616037,0.48055297377191974,-0.018231037616074364,0.5414060275831748,0.48621948966617506,-0.015374160103056046,0.5336984198955717,0.48486486305319154,-0.014166738943983974,0.5263287420414728,0.49533526404349587,-0.01714086832021939,0.5456323369795151,0.49987821783191844,-0.01908716017142661,0.5406704684234754,0.5043342372238527,-0.017461233739916118,0.5336205187934759,0.5028336260541783,-0.016606085412387204
0.5038072037238769,0.5156154171689068,-6.520253191012828e-08,0.5033962674273464,0.4854027271875505,-0.003354008950185028,0.5095886317468753,0.4492833955033663,-0.007271564308336949,0.5143343272259262,0.420039208750678,-0.010631717841977025,0.513771668718822,0.39783460232575885,-0.012691292537201927,0.5164886506630428,0.44278348686697105,-0.012207968517904972,0.5408196903879314,0.44044831236880866,-0.017784342278484196,0.5367356919677463,0.4504353100646004,-0.018724275809027194,0.5289467849849739,0.45301229819282124,-0.018954020909516752,0.5195583353401261,0.4585196280382926,-0.01375067881418936,0.5453296814870813,0.46056505576930995,-0.01724427012843338,0.5399704813484808,0.4685646839518352,-0.01567763669466406,0.5321427720948174,0.4688198011064323,-0.015277863311908918,0.5227815516769917,0.47655507531305663,-0.015335646589392323,0.5471615366600945,0.4808144432251866,-0.018221171163371883,0.5414554187162192,0.4865873921941098,-0.015353915176280309,0.5337196895165967,0.48528136991384996,-0.014138418644744709,0.5263026889538741,0.4953602471694464,-0.0171203270972258,0.5456804653967893,0.5000934363493488,-0.019057071127527397,0.5407351094829849,0.5046194981265298,-0.01743373541030433,0.5336927888434259,0.5031397015534015,-0.01657946277248734
0.5037253856686086,0.5156965462988383,-6.591975541179315e-08,0.5032372842884116,0.4854450959807649,-0.003367878939358538,0.5094222231323863,0.44923717701217725,-0.007287480680644803,0.5141827648814804,0.41990588116260164,-0.010644208239515347,0.5136122186728775,0.39763803836224165,-0.012691078445999327,0.516369613344981,0.442743779510778,-0.012223049940855869,0.5408327664932892,0.4405885883632237,-0.017816581955403008,0.5367303756601007,0.4507243071004228,-0.01876034922060522,0.5288835347614895,0.4533661803603833,-0.01899058114086368,0.5194654715657506,0.4584955461005808,-0.013757511475529905,0.5453673643651483,0.4608206632266887,-0.01725274819900191,0.5399904654373414,0.46895977919580867,-0.0156703281019547,0.5321199608330535,0.46922932816595153,-0.015264626621915169,0.5227075539039506,0.4765691823641809,-0.015337568048502071,0.547234052887428,0.48108097458649834,-0.018230872556473987,0.5415156810317924,0.48699666573325523,-0.015345258154488976,0.5337410620742751,0.48571069170855985,-0.014118725051370422,0.5262528172274434,0.4954253665915918,-0.01711814301727242,0.5457606600829923,0.5003194289703695,-0.019057895359685578,0.5408027981237638,0.5049555732170962,-0.01742547430861352,0.5337176218376029,0.503507107684994,-0.016565329462576737
0.50367917835576,0.5156762971602319,-6.628068380609738e-08,0.5031165518779842,0.48539697150122657,-0.0034124236793145538,0.5092911542061643,0.44915945049076694,-0.007342563918268167,0.5140719735288527,0.41975805207683675,-0.010695891514075014,0.5134828027443071,0.3974302582056367,-0.012730591826071298,0.5162433929307448,0.44278156351701664,-0.012325612712764193,0.5408673519924123,0.44074063537989444,-0.01794297355616166,0.536737148645321,0.45098868227867717,-0.018865976242938738,0.5288259723571221,0.4536903996197765,-0.019078486608153162,0.519360247412375,0.4585486371553467,-0.01383279336137433,0.5454358391883728,0.4611392212782693,-0.017356295459833714,0.5400085428714213,0.4693576776419352,-0.01574304399057204,0.5320868117196582,0.46965163671643745,-0.01531923525159492,0.5226165661814127,0.47662295210727845,-0.015387947096455053,0.5473090603474705,0.48140509978741247,-0.01829952635425937,0.5415565011120892,0.487412468314361,-0.015387031980251908,0.5337589614177274,0.4861502826641185,-0.014143468121063516,0.5261761479626966,0.4954561944078491,-0.017148217861266375,0.545815836711936,0.5005622978574069,-0.01909644781737935,0.5408934065637061,0.5052643284983859,-0.01746863964095551,0.5338442654323681,0.5038245391359503,-0.016613856337326274
0.5036373665099407,0.5156579742193554,-6.660727891505577e-08,0.5030073041286783,0.4853534248590493,-0.003452731104357968,0.5091725532013223,0.449089117698641,-0.007392407367210615,0.5139717211949989,0.4196242852213205,-0.01074265842117491,0.513365697495844,0.3972422431202162,-0.012766346498947052,0.5161291792235642,0.44281575332261003,-0.012418419208997455,0.5408986475486299,0.44087821893596824,-0.018057342165760163,0.5367432773508506,0.4512279087887286,-0.01896155550301459,0.5287738855719788,0.4539837775474179,-0.019158030074725774,0.5192650326983788,0.4585966779276706,-0.013900914063701858,0.545497800349381,0.46142747652004956,-0.017449992795558426,0.5400249006909948,0.46971772602942097,-0.015808842785958493,0.5320568159130882,0.4700337731990101,-0.015368649239637362,0.5225342336588816,0.4766716070077594,-0.01543353384140246,0.5473769327287291,0.4816983926038803,-0.0183616494648873,0.5415934381854328,0.48778871770738313,-0.015424832074098649,0.5337751580875305,0.4865480575643299,-0.014165857508182694,0.5261067718557765,0.49548408973049035,-0.017175431838072068,0.5458657646683567,0.5007820638605154,-0.019131332975543158,0.5409753958828689,0.5055437134576344,-0.017507698874426547,0.5339588620650629,0.5041117749449028,-0.016657767096901692
0.5035993845956257,0.5156339043258308,-6.706314512821477e-08,0.5029145777110461,0.48531972732926143,-0.003485666589208696,0.5090848632572408,0.4490277234181464,-0.007432493117868,0.5138930878861685,0.41953895187697915,-0.010782351649304061,0.5132676016784142,0.3971081847773872,-0.01279975000358813,0.5160537089216484,0.44288586124122103,-0.012482383147128332,0.5409473890511391,0.4410109503781398,-0.018137087045874033,0.5367733906849108,0.45145915745662135,-0.0190321598447769,0.5287564750868237,0.4542675786678481,-0.019219453188991136,0.5192023542794487,0.4586991666809683,-0.013947394751495019,0.5455656948444476,0.46176766441052336,-0.017511909107050607,0.5400390050781342,0.4701023130674025,-0.015852770264524297,0.5320291404858823,0.47039994505786326,-0.015405691191379717,0.5224785853860171,0.4767986577726559,-0.015464971170734964,0.5474751916819345,0.4820201644872753,-0.01841099298803745,0.5416411383984847,0.4881705665826911,-0.015456141959560512,0.5337827153516287,0.4869437598065493,-0.014185694877187958,0.5260673834302456,0.4956112052107107,-0.01719431065679712,0.5459573229089794,0.5010020903285818,-0.019163876323825976,0.541054909998509,0.5057999465562929,-0.017536162370448197,0.5340070438366011,0.5044056387543955,-0.016682151578373255
0.5035963928636196,0.5157553340895293,-6.769653024897508e-08,0.5028494562228948,0.48537469748388157,-0.003500789374198956,0.5090127155689709,0.44905694825190406,-0.007444832544972596,0.5138426239830375,0.4195277673664985,-0.01078649598894035,0.5132198815312843,0.39704801144757157,-0.012787697336977327,0.5160467659056386,0.4429689916677327,-0.012499305204645872,0.5410132266995995,0.4411520229950359,-0.018151872080528025,0.5368216010633354,0.45170150941440157,-0.019038068927987935,0.5287588757514718,0.4545664991508404,-0.01921945028995744,0.5192289174431794,0.4587951833943975,-0.013952251977246229,0.5456600389061814,0.462047063140122,-0.01751155108677942,0.5400916554428831,0.4704495423538039,-0.01584436195832638,0.5320453687903384,0.47075522311090306,-0.015395792812205477,0.5225259851756967,0.4769211694632962,-0.015458647177639173,0.5475840787724304,0.4823302425890134,-0.01839548361472584,0.5417091352383555,0.4885399424939673,-0.015431563081926681,0.5338212087117145,0.4873149580324573,-0.014159816547126395,0.5261296834568271,0.4957515704015601,-0.017179395975412126,0.5460721158234985,0.5012684089784886,-0.019140992878963075,0.5411253634898867,0.5060942082797758,-0.017509487768742445,0.5340353733146963,0.5046898455178807,-0.016654381368916442
0.5035967191095302,0.51572323321147,-6.796577181146359e-08,0.5028377085424761,0.48528021368654706,-0.003487241248044845,0.5090033190018854,0.4489872743131533,-0.007419676179003557,0.5138722792360992,0.41946741158125916,-0.010749002719075727,0.5132694034148761,0.39697896781144926,-0.012734900723946242,0.5160932586533885,0.4431147703950198,-0.012507815637166015,0.5410987639603003,0.4412923142687893,-0.01815295057840558,0.5368827113653479,0.45185174560026997,-0.019020329192612397,0.5287931339446539,0.4547966946278864,-0.019179898963301665,0.5193040054522328,0.45901173117545224,-0.013953691819674463,0.5457802272735979,0.46221084134409574,-0.01749560162281689,0.5402038434414899,0.470636217213843,-0.015799349777402116,0.5321323160907524,0.47106837913754,-0.015328281584570492,0.5226216967330827,0.477145291740244,-0.01545136810408535,0.547707821975244,0.4825054411773829,-0.01835909426727981,0.5418472073611159,0.4887527580815275,-0.015368195564240749,0.5339484141959184,0.48764511380014697,-0.01407835132043251,0.5262252928175506,0.4959379414135059,-0.017163833200867777,0.5462036070914515,0.5014472861433955,-0.019096269995369883,0.5412887917150796,0.5063195417943084,-0.017447680741915574,0.5342101429959846,0.5049976152083905,-0.016580620227071127
0.5035970143213241,0.5156941859269313,-6.820940179132862e-08,0.5028270783592407,0.48519471765306166,-0.0034749818863340173,0.5089948162825109,0.4489242281023897,-0.007396912810384434,0.5138991135355274,0.4194127971353813,-0.01071507599358147,0.5133142145331554,0.3969164919458258,-0.012687126384610151,0.5161353287821365,0.4432466819322485,-0.012515516515456727,0.5411761644957512,0.4414192603460734,-0.018153926484256688,0.5369380085546498,0.45198769058068017,-0.01900427694818027,0.5288241333298825,0.45500499277814,-0.01914410995350793,0.5193719507202839,0.4592076798657308,-0.013954994697204057,0.5458889827319419,0.4623590401591957,-0.0174811693503693,0.540305359565483,0.4708051346423867,-0.01575861937667608,0.5322109925359989,0.4713517462215779,-0.015267192357196552,0.5227083037360404,0.47734809440308484,-0.015444781451835367,0.5478197941155454,0.4826639740137041,-0.01832616645367021,0.5419721453839722,0.4889453296029265,-0.015310855876730284,0.534063519268363,0.4879438635261964,-0.014004635467071353,0.5263118073452955,0.4961065838974824,-0.017149750834037636,0.5463225902628005,0.501609147631948,-0.019055801372588877,0.5414366738431029,0.5065234404758533,-0.01739175310369296,0.5343682877249771,0.505276108331105,-0.016513875608088452
0.5036618841456874,0.5159461287970473,-6.843730967320854e-08,0.5028299444629339,0.4853880773613827,-0.0034779527620159467,0.5090065077279335,0.4490299757932607,-0.00738964550752523,0.5139606747325476,0.419465438688652,-0.010690960967470395,0.5134211800557719,0.39690756062989363,-0.01263981957232284,0.5161883654953343,0.44331766424745456,-0.012520701314413765,0.5412807375941412,0.4415550412315938,-0.01815600058781634,0.5370239133094565,0.45219073142808724,-0.01900198941499683,0.5288889644591692,0.45526772092082746,-0.01913452894799426,0.5194513495435129,0.45932491649742724,-0.013951125489993317,0.546058544250062,0.46253499951570476,-0.01747354807725701,0.5404386148224287,0.47104641987906437,-0.01573730505587081,0.5323009125278972,0.47165688220936813,-0.015228240677954683,0.5228123455037662,0.4775206342467471,-0.015430644313944331,0.5480003005591416,0.48295736659290667,-0.018294634669994994,0.5421173015883856,0.4892787393415616,-0.015261539790150188,0.5341769679248665,0.48831878995168293,-0.013942165462395609,0.5264346688383755,0.49634428361506594,-0.01712601644339635,0.5465005561004466,0.5019381484070158,-0.01901206431258535,0.5415486936489037,0.5068727555918747,-0.01733209785521938,0.534420529006849,0.5056333032341662,-0.01644291245917247
0.5037424633277107,0.516032279063295,-6.844772732010597e-08,0.50292173092402,0.4855079834680984,-0.003486441615893079,0.5091298157225042,0.4491283971289112,-0.007389504739644697,0.5141198156773925,0.4195388395205805,-0.010681252975160047,0.5136028316928705,0.3969081339874782,-0.012621940918825137,0.5162472999775916,0.4434928285531532,-0.012504504425246808,0.5413844293343126,0.4416563689045073,-0.018178917457854653,0.5371244336577555,0.45227635764267926,-0.01906395129103151,0.5289828101823145,0.4554308130046716,-0.019209685959130307,0.5195272438593266,0.4595744973434638,-0.013926372186181193,0.5462114262629446,0.46264969512810383,-0.017470045559002095,0.5405664686487115,0.471150402591714,-0.01573196662360029,0.532400377167472,0.4718723640564761,-0.015212314591923001,0.5229036100037661,0.4777965971518099,-0.01540538397686766,0.5481558005572876,0.4831481041031658,-0.01827437116650271,0.5422512863177206,0.48944769577597214,-0.015230666140717641,0.5342952226464138,0.48856004469528996,-0.013897549636276815,0.5265329724976064,0.496600940943447,-0.017103082269438775,0.5466572101288799,0.5021384216676659,-0.01897179547921365,0.5416622308272011,0.5070644788292588,-0.017275978519846108,0.5344893123928331,0.5058627797551406,-0.016376208113210864
0.5038926409739805,0.5162110448863098,-6.8357711051572e-08,0.5030576862525789,0.48568605303150986,-0.003457062946624667,0.5092890721350384,0.4492826059813691,-0.007345829926673251,0.514318816257956,0.4196531941652917,-0.010627427314035272,0.5138519005069104,0.3969400498047457,-0.01256038234552582,0.5163453240424898,0.4436185612549631,-0.012502847277594011,0.5415402576221422,0.4417923452792313,-0.018196277413049043,0.5373156866501542,0.4524696631256731,-0.019091738537091906,0.5291746062117764,0.4556949638472576,-0.01923884111788965,0.5196231341927509,0.45971696397490613,-0.013938210177708212,0.5464167380936917,0.46278368948823634,-0.017489273866553322,0.5407775392319453,0.471375448506269,-0.01573183262489457,0.5325796752942206,0.4721674670775769,-0.015195871173395098,0.5229976574872095,0.4779745850341905,-0.01543023162926621,0.5483726382054556,0.4833488628872281,-0.018300107614643984,0.54246140691162,0.4897354441792884,-0.015232754763910294,0.5344737823730563,0.48888316363470924,-0.013883208162011593,0.5266215451464821,0.4968194399569594,-0.017138949909139334,0.5468394397796846,0.5024198535361039,-0.019002271806541737,0.5417974732534948,0.5073929847941293,-0.01729177529620325,0.5345559752765956,0.506180581908163,-0.016383450546290524
0.5040190302524473,0.5162879784422073,-6.839831217756307e-08,0.5032339150624463,0.48576688679930397,-0.003434038214805482,0.5095024029463795,0.4494420640424449,-0.007295217605707285,0.514537187011745,0.41983821231587637,-0.010554015901467106,0.5141076219056548,0.3970864919081913,-0.012468270080383802,0.5165440874258684,0.443780349082937,-0.012450824641578418,0.5417356539840018,0.44196144340551075,-0.018139253045438675,0.5375428317704168,0.4526857806748989,-0.019047452983137786,0.5294022030235337,0.4559819914613924,-0.01920119888273926,0.5198205451441883,0.4598857491258229,-0.013890960064826242,0.5466387899208716,0.4629268942834344,-0.017428225232514652,0.5410066900831629,0.4715760478862314,-0.015671646005455522,0.5327965300540034,0.47244315069466364,-0.015134911608935825,0.5231810632151155,0.47816007904690827,-0.01538855503011717,0.5485940008088067,0.4835157175972416,-0.018245681399299937,0.5426820721429029,0.4899527889294126,-0.01517768732373137,0.5346921348698896,0.48915515983086033,-0.013825008164967522,0.5267727246756789,0.49699851167980114,-0.017102501098127245,0.5470256366153237,0.5026078873757233,-0.018951336553125617,0.5419539834753844,0.5075891532361302,-0.01723451277142715,0.5346786259285494,0.5063940874198989,-0.016320306246550037
0.5041333967606618,0.516357593699603,-6.843505112461225e-08,0.5033933801205258,0.4858400312612439,-0.0034132037088040346,0.5096954406809374,0.449586353667903,-0.007249419777824054,0.5147347852646188,0.4200056306293232,-0.010487587743791379,0.514339017826297,0.39721900371797314,-0.01238491998727613,0.5167239434579122,0.4439267468563988,-0.012403750654754613,0.5419124632821858,0.4421144560857222,-0.018087653116347774,0.5377483697288381,0.4528813400591177,-0.01900738008904806,0.5296081497063314,0.4562417155961287,-0.01916713736227042,0.5199991773942737,0.46003847860242864,-0.013848204615245361,0.5468397190853171,0.4630564767336632,-0.017372983845025437,0.5412140429775386,0.4717575652658272,-0.015617184633494402,0.5329927565216825,0.4726926099291859,-0.015079750818289217,0.5233470224874651,0.47832792795613993,-0.015350842914210263,0.5487943063117864,0.4836667002659843,-0.018196432473443748,0.5428817466112779,0.4901494587771401,-0.015127858169502692,0.5348897166024992,0.48940128241007574,-0.013772344438101068,0.526909523263957,0.49716054921898006,-0.017069519477418672,0.547194121491501,0.5027780345110208,-0.018905246511716354,0.5420956056746288,0.5077666611703923,-0.01718269733985232,0.5347896094468063,0.5065872832364903,-0.016263168543395372
0.5043380689703821,0.5165099499029693,-6.823677274399926e-08,0.5036001072051752,0.48600413964855105,-0.0033860062942100704,0.509942316059452,0.4497578061454215,-0.0072085343351686705,0.5150378425767316,0.4201685934705388,-0.01043500489170743,0.5146869175719352,0.3973255520979848,-0.012327074152436597,0.5169513387526072,0.44414246950659786,-0.012392000446780122,0.5421344424862528,0.4422861645000551,-0.01808787657643303,0.5379662376806348,0.4530269877551446,-0.019025666275530293,0.5298298801531351,0.45644504449334544,-0.019189486194261193,0.5202063974885758,0.46027518264952755,-0.013837370215402406,0.5470898456794591,0.4632284725892376,-0.017363128042959402,0.5414574234446909,0.47193193089758756,-0.015597754788208663,0.5332337233103073,0.472967931041739,-0.015045461276418728,0.5235431776820397,0.47857427624134136,-0.015340262544099696,0.5490473215315055,0.48390525395192785,-0.018168838320156946,0.5431256859927346,0.4903828804224332,-0.015087039497834966,0.5351259790345898,0.48969924901073364,-0.013720986224565006,0.5270974126416954,0.49740264818017027,-0.017057265347057305,0.5473860246621138,0.5030745543868029,-0.01887016746254553,0.5422436403675729,0.5080638599187333,-0.017135180958133732,0.5349123693521645,0.5068846105684759,-0.016207728186669285
0.5045439384909066,0.5166559098332763,-6.810855524801113e-08,0.5038712538189585,0.486232557133115,-0.003313554498015055,0.5102702941758345,0.45000178501178445,-0.007112912192314639,0.5153964735262894,0.42041585016851535,-0.010328014724232821,0.5151084646775311,0.3975126605870482,-0.01222002950982436,0.5171750879697835,0.44432186107611793,-0.012398810055462466,0.5423806253441107,0.44247475619893684,-0.018101676232464888,0.5382761606864827,0.45330324094605523,-0.019035672243532184,0.5301762629585385,0.45683021918695393,-0.019190206100913366,0.5203745091035217,0.46042977689337383,-0.013874237758981821,0.5473575011386431,0.4634447241163493,-0.017402737274595247,0.5417663464091066,0.47227835566365645,-0.015612386315104528,0.5335463928991708,0.47340813178313845,-0.015039641400000857,0.5236770154977233,0.4787422636330452,-0.015398226909527895,0.5493025939843837,0.48418899229152657,-0.01822253590827534,0.5433955445621218,0.4907681605535197,-0.01511843629353981,0.5353829772314879,0.4901175019843807,-0.013737818013263483,0.5272066308567688,0.49758736932001024,-0.01712855662980258,0.5475798578569689,0.5034134125688745,-0.018928316050964435,0.5424263996607767,0.5084570092176304,-0.01717825257004356,0.5350617348093667,0.5072499123359197,-0.016243516193332246
0.5048490541849456,0.5169458406656764,-6.789125033336186e-08,0.5041830303606166,0.4865587563043355,-0.003242721921827211,0.5106546674865846,0.45031274346800537,-0.006997256742861469,0.5158323009599393,0.42075114162272426,-0.010182356707333449,0.5156091555449548,0.39779270612732553,-0.01205230664794113,0.5174438170316475,0.44452528054394697,-0.012316076928812342,0.5426801433396264,0.44272962863140086,-0.018010835881998036,0.53866029885728,0.45368244647736483,-0.018942431530332513,0.530612290427286,0.45732397415337345,-0.019089251199150142,0.5206013582272911,0.4606228574184485,-0.013818438152699217,0.5476616337407488,0.4636781973668394,-0.017338155056840724,0.5421257321218413,0.4726823068605573,-0.015533653627447389,0.533928537173614,0.4739090210526216,-0.01494372321074426,0.5238744783723326,0.4789709054323924,-0.015365564970866918,0.5496038449070777,0.48446601839522196,-0.018196168368660722,0.5437295381992512,0.49120496052284535,-0.015081096865067893,0.5357245774351583,0.4906041472890616,-0.013683023712227925,0.5273815439137701,0.49785011317374933,-0.01711148498591624,0.5478745017515302,0.5037637573928885,-0.018902589947657696,0.5427372462859407,0.5088983018080832,-0.017134134270005735,0.5353498541055426,0.5077054744738598,-0.016183703427819402
0.5051251457723965,0.517208191850267,-6.769461653176285e-08,0.5044651491830767,0.48685392580484615,-0.003178627288922347,0.5110024773161413,0.45059412202534155,-0.0068926030090132265,0.5162266703429697,0.4210545385035135,-0.0100505543979263,0.5160622182326824,0.39804611235743526,-0.011900538410207547,0.51768698326247,0.4447093497507711,-0.01224121378437935,0.5429511697091894,0.44296025634361386,-0.017928636712781297,0.5390078959145536,0.45402558011209704,-0.018858060332700623,0.5310068408170909,0.4577707607171388,-0.018997899624539887,0.5208066283458624,0.460797571173641,-0.013767946479610342,0.5479368357528099,0.46388946149259397,-0.017279716217510913,0.5424509312966942,0.47304783223137226,-0.01546241038056032,0.5342743300037684,0.4743622632694283,-0.01485692923175644,0.5240531576064021,0.47917779769841706,-0.015336009996572537,0.5498764393592562,0.484716692412419,-0.018172309039194555,0.5440317607177093,0.4916002099291713,-0.015047309346815866,0.5360336829461089,0.49104450049710646,-0.013633441714802913,0.5275398183798723,0.4980878635389028,-0.017096037280822533,0.5481411176686116,0.5040807756928547,-0.01887931103792067,0.5430185236501405,0.509297616475302,-0.017094212719816572,0.5356105660761509,0.5081177012989748,-0.016129580346958928
0.505422975434029,0.5175459949310259,-6.726377330590346e-08,0.5047676729745759,0.4871854924517588,-0.003107805829930218,0.5114195999253335,0.4509173344343991,-0.006777448209209412,0.5167203510867222,0.4214076820956024,-0.009904617294726512,0.5166479612100529,0.3983575558302488,-0.01172964377410386,0.5179561478970037,0.44494808705250394,-0.012170511423689526,0.5432653832241948,0.4431596441627734,-0.017847291985453522,0.5393753108666363,0.45431072595594557,-0.018756749007919626,0.5313926796684051,0.4581953846292146,-0.018870658196172584,0.5210286877878314,0.4609968428521732,-0.013722304953921521,0.5482755284607534,0.4640163354491537,-0.017202433350958887,0.5428086703124324,0.4732883762897771,-0.015343768990080418,0.5346313410402231,0.4747082530919074,-0.014707883109625699,0.524243280146385,0.47939098594191043,-0.015313368777463011,0.5501932057705774,0.48488335791038595,-0.018124923288921155,0.5443418901633218,0.4918672196151025,-0.01497315135222998,0.5363241462653232,0.49137600660790265,-0.013543025036118194,0.5276949891219189,0.4983286711682887,-0.01709121856303142,0.548428819483191,0.5043134675496219,-0.018836231955378393,0.5432888748520344,0.5096089493007756,-0.01702122628681887,0.535830721224415,0.5084864740039026,-0.016041645001569106
0.5057369770168406,0.5179248741033984,-6.669632314006304e-08,0.5051376995682763,0.48755811324780857,-0.003006997153783471,0.5119166783984441,0.45130876066422093,-0.006622006205403148,0.5173109722249621,0.4218838238752815,-0.009716225827882749,0.5174015774334847,0.39883359241753785,-0.011515013375148748,0.5182516330935059,0.44528033583452403,-0.012070964227930223,0.5436247821792988,0.4433515836070063,-0.017745059680416137,0.5398075598446123,0.45460183678524985,-0.018639251413826295,0.531867199514269,0.4586740368560527,-0.018723366314165053,0.5212886757177255,0.4612959457992707,-0.013654264292189595,0.5486617443446293,0.46413204204255754,-0.01710888391881077,0.5432460720100147,0.4735350287465642,-0.0152057727507213,0.5350986390295261,0.4750880737364999,-0.014530384081012393,0.5244881980244429,0.47968809585703365,-0.01527419060804636,0.550541307048694,0.4850563924886789,-0.01806382633945288,0.5447136676759803,0.49216139271462783,-0.014877220595772206,0.5366997816894763,0.49176281821787776,-0.013417954642127625,0.527920515605634,0.49862571227602565,-0.017072854844338868,0.5487860180377493,0.5045310496018909,-0.018772847572763995,0.5436642621852806,0.5099221571689354,-0.016915445986975763,0.5361754291063934,0.5088873213778493,-0.015907632242312553
0.506114072693848,0.5183894789212138,-6.59474977313613e-08,0.505568269126103,0.4880093553100656,-0.0028862682806551345,0.5124599460806925,0.4517828337641364,-0.00647161023115496,0.5179906333939416,0.42240695578911874,-0.009551145286902518,0.5183298852501353,0.39936338198103843,-0.01133968332400366,0.5186199682949353,0.4456588383678823,-0.012070300838059194,0.5440196762503261,0.443563491205974,-0.01772552260036576,0.5403029830771381,0.4549535188534161,-0.01854878749463146,0.5324294204836418,0.45929087868156643,-0.018561958490911357,0.5215809657112531,0.461588329279438,-0.013690541501996766,0.5491185297575211,0.46425714514432176,-0.01711267032036017,0.5437760437854404,0.4739065511611952,-0.015106749042037581,0.5356831168079976,0.4756641613077876,-0.014350011937243503,0.5247310404961886,0.4799505787663001,-0.015333684443361075,0.550939982754719,0.4852357374331419,-0.018105735678922187,0.5451531130716538,0.49255534785880645,-0.014843064045583087,0.5371561669855137,0.4923074050871671,-0.013325890992550432,0.5281270723107694,0.49890248624260797,-0.017141375581429082,0.5491706486557606,0.5047685419104231,-0.01880412518697175,0.544099177922763,0.5102930121632187,-0.01688658007502583,0.5366117836920106,0.5093424459979424,-0.015836182002013616
0.506455297174004,0.5188098882419865,-6.526990428123333e-08,0.5059578807883377,0.48841767300635974,-0.002777023732162959,0.5129515354670567,0.4522118106974132,-0.0063355206622221095,0.5186056418472541,0.4228803248204709,-0.00940176801950221,0.5191698878581607,0.3998427753536492,-0.011181031530293184,0.5189532656390691,0.4460013358772884,-0.012069700553097884,0.5443770060536596,0.4437552411111245,-0.017707843983530747,0.5407512792133266,0.45527174719228897,-0.018466928948691362,0.5329381602271719,0.4598490434765588,-0.01841590457425042,0.5218454516419531,0.4618528998038683,-0.01372336784505165,0.5495318634936533,0.4643703478232922,-0.017116096540757627,0.5442556020370811,0.47424273253512333,-0.015017144955915827,0.5362119961833973,0.47618544859380724,-0.01418679767957664,0.5249507825967579,0.48018809300930343,-0.015387518932233633,0.5513007344653161,0.4853980222037567,-0.01814365839574456,0.5455507562583528,0.4929118280506344,-0.014812156634565558,0.5375691386658762,0.492800188173008,-0.013242584890455775,0.5283139803254459,0.4991529321072151,-0.01720337828875009,0.5495186913162453,0.5049834427816371,-0.018832427520568504,0.5444927223346527,0.5106285896051076,-0.016860460030697803,0.5370066300817186,0.5097542769240615,-0.01577152846024803
0.5068862487709135,0.5193830142845155,-6.439791315631136e-08,0.5063892307636784,0.4889657452900456,-0.002639617125632324,0.513466561324619,0.4527850038268982,-0.00615772522479382,0.5192494639320581,0.42349827419189706,-0.009207975391370618,0.5200804810991513,0.40048752596153114,-0.01097910769502941,0.5193347694893121,0.4463905637197587,-0.012017773486044672,0.5447859091548181,0.4439376440395566,-0.01761742215554896,0.5413496280003565,0.4556565599330685,-0.018296804872059463,0.5336438988595943,0.46055238033895446,-0.01817230558173631,0.5221745723724568,0.4621187814509527,-0.013722211629133056,0.5500054647888777,0.4644354685787041,-0.017073277666196107,0.5448476698311127,0.4746418315838775,-0.014877738942182505,0.5368566199354211,0.47680901356068434,-0.013967057833763528,0.5252438892914686,0.4804051200915624,-0.01542381377196522,0.5517326239293163,0.4854548686940228,-0.01815332193353441,0.5460596690213203,0.4932597850118939,-0.014748891848908765,0.5380868585914886,0.4933209151375319,-0.013122951400011585,0.528573843934407,0.4993807960337864,-0.01726361616394787,0.5499218045312855,0.5051615322599464,-0.01886174889241975,0.5449801794715607,0.5109774966386322,-0.01683840602052066,0.5375001527886586,0.5102042980760859,-0.015709062539192804
0.5073490698509876,0.5199628338590012,-6.341194571509511e-08,0.5068579688159064,0.4895383164356822,-0.002506521911975891,0.5140330998078808,0.45341407604790207,-0.0059835975751294235,0.5199810698060109,0.4242558163554146,-0.009022658602287069,0.5211741310732508,0.401294295749021,-0.010789159730553015,0.5197625250331853,0.4468263489359995,-0.011946301632495245,0.545272754745574,0.44414452549635,-0.017537581019077507,0.5420112945333202,0.4560377236111612,-0.01815887364732518,0.534437167342265,0.4612573839527911,-0.01796673243414258,0.5225530680137724,0.4624831986282474,-0.013711893449370799,0.5505558663433074,0.46454287226275726,-0.017063459520962228,0.5454549541890282,0.47503223715934423,-0.01478607861143779,0.5375092779633601,0.47741111979546635,-0.01378902965256087,0.5255835144943367,0.48073041020961504,-0.01546652805022163,0.5522278749335593,0.48556400727326043,-0.01819489522920619,0.5465712515110555,0.49362888073516076,-0.01471363861343581,0.5386045223907773,0.4938611190220399,-0.013013455799166093,0.5288720088338864,0.4996967817874299,-0.017349044822906633,0.5503944242272026,0.5053607202636412,-0.01891389035681343,0.5455144632219899,0.5113370591554068,-0.01682352905215333,0.5380354969403535,0.5106985210898554,-0.015634367847276745
0.5079375024665743,0.5206766115588228,-6.045669035497258e-08,0.5074453939387127,0.49027237645880994,-0.0023181934167951076,0.5147128776266346,0.4542326496166912,-0.0057379668577234675,0.5208365552886505,0.42517228858359074,-0.008763353186251387,0.5223419012040904,0.40224971664863,-0.01053493376768335,0.5201825834378448,0.44731803208048854,-0.011829731613087814,0.5457003391651697,0.4442884831411601,-0.017380886047300877,0.5429138523334639,0.45638040369339705,-0.017922249223460064,0.5356646083620162,0.46204843945626045,-0.017640901819812288,0.5229156930561294,0.4628143851314439,-0.013676115266773262,0.5511003700483997,0.46458193716622764,-0.017004940247703777,0.5462357170185593,0.4754504681673115,-0.014645197682703275,0.5384043078794069,0.4781401568514054,-0.013553278148715835,0.5259109496360089,0.48098563774394726,-0.015494126045395585,0.552738542740526,0.48557496585062804,-0.018199057104389297,0.5472135196277592,0.49401080515268764,-0.014645691291179843,0.5392861085400998,0.494506926725464,-0.012869689806074789,0.5291759322016379,0.49993563801751656,-0.017427345164675985,0.5508884860602284,0.505548388076237,-0.018952084565737427,0.5461484134179717,0.5117378731744665,-0.016800814884277603,0.5387092227146713,0.511265552903851,-0.01554995557245969
0.5084699604755173,0.5213224912106432,-5.778255343039053e-08,0.5079769402925474,0.49093660907951453,-0.0021477796550235955,0.5153279916334209,0.4549733564386205,-0.005515701743144804,0.5216106627815054,0.42600158146257167,-0.008528714177683147,0.523398587292352,0.4031142532097129,-0.010304891029695049,0.5205626838195373,0.4477629439042229,-0.011724250307680848,0.5460872496502146,0.44441874682624033,-0.01723909667248798,0.5437305543932933,0.4566904863595487,-0.01770813367945191,0.5367752891505378,0.46276424586668635,-0.01734606581724642,0.5232438234196268,0.4631140675443655,-0.013643740481003634,0.5515930778810314,0.4646172860238036,-0.016951987615747923,0.5469422098448522,0.47582891498327945,-0.014517718041322044,0.5392141981445265,0.47879984431428313,-0.01333995248827896,0.5262072375353786,0.4812165867789909,-0.015519098783432021,0.5532006333122012,0.4855848819941786,-0.01820282308152035,0.5477946920399761,0.49435639903979783,-0.014584207452651715,0.5399028588601505,0.4950913020214906,-0.012739599541858593,0.5294509448827465,0.5001517730673536,-0.01749819719254411,0.5513355502999381,0.5057182040028029,-0.018986645553517728,0.5467220591510262,0.5121005597912377,-0.016780261399848725,0.5393188603772762,0.5117786458607844,-0.015473573008698128
0.5090486838395328,0.5220517632091949,-5.5031183453630335e-08,0.5085808068058758,0.49172068341722863,-0.0019646320817982873,0.5160693235626317,0.4558520768288143,-0.005268090957090642,0.5225334496359675,0.427079506119356,-0.00826309071665325,0.5246047018356267,0.40426842735846896,-0.010042290648608393,0.5209760776301897,0.44822842674902236,-0.0115787040458432,0.5465284307033872,0.4445166186614018,-0.01705954090399999,0.5445992834123898,0.45696379230113404,-0.017470537432959406,0.5379274500881257,0.4634061354390921,-0.017041853570720675,0.5235756669129499,0.46341495006503913,-0.013582595993238968,0.5520702770655405,0.46450279645856335,-0.01686808550200567,0.5476919356587292,0.4760870395132153,-0.014381467458561803,0.5401158572124836,0.4793420533076337,-0.013136957245680566,0.5264973572433727,0.4814773016907018,-0.015528250297215664,0.5536441459693346,0.48542986188339693,-0.018201155208237615,0.5484500239962267,0.49460308966416755,-0.014534163919924879,0.5406659412951351,0.49565583730177176,-0.012629015936032264,0.5297106038089948,0.5004297317482149,-0.01756537878477966,0.5518110518967168,0.5057356698425707,-0.01903096640354511,0.5474323594936333,0.5123485396477908,-0.01677988165183068,0.5401448608058275,0.5122750734806678,-0.015421819916893852
0.5097387106786654,0.5229523953358228,-4.8036106189879675e-08,0.5093193263420176,0.4925294524693294,-0.0016891371407645435,0.5168562839888737,0.4568349361401559,-0.004946927188088177,0.5235385133891951,0.4282532712900463,-0.00795897488052218,0.5259812801524104,0.40561400085845445,-0.009804265951636758,0.5213689544026474,0.448815834812483,-0.011476722726174176,0.5468884315035402,0.4446011066319389,-0.016886229323651678,0.5458158721755079,0.45718201635004396,-0.017203485593396378,0.5397370851735885,0.4641550803059409,-0.01667116972960509,0.5238411477222187,0.463779207913906,-0.013589904885657363,0.5524863771273596,0.46451798467572025,-0.01681050612377305,0.5489169776864176,0.47668329564084605,-0.014282236627830519,0.5418094218884059,0.48053320777914593,-0.012975441700134375,0.5267368028959444,0.48180384075857596,-0.015603803688068556,0.5540584365515531,0.4852555800652311,-0.01825703322284621,0.5496508181175651,0.49502518799004613,-0.014596737797947007,0.5423023995507212,0.4968113033610015,-0.012651439045825715,0.5299152855025846,0.5007617506894785,-0.0176783397827426,0.5521861307593603,0.5057961019277144,-0.01914142833467949,0.5486527179982749,0.512658613774955,-0.016884914298089578,0.5419657847581693,0.5130725059230913,-0.01547690029755278
0.5105200695952405,0.5239377463513166,-3.934069643371008e-08,0.5102597148303917,0.4935455642320595,-0.001428076614290787,0.517869557933385,0.45811746518821517,-0.004663880539850793,0.5248145967763763,0.4298320336003917,-0.007714402241052811,0.5276741239158163,0.40746391378732427,-0.009655039889120625,0.5218415363032315,0.4495123055828513,-0.011448524765408573,0.547276907547692,0.44465895479102213,-0.016880038633015456,0.5472504795967416,0.4574008403183489,-0.017171136229236418,0.5419005799666446,0.46501204383890477,-0.01655868056819861,0.5240834215194938,0.46417666163335874,-0.013671541315770435,0.55289187449666,0.46437569565456005,-0.01694588570929807,0.5504567619855316,0.4772073569937931,-0.014436382184487504,0.5440106949090621,0.48190940040314834,-0.013083141345537551,0.5268912442876602,0.48210026469425726,-0.015761593225777637,0.5544233784622314,0.48490098428908684,-0.018477806213290534,0.5510453353744014,0.49536324648386726,-0.01487083574831315,0.5442694620468356,0.49810878022884053,-0.01288934952863734,0.5300246791346253,0.5010376697626797,-0.0178851500868533,0.5524847014168532,0.5056442711145911,-0.019388230535077645,0.5498859515793717,0.5128206858129456,-0.01716486084260764,0.5438348742067047,0.5138646274029874,-0.015723851068368756
0.5113881379416285,0.5249128720267839,-3.150429926799764e-08,0.5114593299893064,0.4945228739714645,-0.0012099482227104674,0.5191603052940906,0.45925999753873,-0.0044339078472637366,0.5263844476403814,0.4311955769932709,-0.007537146477525491,0.5297531765496023,0.40904466929731925,-0.009584677728348406,0.5224063071185904,0.45009021141143407,-0.01132169365360341,0.5477036295521699,0.44472205025458617,-0.016831466882587225,0.5486504626125586,0.4576858445877425,-0.017160627524347848,0.5439773401171759,0.4659351014605399,-0.016510382708286257,0.524342729473207,0.4644152158181838,-0.013654771498484392,0.5533100093813866,0.4640724312427592,-0.017051648220692012,0.5519776015258683,0.477582369540214,-0.014621988126228669,0.5461945090263225,0.48320051534422087,-0.013245310568231505,0.5270022708055683,0.4822270701651127,-0.01583881444391341,0.554771006185898,0.4845303406339529,-0.01869814021329999,0.5524345449521322,0.4956973066845381,-0.015192446606164426,0.5462806372156077,0.49941167155733496,-0.013182798289645584,0.5300592397778882,0.5011514008404614,-0.01803161889362721,0.5527155045371341,0.5053781200577828,-0.01962457747725697,0.5511211683386328,0.5128698640605104,-0.01745751605712065,0.5458014000008352,0.5145246711676452,-0.01598867143027929
0.5121736313542995,0.5257952389484591,-2.441333877121914e-08,0.5125448318498323,0.49540721719816566,-0.0010125692773592136,0.5203282704128229,0.46029384658855105,-0.0042258112891148305,0.5278049665634396,0.43242941342729635,-0.007376752154672884,0.5316344594638227,0.41047505556276837,-0.00952100876262946,0.5229173541542058,0.45061314399316543,-0.011206927341412399,0.5480897596592679,0.4447791437671018,-0.01678751551612855,0.5499172723532331,0.45794373784824816,-0.017151118459191834,0.5458565486204323,0.4667703532979409,-0.016466679178529505,0.5245773707780564,0.46463107755479116,-0.013639596908759178,0.5536883692178297,0.463798014834468,-0.01714735008144199,0.5533537713235978,0.47792170904741793,-0.014789938317244072,0.5481705879960761,0.48436881307726637,-0.013392053456270354,0.5271027359346235,0.4823418132754473,-0.015908689999699393,0.5550855658494753,0.48419495442759314,-0.018897514958750656,0.5536916060771779,0.49599958943468603,-0.01548346425625709,0.5481004995033774,0.5005906254498677,-0.01344833276015999,0.5300905128426573,0.5012543132583432,-0.018164154866585347,0.5529243525286074,0.5051372865994863,-0.01983844193500305,0.5522388852000499,0.5129143642311128,-0.017722332467188264,0.5475808601822422,0.5151219283206915,-0.01622830077592636
0.5129664423650377,0.5266729754975938,-1.7669844893503635e-08,0.513858792180243,0.49646157302776694,-0.0009458973495743411,0.5217550817397155,0.46142849427572113,-0.004148964732619547,0.5294060240338332,0.4337405369986472,-0.0073402744647220386,0.5335840379279159,0.41183647389125516,-0.009576846669616177,0.5235463578261097,0.4511244853247202,-0.011004417521938124,0.5485190762299078,0.44488652141010254,-0.01677715826847492,0.5511509555475562,0.45821081785155104,-0.01734188861574811,0.547749433532453,0.4675951770760532,-0.016736637910257788,0.5248407208317416,0.46485305960019635,-0.013491798128933138,0.5539833600270486,0.46351876452618684,-0.017229393087355518,0.5546394253529922,0.478104856361026,-0.015068906746946905,0.5501810542435812,0.48536756823679483,-0.01371638430035709,0.5271415437327877,0.4824318352810727,-0.01583735893703191,0.5553102156431982,0.48383433635479633,-0.01909845131490885,0.5548987325850634,0.4960778749966501,-0.015880232936963713,0.5500340020773257,0.5014616672505808,-0.013853677127929506,0.5300173087392223,0.5013285724258447,-0.01815609062344201,0.552988919536721,0.5048660257763838,-0.020047121350646263,0.5532607629536397,0.5128188998971741,-0.018066959940765466,0.5494059267372182,0.515518730511751,-0.016579969922772383
0.5137951315057646,0.5277459377401441,-1.0447878374729106e-08,0.5155129820500383,0.497749595366339,-0.0008884764379433459,0.5234950924079925,0.46299888850231746,-0.004083799770425166,0.531182931427912,0.43566812186991655,-0.0073336603027964655,0.5356329783356195,0.41396480791095175,-0.009674893210462106,0.524204987052784,0.45163749142604476,-0.010729196118005727,0.5490216889242671,0.44521677382530317,-0.016721294241395686,0.552454186885396,0.45866158882487446,-0.01756278785328686,0.5498072308608178,0.46843041220328857,-0.01711247682566817,0.5250716148594569,0.46506153460945326,-0.01328638264049202,0.554239908295125,0.4634971427940792,-0.017333389807247565,0.555913338773347,0.47840768534270084,-0.015444386041012894,0.55226723601431,0.48632700935656303,-0.014182365972084016,0.527124910881856,0.48251848473215364,-0.01573007849910528,0.5554565926550488,0.4835200592185267,-0.019335580176029155,0.5561030455692717,0.4960995245443807,-0.016307804065877552,0.5520313374300491,0.502195414681118,-0.014264953154415779,0.5298831882810542,0.5013629730683627,-0.01814070539673126,0.5529999840455824,0.5045020679757789,-0.02029329539213264,0.5541984754061757,0.5124537055681931,-0.018435054108900367,0.5511260576521236,0.5155118127173168,-0.01692856387596979
0.5149325964842759,0.5291301636388792,-3.772910147660132e-09,0.517537978568455,0.4994642912928196,-0.0006448045370681996,0.5255041758799432,0.46511526540459636,-0.0037717898053956683,0.5330533264213707,0.43819080388133824,-0.007059556845752745,0.5377155779390537,0.41683097557865434,-0.009488925652039182,0.5250145261963141,0.4522892010311663,-0.010319422420419293,0.5495722436800473,0.4454347981032508,-0.016481041987477192,0.5537614234675297,0.458933493670325,-0.017578591435561394,0.5518212276855162,0.4690539341958884,-0.01728107800134428,0.5254027141699438,0.4653198556933189,-0.013040316293573141,0.5545519071203103,0.46328899170994225,-0.01738700093048202,0.5572275099767655,0.478462422019359,-0.01578963829634587,0.5543764980690227,0.48701898346561934,-0.014617437721379132,0.5272185009378937,0.48259831480264465,-0.015652406078551298,0.5556182171346274,0.482844398755792,-0.01959768992435586,0.5573485104865461,0.4958142760310977,-0.016757836895487543,0.5541081151220368,0.5026585823996371,-0.01468745181266697,0.5298665091480724,0.5013340232278495,-0.018205845835684846,0.5530956850489053,0.5038791732236343,-0.020614596203851265,0.5551918139631588,0.5118551326961299,-0.01884860942330323,0.55290693002359,0.5152996113352609,-0.01729298426436249
0.5159618601954599,0.5303827151570049,2.2671022476399628e-09,0.5193703474510627,0.5010158769030872,-0.0004243119067506933,0.5273221454433884,0.46703032211918155,-0.003489459763944245,0.5347458002370189,0.440473515963262,-0.006811527458672703,0.5396000704177112,0.4194244992706066,-0.009320648243100655,0.5257470579919822,0.45287891681095194,-0.009948628413842153,0.5500704269576423,0.4456320828387706,-0.016263643710466413,0.5549443092717882,0.45917953358856806,-0.017592891703305177,0.5536436432194124,0.4696181437075941,-0.017433641003339728,0.5257023176843555,0.46555360400423795,-0.01281765698870498,0.5548342270815944,0.4631006409814423,-0.01743551229980194,0.5584166707470003,0.47851195187392104,-0.016102048457829466,0.5562851167353612,0.4876451335915447,-0.01501112330447011,0.5273031882471534,0.4826705510439091,-0.01558212224094193,0.5557644670981974,0.48223301044185485,-0.019834866503324753,0.5584755006507452,0.4955561617603835,-0.01716506038729582,0.55598733949812,0.503077691325072,-0.015069760319018532,0.5298514166163141,0.5013078272386562,-0.018264789795465718,0.5531822825017544,0.5033155312861846,-0.020905333300925453,0.5560906612674165,0.5113134990218166,-0.019222825320692208,0.5545183970496776,0.5151075955931155,-0.017622739191744147
0.5170253746767876,0.5320756506264018,7.075194385750793e-09,0.5214494071799465,0.5028652490312794,-0.0002930325733722999,0.5293813093538422,0.46903611505807674,-0.003288881479093726,0.5366124076347657,0.4427017117756466,-0.006617014987368188,0.5415806927867663,0.42179321416297416,-0.009177729359586446,0.5264879877741484,0.4535806339034711,-0.009493161732458188,0.550532435626677,0.4459095715949485,-0.015955323709281426,0.5561045522078464,0.4592976332687847,-0.017589256629934682,0.5555785489801992,0.4698138992019278,-0.017650581031657273,0.526048825267489,0.4659844566110117,-0.012481464271119517,0.5550056976698542,0.4629305132752023,-0.017392443590544752,0.5595177679232175,0.47832754233599256,-0.016403082534933024,0.5582235175748652,0.4878244906205169,-0.015465431084248207,0.5274227804179167,0.4829546317164616,-0.015386007987609236,0.5557424480367118,0.48163512719706253,-0.01996404019973428,0.5594892758830967,0.4949974467342776,-0.017536501850546893,0.5578831814445142,0.5029333184652846,-0.015482241428311344,0.5298661829049123,0.5015270154379431,-0.018196209789325415,0.5530499550408081,0.5026739473517373,-0.021079029877534503,0.5567042329869695,0.5104342808607708,-0.019519573083479173,0.5558543703221823,0.514328771982902,-0.0179250499465035
0.5182389494572741,0.5340888000956127,1.3800121831531417e-08,0.5237534092834195,0.5049020488303438,-0.00010265893923895396,0.5315215524372359,0.4714002356738844,-0.003021822801889872,0.5385363122163618,0.44557726456204555,-0.006380013371590909,0.5436024426503561,0.42504541120857076,-0.009041292573059299,0.5272320998428864,0.4544441051706417,-0.008924507436546113,0.5506979136228705,0.4460545551511519,-0.015553250270213289,0.5569297861949343,0.4586138641427821,-0.017555719557615018,0.5572255983567994,0.4688744370726067,-0.01789029862850419,0.5264532823149135,0.46652518875536186,-0.012090454037246179,0.5550529818582328,0.462585488085774,-0.01739076564902827,0.5605586886297249,0.4776929742520378,-0.016843910791980794,0.560150567472712,0.48745659234063415,-0.016099827480596463,0.5276254397035826,0.48333244082454974,-0.015186804627014014,0.5555649630417908,0.48096438769557864,-0.020107748899961128,0.5603284961199594,0.49417482784496675,-0.017942987093885573,0.5596082013142665,0.502416627783972,-0.015934960998837948,0.5299453776115469,0.5018746755257391,-0.018181221842187578,0.5526711524039598,0.5018982166775334,-0.0212836825073851,0.5570153387615533,0.5092627422142741,-0.019819468299503002,0.5568892957628199,0.5132127346216653,-0.01821160145348903
0.5192016577760823,0.5364034739186834,1.766006354596066e-08,0.5258610986818116,0.5071642219379371,6.190519052877525e-05,0.5336435763558955,0.47391310939608244,-0.0027786697706808933,0.5405308649375645,0.44843585151389276,-0.006157416418458086,0.5457136047401827,0.4282531205485718,-0.008882947287884944,0.5279088642607802,0.455354649859921,-0.0082933554714967,0.5510535524906551,0.44634914763662425,-0.015055308701410182,0.5579484249731613,0.4584053803537532,-0.017401738503255985,0.5589780288056979,0.46859339659725746,-0.017995106857976454,0.5268189025444808,0.46708299871339765,-0.011621314755000726,0.5551044373993849,0.46229201386287916,-0.01722549017148692,0.5615562077586287,0.4770529618619607,-0.017093007230454614,0.5619793552071408,0.4870091784794184,-0.016549890356890234,0.5278196108358225,0.48368693203958085,-0.014901406222190298,0.5553745887155626,0.4802871428008188,-0.02007702103670069,0.5611001098740402,0.4932619146119556,-0.018148797470284087,0.561201622926956,0.501716451792266,-0.016198479451724413,0.5300443961335525,0.5021435765238862,-0.018081240087821367,0.5523364459179595,0.5010502323691134,-0.021323199842399863,0.5572478571284524,0.5080760119948143,-0.01991056690465588,0.5577072903691966,0.5121753329250589,-0.018275372786441323
0.5200727885411816,0.5384979645749427,2.1152828605986405e-08,0.5277682942906395,0.5092112060051822,0.00021081517029287623,0.5355637429148689,0.4761869462015296,-0.0025586466525930464,0.5423356859867928,0.45102251560499385,-0.00595599398312334,0.5476239427009433,0.4311556967878947,-0.008739664585607513,0.5285212515162281,0.4561785790566802,-0.007722241787875404,0.5513753612388914,0.4466157170349024,-0.014604733785486336,0.5588701658170914,0.45821672856888823,-0.0172624048846781,0.5605637594448827,0.468339090075197,-0.018089945212798095,0.5271497431782389,0.4675877470426998,-0.011196802310373108,0.5551509982361998,0.46202645635253814,-0.01707593651085066,0.5624588379582295,0.47647383060055115,-0.017318408389654986,0.5636341796510278,0.4866043248268402,-0.01695714103719384,0.5279953114542588,0.4840077023054422,-0.014643156318356516,0.5552023237322624,0.47967432077382927,-0.020049216159035283,0.5617983239299713,0.4924358421790023,-0.01833503015068656,0.5626434704330691,0.501082879987138,-0.016436930732341738,0.5301339955263784,0.5023868983355663,-0.01799076909003792,0.5520335783603236,0.5002829125018657,-0.021358958094004784,0.557458257203843,0.5070021693948831,-0.019992999762101782,0.5584474733024679,0.5112366139838963,-0.018333077876322452
0.5209180410963038,0.5406404297220391,2.5413790134466855e-08,0.5296235796290358,0.5113110748460533,0.0005175669136356271,0.5374411298965616,0.4786515540086168,-0.0021413506369286498,0.5441423958308861,0.4539247456463865,-0.005556773663528303,0.5495371487593901,0.4346057763361455,-0.008410646357323588,0.5291289942651041,0.4574300504163795,-0.00709782294989255,0.5516476602210791,0.44713182218028463,-0.014053116264726608,0.5597406211409943,0.4581587141130533,-0.016990522090565265,0.5621613676730237,0.468197872602354,-0.018055050532749452,0.5275320460623579,0.46845331411181174,-0.01082124728328203,0.5550916446663491,0.4616330390063711,-0.016978076630941287,0.5632321515151492,0.47553252231275916,-0.017602110814809876,0.5651924666275007,0.4858417229359527,-0.017436224927874288,0.5282791551507428,0.4845819979931349,-0.014517640575136622,0.5549596678187144,0.47890577499776976,-0.020133230781825606,0.5623953470102157,0.49123283108545834,-0.018652257794496672,0.5639660678113922,0.5000424856744763,-0.01684246959160656,0.5304042135505059,0.5027683938090397,-0.01810334902176864,0.551845255419577,0.4994197261319638,-0.021581702391793474,0.557756376514852,0.5056413941552341,-0.020275348801247206,0.5592552344363502,0.509967091657682,-0.01862812299358845
0.5217403193553543,0.5427146146826481,3.0208558383666605e-08,0.531421477074669,0.5134584916266778,0.0008173713463021949,0.5392316296735267,0.4811985664958352,-0.0017079664767333455,0.5458895119781527,0.45686866727379877,-0.005101956461550338,0.5513941817072979,0.4380023677007214,-0.007975731126306661,0.5298021548604591,0.45889250845381135,-0.006425967150717788,0.5519755444024337,0.4478707975075681,-0.01341226050501214,0.5606505058980314,0.45822878706399134,-0.016605157295359666,0.563756983398897,0.4681486248729181,-0.017888201797706935,0.5280128917100985,0.46946364584225864,-0.010347830591637642,0.5551192716318458,0.4613481883639952,-0.016654697010099098,0.5640040133055058,0.4745628420935847,-0.017616795771892214,0.5666811063132885,0.4849224724757586,-0.01765259792602637,0.5286804216040834,0.4851984771720042,-0.014244968978892797,0.5548350311210087,0.47833866080036985,-0.019959430494780418,0.5629725573207465,0.490085649539448,-0.018703240949982915,0.5651796247435901,0.4988854159703788,-0.017017430082625865,0.5307909505562827,0.5030518091248408,-0.018020254433187378,0.5517753907932987,0.49871314694584995,-0.021534495930692395,0.5581033724528758,0.5044224796070107,-0.020278085230187006,0.5600824263698874,0.5087397961013694,-0.018658975794477586
0.5226053965312165,0.5447454927665126,3.529414234828297e-08,0.5331118410627521,0.5159498626152587,0.0009387492745451141,0.5409676611037357,0.4839626065097887,-0.0014649654017830018,0.5475692089428567,0.4599496765163101,-0.004815171438325999,0.5531643018453882,0.44142445741552644,-0.007690028426934239,0.530561385700001,0.4606090286112813,-0.005807497630496145,0.5522406743646706,0.44878733981767255,-0.012826464145542104,0.5614350502403294,0.4582881035073362,-0.01626608139693794,0.5651816804341043,0.4678312070140289,-0.01775643960604732,0.5285602777290108,0.47061005456078664,-0.009827148152530813,0.5551098713788634,0.46119119368188644,-0.016269664827701924,0.5646731838456401,0.4735923626158605,-0.017570422258506014,0.5680533419136511,0.48377379549378535,-0.017811060048604083,0.5290886385795657,0.4858295800992706,-0.013850809586773117,0.5547106102010595,0.4778359485687134,-0.01970993868776077,0.5635112691990353,0.48884976551477216,-0.018756437598740405,0.5663816598596018,0.4974582436610059,-0.017236876650521243,0.5311225344699738,0.5032581427781389,-0.017752453713639815,0.551630984919564,0.49789099522666225,-0.021399813170116647,0.5583872703380877,0.5029821956118727,-0.02030036202005386,0.5609051278789733,0.5071272578074137,-0.01877420945616284
0.5233916646189554,0.546363696728355,3.981827154272884e-08,0.5346485363565533,0.5184248857926904,0.0009989382734899963,0.5426979388782185,0.48679179978506953,-0.0013225742178379562,0.5493515669329164,0.46308385650049394,-0.004639824798486843,0.5550569783645055,0.44481592612035736,-0.0075279408238825936,0.531405201165118,0.4622089507737763,-0.005341280118394784,0.5526255288558951,0.44960356465332696,-0.012323185246791775,0.5622540818421279,0.4582458656670408,-0.01593324999099414,0.5665760070027075,0.46742622845222964,-0.017591724258291006,0.5291740319689606,0.4715377584562316,-0.009405989775760619,0.5552226442110665,0.46085545259542,-0.015873889551954005,0.565336679856696,0.47246027686016323,-0.017439452892668517,0.5693241359007396,0.4824598277031222,-0.017873619271184513,0.5295171552005437,0.48615769474401294,-0.013495373435528578,0.5546481352743396,0.47700167330764837,-0.019377480997454746,0.5640053472403921,0.4872558348799571,-0.018684495632192575,0.5674910444673585,0.49569280859306114,-0.01735650299783367,0.5314550195842115,0.5031347231394929,-0.017467772219095144,0.5514821606645391,0.4968085186715491,-0.021193771558289425,0.5586324541420867,0.5012088508525587,-0.020272408790247467,0.5616822625407005,0.5051311085728722,-0.018885747130829335
0.5241031390161985,0.5478279691645915,4.391204330055952e-08,0.5360390536304361,0.5206644725834889,0.0010534017986066433,0.5442636241144129,0.4893518662707942,-0.0011937279841552554,0.5509643782582447,0.4659198978582345,-0.004481157994080528,0.5567696141774225,0.44788478162926904,-0.007381271791423946,0.5321687487499566,0.4636566804654018,-0.00491941151075428,0.5529737740936711,0.4503421461651777,-0.011867780714015478,0.5629952031267123,0.45820764569800776,-0.01563207914657075,0.5678376983652681,0.46705977344452204,-0.017442677445137687,0.5297294028847249,0.47237721459100873,-0.009024894056718755,0.5553246895364057,0.46055164885360667,-0.015515762368430252,0.5659370608614711,0.47143588067364284,-0.0173209419775371,0.5704740457089632,0.4812708509960202,-0.017930227552598318,0.5299049092113872,0.4864545975087761,-0.013173748120437383,0.5545916032701492,0.47624675841569575,-0.019076648318998243,0.5644524261466165,0.4858135267724084,-0.018619397139599158,0.568494898950865,0.4940953103982022,-0.017464749898192147,0.5317558770779003,0.5030230437843431,-0.017210171029506054,0.5513474933051611,0.4958290126142782,-0.021007329638710357,0.5588543148558615,0.49960419537510486,-0.020247114609245286,0.5623854723283689,0.503324842878512,-0.01898667479289618
0.5250830623888155,0.5494295979350399,4.936526856857049e-08,0.5374110019747165,0.5231240791687474,0.0009478013366109836,0.5457963171876953,0.49193461350497036,-0.00124559540000122,0.5524821822098588,0.4685805334403343,-0.004491612002884884,0.5583054047294588,0.45062771585379857,-0.007392554890239685,0.5332766841327083,0.46558333773842914,-0.0046537912814676105,0.5532875884563241,0.4511861317781176,-0.011628550144328134,0.5636427715456405,0.45816840075328197,-0.01554627823431711,0.5690036272127825,0.4666559714275477,-0.01748830300113415,0.5305386567326504,0.47363909865733045,-0.008715324488294795,0.5552555891103598,0.4605235602780114,-0.015280190339911888,0.5663238134343138,0.4704918268797452,-0.017322435298925704,0.5714218394315186,0.4800486471569777,-0.01810041406796731,0.5303380028561393,0.4870536360775007,-0.012858851504313642,0.5542282422005764,0.47562556140714857,-0.01884731191053544,0.5645407557587749,0.4843751105585367,-0.01863273045990276,0.5691473288173821,0.49241318671197626,-0.0176486218225303,0.5318018756875827,0.503098616244677,-0.016906594954710624,0.5507842014312808,0.4949474305247929,-0.020864778181760947,0.5586658673507283,0.4980705674336742,-0.020304569013810874,0.5627134098458338,0.5015950560794559,-0.01918438793841496
0.5261142506922821,0.5511246728428476,5.3412237149022584e-08,0.5387888386458821,0.5257761197351319,0.0007773713883544799,0.5474060848773813,0.4947505841309716,-0.0013975088089653647,0.5541130464065709,0.47151796975173754,-0.004631365095137355,0.5599784729467213,0.4537028895918287,-0.0075622954216023365,0.5347340939479183,0.46767171467920027,-0.004441499313356954,0.553845656278213,0.45218101163561186,-0.011485040370239919,0.5644195714621799,0.4582503038395997,-0.015582719029117679,0.5702268727223849,0.46634601269797954,-0.01766567156915064,0.5316425574569886,0.4750584927478224,-0.008448498763541404,0.5552914797586802,0.4605911382806174,-0.015139493821725025,0.5667113221917711,0.46967045013521963,-0.017442543418395105,0.5723091335300265,0.47898119822684715,-0.018385387770118677,0.5309641555605993,0.4877996710104289,-0.01258207820559565,0.5538610947074857,0.47503615237383706,-0.01869921737478691,0.5645877353090459,0.48300407879655055,-0.01873346964975853,0.5697613000840989,0.49080450990757724,-0.017908288712322407,0.5318989898689728,0.5033407479034682,-0.016640808264115417,0.5501574435019358,0.4942806407325663,-0.02079798328004178,0.5583627442482574,0.4968235041363594,-0.020440797358349555,0.5629017157401545,0.5001490840265367,-0.01945068945462312
0.5271016251188497,0.5528298592127711,5.8048265396079945e-08,0.5400915818374874,0.5283830968465779,0.0006627185356497587,0.5489064327014893,0.4976093218800177,-0.0014985687091257198,0.555648115813085,0.47456480368165577,-0.004729008002591823,0.5615500817824538,0.4569101044901613,-0.007697143156479262,0.5359763186213105,0.46978330611675084,-0.004290761546571812,0.5543194252131445,0.45324716869799586,-0.011381833788471896,0.5651303878398912,0.4585362627310013,-0.015625490429657326,0.5713492075409081,0.4663071043118274,-0.017831151619624484,0.5326171429047033,0.4765373357117699,-0.00827269700368606,0.5554179573714941,0.4608276433668648,-0.015049961367587603,0.5671806059283383,0.4691015161311081,-0.01757553696677464,0.5732303260427302,0.4781820841991243,-0.01867631093957593,0.5315645437354052,0.4886481245786437,-0.012413960593145958,0.553687833048103,0.47469168894562813,-0.018609814968300328,0.5647948144087629,0.481937693452262,-0.01887210336392231,0.5704595444230605,0.48950991150412176,-0.01821557103119767,0.5320995664189813,0.5037107792039334,-0.016494649662617402,0.5497533604873374,0.4938257169137602,-0.020789051568542757,0.558231025020485,0.4958257585374751,-0.02060457160317833,0.5631765597126646,0.4989841137679545,-0.01974422174901507
0.5279950756301325,0.554372839862307,6.224329181787365e-08,0.541270401684641,0.5307420854637135,0.0005589720266124991,0.5502640600558975,0.500196122423746,-0.001590015294168772,0.5570371618620822,0.47732180777172734,-0.004817362636093518,0.562972191450316,0.4598122333215409,-0.00781916351109785,0.5371003767695739,0.4716940325835666,-0.004154362698090416,0.5547481269151076,0.4542119076530101,-0.011288444724741605,0.565773587865136,0.45879501980517096,-0.015664193204057986,0.5723647803473922,0.4662718970828721,-0.017980890393208996,0.5334990209877486,0.47787550385416233,-0.008113618372519582,0.5555324038112579,0.46104165092523686,-0.01496894568116401,0.5676052490860816,0.4685867019297452,-0.017695879514241723,0.5740638901895412,0.47745898583093566,-0.018939560065238566,0.5321078200319295,0.48941586906738477,-0.012261835155462747,0.5535310528905499,0.47437999257415,-0.018528916958754936,0.5649821951252771,0.48097274793064154,-0.0189975495568435,0.5710913683237605,0.4883384616727807,-0.018493623143466392,0.5322810631403208,0.5040456113058145,-0.016362394386682494,0.549387715837973,0.4934140676877215,-0.02078096948540316,0.5581118355739769,0.49492292341083316,-0.020752766835746658,0.5634252591737351,0.4979299612143202,-0.02000983180680658
0.5287802505045807,0.5557547678220228,6.539049623872835e-08,0.5423725458602598,0.5327658235083863,0.00043100439879375406,0.5514792756781405,0.5024206154104456,-0.0017498046375178959,0.5582759313750651,0.4796432746406393,-0.005000229233412029,0.5642570782756824,0.462232111926855,-0.008057402435123612,0.5382092817681426,0.47323132230324816,-0.004138706856675859,0.5553565106244763,0.4552501531016026,-0.011347047240922224,0.5665472117056444,0.4593358213161113,-0.015870246349768694,0.573425012109078,0.46658487013754757,-0.01830528022691653,0.5343686268319692,0.47902389102977466,-0.008066519338118968,0.555871399937775,0.4614432299690526,-0.01502894371514394,0.5682161008077524,0.46845522964598735,-0.017953452039835407,0.5750484440798839,0.4771720808280875,-0.01933254723082481,0.5326686238560987,0.4902243793922551,-0.01220470136382109,0.5536579731050699,0.4745079982066826,-0.01856846113580219,0.5653933621683025,0.48057781090613094,-0.019238798161335634,0.5718793451922705,0.4877606556454758,-0.01887892877458015,0.5325332519600815,0.504676833638955,-0.01630824614958666,0.5492710104161554,0.4935791300612226,-0.020863836651364355,0.5581938231769443,0.49458715955570914,-0.021010002377942746,0.5638466096219295,0.4973060354199081,-0.02039713016798808
0.5294323868713573,0.5569566320495752,6.721732057357516e-08,0.5434740385040537,0.5343270195824674,0.0005728140402216799,0.5525678547387917,0.504196082819437,-0.001526087529214136,0.559352615235204,0.48162339870269993,-0.0047327107773737645,0.565389565202452,0.4644686642211705,-0.0077624352375359595,0.5387417274164665,0.47448243613777735,-0.0038426824322657076,0.5558420676533883,0.45631181876676935,-0.010970736722114445,0.5672621451022065,0.460083000235527,-0.015531803495951645,0.5743913576985091,0.46712279417147795,-0.018035864996748186,0.5348602351033713,0.47999414600069007,-0.007835076121340025,0.5563144021431139,0.4619331692244252,-0.014761762911519373,0.5689394465425256,0.46864513075728237,-0.017768985951032837,0.5760578316605899,0.4772099042530058,-0.019220676057663404,0.5331939357349926,0.49096761484405865,-0.012034329731877843,0.5541189836662986,0.47480946508968214,-0.01835575555475908,0.5661158953848007,0.48057395403126235,-0.01912310125809763,0.572863216333401,0.4876420394733474,-0.018848150552338055,0.5331652663731332,0.5052376351033625,-0.016195514797778084,0.5497063591848814,0.49373384042788143,-0.020734632500595394,0.558784391020923,0.494353585113308,-0.020957610469749567,0.5646666887204056,0.4968590369685294,-0.020421363287874816
0.5301522895444197,0.5583047740608734,6.822275238892374e-08,0.5445495575080163,0.5360233771274934,0.0006672435734445216,0.5535894705832324,0.5060403690498497,-0.0013351192305686708,0.5602949978515255,0.48366074911132545,-0.004479951170999688,0.5663352634917916,0.46671870449139613,-0.007470137814123644,0.5393568289316093,0.4758876223127223,-0.0035265765514078578,0.5563878088612607,0.457530130407049,-0.010604277352590178,0.5680489806513441,0.4609784065499592,-0.015234880804917052,0.5754152152857543,0.46783056893089553,-0.017816953081873442,0.5355087585336067,0.4812141386526022,-0.007558249201708732,0.5568963089658913,0.46273697179393464,-0.014468228047327685,0.5697924924908994,0.46908904558151193,-0.01759672225275993,0.5771486347759603,0.4774911752169941,-0.01913882292901749,0.5339267639490579,0.49200033533471854,-0.011803395744545322,0.5547112210802,0.4754301167123821,-0.01811461663042853,0.5669988405060892,0.4807786481239733,-0.019025808330607148,0.5740125085953152,0.4876782710337661,-0.018853237898205692,0.5340275494064458,0.5061172277476252,-0.016006221220032518,0.5504309292371676,0.4941901116298511,-0.020552056984219066,0.5596682106220531,0.494509881916152,-0.020852488024542908,0.5657413761203584,0.49691701788819154,-0.020381812115841016
0.5308037115318793,0.559524674168539,6.913254258128862e-08,0.5455227678506469,0.5375583687934112,0.0007526905046876405,0.5545139053001847,0.5077092176964995,-0.0011623167764310772,0.5611477363950012,0.4855042967212998,-0.0042512353024597455,0.5671910023051483,0.4687547098564816,-0.0072056451603061894,0.539913418963119,0.4771591402624188,-0.0032405402178016605,0.5568816364793171,0.45863255024760885,-0.010272677401998,0.5687609685302648,0.4617886374085973,-0.014966202861698991,0.5763416784999019,0.46847101667154945,-0.01761886514582001,0.5360955912231435,0.48231807959869416,-0.007307755421207255,0.5574228619475566,0.4634643127067382,-0.01420261566418844,0.5705643925099951,0.46949073304272426,-0.017440845125343926,0.5781356753300938,0.4777456903024798,-0.019064756072847223,0.534589881936441,0.492934818369285,-0.011594429334738606,0.5552471219563148,0.47599172889790065,-0.017896416027459453,0.5677977955416091,0.4809638707070869,-0.018937770385252677,0.5750524745204912,0.48771105606982706,-0.018857841310694623,0.5348078078334964,0.5069131492102349,-0.015834934179099893,0.5510865746197665,0.4946029800693351,-0.020386848949592126,0.5604679569525879,0.49465131099782095,-0.020757365343734093,0.5667138339652458,0.4969694833773949,-0.020346023245960854
0.531442784236353,0.5606654593488746,7.03651761998128e-08,0.546536944488204,0.5389036183269215,0.000928110300381567,0.5554607902703931,0.5091752962417604,-0.0008576015900260091,0.5620184225199352,0.48718066432581564,-0.003856812462525134,0.5680525532353116,0.470694758040741,-0.00673005083051834,0.5403989254422107,0.47847056270070204,-0.0029036193144126466,0.5573987216762795,0.4598196411455103,-0.009835814599261984,0.5695051093503816,0.4626460081734994,-0.014538865948883066,0.5772825518828061,0.46912005752265895,-0.017225768908552905,0.5367002533333904,0.48348847130674183,-0.0070219161973284015,0.5580340998362775,0.46431713811346437,-0.013846631846203685,0.5714025999696402,0.47003187876536867,-0.017120982616382244,0.5791494505783596,0.47809742096423885,-0.01877997890526276,0.5353924095579985,0.4939537599088507,-0.011354207935307468,0.5559651797246136,0.4767004928621514,-0.017579363609255383,0.5687412632940548,0.4813269008429301,-0.01866874468197946,0.5761826215154107,0.4878744807404358,-0.018635988111135555,0.5358787298282468,0.5077788196615092,-0.015631887093219287,0.5520431668174457,0.4951074864559072,-0.020096720257485847,0.5615081205784134,0.49498937581388375,-0.020454174033414905,0.5678475766537354,0.49727023478646015,-0.02005368686505219
0.5322275795005621,0.5617448158410019,7.238282426112674e-08,0.547695521469462,0.5400190018910618,0.0010898011888196978,0.5565135371730922,0.5104023679705179,-0.0006067184334373897,0.5629752019741419,0.48856377526488665,-0.0035655412906682726,0.5689730515668637,0.472308855141438,-0.006410933783494544,0.5410512374674082,0.479700131713357,-0.00267778048774963,0.5581126412590051,0.4609320336588219,-0.00962286993683833,0.570435253023587,0.46361225044223225,-0.014388953295192016,0.578430108325265,0.4700238316714252,-0.017126254368456845,0.5374247737582276,0.48470336360917793,-0.006874021477495587,0.5588256408740274,0.46520866596565474,-0.01377945416042886,0.5724402695947776,0.47071341986060256,-0.01713449722630244,0.5804078172396601,0.4787294563261445,-0.01881840047012849,0.5362939834224205,0.4951213942267581,-0.011279477410203236,0.5568390686139805,0.477573186951296,-0.017553015825432082,0.5698763065425472,0.48196493958632125,-0.018710060798474655,0.5775238940156697,0.4883755766138724,-0.0186968788132661,0.5370047399387077,0.5088774740543601,-0.015620523756924309,0.5531452485814959,0.4959045237962861,-0.02007956591940064,0.5627033553361996,0.4955859745216492,-0.02044686163882343,0.5691451561416154,0.497750836313392,-0.020050085218726203
0.5331421432890112,0.5630315677514369,7.437968645951633e-08,0.5489171379785565,0.5410442851023256,0.0013372414116793415,0.5575883787066034,0.5115428500472027,-0.00028151244557592147,0.5639473689603071,0.4899000883670791,-0.003228994653762303,0.5699086522136821,0.4739020697318065,-0.006091570036148195,0.5418156659566087,0.48102484854915656,-0.0025197387584594165,0.5589871911097201,0.46221513882386994,-0.009514005098044447,0.5715196503926665,0.4647636975615805,-0.0143514799515349,0.5797305260470851,0.47108219067834184,-0.01714553574083758,0.5382892585479104,0.4860563402841226,-0.006866728198892522,0.5597988515893649,0.46626097279393347,-0.01388203524380434,0.5736638423047385,0.47149863278953646,-0.017322365898969957,0.5818523042453928,0.47941573099805534,-0.019043429641825878,0.5373262374166783,0.4964510758869093,-0.011404470724473266,0.5578828079172852,0.4785962244650581,-0.017738923875562296,0.5711947940821595,0.4827196106656945,-0.018948526968181705,0.5790575581571963,0.488959163711631,-0.018953252085681268,0.5382532234971033,0.5101609363671267,-0.015859417218038966,0.5543679579675839,0.49680483774831613,-0.020310037643280706,0.5640548708290403,0.49625007740151506,-0.02066636454285653,0.5706332904944033,0.4982935562419168,-0.02026568488711127
0.5342984436574549,0.5642781592003899,7.642965750330118e-08,0.5502611031458997,0.5419670885166071,0.0015989581742608327,0.5587979319482776,0.5125483598122978,-9.321654394945419e-06,0.5650114830581854,0.4910792740768326,-0.0030068224901754147,0.5709987812463911,0.47536903745002407,-0.005961908440656347,0.5428209286765527,0.4821153136529828,-0.0026179020122223343,0.5601823248200075,0.46337054717246273,-0.00970783593327739,0.5729066033240375,0.4659249247995467,-0.014606917382475371,0.5813061068581673,0.47223793953628634,-0.017448336170424267,0.5393205760936233,0.487326510060239,-0.007158102083455208,0.5610414569790222,0.4674814128750997,-0.014313827110779673,0.5752000744590834,0.47255793550996417,-0.017803356536453614,0.5836248822751768,0.4804185368832266,-0.01954486410980309,0.5384636828534343,0.4978905869108097,-0.01185438998674613,0.5591500652878192,0.4798587766030563,-0.01829658151191792,0.5727825868033823,0.48378677599127357,-0.0195230162466035,0.5809023595432379,0.4898604687958767,-0.01952473600883768,0.5395736914990483,0.5117382240018792,-0.01643925039504465,0.5557623137791113,0.4980257228032802,-0.020934142779491856,0.5656468254438664,0.49723248889622934,-0.021266165787823494,0.5724021367008727,0.49911141691774474,-0.02084758705166172
0.5353447510435737,0.5654061687350296,7.828462521150011e-08,0.5514772237315657,0.5428021103281091,0.001835779150222863,0.559892426532216,0.5134582205394458,0.0002369770090133062,0.5659743733855331,0.4921462898379547,-0.0028057844363141913,0.5719852118399238,0.47669645997851,-0.00584458089431849,0.5437305658587003,0.48310204834889386,-0.0027067274941304873,0.5612637715293571,0.4644160473920493,-0.009883228625432935,0.5741616224660323,0.46697569038710907,-0.014838056347728775,0.5827318106675339,0.4732837478742991,-0.01772233273277328,0.5402537896382713,0.48847585503551055,-0.007421759049984044,0.5621658596279457,0.46858575868877284,-0.014704544810100615,0.5765901726496145,0.4735164721417659,-0.018238592977077132,0.5852288439581874,0.4813259509368174,-0.019998599663139643,0.5394929288817708,0.499193164560883,-0.012261510714301361,0.5602967748998621,0.4810012285674412,-0.018801192009127846,0.5742193408658903,0.48475242729852513,-0.020042857277241376,0.5825716743413775,0.4906760373043101,-0.0200418575683953,0.5407685500853412,0.5131654722734477,-0.016963926986330594,0.5570240316028654,0.4991304712626535,-0.02149887996331828,0.5670873455001734,0.49812144857416407,-0.021808910986163964,0.5740027215499703,0.4998514786606002,-0.02137413581821368
0.5364398527699479,0.5668766686009662,8.023778510091476e-08,0.5528108974205898,0.543988600841115,0.0019368368625485575,0.5611938744248041,0.5145890144877641,0.00035009088172724867,0.5671900804726958,0.4933950733717422,-0.0026964917929884914,0.5732752220326782,0.4781730489920344,-0.005754179818832769,0.5448530269084977,0.4840445059822117,-0.002701194125727084,0.5626910889259973,0.46568292505110137,-0.009879532042261212,0.5757661973693531,0.46825613221132784,-0.01486119810855167,0.5845206121200484,0.4745564438218144,-0.017779275775285253,0.5414291883020866,0.4895333574267072,-0.007477981642469815,0.5636271933603305,0.46978044084037524,-0.014777294001631679,0.578271652139375,0.4745266865287341,-0.018326544790610102,0.587130746807078,0.4822451760368477,-0.020096942538110504,0.5407728582958975,0.5004159236563684,-0.012361349022050161,0.5617901323716791,0.4822621065391029,-0.01891252447856083,0.5759242764347562,0.4858895675155882,-0.02016286042787044,0.5844583190056856,0.4917536681739662,-0.020162136721088294,0.5422081754300343,0.5145700565740834,-0.01709831111713347,0.5586271837252836,0.500440681671842,-0.02160851090097933,0.5688381222586529,0.4993051217954616,-0.021887840611973967,0.5758814009972989,0.5009483454076366,-0.021432411310273132
0.5372497718817169,0.5680275575280666,8.278225364128176e-08,0.5535595049110519,0.5449587284160033,0.002086274114942803,0.5620373843966627,0.5157939899836473,0.00047998338173133953,0.5681404301469716,0.4947755904345187,-0.0026131569414262683,0.574421683271104,0.47994333502721714,-0.005737415465456577,0.5461113057315474,0.4850252817604285,-0.002738115136955091,0.5643205751524476,0.46695208665336313,-0.009886937290967084,0.5775629797486943,0.46962797970963066,-0.014830392374394144,0.5864239276696752,0.47593894680285076,-0.01771868612052365,0.5428022170226443,0.4906473151905502,-0.007581173443153864,0.5653507984309685,0.4711452993232104,-0.014831899567499111,0.5801912694729114,0.47589834156712274,-0.01831708550244707,0.5892132262930243,0.4835620017598457,-0.020049678913339333,0.542269169586335,0.50165356907773,-0.012504124537909219,0.5635987334114071,0.48378817634891697,-0.018982427230399272,0.5779041500930743,0.4873791249736924,-0.02020089114894467,0.586612006029096,0.4931956536718042,-0.02018802157588079,0.5438429758378021,0.5159523014386928,-0.017266993116495044,0.5605600940514229,0.5020006807580228,-0.021662170189816424,0.5709760096582812,0.5006578611795549,-0.021890133381274966,0.5782236673687055,0.5020651793975569,-0.021412202909841957
0.5380668453258491,0.5687210072593286,8.932299585664702e-08,0.5540457465958927,0.5454884075886396,0.002072783291817969,0.5626092344870647,0.5167364546120997,0.00027469497408498685,0.5690257959868786,0.49605704757749075,-0.0029961165013052777,0.575646312818365,0.4817407799853352,-0.006311068875112552,0.5476028186773564,0.48605626899882676,-0.003178742646225772,0.5661405568741628,0.4682102401790699,-0.010405041563758459,0.5795857978160003,0.4707962369710737,-0.015344894366032829,0.5886055023669995,0.47705186903794133,-0.018216037253126437,0.5443821365278882,0.49187328662179497,-0.008050526526935699,0.5673586276060542,0.47284559952658056,-0.01531282091376671,0.5824479682069523,0.4776294274640418,-0.01868821108667656,0.5916877716276252,0.48514743742660904,-0.02035656875019114,0.5439502288338623,0.5031203842825003,-0.012979454968434168,0.5657342131410599,0.48561993130631487,-0.01940387153600695,0.5802192911657473,0.4891330090160283,-0.020524151642054133,0.5891218874286904,0.49482978312917725,-0.020478318106695342,0.5456451887389869,0.5177153119958859,-0.017751934077108688,0.5627998141403521,0.504257381737548,-0.02205977101691436,0.5734431712276222,0.5029109548301002,-0.022199593011447423,0.5808833923743433,0.5042446388938613,-0.021672359853169343
0.5388061947223626,0.5693484926390125,9.52415504791334e-08,0.5544857345784032,0.5459677010713084,0.0020605757821902295,0.5631266873822371,0.5175892673663087,8.893461019785309e-05,0.5698269414703474,0.49721660620972646,-0.0033426470629321723,0.5767544495754975,0.4833672431320624,-0.006830153548935742,0.5489524515705744,0.48698918365661775,-0.003577455498058141,0.5677874129766084,0.46934871194881445,-0.010873861208026933,0.5814161954724891,0.47185336385167814,-0.015810454395862185,0.5905795549414635,0.47805892463225746,-0.01866607789804745,0.5458117663134731,0.49298263761630207,-0.008475232435245231,0.5691754621875257,0.4743841588057753,-0.01574799465449569,0.5844899986500021,0.4791958439500887,-0.019024033378664224,0.5939269260303547,0.48658205864927906,-0.020634265715258265,0.5454713774516375,0.5044476688053688,-0.013409569628844273,0.5676665555280556,0.48727744071631757,-0.01978522598492794,0.5823142046245271,0.49072005497568816,-0.020816662005979765,0.5913930165559882,0.49630846614942475,-0.020741000202667267,0.5472759662785688,0.5193106163113894,-0.01819074506668269,0.5648264810305815,0.5062994142124805,-0.022419550096358404,0.5756756442451861,0.5049497231229405,-0.022479615318446083,0.5832901112463514,0.5062167774756374,-0.021907769387562104
0.5398771235182216,0.5696605709390541,1.0204544335102339e-07,0.5547590915311622,0.5457301948841715,0.002070262483331478,0.5635460034944002,0.5177765837813663,-2.580769942773214e-05,0.5708572525060265,0.49814492889381223,-0.0035663168075256504,0.5783525187342232,0.48540250784625555,-0.0071695761598991,0.550577254960416,0.48810293817134764,-0.0038843825626148584,0.5697103321407633,0.4706143599299667,-0.011169022727281857,0.583471625412667,0.472974069184324,-0.016058373389753976,0.5927991583865823,0.47909575229825074,-0.018871877746264698,0.5477050329361155,0.49434873912560356,-0.008787935259541375,0.5713368874158986,0.4762653536688931,-0.015932681439669357,0.5868059720406653,0.48084405928770096,-0.01909512789030986,0.5964678217531905,0.4879780682229818,-0.020668157810874395,0.5475521970106393,0.5060769874296283,-0.013705358983132073,0.5700616098920195,0.489428273439881,-0.019859844833113333,0.5848122934666796,0.4926744176997085,-0.020811367870025597,0.594078170915524,0.49804484449648456,-0.02075290117279368,0.5495111883383624,0.5211847840201674,-0.018483218065376082,0.5672666537673151,0.5088803319300523,-0.02245903549070099,0.5781629011160808,0.5075736756184321,-0.02240579222190345,0.5858672553471042,0.508759828366219,-0.02180076016606826
0.5413079359081573,0.5698667992206194,1.09914802490928e-07,0.5550541575257681,0.5453191770665397,0.0018885204821664167,0.56399218944581,0.5177117509696522,-0.0003162773658801787,0.5719669206957021,0.49884221688493985,-0.0038709672863905973,0.5799490448248803,0.4871869816811853,-0.0074697076705194775,0.5523712382729794,0.48926327250988955,-0.0043456809500040765,0.5718351036535123,0.471849557501002,-0.011581734893043944,0.5856788133301521,0.4741426322461867,-0.01637748587975114,0.5951014924798927,0.4801372429831821,-0.019110597145122143,0.5499043048267924,0.49595727151597424,-0.00909414791450263,0.57384807835758,0.47830633608744305,-0.016076795936222917,0.5894211987553074,0.4825946361335361,-0.019109201484904387,0.5992571143469021,0.48934963403898907,-0.02063720647554961,0.5499795750473411,0.5079820472364396,-0.013840968850644897,0.5727794489806514,0.4918410663751047,-0.01977636708274129,0.5876051542091687,0.49477158353156137,-0.020670941942770353,0.5970615703294766,0.4997450002329789,-0.02063325326809524,0.5521117620338344,0.5232838460097259,-0.01846605794992247,0.5700542130921143,0.5114698133657006,-0.022190884401446665,0.58095514549497,0.5101371325847603,-0.0220341465135611,0.5886889172831858,0.511114132601494,-0.021398739297203057
0.5428413616412282,0.5698753755954318,1.1616360806052444e-07,0.5556400298458581,0.5446928324391561,0.0018471687832486551,0.5647483438312945,0.5173785437667834,-0.0003898718715677432,0.5732549287065823,0.4990923404279806,-0.003902776906087986,0.5815579751371028,0.4881196173186918,-0.007457916162164237,0.5545186027159591,0.49046166778147854,-0.004728945976021271,0.5742947344473854,0.47314363868491854,-0.0118078034699142,0.5882217012719696,0.47521148050524953,-0.016393780642851196,0.5977887962845531,0.4809738590181874,-0.01898185106678377,0.5525367240092607,0.49761190181644216,-0.009389222400810854,0.576728187353281,0.48030766329865604,-0.016158127261492086,0.5923685038252882,0.4842557801145942,-0.01900402145799661,0.602368578070454,0.49060911720790445,-0.020439350825643077,0.5528961983185364,0.5100241278056081,-0.014007604076246023,0.5759698007420425,0.494287674810978,-0.01971939831864975,0.5908320764085333,0.49702338644100025,-0.02054040794797934,0.6004082443118891,0.5017191312683109,-0.020504065686024354,0.5551437892723675,0.5256447410284969,-0.018498744429144905,0.5732488505576678,0.5142283238373451,-0.022007447720259938,0.584141180054738,0.5127950007066646,-0.02177055782884382,0.5919089532504268,0.51353571191538,-0.021114727085592505
0.54422892037109,0.5698831361432593,1.2181799648789166e-07,0.5561701711072138,0.5441260687955803,0.001809750661463876,0.5654325690898606,0.5170770328730881,-0.0004564657056441731,0.5744204150559277,0.49931867098850613,-0.003931560638193686,0.583013856078916,0.4889635360639517,-0.0074472463201212275,0.5564616992838538,0.4915460657963654,-0.00507575294634379,0.5765203930539102,0.4743146204971889,-0.012012367291049236,0.5905226971967368,0.4761786546570686,-0.016408525367882797,0.6002204705244787,0.48173089201814184,-0.0188653519491016,0.5549187345223978,0.4991091355386847,-0.009656227949632931,0.5793343262054937,0.482118614415061,-0.016231721950791107,0.5950354467304578,0.48575890790406906,-0.0189088466729415,0.6051840640500826,0.4917487921386511,-0.020260316178995725,0.5555353780286361,0.5118719556199729,-0.014158388139013971,0.5788566705410665,0.4965015498102916,-0.019667848703797293,0.593752037885472,0.4990609867743813,-0.02042229098925758,0.6034365661928572,0.5035054732429435,-0.020387167062617777,0.5578873951564166,0.527781056092822,-0.01852832160958175,0.5761395983835802,0.516724431215614,-0.021841460439057995,0.5870241433256065,0.5152000393308596,-0.021532042997193107,0.5948226835475353,0.5157269386859824,-0.020857731513450644
0.545933004110689,0.5698915532618273,1.2434572931576834e-07,0.5571097219128013,0.5436751846964045,0.0018126792488923525,0.5663730596699909,0.5166424639778342,-0.00035999602415935574,0.5754867315844909,0.4987682258896235,-0.0036706706051114705,0.5840934230418278,0.4881506366236213,-0.007011706574347329,0.5589016381386354,0.4926038483417885,-0.005063794026783091,0.5792167410010042,0.4757268315447059,-0.011704788565325629,0.5931353537472319,0.4772630878043855,-0.015837583147265286,0.6028138458420774,0.4823080597190413,-0.018133077300822958,0.5578377031686698,0.5004740997878698,-0.009546755113465382,0.5823641204202976,0.48408570164843134,-0.015799663193577854,0.5979490077449364,0.4872888242117897,-0.018315302992228347,0.6081443418455863,0.49266357341823946,-0.019602691315285335,0.5586972017701342,0.5135139755652668,-0.013924995604581526,0.5821112459151787,0.4990224057745805,-0.019189720783694755,0.5970023506648416,0.5013338689368568,-0.019939264620115978,0.6068188828857326,0.5052863049651688,-0.019956889605541758,0.5610696344641635,0.5296531690467993,-0.01815662242426153,0.5793874884304198,0.5192751751426588,-0.021323170774135133,0.5902746791597898,0.5177260174850629,-0.02101271170740939,0.5981749553366503,0.5179624263828867,-0.020365670116829448
0.5477783146420646,0.5699503290947047,1.2715514158814684e-07,0.558217894897827,0.5432822444624535,0.0017610319787217585,0.5674095595066156,0.5162382905325689,-0.00035570000987627566,0.5765634647009448,0.4982621047727397,-0.0035340265631144748,0.5851303970857732,0.48743828520208365,-0.006739722431090416,0.5615497447400336,0.49389242565076186,-0.0050831866856892475,0.582034820224367,0.47734930485986815,-0.011463098105075682,0.59588607146505,0.4784037958908911,-0.015375914229719463,0.6055538125895376,0.48285097695149337,-0.017530962878723046,0.5610181433827256,0.5022055468337344,-0.00942479634965823,0.5856321320422609,0.4863461814612379,-0.015339894595441559,0.6010711047012728,0.48893506541979476,-0.017694943728415263,0.6112750325229281,0.49356764721158725,-0.018919814662900186,0.56218587409693,0.5155401670894068,-0.013640234807034983,0.5856169762333316,0.501749169673567,-0.018605432017307494,0.600380132716347,0.5036414585483909,-0.019308302178203594,0.6101855911858084,0.5070333022113278,-0.019356915694249757,0.564598212501615,0.5318198732170418,-0.017705250512356135,0.5828945232062122,0.5220921691370484,-0.020692328027256623,0.593716936889149,0.5204712678604368,-0.020359304925523437,0.6016491989414577,0.5204097112416062,-0.019720902968852167
0.549860030136555,0.5702571279347818,1.2934511178951282e-07,0.5593269747385843,0.5430980889970402,0.0015841016021339001,0.568372778423431,0.5159326648588924,-0.00044299508994463015,0.5776564273927989,0.4977630415501332,-0.0034253858877535083,0.5861960010123078,0.4867006391305383,-0.006427765428161218,0.5643150770729036,0.4952895657646844,-0.00506103756875504,0.5848897394045599,0.4788695212762467,-0.01114664913299576,0.5986540234552594,0.47937356308189744,-0.01483327668542147,0.6083180690545685,0.48318865198077104,-0.016833618664934866,0.5644261619115729,0.5041745005714817,-0.009158150589737771,0.5889800712877996,0.4885633061523716,-0.014672736121717907,0.6042967559384352,0.49039754930173163,-0.01686981052562008,0.6145141015418035,0.49429235502363544,-0.018033665930282945,0.5659257949484601,0.5178750791350781,-0.013126298018081427,0.5892144260780627,0.5045379365846449,-0.017742840496108022,0.6038304792366234,0.5058667047889255,-0.018442463044086945,0.6136173841641845,0.5086597193833763,-0.018548652637454692,0.5683546819254056,0.5342744870924473,-0.016950957958639563,0.5865400887482561,0.5249964946079889,-0.019732895317719462,0.5972956659598313,0.5231534199974894,-0.019415145991316236,0.6052525847989714,0.5227488564587109,-0.018813408703977855
0.5521623814068024,0.5706187816269686,1.3167615454759677e-07,0.5605245429661231,0.5428070313015512,0.00121635888597735,0.5693134984804826,0.5155772266631938,-0.0008142064703631437,0.5787011570848849,0.4971963019388276,-0.0036651969031297267,0.587172900306558,0.48567013004740955,-0.0065265929282933765,0.5672230264715834,0.4964954598951677,-0.005140656010672455,0.5878113954489618,0.4801338556886606,-0.010964672476270476,0.6014368218839354,0.48007364779500866,-0.014469119714850261,0.6110693611649701,0.4832283276795427,-0.016344081100761368,0.5680117496100828,0.5059969809262792,-0.008903801814437968,0.5923936048918708,0.4905696801172118,-0.01406509631033461,0.6075225237056902,0.49161073727076426,-0.016164680664923325,0.6177053192043771,0.49475750061955825,-0.017308943931667892,0.5698425002745113,0.5200264494272143,-0.012555152326595325,0.5928407799128327,0.5069790841592288,-0.016875253413905132,0.6072671147855595,0.5076688502312756,-0.01762611464458593,0.6170243661014269,0.5098644797903545,-0.01782179178319611,0.5722833792814138,0.5364448491844159,-0.01608292972379252,0.5902192118547211,0.5273785299402333,-0.01869146576527913,0.6008730506400237,0.5252321824810914,-0.018420979355231255,0.6088418595384285,0.524441581554285,-0.017879959781674077
0.5470872453178498,0.5656500522366474,1.121359963135378e-07,0.554541194195014,0.5375339607521011,0.0007854086869657118,0.5630400941279557,0.509361777285415,-0.0014320487576284396,0.5719097134193262,0.48987876679043,-0.004340242490167098,0.5794295094245591,0.4772899138866461,-0.007129984466696659,0.5619436514338327,0.4914725376059614,-0.005759778600912131,0.5829876439643465,0.4767036311756354,-0.01156955150701585,0.5948997794835539,0.4777267409618213,-0.014849751910635142,0.6028248538293906,0.48090192743444865,-0.016579916031409136,0.5629857925700879,0.5016258542922885,-0.009313026595134999,0.5875980626972775,0.4880991033977358,-0.014297200037570096,0.6007716067312373,0.48998406065883265,-0.016042975499868394,0.6092175005591783,0.49291974018361717,-0.01704381956146662,0.5649884604545411,0.5161052712996677,-0.012772321748814788,0.5882329656875569,0.5048608165617138,-0.016953164805993622,0.6007404024470195,0.5062212488998474,-0.017328389091080372,0.608807088942788,0.5081606474610206,-0.017368206193473817,0.567568279171848,0.5327983116655074,-0.016137239243429226,0.5857634391331404,0.5250441891328332,-0.018660468089481238,0.5948743782700922,0.5237073639832972,-0.018210294677554684,0.6013259172607471,0.5229736608422493,-0.01760466260617041
0.5424948811533586,0.5611539728418831,9.445459410682407e-08,0.5491270110088909,0.532762490627223,0.00039545259200909064,0.557363446874965,0.5037375720447214,-0.001991118845526311,0.5657643053025344,0.4832573116020548,-0.004951074418409656,0.5724227079960129,0.469706865134288,-0.0076759784320904615,0.5571664765346117,0.4869274204075898,-0.006320007203063843,0.5786227514633201,0.47359970650175987,-0.012116891467158766,0.5889845727314396,0.4756030834580176,-0.015194176498495762,0.5953646046108098,0.47879682583114597,-0.016793317182680643,0.5584379293013596,0.49767053073828804,-0.00968332390049901,0.5832586960797608,0.4858635400959271,-0.01450722491586278,0.5946628702072222,0.48851212153268553,-0.015932847529142966,0.6015370850003209,0.49125679656574917,-0.016803915126293756,0.5605961607936969,0.5125570949355442,-0.01296883294669081,0.5840634694309244,0.5029440490041294,-0.017023664882988926,0.5948345431104202,0.5049113505321187,-0.017058984657621252,0.6013714796326911,0.5066188920490688,-0.016957767897581712,0.5633017025922973,0.5294986507435548,-0.016186382574248124,0.5817315214440273,0.5229319023125943,-0.01863241906517495,0.589446329141289,0.5223275937261279,-0.0180196513634029,0.5945249284057801,0.5216453759734078,-0.01735555305300578
0.538414066035326,0.5571990144117202,7.826797765475364e-08,0.5442553108395222,0.5285714694473772,2.9270459696274396e-05,0.552234909527427,0.4987580868755932,-0.0025231987700438294,0.5602331888621829,0.47736297172678893,-0.005532351015316232,0.566151164048959,0.4629219519247116,-0.00819743972087003,0.552850834393569,0.48291941963355794,-0.006951645652838362,0.5746767544475414,0.4707385250902585,-0.01274127918695454,0.5836582954678436,0.47367773343728514,-0.015601567922332252,0.5886466242081212,0.47697191442794484,-0.017055805227967964,0.5543445329164158,0.49421500387046546,-0.010137182257548874,0.5793892468262931,0.48386058124187886,-0.014833172011159988,0.5891963198028063,0.4872367151015625,-0.01593994864048185,0.5946370329720253,0.48987333055640403,-0.016670157572725476,0.5566659601142732,0.5094737218685842,-0.013253569689476389,0.5803861224396355,0.5012674409902836,-0.017205175957444082,0.5895767738653276,0.5037956936987992,-0.016919681438444256,0.5947100413877026,0.5053256271741946,-0.01668407795752993,0.5595133882362987,0.526650639563066,-0.016325205514017067,0.5781706316396186,0.5211650606958462,-0.018725760147035603,0.5846095163021324,0.5212195284523204,-0.017980619565659904,0.5884281149262074,0.5205673878329025,-0.017272847543376685
0.5348346204249367,0.5536689754245369,6.352998250174469e-08,0.539932731113416,0.5248067170061148,-0.0002925237585485946,0.5476615538052103,0.4942823025671652,-0.002979335918330167,0.5553004708140195,0.47206197484769585,-0.006019418007654025,0.5605716357715879,0.4568131810083771,-0.008618825392783375,0.5490043553477055,0.4793895184585715,-0.007493644903051515,0.5711494890570586,0.4681721163425322,-0.013266157798985165,0.5788895784905971,0.47192689411392064,-0.015924328376619078,0.5826373457310999,0.4753187463614145,-0.017242768746541286,0.5507189294130523,0.49119423613114144,-0.01051733875217835,0.5759248519654615,0.48202349818811885,-0.015101164086298963,0.5842909663094571,0.48603018515123636,-0.015925323031150376,0.5884492416023821,0.4886123296200533,-0.01652595538527617,0.5532052704646009,0.5067683653734952,-0.013479714726215111,0.5770966163971855,0.49972568168817777,-0.01733680938586504,0.5848655915553436,0.5027515121191756,-0.0167659014639952,0.5887512291039184,0.5041477807009195,-0.016407447590547058,0.5561988971002501,0.5241238002689487,-0.016418434587856873,0.5750286717542169,0.519549813057874,-0.018776713309697175,0.5803110833693511,0.5202023698996963,-0.017916149294045856,0.583002063596403,0.519587339281757,-0.017169980655974283
0.5315361071340783,0.550414488569245,5.000168745447051e-08,0.5360566825231773,0.5212998172271774,-0.000549185377151358,0.5436126069510075,0.49018012526952875,-0.003353876166823324,0.5509332632094495,0.4672070958599238,-0.006426476849792109,0.5556212549084266,0.45123588926606434,-0.008973140514526034,0.5455976963100466,0.4761930373494143,-0.007982290048561708,0.5680512282717284,0.4658946546499246,-0.01372320612269137,0.5746818559973133,0.47042535241307654,-0.016188150052518464,0.5772685601801595,0.4738896383890158,-0.017383250126939417,0.5474837970530045,0.48839690488404214,-0.010877504116901976,0.5728380993785385,0.48041180527894023,-0.0153280218121177,0.5799326842136563,0.48503226573612224,-0.015884301804967058,0.582925212088688,0.4875218708677746,-0.01637889556757925,0.550088406956758,0.5042532724336983,-0.01371294983424449,0.5741807885412966,0.4983124810045519,-0.017467859850879147,0.5806951606924753,0.5018300578552449,-0.01663235297503361,0.5834320327154521,0.5031043558262234,-0.016171492338178522,0.5531889182193608,0.5218022779578967,-0.016540727330131354,0.5722437409207084,0.5180678665003287,-0.018860352615235026,0.5765217197705491,0.5192690184526971,-0.017894450917336095,0.5781854119405844,0.5187058814858442,-0.017117600789907966
0.5285513646626381,0.5474695845221234,3.7760270417989294e-08,0.5325493427526466,0.5181265110160769,-0.0007814320793111969,0.5399488158503817,0.48646816726724734,-0.003692788303403007,0.5469814858875018,0.4628140368570496,-0.006794814251333588,0.5511417786386078,0.446189136965557,-0.009293751437959245,0.542515095447532,0.4733006212563523,-0.008424452862733,0.5652476893018531,0.46383383632312164,-0.014136777760267356,0.570874392777885,0.4690666447493637,-0.016426875712083264,0.5724104799358393,0.47259647420098183,-0.017510368226988586,0.544556406406277,0.48586566955355437,-0.011203408779409067,0.5700449738905949,0.47895342453199086,-0.01553329971446907,0.5759889833621528,0.4841292733275057,-0.015847182719723643,0.5779266554514577,0.48653514191922065,-0.016245824803566036,0.5472680348468976,0.5019774275135532,-0.013923998470821325,0.5715423285826845,0.49703371092568743,-0.017586444150634328,0.5769214417400291,0.5009962568562719,-0.016511508275664034,0.5786188244683951,0.5021601866613169,-0.01595798231078055,0.550465263344655,0.519701590275541,-0.016651386984839173,0.5697237264154362,0.5167268899934372,-0.018936035738359756,0.5730928190884086,0.5184244519892667,-0.01787481659701778,0.5738269438976942,0.5179082722939895,-0.01707020355451414
0.5259433729788692,0.5448508593965176,2.6794307966083868e-08,0.5294896825149269,0.515329836947934,-0.0009935611803333004,0.5367390875422465,0.48318559447740794,-0.00399414181067311,0.5435229763998805,0.45893991314348437,-0.007121538820552739,0.5472306810086405,0.44172465063044464,-0.009575951944752819,0.5398282836709107,0.4706776506167791,-0.008777254560023018,0.5628067428994422,0.4620576309913789,-0.014478768563643865,0.5674928664116088,0.4678792659488206,-0.016634649127496313,0.5680826705697543,0.47140925579501003,-0.017631219328034388,0.5419805173832126,0.4835692672397743,-0.011455757954133039,0.5676173909600521,0.4776805061849109,-0.01569335588394898,0.572484110919276,0.4833308376000214,-0.015801028874281326,0.5734583232151883,0.4856363192684197,-0.01611172155707207,0.5447664974581616,0.49991486017276904,-0.014082657815108946,0.5692324499977558,0.4959531328976596,-0.017671127227289852,0.5735546647540526,0.5002934181146209,-0.01638263545970443,0.5743072211297843,0.5013351646758946,-0.015738799352733073,0.5480248723263359,0.5178021619915718,-0.016731529012238403,0.5674694698851812,0.5155838484118519,-0.018981107660202244,0.5699818879893537,0.5177017851178254,-0.017826181883773162,0.5698632301821615,0.517199559345135,-0.016988166887012726
0.5236922090668152,0.5426672409432057,1.7041892585055e-08,0.526778043245002,0.5130090416419091,-0.0012098506596034122,0.5339055466389945,0.48036697116472094,-0.0042889900646145215,0.5405065942862689,0.4555257052224504,-0.007423754874088078,0.543829041621329,0.4377340599954159,-0.00981855710563338,0.537431839412766,0.46841899940020926,-0.009106518612087163,0.5606295612649372,0.4604896822063503,-0.014799032374481826,0.5644685633396,0.4668693030813069,-0.016827167267946846,0.5642146527246815,0.4704175817035336,-0.017739851212539084,0.5397162354177852,0.4816252242473525,-0.011678801177377013,0.5654931644751277,0.47655660112559645,-0.01584091447008306,0.5693769527243734,0.4826502676498177,-0.015763041377465654,0.5694842133578794,0.4848765377968167,-0.015988361884303005,0.5425851603319366,0.4981806396149812,-0.014207108056868064,0.5672206449340853,0.49504133942210493,-0.017743021894559743,0.5705687065612852,0.49974333564425816,-0.016264930738576468,0.5704694542349542,0.5006753352621014,-0.015535939637471448,0.5459113671280523,0.5162109607870994,-0.016771004141765265,0.5654957432063703,0.514669785538913,-0.01900551482705087,0.5672285099721552,0.5172105649587586,-0.017773957522934317,0.566351044062582,0.5167289546138991,-0.016906578689957524
0.5217857927975137,0.5408345547052499,8.849289112959506e-09,0.5244034433752555,0.5110521311005688,-0.0013954279714904405,0.5314371574006448,0.47790959140182426,-0.004538408444773337,0.5378818737720196,0.4525075298706808,-0.007674853526701494,0.5408461009427037,0.43417500447988183,-0.010012085024651332,0.5352402576073032,0.4664072966007807,-0.009404913354617274,0.5587342073067253,0.45908029076999174,-0.015103686751275795,0.5618169384702174,0.4659736046857887,-0.017025598322955825,0.5607840245535326,0.46956228274609635,-0.017863757542970628,0.5376256240677469,0.4799031353911476,-0.011880335077855514,0.5636407331414157,0.47554375213488487,-0.015989028189075365,0.5666379939651373,0.4820398969643817,-0.01574060458845739,0.5659441078470451,0.4842411906055603,-0.015878865479050083,0.5405725520410789,0.4966658232392845,-0.014318852309167341,0.5654271616439034,0.49421159123306674,-0.017801413343567087,0.5679083817009958,0.49928887214955636,-0.01614182017708459,0.5670463491197373,0.5001685310038839,-0.01532597377824587,0.5439902963882124,0.5148346422191613,-0.016806521858577173,0.5637812700711469,0.5138401440557565,-0.01901003300453938,0.564841026885061,0.516790690729145,-0.017700285173141574,0.5633013716483986,0.5163568666515012,-0.016800757807876623
0.5200607242270766,0.5391762026026797,1.4360064068987616e-09,0.5222547271328345,0.5092813715217807,-0.0015633522560643482,0.5292035734959909,0.47568596969712995,-0.0047641009209810365,0.5355068295918879,0.4497764582137477,-0.007902066439577658,0.5381469122633813,0.43095450384255873,-0.010187203615473199,0.5332571498500814,0.46458695687317964,-0.009674923320547204,0.5570191487458985,0.45780496758404554,-0.015379360904248655,0.559417549209635,0.465163109530255,-0.017205153639340155,0.5576797346194808,0.4687883440352485,-0.01797587729338797,0.5357338819592559,0.4783448601030189,-0.012062698081776185,0.5619645141937826,0.47462725032538466,-0.01612305260210547,0.5641595784441593,0.4814875877427721,-0.015720302097252847,0.5627407545967033,0.48366628076629764,-0.015779784910803115,0.5387513929568503,0.49529510365312857,-0.014419966898185773,0.563804283311759,0.4934607727757676,-0.017854250310543746,0.5655011200354629,0.49887763945932745,-0.01603042049814862,0.563948866611509,0.4997099364611847,-0.015135980904996016,0.5422519673526033,0.5135892458476076,-0.016838660955348708,0.5622298860591356,0.5130894221539505,-0.019014121390746833,0.5626806529403373,0.5164107570028615,-0.017633620899874396,0.5605417990846561,0.5160201735274932,-0.016705003128946728
0.518515497946508,0.5374954177696664,-5.640871297190304e-09,0.5203570932063835,0.5075525090977092,-0.0016790911800498413,0.527244663418276,0.4736211540575028,-0.004893390037287288,0.5334184641452432,0.4473420905006459,-0.008013862508138294,0.535770668289661,0.42809917815660176,-0.01024725980544278,0.5315654631085031,0.46287419040013544,-0.00978439087442963,0.5554863311768826,0.4565168439052147,-0.015480151916947184,0.5572792076324907,0.4643088902022147,-0.01724283543927564,0.554933052083332,0.4680025186152678,-0.01797838539695292,0.534119715788752,0.476821355517657,-0.012116911466367298,0.5604911314194797,0.4735668572617826,-0.016126476513251917,0.5619876765283922,0.48082105417093296,-0.015611506809402303,0.559936240201596,0.48301731588730484,-0.015623512717665355,0.5371859173179431,0.49389321022535926,-0.014430522583918082,0.5623897868297532,0.4925565931882464,-0.017825400746759645,0.5633957863767594,0.4983095059069626,-0.015881580383145227,0.5612303204280564,0.4990961199101093,-0.014935412300747205,0.5407403335704197,0.5122517749529958,-0.016816249616383318,0.5608983910713541,0.5121579217024438,-0.0189687416173394,0.5608366647122967,0.5158168203598857,-0.01754223416599374,0.5581737659382382,0.5154524142055484,-0.016602489041175762
0.5172953410119664,0.5360135999951016,-1.1384963828246857e-08,0.5187594247422996,0.5060600611150741,-0.0017333495484945425,0.5255231972020394,0.4718227967958037,-0.00495936111977652,0.5315915142799944,0.4452385176869594,-0.008065602501357644,0.533731367331837,0.42565802874706843,-0.01025378332652225,0.5300415301502753,0.46139010438586325,-0.009912601224567621,0.5540613061659523,0.4551635852949383,-0.015575018648283638,0.5553659516097252,0.4633004891907522,-0.017245165268963445,0.5525095456674994,0.4671581542341945,-0.017915402666343182,0.5326858305673379,0.47549897977875194,-0.01220970726573623,0.55919628920285,0.47236737871012474,-0.016144858437572653,0.5600949681785042,0.47994197114388815,-0.015492971014240702,0.5574532080910402,0.48221223817136993,-0.015435857963830643,0.5358356440780986,0.49262516508070525,-0.014486972101154787,0.5612213822359015,0.4914043340159828,-0.01780609989165152,0.5616140991631781,0.49745189172470866,-0.01571153700357648,0.5588679148074004,0.4982748911343435,-0.014696384577005993,0.5394705035036707,0.5109904763737311,-0.016839635018591967,0.5597693891814708,0.5109994584127907,-0.018934659462747142,0.5592510475098349,0.5149939597729144,-0.017423501544816925,0.5560999999570114,0.5147246190337401,-0.01644869194572292
0.5162960706149778,0.5348361461693469,-1.6181840746067216e-08,0.5173611799821508,0.5049351670967597,-0.0017321080619500239,0.5240175178799832,0.470383555606629,-0.0049334671476936,0.5300338451180688,0.4435276049466193,-0.007999348962307046,0.5319882374253248,0.4236221412764229,-0.010125407157330102,0.5286227245684393,0.46004891841854656,-0.009960701666469203,0.552761029743024,0.4537673654505707,-0.01558511982407973,0.5536765830433501,0.46224492130397304,-0.01716636223465232,0.5503947061557608,0.46631660542613285,-0.017770193742748838,0.5313791356689423,0.474233843157837,-0.012245739810738275,0.5580486874221376,0.4710106510012751,-0.016100440209424947,0.5584451202428216,0.47894904849520364,-0.015312895135415285,0.5552895968203349,0.48135647712262525,-0.015179525085361563,0.5346274232040762,0.4913685746236638,-0.014509069613986812,0.5601902942371111,0.49005921477094055,-0.01774900818735437,0.5600492723840731,0.4964829627927557,-0.01550823545566826,0.5567926582949666,0.4974063807869574,-0.014422621535399804,0.538347660801727,0.5097137079535337,-0.01684791248508761,0.5587959095106827,0.5097009505473884,-0.018880094613451817,0.557868816204339,0.5141107166440014,-0.01728155801622239,0.55427464885522,0.5139962986988439,-0.01626651780676823
0.5153918557365322,0.5337706975468934,-2.052241512136821e-08,0.5160959431457096,0.5039172785341648,-0.0017309846717161825,0.5226550661859531,0.4690812221232741,-0.0049100363376846255,0.5286243491136304,0.44197944264720584,-0.007939397785989039,0.5304109226151573,0.4217799174425673,-0.010009242761215486,0.5273388827568696,0.45883531266172145,-0.010004226557588055,0.5515844420133694,0.4525039609099551,-0.015594260126316387,0.5521479155300342,0.46128976423006046,-0.017095055332831236,0.5484810405875606,0.4655551088827741,-0.017638797806681115,0.5301967400207986,0.47308905255927114,-0.01227834476270853,0.5570102511712711,0.4697829819098677,-0.016060247261763947,0.5569522139632872,0.478050577536,-0.015149948960512265,0.5533317989029343,0.4805821202768695,-0.01494757585195584,0.5335341342464207,0.4902315172357998,-0.014529065102634905,0.5592572884037524,0.48884204988912666,-0.017697347326973763,0.5586332996302309,0.4956062031498517,-0.0153242729516417,0.554914810396351,0.49662048741859877,-0.01417490018176536,0.5373316284241931,0.5085583920296846,-0.016855402558228722,0.55791503201762,0.5085259631413631,-0.01883072024118815,0.5566180695439265,0.5133114919488091,-0.017153116854709913,0.552622934134559,0.5133372597789757,-0.01610167296856701
0.5146676212681366,0.5329944316641302,-2.3699403486920674e-08,0.5150125121019059,0.503160558221676,-0.0016915908037535505,0.5214516840067015,0.46803308119309933,-0.004823538986332949,0.5273815671772627,0.4407106660419302,-0.007805027886187058,0.5290973536708102,0.4202431241217261,-0.009807422366864276,0.5261081581005407,0.45778235423338987,-0.010008685616297131,0.5504595855773524,0.4511503025998148,-0.015529606906678053,0.5508389549264092,0.4603374527395265,-0.01690865071366651,0.5469028678038373,0.46492485487360796,-0.01735890781870057,0.5290787617026582,0.4720233251307094,-0.0122826963744369,0.5560659751296871,0.4683975191183552,-0.015982109909624176,0.5557179555263567,0.4771212218017934,-0.014938350557693457,0.5517234043730299,0.47990059395421236,-0.01464635615329687,0.5325298247844066,0.4891288202567111,-0.014527163576241094,0.5584176953247567,0.48744225305442684,-0.01760876313593109,0.5575151551681556,0.4946381956646555,-0.0151064719615459,0.5534586550262351,0.49587307332244057,-0.013886049624027102,0.5364211024110742,0.5074059846717933,-0.016845124763730925,0.5571918265573528,0.5071799833769284,-0.018742146690027123,0.5557725273067883,0.5123693507467962,-0.01698326360326784,0.5515626860253977,0.5126425620218525,-0.015888114390746964
0.514220370076557,0.5324639870309433,-2.20194075269298e-08,0.5141977257369124,0.5026737311169499,-0.0015189277311395983,0.5204471357147569,0.46732299246959824,-0.004567041214766791,0.5263324256149352,0.4398022535133639,-0.007502367857296073,0.5280517494342281,0.41909016579702524,-0.009459319458881683,0.5248718380219005,0.4568253144828368,-0.009890659619068886,0.5492630218479064,0.4495524372470454,-0.015310999760026289,0.5501445007484635,0.4592757869035856,-0.0165129672306718,0.546396583482214,0.46457683598502686,-0.01678698201562305,0.5278745192472886,0.47085940908649376,-0.012205933915013095,0.5550860543393966,0.466759330792717,-0.015802444930205644,0.5550827003744089,0.4762685824868592,-0.014619370786523445,0.5510973993444799,0.4797121018246329,-0.014194369209992478,0.5314146265989147,0.4878582588139265,-0.014472225991437097,0.5575594882013997,0.4856686841809938,-0.017512619262235588,0.5569655833139847,0.49364246226482733,-0.014930097650656208,0.5529139693622535,0.4955865531728925,-0.013613469155261342,0.5353756789614239,0.5060371077523198,-0.016790723526031972,0.5564307710520299,0.5055848307430775,-0.018657112134176854,0.5554714918050612,0.5112331718672107,-0.01685450326139689,0.5514825233404307,0.5119890565299348,-0.015696741352973193
0.5138281487112565,0.5319506166063629,-1.9130358230013228e-08,0.5135560344893391,0.5021298853785436,-0.0012978202883503558,0.5196266802890708,0.4667234909941234,-0.004305287646933731,0.5255116085645368,0.4391159907548683,-0.007228757383008235,0.5273625108073473,0.41816815292502246,-0.009178391394338004,0.5236826517664709,0.45613371312375567,-0.009973960015776792,0.5480735682031792,0.44790150590151667,-0.015247072064677191,0.5496945321497847,0.4579593605460106,-0.016176506242422502,0.5463471051961543,0.4640708358282101,-0.016205500295868508,0.5266990505383234,0.4699308317505155,-0.01233086671233308,0.5540965136939753,0.4651234316238597,-0.015811447644138027,0.5547973952684716,0.4753648229812234,-0.014439612873372717,0.5511196473816835,0.47961702036730197,-0.013855499376183989,0.5303415382167106,0.4867601554026176,-0.014591196673120345,0.5566829408429823,0.4837098832008315,-0.017535949452702683,0.5566824921074639,0.49234435737806975,-0.01482899520937587,0.552876660974974,0.49516136748662065,-0.013398390649099243,0.534404521366868,0.5047746061023383,-0.016877977233401318,0.5556960714083379,0.5036974420330423,-0.018684027300059407,0.5553591815465717,0.509515843263815,-0.016838077503033764,0.5517106772516166,0.5106908026677416,-0.015616791009892555
0.5137219980030132,0.5315920506948225,-1.1990337894443964e-08,0.513263686495126,0.5017176106049986,-0.0009374141599269328,0.5190752494317354,0.4663787203459255,-0.003875630508706107,0.5248943292657197,0.438763046934438,-0.006790587846980933,0.5268164000077388,0.4176523722126625,-0.00877442001944638,0.5225226724304846,0.4556322692653623,-0.010045906984329476,0.5467468960352366,0.44611420260966933,-0.015263755178874754,0.549366444695493,0.4561987919069633,-0.01602560048355397,0.5467776174912359,0.4629358766392673,-0.01588074249583216,0.5254087728078569,0.46896981099427276,-0.012534061709305867,0.5530121313553008,0.4632216903467305,-0.016030263949430662,0.5547414916739705,0.4739239469459042,-0.014567083076413854,0.5516881081957091,0.47899606652468807,-0.013853261438702006,0.5291126664839169,0.48548972494493586,-0.014865757404770523,0.5557132713956185,0.48149618239045017,-0.017797570773505172,0.5566549794703218,0.4906693188793959,-0.01503645989283265,0.5534899037114022,0.49437714147935075,-0.013506417112476613,0.5333117861999623,0.5032788836384078,-0.017187509303858872,0.5547850451599837,0.5015620475138253,-0.018955552567003556,0.5552859439177854,0.5073870991014262,-0.017093905643197963,0.552307119889943,0.5089686260001579,-0.01581264205459119
0.5136259448726089,0.5312675933376394,-5.529511436177817e-09,0.5129991480810513,0.5013445534371184,-0.0006112916363482002,0.5185762733916773,0.4660667459787358,-0.0034868444722273148,0.5243357686120377,0.43844367686738683,-0.006394099153878957,0.5263222379553313,0.4171856551003207,-0.008408876390070447,0.5214730360383236,0.45517852521487223,-0.010111010003112427,0.5455464234537527,0.4444969164040002,-0.015278851313136015,0.549069566534691,0.4546056972223325,-0.015889049623223007,0.5471671773378396,0.4619088803546146,-0.015586877256184233,0.5242412326458239,0.4681002072624816,-0.012717927798046412,0.5520309008019811,0.4615008520602001,-0.016228265370756022,0.5546909059045343,0.4726201341310168,-0.014682427686336885,0.5522024942191561,0.47843418086790135,-0.013851236384848375,0.5280006910788193,0.4843401440854126,-0.015114200568245764,0.5548358416787743,0.47949305969692685,-0.01803430538657998,0.5566300839706412,0.4891536182872094,-0.015224189514463554,0.5540448117803773,0.49366751490983124,-0.013604167566954244,0.5323229973805451,0.5019254416571513,-0.017467597160266163,0.5539606802124192,0.49962978223162924,-0.01920124901411608,0.5552196730127228,0.5054608515613841,-0.017325398151490673,0.5528468259688375,0.507410271253701,-0.015989862783944635
0.5135313631012675,0.5308859692928314,2.269553056601063e-09,0.5129603234425403,0.5010020930255282,-0.0004902654839083082,0.5183028989240258,0.4658015485286278,-0.003339402190528811,0.5240257423189577,0.43833343004650277,-0.006234194852639482,0.5262691288490768,0.41712640280772273,-0.008282850676070253,0.5206843447306101,0.45462866275311886,-0.0101333616442664,0.5444958943716043,0.44296505872875336,-0.015333608454357042,0.5488858864753274,0.45278832557814735,-0.01594399976683017,0.5477468783837599,0.4603013479414639,-0.015613532634746593,0.5231342472955738,0.46712285032778295,-0.012781497156439675,0.5510364215193212,0.45957382762110316,-0.016435681603667013,0.5547424103568752,0.4706382274685685,-0.014932875578956149,0.5530044968058075,0.47699337695215177,-0.014047546676541262,0.5267695848324607,0.48307952850063157,-0.015201602828313444,0.5537904972771155,0.4772057499093425,-0.01827404824199753,0.55656694325153,0.48691869668012205,-0.01551664663478292,0.5547243733819958,0.49197493718377483,-0.013836791193578203,0.5311316128530966,0.5004630527282511,-0.017559180754001476,0.5528954502290937,0.49752405260242827,-0.019445024738106838,0.5549216445691615,0.50324875989677,-0.017644579612235114,0.5531924474693584,0.5054706894759406,-0.016275998740797323
0.5137800352726712,0.5304018483672575,1.2478187025125367e-08,0.5132920336955079,0.5006547566940789,-0.00032487452660600756,0.5183621283307244,0.46563845029570194,-0.003142273187533761,0.5239942853967856,0.4383617928865376,-0.006071515888992652,0.5264991797087595,0.4173279714973008,-0.008209108947901701,0.5199531973598166,0.4539884543885432,-0.00992337744195702,0.5433579410343349,0.441325542976883,-0.015297131880972765,0.5486154324215238,0.45053552608355873,-0.016135054819848553,0.5484433463923221,0.4578902276257203,-0.015942808585660353,0.5220165352690687,0.4661470232896856,-0.012694247508769109,0.5497894031580204,0.45732741903372903,-0.016692859469950694,0.5546189982151228,0.4681123397878499,-0.015425781102935614,0.5538626461838132,0.4748238744778182,-0.014579862582631702,0.5255081930845057,0.4818372159918318,-0.015237166243432129,0.5525621344102806,0.47462833291853507,-0.0186113602940324,0.5563883371253792,0.48419806284112177,-0.016004125244115354,0.5554089236237847,0.4896687231152892,-0.014285075914457636,0.5299095322116267,0.4989598820864929,-0.017705639541555337,0.5517141440106522,0.4951175030310775,-0.019797272120029213,0.5545120048929159,0.5006721412042533,-0.01808488984214239,0.5534620382402569,0.5031723301783608,-0.016678486262580772
0.5138554582197252,0.5297635813603933,2.259501406984264e-08,0.5136484296475172,0.5005847222788639,-0.0002986042346184873,0.5187765778446363,0.4659531666908474,-0.0031978320006331236,0.5247194338668699,0.4390889900198928,-0.006249782586452994,0.527919308063378,0.4184881408607415,-0.008581701543027202,0.5193781738330245,0.4536265576187436,-0.009947977098449095,0.5422121274697387,0.43953199629100076,-0.015594115939358257,0.5483242178834681,0.44778969136425817,-0.016742455199071308,0.5490743737297806,0.4547452616722087,-0.016741962318872275,0.5211105430447258,0.4653176248358783,-0.012815190501373967,0.5485236089449198,0.4550622203387075,-0.017260440924057516,0.5544987471044165,0.46516206878070293,-0.01629622516551549,0.5547663510784946,0.4718824520826666,-0.015538890844769728,0.5244704139863166,0.48058762643967595,-0.015461796305635163,0.5512804548111573,0.47208383745621246,-0.019281629732785657,0.5561436627156917,0.481236187558345,-0.016906656412592355,0.556093837604319,0.48683536745399736,-0.015189473110382252,0.5288853085820522,0.4973043531764134,-0.01802106921281443,0.5504878870943862,0.49249403889597115,-0.020452723917508027,0.5540953323641905,0.4977498719482835,-0.0188745658065126,0.5538498859468253,0.5004322785634119,-0.017451564548687674
0.5139237065648258,0.5291860294527547,3.174947873132187e-08,0.5139709234624004,0.5005213498819315,-0.0002748329021064748,0.5191516028808758,0.4662379457134612,-0.0032481057859715242,0.525375602645319,0.439747012582679,-0.006411091678227126,0.5292043468190724,0.41953794920401,-0.008918851296613857,0.5188578493743509,0.4532990862509333,-0.00997023671453681,0.5411753093310698,0.43790906059366713,-0.01586284941236275,0.5480607051056222,0.4453050539583805,-0.01729207666461443,0.5496453746410009,0.4518994603596311,-0.017465096615568377,0.5202907332600313,0.4645671228452736,-0.012924628801244169,0.5473782233075737,0.4530124984928021,-0.01777403123662939,0.5543899348712332,0.46249244207290857,-0.017083868304561028,0.5555840911155833,0.469220832263342,-0.01640669161830245,0.5235313535438674,0.47945690399616653,-0.015665058450698457,0.5501206948838944,0.4697813869262027,-0.019888139843476954,0.5559222629401345,0.4785560604307347,-0.017723334374090228,0.556713599195897,0.48427153452890626,-0.016007839593612388,0.5279585141453234,0.49580630632472844,-0.01830649366120719,0.5493782777715983,0.49012013158201445,-0.021045825913894933,0.5537182957772483,0.4951055833272705,-0.01958912390638853,0.5542008396705691,0.49795287414453554,-0.018151103823150022
0.5142717410652038,0.5288462426374959,4.092479476140774e-08,0.5146612877882057,0.5003194690152319,2.098181907348953e-05,0.5197648659396381,0.46640560018023974,-0.002975921896603994,0.5261164813224409,0.44037373007294595,-0.0062746698717483325,0.530405661907037,0.4205502350201211,-0.008995346432556681,0.5184168897048914,0.45289282362400335,-0.009799994262839057,0.5400566799472151,0.43626620002117134,-0.0159481673177692,0.547704824256864,0.4425847607236184,-0.017698903301160345,0.5501595417051858,0.4487497537931977,-0.018077890341755748,0.5195717461227131,0.46385556636855796,-0.013009156143498705,0.5461970571794764,0.450879997009267,-0.018218508512621436,0.5542092827086298,0.4594937374031447,-0.01781179589228038,0.5562583410427682,0.4660423601034913,-0.01725901360111408,0.522706914519459,0.47848212541914853,-0.015994134057601212,0.548940583139302,0.4674608251315319,-0.020529530455833167,0.5557026688640768,0.47568473377420994,-0.01852437609045586,0.5572314509491328,0.48140914790392353,-0.0168230098267416,0.5271364313577614,0.49457721655677384,-0.018855636064592386,0.5482768169571359,0.48763775680750554,-0.021774303339804783,0.5532941289576283,0.4921643275688764,-0.020334489256991325,0.554350778734147,0.49509610473404697,-0.018850518309019206
0.5146078288298583,0.5288270861099176,4.906794645995248e-08,0.5159165124053972,0.5001967085830361,0.0004036856886571927,0.5209101183717799,0.4666599286520246,-0.002537681372467911,0.5270163329677506,0.4411093118085089,-0.005928962234879114,0.5314614835921624,0.42165973480664504,-0.008840496658762598,0.5181213460607932,0.45254622213460594,-0.009437896954013422,0.5390805545980256,0.43462944380050483,-0.015789070348495332,0.5474139128869381,0.4397035983152769,-0.017865565673670224,0.5507276504210171,0.44524007917219377,-0.018484016126114496,0.5190226492312026,0.4631831969582413,-0.012960219608899416,0.5450216498382148,0.44852028862009413,-0.01847255041594448,0.5539448967469197,0.4559143450911299,-0.018397387491862538,0.5568649490079602,0.46205053930448253,-0.018033756665023527,0.5220581897870996,0.4775366492201757,-0.01624815220804749,0.5476501239916232,0.46489081419216177,-0.02105896472270775,0.5553521977871302,0.47213737437789793,-0.019299314887080966,0.557712629244296,0.4775766627386018,-0.017708503991931208,0.5265031062614115,0.4933797829285719,-0.019383909990546257,0.5470672622722893,0.4850696694287029,-0.02252604832781375,0.5527671803415688,0.48883259849149546,-0.021196225148319064,0.5545314510806892,0.4916178257494503,-0.01975256104494688
0.5151667510021488,0.5291807042145081,5.655386154587728e-08,0.5176194926937815,0.5001980454155042,0.0006015805023364496,0.5224826526661638,0.46686751500644696,-0.0022593841652755083,0.5282237362728145,0.44164054222768045,-0.005685392078495127,0.5326232315358025,0.422486546392331,-0.008708339605431412,0.517951137538314,0.4523301414938344,-0.009078980321210697,0.5382798763431146,0.4330967623997554,-0.015657288066927524,0.5472533901145928,0.43685583371999914,-0.018102032475991386,0.5513951166373315,0.44173457798054877,-0.01898925346616003,0.5185880348300396,0.4627067079007152,-0.012811378528497524,0.5439169350067221,0.44636280717484206,-0.018723602391378574,0.5536684036505055,0.4526804713834362,-0.019084190635868636,0.5574129575956206,0.45846966138128337,-0.018954666760054334,0.5215462272409349,0.47681952465677957,-0.01631905019709293,0.5464074751008849,0.46260196518283186,-0.02144781699702519,0.5549503401198493,0.468748436249438,-0.020040020659281548,0.5581143110027097,0.47378680623131525,-0.018621105168371604,0.5260169795552806,0.4924348526380759,-0.0196683467142486,0.5458584501170674,0.48268697804325283,-0.023036411509087067,0.5520619009072124,0.485321055396604,-0.021908097073904648,0.5544677842941332,0.4875593831441676,-0.020583971603130226
0.5156725057464114,0.5295006844244914,6.33276795433607e-08,0.5191604771151126,0.500199255081888,0.0007806505873057039,0.5239055997584953,0.46705535472510235,-0.0020075599582024483,0.5293162854326947,0.4421212393946789,-0.005464991514231998,0.5336744682969522,0.4232347075904426,-0.008588753981486471,0.5177971200882547,0.452134615507156,-0.008754205605097966,0.537555362544727,0.431709877197661,-0.015538041564611213,0.5471081370584417,0.43427896250964326,-0.01831600539219266,0.5519990901818997,0.4385625373162335,-0.019446430143656133,0.5181947630898753,0.4622755448276071,-0.012676695944255164,0.5429173060873771,0.44441055598372675,-0.01895077306723846,0.5534182119383136,0.4497542196598558,-0.019705661684390686,0.5579088369091395,0.45522941419112156,-0.019787975354151645,0.521082965092027,0.4761706165115211,-0.016383204020462415,0.5452830330889175,0.4605308427569213,-0.02179967972908935,0.5545867091318126,0.46568187059601746,-0.020710266852696967,0.5584777828151966,0.4703574595285714,-0.019446895229111093,0.5255770956141391,0.49157980876773283,-0.019925726416802642,0.5447646261237903,0.4805309399899283,-0.023498226432564124,0.5514237111240179,0.48214354756461714,-0.022552252238114485,0.5544101738056806,0.4838869995750423,-0.021336294296839267
0.5162186632189097,0.5300501114909082,6.738729045292526e-08,0.5207611233297892,0.5001722809023498,0.001247662434285918,0.5252925709022493,0.4673014841298255,-0.001332079225095711,0.5304503952441177,0.4426492106057009,-0.004766703295344871,0.5347647035275254,0.42391745494845223,-0.007965680722167745,0.5178525198307538,0.45205466666508987,-0.008006499342756277,0.53688631909248,0.43053227928293175,-0.014908423264377428,0.5468593175135642,0.43179355635954675,-0.01797897072792149,0.5523604436145301,0.4352330326096166,-0.01935914671563655,0.5180375004316832,0.46181133320685186,-0.012281271135085457,0.5419326512850839,0.4422887770931318,-0.01883728906691763,0.553015128998924,0.44645406641651153,-0.020013813752138447,0.5581834348460225,0.45139941837458464,-0.020363870690079756,0.5208055632575707,0.4753710388941117,-0.01634756015349903,0.5442181589486345,0.4582591688707541,-0.022019122801302866,0.5541681863536103,0.4624057738894793,-0.021318844219584628,0.5587227083706944,0.4666542084592404,-0.02029133165947898,0.5252654646792516,0.49056231840949927,-0.020224016893432287,0.5436592487227419,0.4782640716092773,-0.024037672211221228,0.5507020098437551,0.4787852000146921,-0.023370759592321072,0.5542486260275804,0.47988730403496566,-0.022362372756688176
0.5166595648950403,0.5303685028076082,7.089346474498639e-08,0.5221824911857599,0.500874346779521,0.0014901787613026275,0.5265516661633991,0.46820924760340893,-0.0008661499179469995,0.5314674547406453,0.4438075973684653,-0.004196386513502101,0.5358568828946351,0.4252906806012487,-0.007358117124112927,0.5181131045495458,0.4522128520584357,-0.007201816490834176,0.5363057241028517,0.4295058820333374,-0.014016231248577425,0.546553864296299,0.42938523060108785,-0.017237964682761755,0.5525423139073907,0.4318573371444157,-0.018792769945952616,0.5181203712711846,0.4613254692997613,-0.011628303807220741,0.5409319323673674,0.4399829340623543,-0.01818284073330944,0.5523840009831519,0.44271652607720124,-0.019668201448191678,0.5581477199202892,0.44688450680357245,-0.02025719728568334,0.5207444110931972,0.4742792108336191,-0.015869811999268756,0.5431580340388965,0.4554489172968065,-0.021597502984526368,0.5535874234223586,0.4584455530297045,-0.021260765910451423,0.5587381896436202,0.4622025875239276,-0.020498426993795123,0.5251178539389775,0.488951526268271,-0.019914369932652425,0.5427217405527417,0.47540908703910506,-0.023857307252419843,0.5500606686584985,0.4748913215406371,-0.023460276476992566,0.5540733929673388,0.47540926424431784,-0.022674194677288546
0.5172177872947276,0.5306398583284103,7.484796891378344e-08,0.5236737823837475,0.5013553624044194,0.0017074839417512634,0.5279729875950325,0.4688903304396077,-0.0004663623283910939,0.5326972119647359,0.4447945040352982,-0.0037121885002993843,0.5370817618370598,0.42634610112032834,-0.006839135198620623,0.5185342667889844,0.452281776925238,-0.006443741543597689,0.535822593155939,0.42858539027248055,-0.01316076888442172,0.546231558215968,0.4270959923262969,-0.016503830557038603,0.5525686973123987,0.42855562107427964,-0.018200574939737046,0.5182897853296979,0.4608020278962377,-0.01100839651332584,0.5400163200293155,0.4377301080294336,-0.017478010273647974,0.5517339898109282,0.43906338780086757,-0.019202848602821527,0.5579613628790794,0.4424063596125341,-0.019992551052288303,0.5207023492295848,0.47323470838708204,-0.0154130219783307,0.5421066631208448,0.4527570484181315,-0.021101599391628586,0.5529207876975175,0.4545041419116411,-0.021038122590614078,0.5585651543533718,0.45761905839817435,-0.02050026453429248,0.5249614123339561,0.4874836782633838,-0.019617392945401067,0.5417288873499551,0.47272813507935535,-0.02360285134404801,0.5492624412389869,0.4711856376231259,-0.02339308990356761,0.5536122950979447,0.4711179709243571,-0.022779420416943457
0.5180572450697482,0.5308108705094429,7.756369794315135e-08,0.5252569330424776,0.5021269648331416,0.0017328638476044656,0.529524184501985,0.46975530941096627,-0.0003007712477965509,0.5340567988179356,0.4459331904844521,-0.00345873653214936,0.5385425134239997,0.42767057469375647,-0.006527218204157391,0.5193068547036148,0.4521838802883362,-0.0057220674460802595,0.5356348950387261,0.42767705922384236,-0.012331828145726495,0.5460162961965154,0.4248216150810247,-0.01580181913420524,0.5525557734302432,0.4252701980128154,-0.017640141183842842,0.5187707523393333,0.46016605561520624,-0.01031306989844661,0.5392686011358423,0.4355639810860484,-0.016704405317721816,0.5510723121531844,0.43549790025346347,-0.018691599953157535,0.5576774132014494,0.43802410066169095,-0.01968134864251749,0.52088861758388,0.47205231056002367,-0.014786718325914208,0.5410618243493431,0.45010638014674,-0.020428843816373755,0.552123167892014,0.45060042083380375,-0.020648294624666913,0.5582161600702619,0.45305009724346423,-0.020333443214741433,0.5248930958270416,0.485833885863932,-0.01907698693646314,0.5407443763238456,0.4700533032531787,-0.023082836697179494,0.5484049069913729,0.4675509637101255,-0.023058356506188156,0.5530774032984546,0.46686364501339467,-0.022612202825910283
0.5188168494894208,0.5309656151700983,8.002109346050217e-08,0.5266894866183252,0.5028251686410378,0.0017558294918937124,0.5309278239241996,0.47053800732516654,-0.0001509320058229064,0.5352870550778098,0.44696355947397914,-0.0032293941626933844,0.5398643111302108,0.4288690578218576,-0.006244972289454372,0.5200059502531491,0.45209529606138105,-0.0050690425407787535,0.5354650516902674,0.4268551330953311,-0.011581740330119484,0.5458215109598668,0.422763587793745,-0.015166586493192703,0.5525440789313694,0.4222973005637196,-0.017133018645248833,0.5192059673997058,0.45959058014778453,-0.009683886173553171,0.538592008943768,0.43360390679913524,-0.016004389472865675,0.5504735765310045,0.4322715794308001,-0.018228983791401376,0.5574204742147479,0.43405870375161004,-0.019399749337693777,0.521057167175507,0.4709823882340047,-0.014219991759564928,0.5401163757844545,0.44770785648783956,-0.01982008406272161,0.5514014216082728,0.4470680409188981,-0.02029554901356317,0.5579003638411015,0.44891575816209134,-0.020182490760196032,0.5248312779225167,0.48434102983774885,-0.018587987006958906,0.539853516832276,0.4676329145957566,-0.022612288403018904,0.5476289456221519,0.46426203786949477,-0.022755464597116016,0.5525933930396546,0.4630140115227581,-0.022460891795176567
0.5195853383534245,0.5314197515069469,8.079950503880967e-08,0.5281285193966668,0.5038040947089941,0.0018667727448332901,0.5323794693639641,0.47166241804567266,0.00011080391829621715,0.5365948171362218,0.44837535184917693,-0.0028600352520620617,0.54134553423876,0.4305367427665468,-0.005812701890164711,0.5207148213853616,0.4524552718995497,-0.004522261921945487,0.5353233451486971,0.4266830249816106,-0.010941927936295113,0.545659355663081,0.4215782410127566,-0.014606327200487915,0.55259656302593,0.4203796992016987,-0.01667921552015757,0.5196417058072536,0.45944184803740507,-0.009216149795705312,0.537826577179475,0.43210208180773846,-0.015453211647361985,0.5497008384036356,0.4292381491982223,-0.017863843738427098,0.5569556699114275,0.42992554803666533,-0.019194571337172915,0.5212383504499815,0.4704333914307456,-0.01385846815701507,0.5390168990348,0.4456118811246882,-0.019464670443629865,0.5503208105500492,0.4434178520927804,-0.020233167513519737,0.5571111160518211,0.4441646668953243,-0.020351233119450286,0.5248188624953565,0.48351616571880757,-0.01832367200919855,0.5388904407934307,0.46579736563485563,-0.022428549171222344,0.5465746068053441,0.461255733334478,-0.022790460375565376,0.5516777022044275,0.4590470319638179,-0.02269132443321147
0.5204446809018871,0.5322998769945061,8.038368437468009e-08,0.5296144933765149,0.5049674698381855,0.001974220564525166,0.533908244722249,0.4730779152090095,0.00032686154282881436,0.5380766526319803,0.4501374103182589,-0.0026088435469491258,0.5429336301846016,0.432456796597983,-0.005590989223697084,0.5217855340349807,0.4533834872763148,-0.004069143024983748,0.5352232694207024,0.426765506113848,-0.010465645261572766,0.5453697215396776,0.4205236521436275,-0.014242968457356803,0.5524409251968562,0.4184180939147174,-0.01642560489534979,0.5204542565404194,0.4599191157581052,-0.008898782866776324,0.5370596871998196,0.4312145859304307,-0.01515280413335467,0.5488176984696552,0.426847701262609,-0.01783930126326844,0.5563206449479147,0.4265728457505582,-0.019374764955238034,0.5217025588951832,0.47051619660839633,-0.01370161224506663,0.5378301976417507,0.44425566802715033,-0.0193402645479308,0.5490723518094939,0.4405737625034636,-0.020426495588893333,0.5561348265124216,0.4403586527475432,-0.020783752652055815,0.5249651545603542,0.48328251447742376,-0.01832288912131697,0.5378112156115707,0.4644089604278279,-0.022481158876409304,0.5453404694593548,0.4585885244568021,-0.023043538935594014,0.5505604624319425,0.4554078760565101,-0.023130130992263888
0.5213903170039358,0.5329238933638094,8.21804805998968e-08,0.5309676813970109,0.5064123197363701,0.0016917351737425605,0.5354765925228854,0.47474753046963974,9.005175818552598e-05,0.5396559077086829,0.4519185851774584,-0.0027768114362100777,0.5445455689772327,0.4342321937026499,-0.005724095320954003,0.5233724072604595,0.45395384279142825,-0.003658207517661682,0.5357810082890813,0.4268272677559671,-0.00997800603563248,0.5454788123342413,0.4194270554503083,-0.013848328280388785,0.5524222728030453,0.4162693215445803,-0.016124307182500134,0.5216882990939102,0.4598243728073449,-0.008384329431921241,0.5368595210347861,0.4302665793730192,-0.014536756490345179,0.5481276954716056,0.4243994435051352,-0.01741436918719012,0.5555747960915661,0.42292890126362265,-0.019100450191023733,0.5223955862667038,0.46991892013517494,-0.013159852919067438,0.5369795138663376,0.4427537557257117,-0.018760193545415377,0.5478053789706211,0.4376198580025983,-0.020057947373315423,0.5548831359269402,0.4361404849832436,-0.020583959073791264,0.5249968220679312,0.4824163023707637,-0.017788139524477352,0.5366379859340805,0.46283183061083205,-0.021984701203607942,0.5438738802832251,0.4560666111978338,-0.022664314243020428,0.5491031891661066,0.4520320206649137,-0.02285031895540909
0.5222459995455627,0.5334885502246732,8.380635672438927e-08,0.5321921475126431,0.507719728400728,0.0014361211837165227,0.5368957513613605,0.47625832370887844,-0.0001242315141712441,0.5410849362694394,0.45353032591715725,-0.0029288013931111955,0.5460041722179904,0.43583870629626525,-0.005844539711095294,0.5248083292941844,0.45446994328267,-0.003286362218409359,0.5362856922911245,0.4268831543266987,-0.009536753453010497,0.5455775258754842,0.4184347724318763,-0.013491228219462064,0.5524053947167403,0.41432495097848915,-0.015851670391075795,0.5228049534457895,0.45973864227238315,-0.007918813339915235,0.536678395660583,0.4294087518654109,-0.01397931033130831,0.5475033289549062,0.42218407607580966,-0.017029858741692366,0.554899896049481,0.419631586711679,-0.018852229597351222,0.5230226894635837,0.46937845953986473,-0.012669628406681796,0.536209751318684,0.44139471271475694,-0.018235301751752746,0.5466589268241874,0.434946943436892,-0.019724457277987467,0.5537505123107364,0.4323235700983899,-0.020403170844069736,0.5250254772063209,0.4816324886231613,-0.01730425794131193,0.5355763596381173,0.46140472514461844,-0.021535469028194462,0.5425468002880406,0.4537845947408463,-0.02232116326973795,0.5477845389059759,0.4489772932540334,-0.022597124016727074
0.5232263517319797,0.5342282514140099,8.479079344315268e-08,0.533431796834855,0.5092122210206014,0.0011464353627293408,0.5383043441701872,0.4778153866039177,-0.0003790702349369883,0.5425830687300729,0.45504638151302856,-0.003103929807583069,0.5476322353366877,0.43732983776983747,-0.0059627496182621635,0.5262619313168673,0.45513845754545246,-0.003055384956699823,0.536966754052138,0.4271159662056009,-0.009271718248963712,0.5459455979624191,0.41781861978723694,-0.013295824771572852,0.5527257171095799,0.41287858999184335,-0.01571881107156758,0.5239836683911809,0.4598072790636137,-0.007555054677553019,0.5367734265614751,0.4287756330850402,-0.01351734615818759,0.5471053901308147,0.42018899339035604,-0.016668017563571027,0.5543551479489565,0.41632050146919386,-0.018581046211567188,0.5237202861082006,0.46900052866553404,-0.012242641879098438,0.5357088404908041,0.440094188372127,-0.01777299074182443,0.5456536507596226,0.43228214568333584,-0.019395279509551732,0.5525966678436603,0.42832359556601785,-0.02018453079156188,0.5250872969127784,0.4810317198835653,-0.01684886327941139,0.534542732003009,0.46010922545205024,-0.02113785491881517,0.5411654804949126,0.45157806649852444,-0.022023370291126505,0.5463124404080565,0.44584279235388047,-0.0223768273577218
0.5242918169740627,0.5348627981576702,8.640623370746432e-08,0.5346754158466881,0.5106220020573062,0.0008386431806521594,0.5396871601647668,0.479386540980048,-0.0006822798934451221,0.544085241031315,0.4565663057171506,-0.003340591762112325,0.5492002636112832,0.4389515352080646,-0.006136309901298793,0.527682883888904,0.4558971297719041,-0.002979182526411337,0.5376142425952215,0.42718166986706874,-0.009124670640524798,0.546153919702768,0.4168435084334419,-0.01314247149754234,0.5527141746667834,0.4109152935445123,-0.015575812452989184,0.5251440324334914,0.4600004547325104,-0.007307381984342087,0.5369219791905172,0.4281498679812658,-0.013157071877152907,0.5466727249804794,0.4182250380065174,-0.016334871773661365,0.5536457993751964,0.41305614342433866,-0.0182809483451472,0.5244328471183025,0.4687213906307329,-0.011874295033967247,0.5353020094724869,0.43892485772225165,-0.017314363268637438,0.5446257163158391,0.4298329702666045,-0.01900640163299267,0.5512834048474488,0.42460023179101075,-0.019868894115808975,0.5251909821444547,0.48045071198735917,-0.016397550608041555,0.5336061070323251,0.45905583492134133,-0.020702506903958997,0.5397468341365197,0.44966095141588797,-0.021675040082143045,0.5446341038148194,0.44294786799312347,-0.02209732376437574
0.5252868704924881,0.5354753971775199,8.776896389161338e-08,0.5358370229750312,0.5121012380725567,0.0005353678467808678,0.54102467487982,0.48102849752615795,-0.0009761597843282119,0.5456146215950031,0.45813516900435364,-0.0035627339914760603,0.5508186056196083,0.4405974086585116,-0.006288215650662934,0.5289885130635412,0.4566625014927337,-0.002893862960631081,0.5382036144820096,0.42736417703440877,-0.0089342863716204,0.5463114105709276,0.4161161068179279,-0.012919347322607015,0.5526164366148808,0.409303652847499,-0.015351976445341916,0.5261840436052617,0.4601633393130603,-0.007057427872877057,0.5370308976097616,0.42758839710928237,-0.01279997490908428,0.5462014020669282,0.41637434827889286,-0.016011215299019596,0.5528323283935592,0.40994367791511543,-0.01799680745754764,0.5250478929295278,0.4683946689698445,-0.011506454262887192,0.5348711636009067,0.43787261938760985,-0.016861278685984426,0.5435811684119999,0.4275510698176048,-0.01863636509634407,0.5498934730524733,0.421076154221668,-0.01957931042105273,0.5252328114610858,0.4797839311433129,-0.01594683870471313,0.5326735074515946,0.4579026626568814,-0.02025398024377277,0.5383330465107382,0.4476948136599427,-0.021310871815298588,0.5429245137575904,0.44005652853932997,-0.021802862538936867
0.526187269622615,0.536029722763406,8.900206447332569e-08,0.536888132315928,0.5134397618772776,0.0002609415553802679,0.5422349586119667,0.4825142630839369,-0.0012420843735217598,0.5469985199519041,0.45955479429377594,-0.0037637449586047722,0.5522830029706666,0.44208671852540815,-0.006425671377471636,0.530169944364816,0.4573550672883394,-0.0028166594118883993,0.5387369224140541,0.4275293232216961,-0.008762012391440326,0.546453920132542,0.4154578992243323,-0.012717447817402592,0.5525279958875392,0.4078453193460368,-0.015149432820456731,0.5271251237954668,0.4603107295105949,-0.006831250626761844,0.5371294551728741,0.4270803361101862,-0.0124768467622398,0.5457749137087525,0.41469970526720396,-0.01571834662127402,0.5520962387755771,0.40712728544459914,-0.017739695449710182,0.5256044325559507,0.4680990266814548,-0.011173604316454432,0.5344813019092428,0.4369204751424473,-0.016451293738903226,0.5426359830460099,0.42548623497076526,-0.018301528256371144,0.548635758411042,0.417887304256134,-0.01931727335266468,0.5252706617672361,0.4791805777750293,-0.015539000736020898,0.5318296213332125,0.45685918581409907,-0.019848119647139346,0.5370537453225449,0.4459157046046189,-0.02098134502642257,0.5413775483211604,0.43744022752547457,-0.021536411914591793
0.5271693990952873,0.5366282165431525,8.91739696352461e-08,0.5379797887865166,0.514647341321493,0.00011925951423679497,0.543399734743254,0.48391048972838363,-0.0013532083647881494,0.5482984758464614,0.46101828829344216,-0.003820199637530142,0.5537296563492948,0.44370295747296523,-0.006442163918266313,0.5313328797676121,0.45805283052240914,-0.002694907575425066,0.5392786704133222,0.4277318583842768,-0.008532126889375666,0.546586933122451,0.41489424772111083,-0.012446474552166489,0.5524117261586085,0.40650902606207373,-0.01488106229805147,0.5281082195187778,0.4605030405393051,-0.006646424662438613,0.5372577653469388,0.4265907240685295,-0.01218974748877299,0.5453543803611155,0.41307176141681384,-0.015453863733011336,0.5513392756636324,0.4044050540652348,-0.017513831245826603,0.5262495120887244,0.46790530092437266,-0.01095387897649695,0.5341584911343431,0.4359985816145676,-0.01615523445380467,0.5417032577052833,0.4235121646998409,-0.01809130847761862,0.5473243439857678,0.4148330745618353,-0.01919810452102368,0.5254465907069076,0.4787607506591088,-0.015302342126140843,0.5311104503917392,0.45606391756087594,-0.01963406845444519,0.53582323982054,0.44442502552773394,-0.020864270389384477,0.5397779877256917,0.4351033994876043,-0.02150506326679332
0.5281589141726265,0.5371217150151455,8.993550607022159e-08,0.5390963703283432,0.5155924060030446,-3.0775583370101035e-05,0.5446116463434324,0.48511239632099884,-0.001507978064372146,0.5496714222351652,0.4623664717849484,-0.0039628042434275874,0.5553040022992483,0.44528208990094154,-0.006582497007072081,0.5324765896123554,0.45847705558031715,-0.0025694387437745314,0.5398239449508697,0.42776459473554307,-0.00832483647938078,0.5467705862127025,0.41432700719641546,-0.012220835430522003,0.552407236454497,0.40534567443564035,-0.01466562386273526,0.5290498535723487,0.46051045403141605,-0.0064612383828140055,0.5373152490621175,0.42603791164837324,-0.011909444505095379,0.5448798434858575,0.41147308476211053,-0.015198157860128925,0.5505577264105901,0.4018272174978254,-0.017290277684179244,0.5268568889204934,0.4676262585540777,-0.010741250234538377,0.5337332474183757,0.4350245268643837,-0.015895955127699323,0.5406640038848783,0.4215344424734877,-0.01792259579623526,0.5459232029328828,0.4118428804106317,-0.019106706314747257,0.5256186493939393,0.47836543747169313,-0.01507734844514189,0.5303616695203308,0.45529682800774435,-0.019452694036900635,0.5345405796151842,0.4430118988551044,-0.020769698820022685,0.5381071236133829,0.43291947962503563,-0.02147533606093057
0.529247951032307,0.5375233979963266,8.933600746241674e-08,0.5402525382870502,0.5164754900049959,-0.00013836211073980695,0.5457925408105269,0.4862390796896212,-0.0015803611183400795,0.5509473272680099,0.46362277041352795,-0.004001032735162138,0.5568176286218837,0.4468130569443938,-0.006598759984980387,0.5335177807124705,0.45850375455451453,-0.002253859199029152,0.5403726430303925,0.4277580885228165,-0.007891890108259619,0.5470059929696965,0.41394511084313007,-0.011801880899569088,0.5525153979101609,0.4044758290637902,-0.014297552973260925,0.5298839412176755,0.4600756000066515,-0.006114092949962344,0.5372694590894604,0.4253912266107139,-0.011407752629151773,0.5442929487676494,0.40997907617270424,-0.014731028723763227,0.549677788856217,0.39943943510034086,-0.01688228613062442,0.527390556695547,0.4668933193420502,-0.01040509979974543,0.5332476840727973,0.4339150265999739,-0.0154821308057234,0.5395683334726429,0.4195931700976678,-0.01760680312838907,0.5444844605835037,0.4089955284822243,-0.01888747997716442,0.5258014941015141,0.47759117881867796,-0.014771734560800952,0.5295732870861146,0.45438378777445987,-0.01915778981142738,0.5331959898817743,0.44162605755872736,-0.02054789209854043,0.5363799657320129,0.43089399679509705,-0.021322192717018844
0.5302243725551764,0.5380153165395194,8.860227307428437e-08,0.541327063955041,0.5173154789461951,-0.0002603600712768659,0.5469738541601114,0.4872425784642532,-0.0016635815891428492,0.5522362382604089,0.46472223319587386,-0.004046916280633175,0.5583120882551394,0.4481941526266256,-0.0066120870475041395,0.5346136619115209,0.45865479169132245,-0.0019314598668921613,0.541033992547886,0.42788966195794365,-0.007451267629142168,0.5473246026562045,0.4137482861710234,-0.011365185158929458,0.5526479078565982,0.4038355125394144,-0.013899314484103052,0.5307193007967966,0.45975722610246855,-0.005748136963868439,0.5373083445062204,0.42481222910900185,-0.010904704591493685,0.5438120608652907,0.4086169565573125,-0.014249184820739879,0.5489026983023514,0.3972703563599189,-0.016431392985438564,0.5278887283713245,0.4662303844097366,-0.010039409986356286,0.5327586020016425,0.4328986957678102,-0.015043097144953362,0.5384575885266517,0.41782003621892894,-0.017236195479171497,0.5430083825439105,0.40639488546926417,-0.01857622255459146,0.525926683851658,0.47680531903592693,-0.01442938613383064,0.528766510757639,0.4534558061025761,-0.018799595381762277,0.5318131707774776,0.4402851050924069,-0.020222348868990245,0.534588113875664,0.42898645024340426,-0.02102840006205273
0.5311079120568706,0.5384604413696741,8.793833511257163e-08,0.5422993754527068,0.518075564004905,-0.00037075298533703247,0.5480427951694916,0.48815061949624877,-0.0017388857191539904,0.5534025416952264,0.46571710966683744,-0.004088435157421458,0.5596643875323907,0.4494438716898485,-0.006624146374245197,0.5356052974970206,0.45879146143227656,-0.0016397287460686893,0.5416324312441314,0.42800871948032065,-0.007052559328970097,0.5476129046211438,0.4135701844304931,-0.010970030066543898,0.5527678128047201,0.40325610607445755,-0.013538958400152769,0.531475196861135,0.4594691374910791,-0.005416992512397088,0.5373435309507453,0.4242883086994625,-0.010449508959166244,0.5433769173871212,0.40738440846405216,-0.013813176281394553,0.5482013381769439,0.39530761106543183,-0.016023391015506448,0.5283395115053148,0.46563051111113213,-0.009708506387931923,0.5323160438243444,0.43197904332675435,-0.014645826526907376,0.5374525031069793,0.4162155715620519,-0.016900841853668157,0.5416727163126589,0.4040416284199902,-0.018294573470054115,0.5260399649365877,0.47609421410369146,-0.014119603574263288,0.5280364789644589,0.45261609861482216,-0.018475474169270048,0.5305618922325792,0.4390717106248141,-0.019927772913749697,0.5329667117873366,0.4272603589086002,-0.02076255441046636
0.5319305324022278,0.5390169116970871,8.632602311848235e-08,0.5432035310508155,0.5189528393312709,-0.00043029146409234373,0.5490326477491874,0.48916583329976604,-0.0017248614349245238,0.5545083002339845,0.46676685217638175,-0.004014375904018931,0.5609531000620658,0.4507629459092984,-0.006493915133277581,0.5365451960173465,0.45881661051508665,-0.0012035087478614113,0.5421979611482003,0.4281659242657906,-0.006447887041625369,0.5478653621016961,0.4135564728552833,-0.010350591561313814,0.5528435341862001,0.40296098960928184,-0.0129548204092389,0.532162408867254,0.45912485646973633,-0.004965551135173447,0.5373194311805282,0.4237995043159285,-0.009841280510432876,0.5428852706262499,0.4063094731737932,-0.013232555816908926,0.5474495436697558,0.39363049712056813,-0.015479623311646235,0.5287218937666449,0.46506195092060715,-0.009281521282914316,0.5318837985715796,0.43115877101065025,-0.01414996357642197,0.5364884366856266,0.41483799282785333,-0.01648169688244524,0.5403861045894536,0.4020172934433063,-0.0179389517064185,0.5261114728939205,0.47553513223371335,-0.013732865982805615,0.5273419230945264,0.4518904576560368,-0.018091201345296674,0.5293628161712859,0.4380554149361506,-0.019584468576959432,0.5314041609340601,0.4257808169886765,-0.02045350010741642
0.5327253176882552,0.5395512239756567,8.465592595475001e-08,0.5440556812316424,0.519760974705919,-0.0005248154873896604,0.5499434282492706,0.49010985905435867,-0.0017768384102471396,0.5555329989479884,0.4677797814872073,-0.004031098500474389,0.5621826756203806,0.4520248115731796,-0.006482498037586583,0.5374067203647234,0.4587148338912593,-0.0008710168025240787,0.5426296589367898,0.4280415343387889,-0.005980440745870394,0.5479163541249289,0.4131076373664232,-0.00987056672542489,0.5526480342804776,0.40207597373092935,-0.012515191930786797,0.5327996663081641,0.45877172519142034,-0.004611746603955743,0.5372655380075013,0.4233544248364053,-0.009374680158058627,0.5423641827715117,0.4053311551512852,-0.012804493011474813,0.5466320352769022,0.39201976509736797,-0.015105079337617575,0.529097130213633,0.46458704795143946,-0.008946056153836188,0.5314668159292005,0.4305029843093287,-0.013772619144951218,0.5355427086672274,0.4136429472437129,-0.016189036417703546,0.5390873919820355,0.40016406832022344,-0.017723589305092928,0.5262220707292545,0.47511194246228183,-0.013436109884274643,0.5267098931180372,0.4513018790480939,-0.017819728783171403,0.5282458012834987,0.4371496996938896,-0.019381558994391403,0.5299116743121912,0.42436732695457285,-0.02031386332074474
0.533423288038011,0.5400454599465183,8.342257195872324e-08,0.5448040401152907,0.5205350155649097,-0.0006663451436419229,0.5507647302118703,0.4909943276109422,-0.0019014480266516672,0.5564672652766591,0.4686983631164398,-0.004130053264631179,0.5632887731992776,0.45312920126422834,-0.006560469460859573,0.5381528399413962,0.4585973263264759,-0.0006633985971728065,0.5429410661733096,0.42775514959261696,-0.005650933581819998,0.547840371835886,0.41243064113777844,-0.009523377932712537,0.5523028263568788,0.4008923084664353,-0.012201034200565421,0.5333315352555308,0.4584716388813267,-0.004354735017818992,0.5371363724180921,0.42296146406303475,-0.009007316856696916,0.5417673645214289,0.40443131376955316,-0.012466930459149829,0.5457268620077789,0.39049753206999416,-0.014820580572136898,0.5293963594250058,0.4642000710395216,-0.008674358468718358,0.5310634512664208,0.429937270995805,-0.013447807768428749,0.5346305729344077,0.4125370977046593,-0.0159367108908593,0.5378212176207682,0.3984313535772041,-0.017545252650671354,0.5262748724347964,0.4747816648271101,-0.013174194483653113,0.5260967081650502,0.45078701867152887,-0.017575153319261398,0.5271835881235646,0.43632464925764086,-0.019199966283374427,0.5284904625404822,0.42308436014796696,-0.020190893509238344
0.5340548640127072,0.5404926817592157,8.2306540665333e-08,0.5454812114185246,0.5212354258475853,-0.0007944118023863937,0.5515079058893619,0.49179466116509357,-0.0020142041630186905,0.5573126595937136,0.46952956473986623,-0.004219594964568747,0.5642896533322881,0.45412853597208885,-0.006631023858577635,0.5388279849515558,0.4584909966596237,-0.0004755300574056453,0.5432228508207538,0.42749600717307873,-0.0053527707610392765,0.5477716173561595,0.4118180441225592,-0.009209215446816675,0.5519904563100766,0.39982123926786783,-0.011916760699918413,0.5338128102107795,0.45820009825806574,-0.004122171638759529,0.5370194936952969,0.42260588365256935,-0.0086748989607128,0.5412273185608172,0.40361706972904604,-0.0121614785182756,0.5449077932752525,0.38912010134057323,-0.014563144729523846,0.529667124480995,0.4638499052761551,-0.00842850600469747,0.5306984566357145,0.429425371117089,-0.01315389404875376,0.5338052040420009,0.41153644201672146,-0.01570838781006778,0.5366754879968201,0.3968634631889151,-0.01738388025658647,0.5263226513822187,0.4744828048262133,-0.012937193765079102,0.5255418523828708,0.4503211343481114,-0.017353843077272224,0.5262224179075874,0.43557808167976364,-0.019035647564823715,0.5272044434276633,0.4219234354587328,-0.020079621191456468
0.5346118804802241,0.540953119302438,8.097325612487208e-08,0.5461214374577801,0.521893697899518,-0.00089481000721273,0.5522265115707576,0.49252148821012026,-0.0020805257191544245,0.5580910054363007,0.4702844199195689,-0.004248654722730047,0.5651764611060828,0.4550140303774881,-0.006629658376732855,0.5394666836226157,0.45845321261640326,-0.0002788269305268922,0.5435089243869109,0.42737163620485596,-0.005052301881177149,0.5477240201101113,0.41137865179876554,-0.008895638102193886,0.5517036160628616,0.3989468956461589,-0.011637733115954172,0.534250004889618,0.45799421036803784,-0.0038987979975052675,0.5369009587960636,0.4223418557572628,-0.008370127877414807,0.5407134020923294,0.40294380600536217,-0.011888023657643836,0.5441201509869806,0.3879416777141971,-0.01433761206913248,0.5298978562562322,0.4635737389490784,-0.008207348430712923,0.5303232822541687,0.42904040728258175,-0.01291078335574358,0.5329883251943671,0.4107203140353698,-0.015533519454782723,0.535534232783499,0.3955286892806605,-0.01727231217710361,0.526362041177485,0.4742486469628387,-0.01273703327879611,0.5250277343732995,0.44996548534300207,-0.017193587869295018,0.5253224244153963,0.43496211045900296,-0.018942156534836652,0.5259799699221126,0.42091063421503,-0.020043264007020827
0.5350560878200585,0.5414303575145047,8.054970293087872e-08,0.5466713353305246,0.522639059575066,-0.001042322405226302,0.55290365788758,0.49329598123506774,-0.002207668134850045,0.5589057209044677,0.4710531387196002,-0.004342892476079083,0.5660947074655384,0.4559472815004104,-0.0066899812386487486,0.5400791103862769,0.45853763965216754,-0.00012845226349898577,0.5438992075424343,0.427493976761743,-0.004814696258934112,0.5478947563241806,0.41139195052472965,-0.008662087415453528,0.5517089019021207,0.3987490152182321,-0.011438897721960406,0.5346119266589883,0.45789919556608116,-0.0036939712877570824,0.5368256720136984,0.4221546018370243,-0.008097253715336561,0.5402956644168041,0.4023626098582649,-0.01165982946176865,0.5434363835538816,0.386927627903162,-0.014155966802840342,0.5300222037294174,0.4634095857912481,-0.007979211813580061,0.5299315766454339,0.4287861662203781,-0.012671878577865413,0.5322136697293813,0.4100834642321016,-0.01538664257654603,0.534465943831558,0.39444524894176153,-0.017193689979355928,0.526265774096227,0.47413071054363315,-0.012505111385540911,0.5244691217477002,0.4497439677260287,-0.016990708639406157,0.5244173528884264,0.4345622202389622,-0.01879897897487454,0.5247817948075819,0.42021755782586195,-0.01994741165359996
0.53551668361449,0.5418114529885945,8.067926757787833e-08,0.5471868297147567,0.5232106726957654,-0.0012192641328418069,0.5535303669857579,0.4939528363662283,-0.0024138097195064946,0.5596495703953001,0.4717089334306755,-0.004558606409116688,0.5669290530031068,0.45672553290078116,-0.0069189193535224265,0.5406234371776804,0.45851398757844664,-0.00012915292875933582,0.5441132770407439,0.4273451065775562,-0.004787124860610371,0.5478139849704182,0.4109655346694709,-0.008653162522128235,0.5513995221473846,0.3979931208381882,-0.011463128790624916,0.534925727870739,0.4577528857702277,-0.0036343576537568693,0.5367108780392241,0.42191308199051786,-0.008016039050978896,0.5398553065858245,0.40176462150849124,-0.011623781155913102,0.5427553814036803,0.3859232420333299,-0.014159506086806193,0.5301061124081907,0.4632144412170999,-0.007884144952776468,0.5295065475766193,0.42855208703442205,-0.01257382841990558,0.5314542127488734,0.4094893203973317,-0.015366011392794155,0.5334754735964183,0.3934372414203172,-0.017232824068728832,0.5261228160248052,0.47396899207647913,-0.012396049855672905,0.5238306882500718,0.44951159198541185,-0.01689854599769691,0.5234667894780852,0.434179235040424,-0.01875239199478309,0.5236054660104863,0.419583532700981,-0.019937746606832084
0.5359334652699154,0.5421562967854473,8.079650739794172e-08,0.5476532877359115,0.5237279111629598,-0.0013793742924242066,0.5540974604298721,0.49454720820428993,-0.002600342102007211,0.5603226612613578,0.47230234572102975,-0.0047538005711057095,0.5676840314865159,0.45742975319741663,-0.007126079748082214,0.541115984925524,0.4584925854063929,-0.0001297869432914662,0.5443069831947301,0.42721039765802415,-0.004762176189400849,0.5477408969853801,0.41057968158917146,-0.008645086608584124,0.5511195721176777,0.3973091308520655,-0.011485054880773404,0.535209678766707,0.45762049368228863,-0.003580414762039424,0.5366070038326146,0.4216945367005651,-0.007942549925231277,0.5394568377591568,0.4012235167538303,-0.011591161942339303,0.54213915952988,0.3850143982909959,-0.014162708696660954,0.5301820392804428,0.46303785975534095,-0.007798121319688988,0.5291219493648117,0.4283402746127655,-0.012485105275571068,0.5307669990543777,0.4089516944484847,-0.015347342748786878,0.5325792217651124,0.392525120535698,-0.017268235530903675,0.5259934568287726,0.47382265706589466,-0.012297362795323794,0.52325298568909,0.44930132096898945,-0.016815150320089033,0.5226066483379828,0.43383268127901337,-0.01871023659753777,0.5225410353984284,0.4190098191666329,-0.019929000946883862
0.5362550186988294,0.5424598268423695,8.112283582676561e-08,0.5480544124012833,0.5242583047805649,-0.0015880479460341152,0.5545933953768748,0.4951619921764872,-0.0028462777489549457,0.5608694860596886,0.47290003420530136,-0.005005970841546668,0.5683039394391811,0.4581223198572502,-0.007375486668727668,0.5415527093457622,0.45845294076277426,-0.00014047682091757535,0.5445009566839767,0.42707014948913874,-0.004729194477996094,0.54767316258103,0.41017240506962355,-0.008615414311466566,0.5508421326126244,0.39656082420436334,-0.011480264377462544,0.5354245993219354,0.4574921820457786,-0.003502469642239198,0.5364584549973246,0.4215123868787391,-0.007824666765356333,0.5390141506025691,0.4007574769473058,-0.01149243172140728,0.5414763339473921,0.3841931308763989,-0.01408887315171386,0.5301951843903856,0.46288312179094687,-0.007658144871599155,0.5287497482891684,0.42818101423644533,-0.012329964076183092,0.5300840521347733,0.40849402165779497,-0.015237258274865016,0.5316591712092406,0.3917272016631384,-0.01719255771137548,0.5258314350409171,0.4736987640022106,-0.012122047601637539,0.5227592441819754,0.4491023231752784,-0.01664660094809222,0.5218462675797663,0.43348943423725955,-0.01857273655576258,0.521546589237471,0.41845618165890647,-0.019814731827736458
0.5365815175658867,0.542751215463389,8.16746627093461e-08,0.5484259756631304,0.5247342021171187,-0.0017929834935703195,0.5550792696322434,0.49575011994806,-0.0031057921652958413,0.561414285587042,0.4734787623101334,-0.005288252618953113,0.5688972650918108,0.4587428940292226,-0.007670163683619102,0.5419709838400999,0.4584224480357235,-0.00019005982704877215,0.544701975942858,0.4269517982761352,-0.004750091032823851,0.5476286599425589,0.4098153040247243,-0.00864167495409643,0.5505908747330156,0.3959069183561516,-0.011527444659290452,0.5356244279496186,0.45735405136691554,-0.0034669581295548755,0.5363272233349977,0.42132247479371476,-0.007768438054314185,0.5386157569337756,0.40032345698099414,-0.01145207748662333,0.5408776538849462,0.383461173147947,-0.014063751090350738,0.5301902281680616,0.4627069435578295,-0.007560240409790493,0.5283696915725941,0.42798531035257004,-0.012224033563567924,0.5294421038744831,0.4080371368411888,-0.015168034844358884,0.5308381389219148,0.39098063131462346,-0.01714956842509409,0.5256417741096052,0.47355518554773063,-0.011985986831427802,0.5222094252675276,0.4489162846399626,-0.01652086263601874,0.5210432496794256,0.4331741211974332,-0.01847464289839707,0.5205475847029162,0.4179440647126445,-0.01973300994580598
0.5368939962646774,0.5429251484601177,8.216506504168721e-08,0.5487556679585384,0.5251459093431348,-0.002051950419845008,0.555536303341199,0.49628815343482546,-0.00345481731360962,0.5619486115890943,0.4739497345128362,-0.005680895317396942,0.5694941664438667,0.4592929886292845,-0.008097280312183897,0.5424463910573147,0.45843834679659495,-0.00033746662287433666,0.5450185614304662,0.4270444241541277,-0.004906328015766958,0.5477442955019834,0.40978491413402657,-0.008828418905193616,0.5505338014613803,0.3956901393756781,-0.011747254450983466,0.5358786502541627,0.45724264257284936,-0.0034986910754541247,0.5363131015025064,0.4211647857892571,-0.007817085079841269,0.5383682726229811,0.39997278518818286,-0.011528003072665386,0.5404432428413355,0.38284034358054053,-0.014156862531551464,0.5302242759592982,0.46256118869350277,-0.0074984633719385125,0.5280680737401432,0.4277957150142514,-0.012192731436875435,0.5288923655826621,0.4076467612485135,-0.015179335337014068,0.5301077036982101,0.39034282001629467,-0.017181501683162903,0.5254626760783906,0.4734388075080677,-0.01185374226202614,0.5216927436157355,0.44875908149917454,-0.01641566114121114,0.5203022909892847,0.43290071188394613,-0.01839818723703409,0.5196363983002636,0.41747498729386584,-0.01967148244812885
0.5371767504516275,0.5430825360941043,8.260881789042923e-08,0.5490539983000706,0.5255184529514005,-0.0022862831374643577,0.5559498617542513,0.4967750065281437,-0.0037706414719236086,0.5624321098718934,0.47437590552150566,-0.006036187909788228,0.5700342876013831,0.45979075552343807,-0.008483767504783307,0.5428765752000868,0.45845273318907903,-0.0004708513587487775,0.545305031748268,0.4271282390027035,-0.0050477029678983815,0.5478489312378405,0.4097574150793102,-0.008997398852513844,0.5504821572802561,0.39549398147880743,-0.01194615485339289,0.5361086896818233,0.45714183153162574,-0.00352740542735075,0.5363003230082289,0.42102209693904435,-0.007861104560860895,0.5381443302379405,0.3996554710223007,-0.011596706243259473,0.5400501551143522,0.38227857037729185,-0.014241116754173222,0.5302550849570501,0.46242929874927224,-0.007442562869991893,0.5277951472804697,0.4276241549176967,-0.012164406922542144,0.5283949211029558,0.4072935201036314,-0.015189560871187177,0.5294467510681664,0.38976568046795257,-0.017210397292549594,0.5253006147334207,0.473333499920347,-0.0117340774469701,0.5212252112657547,0.44861683229488775,-0.016320466930388508,0.5196318159367284,0.43265331061007106,-0.018329004414492617,0.5188118884330659,0.4170505308279476,-0.01961580774886742
0.5373056872440048,0.5433025276381325,8.265209492891626e-08,0.549294103705009,0.5259588070236094,-0.0024728450321540216,0.5563378866308226,0.4972619217662215,-0.004004174339873458,0.56291824604064,0.47477814698073245,-0.0062822050751287955,0.5706059915652033,0.46024693298600317,-0.008731092147994042,0.5431904512898527,0.4585896522867771,-0.000544160072351342,0.5454958500804603,0.42729369070233936,-0.005110077326659877,0.5479095261457416,0.4098627011399858,-0.009072278531647156,0.550433770140774,0.39545196220587603,-0.01204411711749051,0.5362739539303343,0.45711437651904124,-0.003520017831229531,0.5362255294853526,0.42093471172424474,-0.007848637121251126,0.537902403706509,0.3993619967379306,-0.01159251012683686,0.539671417405213,0.381720743360944,-0.01424387624579238,0.5302849703913577,0.46231960213873824,-0.0073751352842530244,0.5275184613803612,0.4274893827546726,-0.012114895919343895,0.52792262673168,0.4069712898566508,-0.015176234793983617,0.5288375812061522,0.38921171258543513,-0.017215648548869294,0.5252241740043514,0.47321130325906224,-0.01162621814470428,0.5208260854878869,0.4484932769673399,-0.01624523594987173,0.5190148459356545,0.4324500108788273,-0.018290578469945588,0.5180169866041141,0.41670277488247137,-0.019599538965140783
0.5374355130723336,0.5436616193995663,8.268176150582413e-08,0.549503969899263,0.526578675873686,-0.002590685962069289,0.5566586384254193,0.4978280845518348,-0.00412253394716887,0.5633594369484315,0.4752606712537679,-0.006380466848001006,0.5711110596078703,0.4607749400503784,-0.008800874301469879,0.5434747420956553,0.4587207278781079,-0.0005203690410254915,0.5456281812562688,0.4273934804653068,-0.005028817854617871,0.547899833651609,0.40988251984866103,-0.008969738808118629,0.550312268680536,0.39535830424501583,-0.011937195954639622,0.5364070264078328,0.45713874211325184,-0.003435807327569678,0.5361335949131332,0.4208537622885267,-0.007710281026905938,0.5376200217003714,0.3990818051931416,-0.011439205239400741,0.5392368889380548,0.3812403629458329,-0.014080937272747644,0.5302817471182734,0.4622959029962159,-0.007247492417477904,0.5272596867622183,0.42743789330611265,-0.011954925417415612,0.5274771440360687,0.4067090902572125,-0.015036423169552471,0.5282615471534153,0.3887586434004076,-0.01708751017277134,0.5250885366062187,0.47320159216875407,-0.011470243474957382,0.5204246363001703,0.44843198785560184,-0.016077183215288754,0.5184277394513515,0.4322864701173463,-0.018137454210939867,0.5172892629574882,0.4164096135810917,-0.01945488129798137
0.537566630977436,0.5438440626504052,8.260824118233918e-08,0.5496985899343005,0.5268535339393604,-0.002669768961996543,0.5569666594967898,0.4981693476599795,-0.004211710143644976,0.5637692396150287,0.4755821201896799,-0.006468884033387503,0.5715701696108714,0.4611632156448759,-0.008884042171181564,0.5437971821235738,0.4587504792770453,-0.0004889707641796238,0.5458370550658279,0.4275260268992058,-0.004934367805870213,0.5479905299860839,0.41003597211273535,-0.008852398170982092,0.5503014573447382,0.39549430404303176,-0.011813941328463126,0.5365494338686773,0.457085570373895,-0.0033664503416302467,0.53610190519521,0.4207736979571706,-0.00757498230627883,0.5374202362515474,0.3988712616017002,-0.011282489371707385,0.5389034328887947,0.38089560876084316,-0.013916031857923415,0.5302726219323238,0.4622409066753687,-0.007153607924740059,0.5270267640948407,0.42742418429804985,-0.011821608968186096,0.5270732780822349,0.4065119808453581,-0.014923308526848774,0.5277466132095465,0.3884005915431929,-0.016992364828881338,0.5249494043912653,0.4732007823764208,-0.01136269314347882,0.5200253484719475,0.4484080902928423,-0.01595313263683153,0.5178400830577434,0.4321867425678589,-0.018023107720869323,0.5165553261169893,0.4162042841078782,-0.019349992838553615
0.5377163869730219,0.5440448769603866,8.220311264350208e-08,0.5498757286731583,0.5271657375496644,-0.0026924366088475708,0.5571972654251415,0.4985236886754474,-0.004220181545846446,0.5640659600793411,0.47593675770685384,-0.006462994097771361,0.5719262147424135,0.4615688854127349,-0.008864472409800598,0.5440531617410937,0.4587497145173634,-0.0004224501083832914,0.545971180932502,0.42751154884846426,-0.004797109463726861,0.5479725253300306,0.40992946570924255,-0.008684091409616687,0.5501466954211337,0.3952629677375275,-0.011640687036673562,0.5366806591738761,0.4570343494939191,-0.00329484429275659,0.5360361999260363,0.4206929291796458,-0.007442903452132151,0.5371700616287157,0.39864942549616506,-0.01113777438559882,0.5384997579185304,0.3805226838288602,-0.013771305114530268,0.530284957809226,0.462190682614389,-0.007082929855576441,0.5268084345485203,0.42743082450935854,-0.011710398828573923,0.5266710776370238,0.40633911840655074,-0.01483308365482336,0.527212907165067,0.38804349570463725,-0.01692589153173918,0.5248431702861553,0.4731983174649856,-0.011299061340774758,0.5196736930152152,0.4483912655433764,-0.015877923024204335,0.517317813153982,0.43210282351794455,-0.017964357540696398,0.5159013030302493,0.4160076174110521,-0.019306895086566925
0.5378518974412129,0.5442265888248001,8.183652192531069e-08,0.5500360171033037,0.5274482428158987,-0.0027129479975605943,0.5574059349825523,0.49884432302946724,-0.004227847106574503,0.5643344550326381,0.4762576603578781,-0.0064576644418211275,0.5722483911085988,0.46193596587557967,-0.008846764220444015,0.5442847913174705,0.45874902250538657,-0.00036225722477914484,0.5460925480865741,0.42749844802116976,-0.00467290781066997,0.5479562333654795,0.40983309071907154,-0.008531794815793612,0.5500066552134364,0.39505363728003373,-0.011483913545871883,0.536799401682157,0.4569880009961542,-0.0032300497636947993,0.5359767448654661,0.42061984352578086,-0.007323388588680393,0.5369436848473604,0.3984486915328596,-0.011006825401252085,0.5381344824983147,0.38018523335193366,-0.013640345491309729,0.5302961202368004,0.4621452361132911,-0.0070189750322271795,0.526610873583258,0.42743683307108465,-0.01160976754481491,0.5263071364777807,0.4061826994937469,-0.014751441416709345,0.5267299698664247,0.3877203685798609,-0.016865741501800924,0.5247470416920049,0.47319608702805827,-0.011241482508337891,0.5193554887563657,0.4483760412468906,-0.015809867720109883,0.5168452241340644,0.43202688726110533,-0.017911195966828292,0.5153094938386036,0.41582965861841614,-0.01926789700487516
0.5380265670510348,0.5443611010375099,8.215857659613283e-08,0.5502120156930602,0.5276632954081537,-0.002806215207103908,0.5576189879624185,0.4991154005747556,-0.004349161849812359,0.564565360914188,0.47655894603220383,-0.006592374104586715,0.5725037749422949,0.4622772478515733,-0.008992449867513876,0.5445037708117566,0.45870352483382515,-0.0004096719845139989,0.546194517405836,0.427412312217059,-0.004715050836854513,0.5479327028476507,0.409610914562862,-0.008584379304979285,0.5498728886498002,0.39467406552456036,-0.011550460278432559,0.5368924813244801,0.4569216241818621,-0.0032357093941515203,0.5359280086721483,0.42054177219157235,-0.007323768548987792,0.5367673900216366,0.39828795157630903,-0.011020057165341593,0.537856508058249,0.37993846409967386,-0.013663771830821932,0.5302684197014707,0.4620887558176277,-0.0069897858281041895,0.526412385721777,0.42740522586093227,-0.011566970352225129,0.5259737895730129,0.406039643222997,-0.01472268103681231,0.526305009111124,0.3874588230838941,-0.01684908266068787,0.5246021734446165,0.4731935613063667,-0.011188468980519173,0.5190389830912933,0.44834842213086173,-0.015741291922706492,0.5164140747777378,0.43194713232948306,-0.017842221237539917,0.5148028628554483,0.4156662581292014,-0.019198578126970265
0.5381982119474302,0.5443945036237118,8.286280779037229e-08,0.5503937365237197,0.5277996103689916,-0.0029195770147612296,0.5578401974386495,0.4993529411539202,-0.00449933900193909,0.564807357334052,0.47677404808984813,-0.006759484922457141,0.5727949548731079,0.46255666420624014,-0.009167010675515484,0.5446684505546913,0.45867127669220414,-0.0004169960274947908,0.5462745172656945,0.42743642804389553,-0.004701528484968821,0.5479531863972621,0.4095929733979351,-0.008571387547601714,0.5498628063122727,0.39456986974185126,-0.011546772345725993,0.5369527685094013,0.4568485519007079,-0.0031832628042132247,0.5358478480229303,0.4204918366498763,-0.007256018925254994,0.5366022066800449,0.3981699499194383,-0.010952164848182254,0.5376337902817713,0.37967157015578323,-0.013597287239715426,0.5302438758070236,0.46200435179319743,-0.006891391103416257,0.5262264230590992,0.42733979936692285,-0.011475756587520045,0.5256817287060037,0.40588391240680094,-0.014651806437899905,0.5259454485675557,0.3871582064252812,-0.016786178030992093,0.5245129522249198,0.4731185963948928,-0.011055533683481788,0.5187703827787835,0.4483115320228356,-0.015629666240155524,0.516019323182123,0.43187801447881297,-0.0177553313525741,0.5143064311910182,0.4155039428864556,-0.01912414949166679
0.5382363439081413,0.5444350082969711,8.357417602957579e-08,0.5505088941850306,0.5279530598108731,-0.0030264815018234523,0.5580358454806293,0.49957078868626437,-0.004637932486910598,0.5650003601101713,0.47692280785395436,-0.006904942718077908,0.5730358758546195,0.4627875047746432,-0.009317023419884378,0.5448082572531429,0.4587097435765244,-0.0004889786383474517,0.5463510858519804,0.42748615136941576,-0.004760378877793711,0.5479616857505003,0.4095575264722008,-0.008630867649744004,0.5498223625995143,0.39442434680436533,-0.01161409690509012,0.5369836377617957,0.4568582001519729,-0.0032002787859454407,0.5357676469617424,0.42049977239570957,-0.007265592574433951,0.5364225555814557,0.3980803755986847,-0.010969203084118133,0.5373742102114186,0.37945735931438135,-0.013621460094789168,0.5301845458972306,0.4620115224826535,-0.006858957988549324,0.5260398817036933,0.42734566702331195,-0.011447979118299204,0.5253959102047701,0.4057877507268269,-0.014645761685281413,0.5255902052172947,0.3869558234572497,-0.01679134901975375,0.5243727013610202,0.47313757132249584,-0.010982021567161833,0.5185014386752762,0.44831082664329525,-0.01556762222948809,0.5156629954638657,0.43183282131307615,-0.01771019817599265,0.5138760068861704,0.4154121678321598,-0.01908760005603757
0.5382708485690652,0.5444716599663472,8.421787542053135e-08,0.5506130974827946,0.5280919123865689,-0.00312321670789537,0.5582128825178817,0.4997679134890924,-0.004763342277438293,0.5651750035122718,0.47705741685710734,-0.0070365638522399574,0.5732538792465631,0.46299638665198883,-0.0094527662136503,0.544934764850313,0.4587445513014752,-0.000554113908959376,0.5464203708574703,0.4275311447674756,-0.004813631131593082,0.5479693766034249,0.4095254514325111,-0.008684689711811092,0.5497857660917764,0.39429266672495294,-0.011675017220997902,0.5370115705789648,0.45686693061408923,-0.003215676123743094,0.535695075020242,0.4205069532543396,-0.007274255530981768,0.536259993779602,0.3979993220282035,-0.010984620559190063,0.5371393226750039,0.37926352526255347,-0.013643333508910168,0.5301308597404774,0.46201801106083457,-0.006829610071203433,0.525871085080165,0.4273509765193449,-0.011422843978670591,0.5251372801661646,0.40570073641915705,-0.014640291939284098,0.5252687543630086,0.38677269215326077,-0.016796028118612936,0.5242457918496057,0.47315474126159124,-0.010915502285170848,0.51825807785863,0.44831018836292863,-0.015511480150494255,0.5153405633920044,0.43179192714370374,-0.017669358289311883,0.5134865266597364,0.4153291228727429,-0.019054527382620718
0.5382738462784116,0.5445967680391006,8.510720234447507e-08,0.5506819590059718,0.5283380757438075,-0.003245032204860588,0.5583530131900369,0.4999887485955495,-0.004912288413087863,0.5653524136487675,0.47724769074696605,-0.007190571462505828,0.573488589017818,0.4632933391343056,-0.009610606620636971,0.5450714360304966,0.45875203880702764,-0.0006299078619053794,0.5464892679887978,0.4275361208731384,-0.004877846539972571,0.547962609067694,0.4094424218530468,-0.008754774516464265,0.5497130863512154,0.39409568783133986,-0.011758429297990725,0.5370410420055959,0.4569019921862303,-0.003246810519962871,0.535639164354857,0.42052024072425503,-0.007302681607643085,0.5361054340849319,0.397902771824048,-0.011028142567570112,0.536895509369346,0.3790503256869856,-0.013695671900204608,0.5300768770727105,0.4621218297146167,-0.006825331523388843,0.5257246274572783,0.4274558289442777,-0.011432511018586262,0.5248970834525456,0.4056757271916653,-0.0146783410664156,0.5249543117751327,0.38663359848565726,-0.016843944878443325,0.5241177380885375,0.4733300156431895,-0.01088783037122163,0.5180433324919232,0.4483984125719994,-0.01551158008316557,0.5150410235606045,0.4318042425426673,-0.017691595675572467,0.5131124537500725,0.41527350465007057,-0.019083645709522767
0.5382994084762397,0.5447790514517513,8.643406059488508e-08,0.5507791285485338,0.5285944282522327,-0.0033675603894665197,0.5585136178103253,0.5002662769136982,-0.0050963096495379055,0.5655842805105271,0.47748807075577193,-0.007420212053363997,0.5737738584401394,0.46349941729602756,-0.009881198594936838,0.5451321649577058,0.4587747379423534,-0.0007151745673688726,0.5464623786013905,0.4274624103683861,-0.004993799689301867,0.5478788758775043,0.40923915667539146,-0.00889581202479706,0.5496089974978312,0.39377844642036586,-0.011915431812087313,0.537016306767863,0.4569458747671785,-0.00329024294104998,0.5355306939787855,0.4205334719106016,-0.007361438234846573,0.5359467641834827,0.397818289088162,-0.011099619653436784,0.5367232415832653,0.3788742972983277,-0.013774094171637562,0.5299880964865696,0.46219731147438914,-0.006841037782473795,0.5255426488483269,0.4275437673485576,-0.011456813463204119,0.524655298218807,0.4056664467143607,-0.014710603636105697,0.5246979485134209,0.3865344922899501,-0.01687858203345769,0.5239915462368252,0.47346036401507924,-0.010890684198886617,0.5178184994286471,0.4485100241777295,-0.015524611761469603,0.5147513858722197,0.4318749344304097,-0.017710277935223496,0.5127848563500319,0.41529943141922054,-0.019101491984834722
0.5383869093011877,0.544941562787395,8.754738026857392e-08,0.5508860886572163,0.5287757631557481,-0.003483836846926169,0.5586800709282858,0.5004712354809029,-0.005263440044180903,0.5658324138226268,0.47768252520382126,-0.007619523823500914,0.5740280170400057,0.4636071857497583,-0.010105928719324857,0.5451920555221895,0.4588467660697154,-0.0007726199069208658,0.5464850617693873,0.42752270003289483,-0.005077804375729288,0.5478772755947446,0.40925714877416475,-0.009010183090582727,0.5496036458808938,0.3937367611164393,-0.012048419149956677,0.5370118526509636,0.45699505173263444,-0.003302015845458517,0.5354907318909379,0.4205687930768008,-0.007391973933411238,0.5358653693967693,0.3977803044456442,-0.01115392823794088,0.5366164903293387,0.37876917802866944,-0.013839574547041026,0.5299295278436554,0.46225161125125336,-0.006820980212240131,0.5254229658252663,0.42760828990346345,-0.011456480376360883,0.5244669884301729,0.40563515120234517,-0.014729276932886459,0.524469589174999,0.3863963558725632,-0.016902513257703262,0.523892326877325,0.4735346888962742,-0.01084940111985488,0.5176488517904725,0.4485716385367406,-0.01550191414443078,0.5145167025111004,0.4319022289275439,-0.017692332730441872,0.5124967223419451,0.4152823522131164,-0.019078664058261297
0.53846608661699,0.5450886152449159,8.855479549517267e-08,0.5509828741939062,0.5289398485907159,-0.0035890525154427303,0.5588306902063882,0.5006566973803946,-0.0054146721730742526,0.5660569434727742,0.47785848218767274,-0.007799876077055355,0.5742579988228911,0.4637047027377368,-0.010309281408165595,0.5452462490013998,0.4589119425270823,-0.0008246007630302916,0.5465055872027983,0.4275772546477714,-0.005153818122914976,0.5478758275387576,0.40927342937594613,-0.00911367461765962,0.5495988033361,0.39369904112379617,-0.012168756077687887,0.5370078222315867,0.45703955074308855,-0.003312668853253802,0.5354545711935786,0.4206007543198213,-0.007419604926032563,0.535791717282791,0.3977459330892821,-0.011203070722581586,0.5365198937801122,0.3786740582213352,-0.013898826106843504,0.5298765305383285,0.4623007457660802,-0.006802830616809902,0.5253146676404357,0.4276666747553684,-0.011456178974377621,0.5242965915954894,0.40560683267346825,-0.014746173933767981,0.5242629525008262,0.38627135967110177,-0.016924168026109767,0.5238025457516554,0.4736019436289449,-0.01081204509049482,0.5174953418706421,0.4486273918346584,-0.015481375636441736,0.5143043433863959,0.4319269270377679,-0.017676094561864877,0.5122359970588952,0.41526689766516023,-0.019058007636421966
0.538550353365675,0.5451957849741225,8.963779016019649e-08,0.5510834710749437,0.5290311956282249,-0.0036868121083337645,0.5589929726002626,0.5008197091668368,-0.005576294745690749,0.5662671680971271,0.47801904787537086,-0.008009960974690256,0.5744743873117995,0.46380082173808423,-0.010565342051570998,0.5453069616278396,0.45903196958927556,-0.0009272231561030665,0.5465088571304495,0.427652406406075,-0.005314547901241172,0.5478524443581783,0.4092591995030203,-0.009311638940643355,0.5495775932128414,0.3935988975809766,-0.01238484616716794,0.5370161273277213,0.4571267861340731,-0.0033763154988160314,0.5354023345280488,0.42066813693180233,-0.00752978995865731,0.535701773753971,0.39774214031713107,-0.011338610209169733,0.5364127717723568,0.3785826853337352,-0.014044845555687547,0.5298376407471419,0.46237184065906234,-0.0068361180589257995,0.5251915140225538,0.4277194944130172,-0.011527201442295007,0.5241264486838751,0.40560361817153373,-0.014832638145532966,0.5240713681757678,0.3861797539357509,-0.017013274994494565,0.5237277857296104,0.4736715692409472,-0.010821380203900425,0.5173394305782943,0.44873051485639637,-0.015515002451511386,0.5141070876782811,0.43202798228112116,-0.017716114396023275,0.5120092811448376,0.4153453380608501,-0.019096215776375998
0.5385858377576175,0.5452655560724942,9.040448986333312e-08,0.5511510423622438,0.5291300464837144,-0.0037790151175599554,0.5591298332227521,0.5009858910781954,-0.005727612261504061,0.566421368657328,0.47818615182055,-0.008204192341419147,0.5746287223077249,0.4639302393665354,-0.010800268454300006,0.5453763515128572,0.4591352437227035,-0.0010434255862865908,0.5465061858085148,0.4276965986680069,-0.005477123822709675,0.5477987233387324,0.4092140105585877,-0.009500344198479381,0.5494919779725486,0.39345874805041914,-0.012587809407653335,0.5370503872600785,0.45721753647524377,-0.0034565671562420725,0.5353518917344288,0.42072593180631007,-0.007651498037850152,0.5355951721080071,0.3977442137925901,-0.01148187558896656,0.5362624690891727,0.3785000779934719,-0.014198995074426624,0.5298351882729047,0.46245456010003283,-0.00688458940409705,0.5251022956708357,0.4277760382407776,-0.011608692754980839,0.5239790506629237,0.4056096933850871,-0.014927968799262998,0.52387802194236,0.38611103123689894,-0.017112084745246517,0.5236862697588577,0.47374782791827547,-0.010843720665178884,0.5172257188809004,0.448822563923896,-0.01555778006425885,0.5139549041805406,0.4320960760569141,-0.017768112135314772,0.511821946349945,0.4153771322296956,-0.019150412317988207
0.5386519490129844,0.5453706133464118,9.130511209119767e-08,0.5512031367961671,0.5291998763496338,-0.0038521582050336524,0.5592165825872519,0.5011411977500523,-0.0058534227315529775,0.5665390094668563,0.47836426079572464,-0.00836869318144411,0.5747765748560725,0.4641245785214477,-0.010999069232484395,0.545457811628972,0.4591687943890977,-0.001127875371690818,0.5465148418855401,0.42768066504718033,-0.005587292350910091,0.5477565421791356,0.40911896428153544,-0.009630501339458558,0.5494316866334741,0.39329360463060387,-0.01272965355705781,0.5370867746118676,0.4572870330284212,-0.0035186227671143884,0.5352902638956457,0.4208240132868963,-0.007733496791509728,0.5354770916554672,0.39778264379152967,-0.011587212078588495,0.5361257041721162,0.3785051266622255,-0.014319137514769298,0.5298229050403372,0.4625572896959165,-0.006928878435783269,0.524995970337117,0.42792651141535254,-0.011678823772673664,0.5237954386667687,0.40566876545842173,-0.015030847976674323,0.5236515114701596,0.3861180722669795,-0.01723258622972253,0.523643900597139,0.47385487176798696,-0.010874596974382063,0.5171406501251532,0.4489267758797955,-0.015609073660455096,0.5138187903644467,0.43218374554920586,-0.017835623027246977,0.5116396915262982,0.4154796813876852,-0.019224644549380502
0.5386786763088531,0.5454105884314709,9.208926449365192e-08,0.5512496917527483,0.5292159639021733,-0.0038962230287242525,0.5593070660667284,0.5012575488180295,-0.005937418052625613,0.5666665063247824,0.47850480011895974,-0.008482815352322969,0.5749379866326529,0.46429677126723584,-0.01114368221579628,0.5455472851442674,0.4592082452150677,-0.001202625462567862,0.5465517724149392,0.42772226559616416,-0.005679440643763548,0.5477500738382969,0.40911331291533554,-0.009736169957213556,0.5494085133288852,0.3932296751993829,-0.012845630175448042,0.5371323104487531,0.45731373917728263,-0.003579638334208182,0.5352764498954887,0.4208732399907389,-0.007808835067449473,0.5354112822401955,0.3977847567546984,-0.011678932582684145,0.5360332864735864,0.3784508529875679,-0.01442396160646497,0.5298134912154644,0.46259391114795256,-0.006975915592183601,0.5249213047637692,0.42800688765588263,-0.011742443048357643,0.5236578859884874,0.4057101868047864,-0.015121432918386959,0.5234765358222666,0.3861091858532123,-0.01734157788895298,0.523577785021311,0.4738992894583436,-0.01090864486037776,0.5170283841503289,0.4489951491223751,-0.01565763223777468,0.5136656816902723,0.4322613319975751,-0.017900532214525672,0.5114541239494077,0.41556294448466735,-0.0193003115943142
0.5387028611727879,0.545446760889683,9.279882446000815e-08,0.5512918181727173,0.5292305211275328,-0.003936096189499552,0.5593889423122799,0.5013628319997441,-0.0060134233253351585,0.5667818750540466,0.47863197065003804,-0.008586081660601645,0.5750840441265808,0.46445258419151664,-0.011274538900354413,0.5456282474984018,0.4592439432842955,-0.0012702649568827895,0.5465851899306109,0.42775990889617194,-0.00576282333744942,0.5477442207978758,0.4091081991349044,-0.009831786855949667,0.5493875443830871,0.39317182705031856,-0.012950574527063267,0.5371735146927079,0.45733790490581744,-0.00363484980024307,0.5352639499510188,0.4209177840082195,-0.007877006795768908,0.5353517329404166,0.39778666872241053,-0.011761928180984418,0.535949660001418,0.3784017420919773,-0.01451881431461725,0.5298049728799481,0.4626270489872212,-0.007018478342751542,0.5248537417472602,0.4280796181128039,-0.011800010545406234,0.5235334179979947,0.40574766794881006,-0.015203400974587297,0.5233182047192265,0.38610114475886137,-0.01744020172510348,0.5235179586844749,0.47393948191937085,-0.010939453943874789,0.5169267974676,0.4490570183655893,-0.015701571684215643,0.513527137466782,0.4323315380410971,-0.01795926692042918,0.5112862084737896,0.41563828718604584,-0.01936878081750269
0.5387166772039658,0.5455505985007978,9.344728433803215e-08,0.5513153713800996,0.5293214504307997,-0.003993299185005331,0.5594453627178982,0.5014929189042067,-0.006110577672345725,0.5668506624504294,0.4787648276954212,-0.008713906345099496,0.5751848534366706,0.4645858388624711,-0.011431271063437297,0.5456568863027826,0.4593101855221537,-0.001343913658626722,0.5465761703088535,0.427791927385874,-0.005872365208627006,0.5476991899580863,0.4090782018922354,-0.009964750339165943,0.549328920585548,0.3930872824126054,-0.013097557004551905,0.5371533180699056,0.4574201561698148,-0.00369655352096407,0.5351842488835843,0.42100976896624653,-0.007969821462980399,0.5352481403621953,0.3978317054126505,-0.011874759536694573,0.535848445649128,0.378411163959797,-0.014641822679673452,0.5297474492216393,0.46273439453284615,-0.007073881934400438,0.5247158920838326,0.42823941414063843,-0.011886827694396935,0.5233599918151175,0.40584441172181296,-0.015310755549314428,0.523136368277387,0.3861464681163841,-0.017555857677531594,0.5234583859014533,0.474066974667548,-0.010993173358098652,0.5168347664822825,0.4491933360984291,-0.015778036649212335,0.5134028155109828,0.4324698345424953,-0.018046315633406303,0.5111295939576483,0.4157912078876221,-0.019458735522825673
0.5387390049007449,0.5455948846856432,9.396770610135755e-08,0.5513454157167299,0.5293815835118498,-0.004009675870034938,0.559514174223493,0.5015798721640623,-0.006133220648925345,0.5669498627757603,0.4788577320432225,-0.008735106080462686,0.5752994785632973,0.464725822882134,-0.011453016600821162,0.5456928138638973,0.45934240639386437,-0.0013629622822061197,0.5466297140601296,0.4278646291241439,-0.005875303926187774,0.5477278987914155,0.4091400810336022,-0.00996274619307978,0.5493342845499396,0.3931258731168949,-0.013097856556384926,0.5371499317730153,0.4574448697179177,-0.003701369835857343,0.5351780361425912,0.4210547944925893,-0.007970181267410769,0.5352239375163121,0.3978514312146257,-0.011881673612892588,0.5358111484739837,0.37840126527477286,-0.014655203578808458,0.5297023827978486,0.46277014097328417,-0.00706219564213161,0.5246482567927071,0.4282866746305153,-0.011879345387895113,0.5232651367092389,0.40585543478847325,-0.015326375770429581,0.5230250295643316,0.38612703626073963,-0.01758723176397468,0.5233693380140052,0.4741144314392064,-0.010962978992888889,0.516728759359544,0.4492311166801963,-0.015756621941492587,0.5132797566717056,0.4324829187846387,-0.018042823349256318,0.5110023412673399,0.4157857284767178,-0.01946759435185436
0.5387381166967876,0.5456571841083699,9.439059783335193e-08,0.5513515781465063,0.5294710306711636,-0.004037261936940283,0.5595512884204416,0.5016593194366287,-0.006174574943255719,0.5670100412065612,0.4789069092214049,-0.00878503397872194,0.5754031546246002,0.46481988057671336,-0.011513202016048364,0.545685566569634,0.4593816291423619,-0.0013960793639608382,0.5466103356058677,0.42788560032693557,-0.005914338082511377,0.5476896935762976,0.409104754723498,-0.010008491261968592,0.5492810162541193,0.39302874688083445,-0.013152539926017079,0.5371254694431221,0.45748194574892675,-0.0037275992567624427,0.5351376579796657,0.4210965944032117,-0.008001007206248306,0.5351745947102872,0.39787553165184686,-0.01191653324009249,0.53575419801136,0.37838596926751816,-0.014695993365418753,0.5296558540485007,0.46281458374067064,-0.0070826251023179835,0.5245729259445113,0.42833155717284327,-0.011904084435909628,0.5231789531549004,0.4058785038912278,-0.015353897165830044,0.5229334161259207,0.38610633158595264,-0.01761776762237582,0.5233003046902079,0.4741776267261831,-0.010980692512435958,0.5166275631610039,0.4492919575267202,-0.015782852790085497,0.5131581412991106,0.4325282135585951,-0.018075067461408908,0.5108598532832691,0.4158113565007594,-0.019503861052722452
0.5387373129831624,0.5457135573033708,9.477326202233752e-08,0.5513571543756309,0.529551969176427,-0.004062223881383728,0.5595848721323012,0.5017312092935913,-0.006211995413564688,0.5670644951688277,0.47895140842434986,-0.00883021248955503,0.5754969685086613,0.4649049910404349,-0.011567662298348196,0.5456790086736718,0.4594171208299691,-0.001426046185897682,0.5465928005255555,0.42790457664569803,-0.005949659117760435,0.5476551226292867,0.409072788825886,-0.010049884834748729,0.5492328151007825,0.3929408597704007,-0.01320202154437978,0.5371033340904513,0.457515494925379,-0.003751333606050561,0.5351011207863379,0.4211344181005976,-0.008028900830059194,0.5351299456348353,0.39789733953685785,-0.011948076847975008,0.5357026649570498,0.3783721282917601,-0.01473290302676047,0.5296137513428039,0.4628547988932772,-0.007101111211698188,0.5245047609373723,0.42837217026683433,-0.011926470183912088,0.5231009678044436,0.40589937854738284,-0.015378800590640465,0.5228505174086903,0.38608759644173923,-0.01764539875962919,0.5232378381559504,0.47423481056641703,-0.010996721034818255,0.5165359932429539,0.4493470108924658,-0.01580658843125273,0.5130480945793444,0.43256919967071317,-0.01810424435490891,0.5107309194575651,0.4158345466610137,-0.019536677886500268
0.5387360414135635,0.5457118607313385,9.496166608476916e-08,0.5513540582083998,0.5295817884166417,-0.004083714864079617,0.5595964428406288,0.501783106495254,-0.0062423476674926355,0.5670852723491985,0.47899723680341383,-0.008866584154511688,0.5755419933775342,0.46500632068912223,-0.011610936045360601,0.5456881168077491,0.4594012804677643,-0.0014412591968302512,0.5466205462406049,0.4279340146445403,-0.005962821864218668,0.5476662283174963,0.4091034400213703,-0.010072535177056212,0.5492195556543761,0.3929248101364518,-0.0132412742004999,0.5370849486287593,0.4575103082162859,-0.003768263332061391,0.5350851028715479,0.4211733753425756,-0.008051589005705068,0.5351004186428198,0.39793836904476987,-0.01198156950694616,0.5356570035312181,0.37836901028057834,-0.014780412856950817,0.5295733119902946,0.46287966170198597,-0.007121579805211275,0.5244512334189885,0.42842314012048455,-0.011960144365994164,0.5230376752696204,0.4059396543179559,-0.015421024825457347,0.5227800743545379,0.3860946809633716,-0.01769496272965016,0.5231754057234449,0.4743026856273476,-0.011024071037777567,0.5164486093362409,0.44940177995754527,-0.01585299370322407,0.5129443146588064,0.43260000474711474,-0.018164369578922642,0.5106142504519708,0.41582909217514685,-0.019607537288397363
0.5387976394433828,0.545699218236596,9.521292204012407e-08,0.5514330446864564,0.5295524577844517,-0.004041335651403222,0.5596581403169322,0.5018023072120078,-0.0061730656530789045,0.5671303927182133,0.4790377333758432,-0.008774007721141376,0.5755941317325075,0.4650950601866056,-0.011501077582793326,0.545692247863075,0.4594808827746902,-0.001381127881263112,0.5466535281199729,0.42808483989501894,-0.005861088653237404,0.5477028126500001,0.40929138102158796,-0.009947365126952929,0.5492542887219405,0.39312321700091113,-0.013107281839709323,0.5370659080505104,0.4575502198949628,-0.0037190183735605706,0.5350611682974921,0.42118932648397767,-0.007971116796118645,0.5350739952377493,0.39794432541915215,-0.011892605761434617,0.5356249048815163,0.3783480509008671,-0.014691596691185355,0.529530437193038,0.46290437352890146,-0.0070786203909456455,0.5243881183636963,0.4284325120970038,-0.011904728817590035,0.5229722954935614,0.4059434573184807,-0.015381922331197654,0.5227110138362371,0.3860827324757364,-0.017671068801206204,0.5231095058283727,0.4743303143857335,-0.010979797179395574,0.5163520405449875,0.44943275889928236,-0.015804230779813827,0.5128477135986997,0.4326381108044498,-0.018122956428500744,0.510518743626181,0.41587069214588074,-0.01957594832237723
0.538800132054882,0.5457064152773514,9.541958181154651e-08,0.5514767634841878,0.5296092475582954,-0.0040615336399065114,0.5597036609707167,0.5019015489631206,-0.006190993236230099,0.5671438864895347,0.4790803481061843,-0.00877886548076827,0.575615189260278,0.46514056791855735,-0.011493016684542511,0.5456986904882719,0.45963453661427395,-0.0013833183827839512,0.5466990838580249,0.42828057956615584,-0.005849172984783451,0.547755971291697,0.4094899891958496,-0.009928198784243763,0.5493045191550634,0.3933208969018006,-0.013084369585494398,0.537042912430516,0.4576284679099801,-0.0036955404274664917,0.5350322133531206,0.4212326596892726,-0.00793217326565579,0.535038756922432,0.3979758958979557,-0.011847043770385531,0.5355869125313871,0.3783602214659834,-0.014640729756457735,0.5294798361524092,0.4629206395164876,-0.007027842230588545,0.5243300715917287,0.428416424943822,-0.011845337703051597,0.5229160152662877,0.4059339740510426,-0.015320655980700926,0.5226628164799406,0.3860810972994616,-0.017605923954981128,0.5230323093451829,0.47429215808729713,-0.01090063284574482,0.5162426927095184,0.44941498395304874,-0.015714586799539597,0.5127417668456954,0.4326384904895893,-0.018025255918830852,0.5104311992420799,0.415901040612783,-0.01947052257667922
0.5388023875569069,0.5457129277001666,9.560658308833753e-08,0.5515163235346964,0.5296606352093334,-0.004079810296329423,0.5597448514758618,0.5019913503504023,-0.006207215459432882,0.5671560966669121,0.4791189091136268,-0.008783261146389693,0.5756342436923624,0.465181746731058,-0.011485722578608833,0.5457045202592496,0.45977357414435654,-0.0013853005130185399,0.5467403061100493,0.4284576995163489,-0.00583839079336143,0.5478040732217502,0.40966970478303155,-0.009910855638389305,0.5493499714221548,0.3934997725175424,-0.013063636857673882,0.5370221042670794,0.4576992725886743,-0.0036742958191626866,0.5350060127455731,0.421271870826795,-0.007896934235489548,0.5350068706491096,0.3980044632374264,-0.0118058158601799,0.5355525342005997,0.3783712343070427,-0.014594701534927059,0.529434048531822,0.4629353582032738,-0.006981894338773322,0.5242775465144154,0.4284018680798313,-0.011791596163649488,0.522865088691242,0.40592539287867957,-0.01526521758701474,0.5226192038934011,0.38607961766920235,-0.01754697600717012,0.522962456171433,0.4742576314037723,-0.0108289990131556,0.5161437465783661,0.44939889984718867,-0.015633470195894256,0.5126458982693038,0.43263883405720954,-0.01793684916251998,0.5103519825106856,0.4159285021841392,-0.019375125446814627
0.5387990194321046,0.545760250494919,9.540227892008889e-08,0.5515064381574499,0.5297529189530824,-0.004159759519576106,0.5597377908895316,0.5020655333685209,-0.006302145552266029,0.5671344868019426,0.479136659104346,-0.008877953946061608,0.5756018910698878,0.4651720248920869,-0.011574836752580758,0.5457743754887375,0.4598568105573782,-0.0014396980441215292,0.5467846320887867,0.42860371117883367,-0.005907431779965187,0.5478315366690697,0.4098336885468732,-0.009994824256938298,0.5493627222605325,0.3936493289491059,-0.013160398951452707,0.5370419497790445,0.45772269739155785,-0.003699247965452186,0.5349946024540753,0.42132790818390375,-0.007936102828757284,0.5349656685407634,0.3980632551554949,-0.011855704111766473,0.5354986785184659,0.37840096477917706,-0.014649077308085023,0.5294121095272071,0.4629479737101172,-0.006984169384346505,0.5242402123381389,0.4284233843061804,-0.011814575864460995,0.5228031478282218,0.4059491327178029,-0.015295707354346858,0.5225465314215196,0.3860750441180179,-0.017575958342151445,0.522902473941193,0.47430470721998885,-0.010816058899622647,0.5160799426382577,0.44941863438338553,-0.015642316388996713,0.5125591888729715,0.43267527629906327,-0.017950959462004257,0.5102482153731128,0.41597798713547496,-0.019386745478611724
0.5387253589249286,0.5459059121262467,9.579717867747318e-08,0.5514709183647138,0.5300228897927104,-0.0043033909821653124,0.5597168360007507,0.5022695308094379,-0.006476094035713357,0.567132486544412,0.47925131429681617,-0.009050353646401279,0.5755879643727073,0.4651810426278198,-0.011730602079095468,0.5458186823411014,0.4599712003056871,-0.0015187733468597037,0.5468130842742062,0.4287275412833117,-0.005993103502924485,0.5478592169318104,0.4099672636226514,-0.010081632371144442,0.5493933563564383,0.39379392343244424,-0.013245726343924114,0.5370335708622652,0.45776775279716286,-0.003707398405434698,0.5349842435463427,0.421353812070306,-0.007945870757416167,0.5349517173655187,0.3980823246110437,-0.011858756428399118,0.5354969095294334,0.37839875794166955,-0.014638608571137727,0.529363165277556,0.46296973104207906,-0.006936747132416987,0.5242019163422696,0.4284072922707622,-0.011793899802390087,0.5227468836292503,0.40591956831226933,-0.015288144458914969,0.5224806415054503,0.3860249455200239,-0.01756210029015166,0.522825812801324,0.4743353840150578,-0.010724419807690849,0.5160267552924949,0.4494014234211368,-0.015588452962972406,0.5124841409732839,0.4326670800897215,-0.017916394593407683,0.5101535706512967,0.4159805581944825,-0.01935350545921209
0.5387124899175724,0.546142888443626,9.569117385606261e-08,0.5514374563057766,0.530298919705737,-0.0043658216330893194,0.5596730630178153,0.5024686265811205,-0.006543478295225276,0.5670901765570715,0.4794447180141373,-0.009115656019919793,0.5755371360721186,0.4653171010322856,-0.01178543138775375,0.5458346151183026,0.46004379934813305,-0.001507250987622996,0.5468334152054475,0.4287951401432451,-0.0059953599951773325,0.5478675776337367,0.41000896374502616,-0.010108199041170537,0.5493809165754409,0.39379321065440676,-0.013290810685327187,0.5370291301067904,0.45784585284804113,-0.0036812576806125787,0.5349966367257971,0.42141809204891784,-0.007929099961095674,0.5349611321462127,0.398126642457648,-0.011858516188386604,0.5355019879424467,0.3784156729381082,-0.014647169279714605,0.5293414656763729,0.4630602100859648,-0.006908229104301208,0.5241938833703457,0.4284967280596765,-0.011779025430462088,0.5227163264528044,0.40597031790641597,-0.015279207288886444,0.5224286510306547,0.38603647017593073,-0.017551617944578744,0.5227843512311203,0.4744531181221038,-0.010703551425956123,0.5159971565801631,0.44948463042483927,-0.015580940015368614,0.5124323174691378,0.4327141766744792,-0.01790898739872978,0.5100756343779409,0.41598665232173593,-0.01934150600653264
0.538673992487836,0.5462613368871765,9.558340009609937e-08,0.5514227978617752,0.5304282525512737,-0.004410223469012629,0.559663583716959,0.5025966374306303,-0.00659027246594309,0.5670818793372887,0.47957283708587545,-0.009160984719546628,0.5755366153048688,0.46543199272028324,-0.011827257561249617,0.5458507219176963,0.46009118434661567,-0.001500950387533455,0.5468638776783672,0.4288664010660885,-0.005997527373626624,0.5478927593640237,0.4100805718874913,-0.01012810016128332,0.5493921639098713,0.3938203878157337,-0.013328180175757532,0.5370175027892334,0.45788298342003986,-0.0036644785498893793,0.535000463142023,0.4214628906405449,-0.007924012720829739,0.5349597233741695,0.3981645418213813,-0.01187288511751791,0.5354902369870685,0.3783936738741069,-0.014676016756853235,0.5293100709020406,0.4631110425204749,-0.006888343922340181,0.5241997856821763,0.4285366743315867,-0.01177766215475712,0.5227230185320538,0.4060108762361037,-0.015286377224134326,0.522427583260888,0.38602805467978946,-0.01755988585681784,0.5227328857670759,0.47451876722492353,-0.010686891097549474,0.5159518215721681,0.4495140076223953,-0.015582965498248674,0.5123780471485542,0.4327263969350961,-0.017914629043185908,0.5100075044788983,0.4159545271995425,-0.01934598256510864
0.5386391571230994,0.5463685179317764,9.548587830664331e-08,0.5514095338011157,0.5305452826199702,-0.0044504015837582974,0.559655006133857,0.502712471258069,-0.006632615344822604,0.5670743713898904,0.47968876884091133,-0.009202001530158344,0.5755361440755629,0.46553595534542486,-0.011865105023255282,0.5458652965590546,0.46013406185081496,-0.0014952491315358115,0.5468914424109274,0.42893088329920664,-0.005999488580370042,0.547915545684182,0.41014536831099185,-0.010146108188898207,0.5494023413424918,0.39384497975170996,-0.013361994896326538,0.5370069815193519,0.45791658194927437,-0.0036492955326669907,0.535003925570704,0.4215034277696389,-0.007919409403897158,0.534958448611457,0.3981988360110966,-0.011885887203386772,0.5354796038404037,0.37837376746935214,-0.014702120119979947,0.5292816625531671,0.4631570395236186,-0.006870350316761605,0.5242051265370545,0.4285728207174984,-0.011776428560547213,0.5227290740277868,0.4060475764578446,-0.015292865119851206,0.522426617062637,0.38602043970706196,-0.017567367284550318,0.5226863159512829,0.47457817146196,-0.010671815581582544,0.5159107990532713,0.44954059031632604,-0.015584798307227811,0.5123289392879815,0.43273745474437536,-0.01791973402665335,0.5099458554311861,0.4159254579770911,-0.019350033291399397
0.5386235905322495,0.5465174679039083,9.575866765225417e-08,0.5513978206474378,0.5307402371305042,-0.004519338613477687,0.5596480552865456,0.5028594930419044,-0.006702542550868014,0.567084003298573,0.47982077749247576,-0.009261631564682595,0.5755294297670215,0.4656051207195649,-0.011905536500652182,0.545856547995278,0.4601725629666958,-0.001474538083041815,0.546892911717514,0.42899516520186837,-0.005973946951312941,0.547932694486457,0.4102050981029328,-0.01013171219355928,0.5494371161689385,0.3938749916223059,-0.01335745484293227,0.5369837172779142,0.4579527195119231,-0.003604423492544814,0.5349863011791481,0.4215572006824054,-0.007861981366999156,0.5349633959090575,0.39824433752078336,-0.011833016638880324,0.5355196560526,0.37839596266475795,-0.014652972361877611,0.5292498784272028,0.46321181520369287,-0.006815368492243012,0.5242001787881377,0.4286627548526133,-0.011727143873915186,0.5227101673101846,0.4060851400472129,-0.015254101794350172,0.522401254531174,0.38600142688922273,-0.01753154378642752,0.522653429341467,0.4746453426636032,-0.010615861792461217,0.5159081063532616,0.4495776198703902,-0.015544864604225661,0.5123089400225748,0.4327599429370441,-0.01788363404105493,0.509908361800381,0.4159294651790399,-0.01931278142025647
0.5386007617461027,0.5465336576612341,9.59103623877574e-08,0.5513936116694453,0.5307752396220801,-0.004530895138231198,0.5596650518647047,0.502914273607118,-0.006711500284789093,0.5671333437143632,0.47989443882246685,-0.009268937908039957,0.5755816292570278,0.46566097091691266,-0.011909110790630532,0.545848444531671,0.46017749301203986,-0.0014309843830031628,0.5468946154689803,0.4290405041738026,-0.00591624546659631,0.547946618771955,0.4102814854585788,-0.01007357032383491,0.5494731246223669,0.3939439697039183,-0.013303619004812361,0.5369702580245665,0.4579690561973332,-0.0035610614794752637,0.5349687997573757,0.42158219234193695,-0.0078055646417511905,0.5349631779287718,0.39827855942122464,-0.011777676336753166,0.5355496274060114,0.378417217375636,-0.014601344205620386,0.5292354795879766,0.46324590722935044,-0.006778463223489596,0.5241953671701068,0.42870347808409376,-0.01169171187596566,0.5227002995385523,0.4061109714354166,-0.015220107358143062,0.5223955297258007,0.385990714685022,-0.01749913348847164,0.5226535457034133,0.474668858876418,-0.010588466863945784,0.515930016291696,0.4495999884976414,-0.015524767221872024,0.5123242898502246,0.43278501779310735,-0.017864314092279763,0.5099175995994084,0.4159268968444681,-0.019295319129069687
0.5385541704824797,0.5465475305946134,9.711244511085405e-08,0.5513556816890859,0.5307659702490242,-0.004607938662927915,0.5596595211007601,0.5029258209118879,-0.006815995813224408,0.5671588037287224,0.4799336848895453,-0.009381708748591108,0.5756209651217737,0.46566453051833706,-0.012020707517443895,0.5457838800681776,0.46011241859078733,-0.0014600320649493532,0.5468402577334797,0.42897689818148566,-0.005953791973488494,0.5478959425699143,0.41020432621858965,-0.010122862128255972,0.5494424375033923,0.39388585295421,-0.013354747997766061,0.5368823123792109,0.4579453913518273,-0.0035502163453266663,0.5348850208988642,0.42159198138699666,-0.007793556244539842,0.5348975501857467,0.3982846294914341,-0.011779032620516817,0.5355210297554163,0.378468816784787,-0.014607761989886562,0.5291345671858646,0.4632669019898026,-0.006736852323169973,0.524113636306473,0.42877823922200936,-0.01166354529077549,0.5226034304877113,0.4061493623110383,-0.015215300017058007,0.5222996312971566,0.3860260573923082,-0.017502879023888987,0.5225670491395984,0.47470676222054564,-0.010520534109633122,0.5159180963506061,0.44966524254532014,-0.015465299330047845,0.5123235115285734,0.43285620762041144,-0.017808486505102618,0.5099210031721257,0.41603267772650543,-0.01923545812958673
0.5385120112091734,0.5465600838662874,9.820017980871163e-08,0.5513213597951486,0.5307575826243569,-0.004677653428349369,0.5596545164503042,0.5029362697801926,-0.006910551212670838,0.5671818418612024,0.4799691976775552,-0.009483752271734057,0.575656559165455,0.4656677515129537,-0.012121688614326751,0.545725457294236,0.4600535343687788,-0.00148631658841693,0.5467910707733271,0.4289193427042249,-0.0059877668718422185,0.5478500869376384,0.41013450674528396,-0.010167465053627594,0.5494146694942157,0.39383326455578305,-0.013401013349254507,0.5368027325565076,0.4579239776229037,-0.0035404028537177356,0.5348092114977318,0.4216008392499089,-0.007782690145176237,0.5348381652766561,0.3982901221466885,-0.011780259887893278,0.5354951524541026,0.3785155078041687,-0.014613569282925181,0.5290432540681296,0.4632858996253049,-0.006699199656496461,0.5240396800848651,0.42884588871251417,-0.011638058049803765,0.522515776097773,0.40618410125761206,-0.015210949973918564,0.5222128551990545,0.3860580381273216,-0.01750626826554201,0.5224887805546673,0.4747410600120206,-0.01045906345327383,0.5159073102929824,0.4497242893068051,-0.01541148831679331,0.5123228072447085,0.43292062552094795,-0.01775796951279961,0.5099240829802539,0.41612839621039277,-0.019181291403008786
0.5385005448225361,0.5466060406605664,9.9010759004811e-08,0.5512729245644767,0.5308702398392184,-0.004775529003227185,0.5596128444358935,0.5030170008524982,-0.007048947235209842,0.5671588716049739,0.4799970288700044,-0.009633813591155083,0.5756295680364258,0.46564995684777116,-0.012279387840536362,0.5456874414166406,0.46007587929399085,-0.0016340247210878118,0.5467800887618369,0.42893506269818743,-0.006173021069381272,0.5478515824034297,0.41010350828863834,-0.01037185771177254,0.5494310238093795,0.393782013042589,-0.01361471294604593,0.5367538502280508,0.45797148569743273,-0.0036451004551356415,0.5347871689036301,0.4216606999577083,-0.00792690187304225,0.5348424209585214,0.3983174089894945,-0.011944317033545744,0.5355313555927913,0.3785277579708872,-0.014786406886940408,0.528996069568378,0.4633757723960172,-0.006764073587968887,0.5240103049359959,0.4289176745551668,-0.011755935298631455,0.522473138325028,0.40619982157227463,-0.015362499398893255,0.5221674401417776,0.3860522514733571,-0.017670457707411356,0.5224615813747602,0.4748558621420061,-0.01048740350998843,0.5159273341756233,0.4498208784309515,-0.015488971083596936,0.5123468112854905,0.4330047561845609,-0.017864617559185825,0.5099460964093133,0.4162298532456153,-0.0193004936212366
0.5385361916493011,0.5465399489908744,9.976928967831416e-08,0.5512835730074019,0.530763114795191,-0.004804982187002674,0.5596376186253639,0.5029818766102769,-0.007112414493974368,0.56719557337873,0.47998982622685155,-0.009725568704144257,0.575662552044172,0.46561030502230916,-0.012398402998576325,0.5456881270583265,0.459984648522514,-0.0016997173465315403,0.5467969926592593,0.42881040911227924,-0.006260250609077395,0.5478720658125114,0.4099434210599776,-0.010473287704063708,0.5494442915520499,0.3935757148226354,-0.01372655991249966,0.5367387893968332,0.45793623579683457,-0.0037043944244684315,0.5347859280673907,0.42168788342724295,-0.008006152271471213,0.5348379257450474,0.3983415275149022,-0.01204207707261522,0.535522327842195,0.3785322941217556,-0.014902906103089517,0.5289686991955405,0.4633871693077944,-0.006816249155631965,0.5240091478700014,0.42896759806927137,-0.011823022164757759,0.5224876946497717,0.406232867683737,-0.015442729531685092,0.5221961131500731,0.386065530290997,-0.017763372497289424,0.5224301486404378,0.4748967654564442,-0.010533627994023517,0.5159134751242757,0.4498848912375683,-0.015551240436807631,0.5123247377351612,0.4330785422619554,-0.01793721204451621,0.50991001433694,0.416300158976079,-0.019380367516859374
0.538568368196031,0.546431439955199,9.998980158786527e-08,0.5512915245615312,0.5305896648850772,-0.004763794590515437,0.5596413028647398,0.5028813405068696,-0.007064755954995304,0.5671723571818714,0.4799123557663528,-0.009679222791177236,0.5756517000005522,0.46557361711472667,-0.012354937922459166,0.5456905448326376,0.4599129000410834,-0.0016636223925526362,0.5468291224698061,0.4287238590967764,-0.0062172485539043944,0.5478946433684642,0.4098179389559015,-0.010426628692589843,0.5494415328155083,0.3934148642059351,-0.013682451514388122,0.5367460490903938,0.4578755275085576,-0.0036844370216920085,0.5348022174891421,0.4216836553649185,-0.007986692063135351,0.5348487075729378,0.3983449416437777,-0.012029042285412926,0.5355177365544825,0.37853417050596344,-0.014900246254293183,0.5289705525476098,0.46331605967433,-0.006808238198501144,0.5240169515637128,0.42894673827191004,-0.01181635425478508,0.5225102839878718,0.4062409865798662,-0.015443658633516613,0.5222235271414722,0.3860983941373186,-0.017774754974267164,0.5224254854493626,0.4748039884587714,-0.010532836164543301,0.515888352934446,0.44986546056010657,-0.015554897489936815,0.5122946148315262,0.4330909238866314,-0.017950721899264416,0.509871462216328,0.4163279715418547,-0.019403949360158015
0.538597483951264,0.5463332528330757,1.0018933731922633e-07,0.5512987197246944,0.5304327143841291,-0.0047265249609302834,0.5596446366411325,0.5027903678924543,-0.007021630930817946,0.5671513494239276,0.4798422546773642,-0.009637285529564946,0.5756418802567349,0.4655404191414903,-0.012315607458316181,0.545692732616356,0.45984797662835053,-0.0016309609682545767,0.5468581959346316,0.428645542144745,-0.006178337065874383,0.5479150732361686,0.4097043933271846,-0.010384408115941745,0.5494390365035651,0.3932693144915976,-0.013642538924205276,0.5367526182061709,0.4578205940914661,-0.0036663780652974663,0.5348169573809205,0.42167982949669275,-0.007969083005599007,0.5348584637802914,0.3983480310039103,-0.01201724743132618,0.5355135820126554,0.37853586839926995,-0.01489783942340606,0.5289722295997082,0.4632517143392004,-0.006800989283042317,0.5240240129316687,0.4289278627611451,-0.011810320629228271,0.5225307245169476,0.40624833316663456,-0.015444499354608905,0.5222483333790786,0.3861281318128232,-0.01778505469401054,0.5224212658439746,0.4747200368657631,-0.010532119657780607,0.5158656204909636,0.44984787822432226,-0.015558206666172435,0.512267357366749,0.43310212771022616,-0.017962946630133838,0.509836577363181,0.4163531384394811,-0.019425287982452903
0.5386176328858606,0.546322848642466,1.0070420275053533e-07,0.5513282445206007,0.5303783162238704,-0.00470920952123625,0.5596730033579033,0.5027536519435035,-0.007002130390101059,0.567151714031825,0.4797900143062959,-0.009617232242194185,0.5756264742450211,0.4654817150082117,-0.012295547856725472,0.5456917582760963,0.4597833890663891,-0.0016428007996570275,0.5468590573347047,0.4284758206036211,-0.0061988436382831025,0.5478947833558542,0.4094524739857429,-0.01041355290311773,0.5493765577813251,0.3929503933426254,-0.013679895806156203,0.5367574227879984,0.45780753069225577,-0.0036787855306886653,0.5348321775441884,0.42168165756862563,-0.00798992039717523,0.5348505374125547,0.39831600204182055,-0.012053060194991534,0.5354738982661011,0.3784977977836881,-0.014950220651686007,0.5289680205363013,0.4632594221321672,-0.006809027974870577,0.5240451386243387,0.4289260404482795,-0.011817774385668054,0.5225664457595534,0.40625112822156867,-0.015458138542174218,0.5222889008847066,0.38616427694048755,-0.017807624116960886,0.5223926758911154,0.4747454770937653,-0.010533541703409645,0.5158476983067084,0.44988717042847565,-0.015562418045405585,0.5122591751282243,0.4331388943961328,-0.017977276820026485,0.5098365695210307,0.41639518044952745,-0.019446961112922486
0.5385965614966702,0.5463008299904676,1.011585107220423e-07,0.5512955460248048,0.5303011344706602,-0.004705475925249267,0.55965155493046,0.5027206383821576,-0.007010004688939073,0.5671282134205924,0.47975903004738385,-0.009641222731783654,0.575614620247453,0.46548170776922176,-0.012336954424209706,0.5456843732592783,0.4597206561215654,-0.0016479887861109092,0.5468630629599706,0.4283494535994471,-0.0062079728498930856,0.5478815264472865,0.4092832811627686,-0.010433059947228393,0.5493291848803515,0.39272034829329017,-0.013713102273408365,0.5367570473183307,0.4578002628672843,-0.0036938187151185353,0.5348508656828012,0.4217012030743659,-0.0080122922924372,0.5348467272830303,0.39830989499209213,-0.012094830268175058,0.5354384827130263,0.3784759017626671,-0.015015369498868699,0.5289687307598078,0.46327786690370154,-0.0068327181262977585,0.5240851312617513,0.4289711737219338,-0.011840617774253671,0.5226043368509576,0.40628709839172833,-0.015489033237054736,0.522319582319451,0.3862078841238134,-0.017853337688647854,0.5223856012313042,0.4747625637851264,-0.010567511832992321,0.5158579763516403,0.44994222937668593,-0.01559585061155584,0.5122699942419084,0.4331966207122772,-0.018017416608866486,0.5098434853571154,0.41644835331059765,-0.019497639140713237
0.538556464910169,0.5463877492151075,1.0099676659089982e-07,0.5512684527212308,0.530392506527989,-0.004676948658391004,0.5596341595929539,0.5027934922492486,-0.006969109987910071,0.567094877113356,0.4797809788890925,-0.009598272886178533,0.5755974528686382,0.4655026542869266,-0.01229160915187107,0.5456862466013688,0.4597556946215541,-0.001583494136325367,0.5468718471477825,0.4283647775665707,-0.006130780251347468,0.5478818172466385,0.4092591273682042,-0.010352199930421128,0.549315625969738,0.3926572474899683,-0.013639511970659489,0.5367863610751553,0.45783676052652894,-0.003653609412754259,0.5349098296669262,0.42173888700749385,-0.007972537139548676,0.5349287531410701,0.3983389580217553,-0.012056620356872216,0.5355343884057434,0.3784914375105825,-0.014981787179332696,0.5290078549476727,0.4633011937207311,-0.006819345810435881,0.524127426071147,0.4289798399216308,-0.011835860426512442,0.5226582073455803,0.4062967915870217,-0.015480715707463247,0.5223917800909661,0.38621909863422355,-0.01784575143502868,0.5224223247098729,0.47477205755004437,-0.010580192940481594,0.515858805886898,0.4499892329128136,-0.015621895142433681,0.5122681325700855,0.4332396847745834,-0.01805215177530155,0.5098482294649542,0.41645144920317084,-0.019542636374052538
0.5385339716739601,0.5466477969559459,1.004753699362807e-07,0.551271282531931,0.530771359052409,-0.004712093287259897,0.5596221554412246,0.5030918699326646,-0.006997210934813441,0.5670505485415601,0.4799969102176374,-0.009612854592532366,0.5755263990000932,0.46564471285929643,-0.012289297801929186,0.545713836116706,0.4599299892447985,-0.0015769519053509026,0.5469071472761872,0.42857142567664214,-0.006144087107171676,0.547935116508439,0.4094733227796284,-0.010382983073656918,0.5493910133052949,0.3928748693543953,-0.013684351966758063,0.5368116503277433,0.45795348238844436,-0.0036365091893707613,0.5349528711818755,0.4218141978344163,-0.007982020241130306,0.5350282583227153,0.39839590500815963,-0.012079048877263314,0.5356937172834365,0.3785101362243493,-0.015006741726648148,0.5290326944503969,0.46340391109728596,-0.006799913883692819,0.5241533599155881,0.4290113506938052,-0.011858466766108319,0.5227171875599715,0.4063115387789605,-0.015519454509946332,0.522495642608398,0.3862004036491037,-0.017885133612372917,0.5224554414726647,0.47490183072008735,-0.010560342252065733,0.5158687473998035,0.45009356417659085,-0.015645378381324036,0.5122823406834247,0.43332445655493446,-0.018095794989997048,0.5098809170849198,0.41650148075944277,-0.01959490174617031
0.5338086663418367,0.5447872508880244,8.336128930928696e-08,0.5450716811395864,0.5274236607019533,-0.004612402040394657,0.5529702166942667,0.4986443680735801,-0.007072708713428511,0.5598753089428545,0.474803957829927,-0.00976888899977216,0.5672245971909883,0.45969106524644593,-0.012388993019607487,0.5410897261564885,0.459167129882726,-0.002703304830778465,0.5445148044798263,0.4302375935794493,-0.007354911067692591,0.5451059006160632,0.4141776742009871,-0.011221303961084023,0.5456649919522539,0.39964777330536466,-0.014193299198066377,0.5333952030562152,0.4589231550448449,-0.004705109725232673,0.5342384604660076,0.42608770571866195,-0.008954885266735699,0.5338717563747758,0.4059547681098139,-0.012458589001449992,0.5337423167207266,0.38819329818544357,-0.01505179400934515,0.5267832529728383,0.4656229234380279,-0.007705154079493595,0.5248407535846216,0.43447925610096755,-0.012570485020619514,0.5230642801217227,0.41478457027884885,-0.015559448530442437,0.5221027009705351,0.39670586210409714,-0.0175584611143876,0.5213209776052259,0.477812101071904,-0.011262587976156608,0.517418744855,0.4553973924076133,-0.01605763648791662,0.5137657051716698,0.44085467338014983,-0.018095579009882453,0.5108999926690694,0.42571928676740045,-0.019361898481674144
0.5295328553107277,0.5431036891196401,6.787518426656715e-08,0.539461816345949,0.5243944118958722,-0.004522193915608814,0.546951043101579,0.4946199344818135,-0.0071410247717437255,0.5533826134511098,0.47010498463290445,-0.009910080646198244,0.5597125036312056,0.45430375789821964,-0.012479204737483107,0.5369054842954291,0.45847683745794665,-0.0037225135220612287,0.5423500331053007,0.43174526739050884,-0.008450555493446515,0.5425458136646931,0.4184345245604578,-0.011979879639506707,0.5422934080896888,0.4057764052964708,-0.014653832863708366,0.5303037450648145,0.4598005876654664,-0.0056720597185009455,0.5335920080137431,0.4299546964988698,-0.0098352065826906,0.5328252665843951,0.4127945949487225,-0.012802025400937977,0.5319765429842815,0.3969553501205416,-0.015092560697165917,0.5247477894403142,0.4676308524030008,-0.00852428337230245,0.5254627589845239,0.4394270274329205,-0.013214772594227334,0.5233783555306201,0.4224516053184398,-0.015595638122859481,0.5217471378753138,0.406211989643274,-0.017262863312283702,0.5202944295246579,0.48044553218358527,-0.011898032630537814,0.5188212989232133,0.4601966943920041,-0.016430678574287053,0.5151079647287137,0.44766857891743056,-0.018095383574859406,0.5118221287677927,0.43406024969809354,-0.019151059634532515
0.5256676444984377,0.5417008461840656,5.402225304811988e-08,0.5343545100164867,0.5218142230395406,-0.004451454476814537,0.5414642746114836,0.49113211767635495,-0.0072209848019294635,0.54748330484853,0.465971583750098,-0.010064110655739747,0.5529158847224916,0.44950500195725007,-0.012594391679886185,0.5330534067053939,0.4579222378228155,-0.004658228252077858,0.5403666008080378,0.43316892158606524,-0.00947027860211914,0.5402163557914726,0.4223561167702892,-0.012693997871383724,0.539221777082221,0.41140239394901434,-0.015093933118990157,0.5274307084689381,0.4606356102296106,-0.006561844172910625,0.5329852032252412,0.4335358691756687,-0.010658947933603067,0.5318494643279056,0.41910429724535886,-0.013129475374023567,0.5303495610972908,0.404977788871091,-0.015136187054802352,0.5228231802043952,0.46946924347473085,-0.00928471166920772,0.5260137574448549,0.443953461916649,-0.013833157951395844,0.5236377544542121,0.42949325461997634,-0.01565265265463479,0.5213959993267354,0.4149184938148274,-0.017009646120514272,0.5192823431653992,0.4828517729423462,-0.01249850369302869,0.5200607646254946,0.4646235078873277,-0.016813634911080826,0.5162859598380193,0.45395878892537506,-0.01814202670991495,0.5126154684094326,0.44173579956354414,-0.019004208696827212
0.5221732952047277,0.5404739670572659,4.0958334581747247e-08,0.5297107843308526,0.519508867142001,-0.004411178402253875,0.5364985868977558,0.48797816002096633,-0.007321223145651113,0.5421401751807973,0.46225770325982957,-0.010227427633658637,0.5467351620916373,0.44516730289968737,-0.012719592791416767,0.5295568374928276,0.45740566690274315,-0.005543275980675238,0.5386326972524297,0.4345639686269463,-0.01044119502507306,0.5381476833467796,0.42600812342364536,-0.013400508123471027,0.5364583691756216,0.4165289396640531,-0.0155662165353403,0.5248205224879331,0.46140982975183653,-0.007400601345137438,0.5324740749197042,0.4369189552291887,-0.01145426033368994,0.5309565742221285,0.4249180389840566,-0.01348669555652434,0.5288470401883552,0.41231101775056306,-0.015247646663006096,0.5210675029033478,0.471195693486944,-0.01000128873381004,0.5265346759052556,0.4481853374318867,-0.014421611777329868,0.5238563755958368,0.43597300238851433,-0.015733396294397295,0.5210531905640668,0.4228792184413381,-0.016814879520141213,0.518355021571112,0.4851177065540373,-0.01306857256406568,0.5211848890385656,0.46872249073848965,-0.017180034802060346,0.5173300805285862,0.4596958945667344,-0.018204294930266575,0.513302934074599,0.44869281960601226,-0.018895504405166828
0.5189636136696725,0.5392621619839093,2.8958882632535797e-08,0.5255276904227086,0.5173256403527271,-0.004348228834732211,0.5320284440090293,0.4850632313650187,-0.007381751096565228,0.537301647558676,0.4588537165497417,-0.010350767719212109,0.5411385643847022,0.44119509051941586,-0.012821076085370657,0.5264223398875832,0.4569117592129328,-0.006311462837276899,0.5370673428553926,0.43586636400997947,-0.011284491007553901,0.5362678950541282,0.42933050832537806,-0.014015893401056311,0.5339498923884589,0.42116025948845753,-0.015981394402155256,0.5224669791535825,0.46207444611284726,-0.008141553525477177,0.5320152984401161,0.4400293663980604,-0.012153649211461873,0.5301358629718308,0.43019005191359266,-0.013794846386954716,0.527461268594518,0.4189480317430493,-0.01533904294635885,0.519460832376764,0.472722126748554,-0.01064484112745073,0.5269981665644589,0.4520435753785193,-0.014945302071324927,0.5240446750079546,0.4418193521596747,-0.015803447074161404,0.5207224437870458,0.4300674050828351,-0.016639468323920215,0.5174750484941937,0.48713468643243646,-0.013590502782693402,0.5221487162263853,0.47243571986296085,-0.017518186882120357,0.5182548986374986,0.4648208187435956,-0.018275775123300208,0.5139301982386678,0.4549024837224067,-0.018815956121387017
0.5160592528401959,0.5381656297736016,1.8100877613705895e-08,0.5217425129961806,0.5153500928414312,-0.004291267339909249,0.5279835231137988,0.48242558507002353,-0.007436521330871482,0.532923384499071,0.4557735338098464,-0.010462375088751225,0.5360743425979508,0.43760073453187587,-0.01291290578890567,0.5235860111224608,0.4564648344535773,-0.007006575979084023,0.535650892673233,0.4370448691338243,-0.012047568525501526,0.53456692147614,0.43233685162257085,-0.014572740202128268,0.5316800342599449,0.42535102537593583,-0.01635707850678473,0.520337316445271,0.4626758408943752,-0.008812022687476741,0.5316001630373516,0.4428438999471907,-0.012786508776807315,0.5293932218151796,0.4349605650245686,-0.01407368439368464,0.5262073184154165,0.42495370029736984,-0.015421745165389095,0.518006996258657,0.4741033581652571,-0.01122717564986113,0.5274175677108703,0.45553479874152714,-0.01541917636696595,0.5242150624531873,0.4471095683650295,-0.01586683427896634,0.5204231592713815,0.43657181603093587,-0.016480743104052842,0.5166787827875551,0.48895980125728283,-0.014062784429999071,0.5230208594281686,0.4757957283567007,-0.01782417227194982,0.519091743495962,0.4694582349080179,-0.01834045576854894,0.5144977939480734,0.46052145402425365,-0.018743974861894806
0.5134204246717907,0.5371286526847008,8.514023749102623e-09,0.5183091704357562,0.513521169674756,-0.00424645397166759,0.5243200694588841,0.48001990724983806,-0.007497098496078347,0.5289742557246357,0.4529651251551298,-0.01057911977469458,0.5315211933447465,0.4343411331446229,-0.01301070017890815,0.5210449003441653,0.45610720845117736,-0.007652562821674982,0.5343359509953469,0.4380864689631787,-0.012751202747242436,0.5330060995778817,0.43504831786026116,-0.01506254681528392,0.5296271678174721,0.4291971676704467,-0.016658465673460198,0.5184278937646047,0.4632552635581372,-0.009430153406068625,0.5312192046730921,0.4453630066481234,-0.013375959350641476,0.5287383417300152,0.4393030842697224,-0.014322629689426486,0.525106051454657,0.4304356249380448,-0.015472558447762625,0.5167122136448243,0.47535926399556305,-0.011761262007508176,0.5277991088454531,0.45867020261645186,-0.01586738798684538,0.5243804171536257,0.4519085903371227,-0.015929948311007133,0.5201734021329167,0.4424768807394017,-0.016328416609417338,0.5159792857358061,0.49060591011411336,-0.014492366461911153,0.523837164816219,0.47881786493780304,-0.018108496627606725,0.5198584806135932,0.47367890340642155,-0.018396784996525892,0.5150049504981822,0.46566335050185287,-0.018669329401161047
0.5110645674762263,0.5362823288896821,1.6411856425947004e-10,0.5152167577932969,0.511949280858955,-0.004193877773755114,0.5210028024077902,0.47791679205269166,-0.007530878424680904,0.5254153903111691,0.45047631261100707,-0.010652942205198948,0.5274208790916628,0.4314686860361966,-0.01305281628326303,0.5187260846619445,0.4558294709816652,-0.008213410453104867,0.5331183446140924,0.439048201937704,-0.01333275973608457,0.5315797971485496,0.43753149825385523,-0.015423963630761418,0.5277705610256422,0.4327166362395091,-0.01683421983375424,0.5166914468497201,0.46381752858091296,-0.009960182954281478,0.5308412990938228,0.4476106754535903,-0.01385825581323762,0.5281389361875718,0.44322551939984534,-0.014488573597414442,0.5241232522148204,0.43541664660583085,-0.015452026357313818,0.5155496746154846,0.47652504354793074,-0.012206377128033945,0.5281291322622919,0.4614787468615815,-0.016219214221145244,0.5245412291885001,0.4562442253104791,-0.01593796909680824,0.5199721181609932,0.4478287513036125,-0.0161441699193021,0.51537498389635,0.4921195923836683,-0.01483156143850482,0.5245763408475463,0.4815673534373097,-0.018309363348872894,0.5205864259833551,0.4775350317980173,-0.018398116403163536,0.5155327869696362,0.4703477057498416,-0.018556769932233923
0.5089437453900016,0.535553660680454,-7.460735308526807e-09,0.5124314748592033,0.5105690422709359,-0.00413721155068795,0.5180197128705476,0.47604811488550985,-0.007550779716642863,0.5222055935079124,0.44825131620736197,-0.010713619779115491,0.523695062916253,0.42889230153074287,-0.013096008530193423,0.5166220571857493,0.45555005330638804,-0.008706296818228655,0.5320297114132263,0.43993477657821395,-0.013855717726660664,0.5303385166546747,0.43982384241339423,-0.015770140112790723,0.5261503584402556,0.4359566367248038,-0.01702961815161123,0.515110030214065,0.46428024035390375,-0.010439389592207625,0.5305079713215878,0.4496797222591776,-0.014293991349791986,0.5276301544719195,0.4468386250949742,-0.014647017403934034,0.5232692990924639,0.4399740926814016,-0.015452601676744396,0.5144789150048132,0.47754995455274696,-0.012623805062428486,0.5284308636556441,0.46404112698172084,-0.01655755918749717,0.5247127290840666,0.46022129443859294,-0.015966992894147266,0.5198203719064965,0.452721074742092,-0.016001741781293367,0.5147986147702197,0.493486019890423,-0.015168719877303102,0.5252512015572098,0.48407849823619126,-0.018523392447488445,0.521261466221481,0.4810766453166268,-0.01842503037736218,0.5160216847736496,0.47466068089360536,-0.018476198532445025
0.5070246663392466,0.5348943069777725,-1.4360275551612544e-08,0.5099111417468867,0.5093200987709057,-0.004085935697668526,0.5153203894927721,0.47435719548804806,-0.007568787899759789,0.519301128375113,0.4462379724130027,-0.010768525403547743,0.520323664713813,0.4265609954003416,-0.013135092118004746,0.514718175159055,0.45529721521566935,-0.009152297406328733,0.5310446343606493,0.44073701587522257,-0.01432892937918831,0.5292153128709256,0.44189812751362295,-0.016083386583978277,0.5246842774993835,0.4388884324167439,-0.017206429219728515,0.5136790457124826,0.46469893670559304,-0.010873011736092342,0.5302063513276778,0.451551951148826,-0.01468827757743097,0.5271697705772697,0.45010803439277547,-0.014790389255721422,0.5224965781942397,0.4440980120546398,-0.015453122268959032,0.5135100113185583,0.47847737097820126,-0.013001525197134602,0.528703892873747,0.466359760892868,-0.01686371911532508,0.524867915065449,0.4638200451762157,-0.01599325580502907,0.5196830605026185,0.4571480162952219,-0.015872862108799405,0.51427707271224,0.4947224660872166,-0.015473806145918327,0.5258618661945242,0.4863507705820175,-0.018717062044798345,0.5218722933096267,0.4842813631256218,-0.01844938416186521,0.5164640762122037,0.47856338461334924,-0.018403291480774263
0.5052547127135636,0.5342988138919348,-2.074074106865973e-08,0.5076145858879717,0.5082000816724863,-0.004059781810503184,0.5128746837484686,0.4728126324346907,-0.007603131812831576,0.5166570320531755,0.44440103470569825,-0.01083126827690719,0.5172643947979533,0.4244181213169372,-0.013180755372212126,0.5129840769968896,0.45507504225200146,-0.009540264352749852,0.5301740995212348,0.44146953630049435,-0.014761632421479914,0.5281932555228455,0.4437658913437013,-0.01640040478484151,0.5233413224486417,0.44148079821690395,-0.01742172700021446,0.5123731385597237,0.465101640805217,-0.01123888083381553,0.5299375846093466,0.4532481170659872,-0.015041872476489634,0.5267400435360717,0.45304707021666496,-0.014940887415632103,0.5217859771777011,0.4478154465217704,-0.015488555724684811,0.5126280242043254,0.4793398106910568,-0.013311445183561013,0.528964036308401,0.46845895190190967,-0.017124980737475048,0.5249997207639424,0.46706466599549484,-0.01601771289353475,0.5195384219210085,0.4611558156643297,-0.015764287852192572,0.5138200824545593,0.49585087754535706,-0.015714751294270378,0.5264201566521437,0.4884054927361124,-0.018871462433441868,0.5224228099325595,0.4871602765000622,-0.018468969777046703,0.5168608755395174,0.48206376162473097,-0.018344398560853466
0.5036389737500088,0.5337310392750125,-2.6144774693572637e-08,0.5055496495340943,0.5071436907370703,-0.004044091081985171,0.5106660962783037,0.47141725810625174,-0.007667032272309142,0.5142787886623499,0.44274150607133284,-0.010942282917746652,0.5145420722851494,0.42246417049033386,-0.013295513417933865,0.5114151870970726,0.4548899982259114,-0.009969047281111799,0.5293972944432093,0.4421080803108877,-0.015227634236889052,0.527291730206464,0.4454319609731841,-0.016740945602257258,0.5221528267308356,0.44382668449023044,-0.017654053380425038,0.5111910219766047,0.4654821430233308,-0.011646532663296207,0.5297091260108023,0.4547786290533102,-0.015430906506449737,0.526377734988043,0.4557069018647431,-0.01512428756155221,0.5211738729125643,0.4511891315988637,-0.015557331803948242,0.5118270160536151,0.48013022391428695,-0.01366296601360811,0.5292097187944829,0.4703567679036302,-0.01742564900304539,0.5251321312541423,0.46997765962481153,-0.01608505571535747,0.519419210701012,0.46477188697482397,-0.01570386916294601,0.5133938287928688,0.49687629208517153,-0.01599810641178539,0.5269256572872264,0.4902336035755508,-0.019077866836422673,0.5229642936524345,0.4897154157776302,-0.018545430217125205,0.5172997557034377,0.485200083224491,-0.018345431900369455
0.5021903439474225,0.5332056112162866,-3.1168039508955655e-08,0.5036724594924799,0.5062239656221323,-0.004023735014499951,0.5086731853577835,0.47021862033845485,-0.007720263280194049,0.5121573787045809,0.44130697426801835,-0.011033993713357651,0.5121080266406419,0.4207738374116525,-0.0133884568816081,0.5100024351443176,0.4547347099015424,-0.010385686271145047,0.5287049515573288,0.44270770910282914,-0.015667474693240042,0.5264766938309063,0.44693116293096086,-0.01705928270572835,0.5210793993854006,0.44594010856009514,-0.01786810991782234,0.510144507125531,0.4658687558608555,-0.012038472365511803,0.5295071055249808,0.45620157347071333,-0.015794369689930296,0.5260459107515727,0.45812679766457004,-0.015302904767190281,0.5206190084575177,0.4542692580217861,-0.015636411507596117,0.5111356050461383,0.48089301382491334,-0.013992577636160904,0.5294456214728248,0.47210956197475523,-0.017693895428087997,0.5252558187397398,0.4726129964785455,-0.016147047332708983,0.5193146563230183,0.4680365890861168,-0.015658061159347265,0.5130493652368594,0.497826889054728,-0.016252103895242415,0.5274125839766297,0.49186086087036035,-0.01924705613399104,0.5234383874217061,0.49201551148928485,-0.01858800379928797,0.5176326986332058,0.4880464142206144,-0.018316335500157557
0.5008795149417743,0.5327301644606492,-3.571346665072814e-08,0.5019738370071015,0.5053917292869889,-0.00400531531634593,0.5068698499330759,0.46913400289479296,-0.007768430692607386,0.5102377677035164,0.4400089021905612,-0.011116980526692117,0.5099055193981458,0.4192442971351882,-0.013472559105552472,0.5087240711108351,0.45459419336691226,-0.010762692509760679,0.5280784677344459,0.44325029825272466,-0.016065475360500295,0.5257391877269783,0.44828775341948307,-0.0173473380170708,0.5201080817324432,0.44785249333021915,-0.01806180434380202,0.5091975419180088,0.46621859218237716,-0.012393128834136213,0.52932430222211,0.4574891604114398,-0.01612325846644239,0.5257456512697052,0.46031650106525684,-0.015464531025079085,0.5201169254404628,0.45705638765906254,-0.01570796876060488,0.5105099644567986,0.48158324340480996,-0.014290834978837133,0.5296590839272964,0.47369562164663065,-0.017936624932879022,0.5253677404629209,0.4749976471196968,-0.016203142002296986,0.5192200476720731,0.4709907366638094,-0.015616610638516569,0.5127376687497378,0.4986870605617281,-0.01648193988790438,0.5278531918026972,0.49333332544197195,-0.01940015131282963,0.5238673830581682,0.49409681077583906,-0.018626527572769416,0.5179339703927585,0.49062198820282366,-0.018290006892745497
0.49973171255025506,0.5321903512911749,-3.956587399669071e-08,0.5004739874780855,0.5045191721657846,-0.003995901702456902,0.5052781540920953,0.4680501359238038,-0.007813584704807402,0.5085390426274083,0.43874499705527303,-0.011182455059604543,0.5079160606598949,0.41781079016238787,-0.013525973855769693,0.5076137307226609,0.45445322877655214,-0.011101641813004852,0.527520950459846,0.44371234305271967,-0.01641730684849109,0.5251013372566562,0.4495059401948397,-0.01759505730489282,0.5192549699218929,0.44958730011199904,-0.01822014278794214,0.5083894120618533,0.4665115692903149,-0.01270258252731496,0.5291722009642679,0.45862210330984865,-0.016398757137014504,0.5255144879710963,0.4622806527991675,-0.015585626371468353,0.5196900452851969,0.45954498766672447,-0.01574675016628451,0.5099864073926761,0.4821576647976381,-0.014539731224262317,0.5298493831593019,0.47510485077244935,-0.018129302904253256,0.5254973480671732,0.47713623713712494,-0.016227952786490217,0.5191650503825704,0.47361176492046275,-0.015555313931871572,0.5124752061569644,0.4993785966785759,-0.016659619782764503,0.5282490348904362,0.494671941802342,-0.019503009634856343,0.5242533989513939,0.49601438408852083,-0.018622008877263316,0.518193939851272,0.4929600338222486,-0.01822591844259377
0.49871868013758425,0.5318094625768582,-4.30458281605842e-08,0.49913437916392545,0.5038405171310162,-0.004004544401631144,0.5038550196025219,0.46713955357741543,-0.007880733737477982,0.5070090073403716,0.4376652119210866,-0.011277764295744924,0.5061325751960789,0.41655476628532023,-0.013616865085095449,0.5066028595496808,0.4543395845000555,-0.01139797942967059,0.5270217059482483,0.4441418692046728,-0.0167388706905864,0.5245033254271544,0.45058399410581534,-0.017835108197876468,0.5184475168119866,0.4511103608286895,-0.0183840206578353,0.5076485223568835,0.46680878554484023,-0.012967742320039612,0.529049100247561,0.45965195276037346,-0.01665173285005839,0.525282362359912,0.4640250142032811,-0.015711227937053228,0.5192688115470191,0.46174995281616804,-0.015798050752208668,0.5095121943925646,0.48274026675028686,-0.01474897845283049,0.5300457849400976,0.4763837408637383,-0.01830316673736064,0.5256040410788124,0.47907160940172705,-0.0162515712663488,0.5191010079300125,0.4760084779410805,-0.015492868527132506,0.5122601460414342,0.5001177652295982,-0.01680505393648371,0.5286459601045781,0.4958856490975952,-0.019587843271924765,0.524615509057931,0.49771544968793585,-0.018608438021920193,0.5184328311426754,0.49507058147586686,-0.018152714448316804
0.4977925890016255,0.5313951909969327,-4.6335410120483015e-08,0.4979345500004092,0.5031427400734794,-0.0039992705374545835,0.5025803410999578,0.4662364415155393,-0.007914659470431963,0.5056299709720998,0.43661963201669896,-0.011326106178620472,0.5045204587887204,0.4153618345535148,-0.013654087845407462,0.5057026311449647,0.4541946063550586,-0.011636104572157266,0.5266185486349109,0.44454005929046086,-0.016998465983860338,0.5239935142131869,0.4515683999455053,-0.018035823124852007,0.5177372331810325,0.4524862328694617,-0.018528165324978696,0.507004588100436,0.4670355706801923,-0.01318142067470462,0.5289629971737639,0.4606042607959085,-0.016835688618580275,0.5250921679544086,0.46559109435065105,-0.015783641561899358,0.5189082236559064,0.46371911202632354,-0.01581398439051419,0.5091031055688445,0.48323116145967476,-0.014916636040023088,0.53023290468977,0.4775634549026208,-0.018419682773906907,0.5257147483042287,0.48081626560727164,-0.01623577551219437,0.5190574023253312,0.4781526787256094,-0.015408847096961492,0.5120678341370354,0.5007432287832648,-0.016919607516229125,0.5289951431673657,0.49697128141221963,-0.019629339177317476,0.5249720331946021,0.49923223179202836,-0.018558166836875955,0.5187190720543244,0.4969417855362192,-0.018050696458603965
0.49700689692198163,0.5310502016042926,-4.94172704584575e-08,0.4968656827176133,0.5025522018810261,-0.003948198449120144,0.5014361865560351,0.46544463050783264,-0.007885999085842345,0.5044109268624799,0.4356888130096968,-0.011304788651333147,0.5031172257038973,0.41429589453571763,-0.013615358955593355,0.5048839715878942,0.45409578579577903,-0.011833147933571405,0.5262215366703453,0.44485885099156364,-0.017192694536590603,0.5235322951392508,0.4524513369772487,-0.0181369067931949,0.5171263970006837,0.45376988531547174,-0.018548486906596877,0.5064060833847595,0.4672659260119545,-0.013373555550058218,0.5288689878384295,0.4614087515975832,-0.016990692082496588,0.5249352894239759,0.4670129781261517,-0.0158130172403063,0.5186176399393942,0.46553509634593676,-0.015770785657896764,0.5087299829462253,0.4836802047667337,-0.0150782310149882,0.5304163143575062,0.47856258974077737,-0.01852939989443911,0.525847855218227,0.48237503470888865,-0.016214775737303216,0.5190523552457091,0.48008676358516617,-0.01531745067830465,0.5119161268936038,0.5012916411944723,-0.01703815810335066,0.5293281312198763,0.4979202303924525,-0.019681610358755274,0.5253048601372956,0.5006153951746118,-0.018526030101519583,0.5189658827243687,0.4986488883498225,-0.017970083620325292
0.4962959437401083,0.5307380293007088,-5.220596907225201e-08,0.4958984913516923,0.5020178385880517,-0.00390198458920349,0.5004008696238275,0.4647281404604511,-0.007860065018100515,0.5033078442286686,0.43484653808810625,-0.011285498952165676,0.5018474750567772,0.41333135197894083,-0.013580314148400897,0.5041431869573121,0.4540063655344902,-0.012011447560605825,0.5258622904379312,0.4451473176569735,-0.01736844711339757,0.5231149494937352,0.45325028469274087,-0.01822837488547398,0.5165736665643287,0.4549314304227152,-0.01856687539934927,0.5058645113834618,0.4674743688107569,-0.01354741361038561,0.5287839211337835,0.46213671527452105,-0.017130950854002396,0.5247933339515098,0.46829960531845394,-0.015839598559596896,0.5183546979762418,0.46717833529884345,-0.015731696201348882,0.508392353583969,0.48408653286424635,-0.015224454280568607,0.53058227719491,0.4794666819554143,-0.018628680182441643,0.5259683003474172,0.48378552602134123,-0.016195773564360024,0.5190477882691423,0.4818368687733694,-0.015234748336841105,0.5117788507898663,0.501787885917855,-0.017145431575122463,0.5296294438098741,0.4987789106749848,-0.019728909248137392,0.525606026943035,0.5018669852483518,-0.018496950370606436,0.519189215548683,0.5001936031414828,-0.01789713907199786
0.49562831311783134,0.5304974698390926,-5.50109397596307e-08,0.4950192925438047,0.5015774912573593,-0.0038796530253631676,0.4994853218904996,0.46408693352111036,-0.007851846512261052,0.5023186053069802,0.43407771671538364,-0.011281754945847842,0.5006870845182143,0.4124233401184329,-0.01356756520470734,0.5034760388738481,0.45385086967256805,-0.012121090190031839,0.5255804163457951,0.445456954731112,-0.017504320991192708,0.5227840577098996,0.454051230372176,-0.01834146960042046,0.5161025103706599,0.45602810922442993,-0.018653074635969807,0.5053673916970995,0.4675805830341503,-0.013654003183819926,0.528734536063814,0.4628367479313972,-0.017223476465733543,0.5246947055888707,0.4695334570743192,-0.01586048966212337,0.5181313286171046,0.46872410336376263,-0.01571224882727583,0.5080634245543851,0.4844136551651082,-0.01531538852401934,0.5307379753004722,0.4803201894189694,-0.018695899260819715,0.5260902891944028,0.4851414496738096,-0.0161714960422554,0.5190506863859726,0.4835074203825107,-0.015156664912536,0.5116220992521269,0.5022560782795523,-0.01721413492941932,0.5298807015789158,0.4996120409457581,-0.019755845198754226,0.5258720022300681,0.5030546518969577,-0.018461093540777747,0.5193964521130732,0.5016406313690793,-0.017820912333386358
0.49502332331366583,0.5303045596447098,-5.754074312804651e-08,0.49424170099628734,0.5011728886093765,-0.003875325619875764,0.4986750602318384,0.46347716421995533,-0.00788598959873623,0.5014335175355623,0.4333170411688553,-0.011341340398577832,0.4996273493476266,0.4115170542346005,-0.013639134754535482,0.5028883933106096,0.45369508627741384,-0.012318944315019145,0.525357974365646,0.4457480663102794,-0.017723282506241334,0.5225301088065067,0.4548190035904115,-0.01850670277951018,0.5157157883749016,0.4570535900216284,-0.018778111915374648,0.5049057047480129,0.46765249172438844,-0.01385181772644036,0.5287225696637078,0.46350594434498865,-0.017427286493022272,0.5246335762120746,0.4707291442671915,-0.01597774743846776,0.5179501688237437,0.47017950088451743,-0.015783457762994703,0.5077408657189038,0.48468508102168484,-0.015497014216446637,0.5309018200090972,0.4811236545768932,-0.018870415289942908,0.5262189479082298,0.48641429460127356,-0.016243059262444858,0.5190705906358007,0.485047172200837,-0.015172488590589032,0.5114504010662758,0.5026690518119215,-0.017373891386045337,0.5301128665366139,0.5003838479478053,-0.01989303952463465,0.5261543106202637,0.5041178206375289,-0.01854490366463421,0.5196658825056981,0.5029094431066361,-0.017875230125981533
0.4944917219472627,0.5302952942385747,-6.02356898146059e-08,0.49355558639567654,0.5009403903180784,-0.003884445482832382,0.49797714134851573,0.46299646837689495,-0.007912585900593662,0.5006772485164167,0.4326443283538657,-0.011369473269063513,0.49870862657247045,0.4106851881943544,-0.013653239801175849,0.5023592613037133,0.45360593319465076,-0.012448891065066232,0.5251848204718191,0.4460807917891802,-0.017878716821349148,0.5223227014873345,0.4555567513703999,-0.018637394317066607,0.5153670723045592,0.4579872826433874,-0.018889134672709803,0.504530964507769,0.4677412403899002,-0.01397009440525763,0.5287471273323899,0.4641238098366898,-0.017556296945556063,0.5246060782289985,0.47178544974435105,-0.016059352381386872,0.5177966234050236,0.47143970109390865,-0.015843684480497645,0.5075148119877918,0.4849350675026825,-0.015593154390604541,0.5310795283966296,0.4818823848437174,-0.018964804547857424,0.526354072929761,0.4875805808354062,-0.01626958724003502,0.5191087919636773,0.48641393718523096,-0.015163126138536324,0.5113744594366225,0.5030350529022265,-0.017444425683868874,0.5303958105410209,0.501067869374882,-0.019933749797962193,0.5263983849832926,0.5051114651556573,-0.018538230855312976,0.5198283318119393,0.5041027255479634,-0.017844516506583957
0.49401068911935914,0.5302869102034752,-6.267427990788626e-08,0.492934738392913,0.5007300084085986,-0.0038926978195368512,0.49734561194451227,0.4625614986883982,-0.007936652231312149,0.49999291952870756,0.43203560729291185,-0.01139493000243938,0.4978772972296154,0.4099324533462783,-0.013666003106355133,0.5018804629376862,0.4535252607919291,-0.01256647664065451,0.5250281378286318,0.4463818667828623,-0.018019365459360483,0.5221350237732151,0.45622432095038157,-0.018755653832310516,0.5150515278231987,0.4588321578273553,-0.01898959639891628,0.5041918714036383,0.46782154684553,-0.01407712002423124,0.5287693489547548,0.4646829009217034,-0.01767303528885894,0.524581195989417,0.47274127424541673,-0.016133194660478235,0.5176576839822785,0.4725800248567118,-0.01589818213619746,0.5073102616002134,0.4851612740391811,-0.01568014923819725,0.5312403322876641,0.4825689409531118,-0.01905021503497778,0.5264763441941626,0.48863592418251933,-0.016293591745826834,0.5191433593932203,0.4876506887571297,-0.0151546542890046,0.5113057417485645,0.5033662381673744,-0.01750825041211556,0.5306518395190861,0.5016868233170806,-0.019970587509715976,0.5266192417915828,0.5060105893165304,-0.01853219279645776,0.5199753281405999,0.5051824970901683,-0.01781672451783507
0.4935985022822872,0.5302389257528782,-6.538220794255765e-08,0.49242964454486016,0.5005188504204845,-0.003927665966627719,0.49681765610025946,0.4621347848115979,-0.007992811893039296,0.4994074684703968,0.43143821832205936,-0.011453866182948951,0.4971607626450015,0.40920336643609373,-0.013716204721382642,0.5014828086155493,0.45346897150275134,-0.01271074350487054,0.5249029667092124,0.44669511105426546,-0.01821788501239445,0.5219382329035627,0.4568558784741652,-0.018965407414493856,0.5147469203156342,0.45958699149783677,-0.01920616324371915,0.5039152096441698,0.46792407745162945,-0.014203719255793881,0.5288273996320578,0.4652844935269876,-0.017845648523949948,0.5245424024248304,0.47364784685125394,-0.01628600380221285,0.5175041050055487,0.4736361000035462,-0.01604411147017714,0.5071426493144795,0.4853831934836961,-0.01578447551287696,0.5314103563132924,0.4833116601291887,-0.01917157058586053,0.5265678825641574,0.48964393688034696,-0.016377195213886295,0.5191455067183767,0.48878331711318473,-0.015219766729609448,0.5112521223548682,0.5036518638096888,-0.017591575895185136,0.5308376387033888,0.5023624402748474,-0.02003750041230564,0.5267447006933704,0.5068756215782853,-0.01858292566274693,0.5200349050761661,0.5061313534298223,-0.017864914813093612
0.49325038147134204,0.5302410633629193,-6.786388413896336e-08,0.4919578560030151,0.5003723526376063,-0.003955511914873697,0.4963379006997153,0.4617660941271784,-0.00802633745570492,0.49891371501688514,0.4308938486012028,-0.011478474010070565,0.4965895300069141,0.4084881199959384,-0.013717130270586474,0.5011578736155047,0.45347413742655124,-0.012794250673914686,0.5248159937496307,0.4469945754200863,-0.01834219276337999,0.5217680882523134,0.45741099300842275,-0.019091241776622605,0.5144783419131153,0.46028220909681233,-0.019327465983668846,0.5036901643495961,0.4680822031265568,-0.014265613301620465,0.528898842986856,0.4658296818162765,-0.01794094929919488,0.5245115061513382,0.4744363538969941,-0.0163520865651717,0.5173839649123331,0.47458541967472373,-0.01609291630741265,0.5070061537524506,0.48564722777035013,-0.015824600460362756,0.531586421434734,0.48398415344313256,-0.019225348121872307,0.5266490293973556,0.4905333573857203,-0.016387106933173294,0.5191532897631941,0.4898071411813993,-0.0152031031890592,0.5112144499959954,0.5039788512614513,-0.01761164598565155,0.5310560273046635,0.5029773442414874,-0.020043444558921198,0.5268609071835525,0.5076501690567696,-0.018568399722176065,0.5200560654920137,0.5070014654250732,-0.01784274216848492
0.49294501159864335,0.5303658867677863,-6.994944936388295e-08,0.49155881096996373,0.5003251591012713,-0.003980073460549064,0.4959366276506675,0.4615192725832942,-0.00806472000330314,0.4985075488938947,0.4304538020171524,-0.011517775398272137,0.4961052320103706,0.40788130359388897,-0.013742773444830145,0.5008445307263514,0.45351837074513174,-0.01290472540865567,0.524770366537984,0.44730417369802505,-0.01849187871400671,0.5216764009686741,0.4579682180082386,-0.019226522736236117,0.5142861482186663,0.4609751144260684,-0.019443222703514722,0.5034736104681051,0.4682345318600475,-0.014356674024454924,0.5289925087807085,0.46637188637455146,-0.01805952474620529,0.5245303311226021,0.47522116727758346,-0.016428160393460216,0.5173115404140846,0.4754972815697469,-0.01614223995749094,0.5068752487872221,0.4858838778612148,-0.01589361473801567,0.5317687524473141,0.4846197467594179,-0.019310271305896975,0.526759963448096,0.4913836046409203,-0.016426200797462088,0.5191871113236479,0.49077596214159486,-0.015212210290428534,0.5111707280789962,0.5042702945357141,-0.017658652992926124,0.5312652139470238,0.5035465014226687,-0.020078600453437425,0.5270006061630321,0.5083764558710426,-0.018579948982356397,0.5201141368004693,0.5078188754964024,-0.017840945122445925
0.4926686900112579,0.5304788363560049,-7.183662535951349e-08,0.49119772506454484,0.5002824548463978,-0.004002298591108538,0.49557352566910007,0.4612959299195132,-0.008099451414055974,0.49814001929166163,0.43005561483007404,-0.011553338244987624,0.4956670028229598,0.40733221055473606,-0.01376597731412476,0.5005609945550794,0.45355839637273365,-0.013004691242874487,0.5247290796112851,0.447584321463932,-0.018627325800259685,0.5215934354307368,0.4584724370234259,-0.019348935105122027,0.5141122369344053,0.4616021071899447,-0.019547968074417464,0.5032776562576938,0.4683723703346507,-0.014439072603134996,0.5290772646232292,0.4668625137665274,-0.01816682071307098,0.5245473653699432,0.4759313253465812,-0.01649699770476864,0.5172460052905808,0.4763224026731563,-0.016186871699204134,0.5067567961465967,0.48609801663065116,-0.015956064037891862,0.5319337392365494,0.48519487931108535,-0.01938711617866764,0.5268603449059156,0.492152972192312,-0.016461575860960805,0.5192177156108027,0.49165262408354654,-0.015220451079490716,0.51113116520594,0.5045340142912533,-0.017701188462301544,0.5314545017263518,0.5040615175713998,-0.020110412146230924,0.5271270162879891,0.5090336547087783,-0.018590399620063234,0.5201666840802391,0.5085585294984768,-0.017839319020271173
0.4924911373310651,0.5306698717459606,-7.378444784670775e-08,0.4909653598649294,0.5002720687132157,-0.004027710193638338,0.4953293940252462,0.4611066494891756,-0.008122534168424723,0.49786003628284653,0.42971844681263627,-0.011568223250934881,0.4953117879604877,0.40685516053390725,-0.013759397623518639,0.5003592121899427,0.4536196045933941,-0.013007544445657425,0.5247737236786012,0.44790996100504504,-0.018685538285596767,0.5215530333432491,0.45898854073830136,-0.0194394090632678,0.5139715724351324,0.46217994944231294,-0.019651984378836158,0.5031368845991555,0.4685250891681372,-0.014422702827886687,0.5292130439671823,0.46735450838528586,-0.018193181151790565,0.5245931528214769,0.47659548659574896,-0.016524192751120086,0.5172194931481688,0.47708454700731995,-0.01621150265095833,0.5066756871153251,0.4863004660636315,-0.015928284310120805,0.5321095157133661,0.48578221276230354,-0.01938378233038213,0.5269629822905086,0.4929061502563212,-0.016448107177653992,0.5192722499134562,0.49248819948989314,-0.01519390963733659,0.5111199447090367,0.5047496563330953,-0.01766629806854325,0.5316503851609299,0.5045623502865877,-0.020061091868965954,0.5272287351317051,0.5096650557477539,-0.018536005593077,0.5201823510284884,0.5092542343058178,-0.01778367873907598
0.4923826599773582,0.5308662989604872,-7.618074114929599e-08,0.4907936252702081,0.5003111140762377,-0.004064497583137911,0.4951529061161037,0.46096841277762285,-0.008157611842101582,0.49766297727585596,0.4294273224785689,-0.011588891749696037,0.49502192714604204,0.40645018935783367,-0.013752710726773601,0.5002330312291897,0.45374077525288625,-0.01307119101130609,0.5248534076307915,0.4482160120786265,-0.01880307434161145,0.5215187708054905,0.45947205800410423,-0.01957074167491277,0.5138316504568451,0.4627160665170292,-0.01978440569678549,0.5030760569694109,0.4687594220765308,-0.014462763748761032,0.5293961895521708,0.4679052214897518,-0.018273203856320558,0.5246492073843023,0.47730200600300177,-0.016590393568531397,0.51720338411442,0.47789574629754705,-0.016268699726369396,0.5066689034089557,0.4865951671813332,-0.01594877200021578,0.5323299876845122,0.4864204401404673,-0.01942837849177773,0.52707109695865,0.4936986136585044,-0.01647418523884505,0.5193368146220255,0.49337698322066337,-0.015204577596721345,0.5111585922800137,0.505043617246028,-0.01767201392509492,0.5318612179408656,0.5051394056842319,-0.020052027900953673,0.5273283245981907,0.5103609792432457,-0.018521507296855227,0.5202169052340453,0.5099937617288909,-0.017770241314932454
0.49236662700436723,0.5311340335009346,-7.773661280163265e-08,0.4907020216510543,0.5004327636146298,-0.004088392122378547,0.49505655625504824,0.4609378768611416,-0.008169065898464545,0.4975663694007866,0.4292772125242562,-0.01157874320396818,0.49487683021714834,0.4061964357109436,-0.013708342202829954,0.5001639940292938,0.4538866388021768,-0.013066325585582373,0.5249392044307953,0.448468382446548,-0.018829503870419217,0.5215648949643193,0.4598958482609669,-0.01960759737120939,0.513825121086483,0.46323495817985316,-0.019818749456179834,0.5030798576523896,0.468992017426338,-0.01443464471157311,0.5295872805029366,0.4683396824438917,-0.01826698636088963,0.52477955198693,0.47789766251039856,-0.016579086444639245,0.5172829502580438,0.47859782766936476,-0.016248854118516582,0.5067330602634258,0.48687113632813284,-0.015902924624637573,0.5325527735032685,0.4869602854586356,-0.01939889307986614,0.5272412012793477,0.4943909903429306,-0.01643859361108815,0.5194844929817719,0.49415170403571657,-0.015156869050218897,0.5112706399501891,0.5053176947392914,-0.017610589515404933,0.532100433115269,0.5056399040932733,-0.019973355291572095,0.5274998488646276,0.5109904422557197,-0.018434061953210287,0.5203398318697026,0.5106641663591792,-0.017676812442400044
0.49232079303999243,0.5313363100998076,-7.93131363602507e-08,0.49063194292911594,0.5004460732856143,-0.004086709174530522,0.49501286537159206,0.4608861032917059,-0.008154060744183289,0.4975284069332528,0.4291358082685334,-0.011546627913371361,0.4948272528713257,0.4059259291335471,-0.013651475505800214,0.5001804856715116,0.45398256377529206,-0.013087213692066767,0.5251175880422562,0.4487474462341073,-0.01886640723205893,0.521726311544807,0.4603562602019052,-0.01963450830663883,0.5139180162760262,0.46381344853574336,-0.019829207191846988,0.5031365767255593,0.4691454140772549,-0.014447716127832846,0.5298322752176844,0.468797919813253,-0.018278689605666778,0.5249795975358198,0.4785364245738869,-0.016564865435655614,0.5174305386143936,0.47933853531304127,-0.016220387009483753,0.506821107905321,0.48708054386844557,-0.01590801394253638,0.5328056793174092,0.48748253087143906,-0.019406768833189373,0.5274523279316058,0.49508121160166846,-0.0164275196580452,0.5196654046382932,0.4949286380432995,-0.015132578968248905,0.5113766670621979,0.5055548201188887,-0.017607860837194383,0.5323615886855398,0.5061493554247495,-0.019959659241243547,0.5276865134326972,0.5116372798611221,-0.018407736905740206,0.520450520809565,0.5113652931411209,-0.01764117695034612
0.4922793190279025,0.531519345152996,-8.07396932383674e-08,0.4905685304401339,0.5004581168751849,-0.004085186316965223,0.4949733305800156,0.4608392546790229,-0.008140482954032222,0.49749405564248106,0.4290078550816029,-0.01151756758728669,0.494782391566656,0.40568115447321845,-0.013600018248888261,0.5001954085475503,0.4540693638928245,-0.01310611481905168,0.5252790029265956,0.44899996410064963,-0.01889980016430214,0.5218723733856706,0.4607728754928865,-0.01965885934143534,0.5140020748179124,0.46433691004166766,-0.019838670136224795,0.5031879004013194,0.4692842188837225,-0.014459544126640805,0.5300539648293081,0.4692125673886089,-0.018289279580197673,0.5251606137674805,0.47911442444592695,-0.01655199719904192,0.5175640876398615,0.4800087831999086,-0.016194627831976456,0.506900780022151,0.4872700315328256,-0.01591261913946717,0.5330345274857133,0.4879550977300991,-0.019413895406092258,0.5276433711775416,0.4957057756170251,-0.016417499113921385,0.5198291070876041,0.4956316662640333,-0.015110599478431016,0.5114726083534499,0.5057693889652541,-0.0176053917242857,0.532597901852566,0.5066103452380702,-0.019947266026633836,0.5278554215482941,0.5122225870897816,-0.01838391602635664,0.5205506804726597,0.5119997252926375,-0.017608931281693278
0.49230758076390974,0.5315674662690417,-8.133772724821657e-08,0.49057238200585607,0.5003848510138861,-0.0040755841054513995,0.4950268345759937,0.46071432882417995,-0.008148580437494302,0.49758584981060355,0.42885950843455706,-0.011541302972736114,0.4948452022576009,0.4054649313085479,-0.013635833384637471,0.5002470588871405,0.45413695009896743,-0.013217368846471934,0.5254466995221491,0.4491546988275273,-0.01903411200429611,0.522064777986756,0.4610792645214994,-0.019782701239925232,0.5141837276065782,0.46481548176509896,-0.019947017263298707,0.5032799164696082,0.4694616284879443,-0.014576391351290807,0.5303124104229696,0.46951419635467684,-0.018418035948280956,0.5254070891391378,0.4795557872449665,-0.01664515595586696,0.5177707862564342,0.4805673264078685,-0.01627068465302959,0.5070350266383892,0.48751419349138303,-0.016028202031129837,0.5333442881467565,0.4883096041778588,-0.01951996026125371,0.5279363126504983,0.49615150886529613,-0.016475020877381716,0.5200752413541636,0.4961667248916443,-0.01514721076869027,0.5116263959442686,0.5060358436983275,-0.017719765094100687,0.5329183636463898,0.5069487570478264,-0.02004113279787173,0.5281666676007059,0.5126149150259505,-0.018447383013605417,0.520812968290097,0.5124606758762728,-0.01766000970128491
0.4923695661199767,0.5316455734999487,-8.18369173028791e-08,0.49062783737761306,0.5003760245384181,-0.004012938619505103,0.49513670208076715,0.4606845658344819,-0.008078879706214973,0.49774121163206575,0.4288294319132401,-0.011473978758429355,0.49502282085819627,0.40535575347486735,-0.013573394761076357,0.5003679240972438,0.45423003147231106,-0.013229050166542458,0.5256366987209623,0.449261281935807,-0.01904066992500502,0.522287465378451,0.46127251460893653,-0.019778979161598775,0.51440292849696,0.4651976109688296,-0.019921914307362138,0.5034236091741822,0.46965879799344323,-0.014611599221225749,0.5305833921510901,0.46975168191926836,-0.018414614037272483,0.5256787321730091,0.4798910815422948,-0.01660456929840294,0.518007128022181,0.48103404125672583,-0.016209748726145484,0.5071970200695457,0.48778748246599246,-0.016076711558501818,0.5336432991466803,0.48860489641465976,-0.019528434285465322,0.5282218223621068,0.4965248934290018,-0.01644345582099889,0.5203226544765058,0.4966466677129886,-0.015097284159005409,0.5117823940674452,0.5063441968077039,-0.017775056691698054,0.5332027566982053,0.5072198128202731,-0.020055371081873503,0.528421799674085,0.512971170172984,-0.01841202234712742,0.5210039716813031,0.5129201779879644,-0.01759390793917424
0.4924660275555741,0.5315905380479784,-8.171503897717266e-08,0.4907036964805126,0.5002868335564988,-0.003970408039794752,0.49528480293402244,0.4606263958034193,-0.00804853495446306,0.4979813493864946,0.4288109395400983,-0.011460621400721715,0.49532022180371355,0.4052624326152288,-0.01358109308152824,0.500523745399361,0.45434189918729767,-0.013302705061411655,0.5258424111185398,0.44934007314048235,-0.019108405794317888,0.5225690568058532,0.46146927890118755,-0.019829121591896454,0.5147062502110625,0.4656298474365889,-0.01994747906625336,0.5035948248518333,0.46988652277395077,-0.014701255269164692,0.530889973292228,0.4699107226294143,-0.018474843542129877,0.5260263153293092,0.48019252204973006,-0.016618640848759778,0.5183259147281193,0.48150001235342765,-0.016198878563392177,0.5073852038504684,0.4880672859813262,-0.016170594295300704,0.534002986035317,0.4887817833675307,-0.01958094748272667,0.5286013724931097,0.4967923596610058,-0.016435410229282826,0.5206495996541112,0.49704829746072454,-0.01506181144622957,0.511969422268641,0.5066329360382433,-0.017868852413349647,0.533545819907484,0.5073977261737761,-0.02011145435222328,0.5287817940094944,0.513223116578135,-0.018410912957640798,0.5213081431565417,0.513304808297175,-0.01755902069792482
0.49255331310463696,0.5315407378390826,-8.160475431768917e-08,0.4907723394921679,0.5002061268597753,-0.003931923178160793,0.49541881570516777,0.46057375919202265,-0.008021076744853825,0.4981986440557707,0.42879420625250875,-0.011448534660623772,0.49558933250749393,0.40517798889508183,-0.013588059099847817,0.5006647442122726,0.4544431254946249,-0.013369353540153528,0.526028555140349,0.44941136933796083,-0.01916969829434763,0.5228238618706956,0.4616473260054912,-0.019874494227424554,0.5149807184707784,0.46602096744407895,-0.01997061197944981,0.5037497536515073,0.4700925852524813,-0.014782382792539081,0.531167390926237,0.47005463460441715,-0.01852934372003727,0.5263408346649874,0.4804652880524162,-0.01663137384398689,0.5186143768735294,0.4819216579859143,-0.016189042424022606,0.5075554866639143,0.48832047320909616,-0.01625554644408703,0.5343284577367376,0.4889418439628118,-0.019628465366196002,0.5289448179475164,0.4970343831885602,-0.016428129973850975,0.5209454441972076,0.49741172221004526,-0.015029713072488685,0.5121386594267913,0.5068942089720073,-0.01795372582429778,0.5338562492557484,0.5075587155334093,-0.020162202705857068,0.5291075439118376,0.5134510966011548,-0.01840990909874253,0.521583380343932,0.5136528506782335,-0.017527452102777084
0.49282105467182397,0.5315632032275271,-8.065430653198038e-08,0.49094230827164287,0.5002087903751793,-0.0038152570665492876,0.49564263744128895,0.4606276829835209,-0.007867961434867688,0.49855050442778276,0.42889351422533717,-0.011284556164470638,0.49607337486561554,0.40519803116304626,-0.013420943041049084,0.5008328021788233,0.4545226713121576,-0.01327597412556069,0.5262343000842751,0.4494441831509745,-0.01906629932478072,0.523117795282789,0.46177108601106953,-0.019763198090975247,0.5153176019073002,0.4663996652682535,-0.019831929078590254,0.5039083833343216,0.4702674171152069,-0.014737185139551842,0.5314408209537189,0.47000938529547326,-0.01844159642873672,0.526703832903486,0.4805716584349586,-0.016494557013415352,0.5189869200908768,0.48227040281798506,-0.01601053356158102,0.5077147989740011,0.4885513166769454,-0.016253550458730608,0.5346407213847278,0.4889700605668666,-0.019577645972058983,0.5293299480803946,0.49719079719726583,-0.01631964631759144,0.5213169735253294,0.49774544664153453,-0.014882537460641786,0.5122889062710141,0.5071560577823513,-0.017987387385120443,0.5341812380792197,0.5076719136789821,-0.020145972803581783,0.529494692021905,0.5136885744217826,-0.018331575055857998,0.5219477611206594,0.5140430249578752,-0.01740671890793296
0.49312851687121534,0.5317824709292548,-8.026050670912647e-08,0.4911804370163121,0.5004100661469609,-0.0036518526160828715,0.49596553985713066,0.46082736715123024,-0.0076397559385243795,0.49903631453811514,0.4291036565217089,-0.011013736668082209,0.49683682425651987,0.4053258367046805,-0.01310892863013268,0.5010052568888436,0.45467665391833867,-0.013200785071858397,0.5264408001020167,0.44939631149591597,-0.0189636537235939,0.523500562308084,0.46187770397261113,-0.019608196277360428,0.5157665905449613,0.46682598450212626,-0.01961093851899919,0.5040344714681851,0.470381764368212,-0.01470625448285489,0.5317443161554161,0.46990584193406304,-0.018342217181079673,0.5271220949661957,0.480633097235855,-0.01630923021861287,0.5194166371009972,0.48254981645454786,-0.01575819430141264,0.507830970149884,0.488639696230674,-0.016251794484390257,0.5348962129361543,0.48897308645148757,-0.019493372906593927,0.5296799849487475,0.49733357120594757,-0.016180139203758846,0.5216864774121931,0.49803626155465386,-0.014710644118243974,0.5124036838672734,0.5072385278386166,-0.018002394678181703,0.5344490891379929,0.5077014121009491,-0.02006758098020457,0.5298254175681044,0.513812817696851,-0.018197755013114512,0.5222732107793833,0.514247045285106,-0.0172409951831691
0.49349547682707556,0.5321050683469438,-7.844018163573452e-08,0.4915672634432965,0.5007439954662196,-0.0034055403570134347,0.4964438119032218,0.46119589690551144,-0.007318225187572806,0.49969926019553945,0.429524204914235,-0.010664811438810713,0.49788666217025385,0.4055866622154715,-0.012754577784912399,0.5011933077012928,0.4547112434452944,-0.013076457288105421,0.5266524625781108,0.44932062991226634,-0.018765009391002112,0.5241483298526367,0.4620058235492511,-0.019312892567644145,0.516639194714789,0.46731147496286773,-0.019223673982423056,0.504094724229459,0.4703375961553271,-0.014673690060545799,0.5320459697519363,0.4696957226634026,-0.01819506928049047,0.5277731667188323,0.4807669389536854,-0.016058347668221163,0.5201757663062369,0.48292349319627564,-0.01543707879742398,0.5078475382536944,0.48863597548153515,-0.016283409115054236,0.5351175182603258,0.48874833445055177,-0.01943688897835408,0.5302236391422799,0.4974356561175696,-0.016054604341783137,0.5223209507390452,0.49839038039182565,-0.014539809633567677,0.5124131849911373,0.5072903883401729,-0.018074814721011682,0.5347117364022681,0.5075753747367674,-0.020038616095313152,0.5303903907956057,0.5138465839951769,-0.01808434215029369,0.5229436269247526,0.514466454292273,-0.017071667225805748
0.49382752974576755,0.5323969787104467,-7.679301484291356e-08,0.4919172930365971,0.5010461597850395,-0.003182658532368849,0.4968765883582469,0.4615293702956721,-0.0070272800242172605,0.5002991431990292,0.42990474867373635,-0.010349077694747907,0.4988366343343601,0.40582267671990013,-0.012433934536194588,0.5013634701948809,0.4547425426461974,-0.01296395617508096,0.5268439906776821,0.4492521475333562,-0.018585261085048398,0.5247344785600575,0.4621217557611601,-0.019045679600272813,0.517428792481049,0.4677507831814128,-0.018873247954671445,0.5041492454515181,0.47029762944024656,-0.01464422332636794,0.5323189285736248,0.46950559097196864,-0.018061918812463232,0.528362305321801,0.4808880489885505,-0.015831330300859734,0.520862683405061,0.4832616239671036,-0.015146509380696399,0.5078625303179226,0.48863260866836783,-0.016312016406443114,0.5353177719328035,0.4885449619661682,-0.01938577807938075,0.5307155782730726,0.4975280302099391,-0.015941010973757695,0.5228950698401869,0.49871081370224246,-0.014385225765916424,0.512421782321335,0.5073373156155653,-0.018140345812918214,0.5349493993660228,0.507461326667019,-0.020012406492836973,0.5309016209889243,0.5138771382770092,-0.017981717677199378,0.5235502697866046,0.5146649920347532,-0.016918446577174347
0.4941965847817365,0.5327652089123123,-7.320630361482918e-08,0.4924030114097627,0.5014275524082434,-0.003015768906696344,0.4974431356859146,0.4619893997912836,-0.006806423879164147,0.5010587221656431,0.4304376453360939,-0.010105970379567283,0.49996648430330487,0.40622538212956355,-0.012194134493874124,0.5014885976085544,0.45476880917895274,-0.012885054118085227,0.5270680678515667,0.44915096092574835,-0.01843275847170789,0.5255214096329234,0.46221892903928247,-0.018785642915111866,0.5185082447895158,0.4682494586971869,-0.018506910813294853,0.5041460261622795,0.47021489493743823,-0.014604761968870577,0.5325815654274377,0.4692383339623186,-0.017930681154090283,0.5291635538055856,0.48103192141365375,-0.015627871318476205,0.5218546486186046,0.48380817472770854,-0.014880729112545246,0.5078282197358338,0.4885444401067551,-0.016286945560697284,0.5354807534729044,0.4881849674898108,-0.019302405159982564,0.5314052015978968,0.49761390218851453,-0.01582386231627843,0.5237942655717569,0.49926255585004314,-0.014224378547889409,0.512378062245881,0.5072685300811209,-0.018110961268119796,0.535095701606908,0.5072083800206043,-0.01992653730499813,0.5315976780547725,0.5138236896887812,-0.017852540607610448,0.5245505855122328,0.5149087136151445,-0.01673834883995828
0.4946451842749421,0.5331644540908704,-6.749665030564666e-08,0.49301547726428097,0.5017954580344016,-0.002784005278683978,0.49811785829849614,0.46252306119620995,-0.0064843770121508,0.5019114878804519,0.4310405791528227,-0.009750083071938438,0.5012509989461531,0.4067226086656017,-0.01184551224791339,0.501674033969934,0.45489456704048525,-0.012649309377285102,0.5272928572134775,0.44886613024187133,-0.018106875885100297,0.5265417613849369,0.4621299865862177,-0.018365921411191994,0.5200611485277394,0.46873346685641026,-0.01798036627079798,0.5042003052596982,0.47016875986611256,-0.014425683210621513,0.5327926725592316,0.4688147288416437,-0.017626669839673575,0.5301532199042703,0.48104837855347565,-0.015288772016477846,0.5232363311766726,0.48439188536098604,-0.014497546866036312,0.5078378884050534,0.4884574181267529,-0.01613993649247705,0.5356000010384337,0.4876440282316536,-0.019103063290832032,0.5322594503268411,0.49755911167812533,-0.01564547962255647,0.5250134413807714,0.4998522369298871,-0.014021003400662816,0.5123509691211098,0.5071586947322555,-0.017969904876897355,0.5351885110460041,0.5068539409224025,-0.019751870715076704,0.5324445320086031,0.5136908780936276,-0.017667094410175974,0.5258769055025,0.5151700006784055,-0.016506444410926406
0.4952182108564869,0.5336628870137126,-5.991935634497105e-08,0.4937500159489908,0.5021848670923614,-0.0025898300448930997,0.4988293276369555,0.4630969427812659,-0.006273552595871834,0.5027346679277892,0.4316725992023359,-0.009567942997524195,0.5024980833773334,0.4072481671913367,-0.011728201314017406,0.501899170280993,0.45514132671959134,-0.012607115447994565,0.5275734420092175,0.44857926784411206,-0.018033837821207207,0.5277642975619242,0.4620321776018281,-0.018196991201735156,0.5218943465326258,0.4693397897373918,-0.017680256991536657,0.5042702295481734,0.4701978614651478,-0.014431406748844992,0.533052258417408,0.46830967247247335,-0.017570408734096803,0.5313963195166592,0.481073172667122,-0.01517825280793774,0.525039593735652,0.48516678720177586,-0.014310996112527468,0.507860330120416,0.4884228255173059,-0.01616560754025011,0.5357803436672526,0.48701974988032093,-0.019097711092575947,0.5333543749063762,0.4974245386669381,-0.0156430104019898,0.5266402799470238,0.500543033604958,-0.013976366437236898,0.5123365002678074,0.5071221014629376,-0.017992800373948712,0.5352973884690704,0.506483793409183,-0.019755075646357607,0.533443441837742,0.5135130544481058,-0.01766737186462027,0.5275099212743164,0.5154857942410682,-0.01646334301562195
0.49585976488105504,0.5342158284356706,-5.159920263047315e-08,0.49457096646895665,0.5027204560484009,-0.002380183497447229,0.49968171365958747,0.46382411466901624,-0.006042901092920827,0.5037772631434704,0.4324591291383404,-0.009367300700588442,0.5039214525112649,0.4079231787898281,-0.011600683489623813,0.5021906830511779,0.45539445968961023,-0.012559895463741354,0.5279201862706724,0.448164392164658,-0.017998473147642052,0.5290546696667499,0.4617593871812664,-0.01809921731730643,0.5238560641033391,0.46972579832271594,-0.017472566508802,0.5044053681142137,0.47022511613351287,-0.014459684956326959,0.5333908874469888,0.4676402599072325,-0.017600927015031416,0.5327286135377968,0.480891401585843,-0.015198124446470429,0.5269774666428834,0.48577582388903146,-0.014267229538498788,0.5079356519846968,0.488367959475999,-0.01624328349512571,0.5360303371903554,0.4863914042509778,-0.019203441452877244,0.5345051547569215,0.49727093332134814,-0.01579781599426095,0.5283673291084652,0.5011847877685333,-0.014100463684041402,0.5123585610635839,0.5070442196963076,-0.018095402094965084,0.535456979290616,0.506099102889242,-0.019879832392595432,0.5345637046820215,0.5131846181063795,-0.017828300087284466,0.5293792326656819,0.5155387480678577,-0.016598134664762138
0.49644029112909505,0.5347161713480095,-4.40705028888661e-08,0.4953138241347675,0.5032050971467877,-0.0021904795614689516,0.5004530165283262,0.4644821143876837,-0.005834190296190876,0.504720681570611,0.4331708404755534,-0.009185744486493086,0.5052094237673931,0.4085339799626824,-0.011485295788325762,0.5024544656918449,0.4556235134056074,-0.012517167276805774,0.528233946511312,0.44778898150184027,-0.017966472535890364,0.5302222952257885,0.46151254592817553,-0.018010744166004934,0.5256311734432061,0.4700750878714804,-0.01728463256703191,0.5045276516347039,0.4702497782036763,-0.014485273201528683,0.5336973044165532,0.46703452516002764,-0.017628542246873387,0.5339341731941292,0.4807269214644875,-0.015216105796938228,0.5287309995410218,0.48632692600893346,-0.014227626256409592,0.5080038088625152,0.4883183125625903,-0.016313570530854624,0.5362565500990796,0.4858228299505978,-0.019299114220904755,0.5355464667639762,0.497131939672272,-0.015937895716646402,0.5299300928531818,0.5017654951173729,-0.014212756189926625,0.5123785233278836,0.5069737464266514,-0.01818824383527553,0.5356013890477145,0.5057510060249939,-0.01999272166308184,0.5355774026106503,0.5128874242460328,-0.017973920025324556,0.5310707259568014,0.5155866646660057,-0.016720104268795322
0.4970846398143911,0.5352549143587643,-3.6179467003730686e-08,0.49612606940639997,0.5037385223605211,-0.0020146191107651406,0.5012982132516749,0.46518212851804625,-0.005646314519749333,0.505772480261334,0.4339690258996396,-0.00903435189507239,0.506641367225789,0.4093052925617609,-0.011414438725461983,0.502799228278829,0.4558931301540993,-0.012406241690493178,0.5286521402717085,0.447390105136497,-0.017909836653708832,0.5315056913410662,0.46118062693506645,-0.017953961371653823,0.5275671806143284,0.4703105084737625,-0.01715908098611132,0.504695568805402,0.47026618060400743,-0.014440412729129224,0.5341050942987599,0.46639784157569386,-0.01763593001183586,0.5352332580094835,0.4805034661166205,-0.015237283517243162,0.5306016757091961,0.48682426365436204,-0.014180355399869754,0.5080901293222356,0.4882214493064017,-0.016326882453420472,0.5365557898912963,0.48533747311652553,-0.019377763520103723,0.5366862855966312,0.49698934239300196,-0.016090746908051737,0.5316694122076896,0.5022692130377295,-0.01433469236240026,0.5124246866442306,0.5068285743509795,-0.018239082160132356,0.5357395007299216,0.5053865804315565,-0.02006805130356831,0.5365846140233058,0.5125383627430113,-0.0180905242964007,0.5328139085005299,0.5155588774571156,-0.016809850144075596
0.49784704475266245,0.5357247534539684,-2.7173546711722805e-08,0.49705066794702224,0.5041391736146495,-0.0019311459753096909,0.5021924655668364,0.46577504534989617,-0.005604968590461765,0.5068715246828103,0.434756694651032,-0.009070536452190074,0.5081863907741182,0.4101448253677245,-0.011571281159577137,0.5032210380760322,0.4560926647245717,-0.012390680456397142,0.5290410766938903,0.44694696132506717,-0.018029293852224702,0.5328356552952902,0.46062174335954315,-0.018145956931407102,0.5296451401554904,0.47023368157197265,-0.017333179752063506,0.504882048151174,0.470279001412506,-0.014478074148284677,0.5344960526733019,0.46579181097780464,-0.01784688988886232,0.536617147176908,0.4801807081301018,-0.015531284833248052,0.5326264552258491,0.48716580730865056,-0.01443915928984643,0.5081769021425768,0.4881806334280354,-0.016421132762536324,0.5368422644392383,0.48479755176277833,-0.019643630984317758,0.5379373476909158,0.4966332562015908,-0.01645486990371322,0.5336095366467044,0.5024996594942224,-0.014664505914886064,0.5124883501131273,0.506790657168349,-0.018375758746613624,0.5358639302399657,0.5049058203587897,-0.02033103449052861,0.5376078360439548,0.5119415514385137,-0.01841994026297985,0.5345823631485465,0.5152188619894569,-0.017111320778251726
0.498611337580065,0.5361660526504873,-1.7739159945412018e-08,0.49814622385195734,0.5045658110240999,-0.0018219142740983514,0.5033409836084499,0.46643395686900946,-0.005490673702511623,0.5082210142260055,0.43572257709204426,-0.009010850404294316,0.510060175962095,0.4112872660948955,-0.011614978223674974,0.5037752976053922,0.4562228671514644,-0.012149548585442758,0.5294186774786522,0.4463321175642801,-0.017955847297189024,0.5341108362749004,0.4596313360695989,-0.018255275289252245,0.5317829772429715,0.46953581742071937,-0.017510962604597384,0.5051048226885883,0.4701730913957758,-0.014303575773983607,0.5348239608075275,0.4650132826025889,-0.017910843195128288,0.5379693881256301,0.4794899261605208,-0.015760635304115155,0.5347370078699023,0.48706530585360835,-0.014664412990197145,0.5082407243575743,0.48795382413997074,-0.016333225498813688,0.537047488112625,0.484108687446204,-0.019788532732937934,0.539163823232365,0.49601202984095916,-0.016734366635919137,0.5356228826507498,0.5023959837515398,-0.014899759515865906,0.5125053668771664,0.5065214944577316,-0.018365421415922054,0.535919694123336,0.5041996245259963,-0.020482971515378725,0.5385370807229416,0.5110350386046859,-0.01865812901157087,0.5362767364929527,0.5144953836201426,-0.01731140340863419
0.4993029271118967,0.5365653732953708,-9.202218484104967e-09,0.499137565086919,0.5049518645832657,-0.0017230732299416645,0.504380248960971,0.46703018948128033,-0.005387251106859596,0.5094421336817017,0.43659658004122065,-0.008956841987047489,0.5117557174802722,0.4123210322370362,-0.011654518607960077,0.5042768332402693,0.45634068408265827,-0.011931354364897995,0.5297603590182269,0.4457757607682632,-0.017889387339970263,0.5352647157633244,0.4587351411958316,-0.018354194746837207,0.5337174527443161,0.46890433754240146,-0.017671833877155926,0.5053064058155136,0.4700772560611231,-0.014145676543922256,0.5351206767060707,0.4643088116783189,-0.017968712948125826,0.539192997259617,0.47886485477189616,-0.01596816882933667,0.5366467943583711,0.4869743645916352,-0.01486823944987798,0.5082984754893499,0.48774859006773585,-0.016253680406693487,0.5372331899000938,0.48348535129399345,-0.019919650714026935,0.5402736303836326,0.4954498975894098,-0.016987276263282395,0.5374447092732566,0.5023021701557904,-0.015112634636408788,0.512520764922854,0.5062779358289596,-0.018356067423005922,0.5359701534716518,0.5035606055166947,-0.02062045554259524,0.5393779310743464,0.510214757733443,-0.018873660074037443,0.53780993270518,0.5138407260742581,-0.017492453194413466
0.5003505688499252,0.5370857035714662,-8.450143565489997e-10,0.5004827075881398,0.5053729245704965,-0.0015262724026811896,0.505645788288573,0.4676762965569369,-0.00514498220240177,0.5108471106548811,0.43755039608570545,-0.00874756535677777,0.5135689575426937,0.41350125316482655,-0.011535113347023989,0.504861198149637,0.456430380413997,-0.011600157898380392,0.5300307844491112,0.4453053941511102,-0.017739551411385977,0.5362946578374876,0.4578326337813779,-0.018456321238008853,0.5356072829113941,0.4681012271984838,-0.017914061633248445,0.5055607925810132,0.46996333010155167,-0.013944814630294339,0.5353391307735229,0.4634472001758412,-0.018055971039847796,0.5403586331877469,0.4779534425009098,-0.016286515389267137,0.5386333800332853,0.486538241965484,-0.015234231859435331,0.5083892145735357,0.4874919684265485,-0.01619543467919683,0.5373751510083629,0.4825973836199465,-0.02014732183649445,0.5414027238018984,0.49459395469949696,-0.017368764079998905,0.539400434937937,0.5019062163854141,-0.015457865572814835,0.5125734972686435,0.505941454755664,-0.01842385027612344,0.5360113733567317,0.5026714733819178,-0.020867870500815313,0.540166045079487,0.5091468135215369,-0.019188772187582553,0.5392965691418201,0.5129374061632037,-0.017762241965707457
0.5014102958859802,0.5374875292737383,7.465767440875386e-09,0.5019989970724791,0.5059339274978224,-0.001423790419851307,0.5071829366066992,0.4684370891325642,-0.00500742025673252,0.5124812327044344,0.438599500947041,-0.008626215837149348,0.5154899531295896,0.41473501017985637,-0.011485214827555391,0.505536632694485,0.4565180874386257,-0.011335823709189915,0.5303368735505185,0.44464985152653597,-0.017713173653097908,0.5373224932047078,0.4566594774877566,-0.018753744381087983,0.5375147856126772,0.46688726807331254,-0.01841106044797418,0.5059039022984395,0.4698465684070522,-0.013795127686517285,0.5354838986975453,0.4623189477266067,-0.018283929981089,0.5414509454218683,0.47648747535041114,-0.0168065827134243,0.5406403808345667,0.4853855443886312,-0.015838059083605662,0.5085073939316797,0.48726196065012634,-0.016182185962525252,0.537402309872865,0.4814103754674618,-0.020499106080112905,0.5424019992328156,0.4932210447566322,-0.01789208931396013,0.5413052244231724,0.5008341994529523,-0.01595251975081232,0.5125801974902693,0.5057191154039504,-0.01853978577265186,0.5358701501356012,0.5017994510495452,-0.02127323630900735,0.5407388544237054,0.5080245667062937,-0.01970197518234945,0.5406056835618391,0.5118969327769715,-0.018246594196891022
0.5027166274678103,0.5379798264367254,1.7004492663021315e-08,0.5038686389371531,0.5065405499559088,-0.001263677361863311,0.509017158270555,0.46951696321988723,-0.004842968296528478,0.5143188128802432,0.4401934391087935,-0.008529553985662026,0.5176605657384598,0.4167636229642706,-0.011519914579822044,0.5063598873712797,0.4566132278004681,-0.011106999197260157,0.5307254803587929,0.4438918210430021,-0.017770305262495657,0.5384277950159998,0.4552103184372792,-0.01920271548751741,0.5395004443928073,0.46521555261612263,-0.019121117639832805,0.5063618191469734,0.46972213215833614,-0.013744281948683434,0.5356848903413708,0.46108346033277453,-0.018709152532124136,0.542621281210005,0.47472650027034186,-0.01761207640751266,0.5427273673809658,0.48376677956916964,-0.016781404951104528,0.5087520076881902,0.4870319947750023,-0.016317392761427154,0.5373979801676392,0.48001926664066147,-0.021059055318768165,0.5434001233378704,0.4914773814955912,-0.018668600153843126,0.5431983165647131,0.4992532135288085,-0.016729705392363573,0.5127113097156668,0.5054722437846829,-0.018847918857619817,0.5357894548453073,0.5007517478696244,-0.02188218559826873,0.5413632362334037,0.5066270251935887,-0.020412497203827897,0.541930280768909,0.5105511657143513,-0.018929159726359304
0.5038986943598486,0.538425293870496,2.563584739269346e-08,0.5055604312653335,0.507089467500003,-0.001118795046023202,0.5106768997417562,0.47049411436891353,-0.004694159816207071,0.51598159338521,0.4416357540272803,-0.008442087085255155,0.5196246989922787,0.418599264115855,-0.011551313520861866,0.5071048300111807,0.45669931794281377,-0.010899941599173114,0.5310771209747521,0.4432058981500672,-0.01782200223200728,0.5394279550787365,0.45389901052840426,-0.019608978252479828,0.5412972175364135,0.46370285896135816,-0.019763630696719863,0.5067761766910207,0.4696095328980698,-0.013698272907693664,0.5358667626707603,0.45996549858087865,-0.019093925821171108,0.5436802888976134,0.47313303780735966,-0.018340947576801523,0.5446158294949811,0.4823019996268512,-0.01763501511656448,0.5089733525801992,0.48682390438580575,-0.01643973802413336,0.5373940623252852,0.47876048693246576,-0.02156573942978778,0.5443033009653129,0.4898995840662031,-0.01937124546067145,0.5449113284640029,0.49782261876733863,-0.017432961310404112,0.5128299499008537,0.5052488558089354,-0.01912674080692305,0.5357164356882061,0.4998037073729439,-0.02243320863390391,0.5419282237721733,0.5053624247082331,-0.021055430873453462,0.5431288757700115,0.5093334146385561,-0.019546796263095793
0.504969972838073,0.5392256072056866,3.3987597055144605e-08,0.5075124512002892,0.5079313293577261,-0.0008934528186847119,0.5126723051046733,0.4720375887282207,-0.004472828175612004,0.5179416413822829,0.44397667786168343,-0.008308893286156204,0.5219259881874181,0.4216734725723356,-0.011562856485426641,0.5078344806048722,0.45673903207690564,-0.01066285782033264,0.5314636282752294,0.44258889770569676,-0.017852108164961095,0.540441717759837,0.4524461827799078,-0.020076593332039757,0.5431192452015923,0.46186786787352957,-0.020543140529696823,0.5072119337159515,0.4695341201718536,-0.013672831987686273,0.5360153566669246,0.4588095615450324,-0.01948208640950544,0.5446974800291804,0.4712330746464524,-0.01915964504484652,0.5464803525696976,0.4803069232412812,-0.018660061325449086,0.5092899994814057,0.48670029065163367,-0.016615730764876907,0.5373385469814559,0.4773870922638953,-0.02208009189298837,0.5451734922882752,0.48796415310655683,-0.02015131293051377,0.5466093516159743,0.49586113204210175,-0.01828691314736993,0.5130938953919147,0.505074732509524,-0.019486113710490482,0.5356955117843686,0.49877115426052737,-0.023003277664041727,0.5424468717880637,0.5039103691088296,-0.02170792337300205,0.5442002039888096,0.5078225926101004,-0.02018809747538262
0.5060205161395639,0.540236142779627,4.1676269251102704e-08,0.5095103776031391,0.5088627975555482,-0.0005883786776044316,0.5146032078647811,0.4735301945452815,-0.0041232874991625505,0.5198389455651405,0.4460290147303749,-0.008014758344278172,0.5241196956622809,0.424239471127669,-0.011391955311752215,0.5085920922153732,0.4570295321669101,-0.010381922183346473,0.5317879850139867,0.4419754894168052,-0.017784601851772847,0.541390383811462,0.4508771104654381,-0.020395361127441454,0.5448505288642291,0.45980260022485203,-0.021149491803453525,0.5077660791774757,0.46968732985905876,-0.013637378399495982,0.5361521006353331,0.4575619532364516,-0.019774844744487378,0.5457063441641263,0.4690866476831395,-0.019817599110490334,0.5482858946069191,0.4779649309951496,-0.019501563630917776,0.5097708720938295,0.4868051302476004,-0.01680647311767437,0.5373446768788673,0.475965859277362,-0.022509508759414276,0.5460393212692868,0.48576237433886593,-0.02077724672605705,0.5482069548222832,0.49344614101475104,-0.01897893249227407,0.5135298240371177,0.5051266409874883,-0.01988063462415007,0.5356820383666087,0.49773776975326695,-0.023526478790100815,0.5428187804599867,0.5023790198561386,-0.022242281780949686,0.5449705297758277,0.5062257265708806,-0.02068832374998115
0.5072814338471352,0.5413643286623109,4.895464425451827e-08,0.5116400628695698,0.5097457233365709,-0.0003119954825656493,0.5166878996657693,0.4745942914365862,-0.003779905854474042,0.5218649534536469,0.4473294140016886,-0.00769275896234198,0.5263600135552021,0.4257207107678407,-0.011157771086535435,0.5094473584834894,0.4573432204922888,-0.01011574666628687,0.5322161585036599,0.44139288156170736,-0.017674871919900862,0.542369332870807,0.449257798216958,-0.020618366095146487,0.5465402572435085,0.45757510826699455,-0.021642058299718183,0.5084329985924346,0.46985404276805554,-0.013592361483506872,0.5363381092153525,0.4562968102011814,-0.019969939904519618,0.5466958516925775,0.4667638706088008,-0.020354099869503733,0.5500596967928402,0.4753132898227288,-0.02024868497480724,0.5103477375763299,0.4868877642035829,-0.016960430656193605,0.537397516199263,0.47460105489502485,-0.02284624238537669,0.5468911104765988,0.48353073918113093,-0.02130758079341215,0.5497889582747854,0.4909283284323008,-0.019612204176979033,0.5140459324334812,0.5051318869757535,-0.02021546424078498,0.5357186189762139,0.4966159708117888,-0.023986128017228475,0.5432594388266363,0.5006686284775695,-0.022730676276447054,0.5458719664756516,0.5043767006138566,-0.021176040315724724
0.50842240685616,0.542385195950934,5.554066440364731e-08,0.5135671619912052,0.5105446608715662,-6.190321738944253e-05,0.5185742853218518,0.47555716619413435,-0.003469188361943318,0.5236982374998435,0.44850611289378545,-0.007401389746487662,0.5283872213833656,0.42706104760281843,-0.010945863617469595,0.5102212676145854,0.4576270692401922,-0.009874891074518551,0.5326036020235373,0.44086569423336625,-0.01757558003923625,0.5432551594772668,0.4477925229197637,-0.020820157732699098,0.5480692503425543,0.45555950630782266,-0.022087769446459394,0.5090364773500835,0.4700048971245922,-0.01355162679813867,0.5365064237437114,0.45515201379842535,-0.020146476652676576,0.5475912323945936,0.46466204752241813,-0.020839566035677794,0.5516647661842309,0.47291388580993365,-0.020924736459155227,0.5108697287748188,0.4869625376109502,-0.017099742995874117,0.537445329183429,0.47336607742306525,-0.023150944251443914,0.5476618733020282,0.4815113881436465,-0.021787466873990736,0.5512204737723081,0.4886500225752975,-0.02018523594208904,0.5145129460589113,0.5051366339397944,-0.02051844321626341,0.5357517198581847,0.4956008829070876,-0.024402053147490894,0.5436581796005419,0.4991209379454292,-0.023172612283668435,0.5466876540797416,0.5027035631067197,-0.02161736288120724
0.5095701250429427,0.5437021259752324,6.220378082258007e-08,0.5155616343511912,0.5116940544305009,0.00015578211878889892,0.520505313970854,0.47687372648556714,-0.0031802674654126707,0.5254615415166755,0.44998612959312856,-0.0071136762181497615,0.5301752285575538,0.4286491152998097,-0.010720439572553593,0.5110367991569759,0.4582288076306382,-0.009628856680657213,0.532918072827459,0.440586098039888,-0.017462141599137893,0.543974548221956,0.4463175704868301,-0.021022250749475002,0.5493998243364017,0.45330201386078456,-0.022567472922351277,0.509704163648197,0.47037873727984647,-0.013506286882926953,0.5365659850210335,0.45399331197764936,-0.02037142423623357,0.5482909339759892,0.46236661332372375,-0.021448440722539173,0.5530433598933123,0.4701605890946797,-0.021775257924257697,0.5115223736836023,0.4871622215268429,-0.017235378104909806,0.537447861491681,0.47208347847681204,-0.023528685857807676,0.5482913014071765,0.47931387274318377,-0.022418903036391175,0.5524330304470608,0.4860620026999614,-0.02096108434042065,0.5151709601052938,0.5051796433389398,-0.02081638846609847,0.5359674458749069,0.49455727461390564,-0.02490858341088442,0.5442032615229048,0.4974128119360475,-0.023793921092143663,0.5476198013529925,0.5006939523212001,-0.022303687429346044
0.5108145288906183,0.5450791487554149,6.699405236464915e-08,0.5176415026193601,0.5125896092720685,0.0003676630541465005,0.522530461132621,0.47769221431048264,-0.0028337613547403198,0.5272992949376467,0.45074025581153176,-0.0067331756991055244,0.5319514379293118,0.42930493813456233,-0.010396193356320858,0.5121047691085434,0.4590247226760777,-0.00919640702005136,0.5332156079924578,0.44043066866609476,-0.017119784794852003,0.5445671450196595,0.4448365943405618,-0.020965106449148136,0.5505816639939056,0.4509138925336749,-0.022771922362061794,0.5106269046205901,0.4708869481082774,-0.013275259523518669,0.5366469996068961,0.4532282522278036,-0.020373113311847484,0.5488390395310729,0.4603358551023621,-0.021875187628449592,0.5542598177101536,0.4674513737888174,-0.022507228208217808,0.5123228973886527,0.48745857622435973,-0.01720955581534373,0.5374152774382426,0.4713024884371193,-0.023709630733194976,0.5487022117695421,0.4774203097351745,-0.02297355072804902,0.5534832734173127,0.4836001875306408,-0.021776212576593054,0.5158298776834249,0.5054065522518022,-0.020987258762453796,0.5358498319554351,0.4937267766381084,-0.02528480436440315,0.5443036487665412,0.4954891882509423,-0.024418138264529512,0.548214409831465,0.498110079339912,-0.023129772271601744
0.5118563667645942,0.5467115398035333,7.200320990332084e-08,0.5196251222892468,0.514252351349048,0.000685982352229533,0.5245638277520034,0.47960183536991063,-0.0022928100574698663,0.5293044609283497,0.4530944687671663,-0.006094640716936591,0.5339658401218185,0.4319960045007798,-0.009732016559839792,0.5132087963529519,0.46043294166014326,-0.008387069568723994,0.5333076675133934,0.44066118381921576,-0.016219162510548567,0.5447277013781059,0.44328215718945413,-0.020251012362619728,0.5511636353751564,0.4480198331534771,-0.022273535606229834,0.5116155182027681,0.47169476505798275,-0.012683566276177406,0.5366254051149233,0.45256599077960263,-0.019837068104861456,0.5491164097575256,0.4580561574753351,-0.021715667845121647,0.5551226969649647,0.46413075521578484,-0.022635407501084788,0.5131865747969333,0.48771492699445235,-0.016846540061300052,0.5373617923078975,0.47025108355280815,-0.023383025196365193,0.5489765746249536,0.47495812346876626,-0.023023753126204492,0.5543410568685845,0.4802795143209292,-0.022128686587291887,0.5166304755221034,0.5052755727836341,-0.020843695668222854,0.5359267588626146,0.4925905240081313,-0.025223111920361616,0.5445742844739343,0.4933295189414373,-0.02458876392313437,0.5489214585520958,0.49525446678191143,-0.02351627130578085
0.5129949661448527,0.5481455983271868,7.669689890581952e-08,0.5217556282356526,0.5161705037965173,0.0009694237385222163,0.5267812262599526,0.4817996447464079,-0.0017624971103977704,0.5315660696628045,0.4557350017311083,-0.00542335248457001,0.536264206930003,0.43499043760414124,-0.008939325062152594,0.5144304538916877,0.461947899138998,-0.007425563145528373,0.5335195345714682,0.4410110704948816,-0.015060465859590364,0.5449579650945886,0.4419008677780078,-0.01915309869056328,0.551702006120194,0.4453541838139408,-0.021279801168030993,0.5126395278495915,0.472435093797232,-0.011841583946388012,0.536539033837083,0.45182213343703465,-0.01890266877549165,0.5492227903601026,0.45569767097979297,-0.020974263758080536,0.5557201987851234,0.46085012201989617,-0.02202762892888745,0.5140568173537886,0.48770383285881824,-0.016147250846255658,0.5372539858684949,0.4689851451448019,-0.02256589167545121,0.5491122631251244,0.47222471605574967,-0.022438285122442187,0.5549894388089823,0.4766488125401749,-0.021729553080686883,0.5174661313909498,0.5046402651899321,-0.020291187681773196,0.5360231356411442,0.49097037573987135,-0.024614891764670514,0.5447479621977545,0.49058743166785157,-0.024130870547279908,0.5494437579161304,0.49169566760727884,-0.023198366574440334
0.5140252563479063,0.5494432421456737,8.094410110819232e-08,0.5236834699701445,0.5179061921420898,0.0012259027850600299,0.5287876949078513,0.4837883876774554,-0.0012826301410369164,0.533612543042862,0.45812435420288955,-0.00481592049292836,0.5383439417748948,0.43770002549219356,-0.008222038281331157,0.5155359013523743,0.463318746405885,-0.006555519945815297,0.5337112477921749,0.4413276742278255,-0.014011990137144362,0.5451663249930078,0.44065097341404674,-0.018159623970893747,0.5521891643901177,0.442942104159834,-0.020380595640727205,0.5135661286586618,0.4731049988229261,-0.011079695120022062,0.5364608786203079,0.4511490354661371,-0.01805715410941931,0.54931905151616,0.4535635353281125,-0.020303385676969304,0.556260863291261,0.45788155880078685,-0.021477665245946943,0.5148442781553259,0.48769379405197066,-0.015514481463228574,0.5371564345082287,0.4678396290290792,-0.021826487916955285,0.5492350442673039,0.4697513238096154,-0.02190850971685517,0.5555761434678915,0.4733634809830202,-0.02136838711775429,0.5182222955604763,0.5040653911815095,-0.019791236974423747,0.5361103445861363,0.48950434394921355,-0.024064528503831634,0.5449051188416478,0.4881061852322075,-0.023716534243075328,0.5499163735939149,0.488475398926449,-0.022910702505863276
0.5153911562379146,0.5505222276118201,8.322135662138212e-08,0.5255349733800911,0.519953089151729,0.0012047086167615549,0.5307594130558876,0.48588838757444075,-0.0011912354215056604,0.5356143993666329,0.46046904960835056,-0.004654016000250493,0.5405091776072745,0.4404076156450015,-0.00801058680382032,0.5171232136393832,0.46488915952294524,-0.005996276791126107,0.5339693020148365,0.44176646272995534,-0.01332187526961258,0.5452548251828827,0.4396881496776799,-0.017516368646291913,0.5523912681774286,0.4409397049334597,-0.01981260991369569,0.5149359174359186,0.47398969254860435,-0.010540804675098393,0.5361949550364782,0.45037852435448283,-0.017394734493134455,0.5490182788550382,0.45128749858663275,-0.01980158857992941,0.5562542541544713,0.45479297952802494,-0.021108399539376974,0.5158559070187135,0.4878962111525021,-0.015044841020204206,0.5366808357103325,0.46661260585444186,-0.021267319838121343,0.5488640750449146,0.46728487227630616,-0.021564816288678738,0.5555771188959607,0.47023176774557734,-0.02121594573717728,0.5188641869548921,0.5037282883453231,-0.019414062888684455,0.5356681157764603,0.48829290671728576,-0.02371520509518366,0.5444592282637236,0.4859345878202822,-0.023557468327784242,0.5497139485193038,0.48566838928995,-0.022930307071213768
0.5169435387316237,0.5517661536555387,8.759221816275486e-08,0.5274378001969993,0.522317611918825,0.0009655887523434066,0.5327057191026128,0.48848822118487556,-0.001425688331188494,0.5374882490518076,0.46347358118931553,-0.004873104682003295,0.5424446263539893,0.4438852483440892,-0.00826298926589603,0.5189636144887351,0.4665366226642827,-0.005944990253717849,0.5344774695246438,0.44217938152428415,-0.01330548932656263,0.5454531466264251,0.43851393838257297,-0.017615831789941645,0.5526694179720848,0.43847777657076603,-0.020023912619734244,0.5165484667296301,0.47502005589469576,-0.010455894230806843,0.5360940958017704,0.4498131074147267,-0.01736621478849809,0.5487934210386085,0.44892917227791174,-0.020030831169321906,0.5563382151316941,0.45123291659983394,-0.021528174294893544,0.5170539940005991,0.48840987390100693,-0.014976055540110757,0.5361316997443701,0.4655145444499794,-0.02129000445479738,0.5482605487703128,0.46454344363237715,-0.02194434018260312,0.5553217112960442,0.466396939903247,-0.02186671268429628,0.5195721203414908,0.5039164248472301,-0.01938516956021494,0.5350557130608604,0.48744716044913095,-0.02388223859174944,0.5437152876066405,0.48379294929190086,-0.024041085340753564,0.5491895936528558,0.4825138399892276,-0.023675016477377294
0.5185723759322222,0.5533542553687381,9.055478729905119e-08,0.5293472259885481,0.5246659181894218,0.0006722952088176527,0.5345167269167383,0.49097377271907455,-0.001690167200867524,0.5389621903623417,0.4662220965253392,-0.005076210644507672,0.5437286422482561,0.4469784542158768,-0.008468102026829755,0.5210237189159297,0.46844091556434775,-0.006026724983836477,0.5351352844302909,0.4429612930169407,-0.013476975828203001,0.5457547151183951,0.43779677383869314,-0.01793462834111894,0.5530484771349169,0.43651196222485894,-0.020463365512788823,0.5183640088264038,0.4762963470343226,-0.010470592798241316,0.5361214901928697,0.44962507602341184,-0.017469643706136212,0.5485330498166485,0.4469353780407353,-0.020418134855430224,0.5563200578604901,0.44792043748690724,-0.022122111709305118,0.5184222140889182,0.48920913549570505,-0.0149707441676932,0.535669222179413,0.4647576339962417,-0.02142860092979046,0.5475566569348368,0.46203319352825384,-0.022479824362919596,0.5548781089621666,0.4625919228253976,-0.022688351631561316,0.5203907857666985,0.5044615804991919,-0.019379802186129374,0.5344161595951532,0.48688592496847555,-0.024130223295609276,0.542854350262547,0.48193169934097624,-0.024621638305202274,0.5485335568747759,0.4796169164992523,-0.024511989332154115
0.5200462701212077,0.5547912890303849,9.323554227741918e-08,0.5310750178006636,0.5267908420092605,0.0004069011907348252,0.5361554627538536,0.49322288635752426,-0.0019294875387049601,0.5402959231207193,0.4687091595544834,-0.005259996168176671,0.5448905162307693,0.44977741912046565,-0.008653703452384094,0.5228878560702321,0.4701640627508813,-0.006100684704130128,0.535730524744366,0.4436688252398689,-0.013632149689755495,0.5460275969310971,0.4371478295160913,-0.018223099395240392,0.5533914783244617,0.4347331458152187,-0.02086101548368099,0.5200068476228841,0.47745123107887827,-0.010483893165595478,0.5361462786946533,0.44945493110352425,-0.017563233956054306,0.5482974463868613,0.4451312433247995,-0.020768596308617823,0.5563036277982927,0.4449230576911332,-0.02265955087351424,0.5196602823480946,0.48993236739357193,-0.01496593803916243,0.5352507377567365,0.4640727245903559,-0.021554013425914155,0.5469197227552876,0.45976173076941673,-0.022964370652365958,0.5544767042656858,0.45914885770018266,-0.023431832238078196,0.5211315757072117,0.5049548782622979,-0.019374945383084895,0.5338374436029687,0.4863780769691257,-0.024354618473864068,0.5420753095161337,0.48024750064640465,-0.025146966214206895,0.5479399255440219,0.47699556263022125,-0.025269345209427186
0.5214151475603309,0.5560915172492392,9.403832940212333e-08,0.5327742190000747,0.5287809341774072,0.00020867878298816745,0.5379657499571745,0.49543528257018965,-0.00215210144267861,0.5423133800757071,0.4710780763454712,-0.005496452755255888,0.5471685017743977,0.4523143567728534,-0.008948364359413905,0.5248838349315251,0.4717172034019701,-0.0060016339613204375,0.5366433157349078,0.444403238846246,-0.013549455955662083,0.5465187512730856,0.4365971867438748,-0.018229473944545153,0.5537903131324508,0.4329869629352738,-0.020963822514541607,0.5218011503038051,0.4784970052939165,-0.010366983407848715,0.5363873683913689,0.4493468632727279,-0.01749013078382759,0.5481639789986357,0.44345921333916344,-0.020888100300868573,0.5562239424941985,0.4419871490447155,-0.022923458298584814,0.5210539757508194,0.4905835303886813,-0.014881224023702826,0.5349763592068535,0.46349363440408664,-0.021548471670166873,0.5462665385787593,0.45765107917284387,-0.02321895964041175,0.5538778993471646,0.45577922638705415,-0.023882529773027735,0.5220287218992098,0.5053586872710931,-0.019342026975286856,0.5332752340313118,0.4859539379117178,-0.024485757962252417,0.541132330416426,0.4787074002368086,-0.025516966452238183,0.546977799632999,0.4744000011918003,-0.025834795189807098
0.5229027810559803,0.5574902188798508,9.509906874408609e-08,0.534428725241135,0.5307915841875495,-3.712062797313817e-05,0.5397473045568218,0.4975583108764429,-0.002396701276886843,0.5443226252701255,0.47336045461969517,-0.005713170044086752,0.5494153751983357,0.45474205695577813,-0.009164391927541793,0.5268719498379679,0.47321669344762124,-0.0058377675864791125,0.5377821419284802,0.44523893696025363,-0.013359734128462293,0.5472268400205339,0.43626264464976605,-0.018103858249241784,0.5543352249989891,0.4314752644049658,-0.02091709706065974,0.5235770802616178,0.4795350334230895,-0.010132481066669979,0.5369108648839869,0.4494974419590315,-0.01722659930631665,0.5481303992104081,0.4420591225292694,-0.020757934138987903,0.5560088540334461,0.4390580775650979,-0.022901095206993155,0.5224104616797821,0.4912543695806954,-0.014635723611629783,0.5349414954487044,0.4631030936010127,-0.021318367867838594,0.5456437881568142,0.45577188006931224,-0.023174600562591588,0.5530721054417429,0.4524338453650043,-0.023981307971263,0.5228530915996947,0.5058255409406957,-0.019114280955786888,0.5328487179654512,0.4856919398956392,-0.024374316824322752,0.5402038750958343,0.47736960478816476,-0.025582411470440353,0.5458401215083002,0.4719225933694656,-0.02603866093491487
0.5242522544347579,0.5587821887432933,9.51893707124275e-08,0.5359907045446031,0.5328436294230489,-0.00020501585699585345,0.5415030128264321,0.49976053897648454,-0.0024889606489838074,0.5462690563890502,0.4756472868550834,-0.0057045402876277,0.5515645888935593,0.4572103617502761,-0.009072179903010945,0.5287159416937508,0.47475654873335815,-0.005492827555476448,0.5388561083942843,0.44629655622893355,-0.012849695945984403,0.5478508967429251,0.4363175596502397,-0.01756099288291524,0.5547685075365044,0.4305267336150366,-0.02038905028355355,0.5252367709522479,0.4804862486501037,-0.00969619731611807,0.5374450331604032,0.4497368434471913,-0.016629674721120653,0.54813674322609,0.4408810283612626,-0.020199947955454767,0.5558336055201331,0.43650579086835084,-0.022385158175956044,0.5237088989781324,0.491721422742015,-0.014159243695182833,0.5349217187886217,0.4627510920837182,-0.020716387688875976,0.5450471476693521,0.45405961508415377,-0.022671118666691567,0.5522899321638735,0.4493584653912628,-0.023575659670021752,0.5236890016267972,0.5059873858366786,-0.018625722555605954,0.5324356948258874,0.48531583028182784,-0.023865143643868762,0.5392729244321515,0.4761189469054782,-0.025161611477266005,0.5446747520607685,0.46970023411720485,-0.025700238366550596
0.5254733592636752,0.5599512600742851,9.527108271307646e-08,0.537404100688706,0.5347004740156374,-0.0003569400654582273,0.5430917094838892,0.501753280300344,-0.0025724438555088155,0.5480303333996623,0.4777165843525161,-0.005696731436078457,0.5535093588037225,0.45944386924379305,-0.008988739540118522,0.5303845239681344,0.47614992540519036,-0.005180699918008106,0.5398279138838278,0.44725356954720363,-0.01238817510581772,0.5484155901182923,0.4363672508655782,-0.01706976754220208,0.5551605741064465,0.429668431742488,-0.01991123391491742,0.5267385836954334,0.4813469796028691,-0.009301415023295283,0.5379283887212052,0.4499534718874697,-0.016089532540514893,0.5481424837677751,0.4398150003090637,-0.019695040164091956,0.5556750275079747,0.4341962902444833,-0.021918299614739064,0.5248838225297909,0.4921440475078071,-0.013728088893609365,0.5349038233817863,0.46243257468329046,-0.020171670827466175,0.5445072625617055,0.4525102291721047,-0.022215530446853607,0.5515821630580303,0.44657563069755923,-0.023208598631784358,0.5244453957777956,0.5061338352495595,-0.018183638235121244,0.5320619604802473,0.4849754980656834,-0.023404405522475948,0.5384305303777117,0.47498725775629647,-0.024780840050608398,0.5436202382910025,0.46768927661541027,-0.025394008218595707
0.5266855808565326,0.5610640874724924,9.6014424251814e-08,0.538830838914209,0.5364119161498473,-0.0005334867333756606,0.5446769423676865,0.5036490401791915,-0.0027641320164524547,0.5497820037795632,0.4796573480528104,-0.005865126969990641,0.5554036903905648,0.46142297152082457,-0.00915048400522867,0.5321125767523436,0.4776415471526953,-0.005231555955192669,0.5408397193467244,0.4480365512396552,-0.012378545977684442,0.5489913455414605,0.4361688636500209,-0.017037270111081464,0.5555171880878494,0.428497531503067,-0.019894065441431075,0.528274068556063,0.4823863762467676,-0.009268053554800038,0.5384226851194357,0.45013780225689737,-0.015996706917849126,0.5480711914627755,0.4387115594092945,-0.019639935208324903,0.5553354014793993,0.43188094107992947,-0.021913643662202113,0.5260658847743985,0.49283914739423573,-0.013628640559989844,0.5349418854245883,0.46220271637450466,-0.02003256700001144,0.5439156100747051,0.4511187971437546,-0.022164635928615072,0.5506724518209255,0.4440638547057713,-0.02324751079932317,0.5251895078869184,0.5066265389266835,-0.018032638784303907,0.5318043977109363,0.4849191128193745,-0.023320164369645405,0.5376552452611102,0.4741223033087777,-0.024818071861251012,0.5425168886789435,0.46594068332490857,-0.0255307681385451
0.5279424148028526,0.5624678529660362,9.573343038641973e-08,0.5401959075039517,0.5385131730389158,-0.0007972441472088208,0.5462556843958105,0.50587307760739,-0.0030299589050042735,0.5515572316770492,0.48184187657886246,-0.006079911409891365,0.557263369837018,0.46351170488585314,-0.009320517066058267,0.5338651012525971,0.4793040975135421,-0.005214030384079422,0.5419576578470379,0.44908370004645637,-0.012280349419796346,0.5496238022569512,0.43624705571512634,-0.016908909049203388,0.5558513153545461,0.42762230140068247,-0.01978101567700093,0.5298038089071514,0.483511784047295,-0.009140220213790573,0.5390300622157526,0.45047826402380176,-0.015830926037618695,0.5480739370344964,0.43779491105084883,-0.019539451354401577,0.5549953104023716,0.42973260191828383,-0.021867561856432627,0.5272389618716578,0.4935421860245951,-0.013423733639032038,0.5350844855864503,0.46204872615988574,-0.019833507623605466,0.5433993063149635,0.44979227316565334,-0.022096263413739096,0.5497865678420187,0.4415564252968862,-0.023280472099405005,0.5259310621422008,0.5070981835314247,-0.0177724925368587,0.5316123515438442,0.4848803806956912,-0.023164025259941084,0.5369374421744025,0.47334901408382113,-0.024796525426318185,0.541455723791632,0.46430788913026133,-0.025607032236331068
0.5291221259537776,0.5641369449302337,9.600402584618434e-08,0.5414921830656868,0.5405781582949333,-0.000984110704551483,0.5477571521210994,0.5079331920408825,-0.0032444176833684854,0.553243502549267,0.48379116541524636,-0.006288780825367073,0.5590944149710808,0.46541040273529755,-0.009544186851333935,0.5355542506904277,0.48111639545464846,-0.00531885034191549,0.5430106767305014,0.45017218946515414,-0.012366971228848155,0.5502433947756142,0.4364084712622032,-0.016991063336298108,0.5562328330956993,0.4268665325581052,-0.019886836692523495,0.5312627959591054,0.4849419074054214,-0.009209416250154395,0.5396029601796112,0.45103854164350216,-0.015920668179260956,0.5480439953491194,0.4370019842092124,-0.019726003742193576,0.5546150922946436,0.4276737911266336,-0.02213228324092065,0.5283573304097969,0.4946751890342099,-0.013473558902872097,0.535212381271718,0.4622131796426502,-0.019916492389020723,0.5428526354315436,0.4486879116927616,-0.022319732610249183,0.5488588438767477,0.43922080018732873,-0.023615533677150278,0.5266388850144059,0.5080821541332339,-0.017816773775169218,0.5314368444378209,0.48520364431775337,-0.02332795740278055,0.5362132079468931,0.47284299563167353,-0.025099963574668028,0.5403431012338218,0.46288107763290487,-0.02601347442245086
0.5302111287254948,0.565623371746981,9.697757895767225e-08,0.5427159583748079,0.5425151872171123,-0.0011871292477496067,0.5491884978095295,0.5098591456898215,-0.0034338022839995753,0.5548701322713651,0.485583882359044,-0.006428662701179,0.560902974241344,0.4672910257558524,-0.009644991456783814,0.5371180943459224,0.48274069800093083,-0.005271303193548243,0.5440434329949163,0.4512048456785356,-0.012236230164533393,0.5508962126204519,0.43668773482756024,-0.016827188328893395,0.5566799922232782,0.42643094336241455,-0.01972358927382133,0.5326180935832491,0.4861193721511056,-0.009071166380797448,0.5402072430505274,0.45141211045291885,-0.01572406552421005,0.5481247941474416,0.43619761046009153,-0.019589827825790773,0.5543902801322138,0.42578993101662427,-0.022041537389658496,0.5293919994466302,0.4954745892843105,-0.013271183024990993,0.5353786692739189,0.46211534373833096,-0.019695023861201595,0.5423887427208856,0.44750734756532734,-0.02222713162259909,0.5480411929770541,0.4369880993318888,-0.023618100346022308,0.5272720337872197,0.5086308061776629,-0.017567360826918003,0.5312748969839513,0.4851962800148008,-0.023148931287988606,0.5355271923541028,0.472179646773549,-0.025039900805632873,0.5393065669119566,0.4614812345268944,-0.026034715815379937
0.5311965401935246,0.5669684023287672,9.785852290539378e-08,0.543823322153137,0.5442679564142107,-0.0013708356678670377,0.550483686851032,0.5116018931481825,-0.003605171689272839,0.5563420289680704,0.48720606724344406,-0.00655523832446895,0.5625394944521409,0.4689927546583173,-0.009736207032005804,0.5385331774957108,0.4842104888942384,-0.0052282789639594455,0.5449779484002621,0.4521392705501947,-0.012117925833760174,0.551486931218737,0.4369404334680529,-0.016678901918781297,0.557084615373737,0.42603678955497604,-0.01957587075308542,0.5338444686266466,0.4871848306547312,-0.008946067519475789,0.5407540435604984,0.4517501435584884,-0.015546164681380448,0.548197906966378,0.43546975270109256,-0.019466605632810323,0.5541868532091937,0.42408527295258663,-0.021959423730416983,0.5303282456720673,0.4961979466479955,-0.013088058136702446,0.5355291391428855,0.46202681446677624,-0.019494622509810627,0.5419689777681325,0.4464390845083988,-0.02214333929667379,0.5473013210553948,0.4349677839711106,-0.023620422860718155,0.5278449543324225,0.5091272677391755,-0.017341673265908117,0.5311283547689946,0.48518961624059204,-0.022986935018397287,0.5349064339410486,0.47157939892379414,-0.024985551502815638,0.5383686328365805,0.46021455138711687,-0.02605393662246405
0.5322373211656978,0.5682618773714332,9.803591997332735e-08,0.5449438940396891,0.5458669492704133,-0.0015581710800856704,0.5518039953847412,0.5131692117425629,-0.0037911531913410196,0.5578523996548853,0.4886592058805008,-0.006711529158448421,0.564230988454219,0.47046377997119687,-0.009871412960431317,0.5399631205372214,0.4855041277365454,-0.005112839016303479,0.5459088091845085,0.4530588060264794,-0.011924131323425086,0.5520697028264967,0.4373030509246825,-0.016469987256223426,0.557481989856961,0.42583674889138395,-0.019380602038331935,0.535062638441777,0.48808033470135825,-0.008749809835785815,0.5412636904889317,0.45203311778198896,-0.015273939557756978,0.548239650399906,0.43484673357625037,-0.01923016755976313,0.553977064317976,0.42258096554889174,-0.021753621204997495,0.5312409981237521,0.49678349217187906,-0.012843746027580063,0.5356688279170226,0.46190679336444246,-0.01921980329668447,0.5415742651397873,0.4454433732147607,-0.021948659155451303,0.5466272027646112,0.43305882670958606,-0.02348755030140692,0.528378350027518,0.5095421609267167,-0.017067742067688973,0.5309582177176468,0.4851638523150429,-0.022749431281588035,0.5342809502325605,0.4709961096375961,-0.024815348608441215,0.5374485074378644,0.45896713405134476,-0.025929702711658193
0.5332761550579089,0.5694343745405269,9.751822126389091e-08,0.5460668241650857,0.5473170812314041,-0.0016744129182224112,0.5531040618459575,0.5147005251778209,-0.0039027312783839452,0.5593521403507272,0.4901795008114259,-0.00681087603040422,0.5659031109452061,0.4720568994473219,-0.00996851598364425,0.5413557927835574,0.48657766633082883,-0.0049682104628458075,0.5468113871401591,0.4537698073311904,-0.011708286114290778,0.5526471487934679,0.43763612990544276,-0.016238440389449618,0.5578917539648224,0.4257881459557027,-0.01915700481184378,0.5362484530563935,0.4888164606866847,-0.008565999865231304,0.5417408123555986,0.452136444353498,-0.01500957311931868,0.5482640874179211,0.43418054124530264,-0.018990798992042958,0.5537359417792045,0.4211915022217608,-0.021536509804238265,0.5321564128991068,0.4972748618690649,-0.0126483610696996,0.5357928134354795,0.46174816101054,-0.0189826396544254,0.5411740027069337,0.4445407799720513,-0.02178088636837616,0.5459293323421822,0.4313822837273254,-0.023375762530892207,0.5289862826560556,0.5099314899955399,-0.016874271652403457,0.5308756431497857,0.48516494237533886,-0.022573140151393115,0.533747312319419,0.4705133416131332,-0.024691822525763213,0.5365998290958538,0.45791804761206345,-0.02584388043902219
0.5342573446779073,0.570490989204428,9.773080125632712e-08,0.547134321837467,0.5486933052086058,-0.0019351422213638293,0.5543554665240416,0.5162877710507295,-0.004291222752219175,0.5607775348005717,0.49177581579552865,-0.0072900440033125385,0.5675097600725596,0.47368952324117786,-0.010546114785366482,0.5426422897977715,0.48734297007626,-0.005169147068521947,0.547604855230865,0.45401677870455487,-0.011945966855844427,0.5530355894356603,0.4372763478899101,-0.016514290801386455,0.557994920618837,0.4247734675099598,-0.019476590546499858,0.5373484501414267,0.489407306332509,-0.008704674469195395,0.5421972063812882,0.45216245332580984,-0.015164527555278603,0.5482248573570665,0.4334514066611819,-0.019194916955068822,0.5533534823617531,0.41969717901655884,-0.02178555292604118,0.5330022745366674,0.49778675760369084,-0.01274781113137244,0.5359456749419342,0.4616783440899713,-0.01910345147308249,0.5408013599348075,0.44376576770596704,-0.021963590805701448,0.545199547955134,0.42982909040935924,-0.02361248068426693,0.5295299447488986,0.5105099219474948,-0.016958302107082414,0.5308069675809869,0.48534971246689884,-0.02272380990136261,0.5332621857259148,0.470214192904522,-0.02490013200535684,0.5357799733977421,0.4570491232543431,-0.0260915955667559
0.5351451987118632,0.5714470934808704,9.792315959356992e-08,0.5481002738770572,0.5499386159873595,-0.002171069669887975,0.5554878314297668,0.5177240302838265,-0.0046427590049188455,0.5620673387145947,0.49322028144132507,-0.00772363116018623,0.5689635768270365,0.47516684382403285,-0.011068769546143477,0.5438064088838906,0.48803547436262174,-0.005350969595261723,0.5483228447313548,0.4542402569452986,-0.012161038235403418,0.5533870796920732,0.43695079011053206,-0.016763900964411715,0.5580882735529384,0.4238553102721954,-0.019765775713083248,0.5383438100895762,0.4899419478323765,-0.008830157662277835,0.5426101859608954,0.45218598819665995,-0.015304741962608545,0.5481893590526897,0.43279163094748313,-0.019379618212788663,0.5530074043665444,0.4183450031896534,-0.022010905840314805,0.5337676736519555,0.4982499592965024,-0.01283780101368849,0.5360839955095149,0.46161516849852413,-0.01921277107691647,0.5404641647773034,0.44306447842122176,-0.02212891549768214,0.5445391842509606,0.4284236444845728,-0.023826681041772407,0.5300218910275805,0.5110333306051535,-0.01703433917131672,0.5307448247703115,0.48551690631791633,-0.02286014720312264,0.5328232067617644,0.4699435006934756,-0.025088626061957987,0.535038106408942,0.4562628552583509,-0.026315746812292533
0.5361302758951355,0.5724379214620401,9.774095127016262e-08,0.5490973026475998,0.5510802083821297,-0.0023786166603352254,0.5565914617406561,0.5190172981861358,-0.004983648345487447,0.563291273741289,0.49454936424709367,-0.008167834147413365,0.5703140769102162,0.4765687672307353,-0.011632790361873714,0.5449746291277897,0.488595559601849,-0.005628583674270382,0.5490213929544934,0.45435368356759254,-0.012514091711689683,0.5537157768435141,0.436566174520816,-0.017184368848066296,0.5581714819116256,0.42290044971317575,-0.020248234912424022,0.5393442651749779,0.4905093425926367,-0.009086904630362616,0.5429940810172592,0.4522674248081117,-0.015637066315922484,0.548082695514946,0.4321684554876048,-0.01979836236131999,0.5525688234392411,0.41698986624102174,-0.022507857969584658,0.5345532050268352,0.49889493057094486,-0.013084573739307211,0.5362692421383805,0.4617424098910387,-0.01952234391738884,0.5401452958064266,0.44251213526867694,-0.02252967640466714,0.5438652301929359,0.42715521688255137,-0.02430452815158452,0.5305521969904965,0.5118670672696629,-0.017287258804497527,0.5307590076185841,0.48590690662215585,-0.023208464128463085,0.5324653459941541,0.4698335382271166,-0.02551725685467942,0.5343642013114611,0.455591744870986,-0.026804651440584592
0.5370365141324073,0.5730666061791687,9.728261521746784e-08,0.5500424215198934,0.5518933059848997,-0.002500946430527762,0.5576979392187905,0.5201060111024504,-0.005166837601830254,0.5645465449739576,0.4957240996301772,-0.008397386782567911,0.5717072166337819,0.47788357638263207,-0.011908905314916476,0.5460277139019025,0.4888779980007731,-0.005636070166645863,0.5496632440383673,0.4542228770612302,-0.012478309526737225,0.5539840861634974,0.4360131336782816,-0.017140122328533472,0.5581746938059219,0.42188086967039284,-0.02021970362482893,0.5402967085001485,0.4906723677776054,-0.009060040744548283,0.5433282075599931,0.4520228469909844,-0.015546980923978099,0.5479573979905642,0.43140323602555597,-0.019709410893126514,0.5521370246436016,0.415698293974045,-0.02243917344610524,0.535350529599505,0.498970476082609,-0.013038693271517998,0.5364474075164035,0.4614079083927089,-0.019429464151796277,0.5398812077750589,0.4417411713608711,-0.022467648739251358,0.5433154243974794,0.42590208767861343,-0.024284494988236444,0.531158320357757,0.5119677454669882,-0.01723933241748786,0.5307591180976817,0.48585651760735676,-0.02318045837581078,0.5320783584910287,0.469502988029064,-0.025537606264174433,0.5336956273332513,0.45488631955487774,-0.02686287539428869
0.5378925049525876,0.5736034751285974,9.706668649231846e-08,0.5508949258271316,0.5526420871423978,-0.002574818834102516,0.5586511901976938,0.5211117816672363,-0.0052872445104532075,0.565666357177948,0.4969088435589842,-0.008561382563959179,0.5729839705487707,0.479279842892147,-0.012119201278643865,0.5469494113401024,0.48905950089781636,-0.005610462275249761,0.5503163244796717,0.45405658879216093,-0.01239828289351037,0.554350317364111,0.43544842129174205,-0.01704425869214249,0.5583379445785721,0.4209080730835585,-0.020134342104459295,0.5411214469866006,0.49072720239373,-0.009014738640559293,0.5436756656337393,0.45176324587147765,-0.015417170659316326,0.54794620776012,0.43069113066165615,-0.019567114903689207,0.5518860690636646,0.4145153850206789,-0.0223123018334672,0.5360346441778738,0.49894109214821514,-0.012984924730627824,0.5365706650320506,0.4610769109067132,-0.0192974285784339,0.5396169080411332,0.44099565179760025,-0.02234784914915009,0.5427940882995836,0.4246861190248769,-0.024202725829298,0.5316986726784416,0.511961506035483,-0.017190616726033142,0.530757738226909,0.48575730455550836,-0.023106346956401815,0.531712403847911,0.469147984810011,-0.025483046540604227,0.5330533945738689,0.4541961551534597,-0.02683556010825296
0.538667069712789,0.5740892744611023,9.687129797030054e-08,0.5516663357286626,0.5533196405507145,-0.002641664131051301,0.5595137632516087,0.5220218783855246,-0.005396197721288453,0.5666796473334099,0.497980888814006,-0.008709778259441784,0.5741392733472181,0.4805432896588914,-0.012309492855230553,0.5477834323814114,0.4892237383459406,-0.005587290332524593,0.5509072806949552,0.4539061186817118,-0.012325868787524943,0.5546817108503423,0.43493742712690897,-0.016957514076683198,0.558485666134212,0.42002781369614184,-0.020057100592054275,0.5418677322888812,0.4907768208712744,-0.008973745895677445,0.5439900717853315,0.45152833928820796,-0.015299708585951734,0.5479360819994737,0.43004676426493355,-0.019438354809144125,0.5516589856136876,0.4134450001892023,-0.022197498873081884,0.536653682410355,0.4989145033582877,-0.012936270917994402,0.5366821976861393,0.4607773995307459,-0.019177952878685213,0.5393777497987745,0.4403210497246145,-0.022239445485709546,0.5423223442573217,0.42358581929444805,-0.02412873495522333,0.5321876240267834,0.5119558601294127,-0.017146535110926894,0.5307564896162358,0.4856675291374757,-0.0230392853799814,0.5313812606116652,0.46882675124447043,-0.025433676806481478,0.532472254155611,0.45357164258687477,-0.026810843186670034
0.5393618079029067,0.5746651946073346,9.631003052261202e-08,0.5523819136243344,0.5540276443156095,-0.0026731562337232243,0.5602840046056108,0.5228990903862385,-0.005473050899558603,0.5675798108349325,0.49900646971320606,-0.008831641658958654,0.5751915726399238,0.48181030777808626,-0.012492318428510755,0.5485460097192018,0.4894166770626837,-0.005679226063719456,0.5513697878836535,0.45375170499204764,-0.01240543131692238,0.5548916448065497,0.43443434279193116,-0.017034329522626436,0.5585330400054658,0.4191450357554904,-0.020147151886543493,0.5425567086977867,0.49097609341335796,-0.009082406866215292,0.5442029083721742,0.4514243366703007,-0.015381158021073819,0.5477856145226326,0.4294948718810427,-0.019538895503495253,0.5512603984414768,0.41245332517114075,-0.022335169853102414,0.5372438567319099,0.4991416765260265,-0.013058000372068376,0.5367502638089823,0.4607816861931274,-0.01927193497035259,0.5390630369615725,0.43981621226514517,-0.022396621955597155,0.5417329645238187,0.4225940608579125,-0.02435591511945652,0.5326771806787604,0.5122783743808387,-0.01728438620226111,0.5307713545313,0.4858337614950876,-0.023177139977585273,0.5310798483451279,0.4686904603549052,-0.025617939765766953,0.5319126701853277,0.45311812010922753,-0.02704666268339784
0.5399902040319748,0.5751375636949292,9.580267404257226e-08,0.5530387548628192,0.5546819070068529,-0.002745677776205499,0.5610498319208693,0.5237698433920082,-0.00559471173696871,0.5684866180976338,0.5000181344851236,-0.009001271038212773,0.5762076149742048,0.4829398309252148,-0.012710425365188507,0.5492442399342169,0.4894340280226231,-0.005653003982534829,0.5517946834050838,0.45354252944445406,-0.012345937239455073,0.5550519156123738,0.43392796059289457,-0.016980563572493255,0.5585038091554881,0.4183139363201655,-0.020110614281715813,0.5431810421217292,0.49095163368996325,-0.009036815824751113,0.5443932592898632,0.45122308627014457,-0.015268435466282856,0.5476373096845514,0.428955202173499,-0.01942447299000951,0.5508807724100675,0.4115498313342003,-0.02224044676724857,0.5377726007624345,0.499092443638716,-0.013004688714110537,0.5368105057140512,0.46063423012827065,-0.019148384353979527,0.5388123598599744,0.43938694174155385,-0.02227813267892526,0.5412661629380264,0.4218607582497932,-0.02426207239803685,0.5331057270897607,0.5122980662442311,-0.017238312489263587,0.5307532128110923,0.4857765752584865,-0.02308352264932317,0.5307681784515248,0.4684463967129473,-0.0255219782211799,0.5313584457390648,0.45264400372005,-0.026960668308654904
0.5406007698536809,0.5756857786467061,9.485837862407795e-08,0.5536582997686137,0.5553266005926895,-0.002762580545894201,0.5616926768300434,0.52454646600089,-0.00561239443315669,0.5691937506368958,0.500978498580479,-0.009035116084672118,0.576994279971639,0.48410946991999976,-0.012772232068694612,0.5498395766702587,0.4893875808404342,-0.005529656489851468,0.5521673844175115,0.4534054571907456,-0.012177101095642467,0.5552370154329119,0.4335721177741269,-0.016834961108565548,0.5585707646092941,0.41766522317780863,-0.020006936526586073,0.5437073796156022,0.49092992593738666,-0.008938303385906832,0.5445257968714138,0.4511566625068043,-0.015093978021195826,0.5475006969606806,0.42862276772277264,-0.019281455661916552,0.550565670079951,0.41089477557479215,-0.022153785564546183,0.5382258680893303,0.49913655688680075,-0.012945026690093037,0.536832721435204,0.46069109639867256,-0.019028332187713336,0.5385107539259307,0.4390896319698368,-0.02221668626721162,0.5407270285094391,0.4211681698328998,-0.02427649376754397,0.5335149459002936,0.512500394389379,-0.017228786273059765,0.5307671137073738,0.48595440542518176,-0.023039802528971882,0.5304959707069464,0.4684700805003351,-0.025503125009339996,0.5308344947666486,0.4524979461702329,-0.026985848174338897
0.541208486020292,0.5763399948571793,9.496502874678374e-08,0.5542452357997788,0.5560237226980388,-0.0027972694007861437,0.5623032479028173,0.525292235548648,-0.005656592653500686,0.5698706019226341,0.5018179226448753,-0.009090197176029925,0.5777382844624527,0.4851304626955256,-0.012851975243914513,0.5504039099358065,0.4894902531336359,-0.005515545031399393,0.5524954640676372,0.45331125036600434,-0.012135181427799381,0.5553807508201656,0.4332394650878241,-0.01680909881759238,0.558605076673573,0.41705393753063785,-0.020006037980698024,0.5442001146488201,0.4910808078250662,-0.008936013001221179,0.5446592041476961,0.45111804333625066,-0.01503680832796311,0.5473536798871023,0.42823555833233107,-0.019256509985802438,0.550235290464789,0.41017766296801617,-0.022172431863786365,0.5386486509057671,0.4994077542337039,-0.012958445402131612,0.5368623663077453,0.46084828816068035,-0.018996275698855883,0.5382071924926027,0.43882544301566706,-0.02224467768201922,0.5401924423212506,0.4204910245187384,-0.024370780208678743,0.5338759732077472,0.5129857264314825,-0.017264808980087854,0.5308305398302424,0.4863375422344706,-0.02306062752918518,0.5303167031187758,0.46864227366950384,-0.025547471503473942,0.53044606225483,0.45245351249783533,-0.027060341646825633
0.5417583932339729,0.5769319788016781,9.506153378488878e-08,0.5547763395867765,0.5566545311175115,-0.002828658481063175,0.5628557384499348,0.525967063826366,-0.005696586521583136,0.5704830677826295,0.5025774965606441,-0.00914003868287016,0.5784115155841306,0.4860543336129451,-0.012924132855813782,0.5509145610435024,0.4895831587329581,-0.0055027759243314895,0.5527923351666439,0.4532260049581158,-0.012097249365088983,0.5555108133899221,0.4329384559623498,-0.016785696675030066,0.5586361248054146,0.4165008003829571,-0.020005224908917464,0.54464597830045,0.49121733708495313,-0.008933940489200036,0.5447799210672315,0.4510830978112826,-0.014985076897338348,0.5472206478011767,0.4278851822049423,-0.01923393726518223,0.5499363381847406,0.4095287656420053,-0.02218930443526625,0.539031216539779,0.4996531539541438,-0.012970587660234545,0.5368891912140993,0.46099052706859245,-0.018967268580999706,0.537932507316934,0.43858638501514874,-0.022270006415677345,0.5397087086025012,0.4198782925997506,-0.024456097659457506,0.5342026578207492,0.5134248913009503,-0.017297405029920658,0.5308879325481222,0.4866842331846711,-0.02307947155287811,0.5301544883459421,0.4687980869768912,-0.02558759954081364,0.5300945793553898,0.4524133055750575,-0.02712774893355461
0.5421622900112665,0.5773936753015649,9.446302249203623e-08,0.5552008696627811,0.5571303916744152,-0.002784045047563472,0.5633828094569272,0.5265613301525227,-0.005646357105994381,0.5711502000185149,0.5033501081798437,-0.009106429469196481,0.5791683721896954,0.487004521414138,-0.012915826649494797,0.5513446980299193,0.4897026549844598,-0.005352893550034213,0.5530494905738624,0.4531802683482232,-0.011901710761061335,0.5556131837327093,0.4327029600876341,-0.016585292867824265,0.5586293836992823,0.4160505495830581,-0.01981703615443442,0.5450830969971037,0.4912604885142157,-0.008817936895823233,0.5449339639176262,0.45094545242126327,-0.014806994263408297,0.5471757762696668,0.4275568099796835,-0.0190491472361045,0.549743047580444,0.40898028876858283,-0.022016169272505236,0.5394279376919469,0.49963478131425376,-0.012895866746110023,0.5369559035088975,0.46075097066903514,-0.018836488773828302,0.5377924901975206,0.43815857492644644,-0.022148467129574623,0.5394024180009158,0.4192118211257759,-0.02435956066228882,0.5345429056072252,0.5134121606968357,-0.0172667742416035,0.5308755976169673,0.4865614092312564,-0.023023322670541465,0.5299226616028524,0.4684966289092099,-0.0255457157472976,0.5296776880960644,0.45184680589067994,-0.027108623285971623
0.5425292913387874,0.5778164537984208,9.37187026361626e-08,0.5555891213467516,0.5574524984116055,-0.0027520629319844458,0.5638473201526866,0.5270179081756288,-0.005617648892200984,0.5717198576993028,0.5039533020276822,-0.009106584842852924,0.5798503015380376,0.4877285373816702,-0.012950198102259414,0.5517318941193412,0.4897556615211638,-0.005185490003893593,0.5532967897224191,0.45317768430271793,-0.011694337505819526,0.555733740299005,0.4325378188104796,-0.016388948075222752,0.5586749308426989,0.41569852081820635,-0.019647156895230906,0.545420240643743,0.49126607999781075,-0.00868858744314209,0.5449838883040289,0.45089086694607333,-0.014623264313068398,0.5470560101742351,0.42733535579085513,-0.01887037621599675,0.5495288287320691,0.4085569373183944,-0.021862147872227743,0.5397001998509988,0.4996014358729957,-0.012816267954565417,0.5369257160336516,0.460684456898599,-0.01870946630775614,0.5375785099523641,0.4379239688645117,-0.022033638138541645,0.5390789573002798,0.4187733615333572,-0.024275669800224532,0.5347686080047243,0.5133921589392177,-0.017243290484153313,0.5308134864389455,0.4865375029460877,-0.022964272879314917,0.529666615411306,0.468393898273101,-0.025486247895525806,0.5292654080125724,0.4516384320860098,-0.0270663974555834
0.5428712472973632,0.5781198468890091,9.374503865037423e-08,0.5559545756483271,0.5578351819155611,-0.0028202271509180665,0.5642894677005256,0.5275758234793677,-0.005743231571761919,0.5722277801178135,0.5046249092248629,-0.009285837172727856,0.5804067796657728,0.4884368564237341,-0.013180612277133982,0.5521530807717774,0.48979547818731717,-0.0052436935224722935,0.55356768132126,0.45306891661201903,-0.011766777111013722,0.5558497745431383,0.4322801937971941,-0.01647528318161313,0.558666448756489,0.4152508612562579,-0.019753894463298456,0.5457661480547974,0.4912677688440345,-0.008733433794179821,0.545112308920698,0.45076403742574356,-0.014684800794985816,0.5470218499726306,0.42703781673251456,-0.01894954235441822,0.5493644254891874,0.40805677113659006,-0.021962385760534883,0.5399542571303229,0.49959577333652955,-0.01285463653026112,0.5368903262202837,0.46058360014461874,-0.018762666462363412,0.5373937749444355,0.43772013065275966,-0.022106193487371997,0.5387757254532789,0.4184153952387339,-0.024366310568410595,0.534940505112665,0.5134251965597402,-0.017283097683353142,0.5307402228913517,0.48653271030936524,-0.023033566497612994,0.5294257063571914,0.4682791703488953,-0.025590641654386015,0.5288724844250496,0.45134549436525895,-0.027197116972760015
0.5431806747220616,0.5783943797355281,9.376886945328891e-08,0.5562852661379807,0.5581814626810628,-0.0028819072538443097,0.564689555997376,0.5280806671333712,-0.005856868208728521,0.5726873864558953,0.5052326298398158,-0.009448038138710046,0.5809103228550277,0.48907779667219,-0.013389108321602249,0.5525342020767647,0.4898315072962095,-0.00529636043588767,0.5538128043778981,0.452970495439411,-0.0118323259044161,0.5559547710388524,0.4320470753431956,-0.016553405667744638,0.5586587735280679,0.41484578527521,-0.019850478628532044,0.5460791510503656,0.491269297038893,-0.008774014139574338,0.5452285135362268,0.45064927255363896,-0.014740483623862379,0.5469909392575383,0.42676858105388243,-0.019021177820099485,0.5492156610919569,0.40760418322380315,-0.022053088527538116,0.5401841472307747,0.4995906494484029,-0.012889355298187574,0.536858302860151,0.46049233738149126,-0.018810805956414742,0.5372266128397217,0.4375356825349956,-0.022171847014306172,0.5385013385120636,0.4180914804599554,-0.024448329140595432,0.5350960505216256,0.5134550914791882,-0.017319118225835144,0.5306739285330061,0.48652837357183704,-0.023096268565877275,0.5292077137580521,0.46817535590952775,-0.02568510496508023,0.5285169376631311,0.45108042232233736,-0.02731540180606492
0.5434752394971908,0.5786189784703853,9.34029346556892e-08,0.5565833657431722,0.5584735244291661,-0.0029353558760209096,0.5650515008778988,0.5285083103347333,-0.005929546696068252,0.5730991564388339,0.5057224119251095,-0.009538462057262165,0.5813659892172438,0.48964915213594723,-0.013496909922858045,0.5528531805424735,0.48979368347022395,-0.005253430467367654,0.5540362260407472,0.4528844784676416,-0.011770503208797968,0.5560563511503499,0.4318617147949158,-0.016500241439451464,0.5586845096348769,0.4145450383210727,-0.019813199020203114,0.5463378177091245,0.49120557821969435,-0.008709764488856632,0.5452936971620144,0.450602616833058,-0.014640351132927594,0.5469058958374186,0.42664171354999775,-0.018922516807145042,0.549050078972609,0.407372886274405,-0.021967994727766043,0.5403743769473771,0.49951504866174634,-0.012816381824209584,0.5368181050129162,0.46048280397311336,-0.018711312627820338,0.5370123879200033,0.4374226524631154,-0.022090182082866002,0.5381831258885881,0.41784443737776883,-0.024392078054730038,0.5352324622220003,0.5134230964416279,-0.017246806469700022,0.5305972936315547,0.4865938601250277,-0.023009380775074435,0.5289773342069707,0.46823739824196514,-0.025607580291549963,0.5281733151548952,0.45110143107623946,-0.027252373093570405
0.543734645433106,0.5787924453604011,9.286980893994046e-08,0.5568427157434727,0.5587931702746164,-0.0029202260591514513,0.5653332824698817,0.5288868428876919,-0.005889949463320319,0.5734300491441533,0.5061477490530154,-0.009489392404227826,0.5817313410068807,0.49017864821726115,-0.013436372477252207,0.553134626789572,0.489749444611968,-0.005117884836539433,0.5541926047264571,0.45280564878839946,-0.011585238530164925,0.556108392145106,0.4316847107188958,-0.016302013117045953,0.5586538656296448,0.41425063708545534,-0.019620424233107798,0.5465756435272419,0.4910837375252834,-0.00858129411121505,0.545344674319782,0.4504698256214448,-0.014464962268693588,0.5468493537598624,0.4263951546342082,-0.018737158829954772,0.5489124664463246,0.4069886102059585,-0.021785381948939444,0.5405556906243809,0.49933164841205385,-0.01270497959759977,0.5367471956999286,0.46034879637923215,-0.018554034657118034,0.5368462385279488,0.43722540375768043,-0.02193277836011516,0.53796183840982,0.41755880331495304,-0.024246169321324992,0.5353626335959946,0.5132176640210466,-0.01716000249582665,0.5304910489933343,0.48644359793386555,-0.022895215782046677,0.528742510187194,0.46805367989496144,-0.025504258294389407,0.5278463282603268,0.4508386876702583,-0.027166233085025755
0.5439565898040094,0.579079858320469,9.257179330407925e-08,0.5570328581314048,0.5591440188280948,-0.002954509908602176,0.5655371115576319,0.5292479251018378,-0.005926906223853487,0.5736903661646807,0.5065030859075915,-0.009531292116704967,0.5820180934984462,0.4905555819785607,-0.013478778707072049,0.5533172475580486,0.4898309933625267,-0.00506564245178752,0.5542983479234247,0.4527969842043395,-0.011524617677690675,0.5561368344853501,0.4315279347343317,-0.016246618204167618,0.5586237949696126,0.41396601772699704,-0.01957289249655706,0.546731420095398,0.4910911115619858,-0.008517976851719416,0.5453580473411357,0.45042404941343467,-0.01438229797393378,0.5467393991828168,0.4262315380723736,-0.01864721943843938,0.5487126368592947,0.406697076950527,-0.021691828832525746,0.5406777316482033,0.499271698307585,-0.012642298111789458,0.5366760916878934,0.46024403845391004,-0.018471095457451576,0.5366431074341712,0.43700534954207365,-0.02184690531041608,0.5376730088979618,0.41721173967800296,-0.024162811342302883,0.5354566202417985,0.5131454545814722,-0.0171076392822081,0.5303908682384728,0.48639439570548154,-0.022827192129623666,0.5285145903510625,0.46796367787939375,-0.025436317026658915,0.5275277720897437,0.450681804476224,-0.027102263941531774
0.5441574217339484,0.5793399311451366,9.230212638232592e-08,0.5572049132395213,0.5594614929402995,-0.0029855325095489832,0.5657215514193141,0.5295746593985374,-0.005960347475424581,0.5739259205489424,0.5068246213716021,-0.009569206122302049,0.5822775686816262,0.49089665994522785,-0.01351715104758913,0.5534824965401732,0.4899047847945516,-0.005018369619808791,0.5543940323070315,0.45278914383816216,-0.011469763379077945,0.5561625712501979,0.43138607205306645,-0.01619649272805451,0.5585965847787695,0.4137084727628039,-0.019529882212736927,0.5468723784296631,0.4910977841440223,-0.008460682641592814,0.5453701482548766,0.45038262766363973,-0.014307497113762911,0.546639904026333,0.42608348552321684,-0.01856583552452415,0.5485318160461389,0.40643327577327076,-0.021607174949011185,0.5407881635291572,0.499217450952126,-0.012585579197425973,0.5366117514394552,0.4601492456180602,-0.01839604584268185,0.5364592991698395,0.43680622796655616,-0.02176920092786917,0.5374116542708823,0.41689769044243724,-0.02408738278453104,0.5355416664152539,0.513080114059203,-0.017060257115199248,0.5303002171701007,0.4863498738352334,-0.022765639221829677,0.528308351371559,0.4678822372985343,-0.02537483866672,0.5272395185500311,0.450539844783781,-0.027044379857821307
0.5442907570551115,0.579507101178931,9.193821641225586e-08,0.5573227721316152,0.5596516875439972,-0.0029945068227156166,0.5659151856415024,0.5298211268494412,-0.0059638250768143716,0.5741635220642032,0.5071077066661638,-0.009573458463627395,0.5825356702144635,0.49125079941146366,-0.013520649153489318,0.5536059730941593,0.48994651860056065,-0.004929768919626849,0.5544731021205958,0.4527778422299156,-0.011345889752383806,0.5561916374223376,0.43132514168644737,-0.016065424901088997,0.5586022968516388,0.4135863580859785,-0.01939999525446985,0.5469797773343298,0.4910853920289233,-0.008368872434193654,0.5453474813090314,0.4502925664557662,-0.014173330569105469,0.5465338559075532,0.42593494201624144,-0.018423553772010957,0.5483704524138245,0.4062253788293722,-0.021463750595424085,0.5408811166248164,0.4991615968617688,-0.012499052221763457,0.5365364198326096,0.46003003461860326,-0.01827316203955407,0.5362784947604436,0.4365839092138254,-0.021650398584720128,0.5371563539665235,0.41657545032829413,-0.023977273192139607,0.5356284484925842,0.5130073983294374,-0.01698497079459768,0.5302175996092671,0.4862220638909113,-0.02266821931037935,0.5280999698318783,0.4676821222720449,-0.02527894585334764,0.5269176374304877,0.4502585146628209,-0.02695284681527213
0.5444524361679124,0.5795722435899878,9.161823526839663e-08,0.5574977758656786,0.5597470082886201,-0.002926461092007525,0.5661000222219642,0.529990528980215,-0.005863788385439149,0.5743691040712525,0.5073115134258038,-0.009460161559546428,0.5827790797929407,0.4915161599297883,-0.013390771042538802,0.5537411716136342,0.4899100721631288,-0.004792009126149776,0.554568435601049,0.4527071038153061,-0.011149090594322664,0.5562357534626509,0.43120442089620403,-0.015832523243221694,0.5586106236911832,0.41341040638061194,-0.019150486350555752,0.5471012780727,0.4909737083119154,-0.008248849661914349,0.5453654293994066,0.45015680015314435,-0.013999347616479986,0.5464925079611487,0.42575096254501876,-0.018216204205343523,0.5482899030018634,0.40597990715717963,-0.021239726733725168,0.5409653012730373,0.49897056742276696,-0.012397368542013487,0.5364509779927392,0.45985021268780985,-0.018120786980813076,0.536133220101648,0.43638022675507887,-0.021483385283395846,0.5369816580730896,0.4163336533941668,-0.023809528246341544,0.5356712324627753,0.5127498157438115,-0.01690031552328556,0.5300842314136459,0.48601723870689234,-0.022548941969078664,0.5278742954883974,0.4674698814718756,-0.02516026860934399,0.5266213233578448,0.450018976918589,-0.026842014261326694
0.5446573281818773,0.5798076248836507,9.165190990300864e-08,0.5576396330114906,0.559969633781385,-0.0029048655396983107,0.566244902862306,0.5301842543819094,-0.0058198333525632815,0.5745485643765639,0.5075362176317741,-0.009404524274130197,0.5829593963689377,0.4917624440518248,-0.013321859860589551,0.553857408585884,0.4901144455074878,-0.004696629210238083,0.5546430205240147,0.45283942840531205,-0.011024105473138144,0.5562791032498176,0.4312260701723996,-0.015689536361787913,0.558645855839657,0.41336437719038904,-0.018995665815791592,0.5471927825896926,0.49107452483294045,-0.00816290618689138,0.5453536042375271,0.4501476326824378,-0.013881541885948694,0.5464150298120813,0.4256728039392974,-0.018077975693088513,0.5481805981610507,0.4058441950393267,-0.02108244486728754,0.541018577188831,0.4989760956348106,-0.012326156255210307,0.5363556959287353,0.459765746417171,-0.01801707368218084,0.5359352682465472,0.43618030187008094,-0.021368514848555075,0.5367324933752853,0.4160295680965743,-0.023688882057962924,0.535687437159022,0.5126846607302573,-0.01684596986582228,0.5299592634225162,0.4859333998228794,-0.022463200156238726,0.5276548590822565,0.4673314019903147,-0.025058793866880497,0.526343262495896,0.44981972812532195,-0.026731677428154264
0.544694938579677,0.5799814819887797,9.14641402007714e-08,0.5577035804190846,0.5602225589472601,-0.002880552919664608,0.5663695834307483,0.5303937921185845,-0.005781088977651782,0.5747229453457283,0.5077384525794583,-0.009364845159083939,0.5831585301090044,0.49199414260503205,-0.013293282202341708,0.553978934809968,0.4902418908672583,-0.004621484448817732,0.5546950941387512,0.45292240491546465,-0.010930507496550052,0.5563069669379469,0.4312327667394311,-0.015591377025444641,0.5586692203622067,0.41331646980278763,-0.018899381664375495,0.5473072660762273,0.4911336652986983,-0.008112987323781334,0.5453637634581966,0.450052171256052,-0.013810511479075669,0.5463741103451191,0.4254919681208005,-0.018010098940334143,0.5480925827879709,0.40558980294939806,-0.021015933652708905,0.5410996082141968,0.498994915491181,-0.01230566515000777,0.5363014500574628,0.45957285551118776,-0.017993704749702605,0.5357830274813541,0.43585096284759306,-0.021361987735588187,0.536491024358399,0.41556654284725164,-0.023695125540219,0.5357100779160697,0.5126797886361265,-0.016852375916028152,0.5298196365899988,0.48579604334471826,-0.02248623305334851,0.5274182459342395,0.46707447459755524,-0.025098715096579176,0.5260338022928109,0.449414624666087,-0.02678330617344631
