0,1,2,3,4,5,6,7,8,9,10,11,12,13,14,15,16,17,18,19,20,21,22,23,24,25,26,27,28,29,30,31,32,33,34,35,36,37,38,39,40,41,42,43,44,45,46,47,48,49,50,51,52,53,54,55,56,57,58,59,60,61,62
0.32014366388320925,0.3645776629447937,1.1128647088298748e-07,0.33106566667556764,0.3520948886871338,-0.006893688254058341,0.3385170102119446,0.33332390785217286,-0.011094733327627181,0.3455623388290405,0.31598364114761357,-0.014719413220882402,0.352804708480835,0.30196800231933596,-0.018476274982094743,0.3290462970733643,0.3026864767074585,-0.00922046359628436,0.33258621692657475,0.27650805115699767,-0.014899194240570061,0.3338841080665589,0.26006059646606444,-0.018951002880930882,0.3346867084503174,0.24540373086929318,-0.021937037259340243,0.3202634930610657,0.3015693187713623,-0.00962251797318454,0.31913256645202637,0.2734013795852661,-0.014943727478384941,0.318261992931366,0.25519055128097534,-0.01881084516644476,0.3177157998085022,0.2400845289230347,-0.02164364904165266,0.31276990175247193,0.3078906536102295,-0.01068717129528518,0.3091009020805359,0.28311089277267454,-0.016018909215927083,0.308434796333313,0.2662669062614441,-0.019274234026670417,0.30874400138854985,0.25117821693420406,-0.021477308124303797,0.3066374182701111,0.3197372436523438,-0.01230571903288362,0.30099579095840456,0.30275042057037355,-0.0177835531532764,0.29832763075828556,0.29048450589179997,-0.020356145501136763,0.2967802405357361,0.27811177968978884,-0.021882594376802404
0.42691241502761845,0.4866032004356384,1.4833325963081733e-07,0.4414890050888062,0.4697046995162964,-0.00909546129405496,0.4514055967330933,0.4445829868316651,-0.014676625654101362,0.46084496974945066,0.421445107460022,-0.019509416446089722,0.47042924165725714,0.40263262987136844,-0.024535350129008263,0.4386209964752198,0.403889536857605,-0.0123463803902268,0.44339411258697514,0.36886173486709595,-0.0199675779789686,0.4451860070228577,0.3468803822994232,-0.025397708639502505,0.4462829828262329,0.3272119045257568,-0.029398082941770504,0.42697225809097294,0.4024415731430053,-0.0129736360162496,0.4255123734474182,0.36482480764389036,-0.02020632252097126,0.42437257766723635,0.34039382338523866,-0.02546735629439352,0.4236571788787842,0.32007772326469425,-0.029307581484317762,0.41707102060317996,0.4110300183296204,-0.01445966139435762,0.41217166185379034,0.3779764294624328,-0.021664952859282445,0.41126317977905275,0.35529057979583745,-0.026043117791414216,0.41164349317550664,0.3349517166614532,-0.028993107378482798,0.408991551399231,0.42702251672744757,-0.01666593663394448,0.4014841675758362,0.40409278869628906,-0.0240238349884748,0.3978715479373932,0.3876354277133942,-0.027429753541946385,0.3956594824790955,0.37110265493392947,-0.029441129416227285
0.5334494113922119,0.6084357261657715,1.858240693763946e-07,0.5517186760902405,0.5873523712158203,-0.01143785249441858,0.5641062974929809,0.5558514475822449,-0.018452582508325564,0.5759821772575379,0.5267897009849549,-0.024517153203487362,0.5879819512367249,0.5031212210655213,-0.030835171416401824,0.5481155991554261,0.5051079034805298,-0.01561924200505014,0.5541365146636963,0.4612845301628113,-0.02524087652564046,0.5564610958099365,0.43369120359420776,-0.032092714682221385,0.5579029321670532,0.4090260863304138,-0.037120091170072506,0.5335221052169801,0.5032387256622314,-0.01635196283459656,0.5318079233169556,0.45623776912689207,-0.025456066802144003,0.5304510116577149,0.42560396194458006,-0.03205095529556272,0.5296120047569275,0.4001593112945557,-0.036862656474113444,0.5211636543273926,0.5139037609100342,-0.018154951930046022,0.5151551604270935,0.4727531313896179,-0.027190493419766364,0.5140691041946411,0.4442747354507447,-0.03266192302107806,0.5145952463150025,0.41884111762046805,-0.0363456107676029,0.5111505746841432,0.5338153719902039,-0.02086109779775138,0.5017072677612305,0.5052118301391602,-0.030056906864047,0.49725934863090515,0.4847139060497284,-0.03428716138005253,0.49460965991020206,0.4642863750457764,-0.03677604198455805
0.5335130572319031,0.6083541750907898,1.8612540486628862e-07,0.5516952991485595,0.5873848795890808,-0.011477025598287541,0.5641529679298402,0.5557830452919006,-0.01846789456903932,0.5759558558464051,0.5267373204231263,-0.02449318505823608,0.5877710103988648,0.5028750777244568,-0.030761813372373544,0.5480210423469544,0.5049170136451722,-0.015612114220857582,0.5540623664855957,0.46118566989898685,-0.025232003256678542,0.5564409494400024,0.43358091115951536,-0.032071216776967004,0.5579597473144531,0.40898305177688604,-0.03707097917795176,0.53338143825531,0.5030671000480652,-0.01629063636064522,0.5317535877227784,0.4561625897884369,-0.02535021863877768,0.5304680585861207,0.4255591869354248,-0.03190103545784949,0.5296973824501038,0.4001760482788086,-0.036671259254217124,0.5210282206535339,0.5136921644210816,-0.01804980561137194,0.5151370763778688,0.4726289093494416,-0.027086354047059964,0.5141021847724915,0.44418674707412714,-0.03256969973444934,0.5146763920783997,0.4188679754734039,-0.03625034391880032,0.5111241459846496,0.53355952501297,-0.020711240544915143,0.5016705989837646,0.5051169872283936,-0.029926523566246,0.4972616732120514,0.48475708365440373,-0.034170152246952,0.4946563720703125,0.4645119071006775,-0.03665178492665286
0.5335384964942932,0.6087177395820618,1.8503281182802313e-07,0.5517019987106323,0.5871129989624024,-0.011148822866380161,0.5643567204475403,0.5553657412528992,-0.018057374656200383,0.5762612342834473,0.526525866985321,-0.02404628396034236,0.5879617929458618,0.5025546908378601,-0.030318497121334043,0.5479053020477295,0.5051716566085815,-0.015662773698568302,0.5539514183998108,0.46112282872200017,-0.025257197022437998,0.5564098477363587,0.43346448540687554,-0.03201988302171224,0.5580290079116822,0.4088367581367493,-0.036952311545610385,0.5333796381950379,0.5036404252052308,-0.01648412719368928,0.5318628668785096,0.456572949886322,-0.02555241212248798,0.5305262207984924,0.4257220268249512,-0.03212745711207388,0.5296728610992432,0.4001084566116333,-0.03692648112773893,0.5211469411849976,0.5144513607025147,-0.0183312345296144,0.5152769088745117,0.4732818365097046,-0.027386365830898242,0.514105224609375,0.44448125362396235,-0.03294863402843472,0.5145234584808349,0.41889216303825383,-0.03669669702649112,0.5113974809646606,0.534340786933899,-0.02102767489850514,0.5018067955970764,0.5056964516639709,-0.030292381346225722,0.49732424020767213,0.4851474821567535,-0.03458781167864794,0.49459635019302367,0.4646360993385315,-0.037111876904964404
0.5334308743476868,0.6090815782546998,1.847537646426645e-07,0.5516391038894654,0.5870343208312989,-0.011017665453255122,0.5643337845802308,0.5551532506942749,-0.017937429249286624,0.5764313817024231,0.5264417648315429,-0.02396331392228598,0.5882920980453492,0.5025176048278809,-0.030310719087719883,0.5479235172271728,0.505418062210083,-0.015803023241460278,0.5538452744483948,0.4611018657684326,-0.0254484180361032,0.5563154697418213,0.433416748046875,-0.032228204607963495,0.557992422580719,0.40871250629425054,-0.03717012405395505,0.5334116578102113,0.5040337085723877,-0.01671984232962126,0.5318516492843628,0.4567668855190277,-0.025803421810269324,0.5304466485977173,0.4257968187332153,-0.03239178806543348,0.5295788645744324,0.4000962793827057,-0.03721636459231373,0.5212215900421143,0.5149579763412475,-0.0186418447643518,0.5153633952140808,0.47357571125030523,-0.02769770510494704,0.5140795469284057,0.44464907646179197,-0.03328422307968136,0.5144453048706055,0.4189596593379975,-0.03706158027052874,0.5115356087684632,0.534909462928772,-0.02139667272567742,0.501854145526886,0.5060409784317017,-0.030686789005994784,0.4973259329795837,0.4852942645549774,-0.035014699399471244,0.4946175813674927,0.4645277261734009,-0.03757107034325594
0.533693504333496,0.6091504454612733,1.841143756564634e-07,0.5516778349876403,0.5870253920555115,-0.011001785285770841,0.5642014145851135,0.5546992540359498,-0.018023527413606622,0.5762242317199707,0.5260888814926148,-0.02415681257843966,0.5880622148513794,0.5021423101425171,-0.030677815154194803,0.547841477394104,0.5057257890701294,-0.01649119090288874,0.5537020087242127,0.46117985844612125,-0.026477611809968903,0.5562360405921937,0.43338363766670224,-0.0334197670221328,0.5579934239387512,0.4086135923862458,-0.03843518570065495,0.5333794236183167,0.5047099828720093,-0.0175189103931188,0.5316507697105408,0.45705984234809877,-0.026826579123735383,0.5303624629974366,0.4259753048419952,-0.033427138626575446,0.5295981645584107,0.4001574337482453,-0.0382509253919124,0.5212203979492188,0.5159446597099304,-0.01953827738761898,0.5152074098587036,0.47436410188674927,-0.028847475349903062,0.5139883995056153,0.44508515596389775,-0.034509714692831005,0.5143893599510193,0.41918414831161505,-0.03831609785556788,0.511651349067688,0.536117398738861,-0.02236760184168808,0.501906406879425,0.5069949746131897,-0.03185655958950519,0.4972731590270996,0.4857507050037384,-0.03627059459686276,0.4944967448711395,0.4646763980388641,-0.03888634890317912
0.5339429140090942,0.6090670585632325,1.8448179446295403e-07,0.5516794800758362,0.5869718790054322,-0.01089514754712576,0.5641634345054627,0.554532504081726,-0.01789358891546724,0.5762154817581178,0.5260867953300477,-0.0240430418401956,0.5880679845809937,0.5023977279663085,-0.030592832341790163,0.5479324936866761,0.5053430914878846,-0.016378653980791517,0.5537785530090332,0.46076465845108033,-0.026332999765872903,0.5562697172164917,0.43307706117630007,-0.03325740396976464,0.5580043792724609,0.4084018111228943,-0.038266750425100284,0.5335168957710267,0.504530942440033,-0.01751791238784784,0.5316435337066651,0.45677313208580017,-0.026777599006891202,0.5302799582481384,0.42576578855514524,-0.03335788995027538,0.5295141696929931,0.3999413967132568,-0.038168642669916084,0.5213786363601685,0.5159751892089843,-0.019653844088315917,0.5153389692306519,0.47407368421554563,-0.0289420716464519,0.5140603065490723,0.4449297845363617,-0.034588660299777946,0.5144352793693543,0.419057995080948,-0.03838005363941186,0.511791217327118,0.5363254308700561,-0.022596262395381858,0.5021270513534546,0.5070661783218384,-0.032087796553969365,0.4973740398883819,0.4856339812278747,-0.03651068583130834,0.49446530342102046,0.4642306745052337,-0.039134128391742656
0.5338831305503846,0.6093012213706971,1.8254516191973384e-07,0.5516544699668885,0.5867367625236511,-0.01058020815253252,0.5641916036605835,0.5542624831199646,-0.017495833337306962,0.5763515830039978,0.5259473204612732,-0.023634642735123584,0.5882493853569031,0.5023710608482361,-0.030204298347234683,0.5478824973106384,0.5055087447166443,-0.01623016018420452,0.5538265705108643,0.46081109046936036,-0.026146433502435642,0.5563493132591248,0.43315573334693913,-0.033036955446004795,0.5580714583396912,0.4084193348884583,-0.03802805244922634,0.5336042284965515,0.5047989845275879,-0.01755933314561838,0.5317760229110717,0.4570108652114868,-0.026830314844846687,0.530403470993042,0.42590862512588495,-0.03342999517917628,0.529588806629181,0.39990625381469724,-0.038260997086763324,0.5215613722801209,0.5163866639137269,-0.0198459934443235,0.5154627799987793,0.47443887591362,-0.02910343594849104,0.5141318917274476,0.4451389968395233,-0.03470473289489742,0.5144129514694215,0.4190205335617066,-0.03847376406192774,0.5119957089424133,0.5368569135665894,-0.02291018366813654,0.5023286700248719,0.50737464427948,-0.03235416337847706,0.4974993526935577,0.48572068214416503,-0.03669865131378172,0.49443272948265077,0.46406329274177543,-0.03927651122212404
0.534045934677124,0.6093130230903625,1.8199946225649915e-07,0.5516378998756409,0.586988914012909,-0.0106570858508348,0.5640029430389405,0.5543310761451722,-0.017601474747061703,0.5760228514671326,0.5258687496185304,-0.023786966502666422,0.5878893613815308,0.5022914052009583,-0.030390253663063003,0.5478457093238831,0.5053846001625061,-0.016174538433551742,0.5538785576820374,0.4609432518482208,-0.026215163618326143,0.5564135193824769,0.43329929113388066,-0.03323359638452524,0.5580685615539551,0.4085402667522431,-0.03830703943967816,0.5335627675056458,0.5046354651451112,-0.017555125430226262,0.5317130088806152,0.456955885887146,-0.026908320933580344,0.5304470896720886,0.4259231150150299,-0.03353365063667292,0.5296886563301088,0.3998726367950439,-0.03836147561669344,0.5215135812759399,0.5162758231163025,-0.019925138354301423,0.5154205441474915,0.4744901478290558,-0.029265476763248376,0.5142016172409057,0.4451899945735932,-0.03481960520148272,0.5145370721817017,0.4190333247184754,-0.03852494955062862,0.5119559526443482,0.5369069576263428,-0.023092480376362738,0.5024507522583008,0.5073890805244446,-0.0325450330972671,0.49764181971549987,0.48573276996612547,-0.036794991046190245,0.49452790021896365,0.46428091526031495,-0.03928745612502092
0.5342514514923096,0.6090334892272949,1.8229350473575326e-07,0.5516233205795288,0.587199604511261,-0.01081832665950056,0.5637964844703675,0.5544785261154175,-0.01774698719382282,0.575684642791748,0.5258792996406556,-0.02391271516680712,0.5875044107437134,0.502319872379303,-0.030454077944159462,0.5478327035903932,0.5048148155212402,-0.015850958786904762,0.5539548993110657,0.46076199412345886,-0.025907870754599525,0.5564963340759277,0.43317545056343076,-0.033015722408890676,0.5581101059913636,0.4084880888462067,-0.038146650791168184,0.5334916710853577,0.5038855075836182,-0.017172229848802022,0.5315580248832703,0.4564548254013061,-0.026441261917352604,0.5304530382156373,0.42573129534721377,-0.03297512456774706,0.5298523187637328,0.39990534186363225,-0.0377140767872333,0.5214030623435975,0.5154298543930054,-0.01954845041036602,0.5152778148651123,0.47382633090019227,-0.02882421575486654,0.5142868280410767,0.4448919832706452,-0.034239212796091975,0.5148535728454591,0.4189294397830963,-0.037820745259523364,0.5118065237998963,0.5361571311950684,-0.022767585888504922,0.5024474263191223,0.5068595886230469,-0.0321214266121387,0.49770836234092714,0.48526192903518683,-0.036256383359432195,0.49469418525695796,0.4638981521129608,-0.0386490255594253
0.5335713863372803,0.6089495420455934,1.8262695107296172e-07,0.5513213276863098,0.5870584726333619,-0.01081360597163434,0.5638233065605164,0.5547671675682069,-0.017636856809258424,0.5760170817375183,0.5260246992111206,-0.023682882264256418,0.5879552125930786,0.502508568763733,-0.0300344113260507,0.5479216814041138,0.5043909430503846,-0.015155183151364262,0.5540847897529603,0.4604083180427551,-0.024781053140759422,0.5565355658531189,0.43291466236114495,-0.03165367282927032,0.5580936670303345,0.4083069145679474,-0.036660487949848136,0.5335219025611878,0.5031786680221558,-0.016304361633956363,0.5318410873413086,0.4561604619026184,-0.02523307986557476,0.5305517077445985,0.4254918694496154,-0.03169950470328326,0.52980535030365,0.3997758805751801,-0.036425177752971605,0.5213847160339357,0.5143437385559082,-0.0185141090303659,0.5155633926391602,0.47290845513343815,-0.02738661877810948,0.5144216418266296,0.44427739977836606,-0.03269851915538306,0.5148956775665283,0.4185112893581391,-0.03626662716269488,0.5116615056991578,0.534639585018158,-0.02159155458211892,0.5023130297660827,0.50566326379776,-0.03064325302839274,0.4977403700351715,0.48453479409217837,-0.03470686078071592,0.494908195734024,0.46333248019218454,-0.0370706751942634
0.5331362962722779,0.6092108607292176,1.8150956861973103e-07,0.5512500882148743,0.5869240641593934,-0.01075902469456192,0.56394362449646,0.554759180545807,-0.01754869855940338,0.5762965440750122,0.5259361743927002,-0.02354258522391314,0.5882421851158142,0.5022425889968872,-0.02982607744634146,0.5479176998138429,0.5046421885490417,-0.01511316727846854,0.5540603637695313,0.4604787230491638,-0.024623126536607705,0.5564885020256042,0.432936304807663,-0.031397248432040156,0.5580435991287231,0.40823259949684143,-0.036346859484910926,0.5335413455963135,0.5034022450447082,-0.0162093507125973,0.5320147633552551,0.45645623207092284,-0.02510988600552074,0.5306808471679688,0.42563357949256897,-0.03160139620304104,0.5298482298851014,0.39983521699905394,-0.03636197969317432,0.5214154243469238,0.514479398727417,-0.01833783313632006,0.5156486868858338,0.473158222436905,-0.027124698832631043,0.5144158601760864,0.44429378509521483,-0.032454450055956804,0.5147836565971374,0.4183278799057007,-0.036066366732120464,0.5116874694824219,0.534614360332489,-0.021322848275303764,0.5022755265235901,0.505573058128357,-0.0303108230233192,0.4977748394012452,0.48445326685905454,-0.03438934236764906,0.4949618756771087,0.4631683588027955,-0.03678344637155526
0.5333795666694641,0.6096238493919373,1.8218435684502768e-07,0.5512764930725098,0.5873663902282714,-0.01090228594839568,0.5639251112937927,0.5549238681793214,-0.01777432970702644,0.5763087987899781,0.5260182857513428,-0.023837094753980582,0.5882482647895813,0.5021994233131408,-0.030207078531384417,0.5478014588356018,0.5050542712211609,-0.0154456548392772,0.5538624167442322,0.4605292022228241,-0.025132242590188945,0.5563589215278626,0.4328438937664032,-0.03201144896447654,0.5579689741134644,0.4080334007740021,-0.03701191842555994,0.5334856152534485,0.5041863203048706,-0.01651845779269926,0.5318424105644226,0.4570928335189819,-0.02555475756525986,0.5305162072181702,0.4260947883129119,-0.03213261067867276,0.5296963095664978,0.4001202642917633,-0.03696330338716502,0.5214363098144531,0.5155076265335083,-0.018636886402964542,0.5156347274780274,0.47415786385536196,-0.02754335850477212,0.5143198728561401,0.4449158787727356,-0.0329365666955709,0.5146036505699157,0.4187253534793854,-0.03658791035413736,0.5118029713630676,0.5357479929924012,-0.021621377766132283,0.502410614490509,0.5062996506690979,-0.030696444958448383,0.49786970615386966,0.48491700887680056,-0.0348086819052696,0.49500528573989866,0.46358889341354376,-0.037223672866821225
0.5330002188682557,0.6097396850585938,1.8629220051025185e-07,0.5511029481887818,0.5876275300979614,-0.01107396651059384,0.5637641549110414,0.555376923084259,-0.0179767198860645,0.5762814044952393,0.526337218284607,-0.0240024402737617,0.5883157014846803,0.5025405406951904,-0.0303312916308641,0.5476812720298767,0.5053811073303223,-0.0156223835423588,0.5538038015365601,0.4606812059879303,-0.025237593427300423,0.5563420176506042,0.432805472612381,-0.03204271607100958,0.5580065608024598,0.4079698324203491,-0.03698179721832268,0.5333158731460572,0.5043019175529481,-0.01648542713373892,0.531788969039917,0.45706579089164734,-0.025414455309510163,0.5304939150810242,0.42593104839324947,-0.031894488632678956,0.5297043561935425,0.4000927627086639,-0.03664900064468378,0.5212381958961487,0.515431809425354,-0.0183892879635095,0.5155609369277955,0.4739803850650787,-0.027172634005546523,0.5142860889434815,0.4447859644889831,-0.03253474421799178,0.5146302819252013,0.41870490908622743,-0.0361661717295646,0.5115556359291077,0.5354177951812744,-0.0211699362844228,0.5021775722503663,0.5061127066612244,-0.030201995000243162,0.4977127015590668,0.48474625945091243,-0.03436049222946164,0.4950013220310211,0.4633986651897431,-0.03679144904017442
0.532755708694458,0.6095083355903625,1.874782753930049e-07,0.5510418891906739,0.5874165415763856,-0.011172381602227641,0.5638590216636659,0.555273187160492,-0.01810894981026648,0.5764438390731812,0.5262977123260498,-0.02414124421775336,0.5884770035743714,0.5025076746940613,-0.03049298189580436,0.5476651430130005,0.5054441332817078,-0.01580954436212772,0.5537335991859437,0.4607261896133423,-0.025398997589945762,0.556248688697815,0.4328503549098969,-0.03215424083173268,0.5579052805900574,0.40808511376380924,-0.03705056980252258,0.5332853436470032,0.504383671283722,-0.016572027094662118,0.5319526195526123,0.4571393728256225,-0.025495994463562904,0.5306116461753846,0.42583898305892937,-0.03199800364673134,0.5297314286231994,0.40002500414848324,-0.03677613288164134,0.5211979150772095,0.5154894590377808,-0.01836343258619304,0.515662145614624,0.4740764677524567,-0.02713520973920816,0.5142237305641175,0.44475170969963074,-0.03255904391407963,0.514382016658783,0.41873342990875245,-0.03624494373798364,0.5115118980407715,0.5353505969047546,-0.02102692238986486,0.5021075010299683,0.5061082005500794,-0.030083675310015642,0.49763097763061526,0.48487343192100524,-0.03429080098867412,0.4948976099491119,0.4637438952922821,-0.0367545530200004
0.5331600189208985,0.6095516920089722,1.8578506910671424e-07,0.5513052225112915,0.5873691201210023,-0.010997810401022382,0.5639770269393921,0.5551385641098023,-0.01786818020045756,0.5763370513916015,0.5262502789497376,-0.0238873708993196,0.5882787823677063,0.5023890614509583,-0.030250004678964576,0.5477068543434143,0.5054587125778198,-0.01569339577108616,0.5537693619728089,0.4608108699321747,-0.02533590532839294,0.5563052773475647,0.432954216003418,-0.03213602267205708,0.5579236626625061,0.4081828057765961,-0.037059787660837104,0.5333999276161194,0.5044756174087525,-0.01661053951829666,0.5320075631141663,0.45727291107177737,-0.025569206476211505,0.5306685447692872,0.4259676158428192,-0.03208600021898742,0.5297437667846681,0.4000764608383179,-0.03686930537223812,0.5213531374931336,0.5157535672187805,-0.01855288296937938,0.5156638622283936,0.4744036793708802,-0.027379813045263237,0.5142299652099609,0.44498989582061765,-0.03278776034712787,0.5143688321113586,0.4188352644443512,-0.03645433187484736,0.5116612672805787,0.5359087824821472,-0.021355502679943978,0.5022951722145081,0.5065511345863343,-0.03045377694070334,0.49773492813110354,0.4851569294929504,-0.03462032526731486,0.49488877058029174,0.46396800279617306,-0.03704697340726846
0.5336431741714478,0.609312391281128,1.8554389669134255e-07,0.5515252232551575,0.5872673869132996,-0.010935888439416841,0.5639536380767822,0.5548868298530578,-0.01779108121991156,0.5760742545127868,0.5260893702507019,-0.02382515668869014,0.5879135608673096,0.5022404313087464,-0.03022566512227056,0.5476259589195251,0.5055207967758178,-0.015738812088966322,0.5536822319030763,0.4609594702720643,-0.02549227401614184,0.5563090205192566,0.43315156102180485,-0.0323746491223573,0.5579555988311768,0.4084251165390015,-0.03733964487910264,0.5333461523056031,0.504630172252655,-0.01675271894782776,0.5317697405815125,0.45729761719703677,-0.025752207264304123,0.5306086897850038,0.4260591506958008,-0.03225682415068144,0.529792082309723,0.40014957785606386,-0.03702267780899998,0.5213311672210694,0.5160653233528137,-0.018798803538084,0.5153863668441773,0.474867731332779,-0.02770361006259914,0.5140980243682862,0.445381885766983,-0.033109109103679604,0.5143002390861512,0.41916702389717103,-0.03675639852881428,0.5116980433464051,0.5364770531654358,-0.02170059904456134,0.5023538708686829,0.5069763660430908,-0.03080872930586332,0.4977148473262787,0.4854041635990143,-0.03491856902837748,0.4947700917720795,0.46428858637809756,-0.037306438386440224
0.5335603117942811,0.6089919686317444,1.8563740695753954e-07,0.5515952587127686,0.5869563221931458,-0.010824065841734381,0.5638935208320618,0.5547263145446777,-0.017633552104234684,0.5759549736976624,0.5259218573570252,-0.023626687750220258,0.5877691745758057,0.5021353721618652,-0.029984783381223658,0.547660744190216,0.505390202999115,-0.015622320026159242,0.5537500262260437,0.4610047101974487,-0.025283985584974224,0.5563709855079652,0.4332890629768372,-0.03211368732154362,0.5579921483993531,0.4086116313934326,-0.0370576918125152,0.533342432975769,0.5042828321456909,-0.01666643414646382,0.531750750541687,0.4568835377693176,-0.025623524561524343,0.5306565642356873,0.42569957971572875,-0.03210757188498968,0.5298639059066773,0.3998342931270599,-0.03685726001858708,0.5212806463241577,0.5156428813934326,-0.0187211316078901,0.5152016043663026,0.474576610326767,-0.027566327154636344,0.5140274286270141,0.4451623201370239,-0.032967877388000444,0.5142988920211792,0.41895124316215515,-0.03662273064255712,0.5115987062454224,0.5361034989356994,-0.021618789806961962,0.5022164583206177,0.5067229270935059,-0.030636587366461684,0.4975731611251831,0.4851910412311554,-0.03471803963184352,0.49461244940757754,0.46407795548439024,-0.03710911571979518
0.5338790893554688,0.6083893775939941,1.8223112192572448e-07,0.5518590450286865,0.5864212989807129,-0.01079244073480364,0.5640877485275269,0.5543682217597962,-0.0176407594233751,0.5760484099388122,0.5257540702819825,-0.02369498386979098,0.5878585696220398,0.5019359350204469,-0.03011514022946356,0.5479170680046082,0.5048224925994873,-0.015615046024322461,0.5538448333740235,0.4606629014015198,-0.02532651759684078,0.5563211441040039,0.4332137286663056,-0.03219699524343008,0.5578272342681885,0.4085689544677734,-0.03719945028424258,0.533631193637848,0.503764021396637,-0.016773489303886842,0.5318495631217957,0.4565708160400391,-0.025875108316540663,0.53065744638443,0.4257087349891663,-0.03247771076858038,0.5298163652420045,0.399898624420166,-0.03732766509056088,0.5215506553649902,0.5152245044708252,-0.01894287839531896,0.5153226375579834,0.47429338097572327,-0.027928140386939002,0.5140962839126587,0.4450670838356018,-0.033374769240617726,0.5143314957618714,0.418855082988739,-0.03707093968987462,0.5118233442306519,0.5358436703681946,-0.021953475102782203,0.5023115158081055,0.5064307928085328,-0.03104884922504418,0.4976743280887604,0.4850085079669953,-0.03514942526817318,0.49475086331367496,0.4638647556304931,-0.0375830732285976
0.5337840437889099,0.6090805649757385,1.807057287805947e-07,0.5518857479095459,0.5866898417472839,-0.0104763731360435,0.5641070485115052,0.5545731067657471,-0.01715749017894264,0.5760752081871033,0.525762391090393,-0.023081952333450284,0.5878490090370179,0.5019724011421204,-0.02937329970300196,0.5479146718978882,0.50534747838974,-0.015365297161042641,0.553951644897461,0.460786521434784,-0.02492690160870544,0.5564520597457886,0.4333282232284546,-0.031669613346457424,0.5579606533050537,0.40853530764579776,-0.036596918106079054,0.5336765170097352,0.5042979121208191,-0.016647066734731143,0.5318823099136353,0.4570524036884308,-0.025834579020738546,0.5305677890777588,0.42604404091835024,-0.03255444988608356,0.5296759128570556,0.3999535620212555,-0.0374759122729301,0.5216420292854309,0.5158221483230592,-0.01887550428509708,0.5153934001922608,0.47500085830688477,-0.027844477817416165,0.5140918970108033,0.4454803884029388,-0.033269750699400864,0.5142882585525512,0.41890448331832886,-0.036951152980327584,0.5119371414184571,0.5365101933479309,-0.021911329030990544,0.5024791955947876,0.5066913604736328,-0.030901922285556722,0.4978700160980225,0.4852278292179108,-0.03487969040870664,0.4949084520339966,0.4639953315258026,-0.0372398860752582
0.5340768098831177,0.608561384677887,1.8183723966558323e-07,0.5519248366355896,0.5864277720451355,-0.0106035370379686,0.5641184568405151,0.5542899608612061,-0.017364297807216603,0.5760795950889588,0.5255604147911072,-0.023340982198715183,0.5878485202789308,0.5018136143684387,-0.0296720504760742,0.5478392958641053,0.5052031040191651,-0.015546728670597022,0.5538748502731323,0.4607378542423249,-0.025209243968129083,0.5564339876174927,0.433318167924881,-0.03199532814323896,0.558003830909729,0.4086711585521698,-0.03692195490002628,0.5335616230964662,0.5042264461517334,-0.01676463801413768,0.5316588044166566,0.4568412482738495,-0.0259449124336242,0.5305064082145692,0.4259744226932526,-0.03258739411830898,0.5297390341758729,0.40002999901771547,-0.0374377474188804,0.5215243816375732,0.5157121181488038,-0.01894973106682296,0.5152076482772827,0.4748956620693207,-0.027951459586620306,0.5140253186225892,0.4455166935920715,-0.033373886719346005,0.5143126130104065,0.41908817887306216,-0.037033325433731064,0.5118886232376099,0.5363185167312622,-0.021950409933924622,0.5023771405220032,0.5066712856292724,-0.030945417284965464,0.497768759727478,0.48527947068214417,-0.034927850961685165,0.4948341190814972,0.4641671299934387,-0.03728083670139308
0.5339574694633484,0.6089627742767334,1.814853902715186e-07,0.5519383311271667,0.5867545723915101,-0.010555750690400562,0.5641762852668761,0.5547088623046875,-0.01731571480631824,0.5762997388839722,0.5260365009307861,-0.02330238781869408,0.5881633520126344,0.5023126244544983,-0.02965113781392572,0.5480156779289246,0.5051028728485107,-0.015494281612336581,0.5540659070014954,0.46061084866523744,-0.0251451134681701,0.5565296769142151,0.4331792652606964,-0.03193609751760954,0.5580534696578979,0.408485209941864,-0.03689181655645366,0.5337819695472719,0.5040908575057984,-0.01679513733834022,0.5319277524948121,0.4567602097988128,-0.026081388071179323,0.530598783493042,0.4258951008319855,-0.03284193053841588,0.5297696828842163,0.3999679505825043,-0.03776869475841516,0.5217301964759826,0.5156389951705933,-0.0190495111048221,0.5155561089515686,0.47443606257438664,-0.028150971978902786,0.5142685413360596,0.4452024877071381,-0.033619927987456284,0.5145540237426758,0.4187960207462311,-0.03729452341794966,0.5119750022888184,0.5363551020622254,-0.02210939265787596,0.5024914979934693,0.5064708709716796,-0.031247920542955342,0.4979075491428375,0.4851619362831116,-0.03529706895351408,0.4950204610824585,0.46388854980468747,-0.03767377510666842
0.5341198205947876,0.6091691851615906,1.799980879013674e-07,0.5520634174346923,0.5865372657775879,-0.010436153411865181,0.5643494606018067,0.5546913981437683,-0.01728461533784862,0.5765897393226623,0.5261396527290345,-0.023380237817764243,0.5884506940841675,0.5023077487945558,-0.02985504716634748,0.548084306716919,0.5053074717521668,-0.015800202451646282,0.5542105793952943,0.46055067777633674,-0.02555461078882212,0.5566287994384765,0.4329881727695465,-0.03236496709287162,0.5581441044807434,0.4082079529762268,-0.037333966791629744,0.5339432477951049,0.5045998573303223,-0.01721680108457798,0.5320467352867126,0.4571695923805236,-0.026688352227210943,0.5306315422058105,0.42612530589103703,-0.03354035988450048,0.529797649383545,0.40007742047309874,-0.038544739782810145,0.5219836473464966,0.5163649439811706,-0.01954995729029172,0.5157509803771972,0.47498221397399903,-0.028796055912971463,0.5143790006637574,0.44544473886489877,-0.034352875873446424,0.5146771550178528,0.4188525915145874,-0.038096220791339855,0.512330973148346,0.5371263980865478,-0.0226641464978456,0.5027396559715271,0.5070038318634034,-0.03196733817458148,0.4980641841888428,0.48544324040412906,-0.036135853826999645,0.4950846552848816,0.46400853395462033,-0.03859381973743434
0.5339815497398377,0.6097747325897217,1.8277216611295447e-07,0.5520563244819642,0.5870892405509949,-0.010591650009155221,0.5643402934074402,0.5551438927650452,-0.01749923825263974,0.5765622854232788,0.5263503074645997,-0.023589045181870424,0.5883877635002137,0.5024470806121827,-0.03004945591092106,0.5478628516197205,0.5060215711593629,-0.01613817084580656,0.5541351199150086,0.46100054979324345,-0.025903722271323162,0.5566918849945068,0.43323148488998414,-0.032703264430165246,0.5583091735839844,0.40835512876510616,-0.03764626681804652,0.5336867809295655,0.5052866339683534,-0.01738610435277218,0.5319762706756592,0.4576997220516204,-0.026777921244502022,0.5306866765022278,0.42634747028350833,-0.03355562612414356,0.5299055695533753,0.4001467406749725,-0.03851643726229663,0.5217434525489808,0.5169746398925781,-0.01954420767724508,0.5156814336776734,0.4756736993789673,-0.02871840782463546,0.5144231915473938,0.4458932876586914,-0.0343202661722898,0.5147607564926148,0.4192125976085662,-0.03810318931937216,0.5121806502342224,0.5375931620597839,-0.02248287871479984,0.5027576446533203,0.50736563205719,-0.03174140565097328,0.49804029464721683,0.48568809628486637,-0.03595312908291814,0.4949234127998352,0.46434006094932556,-0.03844127580523486
0.5340795516967773,0.609725022315979,1.857473790778386e-07,0.5521718382835388,0.5873512387275697,-0.01102049145847554,0.5642680287361146,0.5555113434791565,-0.01823462694883344,0.5764211177825928,0.5266541719436646,-0.02453229688107962,0.5883548498153687,0.5026163697242737,-0.03120071589946742,0.5477722764015198,0.506352424621582,-0.01697613988071676,0.5540348887443542,0.46140543222427366,-0.02701495140790936,0.5566320300102234,0.43346906304359434,-0.033986508846282924,0.5582703351974487,0.40848753452301023,-0.03904333934187884,0.5335641741752625,0.5055409908294678,-0.018047942593693682,0.5318467497825623,0.45778099894523616,-0.027482827007770504,0.5307299971580506,0.42637811899185185,-0.034184836596250476,0.5300235629081727,0.4001993894577026,-0.03911673501133915,0.521586787700653,0.5171699762344361,-0.020061668753623925,0.5155876517295838,0.47581600546836855,-0.0293562371283769,0.514553713798523,0.4460866451263428,-0.0350687094032764,0.515002715587616,0.419494754076004,-0.03893303275108334,0.5120472431182862,0.5376704454421998,-0.02287720590829846,0.5026654481887818,0.507536220550537,-0.03231300786137578,0.4979225277900696,0.48571610450744634,-0.036727973818778965,0.4947716295719147,0.464392739534378,-0.03935992419719692
0.5339901447296143,0.6093936800956726,1.8668891073048148e-07,0.5521288514137268,0.5874047994613648,-0.011173535510897581,0.5642008543014527,0.555670988559723,-0.018418494611978503,0.5763163089752197,0.5267943620681763,-0.02472645789384836,0.5883232593536377,0.5029495596885681,-0.031394959241151765,0.5478910088539124,0.5061800003051758,-0.01692989114671942,0.5541305541992188,0.46150022149086,-0.026930131018161742,0.5566559910774231,0.43358297348022456,-0.033913369476795165,0.5582672595977785,0.40857703685760494,-0.039002859592437704,0.5335959672927856,0.5051248908042908,-0.017918798699974963,0.5318991661071777,0.4574557602405548,-0.027306739613413785,0.5307750463485719,0.4261675000190735,-0.03397700563073152,0.5300935626029968,0.4000934362411499,-0.03888659849762913,0.521539318561554,0.5165419578552246,-0.01987223885953424,0.5156224131584168,0.47512910366058353,-0.02914997227489942,0.5146382570266724,0.44569246172904964,-0.0348281010985374,0.5151532053947449,0.41934667825698846,-0.038666348159313156,0.5119025588035584,0.5368368625640869,-0.02265093773603436,0.5025802850723267,0.5069002747535705,-0.03209482543170448,0.497936099767685,0.4851954877376557,-0.036534589529037445,0.49494442343711853,0.463895046710968,-0.0391851313412189
0.5340700030326844,0.6089962244033813,1.8818069804638074e-07,0.5522034049034119,0.587258791923523,-0.011407025344669761,0.5644043326377869,0.5555767893791199,-0.01871128305792804,0.5763590455055236,0.5266818046569824,-0.025035904720425543,0.5883746266365051,0.5028413772583008,-0.03169776834547514,0.5478878855705261,0.5060720682144166,-0.01692818626761432,0.5541503429412842,0.46148839592933655,-0.02688794843852516,0.5567123174667359,0.43356413841247565,-0.033839074522256825,0.5583683967590333,0.4087111473083496,-0.03889049142599102,0.5335047245025635,0.5050250291824341,-0.017744868621230085,0.5319109082221984,0.4573887050151825,-0.026970773190259905,0.530855393409729,0.42611517906188967,-0.03350942060351364,0.5301525712013244,0.40019079446792605,-0.038325572758913004,0.5213893175125123,0.5162667274475098,-0.0195759069174528,0.5155574202537537,0.474945467710495,-0.02877404466271394,0.5146024346351624,0.4455569207668304,-0.034478594362735704,0.5151101708412171,0.41944365501403813,-0.03834467008709902,0.5117343664169312,0.5362553238868714,-0.022255983203649483,0.5024350404739379,0.5067137718200684,-0.03166328631341454,0.49786096811294556,0.48507070541381836,-0.036167860776185945,0.4949849247932434,0.46393067836761476,-0.03886943235993381
0.5339155554771423,0.6085152149200439,1.8952952984818694e-07,0.552161693572998,0.5874015212059022,-0.01161929368972772,0.5643501281738281,0.5557210445404053,-0.01886234544217582,0.5760759949684143,0.5265905261039734,-0.02507312633097166,0.5880882740020752,0.5029019713401794,-0.031571452692151,0.5479103922843933,0.5057040333747864,-0.01662595644593234,0.5542161464691162,0.46154070496559146,-0.02645644024014468,0.556776797771454,0.4337553262710572,-0.033355093747377364,0.5583612799644471,0.40905089378356935,-0.0383637115359306,0.5333844542503358,0.5042194724082947,-0.01723771505057808,0.5320743918418884,0.45684368610382087,-0.026252199709415405,0.53104647397995,0.4258568167686462,-0.032644252479076305,0.5302483320236206,0.4001247525215149,-0.03733040243387218,0.521141254901886,0.5150312542915345,-0.01890526674687862,0.5155824065208435,0.4739845931529999,-0.0279311586171388,0.5147040843963623,0.4451375007629395,-0.03349581658840174,0.5151962280273438,0.41934602260589593,-0.03724959492683404,0.5113162040710449,0.5347354173660279,-0.021454668045043902,0.5021854162216186,0.5057220458984375,-0.03068785741925236,0.49778210520744326,0.4845652103424072,-0.03506129011511798,0.4950836420059204,0.4636800408363343,-0.03765658736228936
0.5337890028953552,0.607897424697876,1.8792033245063068e-07,0.5520915508270264,0.5867769837379456,-0.01144386269152158,0.5644965648651123,0.555390465259552,-0.01856356598436828,0.576258409023285,0.5263971328735352,-0.02467290163040156,0.5881541132926941,0.502845311164856,-0.031044252961873943,0.5480666399002075,0.5052159070968628,-0.016198266297578763,0.554357385635376,0.4610902011394501,-0.02582556493580336,0.5568027853965759,0.4334287941455841,-0.032580486312508546,0.558315670490265,0.40890743732452395,-0.03749017119407651,0.5335484385490418,0.5036981225013734,-0.01684717945754524,0.5322383165359497,0.45643014311790464,-0.025804388895630803,0.5310919642448425,0.42554140686988823,-0.0322006791830062,0.5302461981773376,0.39996529221534727,-0.03687399774789806,0.5213203549385071,0.5144180417060853,-0.0185282740741968,0.5157115817070007,0.4732314705848694,-0.02744258008897298,0.5146908760070801,0.4445614218711853,-0.03291912227869028,0.5151283144950867,0.4189206480979919,-0.036619732528924885,0.5114664196968078,0.5340508460998535,-0.021083256602287243,0.5022315263748169,0.5052234649658204,-0.03021876364946362,0.49785149097442627,0.4842857480049133,-0.034510560333728735,0.4951958954334259,0.46342561244964603,-0.03704589754343026
0.5338888168334961,0.607317578792572,1.8546925559803642e-07,0.5520531177520752,0.5863007664680482,-0.011286304332315861,0.5646364331245423,0.5549508571624756,-0.018350531533360442,0.5763760805130005,0.5262192368507386,-0.0244791772216558,0.5882084012031554,0.5025847554206848,-0.030883283168077404,0.5481267452239991,0.5046918392181396,-0.015873092412948563,0.554359245300293,0.460659259557724,-0.02554117180407042,0.5568047523498536,0.4330465376377106,-0.03232662416994568,0.5583357453346253,0.4086145401000976,-0.03723647519946094,0.5336539030075074,0.5033737778663636,-0.01666499860584732,0.5322368741035461,0.4562802016735077,-0.02566771991550918,0.531091058254242,0.4255013883113861,-0.03210545629262916,0.5302576899528504,0.39993715882301334,-0.03678473383188242,0.5214348793029785,0.514181911945343,-0.01850375309586522,0.5156385660171509,0.473029237985611,-0.02748199887573714,0.5145830392837525,0.44437826275825504,-0.032925310730934076,0.515039873123169,0.4187193512916565,-0.03658434674143786,0.5115843772888183,0.5339065313339234,-0.02121315300464624,0.5021844863891601,0.505293107032776,-0.03039720393717286,0.4978608667850494,0.484414952993393,-0.03464063853025432,0.49530925750732424,0.4635594964027405,-0.037122566252946784
0.5334047436714172,0.6078412890434266,1.8560193666417037e-07,0.5519406914710999,0.5863738059997559,-0.011177510023117,0.5647292494773865,0.5552311539649963,-0.018210291862487762,0.5765437126159668,0.5264869928359986,-0.02431137003004546,0.5883187294006348,0.5027453541755676,-0.030702656134962963,0.5480908513069154,0.5050614953041077,-0.01590799950063224,0.5543382048606873,0.46068902015686036,-0.02552929930388922,0.5568167686462403,0.43300528526306153,-0.03225342817604538,0.5583817720413209,0.4084665596485138,-0.03712378293275828,0.5336896538734436,0.5037790179252625,-0.01674366556107994,0.5323283433914184,0.4567520320415497,-0.02584833651781076,0.531106972694397,0.4256905317306518,-0.03240612968802444,0.5302742719650269,0.3999269247055054,-0.0371634759008884,0.5215564370155334,0.5146691322326661,-0.01859039328992362,0.5157907843589783,0.4736566662788391,-0.0276228297501802,0.5146206498146058,0.4445930540561676,-0.03317194357514376,0.5150370597839355,0.41857147812843326,-0.036903046816587404,0.5118366837501527,0.5344808816909791,-0.021280439943075123,0.5023037672042847,0.5057106256484986,-0.03054079413413998,0.4979211211204529,0.4848557353019714,-0.034835571795701945,0.49531289339065554,0.46404277682304385,-0.03734581917524332
0.5330846667289734,0.6077932000160218,1.8521568847518214e-07,0.5517796516418457,0.5861118555068969,-0.01105057094246142,0.5646463871002197,0.5551803588867188,-0.01805285140872,0.5765040516853333,0.5264429092407227,-0.02413424216210838,0.5881977796554565,0.5027195453643799,-0.030514489114284442,0.548047661781311,0.5052750110626221,-0.01597067639231678,0.5542480826377869,0.4608398139476776,-0.025601800903677883,0.5567355036735535,0.433132141828537,-0.0323094885796308,0.5583035707473756,0.40845115184783937,-0.03716751486062998,0.5336815595626831,0.5038695335388184,-0.016850523650646158,0.532260799407959,0.45694439411163335,-0.02605290114879602,0.5310505867004395,0.4257681787014007,-0.03266213759779922,0.5302983403205872,0.3998302042484283,-0.03744379505515094,0.5216342568397523,0.5147190093994141,-0.01870191209018224,0.5157877564430238,0.4739983916282654,-0.027761599048972102,0.5146070003509522,0.44474591016769405,-0.0332929372787475,0.515066123008728,0.4184244811534882,-0.03700503632426258,0.5120901942253113,0.5345648407936097,-0.021379995346069283,0.5023956894874573,0.5058767437934876,-0.030653882026672317,0.49795406460762026,0.48510612249374385,-0.03491407260298726,0.49529798626899724,0.4643466353416443,-0.03739094585180278
0.5335515737533569,0.6085353136062622,1.8554559346739555e-07,0.551949417591095,0.586469841003418,-0.01094192229211324,0.5647756099700927,0.5550589203834534,-0.018009310960769638,0.5766886353492737,0.5265092134475708,-0.02421755157411094,0.5883997201919555,0.5025410413742066,-0.0307942654937505,0.5480454683303834,0.505861246585846,-0.0162870559841394,0.5540555119514465,0.4610023081302642,-0.026209134608507104,0.5565944433212281,0.43304912447929383,-0.0330726090818643,0.5582762241363526,0.40817925930023197,-0.038014162331819486,0.5337949872016907,0.5049655318260193,-0.01737476810812944,0.5320649981498718,0.45776979923248295,-0.02684142589569084,0.5308627963066102,0.42622340917587276,-0.03359360545873634,0.5301998972892761,0.40000572204589846,-0.038472115248441664,0.5218317151069641,0.5162377834320069,-0.019435555115342062,0.5158010244369506,0.4750693678855896,-0.02877943143248554,0.5145376682281494,0.44530141949653623,-0.03445219025015826,0.5149779677391052,0.41867333650588995,-0.03823803365230556,0.5124306678771973,0.5363616585731507,-0.022300552949309282,0.5025842428207398,0.5072428464889527,-0.0318530078977346,0.49803763628005987,0.48597073554992676,-0.03625719249248502,0.49532945752143864,0.46488416790962217,-0.038819102942943544
0.5338991999626159,0.6086626172065734,1.8712772487106127e-07,0.5520090103149414,0.5866336703300477,-0.01094209998846048,0.5647071361541749,0.5550699949264527,-0.0181170158088207,0.5765663266181946,0.5266188144683838,-0.024492275714874223,0.588455045223236,0.5025106310844422,-0.031280624121427465,0.5480398774147034,0.5058215022087098,-0.016377796232700303,0.5539829134941101,0.46104411482810975,-0.026551762968301723,0.5566074609756471,0.433005690574646,-0.03359414488077159,0.5583670973777771,0.40804719924926763,-0.038640902191400484,0.533845341205597,0.5051000714302063,-0.01760420016944402,0.5318998456001282,0.4578449249267579,-0.02713995128870002,0.5307403683662414,0.42640921473503113,-0.03385208398103706,0.530119526386261,0.40015807151794436,-0.03869464695453641,0.5218987345695496,0.5165782570838928,-0.01985024735331528,0.5156979680061341,0.47525947690010073,-0.029311369359493224,0.5144912242889405,0.44553033709526063,-0.03495867624878878,0.5150029063224792,0.4188338220119477,-0.03870563060045239,0.5125020384788513,0.5368993520736695,-0.02291370034217828,0.502582311630249,0.507712721824646,-0.03256972283124918,0.4980303108692169,0.48620973825454716,-0.036986229568719844,0.4953980267047883,0.4649107813835144,-0.0395445145666599
0.534008276462555,0.6086023211479187,1.8632780438565537e-07,0.5521788597106934,0.5864960432052613,-0.010842712223529762,0.564802086353302,0.5549737095832825,-0.017943651974201183,0.5766423106193543,0.5265623927116394,-0.0242586694657802,0.5885077118873596,0.5026503205299377,-0.030977049097418722,0.5481807112693786,0.5056663393974304,-0.0161406192928552,0.5541057109832764,0.46111238598823545,-0.02620607204735274,0.5566975593566894,0.4331992149353027,-0.0332050241529941,0.5584404706954956,0.40831502676010134,-0.038248042762279465,0.5339586615562439,0.5048273086547852,-0.0174159582704305,0.5319385409355164,0.4575836300849915,-0.0269001003354787,0.5307530164718628,0.426280426979065,-0.033584581315517344,0.5301384449005127,0.4001525521278381,-0.038414865732192965,0.5220285058021545,0.5162721395492554,-0.0197070382535457,0.515804147720337,0.47481698393821714,-0.029099575430154765,0.5145513176918031,0.4453062117099762,-0.034699628502130465,0.5150305747985839,0.41875928044319155,-0.03842310979962344,0.5125970602035522,0.5366262316703796,-0.022814488783478682,0.5026991486549377,0.5073959589004516,-0.03239979222416872,0.498029637336731,0.48593658208847046,-0.03678313121199604,0.4952613234519959,0.46459302902221683,-0.03933206573128699
0.5343533873558045,0.6089638471603394,1.8458746353644534e-07,0.5523868441581727,0.5867442011833192,-0.010719487443566282,0.5648338675498963,0.5550368666648865,-0.01782467849552628,0.5766035079956054,0.5266327977180482,-0.02419526502490038,0.588427460193634,0.5025769829750061,-0.030987001955509123,0.5482158064842224,0.5058021306991577,-0.01610933765768998,0.5541841745376588,0.461315941810608,-0.026290764659643143,0.5567806363105774,0.4333762526512146,-0.03338958323001856,0.5584998726844788,0.4084156692028046,-0.038503976911306345,0.5340373992919922,0.5050965070724488,-0.01751944161951536,0.5320255875587463,0.4578231036663056,-0.02713355682790272,0.5308294534683228,0.42654815912246713,-0.0339183218777179,0.5301446914672852,0.4002889811992645,-0.03882498666644092,0.5221187829971313,0.5166949033737183,-0.01993436813354488,0.5158257126808167,0.4751559436321259,-0.029419382289051964,0.514522933959961,0.4456332087516785,-0.035014685988426164,0.514896559715271,0.4190682828426361,-0.03872877955436703,0.5126285791397095,0.537181842327118,-0.02315748445689672,0.5028091788291931,0.5076825737953186,-0.03276485949754711,0.4981141686439514,0.48603131771087643,-0.03710562810301776,0.4952313184738159,0.4646010220050812,-0.03962545171380041
0.5345878005027771,0.6090024828910828,1.8357288524839536e-07,0.5524199128150941,0.5870211601257325,-0.010684104636311502,0.564764404296875,0.5550040483474732,-0.01779174655675884,0.5765958666801453,0.5265057444572449,-0.024186341464519444,0.5884275436401367,0.5023291707038879,-0.031011127308011005,0.5481998801231385,0.505978488922119,-0.01619147546589368,0.5541950702667237,0.4615102767944336,-0.026466340571641902,0.5568400025367737,0.4335602581501007,-0.03363786414265628,0.5585795044898987,0.40852816104888917,-0.0387988872826099,0.5340638756752014,0.5054175019264221,-0.01767177470028396,0.5319741010665894,0.4578680098056793,-0.0272874224931001,0.5308342933654786,0.4266656696796417,-0.03404076099395746,0.5301385402679443,0.40033381581306454,-0.038953419029712624,0.5221327662467956,0.5171231508255005,-0.020164009928703278,0.5157326936721802,0.47554172873497,-0.02966465912759298,0.5144813060760498,0.4460669338703156,-0.03520313575863834,0.5148232340812684,0.4195585608482361,-0.03888742476701732,0.5125583052635193,0.5376630902290345,-0.02346892617642874,0.5028690695762634,0.5078848123550415,-0.03303075730800624,0.4981422066688538,0.48599597811698914,-0.0373077347874641,0.49515930414199827,0.46445635557174686,-0.039806143194437
0.533987843990326,0.6085294485092164,1.8312056226932333e-07,0.5521268486976624,0.5869335532188416,-0.010723463818430883,0.5646251916885376,0.5552397847175599,-0.01776915714144702,0.5766199111938477,0.5266199588775635,-0.024072761461138667,0.58846994638443,0.5025691628456116,-0.030771612003445588,0.5482250809669494,0.5057374000549317,-0.01596206761896604,0.5543087840080262,0.4615619421005249,-0.026022782176733,0.5569475769996644,0.43379630446434025,-0.03310067057609554,0.5586755394935607,0.4087828099727631,-0.0382330052554607,0.5340569257736206,0.5047941207885742,-0.0173487804830074,0.5320490956306458,0.45726741552352906,-0.02676944658160204,0.5309194207191468,0.4263021111488342,-0.03344143033027644,0.5302208304405213,0.40009829401969915,-0.038322897255420624,0.5220775365829468,0.5162436723709106,-0.01974516957998274,0.5156869888305664,0.47496975064277647,-0.02905225977301592,0.5144906520843506,0.4458254277706146,-0.0344996906816959,0.5148563146591186,0.4194988667964935,-0.038147959858179065,0.5123814463615417,0.5366351366043091,-0.02296995520591732,0.5028029084205627,0.5069589138031005,-0.03233759254217142,0.49810550212860105,0.48532828688621527,-0.03651549741625782,0.495104843378067,0.46396571993827823,-0.03897384405136106
0.5339097499847413,0.6092051148414612,1.796763029915383e-07,0.5521818041801453,0.5873600721359253,-0.010517275147140003,0.5646642208099366,0.5552202343940735,-0.01747567914426322,0.576754641532898,0.5264981865882874,-0.023717636987566883,0.5885062456130982,0.5023948788642884,-0.030360191687941525,0.5482202887535095,0.5062097907066345,-0.016012202575802742,0.5543670535087586,0.46186878681182864,-0.026069071143865558,0.557010018825531,0.4341420173645019,-0.033131123334169364,0.5587144732475281,0.4090400636196137,-0.03826921358704562,0.534112286567688,0.505415427684784,-0.017538424953818302,0.5321280121803283,0.4577767729759216,-0.0271688319742679,0.5310192108154297,0.42658094763755794,-0.03403544798493382,0.5303132891654969,0.400052672624588,-0.039052802324294984,0.5221621632575989,0.5170346140861511,-0.020016837492585163,0.5157300353050233,0.4759285449981689,-0.029491215199232063,0.5145255327224731,0.4463539242744446,-0.03504490032792088,0.5148234844207764,0.4197257161140442,-0.03874841704964634,0.5124872326850891,0.5375910162925721,-0.023284920677542644,0.5029335021972656,0.5074819087982178,-0.032737091928720416,0.49815662503242486,0.4856935977935791,-0.036917778104543636,0.4949361562728881,0.4643466711044312,-0.0393782518804073
0.5339675545692444,0.6095512747764588,1.8136964285986326e-07,0.5519546747207642,0.5876391887664795,-0.010504101775586581,0.5644696712493897,0.5552388310432433,-0.017550502344965878,0.5767299771308899,0.5265674948692322,-0.0239109151065349,0.588596796989441,0.5023200988769532,-0.03069953620433804,0.548038399219513,0.5064767837524414,-0.016204949468374204,0.5542416334152221,0.46199707388877875,-0.02644560523331162,0.5569629430770875,0.4342047870159149,-0.03363290801644322,0.5587325692176819,0.40895737409591676,-0.038839425146579704,0.5340289831161499,0.5059196949005127,-0.017837710678577402,0.5320866584777832,0.4580690324306488,-0.027551155537366822,0.5310487747192383,0.4267244875431061,-0.034456986188888525,0.530393397808075,0.4000047028064728,-0.03951302617788308,0.5221306204795838,0.5177724480628968,-0.020431141182780242,0.515709137916565,0.476593267917633,-0.0300113812088966,0.514561426639557,0.44679818749427797,-0.035597310215234726,0.5149072170257568,0.41997758150100717,-0.0393182277679443,0.5125396490097046,0.5385564327239991,-0.023811281472444483,0.5030085325241088,0.5082858443260193,-0.03336818590760224,0.4982612252235412,0.48621113300323493,-0.03756918311119076,0.4950830101966858,0.4646451473236084,-0.04004047662019726
0.5339901208877564,0.6095281720161438,1.8257168505897427e-07,0.5519028544425965,0.5876975417137146,-0.010618590191006621,0.5643338322639466,0.5553123712539674,-0.01770777441561216,0.5767167568206788,0.5265964865684509,-0.02407731860876078,0.5887670397758484,0.5024498701095582,-0.03086414262652394,0.548028028011322,0.5063304901123047,-0.01626531593501564,0.55416921377182,0.4618407487869263,-0.02646221257746216,0.5568558335304261,0.434161639213562,-0.0336349546909332,0.5586353182792664,0.40899122953414924,-0.03884793743491168,0.5339787602424623,0.5056849718093872,-0.01783223152160642,0.5319807529449463,0.4578104972839355,-0.02747885845601554,0.530943500995636,0.4265405535697937,-0.03434112593531604,0.5303650856018066,0.3999472200870514,-0.03938399702310556,0.5220343351364136,0.5175327658653259,-0.02037319429218766,0.5156582355499268,0.4762423217296601,-0.02992637343704696,0.5146327376365663,0.4466053664684296,-0.03551518991589542,0.5151372432708741,0.41990746855735783,-0.039251240342855404,0.5123993158340454,0.5384083032608032,-0.023710389807820285,0.5029055118560791,0.5081897020339966,-0.03329682946205132,0.49820602536201475,0.4861401319503784,-0.03754485547542568,0.4951347470283508,0.46455250382423396,-0.0400569804012775
0.5341808795928955,0.6092639565467834,1.8254157225783276e-07,0.5519544005393981,0.5873623490333557,-0.01055708080530162,0.5643763542175293,0.5549537777900696,-0.01762891300022596,0.5766322612762451,0.5263540148735046,-0.02398904338479038,0.588624119758606,0.5023039817810059,-0.03075825497508046,0.5480172038078308,0.5060470461845399,-0.0161570347845554,0.554214334487915,0.461569768190384,-0.02634854875504966,0.5568884015083313,0.4339106738567352,-0.033483992516994444,0.5586315512657165,0.4089502513408661,-0.038636180758476205,0.5339172005653381,0.5054594993591309,-0.017707312479615184,0.5320482730865479,0.4576922655105591,-0.027306609600782343,0.5310478925704957,0.42649682164192204,-0.03409937322139735,0.5304231762886047,0.40003241300582887,-0.039060993492603245,0.5219459772109986,0.5172319650650024,-0.020231785625219302,0.515686321258545,0.47592678070068356,-0.029732068255543663,0.5146928668022155,0.4464106261730194,-0.035279719531536066,0.5151831626892089,0.41977518796920776,-0.0389740146696567,0.5123174667358399,0.5380287647247315,-0.023544825613498646,0.5028104066848755,0.5081698775291443,-0.03308060392737382,0.4981756389141082,0.48625380396842954,-0.03729304447770114,0.4951801776885986,0.46468462944030764,-0.03976048231124872
0.5343376398086548,0.6087856531143189,1.8389728211332114e-07,0.5520905375480653,0.5870164632797241,-0.010717811062931962,0.5645187854766845,0.5548182725906372,-0.01781594417989248,0.576616895198822,0.5263661861419677,-0.02415554448962208,0.5885828137397766,0.5023436546325684,-0.03088181428611274,0.5481270670890809,0.5055969834327698,-0.016093628481030423,0.554270613193512,0.4612912893295289,-0.02621767148375506,0.5568840146064759,0.43366749882698064,-0.03329112827777858,0.5585945129394532,0.40896645188331604,-0.03838043957948678,0.5339462161064148,0.5048413038253785,-0.017495389655232382,0.5321352839469911,0.4572919011116028,-0.026980929076671545,0.5310864567756653,0.4261828184127807,-0.03368959575891488,0.5304058432579041,0.4000613451004028,-0.038557396829128225,0.5219143509864808,0.5164620518684387,-0.01989344134926792,0.515790617465973,0.4750726521015167,-0.029312817379832226,0.5148129224777221,0.4458024442195893,-0.0348697036504745,0.5153574347496033,0.419417542219162,-0.03856022655963892,0.5122692346572876,0.5371479749679565,-0.023090273141860903,0.5027381420135498,0.5078445315361023,-0.03260735049843782,0.49816257953643794,0.48628638386726375,-0.03685846477746958,0.4953006386756897,0.4649454236030579,-0.03932884857058518
0.5341530442237854,0.608387279510498,1.8544783131346779e-07,0.5519429326057435,0.5871715784072876,-0.011063131317496262,0.564491868019104,0.5552168488502504,-0.01813809946179384,0.5765854477882386,0.5267358899116517,-0.024391333386301964,0.5886069178581238,0.5027252197265625,-0.03099155053496356,0.5481380581855774,0.5052053213119507,-0.01577606890350576,0.5542948484420777,0.46113781332969667,-0.025711390376090965,0.5569382548332215,0.43359591960906985,-0.03272004500031466,0.5586749672889709,0.40903725028038024,-0.03777517974376672,0.5338401913642884,0.5041033983230592,-0.01690646149218078,0.5322357654571533,0.456809002161026,-0.026030645146965924,0.5311585664749146,0.42592577934265136,-0.0325595345348119,0.5304072499275208,0.40013387799263,-0.03731356859207148,0.5217186331748963,0.5154500842094422,-0.019109887257218322,0.515800929069519,0.47410338521003725,-0.028274900838732662,0.5148024082183839,0.4452537119388581,-0.03378513976931568,0.5153419971466064,0.41921866536140445,-0.03746961206197734,0.5119593977928162,0.5359840154647828,-0.022162880375981284,0.5025547742843628,0.5072574615478516,-0.03154504671692842,0.4980461776256562,0.48599005937576295,-0.03579914495348926,0.4953350186347962,0.4647918403148651,-0.038273837417364065
0.5338447332382202,0.6084680676460267,1.85084712711614e-07,0.5519354462623597,0.5876272320747375,-0.011297129094600641,0.5645416736602783,0.5557936668395996,-0.01828727722167962,0.5765798449516297,0.5270650386810303,-0.024380549788475002,0.5885909795761108,0.5030410766601562,-0.03077422566711898,0.5482758641242981,0.5051704168319703,-0.015541298314928963,0.5544467568397522,0.4611168682575226,-0.025216701254248585,0.5570489525794983,0.4336260497570038,-0.0320675410330295,0.5587280750274658,0.4091975450515747,-0.03703567162156098,0.533868384361267,0.5036928296089173,-0.016417211294174158,0.5324180364608765,0.4566160202026367,-0.02532465755939476,0.5312122225761414,0.4258432388305664,-0.031779583543538985,0.5303080916404724,0.4002353012561798,-0.0364745937287807,0.5216409087181092,0.5147607326507568,-0.01838912703096862,0.5158681392669678,0.4735099017620087,-0.027371508255600863,0.5147789716720581,0.44484933614730837,-0.03287602663040158,0.5152277946472168,0.41900572180747986,-0.0365652851760387,0.5117115378379822,0.5350810766220093,-0.021235143393278085,0.5024013519287109,0.5066078662872314,-0.03049025982618326,0.49792965650558474,0.4856450021266937,-0.03474202826619144,0.49525802135467534,0.4646767854690551,-0.03721151128411288
0.5339807510375977,0.6080958366394044,1.852570562732581e-07,0.5519536018371582,0.5874851226806641,-0.01134976018220184,0.5646101355552674,0.5555614948272705,-0.01828151643276208,0.5764543652534485,0.5268304944038391,-0.024305857717990844,0.5883430242538453,0.502803373336792,-0.03060190640389914,0.548289155960083,0.505096435546875,-0.015374134853482201,0.5545117139816285,0.4611638367176056,-0.024983887001872023,0.557173526287079,0.4336163818836213,-0.03177450820803636,0.5588476300239562,0.409272164106369,-0.03666776046156876,0.5338120937347413,0.5036097049713135,-0.01615034602582452,0.5324913859367371,0.45651100873947137,-0.024822208285331642,0.5312909364700318,0.4258177101612091,-0.031081715971231404,0.5302645206451416,0.40029993653297424,-0.03562789857387538,0.5215093255043031,0.5145148992538453,-0.018051907047629302,0.5158261060714722,0.4733677208423615,-0.026846720278263042,0.5147158026695252,0.44479671120643616,-0.03223458155989644,0.5150798201560974,0.41905915141105654,-0.03584451377391812,0.5115339517593384,0.5345934510231019,-0.020846093446016265,0.5022795677185059,0.5064290285110473,-0.02991630248725408,0.4978241205215454,0.48558796048164365,-0.03405780270695684,0.4951688170433045,0.4647468209266662,-0.03644517362117764
0.5337349891662598,0.6078687191009522,1.870212145149708e-07,0.5518820643424989,0.5873745083808899,-0.01151631139218804,0.5646025180816651,0.5556857705116272,-0.01847172714769834,0.5765436291694641,0.5269688248634339,-0.024483929947018583,0.5885439515113832,0.5029581785202026,-0.030751527100801403,0.5484150648117065,0.5049989342689514,-0.01531895082443948,0.5545899271965027,0.46112962365150445,-0.02482973746955392,0.5572065114974976,0.43360189199447635,-0.031566488742828316,0.5588775992393494,0.4092953860759735,-0.036436486989259664,0.533857810497284,0.5033199667930603,-0.01596110239624974,0.5325622797012329,0.4563377857208251,-0.02454320006072514,0.5312361001968384,0.4257174551486969,-0.030773998424410764,0.53015376329422,0.40032864809036256,-0.035305762290954563,0.521474039554596,0.5140371441841126,-0.01774766445159908,0.5158840775489808,0.47286251783370975,-0.026446065306663463,0.5146921634674072,0.4444983422756195,-0.031816130131483045,0.5150569677352905,0.4189823389053345,-0.035428186506032903,0.5114317655563354,0.5339404225349427,-0.020449767634272524,0.5021872997283936,0.506018316745758,-0.029457551240920962,0.4977655470371246,0.485374391078949,-0.033612385392189,0.4952183544635773,0.4646200478076935,-0.03601772040128706
0.534018337726593,0.6083355307579041,1.8513543125209257e-07,0.5520362138748169,0.5875314593315125,-0.0113796083256602,0.564567255973816,0.5557176351547242,-0.01831403300166124,0.5763677954673767,0.52695791721344,-0.024347634613513903,0.5883987545967102,0.503021490573883,-0.030647625774145062,0.548495900630951,0.5051569938659668,-0.015254132635891399,0.5545665979385377,0.46127273440361016,-0.024801483005285244,0.5571562290191651,0.43378612995147703,-0.0315867260098457,0.5587986826896667,0.40937415361404417,-0.03650922179222102,0.5339563846588136,0.503601336479187,-0.01600139662623404,0.532633364200592,0.45678089857101434,-0.024630407243967,0.531275224685669,0.42614973783493043,-0.030927756056189484,0.5301519870758057,0.4005183458328247,-0.035530146211385685,0.5215547919273377,0.5144496083259583,-0.01788464710116382,0.5158580660820008,0.47344333529472354,-0.02663291804492468,0.5146187067031861,0.4449430346488953,-0.03203584700822826,0.5149002075195312,0.41925773620605467,-0.035682039707899044,0.5114863991737366,0.5345154643058777,-0.020673665404319724,0.5022412300109864,0.5063381314277648,-0.029726939648389763,0.49783657193183894,0.48552260994911195,-0.0338983006775379,0.49523551464080806,0.46463609933853145,-0.03632452189922332
0.5341719508171082,0.6079590320587159,1.854449408256187e-07,0.5521342039108277,0.5869988203048706,-0.01134278867393728,0.5645238161087036,0.5554097890853882,-0.01837676316499704,0.5762973308563233,0.5268149137496948,-0.0245212189853191,0.588344931602478,0.5029163002967835,-0.0309534411877393,0.5486387133598328,0.5050506114959717,-0.01551386490464206,0.554524278640747,0.4611291646957397,-0.025205425173044183,0.557024371623993,0.43364389538764947,-0.03206270858645436,0.5586221933364868,0.4092145800590515,-0.03702462986111636,0.5341110587120056,0.5035640597343445,-0.01633672118186948,0.5326172590255738,0.45663617849349974,-0.02510641478002066,0.5312591075897217,0.42599499821662906,-0.03144982606172556,0.5301959991455079,0.400377631187439,-0.03608806058764454,0.5216961026191711,0.5144339799880981,-0.01827996708452698,0.5158884406089783,0.47331287860870364,-0.0270878884941339,0.5146758437156678,0.44487808942794793,-0.03246423974633212,0.5150177121162415,0.4191997110843658,-0.03610364645719522,0.5116196155548096,0.5344890713691711,-0.021127534285187682,0.5023115754127503,0.5062538862228394,-0.030209223926067303,0.4979111194610595,0.48541733026504513,-0.03437861725687978,0.49534439444541933,0.46444784998893734,-0.03681665062904356
0.5344444751739502,0.6082105278968811,1.8350901598296332e-07,0.552404022216797,0.58659086227417,-0.01097252052277322,0.5645644068717957,0.5552635312080383,-0.017996562272310203,0.5762102246284485,0.5267172813415528,-0.02420438714325424,0.588143277168274,0.5028546571731567,-0.030735835433006217,0.5486724734306335,0.5052728295326233,-0.01559344846755262,0.554478931427002,0.46126765608787534,-0.025374425575137104,0.5569409370422364,0.43378496170043945,-0.03227573111653324,0.5585655927658081,0.4091395139694214,-0.03728445395827288,0.5342299342155457,0.503998064994812,-0.01666548773646352,0.5325860261917115,0.45713379979133606,-0.02573144659399982,0.5311511039733887,0.4262870252132416,-0.03228682912886138,0.530138087272644,0.40030733346939085,-0.037086839973926505,0.5219268441200257,0.5151173114776612,-0.0187786731868982,0.5159025430679322,0.4740333676338196,-0.02774121463298792,0.5146447062492371,0.4452740430831909,-0.03312838897109026,0.5150345206260681,0.41925759315490724,-0.036786021292209564,0.5119834899902344,0.5354083061218262,-0.02175680845975872,0.5024911165237427,0.506729245185852,-0.030913755297660783,0.49807857871055605,0.4856993854045868,-0.03506114631891248,0.4954590916633606,0.4645390152931213,-0.03749944269657132
0.5343563795089722,0.6085757732391358,1.8196892312971615e-07,0.5524945378303527,0.5865502953529358,-0.0107520261779427,0.5645952105522156,0.555531358718872,-0.017768344655632918,0.5762532711029053,0.5269485235214233,-0.02400488592684264,0.5881284117698671,0.5030314803123475,-0.030593125522136645,0.5486831665039062,0.5054745078086853,-0.0156402980908751,0.5544510602951049,0.46133075356483455,-0.025446042791008903,0.5568795084953309,0.4338800728321075,-0.03236583098769184,0.5585376501083374,0.40902887582778924,-0.037419626116752557,0.5343513250350952,0.5042824625968934,-0.01686899513006208,0.532599687576294,0.45755993723869326,-0.02621050402522084,0.5310835599899293,0.42651218175888067,-0.03301293440163132,0.5301072835922241,0.4002282500267029,-0.03799982294440264,0.5221815347671509,0.515626299381256,-0.01907665096223352,0.5159553408622742,0.4746215343475342,-0.028203465417027403,0.514618718624115,0.4455630898475647,-0.03367548733949656,0.5150211691856384,0.4192377090454102,-0.0374012112617492,0.5123459339141846,0.5361860513687134,-0.022118676453828784,0.5026914596557617,0.5071108341217041,-0.03139844126999374,0.4982669115066528,0.48594876527786257,-0.0355947136878967,0.4955842912197113,0.46458529829978934,-0.038079632073640776
0.5342767834663391,0.6096368789672851,1.792887132978649e-07,0.5525819063186646,0.5869701743125916,-0.01034311503171916,0.5644928216934204,0.5558954238891601,-0.01724240910261864,0.5762324690818786,0.5271186113357544,-0.0234443891793489,0.5880720138549805,0.503273069858551,-0.030034659802913623,0.5485325217247009,0.5061725616455078,-0.01557102948427194,0.5542848110198975,0.4618532359600067,-0.025409825518727246,0.5567399621009826,0.43435344099998474,-0.032371790707111325,0.5584562301635743,0.40916445255279543,-0.03750370144844048,0.5343893885612488,0.5050137281417847,-0.01709126792848108,0.5325679063796998,0.45824503302574154,-0.02677422352135178,0.5309949278831483,0.4268968164920807,-0.033872780203819244,0.5301081418991088,0.4001711964607239,-0.0390817962586879,0.5224122881889343,0.5166402816772461,-0.01950393468141552,0.516014313697815,0.4755980908870697,-0.028843445330858163,0.5145571827888489,0.44605059623718263,-0.03437177389860148,0.5149489641189575,0.41920767426490785,-0.03813140690326684,0.5127192974090575,0.5376044631004334,-0.022707588970661143,0.5029804706573486,0.507711935043335,-0.03214141055941578,0.4984502732753754,0.4862201631069184,-0.0363385088741779,0.49559538364410405,0.4645987331867218,-0.038825614750385234
0.5341040253639222,0.610068678855896,1.8182559244905863e-07,0.552426791191101,0.5873064398765564,-0.01049247533082956,0.5644959568977357,0.5561075091362,-0.01749714259058232,0.5764579892158508,0.5272356986999512,-0.02378077507019038,0.5883043050765991,0.503217887878418,-0.03046365864574906,0.5481959104537963,0.5067405343055726,-0.016011222079396183,0.5541269063949585,0.46211441755294796,-0.026033132895827225,0.5566927313804627,0.43437921404838564,-0.03308162614703174,0.5584809422492981,0.4090149760246277,-0.038246339559554976,0.5340580105781555,0.5058201432228089,-0.01751328594982622,0.5322271943092347,0.4587227940559387,-0.0274245303124189,0.5307932853698731,0.4271710932254791,-0.03460561558604236,0.5300942420959474,0.40028531551361085,-0.039857820421457225,0.5221863746643066,0.517596459388733,-0.01990177929401394,0.5158634185791016,0.47637368440628053,-0.029394125193357403,0.5144578456878662,0.4464725613594055,-0.03492043837904926,0.5149396181106568,0.41941555142402653,-0.03865221738815302,0.5126498103141784,0.5385867357254028,-0.02309146411716936,0.5029014110565186,0.5083538651466369,-0.03259440213441844,0.4982844650745392,0.4865774273872376,-0.03676980510354038,0.4953617095947266,0.46486538648605347,-0.0392285138368606
0.5340578079223633,0.6105940341949463,1.8201579905507974e-07,0.5524373292922974,0.5877947330474853,-0.010505439713597242,0.5645034432411193,0.5564181447029114,-0.017468826286494682,0.5763915181159973,0.5273251175880432,-0.02370190508663648,0.5882270693778993,0.5033934235572816,-0.0303295839577913,0.5480050086975098,0.5069311261177063,-0.01598341725766652,0.5539548635482787,0.46237889528274534,-0.02599437385797492,0.5565834999084472,0.4346031188964844,-0.03307096585631366,0.558438503742218,0.40919162631034856,-0.03825307562947266,0.533847200870514,0.5059451341629029,-0.01743638068437574,0.5320305228233337,0.4589390575885772,-0.027335833758115744,0.5306044220924377,0.4274174332618713,-0.03451359793543812,0.5299441576004028,0.4004982113838196,-0.03975799679756156,0.5220281720161438,0.5176467299461365,-0.019773926585912663,0.5157544493675232,0.47647508382797243,-0.02924434356391422,0.5143765807151794,0.44666598439216615,-0.03474700003862376,0.5148695707321167,0.41971245408058167,-0.03844373598694796,0.5125715851783753,0.5385523319244385,-0.02291846461594102,0.5028167366981506,0.5081072568893432,-0.032365483790636015,0.4982172846794128,0.48636409044265744,-0.0365046344697475,0.49531550407409664,0.4647936463356018,-0.03892811685800548
0.5340042471885681,0.6105581998825074,1.8335277900405346e-07,0.552308201789856,0.5879226803779602,-0.010667711682617601,0.5644504189491273,0.5563083171844483,-0.017632048763334702,0.5763993620872497,0.5271498680114747,-0.02383050508797162,0.5882753133773804,0.5032456755638123,-0.03040154501795766,0.5479615092277527,0.5070991396903992,-0.01604490242898458,0.5539289712905884,0.4625496566295624,-0.026038409024476922,0.5565433979034424,0.434691596031189,-0.03307369425892826,0.558389937877655,0.40938830375671387,-0.03820749074220652,0.5337003350257874,0.50601726770401,-0.01736650876700874,0.532013761997223,0.45891172289848325,-0.02720676288008686,0.5306605100631714,0.42743532657623295,-0.034290365129709205,0.5300574421882629,0.4006116509437561,-0.03944885060191146,0.5218293070793152,0.5174699187278748,-0.0195952102541923,0.5157897830009461,0.4762080073356629,-0.029017936065792962,0.5144075274467468,0.4465457260608673,-0.034478337317705096,0.5148905277252198,0.4197761595249176,-0.03812830671668048,0.512359094619751,0.5380447864532472,-0.0226496327668428,0.5026686191558838,0.5078513145446778,-0.03205032087862488,0.49806551933288573,0.48614832758903503,-0.03618393242359156,0.4952258050441742,0.46465567946434017,-0.03859101384878154
0.5339164733886719,0.6104016184806824,1.8474615046670808e-07,0.5521134972572327,0.5880031347274781,-0.010803045891225282,0.5643489480018615,0.5559938311576844,-0.01779579687863584,0.5764659762382508,0.5269738078117371,-0.024015011638402882,0.5884914159774781,0.5032248735427857,-0.03061175644397732,0.5480111241340637,0.5069847226142884,-0.01608806718140834,0.5539229035377503,0.4625368058681488,-0.026117568463087,0.5565162181854248,0.43462976813316345,-0.03317799791693685,0.5583632707595826,0.40950354337692263,-0.03831565305590626,0.5336814045906066,0.5059035181999206,-0.01736073382198806,0.5319311261177063,0.45864377617836005,-0.027081300318241082,0.5306852221488954,0.4273381412029266,-0.03403821215033527,0.5301908135414124,0.40082259178161617,-0.039101321995258266,0.5217371463775635,0.5172237038612366,-0.019588400796055738,0.515788471698761,0.4757698595523835,-0.028958636149764003,0.5144470930099487,0.44633550643920894,-0.0344171561300754,0.5149720788002015,0.4198754549026489,-0.0380617685616016,0.5122210979461671,0.537552273273468,-0.02266430072486396,0.502625584602356,0.5075977563858033,-0.03204964138567444,0.4979971766471863,0.48593465685844417,-0.03623325452208512,0.4952396392822266,0.4645279228687286,-0.03867550492286678
0.5344103574752808,0.61005699634552,1.8532350054556448e-07,0.5521706581115723,0.5880093693733216,-0.011107930354773941,0.5644154667854309,0.5556674361228943,-0.0182824712246656,0.5764443039894105,0.5269144535064697,-0.024650866538286142,0.5884733557701111,0.5029781341552735,-0.031404304131865485,0.5480902671813965,0.5066596388816834,-0.016428499110043,0.5539314985275269,0.4624119699001312,-0.026680332422256398,0.5565186023712159,0.43448106646537776,-0.03389380276203152,0.5583283305168152,0.4094886898994446,-0.03909992426633832,0.5336846351623535,0.5057864785194397,-0.0176185484975576,0.5318233609199524,0.4585622787475586,-0.027243144437670664,0.5307361721992493,0.4274217307567597,-0.034057450294494584,0.5302600860595703,0.4011035799980163,-0.03902322500944132,0.5216385483741761,0.5172009825706482,-0.019841537252068484,0.5156153440475464,0.4757384955883026,-0.02925315089523786,0.5144618272781372,0.44648504853248594,-0.03477348387241358,0.5150578856468201,0.42035350799560545,-0.03845579177141186,0.5120763421058655,0.5374799728393556,-0.022940066084265662,0.5025089025497437,0.5079009532928467,-0.032388244941830596,0.4978662431240082,0.48618553280830384,-0.03666603267192834,0.4951120436191559,0.4649245798587799,-0.0391721092164516
0.5345022916793823,0.6098618388175965,1.82947880489337e-07,0.5521600246429443,0.587842345237732,-0.010935558006167363,0.5643041968345642,0.555362343788147,-0.01807048879563804,0.5763722777366639,0.5268026947975158,-0.0244494300335645,0.5884111166000366,0.5029340982437134,-0.03123346231877802,0.5482797622680664,0.5063756942749024,-0.01622422914952036,0.5540221333503723,0.46237860918045043,-0.026474890112876837,0.5565488934516907,0.4345734417438507,-0.03371937721967694,0.55832941532135,0.4096461653709412,-0.03896560892462728,0.5339138746261597,0.5054159045219422,-0.017534083873033478,0.5320048451423645,0.45835391283035276,-0.0271056175231933,0.5308719992637635,0.42735341191291815,-0.033910248428583104,0.5303105592727662,0.40110867023468016,-0.03888515010476108,0.5218238472938538,0.5168149590492249,-0.019879823178052862,0.5156598567962647,0.4753606617450714,-0.029274403676390587,0.5145042538642883,0.44637051224708557,-0.03481381088495248,0.5150863885879516,0.42046680450439455,-0.038525582104921303,0.5121840000152588,0.5371169924736023,-0.02308963350951666,0.5025912523269653,0.5077383160591126,-0.03254571445286272,0.4979375541210175,0.4860698461532593,-0.03686274588108056,0.4951865613460541,0.46479652523994447,-0.03941267803311344
0.5346107602119446,0.6095863461494446,1.8308914775388988e-07,0.5522043347358704,0.5875886917114258,-0.010905508324503842,0.5643651962280274,0.5552443981170655,-0.018047582358121837,0.5764049291610718,0.5268055677413941,-0.02443440183997148,0.5883862614631653,0.5029187560081482,-0.031214912608265862,0.5484067916870117,0.5062529087066652,-0.01619552988559004,0.5542116761207581,0.46230844855308534,-0.02642534822225566,0.5566971421241761,0.4345071971416473,-0.03363185375928876,0.5584255576133729,0.4095970451831818,-0.03885467052459714,0.5339910745620727,0.50534006357193,-0.01752717010676856,0.532067847251892,0.4582408666610718,-0.0270895212888717,0.5309642195701599,0.4273134171962738,-0.0338710337877273,0.5304177165031433,0.40114531517028806,-0.038822563737630794,0.5218449234962464,0.5167966008186341,-0.01988870948553082,0.5156440973281861,0.4754364252090454,-0.029285187274217542,0.5145593881607056,0.44644914865493773,-0.034805560111999465,0.5152161002159119,0.42051728367805485,-0.03850516527891157,0.5121720671653747,0.537157428264618,-0.02310859374701972,0.5025984406471253,0.507956087589264,-0.03256395906209944,0.49794883728027345,0.4863332688808441,-0.03686345815658564,0.4951793849468231,0.46501115560531614,-0.039400392770767165
0.5346272110939025,0.6093104958534241,1.8294176697963852e-07,0.5522172093391419,0.5875548958778382,-0.0109974725171923,0.564524507522583,0.5552140593528747,-0.01817535422742364,0.5766017198562622,0.5269384741783142,-0.02459426186978812,0.5885719656944275,0.5030414223670959,-0.031424668058752984,0.5485220551490784,0.506076991558075,-0.0162525055930018,0.5542138695716858,0.4621752738952637,-0.0265298958867788,0.5567130804061889,0.4344278812408447,-0.03378020823001858,0.5584536910057067,0.4096053004264832,-0.0390203848481178,0.534062922000885,0.5052722930908203,-0.0175700861960649,0.5320782423019409,0.4581400394439697,-0.027031936496496142,0.5309842467308045,0.42728073000907896,-0.0337473034858703,0.5304071068763733,0.40127707123756406,-0.03865781351923938,0.5218688011169434,0.5168027877807617,-0.01995345465838906,0.5156043887138366,0.4754337966442108,-0.02931449674069876,0.5145786046981812,0.4465388715267182,-0.03487477600574488,0.5152679324150086,0.4207217752933502,-0.038613285124301885,0.5121526122093201,0.537204909324646,-0.023206759989261583,0.5026034235954284,0.5081181883811952,-0.03265900127589701,0.4979627251625061,0.48658894300460814,-0.03700167089700694,0.4952174246311188,0.4653113961219788,-0.0395790003240108
0.5347469925880433,0.609126889705658,1.8437868618548239e-07,0.5522837162017822,0.58765709400177,-0.01123224869370454,0.5646182894706726,0.5554823160171509,-0.018507780507206882,0.5765878558158875,0.5271682381629944,-0.0249661680310964,0.5885255455970764,0.5030729651451111,-0.031821606680750826,0.5484632253646851,0.5062418222427368,-0.01648762710392472,0.5541921377182008,0.4623406052589416,-0.026847198233008362,0.5567387223243714,0.4345853209495545,-0.03414066433906552,0.5584562301635743,0.4097473621368408,-0.03938472196459766,0.5339905738830567,0.5053872227668763,-0.01767648011445994,0.5321438789367676,0.45827268362045287,-0.02716490253806108,0.5311078310012818,0.4274007320404053,-0.03387374132871623,0.5304698705673219,0.4013178706169128,-0.03876447081565852,0.5217625737190247,0.5168822884559632,-0.01994728520512578,0.5155847907066345,0.47572697401046754,-0.029350000247359224,0.514651870727539,0.4468365252017975,-0.03491808474063868,0.5153314232826233,0.4209294199943543,-0.038644395768642384,0.511994230747223,0.537286639213562,-0.02309833653271194,0.5025252342224121,0.5082866907119752,-0.032544304803013784,0.4979471087455749,0.4868412792682648,-0.03684168010950084,0.49519060850143437,0.46563627719879147,-0.03937752917408939
0.5346397876739503,0.608763861656189,1.845671306455188e-07,0.5524680495262146,0.5873165965080261,-0.01128086447715754,0.5648932695388794,0.5556243538856507,-0.01852014325559136,0.5766927480697632,0.5272632002830505,-0.02491134032607074,0.588584840297699,0.5032075762748718,-0.031674699485301945,0.5485543489456177,0.5060470461845399,-0.01634463071823116,0.5542256355285645,0.46223618984222414,-0.02656573913991448,0.5567122817039489,0.4345738232135773,-0.033765131980180704,0.5584094405174256,0.40978177189826964,-0.03895818442106242,0.5340286731719971,0.5050412893295289,-0.01744229234755034,0.5322069764137268,0.45813634991645813,-0.026876100525259926,0.5311040282249451,0.427301299571991,-0.0335796438157558,0.5304785132408143,0.4012751996517181,-0.0384725354611873,0.5217921137809753,0.5163422942161561,-0.0196189787238836,0.5157384753227234,0.4753171503543854,-0.028951856866478883,0.5148010015487672,0.44659503698349007,-0.03449639007449146,0.5155122876167297,0.4207095921039581,-0.03821505531668659,0.5119974255561829,0.5365862369537353,-0.022682072967290842,0.5025350689888001,0.5076746940612793,-0.032086474075913404,0.49804354310035703,0.48651693463325496,-0.0363771058619022,0.4953906416893005,0.46540503501892083,-0.038910555094480465
0.5343519568443298,0.6087550044059754,1.8664134415757877e-07,0.5524988532066346,0.5873962759971618,-0.01145361270755524,0.5650253772735596,0.5558988571166993,-0.01866603828966614,0.576745581626892,0.5273167490959167,-0.02495945952832694,0.5886292099952698,0.5032456278800964,-0.03158321157097812,0.548528504371643,0.5061145067214967,-0.0162821121513843,0.5542530059814453,0.46224594712257383,-0.02633459419012066,0.556759488582611,0.4346357405185699,-0.03341184109449382,0.5584454178810121,0.40994496345520015,-0.03851199001073832,0.5339303493499756,0.5049592733383179,-0.01716463044285768,0.5323045730590821,0.4581727564334869,-0.026495378836989363,0.5311977148056031,0.4273850917816162,-0.03315631151199336,0.5305498957633972,0.4015032589435577,-0.03800567984580986,0.5216678857803345,0.5160699725151062,-0.01912586577236648,0.5158330559730531,0.4752970039844513,-0.028316200524568524,0.5149022221565247,0.4466679036617279,-0.03381613418459888,0.5155947923660279,0.42080976366996764,-0.03750400990247722,0.5118275165557862,0.5361230373382568,-0.021986541152000383,0.5025070071220399,0.5073239922523499,-0.03124438300728794,0.49811487793922427,0.4863372564315796,-0.03547877147793766,0.49552121162414553,0.46529777646064757,-0.0379736997187137
0.5344361782073975,0.6084931492805481,1.8640805592440305e-07,0.5525542378425599,0.5870715975761414,-0.011405961029231502,0.5651610612869262,0.5554662227630616,-0.01857976429164406,0.5768827199935913,0.5270395755767823,-0.024849129095673522,0.5886998653411866,0.5029569864273071,-0.03146027810871596,0.5483676075935364,0.5063022017478943,-0.01627507023513312,0.5540913581848146,0.46241213083267213,-0.026322597637772522,0.5566410660743714,0.4347568690776825,-0.03335584029555316,0.558359682559967,0.4101578056812286,-0.03840178847312922,0.5338030338287354,0.5052590608596802,-0.017148138210177362,0.5322712063789368,0.4585727393627167,-0.02645912803709502,0.5312976837158203,0.42778760790824893,-0.03306096345186228,0.530750322341919,0.4019973218441009,-0.03785772100090974,0.5216046571731567,0.5163641691207885,-0.019100212678313203,0.5158209919929504,0.47568496465682986,-0.028284041211009005,0.5149115681648255,0.44698721170425415,-0.0337768174707889,0.5156338214874268,0.42119282484054565,-0.03745309561491009,0.5118736982345582,0.5363398551940919,-0.02194246351718898,0.5025498628616333,0.5077783942222596,-0.0311822440475225,0.49812009334564206,0.4867217242717743,-0.03541468828916544,0.4955175936222076,0.4657463073730469,-0.037908070534467646
0.5345008492469787,0.6081648468971252,1.8756207680326046e-07,0.5526088953018189,0.5867627263069153,-0.01142043638974424,0.565174913406372,0.5552048563957215,-0.01859420426189896,0.5767980456352234,0.5268516659736633,-0.024846856668591464,0.5885823130607605,0.5028100728988647,-0.031426424905657724,0.5481801271438599,0.506237006187439,-0.01627321206033224,0.5539739370346071,0.46245298385620115,-0.02630865909159178,0.5565374016761779,0.434743195772171,-0.0333135329186916,0.5582281947135925,0.4102087378501892,-0.03832283914089196,0.533652925491333,0.5051323533058166,-0.0170813407748937,0.5321256637573242,0.458561760187149,-0.026355715841054863,0.5313167810440064,0.4279644966125489,-0.032866413146257344,0.5309070706367494,0.4024253129959106,-0.0375803835690021,0.5214898586273193,0.5161619424819947,-0.01896617822349066,0.5157048463821411,0.47566884756088257,-0.028111626207828505,0.5149328947067261,0.4471482157707214,-0.03351950198411936,0.5157604217529297,0.4215391635894775,-0.037119824439287144,0.51183100938797,0.5360771417617798,-0.02173960693180558,0.5025491714477539,0.507738196849823,-0.030907304957509,0.49811437726020813,0.48672903180122373,-0.035066423565149246,0.4955064356327057,0.4658960402011872,-0.037497591227292966
0.5344197392463684,0.6086747169494628,1.8520233311392078e-07,0.5527733325958252,0.5867287158966065,-0.011177963763475362,0.5653370499610901,0.5551787257194519,-0.0181990638375282,0.5769798755645752,0.5268633723258972,-0.02434769421815868,0.5886605858802796,0.5029488444328308,-0.030831066891550962,0.5482395052909851,0.5063438177108764,-0.01592116020619862,0.5538322448730469,0.46251784563064574,-0.0257993377745151,0.5563025951385498,0.4348488628864289,-0.03272072523832318,0.5580439686775208,0.4102781534194946,-0.037702724337577764,0.5337308764457702,0.5054237008094787,-0.01680206470191472,0.5320321917533875,0.4593017756938934,-0.02606932148337358,0.5312331199645997,0.4287374317646027,-0.03263217434287065,0.5310653686523438,0.40325431227684017,-0.037394560873508405,0.5216373801231384,0.5165984034538269,-0.01873909384012216,0.5157758355140687,0.4762868881225586,-0.027859483286738363,0.5149574756622315,0.44782362580299373,-0.03328307494521136,0.5158982634544373,0.422354382276535,-0.036898208409547766,0.5120876550674438,0.5365816831588746,-0.02154840417206284,0.5027880549430847,0.508089327812195,-0.03071520254015918,0.49830525517463686,0.48701612949371337,-0.034920242428779544,0.4956855773925781,0.4661697268486023,-0.0373921282589435
0.5345433592796326,0.6089542269706726,1.857660862469857e-07,0.5527419090270996,0.5870741963386537,-0.01121696848422282,0.5653833746910095,0.5549615740776063,-0.01818162687122818,0.5770712971687317,0.526553499698639,-0.024266647920012423,0.5886409163475037,0.5024622082710266,-0.030674818530678685,0.5481486201286316,0.5067291975021363,-0.01592086851596826,0.5536056518554688,0.46262469291687014,-0.02577841281890864,0.5560255289077759,0.4347690284252167,-0.03261018022894856,0.5578307271003724,0.4103383481502533,-0.037486723065376225,0.5335744380950929,0.5061480641365051,-0.0166991047561168,0.5317986726760864,0.4602504074573517,-0.025907551124691904,0.531362497806549,0.42990823388099675,-0.03231758847832672,0.5317286133766175,0.40491763949394227,-0.036934628337621636,0.5214612126350403,0.5174694657325745,-0.01856005489826196,0.5156304240226747,0.4772802829742432,-0.02768942527472968,0.5150889515876771,0.4489983797073364,-0.0330665916204452,0.5164528369903565,0.42403528094291687,-0.03660742416977878,0.512039041519165,0.5373764872550965,-0.02129232622683044,0.5028310775756837,0.5090055108070374,-0.030447374656796398,0.49837762117385864,0.4877526104450226,-0.03467848747968666,0.49591046571731573,0.46698448061943054,-0.03714802116155618
0.5343134403228761,0.60796058177948,1.8448664604875378e-07,0.5527654528617859,0.5863242745399475,-0.01118570864200586,0.5655745983123779,0.5544203639030457,-0.018138363212347,0.5771487832069397,0.5261314511299133,-0.024175268039107283,0.5885661840438843,0.5020304203033448,-0.030531002953648505,0.5484444379806519,0.5066657185554505,-0.01615086011588568,0.5535289525985718,0.46227745413780214,-0.025898315012454945,0.5557306766510011,0.43449078202247626,-0.03249611407518384,0.5575979948043823,0.4104315400123596,-0.037184857577085444,0.5337038159370423,0.5060163259506226,-0.01675862558186048,0.5319621801376343,0.46074928641319274,-0.025888117030262885,0.5320469617843628,0.43114683032035833,-0.03204810544848437,0.533244788646698,0.40723031163215634,-0.03646125048398968,0.521448576450348,0.5171270370483398,-0.018428245931863742,0.5157235026359558,0.4773114860057831,-0.027578175067901563,0.5157806158065796,0.45008035898208615,-0.0328714974224567,0.5179820179939271,0.42645452618598934,-0.03632335588335986,0.5120639801025391,0.5366249084472656,-0.02094133831560608,0.5029328346252442,0.5087496876716614,-0.0301891535520553,0.49864691495895386,0.4878047049045563,-0.034547905623912745,0.4965908706188202,0.4675361514091492,-0.037081055343151044
0.5345319867134094,0.6088332414627076,1.7786813941711446e-07,0.5531221270561218,0.5864871978759766,-0.010735706612467703,0.5657780766487122,0.5541127920150757,-0.01775632277131078,0.5772319316864014,0.5256575822830201,-0.02390278801321978,0.5884648442268372,0.5011653661727905,-0.030438647791743226,0.5488144636154175,0.5083606243133545,-0.01697190068662162,0.5535892605781555,0.4629544377326965,-0.0268562544137239,0.5556960940361023,0.43481859564781195,-0.0333589971065521,0.5576735258102417,0.4106781542301178,-0.03801113367080684,0.5343930363655092,0.5083529829978943,-0.017852691188454582,0.532606303691864,0.46359301209449766,-0.027331302687525705,0.5336100339889527,0.4345233201980591,-0.033471562713384584,0.5359561324119568,0.41144732832908626,-0.037897192686796144,0.5222496867179871,0.5197511911392212,-0.01970096975564952,0.5164669871330261,0.4797592401504517,-0.029221278056502282,0.5172447443008423,0.45264736413955686,-0.03461309522390362,0.5203543305397034,0.42959272861480713,-0.03816406279802317,0.5130349159240722,0.5390706181526185,-0.0223050199449062,0.5038915038108825,0.5107791662216187,-0.031976520270109124,0.4997437179088593,0.48914479017257695,-0.036682107299566204,0.49787678122520446,0.4686275601387024,-0.039499899744987445
0.535382342338562,0.60899475812912,1.7468037469825506e-07,0.5539457678794861,0.5858719944953918,-0.010449097119271701,0.5661561250686645,0.5529376745224,-0.01784801483154294,0.5771679401397706,0.5242212295532227,-0.02439909130334848,0.5881720662117005,0.4994682967662812,-0.031449539959430645,0.549496340751648,0.5094760775566102,-0.01855416670441624,0.5536823511123657,0.4634588181972504,-0.02905760481953618,0.5556648492813111,0.4352447390556336,-0.0358365789055824,0.5578580737113953,0.4112755715847015,-0.040743585675954784,0.5355418205261231,0.51031973361969,-0.01990037001669402,0.5336611866950989,0.4655920147895813,-0.030501604452729182,0.5361293911933899,0.4381179749965668,-0.037141385674476585,0.5402865886688233,0.41690701246261597,-0.041900770366191824,0.5235102653503418,0.5221765995025635,-0.022092910110950423,0.5179785251617433,0.4816146492958069,-0.03265554234385484,0.520280158519745,0.4557471811771393,-0.038459252566099146,0.5250725150108337,0.43450083136558537,-0.04227712824940674,0.5143226623535156,0.5415953159332276,-0.0249326396733522,0.5054383397102357,0.5127620100975037,-0.03547560349106782,0.5016620635986329,0.4905697047710419,-0.040802863240241946,0.5002016127109528,0.4700937747955322,-0.044149045646190606
0.5363093614578247,0.6083466053009033,1.7336568305381664e-07,0.5546715736389161,0.5848934292793274,-0.010303561389446221,0.5664998650550842,0.5514333844184875,-0.0181441072374582,0.5769893288612367,0.5224892139434815,-0.02512433193624014,0.5877477288246155,0.4974497199058533,-0.03269650340080256,0.5500123381614684,0.5103612065315247,-0.020326801016926743,0.553803813457489,0.46382429599761965,-0.0315064590424299,0.5557421207427978,0.43546509146690376,-0.038550984114408465,0.5580990552902222,0.41180213689804074,-0.043664833158254576,0.5364788055419922,0.5118716120719911,-0.022032952681183764,0.5346746325492859,0.46684716343879695,-0.03366072922945019,0.538679325580597,0.4410789728164673,-0.04062964916229245,0.5445220351219178,0.4219591438770294,-0.0455798082053661,0.5245319247245789,0.5239594101905823,-0.024476908147335,0.5193194627761841,0.48271116614341736,-0.035996232926845506,0.5232496500015259,0.4582146227359772,-0.04210294708609578,0.5297072052955628,0.4389013111591339,-0.046106656640767976,0.5153755068778991,0.5433034777641297,-0.02747169546782966,0.506723690032959,0.5143447399139405,-0.03878710530698293,0.5033298969268799,0.4917160749435425,-0.044649714976549085,0.5022974669933319,0.471401184797287,-0.04845165982842443
0.5367859244346619,0.6073851704597474,1.6621418978957085e-07,0.5554165124893189,0.5836098432540894,-0.00958026004955168,0.5667213201522827,0.5497404098510743,-0.01759532075375316,0.5765538215637207,0.5205289483070374,-0.02486780211329456,0.5870754718780518,0.49557616710662844,-0.0328685119748115,0.5505056738853454,0.5105611085891724,-0.021343527361750582,0.5536749482154846,0.46391189694404605,-0.03292809501290318,0.5556300640106201,0.43583016991615303,-0.040168093889951684,0.5583427548408508,0.41280757188796996,-0.04551396965980525,0.5375861406326294,0.5125731825828552,-0.0237076431512832,0.5359321236610413,0.46784559488296507,-0.036387983709573704,0.541599464416504,0.44452136754989624,-0.043919131904840425,0.5492365598678589,0.42832704782485964,-0.0492104165256023,0.525937271118164,0.5248724818229675,-0.02663207016885274,0.5210516214370727,0.4836937963962555,-0.03898297697305674,0.5266420602798463,0.4612012386322022,-0.04548021256923672,0.5347491264343263,0.44440096020698555,-0.04978154227137559,0.5168075799942017,0.5442426085472107,-0.02997531741857524,0.5085341095924378,0.5151594400405883,-0.041878665983676844,0.5058441936969758,0.4927100479602814,-0.04822461307048792,0.5055867195129395,0.4731575906276703,-0.05251060947775838
0.538650405406952,0.607163166999817,1.6387472214773885e-07,0.5565540432929993,0.5825858235359191,-0.00918242642655964,0.5669248819351196,0.5479730844497681,-0.01728288214653726,0.575974988937378,0.518698799610138,-0.024838265404105137,0.5860925436019897,0.4935758411884308,-0.0332098707556724,0.5500099420547486,0.5101962208747864,-0.02104263342916962,0.5524647116661072,0.4638290405273438,-0.03302222751080986,0.5548516869544984,0.43605379462242133,-0.04074503555893894,0.5580937623977662,0.4135530233383179,-0.046456685662269535,0.5382432460784913,0.5136120319366455,-0.02391540817916386,0.5366380691528321,0.4692923307418823,-0.0376424245536327,0.5445338368415833,0.44961662292480464,-0.045958709716796824,0.5541764378547669,0.43740523457527164,-0.05161359235644336,0.5273768186569214,0.5265870571136475,-0.0273120664060115,0.5227313756942749,0.485594654083252,-0.04037634953856464,0.5302568435668946,0.4654935300350189,-0.047238647937774624,0.5400928974151611,0.4520726203918457,-0.051667480170726705,0.5183711051940918,0.5462044715881347,-0.03109375350177284,0.510702908039093,0.5168510794639588,-0.043189492076635305,0.5096617460250855,0.4952357470989227,-0.04970547407865518,0.5109482645988465,0.4776535749435425,-0.0541729003190994
0.5407315254211426,0.6070059776306153,1.6901204276109642e-07,0.5577535152435303,0.5816495180130006,-0.008730290457606281,0.5671573638916017,0.54563068151474,-0.01701003964990372,0.5755624890327454,0.5162898063659669,-0.02499781027436252,0.5854719996452332,0.4907372653484345,-0.033887331560254044,0.5488976240158081,0.5093633770942689,-0.02089182361960408,0.5502630949020386,0.4635439515113831,-0.033544275537133184,0.5532770752906799,0.4360465466976166,-0.04191433787345882,0.5571059346199037,0.41402245759963985,-0.048115038871765076,0.5381916880607605,0.5143293738365173,-0.02448022551834576,0.5366529703140259,0.4694518029689788,-0.03985250070691104,0.547653591632843,0.45384448766708374,-0.049317216128110825,0.5594919085502624,0.4463746905326843,-0.05540919080376622,0.5284193873405457,0.5284842371940613,-0.028515391424298202,0.5239620089530945,0.48733152151107784,-0.042695593088865245,0.5345041990280153,0.47092304229736326,-0.05003028512001034,0.5464564800262451,0.46185598373413084,-0.05449078306555742,0.5202026009559632,0.54901282787323,-0.03289933837950224,0.513602900505066,0.5196123957633972,-0.0454513788223266,0.5148898601531983,0.49890487790107724,-0.052329912781715344,0.5182014107704163,0.48306130766868594,-0.0570562049746513
0.5422360301017761,0.6087012052536012,1.6762119230406828e-07,0.5583417296409607,0.5814099550247193,-0.0072088305838405595,0.56670743227005,0.5444799304008484,-0.01509684342890972,0.5748606085777282,0.515606713294983,-0.02324149720370766,0.584495460987091,0.48979599475860597,-0.03233895860612386,0.5471714615821839,0.510153603553772,-0.01860889494419094,0.547600543498993,0.46412751674652103,-0.03123572804033752,0.5513871312141418,0.4363924443721771,-0.03975005522370334,0.5555523753166198,0.4141539514064789,-0.045997293293476044,0.5376222014427186,0.5162469387054445,-0.02308640852570528,0.537106454372406,0.4702497601509094,-0.03919679075479504,0.5513446688652038,0.45831990242004395,-0.04906592518091196,0.5646407008171082,0.45571151971817014,-0.05497257187962528,0.5293019413948059,0.5306661605834961,-0.027914392575621522,0.5259098649024964,0.4888640344142914,-0.042167891561984985,0.5393222570419312,0.475852620601654,-0.049046114832162827,0.5525373458862305,0.47140806913375854,-0.05282550379633898,0.5224878191947937,0.5509298324584961,-0.033061421290039965,0.5173020362854004,0.5204514503479004,-0.04510126113891596,0.5218387842178345,0.5010561645030975,-0.051411614567041346,0.527815079689026,0.48801787495613097,-0.05559438467025752
0.5424522757530212,0.6107262134552003,1.6342968081062284e-07,0.5582151055335999,0.5796898722648621,-0.00468489350751038,0.5655381083488464,0.5415915369987487,-0.011749459523707559,0.5731111168861389,0.5130377054214479,-0.019768946617841683,0.5823201894760133,0.4871845722198486,-0.028813775256276063,0.543751871585846,0.509635603427887,-0.015705952793359724,0.5443131804466248,0.46426926255226136,-0.02790239602327342,0.5489891767501831,0.43655179738998406,-0.03627194650471206,0.5536147236824036,0.41436914801597596,-0.042416825145482964,0.5353643655776978,0.5174589872360229,-0.02143461778759952,0.5381775617599488,0.47204549908637994,-0.037818275392055484,0.5555534482002258,0.464243221282959,-0.04760814309120172,0.5699510216712952,0.4666392505168915,-0.05310228839516634,0.5291150569915771,0.5329429626464843,-0.027317918837070382,0.5290335416793823,0.4917389869689941,-0.041421787440776785,0.5452870488166809,0.482643848657608,-0.0474516205489635,0.5593900680541992,0.48301181793212894,-0.05034214183688158,0.5245766639709473,0.5535794258117676,-0.03339255116879934,0.5222391724586487,0.5225672721862793,-0.04478146582841869,0.5300167918205261,0.5050984203815461,-0.05022218376398083,0.5384443521499634,0.4952474296092987,-0.053630283474922116
0.5434098839759827,0.6118411779403687,1.5958547692207505e-07,0.558161449432373,0.5758912205696106,-0.00258445846848188,0.564568817615509,0.537457811832428,-0.00888997190631918,0.5717583417892456,0.5090848445892334,-0.01673264475539322,0.5804128170013427,0.48293591737747193,-0.02544913608580822,0.5399525165557861,0.5085644960403443,-0.012268817611038643,0.5411113619804382,0.4642737150192261,-0.02376623339951034,0.5464342474937439,0.43681127429008476,-0.031757536530494644,0.55123211145401,0.414593905210495,-0.0375764168798923,0.532842767238617,0.5177825093269348,-0.0187936762347817,0.5398732185363769,0.4734194755554199,-0.03483846858143802,0.5593831896781922,0.46956432461738584,-0.043916118890047026,0.5739750862121582,0.47592955231666567,-0.04857820868492122,0.5288666605949403,0.5338982224464417,-0.025377594307064943,0.5336787819862366,0.49394284486770634,-0.039055795222520805,0.5517910718917847,0.4894179403781891,-0.04361997619271274,0.5656848073005676,0.49424710869789124,-0.04510443620383734,0.5269267916679382,0.5542781591415405,-0.03207819610834116,0.529122030735016,0.5234116077423097,-0.04251095354557032,0.539786982536316,0.5090272128582001,-0.046499674022197686,0.5496191501617431,0.5028448462486267,-0.04858339279890054
0.5435137391090393,0.6131356954574585,1.5088667169038671e-07,0.5578137636184692,0.5725082278251648,-0.00010468782857059973,0.5636153936386109,0.533590030670166,-0.00568643081933252,0.5706148862838745,0.5051554560661317,-0.01337673645466562,0.5788861036300659,0.4788557469844818,-0.02184729464352126,0.5368724942207337,0.508244800567627,-0.009838541597127881,0.5388471484184265,0.46478853821754457,-0.020766432955861037,0.5444897770881653,0.43733720183372493,-0.028264574334025343,0.5492789149284363,0.41491686701774594,-0.03374795019626614,0.5306220054626465,0.5183609366416931,-0.01750065349042412,0.5416888952255249,0.4746221601963043,-0.033281058818101825,0.5625461220741272,0.47298154830932615,-0.04155813157558436,0.576858127117157,0.4815894961357117,-0.045469927042722666,0.528574299812317,0.5349977970123292,-0.025030012056231444,0.5381970405578613,0.49580098986625665,-0.03846187964081762,0.5575604438781738,0.4946647763252258,-0.04164433404803272,0.5708014488220214,0.5022520422935486,-0.041930667310953074,0.5292450189590454,0.555263340473175,-0.03252320513129228,0.5356256723403932,0.5242897152900696,-0.04239582940936082,0.5480820894241334,0.5119639992713928,-0.04519378840923306,0.5583356022834778,0.5078417837619782,-0.046225900948047564
0.543064820766449,0.6128837585449219,1.4282020401878981e-07,0.5569629907608032,0.569014585018158,0.00147260879166424,0.5624065399169922,0.5306063652038574,-0.0034467276185750203,0.5690910458564759,0.5019297480583191,-0.01075423303991552,0.5766667604446412,0.47582469582557674,-0.018637038394808722,0.5338996291160584,0.5072682738304138,-0.00739985676482316,0.5369435310363769,0.46500482559204104,-0.0173025675117969,0.5426192402839661,0.4378145635128021,-0.02407969012856478,0.5472911238670349,0.4155184686183929,-0.029008186236023862,0.528360641002655,0.5176743507385254,-0.01531811151653524,0.5438603878021241,0.47540934681892394,-0.029697880148887586,0.5646353483200073,0.4752198100090026,-0.0365313950926065,0.5779131531715394,0.4849741578102112,-0.039453475177288005,0.527993893623352,0.5340281248092652,-0.023024498298764184,0.5429640889167786,0.49613320827484136,-0.0352114889770746,0.5621270179748535,0.49695963263511655,-0.03658164776861664,0.573907220363617,0.5063880324363709,-0.035603309422731336,0.530780041217804,0.5532668232917786,-0.030646916106343222,0.541292953491211,0.5223467350006104,-0.03911919891834253,0.5547554135322571,0.5124613761901855,-0.0401508696377277,0.5648490905761719,0.5110064148902893,-0.03978827707469456
0.5430422067642212,0.6105528473854065,1.3882332439152378e-07,0.5560603022575379,0.5647318243980408,0.0018798898672685001,0.5612401962280273,0.5261723875999451,-0.00277192872017614,0.5673537373542785,0.4966851949691773,-0.0097153047099709,0.5742855548858643,0.47085454463958737,-0.01698135323822494,0.5308129549026489,0.5051128625869751,-0.00693143522366878,0.5349515557289124,0.4644974708557129,-0.016137540712952564,0.5404196977615356,0.43766044378280644,-0.022381936758756583,0.544942045211792,0.4159111738204956,-0.02691245190799232,0.5260713815689086,0.5165916442871095,-0.0145999046042561,0.5452003121376038,0.47678484916687014,-0.027758495509624427,0.5649308681488038,0.4772713124752044,-0.0332620214670896,0.5769155025482178,0.48673519492149353,-0.03540688455104822,0.5274920582771301,0.5335097074508668,-0.022007707506418183,0.546611487865448,0.4976224780082703,-0.033312676474451984,0.5645825982093811,0.4994088172912598,-0.03329899348318572,0.5746680617332458,0.5090099096298218,-0.0314442634582519,0.5324045181274415,0.5522005796432494,-0.029325985163450204,0.5465488076210022,0.522036862373352,-0.03676723912358278,0.5595839142799377,0.5137603044509889,-0.03649593740701672,0.5683462500572205,0.5133238315582276,-0.03515536524355404
0.5437709569931031,0.6074191331863403,1.3613669409551223e-07,0.5546580195426941,0.5617287993431092,0.00135948966490104,0.5596317529678345,0.5230264067649841,-0.00335950274020426,0.5658435106277466,0.492494809627533,-0.010109305009245822,0.5723559379577637,0.46656835079193115,-0.016891481727361643,0.5286001205444335,0.5049914717674255,-0.00705593051388856,0.5327894449234009,0.4649900376796723,-0.01589128337800496,0.5378873467445374,0.43807535171508794,-0.021851217746734562,0.5420300602912903,0.4165318071842194,-0.026075549423694562,0.5251803040504456,0.5169798851013184,-0.01402610447257752,0.545831823348999,0.4773935317993164,-0.0262167122215032,0.5644822716712952,0.47795928120613096,-0.03080209903419014,0.5753119230270386,0.48677981495857237,-0.032377029210329,0.5282554388046264,0.5332313299179078,-0.020760337263345682,0.549434757232666,0.49780212640762334,-0.031224876269698103,0.5660258769989014,0.5001497507095337,-0.0301908072084188,0.5745832562446594,0.5098256587982178,-0.027655041962861962,0.5347306966781616,0.5500218510627747,-0.027489712089300122,0.551196813583374,0.5199254155158997,-0.03382904119789594,0.5637367248535157,0.5127375602722168,-0.0324648585170507,0.5713975071907044,0.5129531860351563,-0.030317372083663884
0.542408835887909,0.6053277730941773,1.4168886366405787e-07,0.5499709606170654,0.561329483985901,0.0007862833037506781,0.5548171639442444,0.5213311910629272,-0.004247943917289321,0.5620026826858521,0.48954948186874386,-0.010952374804764943,0.5691708087921143,0.46383854150772097,-0.01760361213237042,0.5259354829788209,0.5069252133369446,-0.00915200756862756,0.530228066444397,0.46602202057838443,-0.017914873361587463,0.5351569294929505,0.43849026560783394,-0.02364866062998766,0.5390163540840149,0.4166889011859894,-0.02766349911689752,0.5243162155151367,0.5196459531784058,-0.01560535281896586,0.5454859733581543,0.4786119818687439,-0.02725133597850794,0.5633194327354432,0.47812854647636416,-0.03124114833772178,0.5734148979187011,0.48595234155654904,-0.032581551373004856,0.5291250467300415,0.5354353070259095,-0.02170983031392094,0.5508492827415467,0.49865264892578126,-0.0313535194844007,0.5662403583526612,0.4997074246406555,-0.02980133518576616,0.5738516569137574,0.5085490465164184,-0.027144220843911118,0.5370668053627015,0.5507736921310425,-0.027876229584217045,0.5541846990585327,0.5195145368576051,-0.03332565687596792,0.5660489439964295,0.5110934495925904,-0.03152693472802634,0.5731828570365906,0.5101423144340516,-0.029245499521493863
0.5408036708831788,0.6026946544647217,1.436868586779383e-07,0.5445568323135377,0.5605767965316772,0.00038168985047377804,0.5490125775337219,0.5191220998764039,-0.004825878841802421,0.5568980693817139,0.4861634910106659,-0.011288882233202402,0.5646581292152405,0.4614597320556641,-0.017605606652796223,0.5229469180107117,0.5087270259857177,-0.011378271598368841,0.5270030736923218,0.46705896854400636,-0.0199987027794122,0.5315822958946228,0.4391593158245087,-0.025488958507776202,0.5348722815513611,0.41715609431266787,-0.029311400279402662,0.5232563257217407,0.522222113609314,-0.0173147806897759,0.5445549964904786,0.4795009434223175,-0.02822998799383636,0.5611187219619751,0.4781815886497498,-0.03152856417000288,0.5699511408805847,0.48499866724014284,-0.032605458796024264,0.529919171333313,0.5377102494239807,-0.02273240946233268,0.5518147468566894,0.49900381565093993,-0.03133853562176222,0.5656914353370667,0.4986728847026825,-0.02912819758057588,0.5718857884407044,0.5064703583717346,-0.02630312964320178,0.5393985867500305,0.5517910599708558,-0.028257015347480742,0.5569420099258424,0.5189111948013306,-0.0326953280717134,0.5679588317871094,0.5087305665016175,-0.030388535186648316,0.5743257880210877,0.5059632718563081,-0.02794782817363734
0.5389488816261292,0.6002403497695923,1.4316804310965381e-07,0.5392358899116516,0.559362030029297,0.0003602572192903581,0.5433685779571533,0.5166445493698121,-0.00481445323675864,0.5520238280296326,0.4827717304229736,-0.010973360762000022,0.5605867385864258,0.4592737674713135,-0.016931512579321822,0.5204623937606812,0.5100869894027711,-0.01297375503927464,0.5243737936019898,0.46763327121734616,-0.021409061551093983,0.528593373298645,0.4395920574665069,-0.026617193222045844,0.5313169836997986,0.4174915492534637,-0.030227964743971762,0.5224709749221802,0.524140989780426,-0.018621833622455564,0.5436073660850524,0.4799783527851104,-0.02901590466499324,0.5589605808258057,0.4782231092453003,-0.03179697617888444,0.5666643500328064,0.4843977093696594,-0.03265996128320688,0.5306555271148682,0.539200496673584,-0.02357422113418574,0.5524426937103272,0.49897025823593144,-0.03144620880484576,0.5649642944335938,0.4981175422668457,-0.028797268494963585,0.5699796199798584,0.5053723573684692,-0.025839232653379385,0.5413025856018067,0.5521031141281129,-0.028634578734636262,0.559022617340088,0.5178400754928589,-0.03235088028013702,0.5693467378616334,0.5063197374343873,-0.029745167866349183,0.5752166867256165,0.5019848942756653,-0.027231169864535283
0.5363691926002503,0.5983051657676697,1.3846257900240745e-07,0.5334136247634889,0.5589363932609559,0.0005248178204055581,0.5372143507003785,0.5149538040161132,-0.00455255210399622,0.546563184261322,0.4801562249660492,-0.01034948229789728,0.5560465097427368,0.4575924575328827,-0.01593338064849372,0.5178182840347291,0.5119975805282593,-0.014470793679356522,0.5213560342788697,0.46877964735031125,-0.0227022968232631,0.5250077605247497,0.44067347049713135,-0.02765306681394572,0.5271393775939942,0.41845651865005495,-0.03113318420946592,0.5215123891830444,0.5260891318321228,-0.01990544646978376,0.5423193573951721,0.479865300655365,-0.02978781461715694,0.5564544558525086,0.47837141752243045,-0.03200178518891328,0.5629392266273499,0.48484348654747006,-0.0326425321400165,0.5310529947280884,0.5405647158622742,-0.024464090913534124,0.5522988080978394,0.49826400279998784,-0.03147187530994411,0.5633392810821534,0.4974289178848266,-0.028231768682599023,0.5670329332351685,0.5048186421394348,-0.025132215395569743,0.5426270127296449,0.5525984048843384,-0.02912429943680759,0.5599492430686951,0.5164542198181152,-0.032150680199265445,0.5696065902709961,0.503591424226761,-0.02925998866558072,0.5750478506088258,0.49788086414337157,-0.026740609109401663
0.5344560503959656,0.5970438361167908,1.3299017922463466e-07,0.5286393165588379,0.55925452709198,0.000729431916261058,0.5316089153289796,0.5148426771163941,-0.004351829458028021,0.5413309216499329,0.47981637716293335,-0.009914475120603979,0.5518315672874451,0.4588272750377655,-0.0152596121653914,0.5157013535499573,0.513922107219696,-0.016367845423519562,0.5183158993721009,0.469988614320755,-0.024891943857073724,0.521309757232666,0.44182658195495605,-0.029986253753304437,0.5228076815605164,0.4195471048355103,-0.03356554284691804,0.5206273913383485,0.5281537890434265,-0.02176976948976514,0.5406805872917175,0.47938470244407655,-0.03153324164450164,0.5534086704254151,0.4787760734558106,-0.033165963739156666,0.5582833647727966,0.4862196743488312,-0.033491607755422544,0.53122478723526,0.5424679398536683,-0.026141657307743982,0.551219367980957,0.4973552525043488,-0.03277723416686054,0.5607127904891969,0.4972609579563141,-0.028817402571439703,0.5626224517822266,0.5055063247680663,-0.02534997388720508,0.5435564279556274,0.5539616346359253,-0.030580780655145603,0.5602135062217712,0.5147245526313782,-0.03323730081319806,0.5688983917236328,0.5018174350261688,-0.029817252978682506,0.573112690448761,0.4966526746749878,-0.027034789696335743
0.5342357993125917,0.5960571646690369,1.1629186218442556e-07,0.5265713453292846,0.5592361092567444,0.00073638022004156,0.528615927696228,0.5152352333068848,-0.00412922073155634,0.5379714250564576,0.48078130483627324,-0.0092535046860575,0.5487404346466065,0.4612231314182282,-0.014122411422431442,0.514592444896698,0.5155143737792969,-0.01729267314076418,0.5155350804328919,0.4718720436096191,-0.02629343979060644,0.5175994992256164,0.4436194539070129,-0.03183726444840426,0.5182458996772766,0.4211631178855896,-0.03565525859594339,0.520544457435608,0.5293869495391845,-0.022551442310214023,0.5389135479927063,0.4784661948680878,-0.032137567549943874,0.5502353429794312,0.4792419373989105,-0.033262088894844,0.5534669518470764,0.4881531834602356,-0.03322573229670518,0.5318950057029724,0.5433118104934692,-0.026772646233439404,0.5495861649513245,0.49552407264709475,-0.033308004587888684,0.5578476548194886,0.49642262458801273,-0.02882353812456128,0.5583032965660095,0.5057566523551941,-0.024923371151089623,0.5448590517044067,0.554330563545227,-0.031024865433573683,0.5598005056381226,0.5118294119834901,-0.033390586823225,0.5672168970108032,0.5003137946128845,-0.02930439375340936,0.5698287844657898,0.49759787321090704,-0.026058086752891483
0.5347565531730653,0.5952008247375489,1.0346184637910484e-07,0.52531418800354,0.5595723509788513,0.000529302743961989,0.5260673880577087,0.5155345678329468,-0.00438185087405138,0.5348094940185547,0.4806633651256561,-0.009372804500162542,0.5459935545921326,0.4618094444274903,-0.014104797504842241,0.5142547369003296,0.5182792067527772,-0.01824468057602638,0.5134918808937072,0.4746911466121673,-0.02767265848815436,0.514599871635437,0.4459492266178131,-0.03344461284577842,0.5147399067878724,0.4232094883918763,-0.037342841550707745,0.521574604511261,0.5308513998985291,-0.023247800394892663,0.5379534602165222,0.47751290798187257,-0.03299673162400718,0.5477737426757813,0.4799110233783722,-0.03354761675000186,0.5496693968772889,0.4908885478973389,-0.03294866867363447,0.5337264537811279,0.5435666561126709,-0.02722340859472748,0.5489272117614746,0.493466567993164,-0.033977548032999,0.5559364438056946,0.49585641622543336,-0.028948793560266462,0.5555010557174683,0.5069859743118287,-0.024457896128296804,0.5471505880355835,0.5536365628242493,-0.031193970143794984,0.5601709842681886,0.5081783652305603,-0.03352188542485234,0.5662750124931335,0.4986173033714295,-0.028914366662502262,0.5676942825317383,0.4989102303981781,-0.025227000564336723
0.5361900806427002,0.5933228731155396,8.683066070602765e-08,0.524675989151001,0.5597908854484558,-0.00042665823712017105,0.5241705179214478,0.5161862373352051,-0.00528131546452636,0.5324098706245423,0.4811523199081421,-0.010034231841564122,0.543876302242279,0.46274385452270506,-0.014517191052436781,0.514829170703888,0.5201682448387146,-0.018059279955923498,0.5123693108558656,0.4770815670490265,-0.027626803144812542,0.5123836636543273,0.4482222378253937,-0.03353731893002982,0.5118565917015077,0.4250487327575684,-0.03752885609865182,0.5238354086875916,0.529923713207245,-0.02248877063393588,0.5373756766319274,0.47611019015312195,-0.03250944949686522,0.5452837705612182,0.48114694356918336,-0.03296739272773262,0.545725166797638,0.49441686272621155,-0.03204067982733244,0.5368657231330871,0.5403436541557313,-0.0260646320879459,0.5491562128067017,0.49032317399978637,-0.033175751194357825,0.5541818857192994,0.49609217047691345,-0.02801068089902398,0.552537202835083,0.5095651984214784,-0.023132631555199578,0.550742518901825,0.549062991142273,-0.029703552648425086,0.561482274532318,0.5029037833213806,-0.03222095184028146,0.5653898596763611,0.4978435456752778,-0.0274050515145063,0.5650620818138123,0.5028237342834473,-0.023443475738167702
0.5390719771385194,0.5912472963333131,7.215687176653774e-08,0.5260377883911134,0.5598207950592041,-0.001515294722048571,0.5245288968086242,0.5175740361213684,-0.00619893008843058,0.5325929641723632,0.4830303728580475,-0.010791748203337122,0.5441654205322266,0.46482934355735783,-0.01513312682509418,0.5174046277999879,0.5206806063652039,-0.01614745073020452,0.5137465119361877,0.4781991183757782,-0.02570503838360304,0.5131007790565492,0.4492805659770966,-0.03179180733859534,0.5121439456939697,0.4256694197654724,-0.03585005961358542,0.5279210805892944,0.526922059059143,-0.019939193129539443,0.5382086992263794,0.4749557256698609,-0.03043238595128054,0.5440939903259278,0.481931334733963,-0.0314778100699186,0.5433936715126038,0.4965172350406647,-0.030514425784349385,0.5415897607803345,0.5345097541809083,-0.02316096406430002,0.5511305928230286,0.4872749865055084,-0.031164587661623923,0.554215669631958,0.4966951727867127,-0.02664751075208184,0.5516191005706788,0.5122854471206666,-0.02163292504847044,0.5556660771369935,0.5414520502090454,-0.026504783891141383,0.564274275302887,0.49752039909362794,-0.02970551848411556,0.5660274744033813,0.4980616867542267,-0.0251185297966003,0.5641942739486695,0.507999587059021,-0.02096595335751766
0.541824221611023,0.5889708876609803,5.974043020273713e-08,0.5275660634040833,0.5593077182769776,-0.0027187806263100113,0.5254999756813049,0.5178318619728088,-0.0072271809913217406,0.5333682060241699,0.483464515209198,-0.011643702164292261,0.5448763966560364,0.4649848997592926,-0.015835695900022942,0.5202724933624268,0.5204532384872437,-0.0138627050444483,0.515941035747528,0.4786959767341614,-0.022992876917123744,0.5147711038589478,0.44988471269607544,-0.02889577411115164,0.5135323882102967,0.4258528590202332,-0.032848014682531325,0.5322233319282532,0.5230384588241577,-0.01692247241735454,0.5394832730293274,0.4739378452301025,-0.02770700938999648,0.5436702847480773,0.48237500786781307,-0.02942589782178398,0.5424373149871826,0.4978127121925354,-0.028538596257567345,0.5463436961174012,0.5278019309043884,-0.01969565376639362,0.5536888360977174,0.48439647555351256,-0.028281122073531124,0.5551164984703064,0.4966241121292114,-0.02456906288862226,0.5522385835647583,0.5135187625885009,-0.019656701013445778,0.5604793190956116,0.5333530664443971,-0.022685549780726382,0.5670984864234925,0.493005633354187,-0.0264591801911592,0.5670797467231751,0.49775620698928835,-0.02243684381246562,0.5645230889320374,0.5107146739959717,-0.01841105185449118
0.5453283548355103,0.5857041954994202,5.061897816460715e-08,0.5310287237167358,0.5585301160812378,-0.0043305178725858715,0.528487229347229,0.5184879899024964,-0.00906631704419846,0.5363135099411012,0.485107558965683,-0.013685990683734342,0.5479055047035217,0.46676285862922673,-0.01812581885606046,0.5251725912094116,0.5171201586723327,-0.012166645564138821,0.520736300945282,0.4773398935794831,-0.02134350091218942,0.5194385886192322,0.4493601381778717,-0.027492129802703803,0.5183071851730348,0.42536177635192873,-0.031682174652814844,0.5383104801177979,0.5166815519332886,-0.014503079839050722,0.5434324860572816,0.4729790568351746,-0.02625576630234714,0.5456414937973023,0.48410494923591607,-0.02900445647537704,0.5435534954071045,0.499936455488205,-0.028387775644659944,0.5527310848236084,0.519748878479004,-0.01684977989643808,0.5588095903396606,0.4835991621017456,-0.02642679847776886,0.5580810070037843,0.49956782460212706,-0.023337789997458423,0.5543026566505432,0.5171865463256836,-0.018451125919818824,0.5666271448135376,0.5252661585807801,-0.019568816572427702,0.5720109343528748,0.49208158254623413,-0.02427681870758528,0.5700026154518127,0.5008919775485993,-0.020769485831260644,0.5665921092033386,0.5148185729980468,-0.01680428013205524
0.5502559661865234,0.583929193019867,4.083024229828426e-08,0.5362900614738464,0.5586660623550415,-0.005177198769524641,0.5339727878570557,0.5209246873855591,-0.00976290144026274,0.5421285390853883,0.48958935141563414,-0.014176356419920842,0.5536188960075379,0.4717653810977936,-0.018436031043529463,0.5315199971199036,0.5155233144760132,-0.01078039929270738,0.5277737975120544,0.47620309591293336,-0.019980681315064357,0.5270363926887512,0.44853103160858154,-0.02643406167626374,0.5263700127601624,0.4245203554630279,-0.030837658047676058,0.5451579213142396,0.5138658046722412,-0.01263924594968552,0.5491997480392456,0.4730188250541687,-0.024613274261355362,0.5501954555511475,0.4853653013706206,-0.02812863327562804,0.5476959824562073,0.5011473536491395,-0.02785519622266288,0.5595661163330078,0.516372549533844,-0.0146854298189282,0.5650968790054322,0.4842912912368775,-0.02444299384951588,0.5627601981163025,0.5021100163459778,-0.021847801655530904,0.5582699537277221,0.5196537494659424,-0.017187787592411,0.5731142163276673,0.521872091293335,-0.017195764183998062,0.5777126431465149,0.4934378981590271,-0.022203158959746325,0.5742701053619386,0.5052893102169037,-0.018925517424941023,0.570154356956482,0.5199061512947083,-0.01498147733509536
0.5551838040351869,0.583876371383667,4.522858922939577e-08,0.5421211242675781,0.5582978487014771,-0.005113073857501101,0.5409061908721924,0.5217279553413392,-0.009606818947941001,0.5499436736106873,0.4923650860786438,-0.013855263963341642,0.5616557240486145,0.47667572498321537,-0.01790379434823984,0.5387462735176086,0.5154435157775878,-0.01092835217714304,0.5362801551818848,0.4755483090877533,-0.020061792060732782,0.5365220427513123,0.4474798619747162,-0.02661256790161126,0.5366677999496461,0.42353439927101133,-0.0310447387397289,0.552280342578888,0.5150645136833191,-0.012577580474317021,0.5568452477455139,0.4749124765396118,-0.02424040511250492,0.5575821399688721,0.48449423313140866,-0.02806063592433924,0.5550290703773498,0.4982925534248352,-0.028127769753336862,0.5665819048881531,0.5184137582778932,-0.01434260103851554,0.572957181930542,0.48662183880805976,-0.02387404292821882,0.5700212597846985,0.5025230944156647,-0.021899098530411682,0.5649178147315979,0.519466757774353,-0.017719833552837322,0.5800249576568604,0.5238780140876771,-0.016540633141994422,0.5853214979171754,0.49668871164321904,-0.021682082489132844,0.5816341042518616,0.5075370311737061,-0.01894885599613186,0.5770914912223817,0.5213571667671204,-0.01532755978405472
0.5598504066467285,0.5851022362709045,4.7950283388331635e-08,0.5480759501457215,0.5581892371177674,-0.004525339510291781,0.5485449314117432,0.5222632169723511,-0.00909818606451148,0.5586666464805603,0.4945883393287659,-0.01333867423236364,0.5706349849700928,0.48111497759819033,-0.01735406834632152,0.546120548248291,0.5159363269805909,-0.0124575780704617,0.5456015110015869,0.47554911971092223,-0.02177443057298654,0.5469648122787476,0.44739351272583006,-0.028467081487178744,0.5478942275047303,0.42358860373497004,-0.03298996649682518,0.5592078328132629,0.5182339906692505,-0.014319551549851841,0.5660144567489624,0.47737433910369875,-0.025541914626955944,0.5666268706321717,0.4865396738052368,-0.028913495317101426,0.5636690497398377,0.4997523009777069,-0.02892995029687878,0.5732802152633668,0.5239020586013794,-0.01609236225485798,0.5818121910095215,0.49110648036003113,-0.02472023628652092,0.5785966396331788,0.5053311586380005,-0.022186594828963242,0.5730693936347961,0.5209458947181702,-0.0180213831365108,0.5865703225135803,0.5310370087623597,-0.018277321942150544,0.5939316034317017,0.5030496001243592,-0.02261759191751476,0.5900352358818054,0.5126577436923981,-0.019443117827177,0.5849717617034913,0.5251251697540283,-0.0157341135665774
0.5652478814125061,0.5873118877410889,4.2810721012642714e-08,0.5548356890678406,0.5589125514030456,-0.0037420406471937603,0.5570387244224548,0.5231163740158081,-0.00810633776709432,0.5683695077896118,0.4967572808265686,-0.01192184379324312,0.5807295680046082,0.48519735336303715,-0.0154285101220011,0.5544212818145753,0.516938877105713,-0.0141772653907537,0.556660008430481,0.4756972312927246,-0.023785263299941965,0.5595809936523438,0.4472688734531403,-0.030611040443181924,0.5616417169570923,0.4235174596309662,-0.03516298159956928,0.5672168016433716,0.5220513701438904,-0.016171538643538902,0.5771186232566834,0.48001204133033754,-0.026861898601055104,0.577170217037201,0.4901644587516785,-0.029374199733138023,0.5733017802238465,0.5036096930503846,-0.0290032476186752,0.5811358332633972,0.5299266219139099,-0.0178758034482598,0.5920063257217407,0.4957479894161225,-0.0255196992307901,0.588417649269104,0.5089367687702179,-0.02216703854501242,0.5825349807739258,0.5231515765190125,-0.017799627035856202,0.5942789673805238,0.5387549757957459,-0.019936421886086422,0.6039226531982422,0.5098387241363526,-0.02328697219491002,0.5998135685920716,0.5184657454490662,-0.01946419700980182,0.5941731452941895,0.5294864654541016,-0.015524542145431001
0.5698170781135559,0.591009545326233,4.7069019615264555e-08,0.560210657119751,0.5606470108032227,-0.00241666561923918,0.5637944221496582,0.5244309306144714,-0.0063467023894190205,0.5761082649230957,0.4991787850856781,-0.00973160993307824,0.588804304599762,0.48989807367324834,-0.0127438619732856,0.5610440135002137,0.5207309246063232,-0.01501673832535738,0.5661535859107971,0.477128791809082,-0.024019697308540304,0.5705087065696717,0.4479708373546601,-0.030012898147106105,0.573754608631134,0.4244822859764099,-0.03391821458935734,0.5732017755508423,0.5283159017562866,-0.01727385520935054,0.5864603996276856,0.48299388885498046,-0.02676103301346298,0.5863377690315247,0.492031741142273,-0.027976042404770782,0.5822899103164673,0.5055036544799805,-0.026952831074595424,0.5867650389671326,0.5377647995948792,-0.01899874284863468,0.6002176523208618,0.49914383292198183,-0.0252230245620012,0.5966618299484253,0.5095205366611482,-0.021169408410787544,0.5909647464752198,0.5227461457252502,-0.016681344062089862,0.5996766090393066,0.5472505927085877,-0.020978912338614424,0.6122411847114563,0.514542293548584,-0.02320467755198476,0.6085708975791931,0.5201379537582398,-0.01908095739781852,0.6028315663337708,0.5298020720481873,-0.015158225223422
0.5621179103851318,0.5952184915542603,8.228070313975877e-08,0.5587521553039552,0.5652343392372131,-0.004163490841165161,0.5652865290641785,0.528981375694275,-0.008758297562599139,0.5783983945846558,0.503033059835434,-0.012705467455089041,0.5915627479553223,0.4920560002326966,-0.01634031385183328,0.5589905738830567,0.5162808358669282,-0.015551271662116,0.5657994747161865,0.4718733251094818,-0.024522589892148946,0.5703187227249146,0.4427257597446442,-0.030544106662273345,0.5735366821289063,0.41893545389175413,-0.03458064496517178,0.565239191055298,0.5232722818851471,-0.01748368963599202,0.5770469427108765,0.4770048141479492,-0.02647954188287254,0.5766065955162049,0.4774325668811798,-0.028405997529625825,0.5727593541145325,0.48248072862625124,-0.028422516584396325,0.5733971118927003,0.5338742256164551,-0.01917650289833542,0.5843278527259828,0.4937379062175751,-0.02549507878720756,0.5811454117298127,0.49526301026344305,-0.023212420567870103,0.5762813866138459,0.5001417100429535,-0.0203910551965236,0.5816957116127014,0.5461158990859986,-0.021283530071377704,0.5914839744567871,0.5131699681282044,-0.024469485133886304,0.5877418160438538,0.5122740328311921,-0.02195728756487364,0.5822237968444824,0.5153477907180787,-0.019356425106525382
0.5535057425498963,0.5987268686294556,1.0710647373457506e-07,0.5561049699783326,0.5704435348510742,-0.00607223836705086,0.5646791219711303,0.5348129153251648,-0.01137572517618534,0.5779261112213135,0.5079864978790283,-0.015948655642569,0.5913681268692017,0.49395800828933717,-0.020349207147955843,0.5551461219787598,0.5111894965171815,-0.0156890138983726,0.5630558729171753,0.46656453013420107,-0.02500662617385384,0.5674574732780457,0.4377595067024231,-0.03135338313877577,0.570461118221283,0.4137402832508087,-0.035693046450614885,0.5557709693908691,0.516606342792511,-0.017346743494272218,0.5653729438781738,0.4696112871170044,-0.026274874061346022,0.5640710711479188,0.46439797878265376,-0.028893878683447765,0.5601848721504211,0.46273055076599123,-0.029717974364757482,0.5585406064987183,0.5280439615249634,-0.019142280519008605,0.5659770846366883,0.4877794504165649,-0.025823619589209503,0.5628904700279237,0.48233263492584233,-0.02477751560509202,0.5590790748596192,0.47884156703948977,-0.0231651715934276,0.5619907498359681,0.5434607863426208,-0.021529748663306182,0.567878806591034,0.5115266799926758,-0.025613941624760585,0.5637594938278199,0.505636990070343,-0.024085598811507163,0.5587388396263122,0.5019289255142212,-0.02233817838132378
0.5441929459571839,0.6016610503196715,1.3493765536054527e-07,0.5521521091461181,0.5757130980491638,-0.00833352911286052,0.5620479702949523,0.5405223727226257,-0.01428269585594532,0.5751410722732544,0.5126516699790955,-0.01933730952441686,0.5889781236648559,0.49561207890510556,-0.02432438600808378,0.5497087478637696,0.5065143942832947,-0.01584558673202986,0.5577693462371827,0.46140584349632263,-0.0254529312252998,0.5618677258491517,0.4326406717300415,-0.03207294903695577,0.5647065997123718,0.40818054080009464,-0.036677578091621366,0.5449789643287659,0.5097822248935701,-0.01699069105088708,0.5510192036628723,0.4619408309459686,-0.02584456503391262,0.5490665197372437,0.44881064891815187,-0.029467680305242463,0.5455208778381347,0.4391718447208404,-0.031367284059524485,0.5424683094024658,0.521421456336975,-0.01870006173849104,0.5453143239021301,0.48042362928390503,-0.026146768778562503,0.5423854231834412,0.4670844495296479,-0.0271105173975229,0.5395529866218567,0.4554881930351258,-0.02711461819708342,0.5411702275276185,0.539066219329834,-0.021164404600858645,0.5420589208602906,0.5080615282058716,-0.0268325492739677,0.5376636981964111,0.49656438231468203,-0.027067389711737583,0.5331135988235474,0.486390221118927,-0.02661187797784802
0.5340709686279297,0.603923761844635,1.736744792424361e-07,0.5473621964454651,0.580346941947937,-0.01087329331785436,0.5585821151733399,0.5461697936058045,-0.01780830146744844,0.5714010238647461,0.517424213886261,-0.02377347266301506,0.585435664653778,0.4975247263908386,-0.02982719670981166,0.543341064453125,0.5015340924263001,-0.015953122451901378,0.5508186221122742,0.4560759246349335,-0.025717076659202545,0.5541760921478271,0.4274297833442688,-0.03258690871298306,0.5564926981925965,0.4026295363903046,-0.03748457655310626,0.5330458283424377,0.5024443686008453,-0.01661104559898372,0.5347403764724732,0.4539559781551361,-0.02546852640807624,0.5326010465621949,0.43136557340621945,-0.030511426180601042,0.5299677133560181,0.41300103068351746,-0.03381752781569952,0.5251630783081055,0.5143518567085267,-0.01824529394507406,0.5233219146728516,0.47286349534988403,-0.026481061428785264,0.5206673979759217,0.45084987282752986,-0.029728364571928963,0.5188096463680267,0.43124681711196905,-0.0315829642117023,0.5190965354442597,0.5342490673065186,-0.020831411704421005,0.514830595254898,0.5042179226875305,-0.02821459323167796,0.5102126479148865,0.48679900765419004,-0.030396023020148225,0.5062433660030365,0.4702405750751495,-0.03136129435151812
0.5238165497779846,0.60567227602005,2.0541534979656719e-07,0.5424132943153381,0.5841484308242798,-0.013193486072123001,0.555169177055359,0.5508375644683838,-0.021025866642594298,0.5676723122596741,0.5202878713607788,-0.02772765047848218,0.5817291736602783,0.4968302845954895,-0.03465368673205372,0.5364339828491211,0.4961832284927368,-0.01626076698303218,0.5431732773780823,0.4506711304187775,-0.026482840254902804,0.5457974076271058,0.42211325168609615,-0.03405436128377908,0.5473841190338135,0.396585077047348,-0.03957571685314172,0.5206764101982116,0.49488483071327216,-0.01646930389106268,0.5179083228111268,0.4456741511821747,-0.02548208013176912,0.5158247232437134,0.4145525813102722,-0.03210438564419738,0.5138323783874512,0.38797364830970765,-0.03695035129785532,0.5076647877693177,0.5069207906723023,-0.01800627522170542,0.5008063793182373,0.4649417757987976,-0.027012009918689666,0.4987186491489411,0.4353845477104187,-0.0323753051459789,0.49784401655197147,0.4081910073757172,-0.03598189055919644,0.49709160327911384,0.5288236737251282,-0.020667826384305903,0.4870434641838074,0.4996909558773041,-0.02960002347826952,0.4822312772274018,0.4778239250183105,-0.03343199566006656,0.4788653254508972,0.45571942925453185,-0.03562880754470822
0.524166488647461,0.6060000777244567,2.0515834080470087e-07,0.5425312519073486,0.5844481348991394,-0.013146711513400022,0.5551294445991516,0.5510320663452148,-0.0210560385137796,0.5675453424453736,0.5205206990242004,-0.02784825637936586,0.5815562725067138,0.4969560921192169,-0.03489280715584752,0.5364785909652711,0.4963974356651306,-0.01649687159806484,0.5430537700653076,0.4509113967418671,-0.02686333283782,0.5456894755363465,0.42237905263900755,-0.03451687917113298,0.5473349213600158,0.39682921171188357,-0.04008570164442057,0.520742690563202,0.49525589942932136,-0.01680649593472474,0.5178466320037842,0.44605283737182616,-0.025942288711667004,0.5157643914222718,0.4148928046226501,-0.0326087333261966,0.51379234790802,0.38824441432952883,-0.03748429417610164,0.5077548027038574,0.5074922204017639,-0.0184357766062021,0.5008180856704711,0.465332955121994,-0.027562139555811827,0.49867734313011175,0.43570767641067504,-0.03297791481018062,0.49774715304374695,0.408450734615326,-0.03661738932132718,0.4972536146640778,0.5295927882194519,-0.021174416691064783,0.4871391534805298,0.5003682672977448,-0.030228632688522283,0.4822423756122589,0.4784877181053161,-0.034109818190336205,0.4787573218345642,0.45637702345848075,-0.0363368675112724
0.5242749094963074,0.6064873933792114,2.0586437017300345e-07,0.5425586938858032,0.5850089192390442,-0.013383486866950923,0.5550858139991761,0.5517012238502503,-0.02143532186746592,0.5673833370208741,0.5209580421447754,-0.02832432761788364,0.5813854694366455,0.4971559286117554,-0.0354637503623962,0.536514139175415,0.4966714859008789,-0.01678840778768056,0.5429987788200379,0.45139081478118903,-0.02731151096522802,0.5456424713134767,0.42283028960227964,-0.035127631574869096,0.547311806678772,0.3970881402492523,-0.04081252738833423,0.5207296371459961,0.49548294544219973,-0.0170306380838155,0.5177529931068421,0.44646569490432736,-0.026289693638682304,0.5156315445899964,0.4153577387332916,-0.0330246560275554,0.5136913895606996,0.3886168360710144,-0.03795519992709156,0.5077542662620544,0.5077870607376098,-0.01861008480191228,0.5008355259895325,0.4657188296318054,-0.027825186401605563,0.49864667654037476,0.4361570596694946,-0.03323111832141872,0.4977084159851074,0.4089170575141907,-0.03685878440737722,0.49727711677551273,0.5300877213478089,-0.02132544517517084,0.4871371984481811,0.5007485687732697,-0.03043945580720896,0.48218771815299993,0.47889057397842405,-0.0343155801296234,0.4786423981189728,0.4568027436733246,-0.036536012589931464
0.5241402268409728,0.6068864226341247,2.0649873420097722e-07,0.5424655795097351,0.5855197310447693,-0.013580561988055642,0.5550809025764466,0.5523637413978577,-0.021711654961109102,0.5672799229621888,0.521326208114624,-0.02862619794905182,0.581239378452301,0.49729287028312685,-0.0357744082808494,0.5365689754486084,0.49691800475120546,-0.01690534390509122,0.5430769324302673,0.45179291367530827,-0.02744727134704584,0.5456712126731873,0.4232153058052063,-0.03531442135572428,0.5473086476325989,0.397456556558609,-0.04103112518787379,0.5206699252128602,0.4955079078674316,-0.0170249238610267,0.5177271842956542,0.44654740095138545,-0.02628702521324152,0.5156235694885254,0.4155246913433075,-0.033012831956148084,0.5137988924980164,0.3888780295848846,-0.03792756423354144,0.507663094997406,0.5076267242431641,-0.018493017181754078,0.5008310794830323,0.46556511521339417,-0.027674059569835624,0.4986303329467774,0.4361080944538117,-0.033031059801578486,0.49776628017425534,0.409060662984848,-0.03662081956863402,0.4971695125102997,0.5299052596092224,-0.021116616204380923,0.48704609870910637,0.5005999863147735,-0.03016541115939612,0.48211715817451484,0.4788130521774292,-0.03398415371775626,0.47863684892654423,0.45681819319725037,-0.03616075143218038
0.524118995666504,0.60690336227417,2.0386162020713526e-07,0.5424168586730957,0.5857500076293946,-0.01351297777146096,0.5551257848739624,0.5525089740753174,-0.02159806899726386,0.5672517180442811,0.521487295627594,-0.02850061468780038,0.581231439113617,0.4974489629268646,-0.0356352493166923,0.5366397380828858,0.4968819320201874,-0.016709015890955862,0.5431153416633606,0.45216225981712344,-0.02727717384696,0.5457070589065552,0.4237158954143524,-0.03519924134016032,0.5473875522613526,0.39802319407463077,-0.040954337269067706,0.5206706881523132,0.4952946364879608,-0.01685354076325888,0.5177021980285644,0.4466504752635955,-0.02610988914966578,0.5156362414360046,0.41584594249725343,-0.03280665129423137,0.513887631893158,0.3893231093883514,-0.0376899048686027,0.507622754573822,0.5072117805480958,-0.01835823617875572,0.5007036328315736,0.4653466999530792,-0.027554111555218662,0.4985468745231629,0.43617464900016784,-0.03285400867462154,0.49779294729232787,0.4094000518321991,-0.03638663440942762,0.49713367223739624,0.529343867301941,-0.02102238275110714,0.48687779307365414,0.5003627240657806,-0.0300500869750976,0.4819494545459748,0.47879346013069146,-0.033827283233404136,0.47856724262237554,0.45702967643737796,-0.03596344664692876
0.5242190003395081,0.6071855187416076,2.0250985528491585e-07,0.542467439174652,0.5861726045608521,-0.0135705335065722,0.555254340171814,0.5526117801666259,-0.02166373990476128,0.5673137903213502,0.5216894388198854,-0.02859095484018324,0.5812368631362915,0.4975095450878143,-0.03576241657137866,0.5368459939956666,0.4970710039138794,-0.01675166040658944,0.5431899905204773,0.4525476455688477,-0.02745871208608144,0.5457382917404174,0.42402273416519165,-0.0354960590600967,0.5474203109741211,0.39823602437973027,-0.0413314022123813,0.5207807064056397,0.4954878449440002,-0.0169385645538568,0.5177492737770081,0.44706417322158815,-0.026291659846901842,0.5156941771507264,0.41631867289543145,-0.033057589828968004,0.5139433741569519,0.38965044021606443,-0.03798232674598688,0.5076474428176879,0.507354986667633,-0.01850838474929328,0.5007309794425965,0.46565762162208557,-0.02785037569701668,0.49855294227600094,0.43664456605911256,-0.03322021737694736,0.4977846324443817,0.4099197030067444,-0.03677913546562192,0.4971134901046753,0.5293897867202759,-0.021244854852557123,0.48685411214828483,0.5005664944648743,-0.0303904958069324,0.4819604635238648,0.4790974199771881,-0.0342307664453983,0.4786848366260529,0.45740385651588444,-0.03640060350298878
0.5241483807563783,0.607297945022583,2.0340721675893295e-07,0.5424658060073853,0.58633451461792,-0.01365322731435294,0.5553362488746644,0.5528106808662415,-0.021713230013847323,0.5674450635910034,0.5217640995979309,-0.028588404506444922,0.5813776254653931,0.4975909948348999,-0.035677460581064156,0.5369013905525208,0.4970376491546631,-0.016587794572114883,0.5432822346687317,0.45267145037651063,-0.02723063044250006,0.5458385109901428,0.4241273105144501,-0.03527983576059338,0.547507381439209,0.3983080148696899,-0.04112422242760652,0.5207051396369935,0.4952260732650757,-0.016675079986452998,0.5177408695220947,0.44698156714439385,-0.025936135277152002,0.5156792759895326,0.41637836098670955,-0.03266081362962718,0.5139486074447632,0.38987438678741454,-0.03755215331912034,0.5074987053871155,0.5068761348724365,-0.01815664097666736,0.500669276714325,0.46544280648231506,-0.02736929431557652,0.49853453040122986,0.436705619096756,-0.03261286392807958,0.49785656929016114,0.4102900803089142,-0.03608140125870702,0.49689524173736577,0.528833556175232,-0.02083391547203058,0.486639928817749,0.5000986814498901,-0.02982177250087256,0.4818080306053162,0.47877715826034545,-0.0335377342998981,0.4786759197711945,0.45729728341102605,-0.03561129271984097
0.524563479423523,0.6074140191078186,2.0265259195184632e-07,0.542693305015564,0.586241888999939,-0.013480423577129802,0.5555164337158204,0.552530574798584,-0.02148488909006116,0.5675851583480835,0.5217183113098145,-0.028334762156009663,0.5814260601997375,0.49766436219215393,-0.03540004268288606,0.5370278716087341,0.49704399704933167,-0.016519945487379964,0.5433699488639832,0.4525350570678711,-0.02711699381470676,0.5458991050720214,0.4240178167819977,-0.035093177855014764,0.5475340366363526,0.39833778142929077,-0.040882951021194394,0.5207998871803284,0.4953844666481018,-0.016706879064440662,0.5177405238151551,0.4469507575035095,-0.025933206453919343,0.5157109379768372,0.4163841187953949,-0.03261290788650508,0.5139886975288391,0.3900416672229767,-0.03746516406536096,0.5075720310211181,0.5070846199989318,-0.0182748537510633,0.5006547451019288,0.46544756293296813,-0.027478497102856603,0.49858417510986325,0.43667542338371274,-0.03274770230054852,0.4979610323905945,0.41029819846153265,-0.03623431026935574,0.4969894170761109,0.5290159702301026,-0.02101730220019812,0.4866392970085144,0.500255024433136,-0.03001402430236334,0.4817989706993103,0.47891076207160954,-0.03376185894012446,0.47871292233467105,0.45740101933479305,-0.03585791513323778
0.5246803641319275,0.6074635624885559,2.0309090871251105e-07,0.5427356958389282,0.5862083673477173,-0.01337528284639116,0.55557199716568,0.5525586485862732,-0.0213544029742479,0.5676103472709655,0.5220051169395448,-0.028205339238047585,0.5813195705413818,0.4980417132377625,-0.035258093476295424,0.5371005058288574,0.49706881642341616,-0.01636886559426778,0.5434698700904846,0.45250591039657595,-0.0269042998552322,0.5459874868392944,0.42401365637779237,-0.03481723293662068,0.547618293762207,0.3984630405902863,-0.040551147609949066,0.520761513710022,0.49545530080795286,-0.016590225324034622,0.5176843285560608,0.4468998908996582,-0.02573326975107186,0.5156676054000855,0.41640471816062924,-0.03233638778328893,0.5139300107955933,0.3902399718761444,-0.03712637498974795,0.5074634313583375,0.5070830821990967,-0.01819027066230768,0.5006054878234864,0.4652669429779053,-0.02730386629700656,0.4986040771007538,0.43668645024299624,-0.032515879720449406,0.49802650213241584,0.41054136157035825,-0.03596446812152858,0.49689840078353886,0.5288326382637024,-0.020959597826003984,0.48657246232032775,0.5001667737960815,-0.02985658273100848,0.48177793622016907,0.47890471816062924,-0.033552923053502985,0.47876576185226444,0.45744152665138244,-0.03561272695660585
0.5248353123664856,0.6075061202049254,2.0235319198036455e-07,0.5428657770156861,0.5861086964607238,-0.013346639275550801,0.5556719779968262,0.552553415298462,-0.021292081847786862,0.5677153944969178,0.5221072793006897,-0.028104675933718664,0.581345808506012,0.4981594562530518,-0.035111434012651384,0.5371637463569642,0.4972317457199097,-0.016304756328463503,0.5435365557670593,0.4525822639465332,-0.02674849815666672,0.5459798455238343,0.4240751028060913,-0.03458548113703724,0.5475128173828125,0.3985340893268585,-0.04027889072895046,0.5208260655403137,0.4956579804420471,-0.016514292731881063,0.517733371257782,0.44707096219062803,-0.02557095848023884,0.5156952857971192,0.41660799384117125,-0.03210427537560458,0.5139072060585023,0.39046371579170225,-0.0368597544729709,0.5075330615043641,0.5072708368301392,-0.01810174025595182,0.500688123703003,0.465369313955307,-0.02713910527527328,0.498680979013443,0.4368719279766083,-0.03230532929301258,0.4980562269687653,0.41075180768966674,-0.0357403956353664,0.4969871163368225,0.5289408206939699,-0.020860745757818183,0.4866821110248566,0.5002615332603455,-0.0297229085117578,0.48187867999076844,0.4790033459663391,-0.033414690941572144,0.47883643507957463,0.45746031403541565,-0.035482743382453864
0.5249413132667542,0.6075271010398865,2.0230553445799166e-07,0.5429828286170959,0.5860291004180909,-0.01334782894700762,0.5557720184326171,0.5525946974754333,-0.02126471996307368,0.5677800416946411,0.5221749544143677,-0.028041257336735702,0.5813880205154419,0.4982549726963043,-0.03499468341469758,0.5371938467025758,0.49728720188140874,-0.01617229469120498,0.5436206936836243,0.4525736570358277,-0.02649672664701934,0.54603031873703,0.4241221725940705,-0.034256200492382,0.547486424446106,0.3986557662487031,-0.03990646228194234,0.5208678007125854,0.49572435617446897,-0.016347915679216302,0.5177690863609314,0.4470691978931427,-0.02528599686920636,0.5157247304916381,0.4166433155536652,-0.031739120185375155,0.5139075994491578,0.3905752778053283,-0.03644736185669892,0.507587218284607,0.5073057651519776,-0.01790900975465768,0.5007534623146057,0.4653182029724121,-0.026840164139866785,0.49878003597259524,0.43686596751213075,-0.03195301443338392,0.49815946221351626,0.41077639460563653,-0.035366752743720954,0.497051614522934,0.5289459943771363,-0.020648489519953683,0.48676233887672427,0.5002769947052002,-0.0294371180236339,0.48191542029380796,0.47904221415519715,-0.03309629634022708,0.4787987172603607,0.4574429512023926,-0.03515308648347851
0.525185477733612,0.6073142290115356,2.0154391222604323e-07,0.5432157874107361,0.5857616782188416,-0.013389640115201442,0.5559244871139526,0.5524124145507813,-0.021388271823525363,0.5678067922592163,0.5222184538841248,-0.02824720516800878,0.5813165903091431,0.4982030689716339,-0.035305204242467816,0.5372923612594604,0.4973741710186005,-0.01644948609173294,0.5436504125595093,0.4527360737323761,-0.02691389434039588,0.5460336804389954,0.4243236422538757,-0.03474845737218852,0.547460687160492,0.39875379204750067,-0.04046069532632826,0.5210209846496582,0.49599760174751284,-0.0166915509849786,0.5178100109100342,0.4473017930984497,-0.02578119300305836,0.5157566428184509,0.41690136194229127,-0.03231402412056918,0.5138976931571961,0.39064857363700867,-0.037090376764535846,0.5077805280685425,0.5078230619430542,-0.0183162305504083,0.5008443593978882,0.4657581090927124,-0.027428321912884662,0.49886487722396855,0.4372482538223267,-0.03262310400605198,0.4981816351413727,0.41093831658363333,-0.03609051480889314,0.49727749824523926,0.5296272158622742,-0.021110466867685283,0.4869517207145691,0.500859534740448,-0.030065369978547037,0.4820347726345062,0.47952795624732975,-0.03380893766880032,0.47877957820892336,0.4577233850955963,-0.03593599200248714
0.5248983979225159,0.6069167017936706,2.0219507348429034e-07,0.543075430393219,0.585624384880066,-0.013525522127747502,0.5558817863464356,0.552658987045288,-0.021617673709988523,0.5677340626716614,0.5224987030029298,-0.02855595573782918,0.5812077641487122,0.498486602306366,-0.03570124059915538,0.5373661756515503,0.4973357617855072,-0.01659986265003678,0.5436671137809754,0.4528640449047089,-0.0271469291299581,0.5460133910179138,0.42452022433280945,-0.03506022766232486,0.5474272608757019,0.3989378273487092,-0.040827579796314226,0.5210793614387512,0.4958712220191956,-0.016804264858365,0.5178648233413696,0.44737717509269714,-0.02595766074955456,0.5157676815986634,0.4170521080493927,-0.03255833610892292,0.513859212398529,0.39073528647422795,-0.0373884163796901,0.5077977061271668,0.507694673538208,-0.01839600540697568,0.500860869884491,0.4658564448356629,-0.027550824731588305,0.4988628149032593,0.43749237060546875,-0.03274821117520328,0.4981439232826233,0.4112397193908691,-0.0362193010747432,0.497221177816391,0.5295210599899293,-0.021169359982013664,0.4869680643081665,0.5008780241012574,-0.030129843950271563,0.4820813834667205,0.4796757698059082,-0.03384415879845616,0.47879882454872136,0.4580267608165741,-0.03595332801342006
0.5250968456268311,0.606741213798523,2.006601135917663e-07,0.5433082222938538,0.5853456497192383,-0.013333938084542722,0.5561453461647035,0.5521416664123535,-0.02131387963891022,0.5679458737373352,0.5218942046165467,-0.02816377319395538,0.5813704848289489,0.4978853464126587,-0.03524460345506664,0.537422513961792,0.4973824858665466,-0.01655282750725744,0.5436239361763001,0.4528362512588502,-0.02706836201250548,0.5459869861602783,0.42455634474754333,-0.03493236750364298,0.5474024295806885,0.3989899754524231,-0.04067024961113926,0.521260941028595,0.49596014618873596,-0.0168544847518205,0.5180246353149415,0.4474640727043152,-0.02602389045059674,0.5159340620040893,0.41706317067146303,-0.0326807357370853,0.5139885306358338,0.3905886709690094,-0.037553252279758385,0.5080452561378479,0.5078421950340272,-0.01851084940135474,0.5009023547172546,0.46634251475334165,-0.027690586447715704,0.49889310598373415,0.43777498006820675,-0.032952003926038705,0.4981831967830658,0.41128806471824647,-0.03647773042321198,0.4974490940570831,0.5297788262367249,-0.021321627497673003,0.4870262205600739,0.5012890815734863,-0.03030258491635318,0.4820881485939026,0.480130809545517,-0.03403055146336552,0.47877612709999084,0.4585177063941956,-0.0361606657505035
0.525224256515503,0.6066903114318848,2.01038554337174e-07,0.5434261798858642,0.5853569984436036,-0.013415824994444802,0.556159782409668,0.5523811101913452,-0.02147510796785348,0.5678632736206055,0.5221174597740174,-0.02839783243834968,0.5811917066574097,0.4980089604854584,-0.03556141108274456,0.5374325275421143,0.49736499786376953,-0.01669917590916154,0.54360111951828,0.45290900468826295,-0.02730648480355734,0.5459428906440735,0.4246521949768066,-0.035253806412219965,0.5473291873931885,0.3990362107753754,-0.041054747998714405,0.5213277459144593,0.49607427716255187,-0.017004091292619643,0.5180604338645936,0.4476274907588958,-0.02628714628517622,0.5159434914588928,0.4172106266021728,-0.03305884301662442,0.5139820456504822,0.3906118988990784,-0.03802019059658045,0.5081335306167603,0.5081037640571595,-0.01866548322141166,0.5009759187698365,0.46668975353240966,-0.027968611568212443,0.49892988204956057,0.43801038265228265,-0.0333254531025886,0.498193746805191,0.41140902042388916,-0.0369091369211673,0.4974951148033142,0.5301698923110962,-0.02147845774888988,0.4870190441608429,0.5015772342681885,-0.0305562455207109,0.4820247769355773,0.4803501784801483,-0.03434506282210346,0.478656131029129,0.4587185800075531,-0.036516859382390944
0.5252613425254822,0.6067482352256776,2.0261338420368705e-07,0.543466591835022,0.5853575229644775,-0.013428186625242183,0.5561883568763734,0.5524289369583131,-0.021460673585534044,0.5678818821907043,0.5221094608306884,-0.02836080417037006,0.5811740040779114,0.49798023104667666,-0.03548852056264874,0.5374274134635926,0.4973232865333557,-0.01651323623955246,0.5436017990112305,0.45286456346511833,-0.027058998867869322,0.5459585189819336,0.424629133939743,-0.03500039130449292,0.5473279595375061,0.3990295469760895,-0.04079153835773462,0.521310830116272,0.49610352516174316,-0.01678506880998606,0.5180498719215394,0.4477032601833343,-0.0260046742856502,0.5159281492233276,0.4172884225845337,-0.03279354013502596,0.5139521598815918,0.3906409442424774,-0.03776198551058764,0.5081231355667114,0.5081890821456909,-0.018421158194541903,0.5009950876235962,0.46698054671287537,-0.0276495233178138,0.4989472985267639,0.4382757127285003,-0.03299084268510336,0.49821807742118834,0.4116653323173523,-0.03655694499611848,0.4974565863609314,0.5303196907043457,-0.02121604196727272,0.4870167791843415,0.5017063856124878,-0.030189142748713458,0.48201646804809567,0.4804358839988709,-0.033912237733602475,0.4786323845386505,0.45877386927604674,-0.03603544607758518
0.5250734567642212,0.6070389032363892,2.0405070415563393e-07,0.5433274984359742,0.5855406403541565,-0.013389199227094603,0.5561487793922425,0.5526681423187256,-0.021305488049983945,0.5679125666618348,0.5221359610557557,-0.02809499539434906,0.581216323375702,0.4980345785617828,-0.03507721126079556,0.5373346447944641,0.4973726809024811,-0.016033453494310342,0.543644917011261,0.45279272198677056,-0.026344487443566263,0.5460024833679199,0.42453213930130007,-0.03416929468512532,0.5473297476768494,0.3990203201770782,-0.03988072797656053,0.5212023377418519,0.49607588648796086,-0.01621766723692412,0.5180345773696899,0.4477170944213867,-0.02520569302141662,0.5159093022346497,0.41725236773490915,-0.03191300481557844,0.5139280319213867,0.39066756963729854,-0.03682330846786494,0.5080224514007569,0.5079816818237305,-0.017781050130724882,0.5009599089622497,0.46703116893768315,-0.02676710672676556,0.49895136356353753,0.43833611011505125,-0.0320343397557735,0.49830170869827267,0.4118407130241394,-0.03555992245674128,0.4973425030708313,0.5299359560012817,-0.02051753215491768,0.4869466185569763,0.5014796614646911,-0.02926707863807676,0.4820010304450989,0.480246251821518,-0.0328977264463901,0.478712511062622,0.4586205959320068,-0.03495908752083774
0.5253324031829835,0.6074068307876587,2.038162335793459e-07,0.5435512781143188,0.5857409954071044,-0.013246028497815083,0.5562793731689454,0.552565884590149,-0.021038671955466243,0.5680632352828979,0.5219305157661438,-0.027728562057018243,0.5813398480415344,0.4975939452648163,-0.034596174210309937,0.5372897982597352,0.4974746108055115,-0.015727952867746323,0.5436617374420166,0.45271752476692195,-0.025904689729213642,0.5459874987602233,0.42436727285385134,-0.03361748829483984,0.5472663998603822,0.39884555935859684,-0.03925626054406158,0.5211965322494507,0.4962984681129456,-0.01592799946665758,0.5181096911430358,0.44785076379776,-0.02481645643711086,0.5159995913505555,0.4172752261161805,-0.031468454748392084,0.5140069484710693,0.3906745970249176,-0.03634016439318652,0.5080541968345642,0.5082391500473022,-0.01750702708959576,0.501008415222168,0.46724883913993837,-0.026419638469815182,0.498979514837265,0.43847249746322636,-0.03167398124933238,0.49830730557441705,0.4119056642055511,-0.035195266455411864,0.4974526166915893,0.5301641583442689,-0.020249466225504845,0.4870305061340332,0.5017618417739869,-0.02897410243749616,0.48202139735221866,0.4804233431816102,-0.0326292604207992,0.4786763072013855,0.458595198392868,-0.0347069941461086
0.5255262136459351,0.6076422333717346,2.0474995210406635e-07,0.5436658024787904,0.5859565138816833,-0.013349013589322523,0.5562759399414063,0.5529462575912476,-0.021206593886017783,0.5680452346801759,0.5222229719161988,-0.027946960926055885,0.5813313007354737,0.49770284891128547,-0.03485144600272174,0.5373060941696168,0.4974513649940491,-0.01573673747479912,0.5437238693237305,0.4526741564273834,-0.02591134384274476,0.5459676623344422,0.4242697775363922,-0.03364229947328566,0.5471764087677002,0.3987369775772095,-0.039298574626445704,0.5212177157402039,0.4964050889015198,-0.015879990532994222,0.5181135296821594,0.4479985952377319,-0.0247574850916862,0.5159789204597474,0.4174230873584747,-0.0314017705619335,0.514009439945221,0.39085790514945984,-0.03628021627664562,0.508090078830719,0.5084660887718201,-0.017421802505850743,0.5010468482971192,0.46735658645629885,-0.026328789442777563,0.49897323846817015,0.43860278725624086,-0.03158510252833362,0.4982605934143066,0.4120369017124176,-0.03511281535029406,0.4975167751312256,0.5304906368255616,-0.02013964653015132,0.487129807472229,0.5019704341888428,-0.028895961120724643,0.4821047008037568,0.48050646185874946,-0.03259897977113718,0.47872462272644045,0.45853967070579527,-0.03470798581838604
0.5255524754524231,0.6075800776481628,2.0622885585908084e-07,0.5436980724334717,0.5859091877937317,-0.013322547636926143,0.5563080549240113,0.5527644991874695,-0.021141425520181643,0.5680821776390076,0.5220770835876465,-0.027834912762045826,0.5813532948493958,0.49756283164024356,-0.03467161059379574,0.5373804330825805,0.4972907364368439,-0.0156594734638929,0.5437873959541322,0.45239998698234557,-0.025741999223828263,0.5460193514823913,0.42399837970733645,-0.03336681500077246,0.5472454190254212,0.3986253917217255,-0.03892180398106568,0.5211983919143677,0.49623322486877447,-0.0157521396875381,0.5180452466011048,0.4477249205112457,-0.0245032843202352,0.5158980131149292,0.4171994745731354,-0.031013659387826898,0.5139449238777161,0.3908649384975433,-0.03578103035688396,0.5080265045166016,0.5082206845283508,-0.01724391728639598,0.5009681820869446,0.4671021282672882,-0.025988683104515024,0.4989258110523224,0.4385744154453277,-0.031132034212350803,0.4982714772224426,0.4122524201869965,-0.03458398655056948,0.49748283624649053,0.5301400661468506,-0.01991808563470836,0.48715634942054753,0.501772403717041,-0.02851839400827882,0.4821775913238526,0.4803803563117981,-0.03213899433612818,0.47886002063751226,0.45839302539825433,-0.034191282093524886
0.5257217288017273,0.6072793245315552,2.0596520471372063e-07,0.5439279437065125,0.585640823841095,-0.013340389728546103,0.5564391851425171,0.5527275443077089,-0.021199795231223083,0.5680631041526796,0.522121787071228,-0.027908101677894544,0.5811916708946229,0.4975712418556214,-0.034766022861003845,0.5373937964439393,0.4972760021686554,-0.01594293676316734,0.5438139796257019,0.4522898077964782,-0.026048019155859903,0.5459925651550294,0.423818576335907,-0.03360585570335386,0.5472011923789978,0.39852663278579714,-0.03910759910941118,0.5212171196937561,0.4963059484958649,-0.01600199341773982,0.5180532336235046,0.4477313578128814,-0.024831107258796642,0.5158687114715577,0.41712846159934996,-0.03132753185927866,0.5139172792434692,0.3909218966960907,-0.036083873361349064,0.5080607891082765,0.5083046793937683,-0.017442096397280643,0.5009341597557068,0.46704502105712886,-0.02626969702541822,0.4988474547863007,0.43848828077316293,-0.03148444481194014,0.49818068742752075,0.41216037273406986,-0.03499006256461138,0.4976055979728699,0.5301468014717102,-0.02004685364663596,0.48722357749938966,0.5018452644348145,-0.02877935394644734,0.48222771286964417,0.4804597198963166,-0.032538805902004184,0.4789145171642304,0.45843266248703,-0.03468994647264476
0.525869858264923,0.6071915864944458,2.0578042949637168e-07,0.5441273093223573,0.5856587290763855,-0.01342949569225306,0.5566131114959717,0.5528109669685364,-0.021375706419348682,0.568032157421112,0.5222472667694092,-0.02814901508390898,0.5810691356658937,0.49767763614654537,-0.03508376628160474,0.5375065803527832,0.49733511805534364,-0.0162599634379148,0.5438302159309387,0.4523087203502655,-0.026473807170987084,0.5459605097770691,0.42379222512245185,-0.0340774707496166,0.5471568942070009,0.39846954345703123,-0.03960568532347674,0.5213292479515076,0.49643683433532715,-0.01632429175078864,0.5181076765060425,0.44781938195228577,-0.025256490707397404,0.5158828735351562,0.41719716787338257,-0.03179019838571546,0.5139183402061462,0.3909952402114868,-0.03657247647643084,0.5081429004669189,0.5084972143173219,-0.01776363365352148,0.5010156393051148,0.4670010030269623,-0.026695512235164583,0.49890533089637756,0.43846166133880615,-0.031962279975414225,0.4982009768486023,0.4121435403823852,-0.03550103530287736,0.4976727783679963,0.5303981900215149,-0.02036494873464102,0.4872942328453064,0.5019884824752808,-0.029211414232850043,0.482261872291565,0.4805705666542053,-0.03304030373692506,0.4788974821567536,0.4585257649421692,-0.03523766398429866
0.5260107278823853,0.6070541739463806,2.0581727255830634e-07,0.5442961812019349,0.585371458530426,-0.013397359661757903,0.5567493319511414,0.5525356769561768,-0.02132522948086258,0.5680983424186707,0.5219651222229005,-0.02808828763663764,0.5811212539672852,0.4974142014980316,-0.035025150328874564,0.5374696373939515,0.49735783934593203,-0.01626503020524974,0.5437950730323792,0.4524291515350342,-0.026503589376807184,0.5459919333457947,0.42388898134231573,-0.03413303717970844,0.5472532033920289,0.3985091805458069,-0.03968085870146746,0.5213263154029846,0.49646835327148436,-0.01636643633246416,0.5180512309074402,0.4479624807834625,-0.02531719021499152,0.5158564329147339,0.41735178828239444,-0.03185506388545034,0.5139457821846009,0.3911066114902496,-0.03664557263255114,0.5081808328628541,0.5085488200187683,-0.0178429670631885,0.5010368466377259,0.4670849978923798,-0.026814197748899402,0.49895514249801637,0.43859599828720097,-0.03209580406546588,0.49829816818237305,0.41228778362274165,-0.035643480718135785,0.49773026704788215,0.5304896354675294,-0.02047941684722896,0.4872970819473267,0.5021239757537842,-0.02937787435948844,0.482256680727005,0.4807627439498901,-0.033227617293596204,0.47890726923942567,0.4587728798389435,-0.035439655929803804
0.5260294198989869,0.60689377784729,2.056791061022523e-07,0.5443862676620483,0.5851513624191285,-0.013378870859742122,0.5568379402160645,0.5522334694862366,-0.0212753556668758,0.5681635618209839,0.5217372298240662,-0.02801944166421886,0.5811888217926026,0.497182035446167,-0.034947430342435803,0.5374428749084472,0.49740213155746466,-0.016236454248428303,0.5437622904777527,0.45256627202033994,-0.026497578993439644,0.5460065364837646,0.4239734947681427,-0.034140903502702664,0.547309958934784,0.3985190331935883,-0.03970399722456926,0.5213063120841981,0.49648808836936953,-0.0163778688758611,0.5180169105529785,0.4480999588966369,-0.025354870408773385,0.5158606052398682,0.41750624775886536,-0.03189259022474286,0.5139806270599365,0.39124400615692134,-0.03668047636747354,0.5081661820411683,0.5085650682449341,-0.017901228740811303,0.5010778784751893,0.4670765578746796,-0.026942838728427822,0.4990367710590363,0.4386567175388336,-0.03224582374095912,0.4984096765518189,0.4123837530612946,-0.03579682931303974,0.49773466587066656,0.5304846286773681,-0.0205833554267883,0.48730890750885014,0.502185082435608,-0.029570925980806302,0.4822403728961944,0.4808813154697418,-0.03345863446593278,0.478858643770218,0.4589257836341858,-0.0356903716921806
0.526037061214447,0.6067808508872986,2.0527102435607962e-07,0.5443573713302612,0.5850412249565125,-0.0133922034874558,0.556861960887909,0.5522587180137635,-0.021315746754407842,0.568249785900116,0.5217231869697572,-0.028101426735520317,0.5812234282493591,0.49699786901473997,-0.0350829683244228,0.537416672706604,0.49756905436515814,-0.016262890398502303,0.5436891555786133,0.45278177261352537,-0.026608987525105446,0.5459556102752685,0.424139267206192,-0.03433844223618503,0.5472918868064881,0.3985174477100373,-0.03996963724493974,0.5213292121887207,0.4966308891773224,-0.016437480971217097,0.5180446982383728,0.44842546582221987,-0.025503478944301564,0.5159106135368348,0.41784002780914314,-0.032124679535627344,0.5140570044517517,0.3914559602737427,-0.03698017001152032,0.5082164287567139,0.5087182879447938,-0.01799636334180826,0.5011699557304382,0.4673652291297913,-0.027134981751441883,0.49914925694465645,0.4389480412006378,-0.032486239075660665,0.49853273034095763,0.4126340568065643,-0.0360711924731731,0.4977791011333466,0.5306662321090698,-0.02071521729230878,0.4872984409332276,0.5024437546730042,-0.029784162342548322,0.4822383999824523,0.4811935663223266,-0.03370609879493706,0.47887541651725773,0.4593417882919312,-0.03596178367733953
0.5258906245231629,0.6068882942199707,2.0498515311828673e-07,0.5441808223724365,0.5851469159126281,-0.013389885984361142,0.5567588567733764,0.5521367192268372,-0.021318798512220342,0.568313980102539,0.5214682698249816,-0.02811109051108356,0.5814148902893067,0.49666876792907716,-0.035101427882909736,0.5374008297920227,0.49781303405761723,-0.01627893075346942,0.5436399936676025,0.4529974102973938,-0.026638227701187102,0.5459354877471925,0.42436887025833125,-0.034384991973638486,0.5472878932952882,0.39862893819808964,-0.040041556209325715,0.5213945031166077,0.4967249155044556,-0.01648482419550414,0.518097174167633,0.44855713248252865,-0.0255418717861175,0.5160072207450866,0.4180849373340607,-0.03215700760483738,0.514180874824524,0.39166312217712407,-0.03701457306742662,0.5083111524581909,0.5087706327438355,-0.01807502247393126,0.5012765407562256,0.4675146579742432,-0.027211354672908722,0.4992813766002655,0.43918390274047847,-0.03252928629517551,0.4986692011356354,0.41288885474205017,-0.03609715774655338,0.49784068465232856,0.530757749080658,-0.02082975693047044,0.48733157515525816,0.5026108264923096,-0.029880305752158123,0.4822096824645996,0.48143960237503053,-0.03375607356429094,0.47876196503639223,0.45968110561370845,-0.035985638946294744
0.5260564923286438,0.6070683002471924,2.0282387538372862e-07,0.5442045450210572,0.5851574659347534,-0.01317881513386962,0.5565987110137939,0.5518471479415894,-0.02099915444850918,0.5682512760162354,0.5212175607681275,-0.02773146033287044,0.5814170241355896,0.4964088320732117,-0.03465680256485934,0.5373756527900696,0.4976969599723816,-0.016014559939503643,0.543498194217682,0.45297924876213075,-0.02632913701236246,0.5458035230636598,0.42442376017570493,-0.034034501016139924,0.547204601764679,0.39876810312271116,-0.03967103585600846,0.5214003086090089,0.49674796462059023,-0.01630537472665304,0.518039095401764,0.44882788658142087,-0.025356813520193065,0.5160084962844849,0.4184688568115235,-0.0319587685167789,0.5142648935317994,0.3921476542949677,-0.03680450841784472,0.5083727240562439,0.5089341640472412,-0.01797753386199468,0.5012799382209778,0.4678706347942352,-0.02714546993374818,0.49927977919578553,0.4396065235137939,-0.0324775986373424,0.49867300987243657,0.41336262226104736,-0.036043854802846886,0.4980221092700958,0.5309502720832825,-0.02079488337039944,0.48747800588607787,0.5029224395751953,-0.02989953532814974,0.48227866888046267,0.48185448050498964,-0.03382698819041246,0.47874022722244264,0.4602086544036865,-0.03608257174491878
0.5259222507476806,0.6067213654518128,2.0173772554699102e-07,0.5441074848175049,0.5850368142127991,-0.013211004994809601,0.5564999222755432,0.5518357992172241,-0.02105430923402306,0.5680707454681397,0.5212538242340088,-0.027811377495527218,0.5812031984329225,0.4964322865009308,-0.03474998325109478,0.5375058174133301,0.49740957021713256,-0.016009279340505563,0.5434791922569275,0.4528137445449829,-0.026304254308342902,0.5456457138061523,0.4243042409420013,-0.03397636935114857,0.5469765305519104,0.39876553416252136,-0.03958456963300698,0.5214237213134767,0.4965358436107635,-0.0162458978593349,0.5180053234100341,0.44888142347335813,-0.025293863937258684,0.5159566760063172,0.41871465444564826,-0.031870462000369984,0.5142673492431641,0.3926666021347046,-0.0366919875144958,0.5083340287208558,0.5087280392646789,-0.0178663253784179,0.5012570261955261,0.4679118275642395,-0.0270134057849645,0.49925669431686404,0.43996009826660154,-0.03230492100119586,0.49869651794433595,0.4141131341457367,-0.03583187758922574,0.49801017642021184,0.530635678768158,-0.02063707821071144,0.4874653458595276,0.5027207016944886,-0.029695588722825003,0.4822479963302612,0.4817717671394348,-0.03361959382891648,0.4787240505218506,0.46026467680931094,-0.03586848080158228
0.5259592652320861,0.607085931301117,2.0065016599346565e-07,0.5440986514091491,0.5852257013320923,-0.013251463137567001,0.5563716053962708,0.5518632769584657,-0.02110620550811288,0.5678268313407898,0.5212212204933167,-0.027852255851030298,0.5809315919876099,0.496365362405777,-0.034771442413330036,0.5375338673591614,0.497471135854721,-0.01609739921987052,0.5433619856834412,0.4528412044048309,-0.026377099752426105,0.5454542517662049,0.42435638904571527,-0.034022579342126824,0.5467774033546448,0.39887497425079343,-0.03961895331740372,0.521441924571991,0.4967098534107208,-0.01629950404167172,0.5178975224494934,0.4491841733455658,-0.025378000363707503,0.5158556342124939,0.419138640165329,-0.031970409303903546,0.5142781853675842,0.3933194696903229,-0.036791518330574,0.5083825945854188,0.5090386629104615,-0.01788647994399064,0.5012220740318298,0.46842389106750487,-0.027082558348774863,0.49921932816505427,0.44048575758934017,-0.032431768625974605,0.49869548082351683,0.4147762656211853,-0.03598640635609622,0.4982031106948852,0.5310719132423402,-0.020618066191673244,0.4876670777797699,0.5030636310577392,-0.02972153089940544,0.48233267664909363,0.4821397781372071,-0.03370204344391816,0.47865426540374756,0.4607276856899261,-0.0359899722039699
0.5263309955596924,0.6071836590766908,1.9742499830499584e-07,0.5443392753601075,0.5851994395256044,-0.013176617957651562,0.556433129310608,0.5515848398208618,-0.02102058157324788,0.567599904537201,0.5209254622459413,-0.02777176722884174,0.5806760430335999,0.4960086584091187,-0.03470061644911762,0.537642502784729,0.49727952480316157,-0.016185418516397442,0.5433172106742858,0.4526484966278076,-0.026457504928111983,0.545277225971222,0.424166601896286,-0.03406793847680088,0.5465320348739624,0.39871042966842646,-0.03965878039598458,0.5215438604354858,0.49685751795768734,-0.01644768752157684,0.5177166819572449,0.4496954083442688,-0.025592938438057863,0.5156833171844483,0.4198437750339509,-0.032210195064544644,0.5142580151557923,0.39416885972023014,-0.037068526446819274,0.508511197566986,0.509485387802124,-0.01808453202247614,0.5011606454849243,0.4691862761974335,-0.027368235588073685,0.49921643733978277,0.441386193037033,-0.0327749334275722,0.49883349537849425,0.41587278842926023,-0.03637409135699268,0.4984408438205719,0.5316936492919923,-0.02085554935038086,0.4877519071102142,0.5037102460861207,-0.03004702068865294,0.4822508692741394,0.4827212989330292,-0.03413569107651704,0.4784439146518707,0.4612929999828339,-0.03651458695530886
0.5268041372299195,0.6071907877922058,1.9462378588741558e-07,0.5446074962615967,0.5851892113685608,-0.013142640143632821,0.5565086245536804,0.5515004634857178,-0.02102442160248754,0.5673498153686524,0.5209112405776978,-0.027849450334906545,0.580286180973053,0.4958008050918579,-0.0348623193800449,0.5378168821334839,0.49688918590545655,-0.01625539436936376,0.5432619094848633,0.45240885615348825,-0.02663032263517374,0.5450881481170654,0.4239403009414673,-0.03432461544871326,0.5463138103485108,0.39847288131713865,-0.03997747078537934,0.5216490745544433,0.4968942523002624,-0.0165990643203258,0.5174812436103821,0.45020802021026607,-0.025881796330213522,0.5154375672340393,0.4205548405647278,-0.0325911685824394,0.5141768813133241,0.39496729969978334,-0.03753393962979314,0.508596134185791,0.5098798394203186,-0.01832195408642286,0.5010944604873657,0.46994699835777287,-0.027745676040649363,0.49924420118331914,0.44236992597579955,-0.03321804702281948,0.4990459859371185,0.4171370267868042,-0.03685886785387988,0.49858927726745605,0.5322894334793091,-0.021179271861910782,0.4877475380897522,0.5043365716934205,-0.03047183975577348,0.4821635127067566,0.4832972288131714,-0.034654367715120246,0.4783484399318695,0.46189430356025696,-0.03710899725556368
0.5270321488380432,0.6070857286453247,1.952862504595032e-07,0.5447400689125061,0.5849373579025269,-0.01328144259750836,0.5565502524375916,0.5514646172523499,-0.02130320221185682,0.5671429634094238,0.5208544731140137,-0.028241620212793302,0.5799473285675049,0.4953988075256348,-0.03537590652704236,0.5377855181694031,0.49701846241950987,-0.0166173659265041,0.5432010054588319,0.45239557623863225,-0.02703154496848576,0.5448957562446595,0.4238259077072144,-0.03471233919262882,0.5461047291755676,0.3982996940612793,-0.04035777822136872,0.5216737508773804,0.49724768996238705,-0.01692195199429984,0.5172664761543274,0.45090123414993283,-0.0262895870953798,0.515322208404541,0.42136973142623896,-0.03302102759480474,0.5144286274909973,0.39598570466041566,-0.03800179958343502,0.5086831331253052,0.5103713393211365,-0.018606337159871998,0.5009881973266601,0.47086603045463565,-0.02810114771127696,0.4992779672145844,0.44343294501304625,-0.033629110455512964,0.49945524930953983,0.4185288727283478,-0.03732616752386088,0.4987665832042694,0.532849395275116,-0.021434072777628863,0.4877319276332855,0.5050421118736268,-0.03078292421996588,0.4821000576019287,0.4838165163993835,-0.03507300168275826,0.4784193992614746,0.46235535144805906,-0.037634389847516964
0.5273274540901184,0.607292127609253,1.94362399952297e-07,0.5449619650840759,0.5848019838333129,-0.013295979611575522,0.5565861105918884,0.5512961506843568,-0.02143027447164056,0.5669428706169128,0.5206863641738891,-0.028469699248671484,0.5795713782310487,0.4949394285678864,-0.035715696960687604,0.5377279639244079,0.4973461925983429,-0.0170639559626579,0.5430579423904419,0.4525355756282806,-0.027601255103945663,0.5446314215660095,0.42387631535530085,-0.03528271391987796,0.5458578109741211,0.3984053373336792,-0.04092088937759394,0.5217638611793519,0.4978828489780426,-0.017413865402340842,0.5169110417366028,0.451779568195343,-0.027006082609295823,0.515162980556488,0.4224618136882782,-0.03378366976976392,0.5148088455200196,0.3976189434528351,-0.038787563145160645,0.5088962912559509,0.5112667083740234,-0.01913152411580082,0.5008158206939698,0.47201383113861084,-0.02885406129062172,0.4993988931179047,0.4448079228401184,-0.03448807597160334,0.5001707792282104,0.4205692291259766,-0.03823254778981202,0.4991592288017273,0.5338502526283264,-0.021976184472441637,0.4879127621650695,0.5060165882110597,-0.0315305452793836,0.4821462273597717,0.48451390266418454,-0.03601881042122834,0.4785101890563965,0.4631350517272949,-0.038723934441804844
0.52763512134552,0.6067363023757935,1.9526254675383827e-07,0.545283579826355,0.5841984272003174,-0.01329064667224876,0.5566687107086182,0.5508820652961731,-0.02151669487357136,0.5667189955711365,0.5203323841094971,-0.028624193742871226,0.5790840029716491,0.4943991661071777,-0.03592004328966138,0.537729024887085,0.4975243449211121,-0.017619673907756782,0.5430040955543518,0.4523386716842651,-0.028214539587497645,0.544360375404358,0.42338163852691646,-0.03572294712066644,0.5456048011779786,0.3981090903282165,-0.04120230749249454,0.5217710494995118,0.4982233107089996,-0.01790986396372312,0.5164567351341247,0.45220701694488524,-0.027695886045694323,0.515051805973053,0.42329723238945005,-0.0343341954052448,0.5155760407447815,0.3997821867465973,-0.03918345943093296,0.5089368104934693,0.5117141842842102,-0.01953206397593018,0.5004822731018066,0.4725709676742554,-0.02946731559932228,0.4996324479579926,0.4460498332977295,-0.03509940579533572,0.5014669418334962,0.42335175275802606,-0.03877119794487948,0.4993760943412781,0.5340495109558105,-0.0222508523613214,0.48771806955337527,0.5064588069915772,-0.032020207494497244,0.4819279015064239,0.48482968807220456,-0.036738033592700885,0.4786674380302429,0.4639385759830475,-0.039564620703458744
0.5278863787651062,0.6066035270690918,1.958966691972819e-07,0.5456224679946899,0.5836440443992614,-0.013249699957668701,0.5567387104034424,0.5504416942596435,-0.02154549583792682,0.566464614868164,0.5200950145721436,-0.028724021837115223,0.5785185337066651,0.49393778443336483,-0.03606239259243008,0.5376493334770203,0.49747256040573123,-0.01787978559732434,0.542871618270874,0.4519502222537994,-0.028492821380495963,0.5440417647361755,0.422990608215332,-0.0358312658965587,0.5454283952713013,0.3981757044792176,-0.04115699008107182,0.521782398223877,0.49841760396957396,-0.018185828626155802,0.5160070419311523,0.45241612792015073,-0.02820151671767232,0.5151965379714966,0.42438507080078125,-0.03471554517745968,0.5169528961181641,0.40290635228157046,-0.03936264216899868,0.5090732336044311,0.5122004985809326,-0.01981780007481572,0.5000718772411346,0.473104077577591,-0.03002260774374004,0.4997947037220002,0.4474241614341736,-0.035650722682476,0.5028266906738281,0.42649248242378235,-0.03920918032526966,0.49979814887046814,0.5345645785331726,-0.022517929971218063,0.4878072142601013,0.5071234345436096,-0.03257275819778438,0.4818621218204498,0.4852515697479248,-0.037528558820486,0.4788218021392822,0.4647367000579834,-0.040464282780885666
0.52819322347641,0.6068220257759095,1.9715534449460398e-07,0.5460013866424561,0.5834623813629151,-0.013333348743617461,0.5567542314529419,0.5500773191452026,-0.0216920461505651,0.5661435246467591,0.5199093461036682,-0.028924081847071584,0.577828586101532,0.49338480830192566,-0.036269244551658586,0.5374479293823242,0.49744384288787846,-0.01808269470930096,0.5425727128982545,0.4514336705207824,-0.02865308672189706,0.543580985069275,0.42238166928291326,-0.03577326163649554,0.5451688766479492,0.39813576340675355,-0.04089333117008206,0.5217575311660767,0.4986587822437286,-0.01834150031208986,0.5150729656219483,0.4529610216617584,-0.028663391247391663,0.5152379393577575,0.42620604634284975,-0.03499547690153118,0.5187917590141297,0.4080457091331482,-0.03928446322679516,0.5092833518981934,0.5128410696983338,-0.01993612833321092,0.4996041595935821,0.47355662584304814,-0.0305014137178659,0.5001644432544708,0.4492326319217682,-0.03599068298935886,0.5047455906867981,0.4312079250812531,-0.03922981768846508,0.5004412174224854,0.5353376388549804,-0.022587301209568925,0.48809620141983034,0.5080959320068359,-0.033093944191932644,0.4819216430187225,0.4858433425426483,-0.03833138123154634,0.47906107306480405,0.4660318791866302,-0.041300064325332626
0.5284540176391602,0.6068671345710754,1.9674687337101207e-07,0.5463461875915527,0.5833312153816224,-0.0133817067369818,0.5568178653717041,0.5497116088867188,-0.021768810227513258,0.56591796875,0.5196812391281128,-0.029031224548816625,0.577237868309021,0.4928588271141052,-0.036363966017961435,0.5373621821403504,0.49718171358108526,-0.01824045591056344,0.5423823952674867,0.45079546570777884,-0.028803510218858665,0.5432406306266785,0.42168208360672,-0.03574867695569988,0.5449795842170716,0.3979621171951294,-0.04069820344448086,0.5217792868614197,0.49859607219696045,-0.01848000921308988,0.5141823172569275,0.4531046390533447,-0.029132223501801443,0.5152008175849915,0.4276444673538208,-0.03530829623341558,0.5203088879585267,0.4126713454723358,-0.039262545108795135,0.5094767332077026,0.5131648659706116,-0.020060285180807103,0.499164205789566,0.473631227016449,-0.03099964484572406,0.5005256652832031,0.45071554183959966,-0.036332003772258724,0.5064893007278443,0.43550157546997076,-0.03924230337142941,0.500991153717041,0.5358008623123169,-0.022685680165886825,0.4882797062397003,0.5087743163108825,-0.033634678274393044,0.4818755209445953,0.48629143238067624,-0.039111620187759336,0.47911372780799866,0.46722561717033384,-0.04208273291587829
0.5289335608482361,0.6066996693611145,1.9684850656176424e-07,0.546625018119812,0.5828751921653748,-0.01349620111286634,0.5567243576049805,0.549186909198761,-0.022103977203369082,0.5656175494194031,0.5193375825881958,-0.02958760373294348,0.576705551147461,0.4924005925655365,-0.03717310503125184,0.5372436046600343,0.4972040414810181,-0.01891631148755548,0.5418401598930359,0.4503643810749054,-0.029690699279308265,0.54276522397995,0.42126303911209106,-0.03670504540204998,0.5447175860404969,0.39778967499732976,-0.04169040024280544,0.5219655632972717,0.4992371022701264,-0.01920974217355244,0.513835346698761,0.4541233122348785,-0.03049947135150426,0.5156980037689209,0.4303641438484192,-0.0368649400770664,0.5219703078269959,0.4184909284114837,-0.040785027295351,0.5099513292312623,0.5143308520317078,-0.020826166123151763,0.49918407797813413,0.4752530157566071,-0.03225134238600726,0.5009920239448548,0.4535488903522492,-0.037714671343564966,0.5076462626457214,0.44045924544334414,-0.040614312142133686,0.5018061518669129,0.5371788740158081,-0.023484055325388845,0.489174234867096,0.5100522041320801,-0.034869576245546305,0.48273101449012756,0.4872696280479431,-0.04071855768561358,0.4800063371658325,0.468562763929367,-0.04393434822559356
0.5283631086349487,0.6050055742263794,2.029104052780895e-07,0.5461751699447632,0.5818441987037659,-0.013897104375064322,0.5567359924316406,0.5489476561546326,-0.023011237382888742,0.5654484272003174,0.5194558024406433,-0.030964851751923518,0.5763010859489441,0.4921617329120636,-0.03906022533774368,0.5369280099868775,0.4964692056179047,-0.019437558948993662,0.5413001537322999,0.4497689068317413,-0.030407175421714724,0.542489242553711,0.4211927235126495,-0.0377541862428188,0.5446117997169495,0.3979065597057342,-0.04305542707443234,0.5219193696975708,0.49839224219322203,-0.01971882544457906,0.5147392988204956,0.4538433074951172,-0.03173997141420836,0.517622196674347,0.43260922431945803,-0.03878533244132992,0.5245783686637878,0.4238774359226226,-0.04305787533521648,0.5098341584205628,0.5130180358886719,-0.021293904259800902,0.5003187119960785,0.4749244451522827,-0.0331357523798942,0.5028955221176148,0.45568143725395205,-0.038889311254024485,0.5099445462226868,0.44510511755943305,-0.04196164235472676,0.5014543294906617,0.5355233669281007,-0.023937665298581063,0.4899032413959504,0.5091594815254211,-0.0355681367218494,0.48408326506614685,0.4870876491069794,-0.04169358685612674,0.4818853795528412,0.4694420516490936,-0.045169588923454275
0.5285637140274049,0.6026490926742554,2.0528978836864555e-07,0.5461139678955078,0.580214262008667,-0.014257949590682942,0.557008183002472,0.54747633934021,-0.02352629564702506,0.5654814004898072,0.5179007172584533,-0.031577535718679405,0.5760961413383484,0.4910225808620453,-0.03975478708744042,0.536907708644867,0.49493834376335144,-0.019349138438701605,0.5406890511512756,0.4493244707584382,-0.03031812049448484,0.5421107411384583,0.42090228796005247,-0.03783886581659314,0.5443411588668823,0.39761752486228946,-0.04323764443397519,0.5222479343414307,0.49647895693778993,-0.01934021264314644,0.5155420064926147,0.4530458092689514,-0.03180391751229758,0.5198509454727174,0.43458293676376347,-0.03920621946454044,0.5276092767715455,0.42878657579421997,-0.0435294538736343,0.5100917220115662,0.5102999985218049,-0.020590103045105917,0.5018525242805482,0.4737697243690491,-0.03291474841535086,0.5063590407371522,0.4596500754356384,-0.038552436977624865,0.5143928050994873,0.45428909659385686,-0.04127010703086849,0.5010877788066864,0.5319339036941528,-0.02291393503546708,0.4906222581863403,0.5058845937252046,-0.03459525629878041,0.4870392501354217,0.48641830682754517,-0.04043916985392566,0.4867538213729859,0.47218822240829467,-0.04360612407326698
0.5292178869247437,0.5986472010612488,2.0862991902959041e-07,0.5464017152786255,0.5769084215164185,-0.014341097883880102,0.5576993703842164,0.5446597933769226,-0.023724177107214882,0.5658510208129883,0.515475618839264,-0.03193152882158754,0.5758903741836549,0.48897350430488584,-0.040271299332380245,0.5364591717720032,0.49150754213333125,-0.018623047135770277,0.539881432056427,0.44821114540100093,-0.029651293531060163,0.5416159152984619,0.4203758358955383,-0.03759709298610684,0.5439294695854187,0.397355568408966,-0.043282286077737785,0.5221336126327515,0.49298890233039855,-0.01840143185108894,0.5172222018241883,0.4524714410305023,-0.0311616007238626,0.5226786255836487,0.43671305179595954,-0.039157638698816256,0.5305959224700928,0.43246047496795653,-0.04384310320019719,0.509954833984375,0.506039547920227,-0.019405332021415225,0.5040770649909974,0.4728726208209992,-0.03187799639999862,0.5102423429489136,0.4624029397964477,-0.037595646455883945,0.5186891913414002,0.46005654931068424,-0.04029172584414478,0.5005237996578217,0.526822853088379,-0.02150044310837978,0.4928249657154083,0.5018429756164551,-0.03284770958125588,0.49257247447967534,0.4859220266342163,-0.03827081173658366,0.4948746323585511,0.47556506395339965,-0.041137830540537816
0.530383574962616,0.5944586992263794,2.111655732051077e-07,0.5469664573669434,0.5727117657661438,-0.013962326198816263,0.5580619812011719,0.5407596349716186,-0.023468320071697184,0.5661636590957642,0.5123664379119873,-0.03202386386692522,0.5759554862976075,0.4861728012561798,-0.040828660130500745,0.5357789874076844,0.489496237039566,-0.017766702175140342,0.5380430579185487,0.44723396897315976,-0.029208912700414598,0.5404530882835388,0.41963562965393064,-0.037719394266605345,0.5430855035781861,0.396850711107254,-0.04372852593660353,0.5224171161651612,0.49205735921859745,-0.01778399199247354,0.5183811545372009,0.4521236479282379,-0.03165748678147788,0.5265454769134521,0.4404776513576508,-0.04061124399304386,0.5356490254402161,0.43993040919303894,-0.04565098807215685,0.5107715368270873,0.5048407435417175,-0.01895887982100246,0.5059865355491638,0.4725906133651734,-0.032197936251759485,0.5148606777191163,0.46620578765869136,-0.03814085908234115,0.5243651509284973,0.4679257094860077,-0.040674357116222346,0.5012401521205901,0.5248116016387939,-0.021173639409244,0.49586322307586667,0.4994419097900391,-0.032531528547406166,0.4993487417697907,0.48666409254074094,-0.0376817218959331,0.5043347716331483,0.48006385564804077,-0.04028070159256456
0.5321705222129822,0.5909128308296204,2.0613382503142933e-07,0.5478243708610535,0.5679938912391663,-0.01248191175982352,0.5583263635635376,0.53550865650177,-0.02153613846749062,0.5664109587669373,0.5078859210014344,-0.03009750321507452,0.5758323311805725,0.48229072690010066,-0.03903319761157032,0.5352201581001281,0.48783863186836235,-0.01581358201801772,0.5364387989044189,0.44627472758293146,-0.027160231024026815,0.5391470193862915,0.41895539760589606,-0.03574661239981646,0.541771936416626,0.39638404250144954,-0.04179120585322376,0.5230393409729004,0.49147351980209353,-0.01660297028720374,0.5198259949684143,0.45130547881126404,-0.0312150482088327,0.5309356212615968,0.443532919883728,-0.04070819988846774,0.5414327621459961,0.44659847021102905,-0.04571904540061947,0.5122974157333374,0.5042913317680359,-0.01837615761905906,0.5084321498870851,0.47210201621055603,-0.03212828673422333,0.5205896019935609,0.4698416411876678,-0.037908333912491744,0.53178790807724,0.47585328817367556,-0.039898281544446905,0.5031858026981353,0.5238838911056518,-0.02104884963482612,0.49924454689025877,0.49841371774673465,-0.032249935343861544,0.506534081697464,0.48799332380294796,-0.03688995689153666,0.5145955145359039,0.48454118371009824,-0.03895297683775423
0.5348238468170166,0.5889443159103394,1.9331922374021818e-07,0.549223017692566,0.5640096306800843,-0.010726690106093839,0.5584683895111084,0.5301790237426758,-0.019075774028897218,0.5666141271591186,0.5031982660293579,-0.02746289707720278,0.5757505297660828,0.47836053967475883,-0.0363669194281101,0.5349018454551697,0.48673881292343135,-0.013812541589140841,0.5348412990570068,0.4456238150596618,-0.02514095976948734,0.5376818895339965,0.4182998538017273,-0.0337068580090999,0.5402793049812317,0.39591792821884153,-0.039641898870468074,0.5239821672439575,0.4922841370105744,-0.015525430068373642,0.520192813873291,0.45198765993118284,-0.03077896349132056,0.5338999271392822,0.44714125990867615,-0.04046526998281474,0.5458745002746582,0.4530356824398041,-0.04521455243229862,0.5145004391670227,0.5061518669128419,-0.01808486226946112,0.5099362134933472,0.4736835718154907,-0.03236436732113358,0.5247830390930176,0.47413927912712095,-0.03783194683492178,0.537513256072998,0.4834378778934479,-0.03914810866117473,0.5062691867351532,0.5260404706001282,-0.021397475712001263,0.5029525279998779,0.4995437264442444,-0.032532749697565984,0.5133718073368072,0.49041360616683954,-0.03666684180498118,0.5238569736480713,0.48904556035995483,-0.038154902681708305
0.5362594127655029,0.5865319609642029,1.8196620317212366e-07,0.550110125541687,0.559156334400177,-0.00859974650666114,0.5583025813102722,0.5249417304992676,-0.01642726007848972,0.5662077903747559,0.49910897612571714,-0.024851697683334326,0.57485271692276,0.4745767593383789,-0.03390104882419106,0.5337129235267639,0.4850949704647064,-0.01218414697796102,0.5330075979232788,0.44446645975112914,-0.02344735935330386,0.5360978245735168,0.41769014000892646,-0.0319341149181127,0.5387093186378479,0.3959297299385071,-0.0378390491008758,0.5237123608589173,0.4927687168121338,-0.0150348465889692,0.5220716714859008,0.45397625565528865,-0.0307058867067098,0.5379068970680237,0.45184056162834163,-0.04034870043396946,0.5505268692970275,0.46017760634422294,-0.04489446803927416,0.5157207131385804,0.5079680144786836,-0.018559769727289642,0.5133387565612794,0.476319545507431,-0.032856339216232266,0.5295911073684693,0.4769417762756347,-0.0379356119781732,0.5424377083778382,0.4863714873790741,-0.03890950381755824,0.5093584299087525,0.5287068843841553,-0.022687548585236025,0.5092200636863708,0.5032536685466766,-0.033578840270638406,0.5214728832244873,0.4947423934936523,-0.03738315105438226,0.5326706290245057,0.4939484477043152,-0.03860292099416252
0.5373081564903259,0.5867533564567566,1.694204087243634e-07,0.5506183385849,0.5559367060661315,-0.006323932157829361,0.5575803041458129,0.5208871841430665,-0.013641132973134459,0.5654515504837037,0.49559928178787227,-0.02203917987644668,0.5736311793327331,0.47148309350013734,-0.031153091415762856,0.5317733764648438,0.4877080142498016,-0.0116428297013044,0.5308003902435303,0.4457063257694245,-0.02303128205239768,0.5344493508338928,0.41870192289352415,-0.03135300949215884,0.5372831940650941,0.3968540787696838,-0.03720297813415522,0.5231302976608276,0.4977798223495483,-0.01586773600429292,0.5237971186637879,0.45667790174484246,-0.0322109024971723,0.5422390580177308,0.45696244239807127,-0.0416102789342403,0.5555366277694702,0.46767821311950686,-0.04582305476069445,0.5174341440200806,0.5142954468727112,-0.020531139895319902,0.517037320137024,0.4797638416290283,-0.03525647595524784,0.5351415276527405,0.4811793446540833,-0.03971012458205218,0.548142409324646,0.4916133642196655,-0.04014022573828692,0.5137128829956055,0.5355382204055786,-0.025583679601550044,0.5158839225769043,0.5089435458183289,-0.03655698671936983,0.5292415142059326,0.500041651725769,-0.04000365883111948,0.5403297305107118,0.49909538626670835,-0.04098139628767965
0.5382023572921752,0.5879605889320374,1.5486148754462193e-07,0.5508833527565002,0.5534250974655152,-0.00405105259269472,0.5569515943527221,0.5176676750183106,-0.010575976688414762,0.5644171833992004,0.49197283387184143,-0.0185380963608622,0.5720826387405396,0.46811631321907043,-0.027108241990208604,0.5297543048858643,0.48915332555770874,-0.010445897560566622,0.5292843103408814,0.44731282591819765,-0.02133111730217928,0.533044445514679,0.42027096748352044,-0.02910856455564494,0.5359572887420654,0.39839773178100585,-0.03460173048079008,0.522148871421814,0.5003862440586091,-0.015643873438239062,0.5268723249435425,0.4597110152244568,-0.03138105832040306,0.5457181215286255,0.46061951518058775,-0.03967592194676394,0.5584354281425477,0.47152335047721866,-0.04313355982303614,0.5187262892723083,0.5175707578659059,-0.02107284888625142,0.5232681155204774,0.48328264951705935,-0.035245849192142464,0.541561233997345,0.48520823121070866,-0.03847315907478328,0.5536634206771851,0.49549181461334235,-0.038082851842045747,0.517973792552948,0.538760781288147,-0.02673155330121512,0.5240226864814759,0.5125119805335998,-0.036928744614124244,0.5377491116523743,0.5037861347198487,-0.03931853547692294,0.548306667804718,0.502772855758667,-0.03953669071197506
0.5382954359054566,0.5901856422424316,1.4682160838219717e-07,0.5504671931266785,0.5527537226676942,-0.00261922009522094,0.5560737252235413,0.5161307334899903,-0.00865205768495794,0.56309974193573,0.48960485458374026,-0.01623885501176112,0.570480751991272,0.46539645791053774,-0.024251854419708223,0.527417266368866,0.49065466523170476,-0.009754845406860061,0.5277700304985047,0.4494089245796204,-0.020338019356131498,0.5320725083351135,0.42200710177421574,-0.027838484942913022,0.535467231273651,0.4001486778259277,-0.03312376327812666,0.5209086060523986,0.5029285252094269,-0.01546790990978474,0.5300129055976868,0.46300116181373596,-0.030569477379322023,0.5488924860954285,0.46440532207489016,-0.037813605368137326,0.5607277989387512,0.47526447176933295,-0.04064409732818598,0.5197697758674622,0.5204498291015626,-0.02130716070532796,0.5298906326293945,0.48659375905990604,-0.03484490811824796,0.5477011442184448,0.48867802023887635,-0.036839615553617436,0.558214521408081,0.4985175907611847,-0.035732145234942406,0.5217903971672058,0.5409994482994079,-0.02730070836842056,0.5322900533676147,0.5151564836502075,-0.036633020639419506,0.5458714365959167,0.5075207531452179,-0.03787818551063532,0.5551748037338257,0.5071946740150451,-0.037317489087581604
0.5381062865257263,0.5921106576919556,1.4018346519151237e-07,0.5486619353294373,0.5522332668304444,-0.00118240704759956,0.5541515946388246,0.5147598862648011,-0.006854903604835241,0.5614104866981506,0.48723467588424685,-0.014145603775978021,0.5688046455383301,0.4630590796470643,-0.02165035419166084,0.5248100996017456,0.49214813113212585,-0.00963616454973812,0.5264819383621215,0.4512298762798309,-0.01980057395994658,0.5314205646514893,0.4235340714454651,-0.02690029703080652,0.5352932214736938,0.4016681969165802,-0.03187830410897728,0.520137083530426,0.5055568635463715,-0.01579411793500178,0.5344434142112733,0.4666513323783875,-0.02987229675054546,0.5530574202537537,0.46819642782211307,-0.03584113121032712,0.5637088656425476,0.4784339845180512,-0.03803914263844484,0.5218067169189453,0.5234352588653565,-0.021902522072195982,0.5378805994987488,0.48993754982948307,-0.03437615334987638,0.5547015547752381,0.4924946665763855,-0.03489370718598362,0.5631866693496704,0.5021931171417237,-0.03302128463983532,0.5269830226898193,0.5431223154067993,-0.02810480594635006,0.54205961227417,0.5170611023902894,-0.036193452030420264,0.5553901672363282,0.5101792335510255,-0.0360807709395885,0.563451075553894,0.5104104399681092,-0.03464722186326976
0.5382619619369508,0.5951879501342774,1.373843446117462e-07,0.5469289660453797,0.5533600449562073,-0.00023770298575984008,0.5522631049156189,0.51463360786438,-0.00569737814366814,0.5601806759834289,0.4858213841915131,-0.01277434285730118,0.5679172396659852,0.46150129437446596,-0.01994641907513138,0.522763454914093,0.4954836666584015,-0.009972734842449382,0.525525975227356,0.45382100343704224,-0.01994525268673892,0.53105229139328,0.42535569667816164,-0.02682758606970308,0.5353412866592407,0.4030197978019714,-0.03161082901060578,0.5201241731643678,0.5098546147346498,-0.01651732232421628,0.5375496506690979,0.46957464218139644,-0.02999340556561942,0.5557325005531312,0.4706315577030182,-0.03521445542573926,0.5655183792114258,0.4801557183265686,-0.0370284348726272,0.524316132068634,0.5278928279876709,-0.022856653854250883,0.5436918377876282,0.49285985827445983,-0.03464038893580436,0.5595454096794129,0.4953373074531555,-0.03420502170920368,0.5665368676185608,0.5048770844936371,-0.03181247599422928,0.5320128798484802,0.5464761614799499,-0.029246937111020044,0.5492012739181519,0.518429708480835,-0.03641813844442364,0.5620753884315491,0.5111910581588746,-0.03531709760427472,0.5692441225051881,0.5112253308296204,-0.033262859284877724
0.5379361391067505,0.5969111919403076,1.3552343887113237e-07,0.5435916543006898,0.5543259263038636,0.0007409364567137801,0.5488080501556397,0.5145164489746095,-0.00440063965506848,0.5577601671218873,0.4845880568027497,-0.01119227148592468,0.566949212551117,0.4609782457351685,-0.018006659299135183,0.5221993207931519,0.4966334342956543,-0.010057731252163601,0.5256193518638611,0.45488784909248353,-0.01948673650622362,0.5313565015792847,0.4263264119625092,-0.02584167309105394,0.535732126235962,0.40401281714439385,-0.03018884919583794,0.5213039040565491,0.5113815665245056,-0.01680127885192624,0.5410507082939148,0.47115163803100585,-0.0291664600372314,0.5580257654190064,0.4717137157917023,-0.03339028283953664,0.5665362238883973,0.4803728461265564,-0.034653560072183565,0.5273385643959045,0.5294539213180542,-0.023153251037001582,0.5493825912475586,0.4948001205921173,-0.033629576861858364,0.5633756160736084,0.4977894604206085,-0.0321820598095655,0.5681843638420105,0.507429587841034,-0.02927197776734824,0.5365135073661804,0.5470769166946411,-0.02953392565250392,0.5555631160736084,0.5184201598167419,-0.03525707423686978,0.5671658992767334,0.5115681290626526,-0.033073058351874324,0.5726115822792054,0.5117336869239807,-0.03035126142203802
0.537433922290802,0.5971685647964478,1.377729006435402e-07,0.5402782201766968,0.554795503616333,0.00116683471715072,0.5457475066184998,0.5136689901351928,-0.0040205287281423405,0.5559298634529114,0.48298811912536627,-0.010734857432544202,0.5663367986679078,0.4611950993537903,-0.01743316948413846,0.5221891641616822,0.4977189481258392,-0.011469869315624201,0.5263101100921631,0.45570929646492003,-0.02070634178817268,0.5322279810905457,0.4273770153522492,-0.026877442374825464,0.5365234971046449,0.4050305366516113,-0.03117463216185566,0.5229654431343078,0.5131682753562927,-0.018294599093496722,0.5442375421524048,0.47269264459609983,-0.0300375141203403,0.5602542161941528,0.4729844629764557,-0.03374483361840246,0.5675471663475037,0.4802115440368653,-0.03497078269720072,0.5304316878318787,0.5314284086227418,-0.0245109990239143,0.5534668445587159,0.49670715332031257,-0.03392834439873694,0.5653666377067567,0.500730448961258,-0.0317063737660646,0.5678855061531067,0.5107502222061158,-0.02863557860255236,0.5405330538749695,0.5484142541885376,-0.03077609017491336,0.5603272914886475,0.5189924120903016,-0.03553820401430126,0.570804762840271,0.5124884128570557,-0.0327530268579721,0.5748837232589722,0.5126610755920411,-0.029844679310917797
0.5372070789337159,0.5958901286125183,1.4006602668814594e-07,0.5372689127922058,0.5537127137184142,0.00135287295561278,0.5432514190673828,0.5118767380714417,-0.00398344299755986,0.5549156785011292,0.48110672235488894,-0.01068162545561788,0.5663496494293213,0.46228985190391547,-0.01728906743228432,0.5227248191833497,0.49833137392997745,-0.013050613924860923,0.5274829268455505,0.4558762788772583,-0.022103907167911482,0.5332969188690186,0.42810432910919194,-0.028086300566792465,0.5372886419296266,0.4058526039123535,-0.03229207918047902,0.524831211566925,0.5144437909126283,-0.01975629106163972,0.5469863295555115,0.47366089224815366,-0.030830724164843504,0.5617767333984376,0.47375024557113643,-0.03397817164659498,0.5679361701011658,0.47987691164016727,-0.03508908227086062,0.5333606958389283,0.5328586220741272,-0.025638585165142985,0.5565803289413452,0.4974020540714264,-0.033988466113805745,0.566303300857544,0.5023695349693299,-0.03102102130651468,0.5667096734046936,0.5127789378166199,-0.027738135680556244,0.5441495060920716,0.5491964817047119,-0.031597731634974424,0.5644740223884583,0.5181560039520264,-0.035346408188343025,0.573480761051178,0.5121767401695252,-0.03191448636353012,0.5759574055671692,0.5128497123718262,-0.028752934187650618
0.5375835418701173,0.5952399015426637,1.408430961191698e-07,0.5355838298797608,0.5532557368278503,0.00173561332048842,0.5414001107215882,0.5113484144210816,-0.00348562514409418,0.5535871267318726,0.48120868206024175,-0.00996750257909294,0.5657446265220643,0.46512135863304144,-0.016339813359081704,0.5238466620445251,0.4998417854309082,-0.013910141400992823,0.528593373298645,0.4569794595241547,-0.022966932505369138,0.5341302752494812,0.42947044968605047,-0.028964211046695686,0.5378172039985657,0.40729400515556335,-0.033213520795106845,0.5268202304840088,0.5160749316215515,-0.020559055358171402,0.5486930131912231,0.47437443137168883,-0.031138726696371983,0.5624274969100953,0.4741058945655823,-0.03385990858078,0.5677557945251466,0.47919791340827944,-0.03486503660678858,0.536040997505188,0.5344062805175782,-0.026234397292137123,0.5588685393333435,0.49816784262657166,-0.033787570148706404,0.5668038129806519,0.5038716316223144,-0.030198033154010723,0.565641736984253,0.5143441796302796,-0.026704182103276203,0.5472341418266297,0.5503880500793457,-0.03198516331613058,0.567734158039093,0.5182989835739136,-0.03510287702083584,0.5751821160316468,0.5131840467453004,-0.031211729347705802,0.5760465741157532,0.5142242908477783,-0.027848290279507578
0.5381685018539429,0.5949569344520569,1.407813471132613e-07,0.5339430332183839,0.5533563375473023,0.0018877272494136601,0.5396551132202149,0.511305046081543,-0.00340619878843422,0.5524379014968872,0.48163830637931826,-0.00979644339531656,0.5652632236480714,0.4681158840656281,-0.01605180036276574,0.5251075029373169,0.5022226750850678,-0.015240684896707482,0.529884934425354,0.4588060677051544,-0.02455152384936804,0.5351076483726502,0.4312834024429322,-0.03069123737514016,0.5384788870811462,0.40908905267715456,-0.03499871343374246,0.5292465448379517,0.5183062434196473,-0.021692318096756882,0.5507059097290039,0.4750539243221283,-0.03187594451010222,0.5630762338638307,0.4746410727500915,-0.0340960659086704,0.5672456502914429,0.4791435062885285,-0.0348919458687305,0.5392936825752258,0.5361886382102966,-0.02703295126557348,0.5617205500602722,0.4986497938632965,-0.033838704973459206,0.5675684213638306,0.5053198218345643,-0.02961909733712668,0.5646461486816406,0.5159614324569702,-0.025884051248431163,0.5509520649909974,0.5515312433242798,-0.0324432205408811,0.5715600252151489,0.51852468252182,-0.03473456725478168,0.5767520427703858,0.5155946254730225,-0.03022551424801344,0.5753966093063355,0.5180927872657777,-0.026578480377793264
0.5396377682685852,0.5948220491409302,1.37839026592701e-07,0.5343493700027466,0.5534447312355042,0.00169877021107816,0.5400426268577576,0.5112423300743103,-0.00377254555933172,0.5527410030364991,0.4816225647926331,-0.010106446966528841,0.5653675556182861,0.46985364556312564,-0.01622839812189336,0.5266111493110657,0.5050693690776825,-0.01635923404246564,0.5309473752975464,0.46118155717849735,-0.026016189157962763,0.535730242729187,0.4332259058952332,-0.03241370841860768,0.5388140916824341,0.4109597623348236,-0.036842092871665885,0.5316803097724915,0.5208203077316285,-0.02250957489013668,0.5524783253669739,0.4759446084499359,-0.0325270533561706,0.563633954524994,0.4756563246250153,-0.03436578810214994,0.5668352842330933,0.4804005265235901,-0.034949746727943376,0.5422774791717528,0.5381022095680237,-0.027487756684422462,0.5642424941062927,0.4988603234291077,-0.033854575455188704,0.5685646891593934,0.5062101840972901,-0.02906714566051954,0.5646792769432069,0.5171523332595825,-0.025056632980704284,0.5543018698692322,0.5527671933174134,-0.03255277574062342,0.5744504690170288,0.5187531590461731,-0.03433088660240168,0.5778212666511536,0.5178396701812744,-0.029310197755694344,0.5750815629959106,0.5219323039054871,-0.025392899662256184
0.540926456451416,0.5953538060188294,1.3360394177652779e-07,0.5346980333328247,0.55421222448349,0.00160356916021548,0.5402706384658814,0.5121584892272949,-0.00395503244362766,0.5527890086174011,0.482774269580841,-0.0102420169860124,0.5651723980903626,0.4718762457370759,-0.01629476938396688,0.5278719902038574,0.5077285528182984,-0.016936510056257202,0.531752061843872,0.4632996618747712,-0.02686237432062622,0.5362100005149841,0.43474501371383667,-0.033413762599229783,0.539080822467804,0.4124293684959412,-0.03784128800034516,0.5336338043212892,0.5229207873344422,-0.02285287901759144,0.5537364482879639,0.47631323933601377,-0.032676819711923544,0.5640704154968261,0.47631331086158757,-0.034150536358356465,0.5664763212203979,0.4818954110145569,-0.03443929627537724,0.5446582794189453,0.5395928621292114,-0.02757275365293022,0.5661537766456604,0.49841447472572326,-0.03361493796110148,0.5697958230972291,0.5057704091072083,-0.02847739309072488,0.565462875366211,0.5168368220329285,-0.02425219900906084,0.5569459676742554,0.5537755370140076,-0.0323687240481376,0.5766281247138978,0.5188807249069214,-0.03366003483533854,0.57836012840271,0.519857931137085,-0.02819723635911938,0.5742046713829041,0.525700306892395,-0.024014319479465418
0.5424327611923219,0.5968401908874512,1.281893332816253e-07,0.5353014349937439,0.556782865524292,0.00155457544606172,0.5403673171997071,0.5149612545967102,-0.00390732809901232,0.5523523807525634,0.48529222011566164,-0.009948955848813001,0.5645549058914184,0.4730975687503815,-0.01576797943562266,0.5291727304458619,0.5113978028297425,-0.01732250452041622,0.5324959397315979,0.4663397192955018,-0.027535827830433818,0.536594545841217,0.4368259847164154,-0.03424784839153288,0.5392916679382325,0.4142623543739319,-0.03867125511169426,0.5357655286788942,0.5252827286720276,-0.0229191347956657,0.5548014163970948,0.4768324792385101,-0.0324051603674888,0.56458580493927,0.4767000436782837,-0.033444550633430464,0.5665222167968751,0.48288881182670595,-0.03343324065208432,0.5471594333648682,0.540842592716217,-0.027325169742107337,0.5681168079376221,0.4978930652141571,-0.03297929391264912,0.5713339567184449,0.5054922461509705,-0.027424267306923798,0.566966474056244,0.5170230865478516,-0.022968809679150562,0.5595632553100587,0.5546429395675659,-0.03178994767367834,0.5785172104835511,0.5193758606910706,-0.032736425101757005,0.5791869521141053,0.5221217155456543,-0.02694072686135766,0.5743988394737244,0.5294074773788452,-0.02253648042678826
0.5437984347343445,0.5981788516044617,1.2487056721965928e-07,0.5357813358306885,0.5591027975082397,0.00117055566515766,0.540281617641449,0.5178240776062012,-0.004240047978237221,0.5519872307777405,0.48865193128585815,-0.01002244818955654,0.5643007516860963,0.4765111684799195,-0.015583904460072504,0.5303030014038086,0.5148903846740723,-0.01785379908978936,0.533265233039856,0.46946690678596503,-0.028386560827493638,0.5370606660842896,0.4391222357749939,-0.0353094197809696,0.539625608921051,0.41624011397361754,-0.0397532328963279,0.5379812479019166,0.5276061654090882,-0.02300804369151588,0.5561249017715455,0.476859200000763,-0.0325586132705211,0.5650088906288148,0.47735670804977415,-0.03342101052403448,0.5661277890205384,0.48513593673706057,-0.03307574167847632,0.5497704863548278,0.5419647932052613,-0.026988416537642418,0.5699160933494568,0.49701627492904665,-0.03261395692825314,0.5724770307540894,0.5051092743873596,-0.02698777392506592,0.5678656339645386,0.5173285841941834,-0.022332993522286404,0.5621700763702393,0.5551621675491333,-0.031012033671140624,0.58028861284256,0.5195960640907288,-0.0317283127456903,0.5800299048423767,0.5240982413291931,-0.02571918107569214,0.5746020913124084,0.5330722689628602,-0.02109027877449982
0.5458232283592225,0.599748718738556,1.2184034972051447e-07,0.5369408845901489,0.5617817163467407,0.00086260859097814,0.5407398343086243,0.5213203787803651,-0.004262655368074721,0.552447533607483,0.49312288165092466,-0.009620250947773402,0.5650172352790832,0.48118392825126655,-0.01474002879112958,0.5318905711174011,0.5184214472770691,-0.0176619108766317,0.5343385696411133,0.47257733345031744,-0.028183361887931798,0.5377399086952209,0.44159271121025084,-0.03512446060776708,0.5400858759880066,0.41839858889579773,-0.03952765166759484,0.5404169440269471,0.5299069881439209,-0.022470956668257682,0.5573434472084047,0.4768807172775268,-0.03209532275795932,0.5654227137565613,0.4778058111667633,-0.032953123003244385,0.5660268187522889,0.48700581192970277,-0.03233831003308294,0.5526108264923096,0.54322909116745,-0.02614884153008454,0.5716086149215699,0.4962513446807862,-0.031785425171256015,0.5737606048583984,0.5046743035316468,-0.02615219317376606,0.5691447973251343,0.5177150249481202,-0.02128625474870202,0.5651116490364074,0.5559996247291565,-0.029882099106907804,0.5823018074035644,0.5197331428527833,-0.03060969784855838,0.5816184997558594,0.5248206496238709,-0.02459015697240826,0.5760657548904419,0.5347182869911195,-0.019817449897527623
0.5482266902923584,0.6016809463500976,1.1882574284527437e-07,0.538450050354004,0.5648473143577576,0.0006992484180954599,0.5415242910385132,0.5255569577217103,-0.0041313713416456605,0.5531754732131958,0.49856597781181333,-0.00910462308675046,0.5660615563392639,0.4867253601551056,-0.013861531950533381,0.5338824391365051,0.5220482230186463,-0.01727679800242182,0.5360410332679749,0.4756493270397187,-0.02775374799966808,0.5390871167182922,0.4441648244857789,-0.03463323712348934,0.5412782788276672,0.4205594599246978,-0.038955464959144516,0.5434071063995362,0.5318435907363892,-0.021863042563199965,0.5588845849037172,0.47665212750434877,-0.03164611198008056,0.5660772919654846,0.4784137964248657,-0.03252237960696218,0.5663865208625793,0.4892507076263428,-0.03161437883973118,0.5560251832008362,0.5439552426338196,-0.025357076898217142,0.5735817909240722,0.49608921408653267,-0.031128929927945102,0.5751713633537292,0.5051928639411927,-0.025579816102981504,0.5706988573074341,0.5188554048538208,-0.02051857672631736,0.5686050176620483,0.5564056515693665,-0.02889138907194134,0.5845222711563111,0.5201147556304931,-0.029690492153167682,0.5835458874702454,0.5256071925163269,-0.02370189987123008,0.5782203793525696,0.5357660055160522,-0.018794872239232
0.5516393184661865,0.6035885572433471,1.0921096986749036e-07,0.5409834623336792,0.5679760217666626,0.00028856576827815996,0.5434192180633546,0.5296690106391907,-0.004164553154259861,0.5551978588104248,0.5038850247859955,-0.008731496892869442,0.5684793710708619,0.49178978204727175,-0.01311739310622214,0.5371468663215637,0.5252924203872681,-0.016053374111652342,0.5387075185775757,0.47846418619155884,-0.02623960450291628,0.5411818742752076,0.4469489574432373,-0.03290639147162432,0.543040144443512,0.4228519856929779,-0.037115639820694865,0.5479018211364746,0.5328615188598633,-0.020367363467812503,0.5613344192504883,0.47613467574119567,-0.0304074145853519,0.567171835899353,0.4794283330440521,-0.0315486494451761,0.5668447136878968,0.4921571016311646,-0.030451669543981503,0.560963797569275,0.5435965776443482,-0.023710402846336298,0.5763936042785645,0.4957356214523316,-0.029888017848134003,0.5771307468414306,0.5064731717109681,-0.02465152144432062,0.5726100206375122,0.5211313247680665,-0.01946262270212168,0.573557448387146,0.5557886004447936,-0.02710445933043954,0.5876949787139892,0.5205091834068298,-0.028329465910792304,0.586251974105835,0.5269984364509582,-0.0226294614374637,0.5810836434364319,0.5375819683074952,-0.01772790364921088
0.5558153152465821,0.605001723766327,9.394426001563262e-08,0.5443040728569031,0.5701457142829895,-0.0004903613968054,0.5461353302001953,0.5330679416656494,-0.00461721331812436,0.5581405878067016,0.5084126830101013,-0.00893096346408126,0.571776306629181,0.49748628735542294,-0.013079380616545662,0.5414282321929933,0.5266076087951661,-0.013932942319661341,0.5423370480537415,0.4804843723773956,-0.0236413907259702,0.544497549533844,0.4495257914066315,-0.030075164511799743,0.5461592078208923,0.425130182504654,-0.03416557125747198,0.5534261345863343,0.5317335009574891,-0.0178450662642717,0.5648383975028992,0.47627456188201905,-0.0282330889254808,0.5692138552665711,0.48124164342880243,-0.03008154816925524,0.5680898427963257,0.4954758763313294,-0.029070134460926003,0.5670551061630249,0.5407122135162354,-0.02101960945874446,0.5800719022750854,0.4960849523544312,-0.0280014287680387,0.5796144366264343,0.5088956236839295,-0.0237479362636804,0.5747950792312623,0.5248794317245484,-0.01870914064347738,0.5798545598983765,0.5519199967384338,-0.02428460940718648,0.5917133450508117,0.5188675165176391,-0.026231109723448703,0.5895833969116211,0.5264530062675477,-0.0212243672460317,0.5844960451126098,0.5379048228263854,-0.016525069810450044
0.5598108649253846,0.6062344431877137,7.669602837268032e-08,0.5478130578994751,0.5717893838882446,-0.0011359451716998399,0.5494333028793335,0.5349767923355102,-0.0050234164576977,0.5616980195045471,0.5101174235343934,-0.009218777343630781,0.5754019975662231,0.49887128472328185,-0.013248917832970601,0.5455640077590942,0.5272093534469605,-0.011816056258976422,0.5457773447036743,0.48175637722015374,-0.02094478495419018,0.54764723777771,0.45145770311355593,-0.027015507966279904,0.549075710773468,0.4268756985664368,-0.03092698939144606,0.5582744598388673,0.5302023053169251,-0.015456872060894942,0.5678360342979432,0.47680165171623234,-0.0260044582188129,0.571229362487793,0.483189857006073,-0.02839375995099544,0.569655978679657,0.49845690131187437,-0.0274978801608085,0.5722917675971985,0.5377315759658814,-0.01858870983123772,0.5833717703819274,0.4966860949993134,-0.02617336399853224,0.5820688366889953,0.5112130165100097,-0.022677719220519,0.5770556330680847,0.5283220291137696,-0.01780475005507462,0.5853179335594177,0.5481060266494752,-0.021863164380192722,0.5952337980270386,0.517261278629303,-0.0244128361344337,0.5924769282341004,0.5259519934654237,-0.020005590468645043,0.5874757409095764,0.5382901668548584,-0.015554562956094722
0.5639450192451477,0.6070850610733033,6.037698483396526e-08,0.5519567847251893,0.5720316410064697,-0.0011923793063033199,0.5538065552711486,0.5356516003608703,-0.00491457791067654,0.5661193013191224,0.5109408617019654,-0.00898816678673026,0.5801007270812988,0.5000545680522919,-0.012927629426121683,0.5505328178405762,0.5278464198112488,-0.010901304334402041,0.5505219817161561,0.48281129598617556,-0.01962582319974892,0.5523764133453368,0.4530417859554291,-0.025461371242999947,0.5537328600883483,0.42840758562088016,-0.0293025247752666,0.563575291633606,0.5296767830848694,-0.01447656825184818,0.5721947193145752,0.4776005446910858,-0.02448612637817854,0.5751209735870362,0.4850075900554657,-0.026859408244490603,0.5731097340583802,0.5007268846035005,-0.026089177280664382,0.5776952862739564,0.5365150451660157,-0.01762221753597252,0.5879486322402955,0.49729440212249754,-0.025015740096569018,0.5865712404251099,0.5124590754508972,-0.02178352810442442,0.5814656972885133,0.5299565553665161,-0.01713303700089448,0.5907621622085572,0.5465943098068238,-0.02092137634754176,0.599671745300293,0.516378390789032,-0.023648909479379622,0.597213101387024,0.5249183058738709,-0.01958477124571796,0.592528510093689,0.5373685956001282,-0.01537677347660064
0.5684677839279175,0.6074275970458984,4.489221225867368e-08,0.5567429065704346,0.5727849960327148,-0.00246711117797526,0.5586688995361329,0.5369807958602906,-0.00620259372517462,0.5708794832229614,0.5126038908958436,-0.010358887352049321,0.5847868919372559,0.5019867956638335,-0.014382496476173363,0.5568125247955322,0.5262426376342774,-0.00919873174279922,0.5566080331802369,0.4832170784473419,-0.01782972477376454,0.558372700214386,0.45448728203773503,-0.02386182993650428,0.5595880389213562,0.4299624204635621,-0.027929123863577803,0.570367479324341,0.5272261738777161,-0.012321661785244901,0.5778027057647706,0.4792556047439575,-0.022642698884010264,0.5797021389007568,0.48769804239273074,-0.02581379823386666,0.5770494461059571,0.5032204747200012,-0.02553578503429884,0.5844864249229431,0.5338045597076416,-0.01535833366215222,0.5933815002441407,0.4988102197647094,-0.02367504574358458,0.5909968018531799,0.5151898503303528,-0.0213909208774566,0.5853742241859436,0.5331793546676635,-0.01711315959691996,0.5973640799522401,0.5441726207733155,-0.0186674196273088,0.6052325606346131,0.5159567594528198,-0.022399965673685043,0.602088224887848,0.5247531414031983,-0.01911862939596172,0.5970065712928772,0.537666153907776,-0.015304965153336519
0.5727588057518005,0.6089386701583863,3.819265046445253e-08,0.5612424015998841,0.57354234457016,-0.00252932430594222,0.5633464813232422,0.5380198121070863,-0.006277553644031241,0.575761878490448,0.513950538635254,-0.01037933100014922,0.5898277521133423,0.5049824833869934,-0.014332496188580941,0.5623247981071473,0.5269965171813965,-0.009764901362359461,0.5631962060928345,0.48436538577079774,-0.01842309162020676,0.5655344724655151,0.4557149112224579,-0.02451118193566792,0.5672109603881836,0.4315818548202515,-0.028572945296764324,0.5759827733039856,0.5292593598365783,-0.01268578730523582,0.5842363119125367,0.4824089169502258,-0.02275482602417464,0.5857447743415833,0.4901190876960755,-0.025841986760497062,0.5829088091850281,0.5051693797111512,-0.02565680034458632,0.5901945352554321,0.5365439891815186,-0.0154852028936147,0.5995381116867066,0.50155588388443,-0.023604920506477303,0.5967393040657043,0.5162066221237183,-0.021471307799220022,0.591068685054779,0.5338656306266785,-0.01735897101461882,0.6032040238380433,0.5469408869743347,-0.01854986362159248,0.611549723148346,0.5169601559638978,-0.022241035848855943,0.608196246623993,0.5239240646362305,-0.01910788081586358,0.6029331803321839,0.5364043593406678,-0.01539490856230258
0.5762565016746521,0.6112217664718629,3.7198672231397724e-08,0.5650411128997802,0.575134289264679,-0.0020117262552957534,0.5669513702392578,0.53969464302063,-0.00559238740243012,0.5787746667861939,0.5155304074287415,-0.00920539163053032,0.5925880908966065,0.5071630120277405,-0.01261908123269672,0.5671094059944153,0.5297694683074952,-0.01221413658931846,0.5697855949401855,0.4859779953956604,-0.02146232128143304,0.5727415323257447,0.4565662682056427,-0.027877862006425804,0.5749802470207215,0.43262193202972415,-0.03200977593660351,0.5808706045150758,0.534173059463501,-0.014952829852700179,0.5909602999687196,0.48526983857154843,-0.0244627151638269,0.5915887832641602,0.49194763302803035,-0.026575402542948684,0.5882064104080201,0.5066670060157776,-0.02594580277800554,0.5951044321060182,0.5425063014030457,-0.01736275386065238,0.605778467655182,0.5042402446269989,-0.024385663866996705,0.6024249911308288,0.5154704332351684,-0.02136789783835406,0.5966787815093995,0.5314376354217529,-0.017016683332622,0.6079953193664551,0.5534022092819214,-0.02000853456556792,0.6180299997329712,0.5207198262214661,-0.022894855216145482,0.61431884765625,0.5243416428565979,-0.019259982928633658,0.6086166501045227,0.5349392533302307,-0.01531363427639006
0.5799929976463318,0.6134721398353576,2.9094867493029143e-08,0.5691056966781616,0.5770648121833801,-0.001476894783263533,0.5703596591949462,0.5411706447601319,-0.0047728546429424805,0.5809753060340882,0.516047739982605,-0.0078011688776313814,0.5940937280654908,0.5073139488697053,-0.010551170492544722,0.5723918199539185,0.5324366569519042,-0.01420734524726862,0.5770238637924194,0.487338662147522,-0.02387393638491624,0.5806593894958496,0.45740303993225107,-0.030452957376837682,0.583588743209839,0.43377001285552974,-0.03455799371004101,0.586270034313202,0.5390137076377869,-0.01671746298670764,0.59839928150177,0.488274472951889,-0.025672926008701285,0.5976899981498719,0.49461750984191893,-0.026682505756616546,0.5934894919395447,0.5095726847648621,-0.02546718157827848,0.6003905773162842,0.5485937118530274,-0.0187285412102937,0.6126119732856751,0.5068023204803467,-0.024792617186903884,0.6085433959960938,0.51486576795578,-0.02088547423481936,0.6027291774749756,0.5295170664787292,-0.01625775992870326,0.6130693912506103,0.5600622415542603,-0.02091981507837768,0.6247982740402223,0.5247833251953125,-0.023179142549633942,0.6207417249679565,0.525262451171875,-0.01912224069237706,0.6147427916526795,0.5342882156372071,-0.0150012634694576
0.5827232718467713,0.6155061483383178,2.0612144524534416e-08,0.5718116044998169,0.5794801831245423,-0.0013766592222964127,0.572042441368103,0.5427622556686402,-0.0043600845616310205,0.581307315826416,0.5160074710845948,-0.006847996450960601,0.5934320688247681,0.506244421005249,-0.008972644992172683,0.5762449026107789,0.5341595649719239,-0.015250586532056281,0.5824726343154908,0.4882097482681274,-0.0252402734011411,0.5866406202316284,0.4579665839672089,-0.03191994763910766,0.5901971459388733,0.43459736108779906,-0.035935902222990944,0.5905596852302551,0.5422711253166199,-0.017369703203439682,0.6042759418487549,0.49104655385017393,-0.026360366120934443,0.6019263982772828,0.49744589924812316,-0.026726099476218186,0.5969212651252747,0.5129420638084412,-0.024953986704349458,0.604708194732666,0.5525402188301087,-0.018930001184344222,0.6177114486694336,0.509529209136963,-0.024740293622016823,0.6122092008590698,0.5154383420944214,-0.0203820597380399,0.6061777114868164,0.5292716145515441,-0.015463258884847123,0.6171945691108703,0.5641501665115357,-0.020632833614945383,0.6298415303230285,0.5281238794326782,-0.02264436408877368,0.6247077465057373,0.5265667796134949,-0.01837747730314728,0.6182745814323425,0.534468948841095,-0.014087968505918941
0.5841676592826843,0.6174272298812866,1.4912928492094583e-08,0.5731395244598388,0.5805158495903016,6.817576067988753e-05,0.5731860637664795,0.5428093910217285,-0.0024486947921104002,0.5825650334358214,0.5154512047767639,-0.00435085194185372,0.5947447180747987,0.5061213493347168,-0.0058780197054147405,0.5778902769088745,0.5369319677352906,-0.016676168888807262,0.5857582569122315,0.4888287544250488,-0.02635439150035376,0.5906244039535523,0.45797411799430854,-0.03246706835925574,0.5948402285575867,0.43484739065170286,-0.03598441705107684,0.5921695590019227,0.5467038989067078,-0.01895566321909424,0.6080953598022462,0.49284380078315726,-0.027013505250215484,0.6051894903182984,0.4990632474422455,-0.026072336360812146,0.5998892188072205,0.5150781393051147,-0.0235550340265035,0.6063861250877381,0.5576391696929932,-0.020337568968534406,0.6210248589515687,0.5107483744621277,-0.024695900082588124,0.6154410004615783,0.5143162250518799,-0.019270406663417762,0.6097472071647644,0.5273301362991333,-0.014023147337138601,0.6189300775527954,0.5689486861228943,-0.021725505217909783,0.632948648929596,0.5304222702980042,-0.02248397469520564,0.6278813838958741,0.5271388411521911,-0.01749786026775834,0.621713924407959,0.5339539647102356,-0.012920377030968622
0.5845672607421876,0.6178053855895996,8.97206753336377e-09,0.5734652161598206,0.5813885569572449,0.0002556299572461258,0.5730868458747864,0.5430846333503723,-0.00203271737555036,0.5819421410560608,0.5149348735809326,-0.00360078001394862,0.5938131928443908,0.5046910643577576,-0.004718946572393141,0.5784249663352967,0.537720537185669,-0.01693123243749138,0.5867905378341676,0.48875286579132077,-0.026690678671002343,0.59188472032547,0.45786142945289615,-0.03275252357125276,0.5964304208755493,0.4346970498561859,-0.03618662431836124,0.5927196383476258,0.5475112795829773,-0.019112677127122838,0.6095167517662048,0.4927249372005462,-0.027030776068568182,0.6060258507728578,0.500471317768097,-0.025602203607559163,0.6003934383392334,0.5171738505363465,-0.022710465267300542,0.6069472074508667,0.5580482363700867,-0.020385949313640545,0.6219786643981934,0.5102480769157409,-0.024303879588842323,0.6160745739936828,0.5139777898788452,-0.018334434926509803,0.610410475730896,0.5266425132751464,-0.01283472031354898,0.6193988442420959,0.5689088225364686,-0.021678213402628863,0.6336485266685485,0.5303641319274903,-0.021991718187928163,0.6283360004425049,0.5271108150482178,-0.01667970344424244,0.6222046971321106,0.5335517883300781,-0.011960021406412082
0.5839352488517762,0.6167813897132874,4.92219260905813e-09,0.5731323719024659,0.5805857419967652,0.00042924779845633925,0.5729983687400818,0.5417130947113038,-0.0018496405216864601,0.5822991371154785,0.5134966611862182,-0.00363000193610782,0.5942265272140503,0.5033136248588562,-0.004908590391278221,0.5772687196731568,0.5365118503570557,-0.01553024780005212,0.5852928638458252,0.488016527891159,-0.02482985667884344,0.590243673324585,0.45777485966682435,-0.030495426431298177,0.5947317838668824,0.43473526239395144,-0.03372829109430308,0.5910353302955628,0.5461353778839112,-0.01803213097155092,0.6084626317024231,0.4918916583061218,-0.026258879899978584,0.6052814483642579,0.501858115196228,-0.025074755027890163,0.5997783064842224,0.5194002628326416,-0.022209426015615402,0.605124843120575,0.5565914034843444,-0.01967258155345912,0.6205973863601685,0.5090279579162598,-0.02391520403325552,0.6151801943778992,0.5149397015571595,-0.01799256503581994,0.6098204016685487,0.5283419609069825,-0.01243843678385014,0.6177421092987061,0.5671130418777466,-0.02133035138249394,0.6321010351181031,0.5286922097206116,-0.02161125428974624,0.6271310210227967,0.5275750637054444,-0.01619774922728534,0.621365749835968,0.5349396705627442,-0.011473637446761081
0.5825631499290467,0.6152985572814942,9.53386205537754e-09,0.5720565080642701,0.5792302966117859,0.0005331237625796187,0.5725904703140259,0.54022296667099,-0.0018314260873011602,0.5828545689582825,0.5122416973114013,-0.0038974672555923007,0.5950658321380615,0.5021940529346467,-0.005425594421103541,0.5745247960090637,0.53540278673172,-0.014295572601258721,0.5817515373229981,0.4875983476638794,-0.023088211566209743,0.586145031452179,0.4577632665634155,-0.02836973331868642,0.5900450706481934,0.4344848275184632,-0.031458182632923076,0.5876463651657104,0.5445060968399048,-0.01713637039065358,0.6051710486412049,0.49120852947235105,-0.025506710261106444,0.6029735326766967,0.5026965618133545,-0.024689669162034942,0.5980049848556519,0.5201828122138976,-0.022059435024857462,0.6015846729278564,0.5543800592422485,-0.019146353751420944,0.6170857310295106,0.5076504707336427,-0.023484268784522963,0.6125205159187317,0.5155195832252502,-0.01763756535947318,0.6075000882148743,0.529162335395813,-0.01214481648057694,0.6143354535102844,0.5641700387001038,-0.021209963038563682,0.6286582708358766,0.5260308742523193,-0.02132983095943924,0.624280071258545,0.5269935131072998,-0.015865590237081,0.6189243078231812,0.5348092913627625,-0.011196640133857681
0.5800851583480835,0.6132755398750305,2.1521270276991802e-08,0.5695725679397583,0.5774203658103944,0.0006065834299078783,0.5706741929054261,0.5388776779174805,-0.0019748924649320002,0.582110345363617,0.5121114015579223,-0.00450494829565282,0.5948568820953369,0.5029219150543213,-0.00649358490481966,0.5703337907791138,0.53455148935318,-0.013049244135618181,0.5763147950172425,0.4875154495239258,-0.02147310301661486,0.5800163388252259,0.45788980722427375,-0.026610341668128902,0.5831604242324829,0.4343000650405884,-0.02972398996353144,0.5827854990959168,0.5428711533546449,-0.016275700740516142,0.5996073722839356,0.49004344940185546,-0.02489543370902534,0.598848569393158,0.502350777387619,-0.024739366397261583,0.5946839094161988,0.5195110678672791,-0.022575212270021384,0.5966437339782715,0.5518317103385926,-0.0187012981623411,0.6116248369216919,0.5055071473121643,-0.023290621861815422,0.6083027958869934,0.515173876285553,-0.0177706021815538,0.603714644908905,0.529219138622284,-0.0124705040827393,0.6096304416656495,0.5604834198951721,-0.02121665738523002,0.6235287547111512,0.5224364161491395,-0.02133824415504928,0.6200318574905396,0.5255100965499878,-0.01595527138561004,0.6151561856269836,0.5340470552444458,-0.011391877382993661
0.5773869514465332,0.6111461758613587,2.8249773542654568e-08,0.5664010286331177,0.5771055936813355,-0.0005107327844598617,0.5671723008155823,0.5395095229148865,-0.00326519717928018,0.578317415714264,0.5126888990402222,-0.005985925253480621,0.5908067226409912,0.5022087454795837,-0.00812529465183608,0.5655115604400635,0.5330255270004273,-0.011592650227248641,0.569478976726532,0.48802939653396604,-0.02005789745599026,0.57208651304245,0.4589676916599274,-0.025623055920004783,0.5742636561393738,0.43507969379425054,-0.029169886931776943,0.5778766512870789,0.5392101883888245,-0.01463399324566122,0.5921448349952698,0.4884105205535888,-0.0235819105058908,0.5925211429595947,0.5011780321598054,-0.024452947080135325,0.5890656232833863,0.517987847328186,-0.02300432398915286,0.5916306376457214,0.5468196868896484,-0.01715060174465176,0.6047998309135437,0.5029434978961945,-0.02254012189805504,0.6025018811225892,0.5146786689758301,-0.01787218786776062,0.5982124567031861,0.5293825507164002,-0.012973661534488161,0.604564642906189,0.5549347043037415,-0.01986943725496526,0.616854226589203,0.5184465527534485,-0.020843499898910482,0.6141547441482544,0.5233214259147645,-0.016033178940415317,0.6097736597061157,0.5330137133598328,-0.01175503283739086
0.5749561071395874,0.6094158172607422,3.303487705608177e-08,0.563494098186493,0.5768866777420044,-0.0013358644791879,0.5639875411987305,0.5403279662132263,-0.00410867959726598,0.5749884366989136,0.5136668920516968,-0.00692760488018388,0.5872725486755371,0.5022163391113281,-0.0091919615864753,0.5612948894500732,0.5315083146095276,-0.0098761439323425,0.5634303569793702,0.48875284790992735,-0.01811558715999122,0.5649671196937561,0.46017164587974546,-0.023884164541959702,0.5660825729370117,0.436063438653946,-0.027712507545947958,0.5736999392509461,0.535609495639801,-0.0127899648621678,0.585346007347107,0.4874843120574951,-0.021738187596201837,0.5867190122604371,0.5000774204730988,-0.023452085629105543,0.5838929295539856,0.5163881778717041,-0.02264342233538624,0.5872931599617004,0.5421324491500855,-0.015423249080777121,0.5987720489501953,0.5010609269142151,-0.02145109660923478,0.5974336266517639,0.5143520355224609,-0.01768101565539834,0.5934734582901001,0.52969309091568,-0.013247721642255761,0.6000684976577759,0.5500574946403504,-0.01832199953496452,0.610878348350525,0.5153753757476807,-0.020032429322600322,0.6089850544929505,0.5217920541763306,-0.01577841434627766,0.6051825165748597,0.5326586723327638,-0.0117935916408896
0.5719799518585205,0.608685028553009,4.237463535616826e-08,0.5598528742790222,0.5774455308914185,-0.00232761388178916,0.5599871397018432,0.5414197087287903,-0.00518229505978522,0.570800244808197,0.514843475818634,-0.008120719622820561,0.5829139947891235,0.5024298548698425,-0.01058103386312716,0.5568053245544434,0.5310573816299439,-0.00863887770101426,0.556974470615387,0.48971346616744993,-0.01652731802314516,0.557434344291687,0.46176632046699523,-0.022257203608751244,0.5576757669448853,0.4378081679344178,-0.02621605135500424,0.5694956779479982,0.5331246137619019,-0.011330159939825502,0.5778061151504517,0.48660068511962884,-0.02032369524240488,0.579817259311676,0.49760813117027286,-0.022784674540162062,0.5778974652290345,0.5127856492996216,-0.02251405790448186,0.5829630970954895,0.5389457941055299,-0.0139634490013122,0.5922626733779908,0.49918359518051153,-0.02069776244461532,0.5913922905921936,0.5131951808929444,-0.01785359010100362,0.5876979112625123,0.5291995644569397,-0.013897193968296022,0.5954654812812805,0.5472452878952027,-0.016925679333507977,0.6045400381088257,0.5146563172340393,-0.01964061260223384,0.6028774142265321,0.5217317342758179,-0.01617594603449102,0.5993844866752625,0.533218276500702,-0.01261712256819006
0.5692117333412171,0.6101388812065125,4.4964036050032525e-08,0.555854594707489,0.579385495185852,-0.00217815345386044,0.5553911447525024,0.5442735552787781,-0.00490849041379986,0.5656620264053345,0.5180994868278503,-0.0076383090578019,0.5775899171829224,0.5051794409751893,-0.00992591585963958,0.5525311231613159,0.5331661343574524,-0.00878311423584816,0.5509435057640076,0.49197080135345456,-0.016607852838933422,0.5505680322647095,0.4638293266296387,-0.022378083318471843,0.5502357006072999,0.4401050567626953,-0.026338732242584158,0.5657016634941101,0.5340586423873901,-0.01137763578444716,0.5711758732795715,0.4861233711242675,-0.020057809352874698,0.5730472445487976,0.49412030577659605,-0.022643410041928262,0.5714848875999451,0.5079534471035004,-0.02252682559192178,0.5793864011764527,0.5391179203987122,-0.013848248124122562,0.5864543795585633,0.49771572351455695,-0.02054661922156806,0.5855303168296815,0.5109369277954102,-0.01798817142844196,0.5821519494056702,0.5272518515586853,-0.0141678914427757,0.5919635891914368,0.547306513786316,-0.01657819431275126,0.5990132570266724,0.5144989728927613,-0.01942277103662486,0.597129762172699,0.5211897373199463,-0.01607307288795706,0.5939112186431885,0.5330907106399536,-0.01248120088130232
0.5675441980361938,0.6126350402832031,3.821990368635398e-08,0.553169596195221,0.5824249386787415,-0.0014254312962293603,0.5520138859748841,0.5480878829956055,-0.003811714937910421,0.5610814929008484,0.5215763807296753,-0.00611803845968094,0.5722755432128906,0.5072380661964417,-0.0080402496969327,0.5494793415069581,0.5355690360069275,-0.009146260190755099,0.5465580701828003,0.49410477280616755,-0.017013141699135263,0.5454655766487122,0.4658777296543122,-0.02269959859549992,0.544672441482544,0.4426332592964172,-0.02650555633008474,0.5631129622459412,0.5355450630187989,-0.01174875721335408,0.5666318655014038,0.48582102060317994,-0.01993157304823392,0.5683644056320191,0.4925230026245117,-0.021906926110386804,0.5671715021133423,0.5061988532543183,-0.02139750048518178,0.5769878387451173,0.54022935628891,-0.014105702936649263,0.5824878931045533,0.4971241593360901,-0.02034376189112658,0.581365716457367,0.5094851136207581,-0.01732874289155002,0.5783217191696167,0.525798213481903,-0.01324392613023518,0.5895274043083192,0.5487947463989258,-0.01660430859774346,0.5950186491012573,0.5151934146881103,-0.01914797537028786,0.5927940011024475,0.5211948990821839,-0.015428167767822722,0.5897709965705872,0.5329875707626344,-0.01153013054281468
0.5662250995635987,0.6153704285621644,3.877879883873448e-08,0.5512459874153137,0.5843949794769288,-0.00042073179502041987,0.5497907042503357,0.5496547102928162,-0.00276120086200532,0.5584110021591187,0.5232815742492676,-0.005094181443564559,0.5694321155548097,0.5089895129203796,-0.007153173978440441,0.5475292205810547,0.5382822871208192,-0.00988012114539738,0.5439268469810487,0.49582043290138245,-0.01765329092741008,0.542437505722046,0.4673068344593048,-0.022972554340958524,0.5414721846580506,0.4443565607070923,-0.0264519620686769,0.5612637042999268,0.538461196422577,-0.012839396484196141,0.5644283175468445,0.48598249554634093,-0.021088807284831944,0.5658477067947387,0.49191741347312934,-0.022554830834269464,0.5647535681724549,0.5058522403240203,-0.02153872996568676,0.5753515958786011,0.5433664917945862,-0.015317403525114001,0.5805098056793213,0.4974246799945831,-0.021267547085881182,0.5790431022644044,0.5085749864578247,-0.017758589610457363,0.5760257244110109,0.5247035026550293,-0.013329576514661283,0.5880749464035036,0.5522165656089784,-0.017815656214952423,0.5933207750320435,0.5173790931701661,-0.019984312355518303,0.590755033493042,0.5226327180862427,-0.01589406728744504,0.5877006649971008,0.5338257193565369,-0.01172167230397458
0.5655094861984253,0.6180762529373169,3.608709064906179e-08,0.5501532196998596,0.5855165243148803,0.0005839185323565799,0.5487599730491638,0.5502023816108703,-0.0016769974259659205,0.5572147369384766,0.5236265659332275,-0.00407646128442136,0.5681261658668518,0.5092070221900941,-0.006286125886254001,0.5463986277580262,0.5402659773826599,-0.0100074279122054,0.5424347281455993,0.49704819917678833,-0.01771169751882548,0.5408624768257141,0.4682976543903351,-0.02287930101156228,0.5398933172225953,0.44533771276474005,-0.02622662819921966,0.5600560784339905,0.5407257080078125,-0.013372987136244721,0.5629899382591248,0.4862632751464844,-0.021570968255400603,0.5645636677742004,0.49170069098472596,-0.022811754792928622,0.563777768611908,0.5060015261173249,-0.02160947211086746,0.5743311405181886,0.5458358883857727,-0.01607011780142778,0.579538381099701,0.4979249179363251,-0.021715579926967564,0.5780892372131348,0.5088091015815734,-0.017853903397917682,0.5752142429351806,0.5254103422164917,-0.013225639238953542,0.5873024940490723,0.5547428965568543,-0.01869436409324402,0.592419707775116,0.518980073928833,-0.0205142062157392,0.5897455334663391,0.5239415645599366,-0.01617792341858146,0.5867570877075196,0.5348293781280518,-0.011863192357122842
0.5659491658210755,0.6202497720718384,2.980773423644223e-08,0.5501957535743713,0.586581289768219,0.0015723427990450801,0.5487697958946228,0.5512163400650024,-0.0005720563232898201,0.5569584965705872,0.5245397686958313,-0.0029415013967081603,0.5678062438964844,0.5098763346672058,-0.00517616260331124,0.5465216517448426,0.5418419718742371,-0.01019029654562466,0.5426003932952881,0.4979988694190979,-0.018079218268394422,0.5411746740341187,0.4686969220638275,-0.02340080179274076,0.5402631759643555,0.44542173147201536,-0.02680297605693336,0.5601145505905152,0.5425116300582886,-0.013878860138356621,0.5633067131042481,0.4865398108959198,-0.021876909583806944,0.5651605248451232,0.49249482750892637,-0.02282266579568378,0.5643458127975465,0.5077225387096406,-0.02145526409149166,0.5745647430419922,0.5475400567054749,-0.01673686839640134,0.5800552248954773,0.4985711693763733,-0.021883847191929765,0.5789068579673767,0.5093231558799745,-0.017529916018247542,0.5761143565177917,0.5261369228363038,-0.012666479684412422,0.5877180337905884,0.5561373949050903,-0.01944429799914354,0.5927765250205994,0.5190953254699707,-0.02074578888714308,0.5904318571090698,0.523874568939209,-0.015987943299114682,0.5876264929771424,0.5346276521682739,-0.011420301906764442
0.5673970222473145,0.6199316382408142,2.7523866918954815e-08,0.5522653222084046,0.5856478571891786,0.00113932149251918,0.5513832211494446,0.5499270796775818,-0.00121746431104834,0.5598230838775635,0.5232178807258606,-0.00401159867178646,0.5708736181259155,0.508537232875824,-0.0067443459061905815,0.5490048408508301,0.539820098876953,-0.00915006240829818,0.5456759333610535,0.4969503104686737,-0.0172306269407272,0.5445558309555053,0.4680312037467957,-0.02291163504123682,0.5436665415763855,0.4444556951522827,-0.02666319757699962,0.5623565435409545,0.5401964783668518,-0.012969394214451242,0.5657805681228638,0.48618724942207336,-0.021224290132522524,0.5684666872024535,0.493974894285202,-0.022607364133000303,0.567864203453064,0.5102437853813172,-0.02157312594354148,0.5767064929008484,0.5454919338226318,-0.01614130996167654,0.5827531695365906,0.4991287291049957,-0.021699123829603144,0.5822144746780397,0.511206877231598,-0.0175747994333505,0.5793025493621826,0.5285342931747437,-0.01284450776875012,0.5898238778114319,0.5546067833900452,-0.01925622075796122,0.5955302596092225,0.5182735085487366,-0.02096663452684874,0.5936777472496032,0.5237549424171448,-0.01640863269567486,0.5907491564750672,0.5350581765174866,-0.012010396644473002
0.5700719833374024,0.6188286423683167,2.5155443417190787e-08,0.5556751966476441,0.5843822956085205,-0.00046509645180779996,0.5554785251617432,0.5480794548988343,-0.00322248786687846,0.5649234771728516,0.5215349197387695,-0.00655047846958036,0.5768719673156739,0.5075465559959411,-0.009840593207627521,0.5534891843795777,0.5365453600883484,-0.00781594011932604,0.5509336590766907,0.49541102647781377,-0.015956425108015503,0.550421953201294,0.46711374521255494,-0.0219612061977386,0.5498840808868408,0.44310395121574403,-0.026106740906834562,0.5667896270751953,0.5366790533065796,-0.011461959592997962,0.570743477344513,0.4865471005439759,-0.020539746806025463,0.5734311938285828,0.4962444603443146,-0.023094689846038758,0.5722123265266419,0.5132547855377197,-0.02274671569466586,0.5809898138046264,0.5424231648445129,-0.01479912288486952,0.5875773549079895,0.5000982344150543,-0.021596729755401563,0.5871905088424683,0.5144527912139893,-0.01846115402877324,0.5837344408035279,0.5325889110565185,-0.01414116881787768,0.5939016103744508,0.5523262262344361,-0.01825906336307522,0.6002150416374207,0.5183417320251466,-0.02108075283467764,0.5987122178077698,0.5253266930580139,-0.01724528707563874,0.5956007838249207,0.5375630021095276,-0.013262191601097522
0.5736013650894165,0.6187372446060181,1.985828621542396e-08,0.560015082359314,0.5830386519432068,-0.0004393104929477199,0.5606090307235718,0.546818482875824,-0.0032114655943587004,0.5706592082977295,0.5204158306121827,-0.00659761549904938,0.5829588532447815,0.5072624206542968,-0.009917350485920882,0.55869619846344,0.5355203986167908,-0.00774718485772604,0.5576054334640502,0.4944365501403809,-0.016163172014057602,0.5580393433570862,0.46586722135543823,-0.0225954174995422,0.5580385684967042,0.4414716005325317,-0.027052281796932184,0.571781575679779,0.5367080807685852,-0.011452409252524321,0.5773349642753601,0.4879068017005921,-0.020433580875396682,0.5801745533943177,0.4982375860214233,-0.0232062134891748,0.5784541726112367,0.5154880881309509,-0.0231928270310163,0.5859570860862732,0.5431236505508423,-0.01486907526850696,0.5938602685928345,0.502278333902359,-0.02157396115362638,0.5934934020042419,0.5172972917556763,-0.018482640385627684,0.58971027135849,0.5357173681259155,-0.014297215826809321,0.5989406466484071,0.5530706167221069,-0.01843662373721596,0.6062822341918945,0.5190510630607605,-0.02118662334978576,0.6048120379447938,0.5262616157531739,-0.01734459251165386,0.601375138759613,0.5387057662010193,-0.013420326262712402
0.5771287322044373,0.6195139050483705,1.75598689367007e-08,0.5640399694442749,0.5837763071060181,-0.0005012359120883199,0.5641553401947021,0.5475768923759461,-0.0030918264761566807,0.5732785344123841,0.5206441640853882,-0.00605562878772612,0.5845353007316589,0.5077133297920228,-0.00887290867976842,0.5641109585762024,0.5362029433250427,-0.00918180216103788,0.5650633215904236,0.494095903635025,-0.018198225274682,0.566468346118927,0.46506170034408567,-0.02505401447415348,0.5671781778335572,0.44077304005622864,-0.029661979153752283,0.5773470401763916,0.5392222166061402,-0.01262942533940072,0.585082507133484,0.48952248096466067,-0.02173339463770384,0.5871495366096496,0.49986155033111573,-0.0241662990301847,0.5846288919448853,0.5171695470809937,-0.0239319067448377,0.5915438175201416,0.5465902328491211,-0.01574193127453324,0.6007351756095887,0.5046411514282226,-0.02240914404392236,0.5998053669929504,0.5184785842895507,-0.019106309488415664,0.5956987738609314,0.5361690521240235,-0.01479695066809646,0.604491651058197,0.5569273591041565,-0.018996846303343744,0.6133163690567017,0.5213803291320801,-0.02183364816009994,0.6115077376365662,0.5266557931900024,-0.017985993996262502,0.6074923157691956,0.5380018472671508,-0.014017988182604241
0.5811299681663513,0.6199067354202271,1.3588046332557724e-08,0.568429696559906,0.5844691634178162,-0.0012726127984933398,0.5680862307548523,0.5478452682495117,-0.003811644739471341,0.5763432025909424,0.5202146649360657,-0.00632453048601742,0.5862399816513062,0.506612241268158,-0.008560775546357001,0.5707207560539246,0.5369092464447022,-0.011047976836562121,0.573903501033783,0.49399182200431824,-0.020760472305119,0.5764551162719727,0.4646938562393188,-0.028127902001142464,0.5781033992767334,0.4404141306877136,-0.032985888421535436,0.5844004034996033,0.5417923927307129,-0.01390455514192576,0.594150996208191,0.4916306376457214,-0.02330670356750482,0.594646167755127,0.5017996191978455,-0.02546530477702614,0.5908280968666076,0.5189728379249573,-0.02505078427493566,0.5984792828559876,0.5500710964202882,-0.016467905044555642,0.6088211417198182,0.5074145257472992,-0.02324244193732732,0.6065694332122803,0.519615125656128,-0.01979428716003888,0.6016899228096009,0.5363793969154358,-0.015410381741821699,0.6111042857170105,0.5608724236488343,-0.019243843108415582,0.621523666381836,0.5245604157447815,-0.0223886381834745,0.6190317511558533,0.5276008367538452,-0.01875293068587774,0.6142467141151429,0.5377736568450928,-0.014906969293951921
0.5844589471817018,0.6216279029846191,1.3785039687519431e-08,0.5718364000320434,0.5861277699470521,-0.00134490903001278,0.5704482555389404,0.548786199092865,-0.0038890155265107404,0.5779208779335022,0.5202028155326843,-0.00606800867244596,0.5870668411254883,0.5068830966949462,-0.007896885043010081,0.5757491350173951,0.5391039252281189,-0.013377473596483442,0.5813957691192627,0.4944964110851289,-0.02327288333326574,0.5853745460510255,0.46483812928199764,-0.030375143513083423,0.5883175730705261,0.44119781255722046,-0.03486553803086276,0.5899740576744079,0.5460414648056031,-0.01575322151184078,0.6023292422294617,0.494472599029541,-0.0251485019922256,0.6009957909584046,0.5031296133995057,-0.026375633478164642,0.5958731174468994,0.5200907230377197,-0.025180535018444,0.6040831446647645,0.5554738283157349,-0.01768493466079232,0.6161389350891113,0.5113476991653443,-0.0240693308413028,0.6123754262924195,0.5196303725242615,-0.020140998438000622,0.6066376805305482,0.5345718264579773,-0.01545662935823196,0.6164692878723145,0.5666405916213989,-0.01979094594717024,0.6285826921463012,0.5298971772193909,-0.022735729068517643,0.6253529787063599,0.5293392777442932,-0.01906782239675516,0.6198565244674683,0.5371205091476441,-0.01514105256646866
0.5865660309791565,0.6236318111419678,1.6024383509005704e-08,0.5739975929260254,0.5874735116958618,-0.0008186540566384801,0.5716180443763733,0.5491801738739014,-0.00326806076336648,0.5780047178268433,0.5192064881324768,-0.00504054864868516,0.5860012769699097,0.5056490540504456,-0.00638449224643406,0.5790010213851929,0.5419995546340942,-0.01579360235482452,0.586955738067627,0.49527980685234074,-0.02575961425900456,0.5920752048492431,0.4651106119155884,-0.03251671008765694,0.5960386991500854,0.44207021594047546,-0.03658180683851238,0.5936232089996338,0.5509460806846619,-0.01784112006425854,0.6082042932510376,0.49690913558006283,-0.02674168162047858,0.6054169416427613,0.5029638171195984,-0.026743771135806997,0.5995369672775269,0.5190955400466919,-0.02473088242113584,0.6077680706977844,0.5612949013710022,-0.01919476501643654,0.6214379191398621,0.5147584557533265,-0.02462831623852244,0.6163736701011658,0.5184025764465332,-0.01995221190154548,0.6100911378860474,0.5313765048980713,-0.014959598891437,0.6200950503349305,0.5724753141403198,-0.020646446943283058,0.633865249156952,0.5344252347946167,-0.022956664860248523,0.6298709988594056,0.5297410488128662,-0.019086940959095883,0.623731005191803,0.535000491142273,-0.01505634970962996
0.5876877784729004,0.6246675252914429,1.4194129960287684e-08,0.575013017654419,0.5888512134552002,-0.0013973988010548,0.5718455910682678,0.5490576386451722,-0.0037510844878851997,0.5779111623764038,0.5175328850746155,-0.0050454842858016005,0.5854656815528869,0.5029987335205078,-0.00576863489113746,0.581093180179596,0.543743920326233,-0.017334013432264303,0.5906619668006897,0.4958422958850861,-0.02735944055020806,0.5965975880622864,0.46581640243530276,-0.033861429244279824,0.601382601261139,0.4431397199630738,-0.0376263946294784,0.596203637123108,0.5537076234817505,-0.01875625215470788,0.6118303656578064,0.49868984222412105,-0.027497809752821883,0.607505488395691,0.5031241059303284,-0.02675054930150504,0.6009047508239747,0.5186915636062622,-0.02413759380578988,0.61026109457016,0.5643388271331787,-0.019491015374660442,0.6246309280395508,0.5165503621101379,-0.02469987496733658,0.6183987140655518,0.5170651078224182,-0.019750798121094662,0.6116724729537963,0.5286237955093385,-0.01455679014325136,0.6223704099655152,0.57558833360672,-0.02035767659544942,0.6368666529655457,0.5371844530105592,-0.022647582367062522,0.6322266340255738,0.5294092655181885,-0.018921366706490462,0.6256271123886109,0.5329568386077881,-0.014946881681680641
0.5875447154045106,0.6251253724098206,1.1373411556991898e-08,0.5751045942306519,0.5892704248428344,-0.0014896957847667942,0.5723813891410828,0.5488610744476319,-0.003997517703101,0.5791919469833374,0.5170089602470398,-0.00543183442205186,0.5875227451324463,0.5020537376403809,-0.00626161601394412,0.5810595989227295,0.5443560838699342,-0.01758792921900746,0.5911433815956115,0.4963524520397187,-0.02749579213559626,0.5976047039031983,0.46634821891784667,-0.03364945128560062,0.6028483390808106,0.44383783936500554,-0.03712307736277576,0.5961802005767822,0.5545178294181824,-0.018982264026999443,0.6127046942710876,0.4999688804149628,-0.027788190916180584,0.607954490184784,0.5048186302185059,-0.02683399505913254,0.6008888959884644,0.5205292940139771,-0.02398467883467668,0.610350263118744,0.5651764273643494,-0.019671199470758384,0.6251911520957947,0.5178270459175109,-0.02479351572692388,0.6185953617095947,0.5181518077850342,-0.01960883326828474,0.611661720275879,0.5294301271438598,-0.014257831498980461,0.6225821256637574,0.5761929273605347,-0.0204973857849836,0.6370933413505554,0.5382429718971252,-0.022451188042759862,0.6321963310241699,0.5310341000556946,-0.01842149347066874,0.6255728244781494,0.5348794341087342,-0.01427762806415554
0.586264979839325,0.6257649540901185,1.4263051284491017e-08,0.5743221521377564,0.5890223741531373,-0.000397783349399114,0.5726290345191956,0.549077033996582,-0.0028367344290018,0.5805791854858399,0.5181647062301635,-0.00452184895984824,0.5903290987014771,0.5050301671028138,-0.0056797461584210205,0.5791280746459961,0.5446715712547303,-0.016604830510914298,0.5888562440872193,0.4968440711498261,-0.02603486776351926,0.5954117059707642,0.4668353021144867,-0.03174776956439015,0.6006069183349609,0.444503515958786,-0.034917763248085945,0.5935845255851746,0.5546179413795471,-0.018573287129402143,0.6104485511779785,0.5005995333194733,-0.02692250944674012,0.6070217728614807,0.5057400941848755,-0.025883437693119002,0.600644588470459,0.5211830973625183,-0.023066648095846118,0.6078561305999757,0.565134859085083,-0.01970071531832212,0.6228985428810121,0.518346107006073,-0.0242890022695064,0.6173382043838501,0.5190356135368348,-0.018935013189911802,0.6108913898468018,0.5301449060440063,-0.013606227748095922,0.6205150485038757,0.5758054614067077,-0.02088348455727096,0.6348070621490478,0.5374929785728455,-0.02208458222448822,0.6303215265274048,0.5313441276550293,-0.01758196204900736,0.6239386558532716,0.5356710791587829,-0.01322171092033382
0.583840835094452,0.6245482206344604,1.4207898246798581e-08,0.5719229102134705,0.5875576615333558,-0.000738769484814834,0.571634829044342,0.5484801054000855,-0.0032735134474933,0.5811068892478943,0.5192865371704102,-0.00530164479278024,0.5920654892921448,0.5077192068099976,-0.0068741282448172205,0.5763262510299683,0.5427196383476257,-0.01440752539783714,0.5842052340507508,0.49693577289581303,-0.0235830398276448,0.58992919921875,0.4677425742149353,-0.029421932995319325,0.594428825378418,0.4451207339763642,-0.03283911533653732,0.5904179692268372,0.5510660290718079,-0.0166558440774679,0.605454170703888,0.5001995801925659,-0.0252773709595203,0.603476095199585,0.5079503774642944,-0.025268547981977425,0.5978850483894348,0.5236231446266175,-0.02316495627164836,0.6047502994537354,0.5606583118438722,-0.0182424342259764,0.618130087852478,0.5173363208770753,-0.023522473126649818,0.6133700013160706,0.5228945970535279,-0.018779484182596163,0.6071496486663819,0.5355173707008362,-0.013699046522378862,0.6176879405975342,0.5710615277290345,-0.01993307806551452,0.6300787568092345,0.5346291661262512,-0.02143365591764446,0.6259406566619873,0.5329469561576844,-0.01694345884025092,0.6199676990509033,0.539600670337677,-0.01258401516824956
0.5808669090270997,0.6237016439437866,1.2113038316829974e-08,0.5688686609268189,0.5884198188781739,-0.0018103303566021941,0.5693694591522217,0.5502827763557434,-0.00438246726989744,0.5799477219581605,0.5217998623847961,-0.006629452435299721,0.5919498562812805,0.5103234171867371,-0.00840449128299946,0.5718671202659606,0.540947699546814,-0.01189868142828342,0.5777267336845398,0.49822961091995244,-0.02085096240043638,0.5825121164321899,0.469950544834137,-0.026903845742344803,0.5862935781478882,0.4468755781650543,-0.030669866129755922,0.5856657147407532,0.5467658162117004,-0.01419496089220044,0.5976984262466432,0.49945046901702883,-0.023147470876574462,0.5968998193740844,0.5086117029190064,-0.02440487183630462,0.5922873139381408,0.5232884287834167,-0.02321726419031616,0.5999958276748658,0.5550098538398743,-0.016170876286923822,0.6113793611526489,0.5155426859855653,-0.0226653557270765,0.6077750325202942,0.5262930631637573,-0.01894335262477392,0.6023227572441101,0.5408982396125793,-0.01428172327578062,0.6131388306617738,0.5650335788726808,-0.018349967338144722,0.6235838770866394,0.5308082222938537,-0.02084130235016342,0.6200526475906373,0.5334429621696473,-0.0167978603392839,0.6148322343826295,0.5426066160202027,-0.012648046016693061
0.5766037225723267,0.6245590925216675,1.0551582940721007e-08,0.5643733501434326,0.5898090839385988,-0.001782924676444934,0.5651164889335633,0.5525350689888,-0.00435567349195478,0.5754886984825135,0.524430549144745,-0.0068591941613703605,0.5874910116195678,0.512574076652527,-0.008926294464617901,0.5656379818916322,0.5414688944816589,-0.009964729007333481,0.5694564819335938,0.5005042314529419,-0.018669206649065,0.5731357216835022,0.4727678656578064,-0.024758471176028203,0.575881850719452,0.4494288384914398,-0.02872874252498146,0.579103410243988,0.5459592580795288,-0.01268491242080922,0.5891290545463562,0.4995728015899658,-0.02204364575445646,0.5897515773773194,0.5118346214294434,-0.024067386984825103,0.5860678791999817,0.5273213982582092,-0.02335888929665086,0.5935267806053162,0.5536567211151123,-0.015186304599046642,0.6032543659210206,0.5149158835411072,-0.022376392781734422,0.6009596109390258,0.5301754117012024,-0.018897098302841142,0.5962448000907898,0.546343207359314,-0.014272687211632681,0.606850516796112,0.5636627674102783,-0.0178850451484322,0.6158026218414306,0.5305881977081299,-0.02072353027760978,0.6129121303558349,0.5371171474456788,-0.01657554060220714,0.6083843469619751,0.5479656577110291,-0.01235485225915902
0.5629372119903565,0.6230406761169435,5.20345106003184e-08,0.5567521691322327,0.59143306016922,-0.00471393961925056,0.5602299332618713,0.5551565170288086,-0.008531106123700699,0.5712615609169007,0.5270489811897279,-0.012127021187916361,0.5838734149932862,0.5130589485168457,-0.01543700089678162,0.5562831044197083,0.5336589574813844,-0.01036237729713316,0.5595261454582214,0.49299900531768803,-0.01919433921575544,0.562329363822937,0.46559203863143916,-0.0256471317261457,0.5642922997474671,0.4415285766124726,-0.03013464920222756,0.5636753916740418,0.5358542203903198,-0.012542123533785301,0.5692441701889038,0.4904351949691772,-0.02194631397724146,0.5699187994003296,0.4942182898521423,-0.025467155873775443,0.5671326637268066,0.500681746006012,-0.02634270042181012,0.5724033713340759,0.5439322829246521,-0.014963924139738021,0.5775325894355774,0.5062185823917389,-0.02303754352033134,0.5757063448429108,0.5140109300613404,-0.02185274027287956,0.5719223499298096,0.5220042645931244,-0.01915495172142978,0.5808596968650818,0.5563571333885193,-0.01782839689403768,0.5850949227809906,0.5252458214759828,-0.02242000810801978,0.5820637702941894,0.527282989025116,-0.020249065756797743,0.5780039072036743,0.5320867657661439,-0.01755166538059704
0.5499335050582885,0.6217243552207947,8.94804854545406e-08,0.549640166759491,0.5937690973281861,-0.00811971251387144,0.5552469491958618,0.5578554749488831,-0.013274297863244942,0.5664826273918152,0.5286455750465393,-0.01788029540330168,0.5793782949447632,0.5111743927001953,-0.022290249634534062,0.5476311326026917,0.5261219382286072,-0.01156548270955676,0.5509820699691773,0.4852757513523102,-0.020789553970098483,0.5531653523445129,0.4580232679843902,-0.027610205486416784,0.5546242952346802,0.43332110643386845,-0.03252834081649778,0.5493317127227784,0.5264032363891602,-0.0129362097010016,0.5511688113212585,0.48145349621772765,-0.0227315496653318,0.5509460926055908,0.4770609140396118,-0.02756200768053528,0.548401415348053,0.4751041889190674,-0.029711829498410183,0.5525145292282104,0.5350727319717408,-0.015039094164967482,0.5534525871276856,0.4978683471679688,-0.02429873347282406,0.5514547824859619,0.4980940937995911,-0.025275928899645764,0.548356831073761,0.49799821376800535,-0.024276165105402422,0.5560860395431518,0.5499552369117737,-0.01783858481794592,0.5557270288467407,0.5208611369132996,-0.02437873221933838,0.5522315979003907,0.5182127714157105,-0.024136713892221405,0.5485661268234253,0.5168630957603455,-0.022843822836875843
0.5380204319953918,0.6217949271202088,1.277738652993854e-07,0.5439423680305481,0.5971915602684021,-0.010489043570123561,0.5516299486160279,0.5614969253540039,-0.01662465240806334,0.5625013113021851,0.5307453751564026,-0.021888554655015442,0.5752567172050477,0.509345293045044,-0.02700034091249104,0.5399137735366821,0.5203990697860719,-0.013452781084924861,0.5441599011421203,0.47798554301261903,-0.02321534398943184,0.5463324308395385,0.4500963270664215,-0.03045350201427932,0.5477237105369568,0.42479888796806337,-0.03570883050560948,0.535541868209839,0.5198669910430909,-0.01423443984240288,0.5351429581642151,0.47259271144866943,-0.02395038753747936,0.5341408252716064,0.45913898944854736,-0.02946914359927172,0.5318918943405151,0.44881809353828434,-0.032579763978719666,0.5331315934658051,0.5295310616493225,-0.01605238113552326,0.5312693238258362,0.489704567193985,-0.02556482627987858,0.5295546054840088,0.480236279964447,-0.02806802280247206,0.5276211619377136,0.47157555222511294,-0.028597620502114243,0.5318774878978729,0.5467511177062989,-0.01876525375992056,0.5282879054546357,0.517186963558197,-0.0264603395015001,0.5245116233825683,0.5079385578632354,-0.027720525115728322,0.5212145388126374,0.4996469378471375,-0.02765396982431404
0.5267812013626099,0.6215644121170044,1.680117421520855e-07,0.5388952136039734,0.5982682824134827,-0.012132164812646761,0.5492075800895692,0.5627973079681396,-0.01932810414582484,0.5601367235183716,0.5315003752708436,-0.025381705723702883,0.5729312658309937,0.5076128721237183,-0.031410561222583025,0.5338294863700866,0.51445974111557,-0.01567074432969086,0.5391903519630432,0.46935741305351264,-0.02589807547628876,0.5414255619049072,0.4407186150550842,-0.03343340754508968,0.5427255630493164,0.41498983502388004,-0.03890786767005918,0.5233599066734315,0.5140824794769286,-0.016076442413032,0.5218912720680237,0.46406779289245603,-0.02559837885200974,0.5204114079475404,0.4428396463394165,-0.0315166018903255,0.5183111548423767,0.4254283249378204,-0.035358952730894046,0.5154427647590638,0.5252319812774658,-0.017657043971121243,0.5110283017158509,0.48229430317878724,-0.026839279755949942,0.5092263340950012,0.46282162666320803,-0.030414542183279943,0.5079145371913909,0.44505395293235783,-0.032293881103396364,0.5094216406345367,0.5449794292449952,-0.020281588286161403,0.5025772392749787,0.5146467685699463,-0.02840249054133888,0.4982522428035736,0.4989101648330688,-0.0307094063609838,0.4949911117553711,0.4833651661872864,-0.0316566761583089
0.5166625261306763,0.6195936441421509,2.0920930694501298e-07,0.5352821946144104,0.5986604332923889,-0.014615380764007521,0.5484350442886352,0.5640652537345886,-0.02303544469177716,0.560089647769928,0.5324821829795838,-0.030072944611310923,0.5733520269393921,0.5064980149269105,-0.03721433430910108,0.5294525623321533,0.5060121774673463,-0.017360484972596103,0.536123263835907,0.45970706343650825,-0.02802596613764758,0.538584852218628,0.4306012153625488,-0.03596054613590236,0.5400599360466003,0.40441061854362487,-0.04176309853792188,0.5129810810089112,0.5046417593955994,-0.01712623685598368,0.5095868587493897,0.4546325564384461,-0.026463862136006322,0.5073947191238404,0.42355132699012754,-0.033284631371498064,0.5054460644721985,0.39698435068130494,-0.038300374150276144,0.49954624772071843,0.5166639924049378,-0.01838457174599164,0.4922995090484619,0.47395024299621585,-0.027769904956221562,0.4902735650539399,0.444688367843628,-0.03318945914506906,0.489544540643692,0.41803981661796574,-0.036817756295204104,0.48883990049362186,0.5386396646499634,-0.020910616964101764,0.4786231637001037,0.5088267683982849,-0.0301799569278955,0.47371745109558105,0.4867104291915893,-0.03414443433284754,0.4704336762428284,0.4644143462181092,-0.03641862198710434
0.5166744828224182,0.619934368133545,2.0942071330409822e-07,0.5352486371994019,0.59869202375412,-0.014594172313809342,0.5483424305915833,0.5641241669654846,-0.022961495071649504,0.559969687461853,0.5323085904121398,-0.029931005835533105,0.5732381463050843,0.5063317894935608,-0.03697208538651464,0.5293867230415343,0.5061424016952515,-0.01713543049991124,0.5360291957855224,0.4597040474414826,-0.02764406092464918,0.5384428262710572,0.43062029480934144,-0.03549313023686404,0.5398660898208618,0.4044874489307404,-0.04122926741838452,0.5128999471664429,0.5047046899795533,-0.016825085878372142,0.5095479130744934,0.4546802878379822,-0.025974603742361022,0.5073300242424013,0.4236089527606964,-0.032687993347644766,0.5054148435592652,0.39709862470626833,-0.03763276711106296,0.4994848132133484,0.5165882110595703,-0.018006539717316562,0.49224653840065,0.47397263050079347,-0.0271581560373306,0.4901914715766907,0.4447369098663331,-0.03244807012379164,0.4895085632801056,0.41815702319145204,-0.03601060584187502,0.48877960443496704,0.5384872436523438,-0.020469842478632903,0.47851986885070796,0.5087401866912842,-0.02951663509011264,0.4736380755901337,0.4866743445396423,-0.033339995145797684,0.470455014705658,0.4644515752792359,-0.0355233967304229
0.5165895581245422,0.6201259016990662,2.0765541535183733e-07,0.5352221131324768,0.5988346934318542,-0.01442559342831368,0.5483377933502197,0.5641580581665039,-0.022641996666789024,0.5598755717277527,0.5321739912033081,-0.029501688107848124,0.5731399059295654,0.5062142372131349,-0.03641140460968015,0.5293403983116151,0.5059918880462646,-0.0166127705946564,0.5359686017036438,0.4596808016300202,-0.026980111002922,0.5383222579956055,0.430595076084137,-0.03477444052696222,0.5397230744361878,0.4045468926429749,-0.040481256693601565,0.5128087878227234,0.5044956922531129,-0.01632900498807424,0.5093971252441406,0.4546274065971374,-0.025351321697235044,0.5072078585624695,0.4236308515071869,-0.032006015628576245,0.5053927421569825,0.3971990287303925,-0.036905605345964404,0.4993820667266846,0.5162934780120849,-0.01754518263041966,0.4921230554580689,0.4737015426158905,-0.0265881139785051,0.4900688946247101,0.44470344185829164,-0.03180546350777144,0.4894568264484406,0.4182708024978638,-0.03531740605831142,0.4886952042579651,0.538150954246521,-0.0200436774641275,0.4784604966640472,0.5086294889450074,-0.029016594588756522,0.4735446035861969,0.48668560981750486,-0.03280345350503918,0.4703502058982849,0.4644636034965515,-0.034952054172754224
0.5165158390998841,0.6202570915222169,2.0502183986081949e-07,0.5351883769035339,0.5989729881286622,-0.014226894266903361,0.5482859015464783,0.5642483234405518,-0.022326795756816842,0.5597732782363892,0.5321874022483826,-0.02911553569138044,0.5730228662490845,0.5062007427215576,-0.035962565988302185,0.529325520992279,0.5058505892753602,-0.01628811918199056,0.5359578609466553,0.459652054309845,-0.02658207118511194,0.5382388234138489,0.43053198456764225,-0.03434933647513384,0.5396089792251587,0.4045054912567139,-0.040061418712139085,0.512813675403595,0.504353678226471,-0.01608939170837396,0.5092810511589051,0.4546793341636658,-0.0250933110713958,0.5071434855461121,0.42377617955207825,-0.03174877911806104,0.5054578065872193,0.39737238287925725,-0.0366547994315624,0.49939675927162164,0.5162168979644776,-0.01738478317856782,0.49200189709663394,0.4735719323158264,-0.02644844315946098,0.4899272739887237,0.444739305973053,-0.0316781926900148,0.4893623173236847,0.4183164656162262,-0.03520228490233418,0.4887290775775909,0.538150441646576,-0.019946523383259723,0.478461480140686,0.5088263630867005,-0.028993143886327705,0.4734739243984222,0.4868915498256684,-0.03285154998302458,0.4702223837375641,0.4645142436027527,-0.0350475758314132
0.5163257718086244,0.620340621471405,2.023036813625368e-07,0.5352638959884644,0.5989511251449585,-0.01400448009371752,0.5483835339546204,0.5640866279602051,-0.021964114904403663,0.559812068939209,0.5318534851074219,-0.02864407375454896,0.5730202674865723,0.5059422731399537,-0.035404729098081546,0.5293321371078491,0.5059626698493958,-0.01619147360324854,0.5359374642372132,0.4597929656505585,-0.02642793692648406,0.5382125377655029,0.43069319128990174,-0.03414086923003192,0.5395891904830933,0.4046580374240875,-0.03983473703265184,0.5128047585487366,0.5044489979743958,-0.01607583239674562,0.509225606918335,0.45482932925224306,-0.0251118849962949,0.5070526123046876,0.42390012145042416,-0.03180907443165776,0.5053682446479797,0.39743448495864875,-0.03675258383154866,0.4994222640991211,0.5163190603256226,-0.01742009036242956,0.49193882942199707,0.47387275099754333,-0.026521743088960596,0.4897865891456604,0.44498453140258787,-0.03182095326483246,0.48916959166526797,0.4184885203838349,-0.03540206179022786,0.48882271647453307,0.5382703542709351,-0.020002542063593802,0.47855721712112426,0.5089869737625122,-0.029101636260747885,0.47350994348526004,0.4870959520339966,-0.03302809372544286,0.4701789557933807,0.4647371351718903,-0.03528407439589494
0.5163243532180787,0.6203166127204895,2.0288608197915895e-07,0.5354192733764649,0.598921799659729,-0.01388283185660834,0.5484802842140198,0.5639607548713685,-0.021732603013515445,0.5597994565963745,0.5315635919570924,-0.0283083420246839,0.5730935096740724,0.5059329867362976,-0.03496689870953554,0.5293623208999634,0.506052839756012,-0.01609080620110028,0.5360008120536804,0.4598866879940033,-0.0262467116117477,0.5383625626564026,0.43074520230293273,-0.033887845277786224,0.5398085236549378,0.4047613561153412,-0.039526490867137845,0.5127944350242615,0.5045536756515503,-0.015967700257897323,0.5093069553375245,0.4547891080379487,-0.024984456971287664,0.5070861220359802,0.42371782660484314,-0.03168144077062604,0.5053706884384156,0.3972775399684906,-0.036613724380731544,0.49941826462745664,0.516331136226654,-0.01727998852729792,0.49199972748756415,0.4740075469017029,-0.02634323760867114,0.48977550268173214,0.44494484066963197,-0.031682768091559385,0.4891378998756409,0.4184549331665039,-0.03528612703084944,0.48880047798156734,0.5381499171257019,-0.01981215178966516,0.478442907333374,0.508883821964264,-0.028841173276305185,0.47348600029945376,0.48706473112106324,-0.03277128413319584,0.4703564763069153,0.46492484807968143,-0.03503443151712412
0.5163743734359741,0.6200974941253663,2.0061537782112284e-07,0.5355203151702881,0.598733687400818,-0.013654504157602741,0.5485699772834778,0.5636730670928956,-0.02141682431101794,0.5598723173141479,0.5313486337661744,-0.02795129530131812,0.573177468776703,0.5058626174926758,-0.0345893666148185,0.5293563604354858,0.5059810042381288,-0.015987566486000963,0.5359931230545044,0.4598556518554688,-0.026119728386402103,0.5383807182312013,0.4307469069957733,-0.033733832836151084,0.5398650646209717,0.4047825813293457,-0.039365892112255024,0.5128413558006286,0.5046377062797547,-0.01597923152148718,0.5092845678329467,0.4547695338726044,-0.025005662813782623,0.5070689082145691,0.4237011194229126,-0.03170845732092854,0.5053206324577332,0.3971754729747772,-0.0366511836647987,0.49953598976135255,0.5165436267852784,-0.017378030344843823,0.49207621812820435,0.4741312444210053,-0.02646947801113124,0.4898339450359344,0.44508800506591795,-0.031830263137817345,0.48911834955215455,0.4184956908226013,-0.035451353341341,0.48901383280754085,0.538424551486969,-0.019968676939606602,0.4786271333694458,0.5092133283615112,-0.029030148312449447,0.47357323169708254,0.48738474249839786,-0.032997788488864865,0.4702674925327301,0.46511454582214357,-0.035295097529888096
0.5165411114692688,0.6196683645248413,2.0251801799986426e-07,0.5357024908065796,0.5981213331222535,-0.013726163655519442,0.5486932277679444,0.5634635329246521,-0.02151783369481558,0.5599718928337097,0.5311453819274902,-0.028040506318211523,0.573241662979126,0.505757200717926,-0.03465489968657486,0.5293723702430726,0.5059372067451477,-0.0160804813727736,0.536061930656433,0.4597479343414307,-0.026117863133549662,0.5384342193603516,0.43067936897277825,-0.03365198746323582,0.5398669362068176,0.40479278564453125,-0.0392221808433532,0.5128727436065674,0.5046513438224793,-0.015957851707935282,0.5094343066215515,0.454601526260376,-0.024873197823762842,0.5071683883666993,0.4235037147998809,-0.031511799246072746,0.505365264415741,0.3971271991729736,-0.03641791939735408,0.49962186217308047,0.5165184736251831,-0.01723279729485508,0.49219115972518923,0.47421842813491827,-0.026204948499798722,0.4899560153484344,0.44508563876152035,-0.031564579904079404,0.4892758190631867,0.4185729622840882,-0.03520023897290228,0.4891361892223358,0.5382881045341492,-0.019699330627918184,0.47861048579216003,0.5091401338577272,-0.028661869466304765,0.4735872030258179,0.487398624420166,-0.03261489570140834,0.4704044580459595,0.4653328776359558,-0.03491097316145892
0.5170490741729736,0.6198586702346802,2.015994937210053e-07,0.5361497521400452,0.5978548288345338,-0.013675384782254642,0.5488802433013917,0.5632413387298584,-0.0214958600699901,0.5600136756896973,0.5310029625892639,-0.028045510128140425,0.5732693791389466,0.5056537628173828,-0.03470128104090684,0.5294722199440003,0.506075918674469,-0.01620114594697948,0.5361629724502563,0.4599171578884125,-0.026227736845612505,0.5385039687156677,0.4309161961078643,-0.03376310095190998,0.5398890256881714,0.40498493313789363,-0.03935340344905846,0.5130576729774475,0.5049461960792542,-0.01613353602588172,0.5095969557762146,0.45482043623924256,-0.025011608377099002,0.5072398900985718,0.42370648980140685,-0.03162416070699689,0.5053159475326539,0.3972741782665252,-0.036537278443574864,0.4998822629451752,0.5170102000236512,-0.01745338253676888,0.49238528013229366,0.4746604323387146,-0.02641217261552806,0.4901122212409973,0.44535462856292723,-0.03178844898939128,0.48934965133666997,0.41874612569808967,-0.03545453473925588,0.4894576668739319,0.5390127420425415,-0.01995525062084192,0.4787893772125244,0.5097071409225464,-0.028921337425708744,0.47369008660316464,0.4878108680248261,-0.0328860610723495,0.4704047918319702,0.46569530963897704,-0.03521011322736736
0.517389452457428,0.619456446170807,2.0311045147991536e-07,0.5363217115402221,0.5974141597747803,-0.01370905898511404,0.5489923954010011,0.563035249710083,-0.021610201895236922,0.5601322054862976,0.5310407638549806,-0.028261326998472183,0.5733985304832458,0.5055699944496155,-0.03501067161560052,0.5295261025428772,0.5057483434677125,-0.016104770824313122,0.5362048625946045,0.4598243236541748,-0.026169745624065363,0.5384815573692322,0.4308576166629791,-0.03375902622938152,0.5398300647735595,0.40497633218765255,-0.03936924859881394,0.513119125366211,0.504654622077942,-0.01604651734232898,0.509640347957611,0.4545611679553986,-0.02486850805580612,0.5073111534118653,0.42351872324943546,-0.031395506486296625,0.5054303765296937,0.39723323583602904,-0.03624071031808848,0.4999263107776642,0.5167589664459229,-0.017401763796806302,0.49248923659324645,0.4742319226264954,-0.02630813531577584,0.4903586506843567,0.4453388214111328,-0.0315584264695644,0.48977432847023006,0.41916402578353884,-0.03512185513973234,0.4894782602787018,0.5387902021408081,-0.01995722688734526,0.47875311970710754,0.5096542358398438,-0.028871801123023004,0.47359833717346195,0.48780261278152465,-0.03276785090565676,0.47030138969421387,0.46572693586349484,-0.0350266151130199
0.517706048488617,0.6191467046737671,2.0269840774744808e-07,0.5364958047866821,0.597083330154419,-0.013752969913184582,0.5491316080093384,0.5628229022026062,-0.021730338409543002,0.5602512955665588,0.5310760617256165,-0.02847642600536342,0.5734549283981324,0.5054003357887269,-0.03531712070107454,0.5296534538269043,0.5053591728210449,-0.01608571819961068,0.5362456917762757,0.45961250066757203,-0.026211713999509764,0.5383973121643066,0.4307490289211273,-0.0338586568832397,0.5396644949913025,0.4049145460128784,-0.03950274288654319,0.5132325172424316,0.5043145298957825,-0.0160557989031076,0.5096834182739258,0.454422926902771,-0.02485669963061804,0.5074023842811585,0.42359039783477787,-0.03132504895329472,0.5055968999862671,0.39741706848144526,-0.03613330349326128,0.5000014364719391,0.5165390610694885,-0.01746520996093746,0.49252475500106807,0.473938399553299,-0.026367074251174905,0.4905040144920349,0.4455128729343414,-0.03152191489934918,0.490055239200592,0.419679194688797,-0.03501684740185736,0.48953472375869755,0.5387340307235718,-0.020091309770941684,0.47884510159492494,0.5097665548324585,-0.029017929732799503,0.4735635697841645,0.48795259594917295,-0.03288290128111834,0.47010776996612547,0.46576383113861086,-0.035114461183547926
0.5178176879882813,0.618904173374176,2.0212493154758706e-07,0.5366990566253662,0.5967726469039918,-0.01373148486018174,0.5492959022521973,0.562900447845459,-0.021716983616352062,0.5602198719978333,0.5313260197639466,-0.028487185388803443,0.5733569979667664,0.5057536840438843,-0.03534956052899356,0.5297048807144165,0.5051767349243164,-0.0160114966332912,0.5364403367042541,0.4595495402812958,-0.026125200092792462,0.538500189781189,0.43069862723350527,-0.0337760135531425,0.5396779298782348,0.40488244295120235,-0.039428510516881884,0.5133143544197083,0.5041261553764343,-0.015987248718738502,0.5097954750061036,0.45448132753372195,-0.0247661486268043,0.5074401140213013,0.4236574113368988,-0.031210960447788223,0.5055956244468689,0.3975049614906311,-0.036009801924228604,0.5000762522220612,0.5163373827934266,-0.01741173751652236,0.4926250994205475,0.47381153702735906,-0.026330666244029965,0.4906790792942047,0.4455617547035218,-0.03148401603102682,0.4903386950492859,0.4199863612651825,-0.034968030452728255,0.4896035134792328,0.5385427594184876,-0.020054671913385343,0.47888586521148685,0.5097243785858154,-0.029032135009765585,0.47354198694229127,0.48794977664947503,-0.03294242024421686,0.47004689574241637,0.46589022874832153,-0.03519409447908396
0.5181901574134827,0.6191991329193116,1.9931085830648955e-07,0.5369966506958008,0.5969063878059386,-0.013399019464850342,0.5495012283325196,0.5627180933952332,-0.02128043994307516,0.5602320432662964,0.5312932133674622,-0.0280332271009683,0.5733514904975892,0.5058196306228638,-0.034910613298416104,0.5297819972038269,0.5052926659584045,-0.0158076042309403,0.5364757180213928,0.45978619456291203,-0.02595685310661788,0.5384927034378052,0.430869859457016,-0.03364005461335176,0.5396406531333924,0.404961621761322,-0.03932225108146663,0.513448715209961,0.5044086098670959,-0.01600531022995704,0.5098332881927491,0.4549620032310486,-0.024828131869435263,0.5074645161628724,0.424109035730362,-0.0312818933278322,0.5055712223052979,0.39777066707611086,-0.036084945499896943,0.5002436995506286,0.5167869687080384,-0.017625050991773562,0.49270638227462765,0.47423199415206907,-0.02658111974596974,0.4907330572605133,0.44602911472320556,-0.03167888596653936,0.49031277894973757,0.42040141820907595,-0.035121380537748326,0.489821994304657,0.5392290353775024,-0.02043900862336154,0.4790567994117737,0.5104803919792176,-0.029433796182274763,0.47365178465843205,0.48862785696983335,-0.03329978808760636,0.4700088977813721,0.46641889214515686,-0.03551750704646104
0.5179904580116272,0.6184422612190247,2.0239326943283235e-07,0.5368421912193299,0.5964345335960388,-0.013507950678467662,0.5494816303253174,0.5626317381858826,-0.02144634090363976,0.5602995395660402,0.5313421130180359,-0.02822720557451242,0.5733661174774171,0.5058032155036927,-0.03510890975594516,0.5296895146369934,0.5053060293197632,-0.015903994627296882,0.5364532947540284,0.459634006023407,-0.0260225780308246,0.5384430408477783,0.43066237568855287,-0.03363000378012652,0.5395359635353089,0.40481870174407963,-0.0392179630696773,0.5133258223533631,0.5043736577033997,-0.015973737277090484,0.509793496131897,0.4548674881458282,-0.02473314926028246,0.5074549674987794,0.42392879724502563,-0.0310921426862478,0.5055652141571045,0.3976499676704407,-0.03580413907766336,0.500110536813736,0.5165876030921936,-0.01746219322085376,0.4927042663097381,0.4741091549396515,-0.026304659247398342,0.49083701372146604,0.44614396095275877,-0.03129329867660998,0.49052706956863407,0.4207653522491456,-0.0346488483250141,0.48972670435905463,0.5387368083000184,-0.02015822604298588,0.4790394127368927,0.5102703690528869,-0.029026028141379303,0.4736694872379303,0.4886102914810181,-0.03280314207077018,0.4700754642486573,0.4665484368801117,-0.034943829476833284
0.5182539582252503,0.6182536840438843,2.0286921369461204e-07,0.5371635437011719,0.59618079662323,-0.013505838997661982,0.5496926188468934,0.5624960780143738,-0.0214005663990974,0.5603116393089295,0.531358814239502,-0.0281206883490085,0.5731902718544006,0.505920672416687,-0.03494800552725788,0.5297294378280639,0.5054423689842225,-0.015955079905688722,0.5364472150802613,0.4597254753112793,-0.026050592213869038,0.5384147882461547,0.43068897128105166,-0.033613350242376286,0.539487886428833,0.40487233996391303,-0.03917392641305918,0.5133365988731384,0.5046224355697632,-0.016001642681658202,0.5097086548805237,0.45523508787155154,-0.0248123317956924,0.5073325276374818,0.4241968870162964,-0.0312315225601196,0.5054053068161011,0.39787284731864936,-0.03596952408552164,0.5001251757144928,0.5169105410575867,-0.017454110831022218,0.49264373183250426,0.47454243898391724,-0.026401300355792003,0.4907371342182159,0.4463210999965668,-0.03153182305395602,0.4903810799121857,0.4207196593284607,-0.03496475443243978,0.4898297309875489,0.539047396183014,-0.02009238041937348,0.4790862798690796,0.5107533931732178,-0.029092274978756848,0.47379172444343565,0.48911466002464293,-0.03299197256565086,0.4703099429607392,0.4671115934848786,-0.03520236760377878
0.5185336470603943,0.6181801915168763,2.0292156932555375e-07,0.5373898029327393,0.5959709882736206,-0.013418527692556302,0.5497507452964783,0.5626506805419922,-0.021292628347873644,0.5601581096649171,0.5317623257637024,-0.027988346666097584,0.5728431105613709,0.5064913392066955,-0.03478913754224774,0.5297279357910156,0.5056274056434632,-0.0159498473629355,0.5365488052368165,0.4599084734916687,-0.025987581163644743,0.538400399684906,0.4308419167995453,-0.03348987549543376,0.5393409252166749,0.40511150360107423,-0.039010045677423416,0.5133501529693604,0.5049347639083863,-0.016001765988767083,0.5096125483512879,0.4556037247180939,-0.02482323460280892,0.5071816086769104,0.4244230628013611,-0.031261009350419006,0.505206310749054,0.3980494439601898,-0.03599310815334316,0.5001829564571381,0.5172757983207703,-0.01743311285972592,0.4926325500011444,0.4748997747898102,-0.02641779184341426,0.4907387793064117,0.446485584974289,-0.0316198881715536,0.490382719039917,0.4208116471767426,-0.03507406413555142,0.4900317966938019,0.5393438816070557,-0.02002277486026284,0.47919930815696715,0.5110938906669616,-0.029065983742475442,0.4739100992679596,0.4893975079059601,-0.03301588669419282,0.4704555213451386,0.467445307970047,-0.035238584131002386
0.5189028859138489,0.6180383443832398,2.0517256587027078e-07,0.5375956535339356,0.5957513570785522,-0.013447982817888181,0.5498280048370362,0.5625908851623536,-0.021360408887267063,0.5601784586906433,0.5319069981575012,-0.02807832434773438,0.5727132558822632,0.5065108060836792,-0.0348934322595596,0.5297516226768494,0.5056753158569336,-0.0159752273932099,0.5365542769432068,0.46010627746582033,-0.0260186288505792,0.5383126497268677,0.4310149073600769,-0.0335087031126022,0.5391554474830628,0.40538029670715336,-0.03900376409292214,0.5132947564125061,0.5050287008285522,-0.016003345884382663,0.5094317555427551,0.4556584298610687,-0.0248473349958658,0.5070427179336549,0.4244276762008667,-0.03127264194190496,0.5051181554794312,0.39819571375846863,-0.03596045598387716,0.5001072108745576,0.5174094796180726,-0.01740640737116334,0.49249603748321535,0.4749383866786957,-0.026412863656878442,0.49065893888473505,0.4465522110462189,-0.0316109713166952,0.4903750479221343,0.42100604176521306,-0.03502779677510258,0.49003867506980897,0.539419436454773,-0.019960001856088604,0.47915164828300477,0.5112106204032898,-0.02900131680071348,0.47391713261604307,0.48953971862792967,-0.03292988687753672,0.47056945562362673,0.46765234470367434,-0.03511014878749845
0.5188271164894104,0.6177650332450867,2.0673896301559582e-07,0.5375270485877991,0.5954719662666321,-0.013667847216129242,0.5497497320175171,0.5627808451652527,-0.021711674705147684,0.5601107597351075,0.532210624217987,-0.028498503565788202,0.5724949598312378,0.5066678166389466,-0.03535785973072048,0.5296552777290345,0.5057284712791443,-0.01626230962574478,0.5365628957748414,0.46000081300735474,-0.02634189873933786,0.5382725715637208,0.4309763967990875,-0.0338203243911266,0.5390721082687379,0.40545580387115476,-0.039286658167838974,0.5132062554359436,0.5051173806190491,-0.016144058853387783,0.5092459917068481,0.4556734025478363,-0.02506662048399446,0.5068490147590637,0.4244197607040405,-0.03151738420128816,0.5049652814865112,0.3981966435909271,-0.03620431423187254,0.5000424802303315,0.5174419760704041,-0.0174045372754335,0.492492949962616,0.4748968958854675,-0.02648393921554086,0.4907555043697357,0.44657140374183657,-0.0317341651767492,0.49058964848518366,0.42115336656570435,-0.03515480086207386,0.4900390446186066,0.5392084717750549,-0.019821581244468665,0.4791683793067932,0.5109103083610536,-0.02890678085386748,0.4739362597465515,0.489240837097168,-0.03288623169064518,0.4706432163715363,0.46740796566009524,-0.035084293782711
0.5190687775611877,0.617784321308136,2.0643838922751458e-07,0.5378055930137634,0.5953774690628052,-0.013562397286295842,0.549968147277832,0.5626898169517517,-0.0215403582900762,0.5601657509803772,0.5320724725723267,-0.028253537043929022,0.5724035978317261,0.506484580039978,-0.03503380343317982,0.5296982765197754,0.5057203650474549,-0.0162627056241035,0.536641252040863,0.45997329950332644,-0.02628661766648286,0.5382988095283509,0.4309327125549316,-0.0336746551096439,0.5390470504760743,0.40556010603904724,-0.03907019868493074,0.513240945339203,0.5051800727844239,-0.016142075136303863,0.5092042207717896,0.4556240916252136,-0.02510458864271638,0.5067982077598572,0.4243388414382935,-0.03153399564325804,0.5049508810043335,0.3982329905033112,-0.036173655837774245,0.5000937104225159,0.5175419569015504,-0.01737471632659432,0.4924671828746796,0.47493693232536316,-0.02651207819581028,0.4907332718372345,0.44657636880874635,-0.031791039928793875,0.4906180679798126,0.4212434232234955,-0.03519644811749454,0.4901263236999512,0.5392807841300964,-0.01973483897745606,0.47915773987770083,0.5109437108039856,-0.02885985188186164,0.4739224076271057,0.4892443358898163,-0.032877749204635584,0.4706881642341614,0.4674304246902466,-0.03508079424500462
0.519277036190033,0.618485176563263,2.0478423721215222e-07,0.5377798676490784,0.5958602905273437,-0.013428476266562898,0.5497570157051086,0.5629489541053772,-0.021450877189636182,0.5599916100502014,0.5322215676307679,-0.02823290973901742,0.57224942445755,0.5065710306167602,-0.035100252181291536,0.5297330856323242,0.5059867382049561,-0.0164517112076282,0.5367259860038758,0.46005235910415654,-0.02654829770326608,0.5383426666259766,0.4310243368148804,-0.03396321460604664,0.5390451908111573,0.4056391894817352,-0.039376181364059404,0.5133903741836547,0.5054762959480286,-0.01647080965340134,0.5092867136001586,0.4556380808353424,-0.02547840960323808,0.5068745493888855,0.4243167996406555,-0.03187495060265058,0.505050015449524,0.3981977701187134,-0.036489363014698004,0.5003198981285095,0.5179809212684632,-0.017825638130307162,0.4926066994667053,0.47508731484413147,-0.02698757536709304,0.4908715665340423,0.4466817796230316,-0.0322285998612642,0.49074673652648926,0.4213846385478973,-0.03560660481452938,0.4904448091983795,0.5399455308914185,-0.02029288485646244,0.4794618487358094,0.5111833453178406,-0.029446230828762,0.474040150642395,0.4893312513828278,-0.03343292176723476,0.47053432464599615,0.4674772560596466,-0.035612990707159
0.5193027496337891,0.6190652251243591,2.0249625833912433e-07,0.5378765225410462,0.5962613344192506,-0.01332402396947142,0.5498981356620789,0.5628440976142883,-0.021251583471894223,0.560144591331482,0.5317863583564759,-0.02795560657978052,0.5724243640899659,0.5060595035552978,-0.03475365266203876,0.5298634052276612,0.5061506390571595,-0.01634324397891754,0.5367126107215882,0.4601109027862549,-0.0263928603380918,0.5383174300193787,0.43109587430953983,-0.0337772890925407,0.5390579581260682,0.40562506914138796,-0.039187282323837246,0.5135681629180908,0.5056654810905458,-0.016412044316530202,0.5094125747680665,0.45577023625373836,-0.02538724243640896,0.5069766759872437,0.4244583487510681,-0.03176323994994158,0.5051656365394592,0.3982308924198151,-0.03638420104980464,0.5005259633064271,0.5181822180747986,-0.0178141068667173,0.49275733232498176,0.4753121018409729,-0.026946801692247342,0.4909901142120361,0.4469072222709656,-0.0321743573993444,0.4908701598644256,0.4214772880077362,-0.0355655953288078,0.4906263411045074,0.5401934742927551,-0.02032858990132804,0.47957987785339357,0.5113362789154053,-0.02946833223104472,0.47413486838340757,0.48950223922729497,-0.03346751704812046,0.47062415480613706,0.46759511232376094,-0.03567892089486118
0.5192862272262574,0.6193351745605469,2.0125202127019295e-07,0.537952733039856,0.5964739322662355,-0.0132613422349095,0.5499916195869446,0.5624971270561219,-0.02108859345316882,0.5602947235107422,0.5311244487762451,-0.02769507691264148,0.5726300239562989,0.5052838087081909,-0.0343956351280212,0.529964029788971,0.5061035990715027,-0.0162230079993605,0.5367443799972534,0.45984993577003486,-0.026187275350093797,0.5383946180343628,0.4307925045490265,-0.03348630145192142,0.5391831040382385,0.4053376078605652,-0.03883908390998838,0.5137243270874023,0.5056088447570801,-0.01628679782152174,0.5095837473869325,0.4556176602840424,-0.02515900880098338,0.507165277004242,0.42432997226715086,-0.031454092264175365,0.5053751945495606,0.3982476353645325,-0.0360265508294105,0.5007126450538636,0.518128514289856,-0.017688465118408162,0.49289846420288086,0.47520788908004763,-0.02673444822430604,0.4910846412181854,0.4468302965164185,-0.03193641044199462,0.49094214439392087,0.4214303851127625,-0.03533344119787212,0.49082861542701717,0.5401914238929748,-0.020202931389212565,0.4797452390193939,0.5114104628562928,-0.029324368759989682,0.47420212030410763,0.48963788151741033,-0.03334385156631466,0.4705964148044586,0.4677264511585235,-0.03558088988065714
0.5198052763938904,0.6199125170707702,1.9875449197570566e-07,0.538344931602478,0.5968776822090149,-0.01308568008244034,0.5501342177391053,0.562303614616394,-0.02084462083876128,0.5603893995285034,0.5307493805885315,-0.02743458785116668,0.5727617025375367,0.504779052734375,-0.034143066406249964,0.5301958918571472,0.5060370326042175,-0.01615573745220894,0.5368342876434327,0.45975367426872255,-0.02613376975059504,0.5385113835334778,0.4307218134403229,-0.03343199118971822,0.539339816570282,0.40521045923233034,-0.03881164416670796,0.5140461683273315,0.5056617498397828,-0.01640548482537268,0.5098339676856994,0.4556775510311127,-0.02528297826647752,0.5073710680007935,0.4243607699871063,-0.03157251328229898,0.5055297732353211,0.39824622869491577,-0.03617010638117785,0.5010771870613099,0.5184430956840516,-0.018000438436865763,0.4930716693401337,0.4755026340484619,-0.0270921636372804,0.49114776253700254,0.4469634771347046,-0.03233984224498268,0.49089909791946407,0.421343994140625,-0.03580398932099338,0.49123938083648677,0.5408689498901368,-0.02069750204682344,0.48009012341499324,0.5120123624801636,-0.02992418892681592,0.4743628859519958,0.4900141060352326,-0.03403323814272877,0.4705123841762543,0.4678323924541473,-0.036366761475801423
0.5202378392219543,0.6206296563148499,1.9504861370478474e-07,0.5385769486427308,0.5973562836647034,-0.01291637402027842,0.5501412868499757,0.5623077511787415,-0.02064376883208746,0.5603638529777527,0.5306735515594483,-0.02727551497519012,0.5727827906608581,0.504694926738739,-0.03406088948249812,0.5303741693496704,0.5059517860412598,-0.01604712065309282,0.5368800282478333,0.4596913635730744,-0.026113004237413362,0.5385877609252929,0.43073064684867857,-0.0335161045193672,0.5394854426383973,0.4050946712493897,-0.0390066526830196,0.5143485307693482,0.5057768344879151,-0.01651943884789942,0.5100048899650574,0.4559899985790252,-0.02547435536980622,0.5074958920478821,0.42469625473022465,-0.03187072910368436,0.5056214332580566,0.39840055704116817,-0.03659150525927538,0.501451849937439,0.5188222646713258,-0.01835071556270116,0.4932717740535736,0.47590432763099666,-0.02754797600209708,0.4912455677986145,0.4471920430660248,-0.03290049806237216,0.49088566303253167,0.421270102262497,-0.0364803664386272,0.49167788624763487,0.5415806174278259,-0.02128024734556668,0.4804551601409912,0.5126063823699951,-0.03065808452665798,0.4745598137378693,0.49038523435592657,-0.03488740772008892,0.4704892337322235,0.4679265141487122,-0.03734410330653186
0.5202497601509095,0.6206428408622742,1.9546436362816173e-07,0.5386694431304933,0.5973526000976563,-0.01299555301666256,0.5503662467002869,0.562170422077179,-0.02071550488471978,0.5606727004051208,0.5303656935691834,-0.027312653884291604,0.5730300545692444,0.5041768550872803,-0.0340548530220985,0.5304772257804871,0.5059931159019471,-0.01601153481751676,0.5368896842002869,0.45972717404365543,-0.026032801717519722,0.5386009812355042,0.43075380921363826,-0.03341346383094784,0.5395240545272827,0.40508977174758914,-0.038879398256540264,0.5144550204277039,0.5059223413467407,-0.01638123244047162,0.5101035356521607,0.45623596906661984,-0.025278497114777483,0.5075742244720459,0.42487262487411503,-0.0316604603081941,0.505672824382782,0.39847429394721984,-0.03638275265693658,0.5016011834144593,0.5189621210098267,-0.018113994225859582,0.4934990525245666,0.47614521980285646,-0.027219155803322764,0.49147148728370665,0.44742627143859864,-0.032537815719842864,0.4911037683486938,0.4213812112808228,-0.03611517548561092,0.49186844229698184,0.5416152358055115,-0.020959439128637243,0.48067566156387326,0.5128565073013306,-0.03025133796036236,0.4748225927352906,0.49066578149795537,-0.03446124866604802,0.4707908451557159,0.4681039035320282,-0.03691781833767888
0.5205118894577027,0.6203219652175903,1.9638104333807868e-07,0.538796103000641,0.5969922661781312,-0.012997758015990221,0.5504019737243653,0.561733639240265,-0.0207234472036361,0.5608373761177063,0.5299286127090455,-0.027333585172891563,0.5732413768768311,0.50377916097641,-0.03409504964947696,0.5305723428726197,0.5057312250137329,-0.016032843291759462,0.536905062198639,0.4593310415744781,-0.02606153972446914,0.5387049436569215,0.43040964007377625,-0.033428735285997366,0.5396711349487304,0.40482290983200075,-0.03886676654219624,0.5145899891853333,0.5057941198348999,-0.01642212942242618,0.5102836728096009,0.45613385438919063,-0.025291903689503605,0.5077417373657227,0.42484561800956727,-0.031650851666927285,0.505818784236908,0.39862641096115115,-0.03635837137699122,0.5017808198928833,0.518970274925232,-0.01818658001720898,0.4937089204788208,0.4762830793857575,-0.027256216853857002,0.4916004538536072,0.44751207828521733,-0.03258200138807292,0.49113532304763796,0.4214661717414856,-0.03618099987506862,0.49209780693054206,0.5417927384376526,-0.02106713205575936,0.48092684149742126,0.5130738019943238,-0.03034426085650912,0.4749906063079834,0.4908846616744995,-0.034542142599821066,0.4708367884159088,0.46829691529273987,-0.03700381144881244
0.521062970161438,0.6203031182289124,1.9563390480925598e-07,0.5391857147216798,0.5967387199401856,-0.0128896307200193,0.5506505966186523,0.5614754080772401,-0.02070728242397302,0.5610356330871582,0.5297616243362426,-0.027436911314725823,0.5733185887336731,0.5035297870635987,-0.03435482457280154,0.5307540059089662,0.5058511137962342,-0.01641547866165634,0.5368933200836182,0.4593029975891113,-0.026610368490219062,0.5387184381484986,0.4304301977157593,-0.03404865115880962,0.5397462129592896,0.40480518937110904,-0.039529689401388124,0.5148628354072571,0.506231427192688,-0.01697080247104162,0.5103989243507385,0.45638822913169863,-0.026018410548567704,0.5078362703323365,0.4250118613243103,-0.03245206326246256,0.5059122562408448,0.3987169861793518,-0.03722555637359615,0.5021401286125183,0.5197296142578125,-0.01888005398213856,0.49394000172615055,0.4769159257411957,-0.02811729647219178,0.4917684018611908,0.4478658378124237,-0.03355439528822894,0.4911968290805817,0.42161211967468265,-0.03724000230431554,0.49256368279457097,0.5427866220474243,-0.021880241483449858,0.4813832223415375,0.5137243509292603,-0.0313098192214965,0.47534363865852364,0.49126191735267644,-0.03562281057238574,0.470978856086731,0.46849279999732973,-0.0381871439516544
0.5213629603385925,0.6204974889755249,1.9630622603017405e-07,0.5394095301628112,0.5966216325759888,-0.01284612212330098,0.55076824426651,0.5611267805099487,-0.0206466987729072,0.5612532138824463,0.529145109653473,-0.027355473861098243,0.5735191702842714,0.5028730988502503,-0.0342625074088573,0.5310073852539062,0.5060282945632935,-0.016456178203225102,0.5369475483894348,0.45925386548042296,-0.0266149122267961,0.5387116432189942,0.4303313612937927,-0.03403288498520846,0.5397088646888734,0.4046743631362915,-0.03949312269687648,0.5151305556297303,0.5065680623054505,-0.017015924304723682,0.5105091691017152,0.4565582811832428,-0.026044369861483525,0.507886552810669,0.42518261075019836,-0.03247870504856104,0.5060285806655884,0.39899073839187627,-0.03725100532174106,0.5024412035942079,0.5202058076858521,-0.01891342103481286,0.4941997408866882,0.4773365437984467,-0.028084955736994703,0.491985821723938,0.44815636277198795,-0.03348971232771868,0.49143142700195314,0.42191315889358516,-0.037158979475498184,0.4928595542907715,0.5433641672134399,-0.021897726133465703,0.48165048956871037,0.5140692949295045,-0.03124983087182038,0.47563278675079346,0.4915849328041077,-0.03550055474042888,0.4713130891323089,0.46888411045074463,-0.038026220351457564
0.5219354510307312,0.6208595037460327,1.9721572641628884e-07,0.5397518038749695,0.5963021993637085,-0.01261994857341046,0.5509504795074464,0.5601352095603943,-0.020321405678987464,0.5614583253860475,0.5280539989471436,-0.02696363553404804,0.5735679268836975,0.501839816570282,-0.033819505572319004,0.5311489701271057,0.5060212969779969,-0.01638987045735116,0.5368498086929322,0.4591202735900879,-0.0265621684491634,0.5385862708091735,0.43007125854492184,-0.033979716897010744,0.539626443386078,0.40441434383392333,-0.03941533640027042,0.5152298092842102,0.5069047451019287,-0.01704566366970532,0.5104080677032471,0.4567435681819916,-0.026085000857710806,0.5078858613967896,0.42538462877273564,-0.032493440061807585,0.5062550902366638,0.3993651151657105,-0.037219341099262206,0.5026028871536254,0.5208270788192749,-0.01901431195437902,0.4942636668682099,0.47785996198654174,-0.02818163521587844,0.49215325713157654,0.44861429929733276,-0.03357209712266917,0.49177286028862,0.42248071432113643,-0.03720576018095014,0.4931694984436035,0.5442338109016418,-0.02204492650926106,0.4819431364536286,0.5148596525192262,-0.03138608708977694,0.47587212920188904,0.4923092067241669,-0.035617934912443125,0.4715377807617187,0.4696882963180542,-0.0381103359162807
0.5225018382072448,0.6209508776664734,1.9517289331361102e-07,0.5402451515197755,0.5957371115684509,-0.01222440935671324,0.5511345267295837,0.5589135766029358,-0.019754872843623122,0.5614286661148071,0.5266993880271912,-0.02632673829793926,0.5734447598457337,0.5007000863552094,-0.03313516005873676,0.5313139438629151,0.5058717012405396,-0.016225639916956382,0.5366120576858521,0.45883357524871826,-0.0263887125998735,0.5382537961006165,0.4297627449035644,-0.033729913085699025,0.5393782615661622,0.40415769219398495,-0.039100603014230684,0.5153768301010132,0.5072256803512574,-0.0170827113091945,0.510254991054535,0.4571914434432984,-0.026201194152235964,0.5078172326087952,0.42589514255523686,-0.03257981240749354,0.506498920917511,0.4002363979816437,-0.03726336061954496,0.5028080344200134,0.5215095281600952,-0.019224138557910858,0.49423007965087895,0.4787041187286377,-0.028500388935208263,0.49228627085685733,0.44968516230583194,-0.03391125947237009,0.49223831892013553,0.4240451216697693,-0.03752332627773282,0.4935328781604767,0.5450761675834657,-0.0223893113434314,0.4821695744991302,0.5156245350837708,-0.03180014938116068,0.47603765130043035,0.4930446743965149,-0.03610656559467312,0.4717737019062042,0.47057370543479926,-0.038650584965944236
0.5229843735694885,0.6213820338249206,1.9368654591289672e-07,0.540677046775818,0.5955665230751037,-0.011961575038731041,0.5513084173202515,0.558065128326416,-0.01942410990595812,0.5613816857337952,0.5256714940071106,-0.025988548994064303,0.573199737071991,0.49958474636077876,-0.032815593481063804,0.5314327716827393,0.5060791015625,-0.01635830570012326,0.5363590240478516,0.45890780687332156,-0.02661445885896678,0.5378858089447022,0.42971529960632326,-0.03394350335001938,0.5391058683395387,0.40407068133354185,-0.03928597271442408,0.5154642343521119,0.5078638315200805,-0.01735593751072878,0.5099883198738099,0.45786820054054267,-0.026641390472650503,0.5076621174812317,0.42648735642433167,-0.03302808329463,0.5066707849502563,0.40100724101066587,-0.03768567889928816,0.5029598593711854,0.5225190281867981,-0.01960002668201918,0.49415343403816225,0.47965285181999207,-0.029049681872129383,0.4924344599246979,0.4507970690727234,-0.03448581546545022,0.4927479445934295,0.4255465626716614,-0.03806763961911198,0.49389536380767823,0.5462065458297729,-0.022831295803189204,0.48248525261878966,0.5166514754295349,-0.03237135782837862,0.4763248264789582,0.49397925734519954,-0.03677363693714138,0.47211052179336543,0.4716019093990326,-0.039367143809795335
0.5238652229309082,0.6211802721023559,1.9215466977584584e-07,0.541146981716156,0.5943884253501892,-0.011617643013596482,0.5514534235000611,0.5563739180564881,-0.01901952624320978,0.5612449645996094,0.5239908695220947,-0.02563079744577404,0.5726937174797059,0.4976419508457184,-0.032522117346525145,0.5315987586975098,0.5059324979782104,-0.016270658187568142,0.5359673500061036,0.4589182436466217,-0.026730347424745518,0.5373329162597656,0.42966335415840146,-0.03414356112480156,0.5387142539024353,0.40392220020294184,-0.03952224031090732,0.5157621026039123,0.5083255648612977,-0.01754137203097338,0.5097251534461975,0.45873073339462284,-0.027136442065238943,0.507612693309784,0.4275323629379272,-0.033622521907091106,0.5072578072547913,0.402289605140686,-0.03831556513905524,0.5034221649169922,0.5234814167022706,-0.02004504911601538,0.494085693359375,0.4811984896659851,-0.029846840351819944,0.4927225947380066,0.45290647149085994,-0.03533011600375168,0.4937231004238128,0.42827735543251044,-0.03887982964515682,0.49464657306671145,0.5474171876907349,-0.023501828312873764,0.4829511165618896,0.5182915568351746,-0.03329916596412654,0.47675374746322635,0.49563218951225274,-0.03783283680677412,0.47270618677139287,0.47333232164382943,-0.0405092135071754
0.5249970197677614,0.6193217515945435,1.8981741050083657e-07,0.5417204976081849,0.5909629106521607,-0.01079375259578222,0.5515645861625672,0.5527958154678345,-0.01811507977545256,0.5610205054283143,0.5209261178970337,-0.0248493373394012,0.571908187866211,0.494546902179718,-0.03191177882254118,0.5312598347663879,0.5051104545593262,-0.016175434179604,0.5350886464118958,0.4582490921020508,-0.02680511884391304,0.5363099575042725,0.4292288661003113,-0.03420523777604097,0.5378981471061707,0.40381121635437006,-0.03957087397575374,0.51585773229599,0.508382523059845,-0.018022241815924583,0.508979856967926,0.45957855582237245,-0.028066573292016964,0.5077106714248658,0.4288575351238251,-0.03464956954121587,0.508671510219574,0.40446864366531377,-0.03936525806784628,0.5039772272109986,0.5241687297821045,-0.0210313126444816,0.49371696710586555,0.4822838068008423,-0.03144378736615176,0.49350467324256897,0.4551589190959931,-0.03711355030536644,0.4960724532604217,0.4321365535259247,-0.04070117697119709,0.49595440030097965,0.5483341574668884,-0.0248820897191762,0.4837442874908447,0.5203455090522766,-0.0352715782821178,0.47762942314147955,0.4978121280670166,-0.04020040482282636,0.47400217652320864,0.4759647011756897,-0.04313933178782458
0.5260012269020081,0.6165162682533264,1.8412144697776966e-07,0.5424283027648926,0.5866830587387085,-0.0098038321360945,0.5515204906463623,0.5486775279045105,-0.01698470953851932,0.5605879187583923,0.5169509172439576,-0.023802595958113622,0.5709527015686036,0.49031651020050043,-0.03104978017508978,0.5307068586349488,0.5037548243999481,-0.0160822238773107,0.533625864982605,0.45736610889434814,-0.026970992982387504,0.5347578406333924,0.42864218354225164,-0.03451715335249894,0.5366315364837647,0.4034450113773346,-0.040015853196382484,0.5161081314086915,0.50799081325531,-0.01860714331269258,0.5084054708480835,0.4605796098709107,-0.029289548099040958,0.5085038065910339,0.4312411904335022,-0.03610198348760602,0.5114131212234497,0.4082703948020935,-0.0409494377672672,0.5048700571060181,0.5244199872016907,-0.02221195176243776,0.49378914833068854,0.48368371725082393,-0.0333158522844314,0.49510057568550114,0.4582071006298065,-0.03911154642701142,0.49968886971473686,0.4372524559497833,-0.0427213922142982,0.49743257164955146,0.5487419962882996,-0.026553948223590765,0.4847371280193329,0.5215226411819458,-0.03756121769547459,0.4793788194656372,0.49933455586433406,-0.042868769168853745,0.4770825922489167,0.4782951295375824,-0.04610661938786502
0.5277571320533753,0.6133586168289185,1.8369541123774985e-07,0.5434900283813477,0.581056308746338,-0.008903088793158459,0.5514076709747314,0.5429573774337768,-0.01621260233223432,0.5597518444061279,0.5118083655834198,-0.0234300728887319,0.5695989966392517,0.4848846137523651,-0.031227241083979562,0.5292718172073365,0.5019182085990905,-0.01617090478539462,0.5305368304252625,0.4558461427688599,-0.027855159714817963,0.5319718360900879,0.4272883355617524,-0.03611180260777468,0.5344661355018616,0.40251622200012205,-0.04210279732942576,0.5163488745689392,0.5079620718955994,-0.019599575176835,0.5072115540504456,0.46134643554687504,-0.03172029778361318,0.5098628401756287,0.4342224061489105,-0.03960542827844616,0.51537184715271,0.4134448111057281,-0.045015004277229285,0.5064520597457887,0.5254446387290954,-0.02399827390909188,0.4942553699016571,0.48529166579246524,-0.03626860678195948,0.4981895923614502,0.46155359148979186,-0.04264267683029169,0.5053098917007446,0.44295856356620783,-0.046462086588144255,0.5000194489955903,0.5502568364143372,-0.029025168716907423,0.48698879480361934,0.5234858393669128,-0.040783885866403545,0.4828522861003876,0.5013735890388489,-0.04660742655396458,0.48194918632507333,0.4811798930168152,-0.05023326575756068
0.5297590136528015,0.6099575400352478,1.865089984676161e-07,0.5442500710487366,0.5745022058486938,-0.00804243097081774,0.5506075024604798,0.5357164978981018,-0.01587707363069052,0.558184027671814,0.505140084028244,-0.023950963467359483,0.5673396348953247,0.4770790755748749,-0.032758338376879644,0.5270028710365297,0.5009331583976746,-0.01723144948482508,0.5257171511650085,0.455380916595459,-0.030265110731124843,0.5277597665786744,0.4264068007469177,-0.0395394273102283,0.5312486886978149,0.40174689292907706,-0.046216323971748303,0.5162358760833741,0.5094741225242614,-0.021773202717304162,0.5055369973182678,0.4637274324893952,-0.036089192330837225,0.5116682171821595,0.43891337513923645,-0.045433630049228624,0.5204111337661744,0.4212292432785034,-0.05162516683340068,0.5083751082420349,0.5283307075500489,-0.027139504626393238,0.4948025643825531,0.4895970344543457,-0.04106031507253642,0.5019794046878815,0.4674138069152831,-0.04838217571377749,0.5120509207248688,0.45156317353248593,-0.0526588179171085,0.5038328588008881,0.5536073684692383,-0.0330120682716369,0.49058670401573184,0.5280440449714661,-0.04574983566999432,0.48826070427894597,0.5059103548526764,-0.05243976935744282,0.4892302095890046,0.4866436362266541,-0.056774082779884286
0.5311158657073974,0.6071974515914917,1.89988190868462e-07,0.5447295665740967,0.5690372705459595,-0.0073314325883984,0.549670958518982,0.5293819427490235,-0.015603169053792899,0.5566752195358277,0.49908114075660703,-0.0243922479450702,0.5654446601867675,0.47021684050560003,-0.034055184945464084,0.5246299147605896,0.5001312732696533,-0.018162749335169738,0.5210180878639221,0.45493090748786924,-0.03231497630476948,0.523720645904541,0.4255399465560913,-0.0424810022115707,0.5281100869178772,0.4010632336139679,-0.0497626975178718,0.515796160697937,0.5108428835868836,-0.023593327030539443,0.5038785099983216,0.46585089564323434,-0.03982719779014584,0.5133544087409974,0.4432282269001007,-0.05050228089094156,0.5249938130378723,0.4285800755023956,-0.0573886834084987,0.5098273873329163,0.5307677030563355,-0.02970482334494582,0.4953291416168213,0.49313951134681705,-0.044951719045638994,0.505614310503006,0.4723109424114227,-0.053107426315545984,0.5183479070663453,0.4590169966220855,-0.05778563916683194,0.5070002913475037,0.5563112497329712,-0.03622636683285232,0.4937818944454193,0.5316346049308778,-0.04965261518955226,0.4933698236942291,0.5096057415008546,-0.05703847035765644,0.4962738335132599,0.4913888156414032,-0.06195601075887673
0.5320977449417115,0.6050790071487427,1.9294182038720466e-07,0.5447322010993958,0.5639526724815369,-0.0060920144431292605,0.5481580972671509,0.5230542182922363,-0.014379937946796359,0.5544278979301454,0.492690896987915,-0.023511676490306804,0.562696647644043,0.4629435777664185,-0.03365037553012366,0.5218091487884522,0.4993340492248535,-0.017790612019598417,0.5162966489791869,0.4549865603446961,-0.032350218668580025,0.5193859577178955,0.42505478858947754,-0.042978081107139535,0.5239328742027283,0.40023786425590513,-0.05062051862478251,0.5146597146987915,0.5120462894439697,-0.02404483705759042,0.5035085797309876,0.4669889926910401,-0.0413045763969421,0.5163950562477112,0.4463661968708038,-0.0526708878576755,0.530153238773346,0.4346624195575714,-0.05982018560171122,0.5105784416198731,0.532677972316742,-0.030790574103593746,0.497135066986084,0.4951480567455292,-0.04638956710696215,0.5102689146995545,0.4748935103416443,-0.05451919808983798,0.5245885491371155,0.4634828209877014,-0.059082100540399515,0.5094597220420837,0.5580277204513551,-0.037864426895976036,0.4979212939739227,0.5322356462478638,-0.05107620880007738,0.500468373298645,0.5104243040084839,-0.058263342082500426,0.5057423710823059,0.49370569586753843,-0.06310070380568497
0.5323334693908692,0.6033474326133729,1.9952210550400198e-07,0.5437077283859253,0.5582922339439392,-0.0045669550076127005,0.5460432052612305,0.5168574929237366,-0.01260502170771354,0.5515321731567383,0.4866242229938508,-0.021883253380656203,0.5589866638183594,0.45659902691841125,-0.03207292966544622,0.5170693278312684,0.5001188814640045,-0.016338422894477782,0.5111659169197083,0.4556774616241456,-0.030641053617000542,0.5145662188529968,0.4253259778022766,-0.04120778441429135,0.5190884113311768,0.40062662959098816,-0.04881797358393662,0.5117345929145813,0.5144321084022522,-0.02322465516626828,0.5043801426887513,0.4687313973903656,-0.04091648012399671,0.5202880501747131,0.4494755804538727,-0.05238259509205812,0.5352664232254029,0.44048371315002444,-0.059335321933031045,0.5103318810462951,0.5347303628921509,-0.030389636754989548,0.5016120791435241,0.4962327241897583,-0.045937264710664685,0.517149829864502,0.47744503021240237,-0.0534345723688602,0.5318822979927064,0.468743485212326,-0.05735663548111914,0.5120079994201661,0.5582418441772461,-0.037786946445703476,0.5054262757301331,0.5309987306594849,-0.05022166967391962,0.5108865678310395,0.5102553367614746,-0.0565364338457584,0.5175196051597596,0.49576010704040524,-0.06068081632256502
0.5321753621101379,0.6020344853401185,1.942805255339408e-07,0.5412428736686706,0.5544586777687073,-0.0030206257826648803,0.5425513982772827,0.5118526220321655,-0.0104420924559235,0.5474229812622071,0.4807095110416412,-0.01930960360914464,0.5540369868278503,0.45047730803489683,-0.028877038508653585,0.512804365158081,0.5008193850517274,-0.01494746226817362,0.5075365424156189,0.45763096809387216,-0.028377863392233804,0.5107888817787171,0.4272107839584351,-0.038192489370703644,0.5148531794548035,0.4024558663368225,-0.045272193849086706,0.5090938568115235,0.51624675989151,-0.022097883373498845,0.5068033933639526,0.4703464448451996,-0.0390111498534679,0.5241462469100953,0.452110755443573,-0.04928209185600276,0.5391343474388123,0.44525715708732605,-0.055323850363492924,0.5102946996688843,0.5359495162963868,-0.029332249984145086,0.5074581742286682,0.4968149483203888,-0.04404039904475207,0.5235764026641846,0.47951586842536925,-0.05003003329038616,0.5372266292572022,0.4732579588890075,-0.052833894640207255,0.5147691249847413,0.5572873711585998,-0.036707738786935784,0.5133931636810303,0.5283430695533753,-0.047805007547140066,0.5207518815994263,0.5090993285179138,-0.05262934267520902,0.5278890609741211,0.4971003890037537,-0.055640889704227384
0.5312192559242249,0.6013218641281128,1.8362982245889725e-07,0.5368587374687195,0.5526236176490784,-0.001379838725552,0.537744665145874,0.508388066291809,-0.007852694950997779,0.5428881287574768,0.47531319260597227,-0.01584280319511886,0.5494255423545837,0.44547926783561703,-0.024325101822614624,0.5091001629829407,0.502060341835022,-0.013250340893864562,0.5056078553199769,0.4590675711631775,-0.02507228963077064,0.5083840250968934,0.42893423438072203,-0.03351766169071192,0.5114511609077455,0.40445127487182614,-0.03963720947504038,0.5072152614593506,0.5179552197456361,-0.020401812344789442,0.5109501481056213,0.4717133641242981,-0.03550657704472538,0.5284576535224914,0.45433778762817384,-0.04375792443752284,0.5424091458320618,0.44878485798835754,-0.048395885527133906,0.5109525084495545,0.5366803050041199,-0.027417981624603203,0.5147541582584381,0.495565527677536,-0.04040222615003581,0.5303960800170898,0.4793795824050904,-0.04420770704746242,0.5422614455223085,0.4747667610645294,-0.045506527274847004,0.5179405212402344,0.5555856347084046,-0.03449558764696118,0.5218439221382141,0.5234861850738526,-0.043645677715539885,0.5302034974098205,0.5056273937225342,-0.04641476571559903,0.5371804594993591,0.495823472738266,-0.047864644974470086
0.5301112055778504,0.5999130725860596,1.751499070223872e-07,0.5316270709037781,0.550598156452179,0.00022525638341898006,0.532117235660553,0.5046730518341065,-0.0053807439282536,0.5377824902534485,0.4697184026241302,-0.01250718943774696,0.5446000814437867,0.4408900737762451,-0.019899507239460903,0.5055799126625061,0.5035089135169983,-0.0124039385467767,0.503726327419281,0.46067949533462527,-0.022807058319449378,0.5062447428703308,0.4306330144405365,-0.030008186399936625,0.5084368705749511,0.4063903748989105,-0.03518175035715098,0.5059594750404359,0.5202955126762391,-0.0195380419492721,0.5155447363853455,0.4728426575660705,-0.03289434984326358,0.5328119397163391,0.45622027516365055,-0.0390000835061073,0.5452524185180665,0.45245284438133243,-0.04209698513150212,0.5127548098564149,0.5381183624267578,-0.026255947723984662,0.5226952791213989,0.4938670217990875,-0.03746596351265902,0.5376160383224486,0.4787349820137024,-0.03887155130505558,0.5471838355064392,0.4766857743263245,-0.038454304635524725,0.5224892020225526,0.5541037678718568,-0.03295730575919148,0.5318453788757325,0.5174238681793213,-0.04010520726442332,0.5409659028053284,0.5007838606834412,-0.040648285299539524,0.547281837463379,0.4938346564769745,-0.0403535090386867
0.5286714673042298,0.5995936632156372,1.6744385220590632e-07,0.5260644674301147,0.551354193687439,0.0009252947987987801,0.5264945030212402,0.5046799659729004,-0.004307143297046381,0.5328243136405945,0.4683972358703613,-0.010885334387421562,0.540067732334137,0.4409614264965057,-0.017497910186648324,0.5033849000930786,0.5064648509025574,-0.01338550467044108,0.5027684688568115,0.4631404340267181,-0.023381933942437122,0.5052500009536743,0.4328263163566589,-0.02995740547776218,0.5071121096611023,0.40914632081985475,-0.03438493311405178,0.5061623692512512,0.5234861016273499,-0.02016619965434068,0.5201608896255493,0.4745493650436401,-0.03231203928589816,0.5362766265869141,0.4589208066463471,-0.036467771232128104,0.5467842102050782,0.4572956204414368,-0.03808673024177548,0.515808641910553,0.5403959512710572,-0.026324303448200182,0.5303393959999084,0.4935432314872742,-0.036495286226272544,0.5439194321632386,0.4800999104976654,-0.035882713645696604,0.5510295629501343,0.4811324954032898,-0.03383271321654316,0.5279193878173828,0.5537617325782777,-0.032395940274000126,0.5413844466209412,0.5132410764694214,-0.038153195381164504,0.5499610066413879,0.4980771541595459,-0.03677717000246044,0.5545393466949463,0.49409444332122804,-0.03485234603285784
0.5278329730033874,0.599666702747345,1.5923266687423166e-07,0.5212762236595154,0.5537427544593811,0.0009909969288855,0.5215644717216492,0.5057390093803406,-0.00427586100995538,0.5287351369857788,0.4681375443935394,-0.010587013140320723,0.5368191361427307,0.44161600470542905,-0.01687129437923426,0.5034347891807556,0.5085564970970153,-0.015552116185426642,0.5029559493064881,0.4652644157409668,-0.02566740177571768,0.5053880453109741,0.43457673192024227,-0.031961163133382764,0.5069501757621765,0.4110725462436676,-0.03589335605502126,0.5081676363945008,0.5259428977966308,-0.021977400034666,0.5235759854316712,0.4754832983016968,-0.033287688344716966,0.5382447838783264,0.46056017279624945,-0.03597889915108676,0.5469241499900818,0.46067610979080204,-0.03651546761393544,0.5196617126464844,0.5428223967552186,-0.027617447823286026,0.5350673317909241,0.4937259256839752,-0.03701062127947804,0.5472326755523682,0.4805327415466309,-0.035028643906116444,0.5524482846260071,0.48326115608215325,-0.031906376779079385,0.5330763101577759,0.5551390767097474,-0.0331288024783134,0.5473328828811646,0.5113276481628418,-0.037965844571590364,0.5548125505447388,0.4966142296791077,-0.03531740233302112,0.5578132748603821,0.494505774974823,-0.03233355507254594
0.5278191804885864,0.5992955088615417,1.5152069465784737e-07,0.5186702847480774,0.5553729772567749,0.00093031094293102,0.5190345883369446,0.5065123796463012,-0.00446052122861144,0.5271264910697937,0.46792975068092346,-0.010652702115476082,0.536241352558136,0.4428497850894928,-0.0167582999914884,0.5048357248306274,0.511709225177765,-0.017497579194605282,0.5040014028549195,0.4672833621501922,-0.027927802130579903,0.5064076066017151,0.4361102223396301,-0.03435252271592614,0.5075808882713317,0.41244928240776063,-0.038302993029355976,0.51092928647995,0.5289328098297119,-0.02372602075338358,0.5271105289459228,0.47598637342453,-0.0349519826471805,0.5405172109603882,0.4633071660995484,-0.036954617500305126,0.5470683574676514,0.4660034775733948,-0.036940225958824124,0.5236806392669677,0.5453977823257447,-0.029027851298451406,0.5391281962394714,0.4934073269367218,-0.03810205236077304,0.5502190947532655,0.48223793506622314,-0.03513473942875858,0.553593111038208,0.4875045537948608,-0.031258551776409106,0.5378502130508422,0.5566796064376831,-0.03419643417000766,0.552524721622467,0.509647536277771,-0.0387139812111854,0.5594428062438965,0.4961005747318268,-0.03533123657107348,0.5613416552543641,0.49617835879325867,-0.0317488014698028
0.528768813610077,0.5987087011337281,1.4572042914551277e-07,0.5184147357940674,0.5561132669448853,0.0007346251542912163,0.5186210870742798,0.5073397994041443,-0.00465572364628312,0.5267703294754029,0.4687001585960388,-0.01068297382444138,0.536592447757721,0.4452840209007263,-0.016571936011314337,0.5072545289993287,0.5140751361846924,-0.018310944736003802,0.5056096911430359,0.4698378682136536,-0.029109936207532824,0.5079291701316834,0.4382242798805237,-0.035814644396305065,0.5089579224586487,0.4144780516624451,-0.03985593467950818,0.5142752885818482,0.5305081963539124,-0.02432202063500876,0.5302790403366089,0.47495353817939756,-0.03576119542121882,0.5422783970832825,0.46483093500137335,-0.037445879727601966,0.5467968821525575,0.47060013413429264,-0.036955180764198264,0.5277410745620728,0.5463644981384278,-0.029364110156893705,0.5426393747329712,0.49217258095741273,-0.038709475845098436,0.5526807546615601,0.4839156746864319,-0.035116327553987456,0.5541865468025208,0.4924374938011169,-0.030491561070084522,0.5421690106391908,0.5571120977401733,-0.03424894884228702,0.5568281531333923,0.5075127005577088,-0.038882071524858425,0.5631420373916627,0.49542002081871034,-0.034959610551595646,0.5638221859931947,0.4980494618415833,-0.03079935424029822
0.530269455909729,0.59882652759552,1.363797935027833e-07,0.5196009278297425,0.5576558947563172,0.0004316886101150563,0.5198748350143433,0.5092854619026184,-0.00485861655324694,0.5280494213104249,0.4709046185016632,-0.010514141805469942,0.5380861163139343,0.4492316365242004,-0.0159820014610886,0.5104873657226563,0.5164289832115174,-0.019045602530240943,0.5083455085754395,0.4724334359169006,-0.03018430545926088,0.5105706810951234,0.4404069483280182,-0.037036713212728486,0.5115516781806946,0.41684894561767577,-0.04110766574740406,0.518126392364502,0.5315818428993225,-0.02462539374828334,0.5339999794960022,0.4750639557838439,-0.036146077513694724,0.5451456308364868,0.46791024208068843,-0.03733811378478998,0.5481019735336304,0.4765999317169189,-0.03631190732121464,0.5316954374313355,0.5467951178550721,-0.029253841191530204,0.5465955376625061,0.4924688577651978,-0.03877253159880632,0.555847430229187,0.4871662080287934,-0.03456356748938556,0.5559958457946778,0.49793831110000614,-0.029299980774521762,0.5460808873176575,0.5577501893043518,-0.03371034339070314,0.5604435443878174,0.5079800128936768,-0.038734171539545004,0.566605806350708,0.4962624132633209,-0.0346919640898704,0.5667073011398316,0.4992941737174988,-0.03026781864464278
0.5328905105590821,0.5980288624763488,1.281771588423908e-07,0.5222987532615662,0.5587478637695312,-0.00010062398796436368,0.5227004647254944,0.510949718952179,-0.0054695825092494,0.5312420964241028,0.47366424798965456,-0.011004862003028342,0.5419970750808716,0.45401819348335265,-0.016314449720084622,0.5146725058555603,0.5190770030021667,-0.019351297989487582,0.5122119188308716,0.4748959183692932,-0.03038111738860602,0.5144480347633362,0.4427849054336548,-0.036927847564220406,0.5154274344444275,0.41991040110588074,-0.04083886221051212,0.5226665496826172,0.5327504038810731,-0.0244546320289373,0.5378209590911865,0.4756179451942444,-0.036201528459787344,0.5480749011039734,0.471166741847992,-0.0370972611010074,0.5497834324836731,0.4820959210395813,-0.03568835631012912,0.5360962510108948,0.5469537019729614,-0.028659151867032023,0.5510295152664185,0.49287252426147465,-0.038223101198673184,0.5590613126754761,0.49096613526344307,-0.03360625877976414,0.5578092336654663,0.503894966840744,-0.027966511994600242,0.5502378463745118,0.5577933311462403,-0.032729059830307904,0.5645910143852234,0.5090275168418885,-0.03812966793775554,0.5703070521354676,0.4980224192142486,-0.034418454021215385,0.5696763873100281,0.5011042296886443,-0.030165454000234564
0.5366869807243347,0.5978995800018311,1.2400336828477522e-07,0.5258965730667114,0.5602995514869691,-0.0005816236225655038,0.5267964601516724,0.5144534826278686,-0.0059022066183387605,0.5359420537948608,0.4796537756919861,-0.0111801510676741,0.5476065397262574,0.462737900018692,-0.0162514520809054,0.5200760126113891,0.521807086467743,-0.019286052510142263,0.5176756143569946,0.47764378786087036,-0.030431750044226602,0.5200461268424988,0.4452933073043823,-0.03719468265771862,0.521407401561737,0.42267543673515323,-0.04125590920448298,0.5291346907615662,0.5337272524833679,-0.02385199628770348,0.5431277632713318,0.47647375464439395,-0.035413901507854444,0.5518322348594665,0.47389099001884466,-0.03625814020633692,0.5523159027099609,0.4859720647335052,-0.03477247618138784,0.5426424264907836,0.5469453811645508,-0.027570680156350103,0.556891417503357,0.4940145373344421,-0.03666892759501928,0.5630975484848023,0.49570698142051706,-0.0317803535610437,0.5606523394584657,0.5103053569793702,-0.026015201583504642,0.5565395474433898,0.5580594420433045,-0.031209447234868945,0.5697407484054565,0.5112888336181641,-0.03625059872865673,0.5741233944892883,0.5033596456050873,-0.03232921510934825,0.5726300358772278,0.5080966472625733,-0.02797891460359092
0.5394577026367188,0.5984439253807068,1.2642336315593642e-07,0.528385865688324,0.5624152898788453,-0.0008636194193968038,0.5299190759658814,0.5189009189605713,-0.00613302253186696,0.5398156523704529,0.4869676887989044,-0.01122903469949954,0.5522221565246582,0.47220736742019653,-0.01619759667664762,0.524512004852295,0.523909342288971,-0.01905033104121678,0.5226032853126525,0.47980400919914246,-0.030191348865628204,0.5252289533615112,0.44705805778503416,-0.03694613724946972,0.5271187067031861,0.424982488155365,-0.04084380343556398,0.53458651304245,0.5341929078102112,-0.02310197204351422,0.5474738240242005,0.4777938842773438,-0.03410927802324292,0.554835855960846,0.4750659763813019,-0.03463092967867846,0.554835855960846,0.4870657980442047,-0.03286978974938386,0.5481433749198914,0.5466583490371704,-0.026356658712029427,0.5616928458213807,0.4955962598323822,-0.03482514843344684,0.566335153579712,0.4986693024635316,-0.0297528631985187,0.5634220957756043,0.513653016090393,-0.023883425444364524,0.5618781208992005,0.558211386203766,-0.029547883942723206,0.5739166021347046,0.5138989329338074,-0.034078594297170584,0.5768961548805237,0.5079751133918762,-0.029899164289236023,0.5747014045715333,0.5135129451751709,-0.0253459751605987
0.5429302573204041,0.5991415858268738,1.1737900535990779e-07,0.5322306275367736,0.5647567987442017,-0.0005898608011193201,0.5344019532203674,0.5246608853340149,-0.00558171742595724,0.5447409391403198,0.4968198895454407,-0.010447171702980922,0.5572732448577881,0.48523784875869747,-0.015286574885249081,0.5301442980766297,0.5253384470939636,-0.01807331778109068,0.5292193770408631,0.4809148192405701,-0.029046301171183564,0.532364571094513,0.4485174775123596,-0.0356366522610187,0.5346195697784424,0.42757154703140254,-0.03932221680879586,0.5409159898757935,0.5338359951972962,-0.02192745283246036,0.5530186533927918,0.47913940548896794,-0.03229054808616634,0.5589704871177673,0.47800406217575075,-0.03242891691625112,0.5579492568969727,0.49061095118522646,-0.030360970646142904,0.5543744683265687,0.5458629727363586,-0.025029371306300126,0.5674831151962281,0.4983574688434601,-0.03261895738542076,0.5705798983573913,0.5040198087692261,-0.0272565763443708,0.5670062065124513,0.5192105293273926,-0.021321221441030463,0.5677390694618225,0.5584829330444336,-0.028069811314344325,0.5791183829307556,0.5191028237342834,-0.031941336765885286,0.5808146357536316,0.5161147475242615,-0.02749021910130974,0.5777732133865356,0.5223522663116456,-0.02278000339865678
0.5474883317947388,0.600726580619812,9.526892554845293e-08,0.5369288802146912,0.5664813160896301,0.00041920940857382,0.5397441625595093,0.5298836708068848,-0.004017499461770001,0.5504214763641357,0.5059862792491913,-0.008579764771275141,0.5633631467819213,0.4964591741561889,-0.01325545879080886,0.536629354953766,0.5266124129295349,-0.0158477341756224,0.5361488103866577,0.4819821894168854,-0.026101841032505006,0.5398028731346131,0.4502613484859467,-0.0322166815400123,0.5423376798629761,0.42997359633445736,-0.035561025515198644,0.5481422901153564,0.532785165309906,-0.01975982766598458,0.5593704700469971,0.48042767047882085,-0.028782612830400418,0.5638662219047547,0.48133000731468206,-0.028332871943712184,0.5617201209068299,0.494283276796341,-0.02602821402251714,0.5615987181663513,0.5439820647239685,-0.022949873283505385,0.5740934252738953,0.5003047943115234,-0.02933164089918132,0.5756186246871948,0.5085203289985657,-0.02382837161421772,0.571269416809082,0.5242262840270997,-0.018072731792926757,0.5746480226516724,0.5570654511451721,-0.025998784601688304,0.5849990010261535,0.5220388293266296,-0.02894737869501108,0.585506021976471,0.5228942155838012,-0.02420084252953526,0.5816926836967469,0.531449842453003,-0.01943046581000082
0.5526104927062989,0.6044632315635682,7.302717088819577e-08,0.542312240600586,0.5682652592658997,0.00124544147402048,0.5461970925331117,0.5341001987457276,-0.00268901502713556,0.5573239207267762,0.5129908323287964,-0.00686197055038056,0.5707064867019653,0.5058230400085448,-0.011227106396108799,0.5434516787528991,0.5278566002845764,-0.01446956340223544,0.5436178326606751,0.4836125552654266,-0.024683775380253743,0.5478149890899658,0.45229387283325195,-0.03118096813559526,0.5509041666984559,0.4316535294055938,-0.03481362573802464,0.5559652924537659,0.5331464767456056,-0.01848331484943624,0.5675275683403015,0.4838863551616669,-0.026702026650309504,0.5712845325469971,0.4871492207050324,-0.026369464769959404,0.5683071494102478,0.5004016757011414,-0.02436256855726236,0.5697221398353577,0.5445603728294373,-0.021737246215343422,0.5819396495819091,0.5038882613182067,-0.02737279497086998,0.5828961968421936,0.5135379195213319,-0.02210882417857642,0.5782991766929626,0.5288504362106323,-0.016752022504806483,0.5826804280281067,0.5587424397468568,-0.02477484531700604,0.5921955108642578,0.5270294070243836,-0.02702874243259424,0.5920174479484558,0.5305437564849853,-0.021977729722857442,0.5879250407218933,0.540354585647583,-0.01713069099932902
0.558195173740387,0.6077391505241394,5.052630536184212e-08,0.54836106300354,0.5723931193351746,0.00013844082131981997,0.5524800777435304,0.5396960616111756,-0.0039892558008432005,0.5636316418647767,0.5203001737594605,-0.008412487036548481,0.5769225835800171,0.5143058955669403,-0.01302387760952108,0.5517736315727234,0.5288273811340333,-0.013372822850942542,0.5523228406906128,0.48559371232986454,-0.023506485298275905,0.5566027998924256,0.4554626286029816,-0.02992080450057978,0.5597082853317261,0.43480382561683656,-0.033652577921748104,0.5647142171859743,0.5334953904151918,-0.01716747339814896,0.5761705160140992,0.48751977682113645,-0.026048922538757263,0.5787332653999329,0.49544309377670287,-0.026168875768780662,0.5745861172676088,0.5105076074600219,-0.0242249153554439,0.5782052040100099,0.5453616738319398,-0.020483864098787264,0.5903869509696961,0.5081636428833007,-0.027110803127288783,0.5905843496322633,0.5201024889945984,-0.02237603254616256,0.5853187203407287,0.5356185674667359,-0.0171201534569263,0.5904432296752931,0.5607923269271851,-0.02367890328168862,0.6003535389900208,0.5323059678077698,-0.02689462602138514,0.5999041795730591,0.5365367531776428,-0.0224491242319345,0.5954279065132141,0.5461432695388794,-0.01789956782013172
0.5648419618606567,0.6123038411140442,2.2252482345663804e-08,0.5554157137870789,0.5769696354866028,-0.00054594967514276,0.5592949151992799,0.5444056153297424,-0.00437977584078904,0.5695371866226197,0.5244595408439636,-0.00848676299210632,0.581874430179596,0.5178803086280823,-0.012759098317474061,0.5611202478408813,0.5315737605094909,-0.012434869073331302,0.5627591013908386,0.4887385547161103,-0.02248311936855312,0.5674539923667908,0.4594752371311188,-0.028824608772993043,0.5707384705543519,0.4387939214706421,-0.032599112018942784,0.5746074795722962,0.5363963961601258,-0.015918963029980603,0.5864174485206604,0.49274321794509884,-0.02543152756988996,0.5873909950256349,0.5034205615520477,-0.025983044505119283,0.5818469643592834,0.5199848175048828,-0.024085243418812703,0.5878181576728821,0.5489044904708863,-0.0191219456493854,0.6002782225608827,0.513953161239624,-0.02663355171680446,0.5994436740875244,0.5259168386459351,-0.02257638834416862,0.5933964014053346,0.5412996530532838,-0.01749267950654024,0.5992976903915406,0.5654417157173157,-0.022243608161807,0.6099080681800843,0.5387943029403688,-0.02663845419883724,0.6095929503440857,0.54091477394104,-0.023213767632842018,0.605081307888031,0.5488865613937378,-0.019168574549257703
0.5707780838012696,0.6172440767288209,1.3819865607445083e-08,0.5611332297325134,0.5825089931488038,-0.00211144187487658,0.5639684438705445,0.5496801853179932,-0.0060967781115323,0.5724969506263733,0.52790687084198,-0.00997834445443,0.5824545621871948,0.5180096864700318,-0.01389430882409208,0.5693548679351806,0.5348226070404053,-0.01342292148619884,0.572461199760437,0.4927200138568878,-0.02413685806095596,0.5775814056396484,0.4637619554996491,-0.03130448609590526,0.5813106060028077,0.44237775802612306,-0.03568598814308638,0.5835909724235535,0.5409022092819215,-0.016002140939235642,0.5961761951446534,0.49937506318092345,-0.025906298682093563,0.5959832072257996,0.5090909004211426,-0.026968812942504843,0.5896342873573304,0.5248552560806274,-0.02550641298294062,0.5964167475700378,0.5540129899978637,-0.01851283535361286,0.6096103191375732,0.5197904706001282,-0.026665426790714222,0.6081153988838196,0.528699517250061,-0.02331665866076942,0.6016918897628785,0.5430572152137757,-0.01862461119890208,0.6070020318031311,0.5707043647766114,-0.021062683314084958,0.6187554478645325,0.544352924823761,-0.02667891234159466,0.618840503692627,0.5426842927932739,-0.024344289675354902,0.6145310878753663,0.5484364151954652,-0.020878347940742923
0.5752296209335328,0.6212885141372682,1.9822553376513955e-08,0.5654030442237854,0.5880534052848816,-0.0042693029623477995,0.5669360876083375,0.5546241521835328,-0.0087015562690794,0.5736369967460633,0.530804431438446,-0.012623386923223701,0.5810673236846924,0.5180259943008423,-0.016426842100918222,0.5757387399673463,0.5380310416221619,-0.014887532964348742,0.5806752681732178,0.49652853012084963,-0.02665743157267568,0.5860206127166748,0.4677202820777894,-0.03496954962611194,0.5900610446929933,0.4458627879619599,-0.04013415426015848,0.5905497312545777,0.5459718465805053,-0.01653875093907114,0.6041276931762696,0.5051585376262665,-0.027602260187268204,0.602665388584137,0.513162386417389,-0.029681315273046443,0.5956191062927246,0.5280550956726074,-0.02878068387508386,0.6029837608337403,0.5600358486175537,-0.01835022903978822,0.617032253742218,0.5253597259521485,-0.027620884776115382,0.6148878455162048,0.5312677025794983,-0.02503702454268928,0.6082048416137695,0.5443784475326539,-0.02059227339923376,0.6126880049705505,0.5772305727005005,-0.020391963422298397,0.6260613322257996,0.5507827162742616,-0.027273201942443804,0.6262398242950439,0.5456626296043396,-0.02580316700041288,0.6219186425209046,0.5490663051605225,-0.02268866673111912
0.578402876853943,0.6237054347991944,2.4882382110291707e-08,0.5685067534446716,0.5915280818939209,-0.00507126681040964,0.5685662627220154,0.55799640417099,-0.009484165348112542,0.5737187385559082,0.5327080488204956,-0.013103639148175701,0.5791774988174438,0.5173827767372132,-0.016466730646789,0.5797702789306641,0.5410682797431946,-0.01611695066094394,0.5869498014450074,0.49921832084655765,-0.028196085616946198,0.59292631149292,0.47037296891212466,-0.03663370609283442,0.597536587715149,0.44836061596870425,-0.04174356684088702,0.5950045704841613,0.5506964445114135,-0.01709716562181706,0.6098612785339355,0.508968871831894,-0.028392028063535642,0.6066489458084107,0.5139145135879517,-0.030247574299573844,0.5987270832061767,0.5276291847229004,-0.02900191396474832,0.6072589993476868,0.5651311516761781,-0.018275249004363982,0.6222881197929383,0.5300416588783264,-0.02764631249010558,0.6186426639556885,0.5318678021430969,-0.02490833997726436,0.6114417672157288,0.543492877483368,-0.02015022858977312,0.6165727734565736,0.5818303704261779,-0.01974475607275958,0.631246829032898,0.5546599984169007,-0.026799969002604423,0.6308527708053588,0.5459758877754212,-0.025399211049079842,0.6262378931045532,0.5474187850952148,-0.0221074197441339
0.5797965049743653,0.6261916756629945,2.5139736781198966e-08,0.5700246334075928,0.5918314218521119,-0.0040497571229934,0.5699779391288757,0.5565406441688537,-0.007735314313322261,0.574984645843506,0.5288441181182861,-0.010429522767662978,0.5798135280609131,0.511267912387848,-0.012714656069874701,0.5808827161788941,0.5444417238235474,-0.016863459534943063,0.5900719881057739,0.501551502943039,-0.02898231670260426,0.5969501495361328,0.47220104336738583,-0.037485627830028484,0.6022716641426087,0.4501957654953003,-0.04247733950614924,0.5961447477340698,0.5556945204734802,-0.01759999934583898,0.6129875659942627,0.5118519425392152,-0.028139773756265602,0.6093392133712769,0.5129286646842957,-0.029340362548828065,0.6010534644126893,0.5250817298889161,-0.0277909025549888,0.6085699558258056,0.5702769398689271,-0.018308412283658943,0.6249271273612976,0.5324193239212036,-0.026579058170318543,0.6206500768661499,0.5299344182014466,-0.023300810903310744,0.6131423115730286,0.540108323097229,-0.018328174017369678,0.6181744456291199,0.5861427426338196,-0.01923308484256264,0.6343854546546936,0.556734323501587,-0.025599583983421263,0.6339595317840576,0.5441731333732606,-0.02407691590487952,0.6292384624481201,0.5432407855987549,-0.020680388994514902
0.5801002264022828,0.6266928672790528,2.7583674722109216e-08,0.5702550411224365,0.5913751721382142,-0.00356512069702142,0.5701495170593261,0.5555718421936034,-0.0067595851141959,0.5757610559463501,0.5273349523544312,-0.00884868660941716,0.5809065103530884,0.5094869136810304,-0.01039733435027294,0.5808410286903382,0.5446712732315063,-0.01669713445007796,0.5910558462142944,0.5015337586402893,-0.028513041883707,0.598352563381195,0.47228225469589236,-0.036948622763156844,0.6040662288665771,0.45033844709396365,-0.04188234880566592,0.5959909796714783,0.556617295742035,-0.01732961218804118,0.613508439064026,0.5118602752685547,-0.027023361995816182,0.6101258277893066,0.5111879348754883,-0.02801250852644436,0.6020677328109741,0.5218046188354493,-0.02662145346403116,0.6087406039237977,0.5708495497703552,-0.0178364427760243,0.6253635406494141,0.5316150546073913,-0.025299534574150982,0.620749318599701,0.5287483692169189,-0.02190440557897088,0.6131835818290711,0.5387144565582276,-0.01711486410349602,0.6189488649368287,0.5857297062873841,-0.01853949427604672,0.635304617881775,0.5551358342170716,-0.024217500910162865,0.6341476559638978,0.5435855984687805,-0.0224373966455459,0.6289802074432372,0.5436917781829834,-0.01901274304836984
0.5795862317085266,0.6258957505226136,2.103715557311148e-08,0.5699916958808899,0.5887760519981384,-0.002389065537136,0.5710239410400391,0.5523691654205323,-0.005016644252464121,0.5788176178932191,0.5248470425605773,-0.006612217659130639,0.5865145087242127,0.509986686706543,-0.0076176815666257605,0.5789474487304688,0.5443649888038636,-0.016149525530636262,0.5891963362693787,0.5001808464527131,-0.02712666057050222,0.5965187430381775,0.47063257694244387,-0.03474781066179271,0.6023504376411438,0.44854934215545655,-0.03911490738391872,0.5936780214309693,0.5564638376235962,-0.017149985767900902,0.6112507343292236,0.5095039486885071,-0.026089690253138502,0.6083231806755066,0.5094984412193299,-0.026716130599379485,0.600934648513794,0.5204265594482422,-0.02517284862697118,0.6069865584373474,0.5700207829475403,-0.0177795166149735,0.6231788516044616,0.5288204073905945,-0.02435701116919512,0.6184111833572388,0.5274722814559937,-0.02066520601510998,0.6111820578575134,0.538121509552002,-0.015844488516449883,0.6181776523590088,0.5836228847503663,-0.01851317360997196,0.6338920593261719,0.5504514217376709,-0.022886038571596084,0.6319132804870605,0.5409777283668519,-0.02036059349775308,0.6265679359436036,0.5429772853851318,-0.01663166210055346
0.5788574814796448,0.6234584331512452,1.9208520551927677e-08,0.5694091796875,0.5855820178985596,-0.0022761222789995,0.571491253376007,0.5492161512374878,-0.004570458782836741,0.5821790695190431,0.5229106664657593,-0.0060894946102052405,0.5927367210388184,0.5104235410690308,-0.0069681462831794605,0.5768779873847962,0.5408452391624451,-0.01372989891096944,0.5859591484069825,0.49700255393981935,-0.023435594700276778,0.5926397562026978,0.46816096901893617,-0.030082554742693862,0.5980856060981751,0.4457783281803131,-0.033964389190077736,0.5914335370063782,0.5513272166252137,-0.014978043828159522,0.6071553468704224,0.5059452891349792,-0.023452450148761225,0.6051162600517274,0.5071762204170227,-0.024412085115909525,0.5989975094795228,0.5174728512763977,-0.023165361583232822,0.6051606893539428,0.5636062026023865,-0.015921307727694463,0.619703483581543,0.5246642470359802,-0.022479795664548823,0.614745306968689,0.5272096157073975,-0.01914027370512482,0.6077781558036804,0.5388957262039185,-0.014544206671416721,0.6171671867370605,0.5763658165931702,-0.0170013133436441,0.6312061190605163,0.5437273502349853,-0.020871771499514524,0.6282267212867737,0.5386040568351745,-0.018042149953544077,0.622620952129364,0.5433474779129028,-0.01423338558524842
0.5764122128486634,0.6211302995681763,2.2072339600498482e-08,0.5666547298431397,0.5826172947883607,-0.0025381080457009004,0.5700467228889465,0.5455335378646851,-0.0049416302237659205,0.5833074569702149,0.5202045679092407,-0.006767371715977721,0.5962115526199342,0.5102774143218994,-0.00796623649075622,0.5725269317626953,0.5379649639129639,-0.01214902075007552,0.5801520824432373,0.49441481232643125,-0.02102154735475772,0.5860437154769899,0.465949547290802,-0.027196885272860502,0.5908428549766541,0.4431331157684326,-0.031045232713222463,0.5866492033004761,0.5468624830245972,-0.013840556982904623,0.6002997994422914,0.5011200964450836,-0.022278567589819383,0.5995025873184204,0.504610002040863,-0.02394878156483168,0.5945145606994628,0.5152898907661438,-0.023363333940505923,0.6006924986839295,0.5581652879714967,-0.01531237661838526,0.6140285253524781,0.5190157055854798,-0.02209687829017634,0.6097642064094544,0.5264306426048279,-0.01931983605027196,0.6031010270118713,0.540000355243683,-0.015212034992873642,0.6133957505226135,0.5704414367675781,-0.01700240448117252,0.6261045575141907,0.5371906161308289,-0.020803086087107604,0.6231199622154237,0.5365971922874451,-0.01810096818953746,0.6176634669303894,0.5443050384521485,-0.01461999770253892
0.5741086363792419,0.6185251951217652,2.5968899475259377e-08,0.5639206528663635,0.580020272731781,-0.00274164759321134,0.5677202701568603,0.5434600949287415,-0.00539387841708954,0.5823391199111938,0.5197313308715821,-0.00764673785306506,0.5965892672538757,0.5125507950782776,-0.00932661211118096,0.5683769822120667,0.5349398255348206,-0.01114056212827558,0.5746640920639038,0.4915475010871887,-0.01926532667130226,0.5798331022262573,0.46329606175422666,-0.0249722000211477,0.583998727798462,0.4399766385555267,-0.02872951366007324,0.5823256254196166,0.5423283815383911,-0.013229853753000441,0.5940798759460449,0.49674561023712155,-0.021562303043901863,0.5943237185478211,0.5018393516540527,-0.02379439882934088,0.5902702569961549,0.5128607869148255,-0.02375788465142244,0.5966835856437683,0.5526178002357482,-0.015129839628934801,0.6089414238929749,0.5142411708831788,-0.02211453206837172,0.605297577381134,0.5256972551345825,-0.01986008360981938,0.5989407777786254,0.5410062551498414,-0.01618887446820734,0.6100322723388671,0.5642086148262024,-0.017278291285037942,0.6210860848426819,0.530957043170929,-0.020951598510146083,0.61802898645401,0.5347856640815735,-0.01819934714585536,0.6127695918083191,0.5457267761230469,-0.01486791670322412
0.5713863968849182,0.6161789774894715,3.0299433628755423e-08,0.5609213590621949,0.5787521481513977,-0.00347650878829878,0.564674460887909,0.5428591370582581,-0.00645354082807894,0.5795703291893006,0.5198438048362732,-0.009215563116595082,0.5941493391990662,0.5127535104751587,-0.01145733813755208,0.5635869026184082,0.5315455436706543,-0.00973074035719032,0.5678362727165223,0.4893915176391601,-0.01767682954668994,0.57194904088974,0.46151790022850037,-0.023372793197631803,0.5752907633781434,0.43784781694412234,-0.02725317999720568,0.5776548981666565,0.5368008136749268,-0.01194610586389892,0.5873213887214661,0.49287180900573724,-0.0207170026376843,0.5882246494293213,0.5007786750793457,-0.02350635826587672,0.5849133372306824,0.5132801532745361,-0.023667407780885642,0.5920454978942872,0.5461705088615417,-0.014185535162687241,0.6030705809593201,0.5103432655334473,-0.02175962887704366,0.60010244846344,0.5246078610420227,-0.019817269966006242,0.5942216038703918,0.540731680393219,-0.0161870192736387,0.6053136348724366,0.5578160405158996,-0.016763588599860622,0.6151036620140076,0.5266515731811524,-0.020552552118897383,0.6121888995170593,0.5328860878944397,-0.0176827242597937,0.6072295904159546,0.544940197467804,-0.01425836551934476
0.5675704479217529,0.6145846724510193,3.3624303696910834e-08,0.5564717411994934,0.5780143260955811,-0.003860410349443521,0.559652829170227,0.5419676542282105,-0.00704250624403354,0.5743015766143799,0.5189652919769288,-0.010163854621350702,0.5888569355010986,0.5110846519470215,-0.012812095507979338,0.557949423789978,0.5293266773223877,-0.008677532244473641,0.5604529738426208,0.48794264197349546,-0.01673008427023884,0.5635228633880616,0.4606305062770843,-0.022597456723451582,0.5660714149475098,0.43682308793067925,-0.02670412920415396,0.5721624612808228,0.5332286953926086,-0.01116415588185184,0.5801461935043336,0.4894655466079712,-0.020678672753274382,0.581170666217804,0.49965474605560306,-0.02383565790951246,0.5781149744987488,0.5131964564323426,-0.023990817368030503,0.5865274667739868,0.5423013210296631,-0.01384699828922742,0.5964276313781739,0.5072497129440308,-0.02217814065515988,0.5936678886413574,0.5245628237724305,-0.0200995802879333,0.5879815340042114,0.5414105772972108,-0.016158749721944303,0.5997111439704895,0.5546502709388733,-0.016928987018763983,0.6084733605384827,0.5252629399299622,-0.021065993979573202,0.605396032333374,0.5340843796730042,-0.01794731784611936,0.6005449771881104,0.5467912793159485,-0.014305201545357662
0.5632651567459106,0.6155723214149476,3.156854653241226e-08,0.5512241840362548,0.5779318690299988,-0.00248885315377264,0.554081130027771,0.5412546277046204,-0.005583074432797701,0.567917013168335,0.5181255102157593,-0.00855853627435856,0.5822644829750061,0.5105914950370789,-0.011090652178972898,0.5511620879173279,0.5323034167289735,-0.01025942806154484,0.5526270508766175,0.4896229982376099,-0.01861412096768614,0.5551420211791992,0.4612734794616699,-0.0245249424129724,0.5573282241821289,0.43744548559188834,-0.02854835130274292,0.5651668429374695,0.5364556193351746,-0.013198792561888622,0.5724155306816101,0.4881337940692902,-0.02255931161344046,0.5736624479293824,0.4978943049907684,-0.02503598853945726,0.5710082173347474,0.5125218987464906,-0.024748252704739522,0.5798141360282898,0.5451488494873047,-0.016003949753940042,0.5895121932029724,0.5047117531299591,-0.023597169294953278,0.5873828530311584,0.5212580084800721,-0.020657029375433858,0.5823451399803161,0.5386633157730103,-0.01630451604723926,0.5934134602546692,0.5566916108131409,-0.0190623408183455,0.6016775846481324,0.5241768002510071,-0.02237881310284132,0.5988949418067933,0.5322163462638856,-0.018625066801905583,0.5946547627449036,0.5448565721511841,-0.014654181711375662
0.560466468334198,0.6158371329307557,2.5591133123725742e-08,0.547259521484375,0.5791958689689636,-0.0020259177515981604,0.5488495349884034,0.5415983200073242,-0.004987671202979941,0.5610488176345825,0.5160991907119751,-0.007669173879548841,0.5745282053947449,0.5061580002307893,-0.00987638672813768,0.5466862082481385,0.5348207712173463,-0.011443328112363762,0.5464291214942932,0.4914491832256317,-0.020106965862214523,0.5477606534957886,0.4623110115528107,-0.026037011668086,0.5492087841033936,0.43857486844062804,-0.02994013726711268,0.5608455181121826,0.5386399388313294,-0.01423864886164658,0.5665267109870911,0.4876317024230957,-0.02358831539750094,0.5675527572631835,0.49659938812255866,-0.025582489371299682,0.5654653787612915,0.5120474934577942,-0.024900720268487882,0.575524663925171,0.5460861921310425,-0.01675326321274036,0.583207380771637,0.5019974768161775,-0.0240238700062036,0.5810158610343933,0.5168079018592835,-0.02065076455473894,0.5768598318099976,0.534615421295166,-0.01604213304817672,0.58899986743927,0.5559383511543274,-0.01945693250745532,0.5954973816871644,0.5210354208946228,-0.02272333614528174,0.5925758481025696,0.5267689585685731,-0.01902607865631576,0.5889843463897706,0.5384202957153321,-0.01504232529550786
0.5576307892799378,0.6163223743438722,1.964270630594456e-08,0.5433310985565185,0.5813475608825684,-0.00115167505282444,0.5433072924613953,0.5435744285583497,-0.0039214933640323,0.5535261273384094,0.5160403728485108,-0.006207508593797621,0.5659210205078126,0.5030165612697601,-0.008023927500471421,0.5419023871421814,0.5381813049316407,-0.013119434006512122,0.5398988604545594,0.4935395300388336,-0.022343209572136362,0.5400134444236755,0.4634493827819824,-0.02837592475116248,0.540615725517273,0.4399757385253906,-0.03217036910355086,0.5561227679252625,0.541558587551117,-0.01577379778027528,0.5603771686553956,0.4875114321708679,-0.02501667924225326,0.5613201022148133,0.49526253938674925,-0.026176095381379064,0.5597514748573303,0.5108073353767395,-0.024916348606347984,0.5707107901573181,0.547744870185852,-0.01794262882322068,0.5765808701515198,0.49953504204750065,-0.024693715944886164,0.5744489312171936,0.5120832085609436,-0.020479398593306483,0.571103835105896,0.5296904087066651,-0.015438091196119741,0.5838680744171143,0.5559177279472352,-0.02018940988928078,0.5891217231750489,0.5189330935478211,-0.023633813485503162,0.5861854195594788,0.520998477935791,-0.0201104890555143,0.5830959558486939,0.5297275662422181,-0.016168085671961263
0.5552415728569031,0.6172450065612793,1.684667942924989e-08,0.5399495363235474,0.5824812889099121,0.00036815239873246004,0.5391926527023316,0.5444774031639099,-0.00238450020551676,0.5486955642700195,0.516191053390503,-0.0044393444899469,0.5609387755393982,0.5025203645229339,-0.006027915515005541,0.5378881573677063,0.5432792782783509,-0.015950950235128363,0.5351155042648316,0.49610579013824463,-0.025513311475515325,0.5344977259635926,0.4646154403686523,-0.03131451830267902,0.5346009492874145,0.44120162129402163,-0.034782397001981706,0.5518967747688294,0.5469939112663269,-0.01868788115680212,0.5557676196098328,0.4881751954555512,-0.027402527257800062,0.5567023038864136,0.4932870030403137,-0.027309243753552363,0.555480420589447,0.508077085018158,-0.025377460941672265,0.5665365099906922,0.5521350145339966,-0.0205074310302734,0.5714967250823975,0.49786377549171457,-0.026163647696375802,0.5693475008010864,0.5077174067497254,-0.020746822655200902,0.5665078997612,0.5251422286033631,-0.015199604257941202,0.5798270344734192,0.5581827640533448,-0.022233749181032162,0.5845329761505127,0.5173637032508851,-0.025395603105425803,0.5816606998443604,0.5157158017158509,-0.02183387652039524,0.5789619803428651,0.5216595530509949,-0.017891801521182003
0.554461944103241,0.6180361151695253,2.2301385982359533e-08,0.5384653806686401,0.5838603973388672,0.0009823383908951202,0.53746235370636,0.5459163904190064,-0.001852385001257,0.5466307878494263,0.5168309450149535,-0.0038694786373525206,0.5586458683013916,0.5024120271205902,-0.005427341721951921,0.5359548687934876,0.5469965815544129,-0.017713411711156323,0.5323593258857727,0.49849134087562563,-0.027268797531723923,0.5311890363693238,0.4659022271633148,-0.03276841491460796,0.5309750676155089,0.44256263375282284,-0.03591108359396454,0.5498844742774964,0.5505711913108826,-0.02034239955246444,0.5524988412857056,0.489684396982193,-0.028562809899449322,0.5540928244590759,0.49097770452499395,-0.027980778366327202,0.5539125800132751,0.5039281129837037,-0.025944012776017124,0.5647192358970642,0.5545323371887207,-0.021804778277873964,0.5684891104698181,0.4968526482582093,-0.026898665353655784,0.5667574644088745,0.5034441351890564,-0.02138452678918834,0.564548909664154,0.5206044912338257,-0.01594765335321422,0.5783175349235535,0.5583564043045044,-0.023076133802533122,0.5818919658660888,0.5138028264045715,-0.02637037001550194,0.5793077230453492,0.5086353302001954,-0.02329592369496818,0.5770431518554687,0.5130671262741089,-0.019649767875671326
0.5546411991119384,0.6178706884384155,2.6611320080860427e-08,0.5388434886932374,0.584887969493866,0.0012061516201356,0.5375880122184754,0.5471065163612366,-0.0017470380174926803,0.5464203238487244,0.5174228072166442,-0.003936035092920001,0.5581326365470887,0.5020391166210174,-0.00574341937899586,0.5360263943672181,0.5478114843368531,-0.017933063022792302,0.5323143362998963,0.4993296563625335,-0.027812444418668696,0.5310222387313843,0.4663438618183136,-0.033634853363037086,0.5305835723876954,0.4429977655410766,-0.036997865885496105,0.5496849536895752,0.5512345910072327,-0.020668659359216638,0.5527602076530457,0.49013972878456114,-0.028860762715339643,0.5548335909843446,0.49186860918998726,-0.0281290862709283,0.5547283291816711,0.5052271604537963,-0.026058190688490804,0.5642987251281738,0.5551220893859864,-0.02222817204892632,0.5681055903434753,0.49680258035659797,-0.02717656828463074,0.566757881641388,0.502997100353241,-0.02141718640923496,0.5647084593772889,0.5201829552650452,-0.0159457946196198,0.5776571035385132,0.5586761474609375,-0.02358210161328312,0.5814385175704956,0.5137192130088806,-0.02697438560426232,0.5793070673942566,0.5083297014236451,-0.02390245124697682,0.5772172927856446,0.5123957514762879,-0.020301185920834484
0.5555937170982361,0.617455816268921,3.293732433462538e-08,0.5403191924095154,0.5848843932151795,0.00075565133010964,0.5392170071601867,0.5479705333709717,-0.00231701111188152,0.5479414463043213,0.5195873498916627,-0.00470064887776964,0.5595103859901429,0.504526948928833,-0.00678983610123392,0.5378634810447693,0.5454174518585205,-0.01724492944777008,0.5342566013336182,0.49809697866439817,-0.0275969590991735,0.5334055662155152,0.4657245635986328,-0.03407272771000858,0.5331872224807739,0.44242261052131654,-0.037928690761327724,0.5514708638191224,0.5483978033065796,-0.02009088732302184,0.5545944213867188,0.4896616280078888,-0.028569354861974705,0.5570579051971436,0.49305880665779117,-0.028175809606909682,0.5568861126899719,0.5066131711006164,-0.02630740329623216,0.5659428119659424,0.5533260464668275,-0.021953450143337223,0.570539402961731,0.49874354600906373,-0.027286871522664978,0.5696308970451355,0.5068386316299439,-0.021594369411468462,0.567241084575653,0.5235743880271913,-0.01614723112434144,0.5791266322135926,0.5590957760810852,-0.0236720040440559,0.5837822556495667,0.5177184700965882,-0.02706649042665956,0.5817753314971924,0.5144541859626771,-0.0236400298774242,0.5791460275650024,0.5188443422317506,-0.019845310598611783
0.5572248220443725,0.6169612884521485,3.13078581726245e-08,0.5428974986076355,0.5835195302963258,3.0487927142499867e-05,0.5427695751190186,0.546497642993927,-0.00309797094669188,0.5518988013267517,0.5193156242370606,-0.0057438275311141596,0.5636597037315368,0.5056785225868226,-0.00817497144453224,0.541602385044098,0.5417564749717713,-0.015575451217591721,0.5385728716850282,0.49633682370185855,-0.02574214898049826,0.5382909059524537,0.46494857668876655,-0.032393339648842764,0.538440728187561,0.44180614352226255,-0.036493548005819304,0.5551868081092834,0.5448232173919678,-0.01866220664232964,0.5588709354400635,0.489402312040329,-0.027541693300008763,0.5610410690307618,0.4949079930782318,-0.027878142148256242,0.5602508068084717,0.5100239038467408,-0.026359399780631003,0.5695039749145507,0.5512345910072327,-0.021017086878418877,0.575003468990326,0.5008554816246032,-0.02698340192437168,0.5743590474128724,0.5104277968406677,-0.021984876319766002,0.5716620683670044,0.527370297908783,-0.01683831512928004,0.5825797200202942,0.5595385551452636,-0.023321247100830042,0.587809705734253,0.520745861530304,-0.026630736514925923,0.5861026406288148,0.5199954152107239,-0.022950991243123962,0.5833099126815796,0.5266546607017517,-0.019029133394360503
0.5602707743644715,0.6169256567955017,2.8283909681015023e-08,0.5469813346862793,0.5829832196235658,-0.0008827302954159802,0.5480194926261902,0.5464870095252992,-0.00431701905326914,0.5578096866607666,0.5211185812950134,-0.00756258592009538,0.5700740218162537,0.5094782948493958,-0.01072666468098756,0.5472784638404846,0.5383005261421204,-0.01362436637282366,0.5450891852378845,0.49502805471420286,-0.02371246665716166,0.5456738829612732,0.4646748423576355,-0.030716321244835802,0.5464122533798218,0.44152504205703735,-0.03523450791835782,0.5609122037887574,0.541132652759552,-0.016934929415583562,0.5653289198875427,0.4901811540126801,-0.02627045735716818,0.5673799514770508,0.49886658787727356,-0.027519050240516603,0.5658805966377258,0.515362286567688,-0.026543886959552704,0.5751695036888123,0.5490022301673889,-0.019813737645745223,0.5815532207489014,0.5036224722862244,-0.026487128064036344,0.5811623096466064,0.515278959274292,-0.022194565460085823,0.5780097246170044,0.5324487447738647,-0.01742202695459122,0.5880365967750549,0.5599501132965088,-0.022767443209886502,0.5938537001609803,0.5243710517883301,-0.026119839400052983,0.5923742175102235,0.5268199205398559,-0.02220177315175528,0.5893534183502198,0.5360283374786377,-0.018195123970508542
0.5643822550773621,0.6174142122268677,2.035379178533248e-08,0.5524224162101746,0.5841980218887329,-0.0023860112531110603,0.5539179205894471,0.5489055633544921,-0.00638719290727746,0.5637586474418641,0.5255342721939087,-0.010326523892581402,0.5759849429130555,0.5150610327720643,-0.0142649780027568,0.5553343892097473,0.5351275563240052,-0.01221514195203776,0.5542804002761841,0.49402087926864624,-0.02240389734506602,0.5557050347328186,0.4649751305580139,-0.029748928174376438,0.5569215297698974,0.4422803223133087,-0.034695971757173524,0.5690416932106018,0.5382072091102601,-0.015461519360542242,0.575112533569336,0.4926819741725922,-0.02580664455890654,0.5762040734291077,0.5058704912662506,-0.0279091957956552,0.5732502818107605,0.5245720624923706,-0.02725432142615312,0.5827036619186402,0.5479307293891907,-0.01864971257746214,0.5908316254615784,0.5079945027828217,-0.02648952938616272,0.5903420805931091,0.5213757276535035,-0.022845061495900106,0.5864915609359742,0.5383421421051026,-0.0183472322300076,0.5945881009101868,0.5619709849357606,-0.02206131331622596,0.6020091414451599,0.5318600654602051,-0.02615988291800018,0.6007301330566406,0.5363638043403626,-0.02243597693741316,0.5973016500473023,0.546240770816803,-0.01855384185910222
0.5682389497756959,0.6179175496101379,1.4231189449098739e-08,0.5571183443069458,0.5857039093971252,-0.00419126630295066,0.5589175701141358,0.5513448596000672,-0.00878224037587638,0.5686642169952393,0.5294077277183533,-0.013293903507292202,0.5808020234107971,0.519795560836792,-0.017832723073661298,0.562711238861084,0.5328748464584351,-0.01158564146608108,0.5625807285308838,0.49325708746910096,-0.021781069785356457,0.5645941257476808,0.46541213393211367,-0.02913061492145056,0.5662693023681641,0.44329626560211177,-0.034189143776893596,0.5767931103706361,0.5363797664642334,-0.014492096751928281,0.5837591528892517,0.4953644871711731,-0.02598976120352744,0.5835364580154419,0.5109434306621552,-0.02895920462906356,0.5793488264083863,0.5305003285408021,-0.028541986271738942,0.5901081800460816,0.5475358963012695,-0.01766543537378306,0.5990491032600403,0.5122113943099975,-0.026883220672607382,0.5981096148490906,0.5258926153182983,-0.024111196026205962,0.5936535596847534,0.5421783328056335,-0.019878215715289083,0.6012249827384949,0.563788890838623,-0.02120918445289132,0.609415876865387,0.5376089811325073,-0.026454105228185622,0.6078941345214843,0.5419649720191956,-0.02335418537259096,0.603897225856781,0.5512332558631897,-0.019734159484505624
0.572272551059723,0.6198607325553894,7.680695968126374e-09,0.561822509765625,0.587688183784485,-0.00411068086978046,0.563583517074585,0.5536837816238404,-0.0085301871411502,0.5728124856948853,0.5311181783676148,-0.012917028088122541,0.5839324235916138,0.5203472971916199,-0.017362537607550597,0.5692768692970276,0.5347100257873535,-0.01132050547748798,0.5712738633155823,0.4952389240264893,-0.02101385891437526,0.5744799852371216,0.46779381632804873,-0.0279465682804584,0.5769579291343689,0.4461269319057464,-0.03274450525641438,0.5834484457969666,0.5395045518875122,-0.014160196855664203,0.592618441581726,0.49967133998870855,-0.0254262801259756,0.591806972026825,0.5139535188674927,-0.02856346592307086,0.5866946935653687,0.5326976656913758,-0.028338404372334404,0.5965458154678345,0.5517653226852417,-0.01720035262405866,0.6074991941452027,0.516604232788086,-0.026449427753686864,0.6064420580863953,0.5283874154090882,-0.024177832156419703,0.6016562461853028,0.5441608786582948,-0.02031336128711696,0.6072675704956054,0.5687045097351074,-0.0205573014914989,0.6169381260871887,0.5427842617034913,-0.0263122513890266,0.6156985878944398,0.5458112716674804,-0.023807990178465785,0.6117264628410339,0.5545395851135254,-0.020521132275462102
0.5762683391571045,0.6222430348396302,9.900406428009493e-09,0.5656193256378174,0.591136920452118,-0.00522528970614072,0.5669682621955872,0.5569950222969056,-0.009895041119307241,0.5762047171592712,0.533315134048462,-0.014339051302522342,0.5864421129226685,0.5203309416770936,-0.01878539770841596,0.5757792472839356,0.5370122790336609,-0.01197348143905394,0.5800498962402344,0.49804650545120244,-0.021979935094714118,0.5844049453735352,0.47114795446395874,-0.029246745631098702,0.5877118945121765,0.4493425190448761,-0.03431777432560916,0.5902748942375184,0.5432384252548218,-0.014255367405712562,0.6012842535972596,0.505276495218277,-0.02600641958415506,0.5994288444519043,0.5192032337188721,-0.029568747431039762,0.5934129714965821,0.5362346172332764,-0.029645727202296183,0.603123438358307,0.5563259720802307,-0.01683086268603796,0.615481972694397,0.522756814956665,-0.02653846032917494,0.613478684425354,0.5337301015853881,-0.02452136874198908,0.6080483675003052,0.5482306718826294,-0.02081983089447016,0.6132384419441222,0.5736934900283813,-0.01981204301118846,0.6240665316581726,0.5490880250930786,-0.02622716575860974,0.622508978843689,0.5512950658798218,-0.024145273491740164,0.6182981491088868,0.5586490869522095,-0.02107935026288028
0.5786076426506043,0.6250676512718201,6.613771574848219e-09,0.5683696389198304,0.5926619529724121,-0.00482106100535016,0.5698877453804017,0.5580978631973267,-0.008917534677311741,0.5791046261787415,0.533638846874237,-0.012488391995429922,0.5886826872825623,0.5196271419525147,-0.01587083963677284,0.5803287148475647,0.5406184434890747,-0.01298715285956852,0.5870387077331543,0.5010520815849304,-0.023101495206356,0.5924734473228455,0.47422773838043214,-0.030284153297543484,0.596693503856659,0.4527702987194061,-0.035071945190429644,0.5948882460594177,0.5494344711303711,-0.014790875092148742,0.6084496259689331,0.5105161905288697,-0.0260620582848787,0.6051230669021608,0.5214268803596497,-0.028833525255322425,0.5980581045150757,0.5368945479393006,-0.028304541483521403,0.6073311924934388,0.5636333107948304,-0.016758522391319218,0.621848726272583,0.5290043592453003,-0.025889927148818898,0.618583118915558,0.5361870288848878,-0.023444628342986062,0.6124503374099731,0.5487415909767152,-0.019377614744007537,0.6170116066932678,0.5809791088104248,-0.01905689164996144,0.6297886610031128,0.5557264566421509,-0.0251598976552486,0.6279030323028565,0.5541528820991517,-0.02303897216916078,0.6232546925544739,0.5586388349533081,-0.019792802073061423
0.5793953895568847,0.627507746219635,4.506805728610177e-09,0.5693620681762696,0.5927397966384889,-0.0041718237916938405,0.5713329434394837,0.5571197152137756,-0.007702669547870721,0.58085196018219,0.5312488913536072,-0.010570467635989123,0.5902365922927857,0.5161924481391907,-0.01311668353155252,0.582153308391571,0.5434178829193116,-0.01351592205464832,0.5908674359321595,0.5038446247577668,-0.024006932228803582,0.5974243521690369,0.4771405518054962,-0.03162045963108536,0.6025274991989137,0.45543274879455564,-0.036573053151369044,0.5966251373291016,0.5539731025695801,-0.015067855454981282,0.612044632434845,0.5139272093772889,-0.025745462998747783,0.6083544254302979,0.5220671176910401,-0.02809398584067818,0.6007689714431763,0.5354432582855224,-0.027445430681109384,0.6090044975280762,0.5688183426856995,-0.01666670143604272,0.6247797846794129,0.5331893920898437,-0.024910968914627962,0.6209345698356629,0.5375829815864563,-0.02198933884501452,0.6143094778060914,0.5485381603240967,-0.01770272683352226,0.6186824202537536,0.5859607696533203,-0.01858123093843456,0.6327354907989503,0.5589187026023865,-0.024123767018318122,0.6309978604316713,0.5541191101074219,-0.02188351713120932,0.6263545274734497,0.5561884045600891,-0.01853372212499376
0.5801028966903687,0.6298227906227112,2.4197689629801305e-09,0.5699539542198181,0.5936563134193421,-0.00384067640407004,0.5718420505523683,0.5567765355110169,-0.006771318847313501,0.5809779286384582,0.5286282777786255,-0.008963031880557481,0.5890510201454163,0.5111471056938172,-0.010721271950751501,0.582975995540619,0.5449084639549255,-0.01333025470376008,0.5932833075523376,0.5056398630142211,-0.02392117157578464,0.6010279893875121,0.4793357253074646,-0.03173220381140706,0.6071157336235047,0.45762240290641787,-0.03672848716378206,0.5975281357765199,0.5566307306289673,-0.014662145078182181,0.6140403866767884,0.516127061843872,-0.02491117715835566,0.6098863124847412,0.5229612350463868,-0.027121813595294923,0.6018427014350891,0.5349927067756652,-0.026513219997286758,0.6100081086158753,0.5718518853187561,-0.01599965654313558,0.6263560175895693,0.5361927509307862,-0.0238048575818538,0.6216569185256958,0.5399977445602417,-0.0207462608814239,0.6144676923751832,0.550510835647583,-0.01638968717306846,0.6198536396026612,0.5887640237808228,-0.01765185426920648,0.6345754981040955,0.5604565143585205,-0.022946143150329522,0.632950234413147,0.554183828830719,-0.020754420012235583,0.6284817934036255,0.5551831483840943,-0.01741565186530348
0.5799995064735413,0.6313107371330261,-9.702374459408229e-10,0.5699443817138672,0.5946972608566284,-0.00450082569150246,0.5720884203910828,0.5572441816329956,-0.007453430490568261,0.5814759373664856,0.5288324594497681,-0.009633029159158422,0.5891744017601014,0.5108005166053772,-0.011273931805044362,0.5833546280860902,0.5443215370178223,-0.012805433385074082,0.5940381288528442,0.5059947609901428,-0.023740558698773343,0.602133858203888,0.4803105533123016,-0.03188447579741476,0.6086735010147095,0.4587441623210907,-0.037080679088830906,0.5979113817214966,0.5566327333450317,-0.013887451775372001,0.6145984292030334,0.5175930500030518,-0.024693353101611082,0.6095424771308899,0.5258056163787842,-0.0271365441381931,0.6009174942970277,0.5378583073616028,-0.026522152125835398,0.6102854490280152,0.5721075057983398,-0.01516522392630572,0.6260992169380188,0.5381371974945068,-0.023403637111186926,0.6203769087791443,0.5425808668136597,-0.02033456042408938,0.6126662611961364,0.5527593493461609,-0.01578789036720986,0.6200020551681519,0.5891404151916504,-0.01686710976064202,0.6347381234169006,0.5607904195785522,-0.02235229685902588,0.6330056667327881,0.5537088632583619,-0.020221857726573884,0.6285832047462463,0.5537165999412537,-0.0168609147891402
0.5788781762123109,0.6318971037864685,1.830089413346067e-10,0.5692828893661499,0.5951222777366638,-0.00457885403884568,0.571694016456604,0.5588097453117371,-0.007579933712258921,0.5815656661987304,0.532277512550354,-0.0099602109752595,0.5902775526046753,0.5165420413017273,-0.01173608386889096,0.5814027428627014,0.5443559765815735,-0.011659798771142902,0.5911022901535035,0.5062482595443726,-0.02222360298037524,0.5988552570343018,0.48063085079193113,-0.030114534124731997,0.6052297234535218,0.4593628525733948,-0.03517495468258854,0.5958787202835083,0.5556833505630493,-0.01280693653970954,0.6115670561790466,0.5173955440521241,-0.023482339456677385,0.6071666598320008,0.5248419046401978,-0.02623314037919042,0.5990889191627503,0.5368152976036072,-0.025867652893066403,0.6082917332649231,0.5705820918083191,-0.01424894705414766,0.6235251307487488,0.5369153738021851,-0.022673708945512724,0.6178143620491028,0.5419168829917907,-0.020104598626494358,0.6099565625190735,0.5531936287879944,-0.01581464614719148,0.6181925654411317,0.5873008966445923,-0.01613947525620456,0.632411551475525,0.5594611763954163,-0.02177323997020714,0.6305219054222106,0.5524996519088745,-0.020016244798898644,0.6257627248764038,0.553302776813507,-0.016899571381509278
0.5772473454475403,0.6320182085037231,-5.382107648443953e-10,0.5671895384788513,0.5976857662200927,-0.0059057237114756595,0.569204604625702,0.5622102856636048,-0.009432709868997321,0.5795203566551209,0.5361864566802979,-0.01252777930349108,0.5889102458953859,0.5213973522186279,-0.015053230337798562,0.5774179339408875,0.5438792824745179,-0.01017859540879722,0.5855311274528503,0.5061295270919801,-0.02020034641027446,0.5924704790115356,0.4807694613933563,-0.02773820981383322,0.598208487033844,0.4591058492660523,-0.03280533924698826,0.5920086979866028,0.5525233149528503,-0.011266373470425582,0.6053829073905945,0.5171669125556946,-0.022540193796157782,0.6019520282745361,0.5279444336891175,-0.026283548399806,0.594878649711609,0.5411924719810486,-0.02657966092228888,0.6048456311225892,0.565587830543518,-0.012904515862464841,0.6178888559341431,0.5345271825790405,-0.022308973968028983,0.6126598000526429,0.5441560268402099,-0.02055412903428072,0.6053320884704589,0.557594919204712,-0.01674167532473798,0.6153894901275635,0.5811834096908569,-0.015133221633732262,0.6274430513381959,0.5549691319465637,-0.02147605158388608,0.6252293705940246,0.5523964405059816,-0.020144919306039746,0.6206636548042298,0.5563908815383911,-0.01738548930734394
0.5751384019851684,0.6330000638961792,3.9048022593135377e-10,0.5639085412025452,0.6012638449668884,-0.006538993678986959,0.5649871230125427,0.566403341293335,-0.010256674326956261,0.5751268148422242,0.54092116355896,-0.013585901074111421,0.5847072720527648,0.5265547513961792,-0.01638889759778972,0.5722713589668275,0.5449194073677064,-0.009445010870695079,0.5785742998123169,0.5070819735527039,-0.0189651113003492,0.5843290805816651,0.4815251886844635,-0.02613312825560568,0.5890908479690552,0.45947544574737553,-0.031115478277206385,0.5870449662208557,0.5514147400856019,-0.0105921536684036,0.5975755333900452,0.5152027845382691,-0.02192913927137846,0.5948003768920899,0.5286528706550598,-0.02602780275046822,0.5888266921043397,0.5436105847358704,-0.026591469347476943,0.6002520203590394,0.5629789233207703,-0.01239366326481098,0.6112113356590272,0.5309972167015076,-0.022236767411231963,0.6062888979911805,0.5446925520896913,-0.02076972909271712,0.5996005058288575,0.5603976964950562,-0.0171560367569327,0.6112715125083924,0.5776078939437866,-0.014830441959202242,0.6213957309722902,0.5514250874519349,-0.021388074010610523,0.6188579082489014,0.553042757511139,-0.020027569681405944,0.6145567774772644,0.5601767182350159,-0.01733608264476058
0.5723575830459595,0.6347427010536195,-1.4236777534648597e-09,0.5600461840629578,0.6036181569099427,-0.00562453656457358,0.5606244087219239,0.5696287989616394,-0.009281822387129043,0.5710478305816651,0.5456344246864319,-0.01246767472475762,0.5820709466934204,0.5336972832679749,-0.015162803325802039,0.5666624665260316,0.5498416900634766,-0.010455445200204801,0.571206247806549,0.5102121114730835,-0.019687410071492162,0.5755665302276611,0.4835570156574249,-0.026565477252006503,0.5793087720870972,0.46084823012351994,-0.03136121779680248,0.5816120743751526,0.5550380945205688,-0.011712233163416361,0.5898821830749512,0.5144068837165833,-0.02217919118702406,0.5875378489494324,0.5271590352058411,-0.025575643032789204,0.5827178001403809,0.5424281716346742,-0.025881832093000382,0.5952638149261474,0.5648319244384765,-0.013368304260075022,0.6044071197509766,0.5284223914146424,-0.02213972620666024,0.5997170686721802,0.5423493623733521,-0.02005116827785964,0.5939787864685059,0.5589742541313172,-0.016286478564143142,0.606761920452118,0.5774927854537965,-0.015561486408114382,0.6152166128158569,0.5485337734222413,-0.02108008638024324,0.6120186924934388,0.5516026258468628,-0.01905469018965952,0.6079082131385803,0.5604903340339661,-0.01607081778347488
0.5692524909973145,0.6371230244636537,-4.9518859679409415e-09,0.5556703686714173,0.6070115447044373,-0.00460796182742336,0.5552531242370605,0.574402117729187,-0.00821661064401266,0.5654711961746216,0.5518049836158753,-0.011304299160838058,0.5774031758308411,0.541588020324707,-0.01397852469235654,0.5605703949928283,0.5559749603271484,-0.011636655777692741,0.5631868243217468,0.5141136646270753,-0.02072435915470118,0.5658629179000855,0.4862764418125153,-0.027315567061305,0.5683411359786987,0.46291221380233766,-0.0318566963076591,0.5758650302886964,0.5594538211822511,-0.01300872303545472,0.5818003177642822,0.5140285015106202,-0.022715668752789443,0.5797204375267029,0.5262731909751892,-0.02525469772517678,0.5761724948883057,0.5424118995666504,-0.0251002591103315,0.5899233937263489,0.5672245979309083,-0.0145141148939728,0.5967792510986328,0.5262115001678467,-0.022259397059679,0.5921575903892518,0.5398474693298341,-0.01943723931908602,0.5876133441925049,0.5572726726531984,-0.01539898402988906,0.601815140247345,0.5776466250419617,-0.0164381487295031,0.6082816481590271,0.5452642560005189,-0.020922063291072802,0.6042053937911989,0.5493680953979493,-0.018126099370419924,0.6003361463546752,0.5597538828849793,-0.01474268492311234
0.566237211227417,0.6406427264213562,-1.0915281167811488e-08,0.5516489982604981,0.6098172664642335,-0.00317050024168558,0.5507406234741211,0.576681137084961,-0.006436304422095381,0.5603584170341492,0.5531830549240113,-0.009140085428953101,0.572046422958374,0.5424790382385254,-0.01150019634515042,0.555295717716217,0.5618559837341308,-0.0127780575305223,0.5566360831260682,0.5177156805992127,-0.0219927683472633,0.5582400679588319,0.4887891888618469,-0.028408754989504764,0.5600647807121277,0.4650527775287628,-0.03263618946075434,0.5707689523696899,0.5646747112274171,-0.01432214118540284,0.5752787828445435,0.5138765335083008,-0.02330938242375846,0.5727964878082276,0.5257646203041076,-0.024607789143919902,0.5698821067810059,0.5424084186553956,-0.023601516708731604,0.5852525591850282,0.5711718678474427,-0.01569564472883934,0.5904056310653687,0.5251232624053955,-0.02218142040073868,0.5854305386543274,0.5374343156814576,-0.018059677258133844,0.5817329287528992,0.5543216466903687,-0.013305863551795439,0.5975335955619813,0.5798991918563843,-0.01737097743898626,0.6029065489768981,0.5432604551315309,-0.020550082251429503,0.5980530023574829,0.5467154622077942,-0.016693169251084262,0.5945119023323059,0.5566056966781616,-0.012656649760901861
0.563973069190979,0.6437264800071717,-8.10338263157462e-09,0.5486004590988159,0.6115796685218812,-0.0018149800482205204,0.5470910429954529,0.5778713226318359,-0.0048339974135160006,0.5559194684028625,0.5538957953453064,-0.00723258797079316,0.5671642422676086,0.542295515537262,-0.009337733872234782,0.5520696997642518,0.5667392015457153,-0.01417593918740744,0.5523078441619873,0.5210405468940735,-0.02378686666488644,0.5530822157859803,0.4912557244300842,-0.030368725582957206,0.5544202208518982,0.4675214767456054,-0.03452256917953486,0.5677138805389405,0.5697600603103637,-0.015953866578638523,0.5712289929389953,0.513082993030548,-0.02440230324864384,0.5682832837104798,0.5221064686775208,-0.024808996915817203,0.5657814621925354,0.5379341244697571,-0.023252284899353923,0.5822996139526367,0.5759822010993958,-0.017275165207684,0.586624538898468,0.5244513750076294,-0.02266862057149406,0.5811525821685791,0.5337417960166931,-0.017603717744350402,0.5778307676315307,0.5496799468994141,-0.01236852761358018,0.5944395542144776,0.584164309501648,-0.01879536509513852,0.5995631098747254,0.5434869885444641,-0.0209535583853721,0.5941814541816712,0.5442995309829712,-0.01642971578985446,0.5907017707824707,0.5525119781494141,-0.011985951662063522
0.5626539468765259,0.6461484432220459,-1.1903665964041467e-08,0.5470601916313171,0.6127406597137451,-0.00069690115051336,0.5452855587005615,0.5791262626647949,-0.00352427829056974,0.5538091778755189,0.5551605105400086,-0.0057616326957940205,0.565101146697998,0.5436944246292115,-0.00777853261679406,0.5503720760345459,0.5705059409141541,-0.01506136581301684,0.5502872228622437,0.5232461929321289,-0.02489551641046998,0.5508131265640259,0.4929001212120056,-0.03153216503560537,0.5521270275115967,0.4691547870635986,-0.0355911053717136,0.566229522228241,0.5736167550086976,-0.016949687898159,0.5696884393692017,0.514260458946228,-0.024988953396677942,0.5663556933403016,0.5218110322952271,-0.02470752447843546,0.5639390468597413,0.5373889327049256,-0.022754314541816638,0.5810130000114441,0.5794312477111816,-0.0181584276258945,0.5849145531654358,0.5252325892448425,-0.02275033146142954,0.5789658308029175,0.5331740260124207,-0.01702070683240888,0.5759020328521728,0.549210262298584,-0.01147248912602658,0.5932339310646058,0.5869117617607117,-0.0194758582860231,0.5980375766754151,0.5439032912254333,-0.020959265530109343,0.5920069575309753,0.5439482212066651,-0.015998059697449142,0.5885264992713928,0.5521435022354126,-0.01129285078495734
0.5624515771865845,0.6482302784919739,-1.2372826141415774e-08,0.547009813785553,0.6138477563858032,-0.00067049348726862,0.5454226613044739,0.5796594858169556,-0.00353393275290724,0.5542533874511719,0.5553600430488587,-0.0058892150409518805,0.5657320857048035,0.5436299800872804,-0.00805001994594926,0.5505494475364685,0.5719771742820741,-0.01489986702799792,0.5510061621665955,0.5242966771125794,-0.024855029955506282,0.551664936542511,0.4937857031822204,-0.03158084079623217,0.5530500411987306,0.4698859930038452,-0.03570014685392376,0.5665398359298706,0.575138795375824,-0.01682435534894464,0.5706767439842224,0.5162231087684631,-0.02501778751611706,0.5672421336174012,0.5244913697242737,-0.024686846509575783,0.5648513793945312,0.5408973932266236,-0.02264940701425068,0.5813654065132141,0.5811403155326843,-0.01809973418712612,0.5855365633964539,0.5268924474716187,-0.02260597459971898,0.5794041991233826,0.534232497215271,-0.016731952875852562,0.5763758897781373,0.5501800179481506,-0.011152954027056641,0.593554675579071,0.58863205909729,-0.01951811686158176,0.5984535813331604,0.545966374874115,-0.020873266458511303,0.5920936584472657,0.5456345438957215,-0.01585952639579766,0.5884464263916015,0.5535055756568908,-0.01117846798151726
0.562786340713501,0.6493759512901306,-8.914253912806203e-09,0.5479808568954467,0.6136044025421142,-0.0009665216668508401,0.5474558591842651,0.5779503464698792,-0.0038325175642966803,0.5573751688003541,0.5531592845916748,-0.00623606620356432,0.5695487260818481,0.5412443280220032,-0.00839866716414684,0.5521930098533631,0.5718344807624818,-0.01425678282976146,0.5536954522132874,0.5243306159973145,-0.024026686698198282,0.5549642324447632,0.49397349953651426,-0.030644076690077723,0.5567513823509216,0.46998273134231566,-0.0347849607467651,0.5679999470710755,0.5757529497146607,-0.016189554333686802,0.5734615921974182,0.5184049963951112,-0.0246784012764692,0.5701429963111877,0.5270570397377015,-0.024684110283851562,0.5673930764198304,0.543363630771637,-0.0228622127324342,0.5826923012733459,0.5824149131774903,-0.017555836960673282,0.5883819818496705,0.5286912202835083,-0.02232210375368588,0.5824368119239808,0.5359349489212036,-0.016656643152236923,0.5788923621177674,0.5516857981681824,-0.01121554914861912,0.594702422618866,0.5904045462608338,-0.019120799750089602,0.6006335496902466,0.5491909384727478,-0.020805987343192042,0.5946852087974549,0.5478861331939697,-0.016193937882780958,0.5907975554466248,0.5546262741088868,-0.01180451400578018
0.5635376572608948,0.649127447605133,-7.636418741796547e-09,0.549227786064148,0.6134364604949951,-0.00129985037492584,0.5488380908966065,0.5775731086730956,-0.00406305971555408,0.558511245250702,0.5523582935333252,-0.0063923701643943,0.5700384497642517,0.5396169066429138,-0.00848578810691826,0.5544584035873412,0.5705207228660584,-0.01366049181669946,0.5574903130531311,0.5239058017730713,-0.02340029589831824,0.5596577882766723,0.49420480728149413,-0.030075297504663423,0.5619775056838989,0.4703803837299347,-0.03432548269629474,0.5700856685638429,0.5755113244056702,-0.015540499426424461,0.5771264433860779,0.5203443169593811,-0.02458344437181946,0.5740421175956726,0.5304016232490539,-0.02511807009577746,0.5708255171775818,0.5472059488296509,-0.023554376140236803,0.5844648718833924,0.5832085132598878,-0.01694518849253648,0.5917622089385987,0.5308639287948609,-0.02242880202829832,0.5864479660987854,0.5387123107910157,-0.01731999479234216,0.5825289011001586,0.5545798063278199,-0.01212028618901962,0.5960979223251344,0.5920037627220154,-0.0185460820794105,0.6032971024513245,0.5525039315223694,-0.021228309348225543,0.5986363172531128,0.5496643900871278,-0.017436672933399622,0.5950632691383362,0.5543965935707093,-0.013500235974788641
0.5643149733543396,0.6483402967453002,-6.0148606539911504e-09,0.5507447004318238,0.6120695352554322,-0.00127053048345258,0.5510015249252319,0.5763359546661377,-0.00382798439823088,0.5610947728157044,0.5517921328544617,-0.005898525379598061,0.5726110935211182,0.5398663878440857,-0.007707526721060201,0.5569568634033204,0.569513487815857,-0.01344285849481816,0.56174373626709,0.5234669566154481,-0.02302821986377234,0.5648698806762695,0.4940188765525818,-0.029569576680660205,0.5678316354751587,0.4704692065715789,-0.033740460872650105,0.5723708391189576,0.5759301304817199,-0.0151975449174642,0.581574535369873,0.5225343704223633,-0.024412440508604,0.5785549521446228,0.5328265190124513,-0.025087883695960003,0.5747318148612977,0.5499312400817871,-0.023531504720449403,0.5864012479782105,0.5846509933471681,-0.016471358761191303,0.59573974609375,0.5336175560951233,-0.022149926796555464,0.5907945752143859,0.540322744846344,-0.01738543882966038,0.5863952398300171,0.5555234432220459,-0.01236057151108974,0.5976176381111146,0.5938668489456177,-0.017898024246096562,0.6063711166381837,0.5561211347579956,-0.02114596851170058,0.6027908444404603,0.5510298013687134,-0.01803439073264594,0.5994728803634645,0.553423273563385,-0.014478207752108561
0.5647422194480896,0.6464235424995423,-3.127782655099054e-09,0.5521404266357423,0.6089677453041077,-0.00093320882879198,0.5536659121513368,0.5729789257049561,-0.00327140665613112,0.5646458387374879,0.5494327187538147,-0.00506163476966314,0.5766053557395935,0.5389018297195435,-0.006541561242192921,0.5588357210159303,0.5679226160049439,-0.013504909351468041,0.5653533101081849,0.5222815632820129,-0.0230578619986772,0.5696651220321656,0.49309333562850954,-0.029470566660165745,0.5734988808631898,0.4699257433414459,-0.033530176430940584,0.5739269733428956,0.5758483648300171,-0.01530707776546472,0.5853649735450744,0.5238144636154175,-0.024522840231656982,0.5828012347221375,0.5339086055755615,-0.02511107176542278,0.5786282181739808,0.5507156729698182,-0.023497605323791464,0.5876406311988831,0.5857421517372131,-0.01659357212483878,0.5992814064025879,0.5353886365890503,-0.02236948832869524,0.5952721357345581,0.5403831958770753,-0.017792309075593902,0.5906433224678039,0.5543397903442383,-0.012874935939907961,0.5985836982727051,0.5954861998558045,-0.01796150356531138,0.6090827226638795,0.5584248065948487,-0.0216951802372932,0.6067998170852662,0.550233280658722,-0.01916248276829716,0.603697407245636,0.5497125148773194,-0.01595561075955628
0.5579323768615723,0.6402225732803345,3.803901318377712e-08,0.5515730738639831,0.6047775387763977,-0.00316582025261596,0.5551401972770691,0.5684281587600708,-0.00647560008801518,0.5656983494758606,0.5436127901077271,-0.00916972816921764,0.5771663427352905,0.5296768486499787,-0.011676954571157642,0.5550663471221924,0.5548353552818299,-0.0140484649688005,0.561422836780548,0.5094402551651002,-0.023849917575716917,0.5654613494873048,0.48057868480682375,-0.030408128350973083,0.5691144943237305,0.4572313785552979,-0.034677810221910424,0.563799273967743,0.5626718401908875,-0.01572709456086152,0.5726296305656433,0.5127909421920777,-0.025415277108550023,0.5704231023788453,0.5144611477851868,-0.02745342589914794,0.5669371962547303,0.5225407242774963,-0.02719777934253212,0.572045111656189,0.5744281172752381,-0.01726681701838966,0.5805260181427001,0.5266392529010773,-0.02445747591555114,0.5774847090244294,0.5245147764682769,-0.0223248023539781,0.5738519906997681,0.5302929580211639,-0.01923538595437998,0.5788490056991578,0.5876320004463196,-0.019021037220954842,0.5857836842536928,0.5530371546745301,-0.02483588792383666,0.583483064174652,0.5401699542999268,-0.02442062050104138,0.5803830862045288,0.5335223913192749,-0.0227372571825981
0.550909674167633,0.634320080280304,7.699212685174929e-08,0.5504977583885192,0.6008987069129944,-0.00517811345634982,0.555726957321167,0.5645718932151795,-0.00948122297413646,0.5655709385871887,0.538735854625702,-0.01310370196588332,0.5765730738639832,0.5220248699188232,-0.0166933723725378,0.5503139615058898,0.5421510338783264,-0.01490282975137228,0.5561733841896057,0.49684407711029055,-0.025115179643034877,0.5597511529922485,0.46807422041893004,-0.03201338909566399,0.5631373405456543,0.44448028206825263,-0.03659993261098856,0.5528359293937684,0.5496108293533325,-0.0164801694452762,0.5584862589836121,0.5011306643486023,-0.026389508694410264,0.556585431098938,0.494520366191864,-0.02964662387967104,0.5540532231330871,0.4942418575286865,-0.030652175843715622,0.5558273196220398,0.5630088806152345,-0.018254096060991258,0.5603708744049072,0.5173870205879212,-0.0264682654291391,0.5580906867980957,0.5081610798835755,-0.02653921954333776,0.5557617664337158,0.5059882402420044,-0.025231642089784102,0.5587244987487794,0.5794566631317138,-0.02037452869117254,0.5614765286445618,0.5468662261962891,-0.027807911112904496,0.5586355447769165,0.5303357601165772,-0.029161524772644005,0.5555610656738281,0.5186237096786499,-0.02884134277701376
0.5432717084884644,0.6280213594436646,1.1720169692530647e-07,0.5489356875419618,0.5960247278213501,-0.00704968081554398,0.5562371253967284,0.55986647605896,-0.012421209691092361,0.5661679744720459,0.533406662940979,-0.017012459738179983,0.577401602268219,0.5146257042884826,-0.0216860304586589,0.5446290016174317,0.5302313685417176,-0.01592833381146186,0.5496602296829224,0.48419741392135623,-0.026290103420615142,0.5524574756622316,0.4551557958126068,-0.03332314305007453,0.5553282737731934,0.43111340999603276,-0.03810989260673518,0.5410836577415467,0.5368702292442322,-0.01734173763543362,0.543199622631073,0.48915281891822815,-0.027039036899805004,0.5416336178779603,0.47438615560531616,-0.03124391660094256,0.5403730511665344,0.46625512242317196,-0.03345164582133288,0.539063310623169,0.5511773705482483,-0.019218170270323742,0.5392228364944458,0.5074481427669525,-0.027892651781439744,0.5376682698726654,0.49167611002922057,-0.029858883842825822,0.5370640099048615,0.4823608040809631,-0.03029219508171078,0.5383087694644928,0.5698759198188782,-0.02157234288752074,0.5362853109836578,0.5393256187438965,-0.029875043407082504,0.5324496090412141,0.5211485624313354,-0.0324927076697349,0.5295482397079467,0.5067317008972169,-0.03333142697811124
0.5359129786491394,0.6217982053756714,1.559009551233004e-07,0.5472648859024047,0.59165118932724,-0.00932720997952856,0.5559470295906067,0.5553021907806397,-0.01596336513757704,0.5650868654251099,0.5269773483276368,-0.021788040688261342,0.5757532238960267,0.5040176212787628,-0.027859407756477564,0.5385319709777832,0.5179542660713197,-0.0168892236426472,0.5423074841499329,0.4716822564601898,-0.027742678672075225,0.5441784620285034,0.4427383124828339,-0.03521977066993708,0.5463801145553588,0.4179741024971009,-0.04048394784331316,0.5289944171905517,0.5236035585403442,-0.01826338917016978,0.5270000576972962,0.4776199162006378,-0.028391070291399905,0.5260332465171814,0.45592375397682194,-0.03403610400855536,0.5263066768646241,0.43993149399757386,-0.0377754438668489,0.5220438361167908,0.5389556884765625,-0.02046964913606642,0.5173367023468017,0.49789566397666923,-0.03039276711642738,0.5168870508670808,0.4771540939807892,-0.03456431664526456,0.5182841360568999,0.46121167540550234,-0.03687393758445975,0.5178174853324891,0.5603761553764343,-0.023318815603852218,0.5106057763099671,0.5323351979255676,-0.03319118283689016,0.5061603665351868,0.513396143913269,-0.03735558651387686,0.5036916732788086,0.4966815769672394,-0.0395234905183315
0.5289963364601136,0.6156839013099671,1.939544290507911e-07,0.5456651329994202,0.5869115233421326,-0.01145222671329972,0.5550587296485902,0.5506407499313355,-0.01938650310039518,0.5630266427993775,0.519903862476349,-0.02654655836522574,0.5726485967636109,0.492025637626648,-0.034142117947339984,0.5324769377708435,0.5062975525856018,-0.017753801867365762,0.5344031810760498,0.45965951681137085,-0.02892604805529112,0.534753715991974,0.4305865645408631,-0.03664675205945962,0.5359086751937866,0.4051158368587494,-0.042233294993638926,0.5174590945243835,0.5111524343490601,-0.019221235066652263,0.5104950547218323,0.4672122001647949,-0.02999362573027606,0.5096060872077942,0.43778524994850165,-0.0371970653533935,0.5115294933319092,0.41396611332893374,-0.04243701547384258,0.505851948261261,0.5274999976158142,-0.02184625826776026,0.4954516768455505,0.489439582824707,-0.0330451890826225,0.4952964007854461,0.46259212493896484,-0.0394951976835727,0.49852818846702573,0.4397232234477997,-0.04367787465453144,0.49826362133026125,0.5515068888664246,-0.02526292130351062,0.48536550998687744,0.5263026237487793,-0.03657626733183854,0.47974011301994324,0.5052502870559693,-0.042328112572431506,0.4774173259735108,0.4852852821350098,-0.045845443755388224
0.5290686368942261,0.6127968192100526,1.927814508917436e-07,0.5454963326454163,0.5823391437530517,-0.010821297205984562,0.5542430758476258,0.5468071460723878,-0.018797558918595282,0.5619524717330933,0.5163452506065369,-0.026152327284216823,0.5710170269012451,0.4881183564662934,-0.034023195505142184,0.5309065937995912,0.5048339545726777,-0.01776967570185654,0.5322357773780823,0.45864981412887573,-0.029149943217635102,0.5322962403297425,0.42972460985183725,-0.037056123465299545,0.533405351638794,0.404312390089035,-0.04285262525081628,0.5166478633880616,0.5104424715042115,-0.019763325527310322,0.508633041381836,0.4679312944412231,-0.03110802471637722,0.5084408760070801,0.43938917517662057,-0.03865015283226962,0.5116066932678223,0.4163707673549652,-0.04415677115321156,0.505760657787323,0.5274018883705139,-0.022852950915694222,0.49448791742324827,0.4904659688472748,-0.0346654266119003,0.495334392786026,0.46443548798561096,-0.04133527204394334,0.49998347163200374,0.4426618218421936,-0.04564948603510852,0.498906660079956,0.5517374277114868,-0.026650854572653742,0.4854463517665863,0.5274227857589722,-0.03861247673630708,0.4803199231624603,0.5066266059875488,-0.044759940356016104,0.47889899611473086,0.48731460571289065,-0.0485808469355106
0.529746699333191,0.610456645488739,1.9290651493975024e-07,0.5454458236694335,0.5781255722045898,-0.01016264073550698,0.5531041264533998,0.5425505995750427,-0.0182204075157642,0.5602968215942383,0.5120267987251282,-0.025795213133096642,0.5687340617179871,0.48329336643218995,-0.034005606919527025,0.5291061520576478,0.5039456903934478,-0.01819714307785028,0.5295696496963501,0.45809379816055296,-0.03012027032673354,0.5294400691986084,0.42913340330123906,-0.038432599604129716,0.5305333018302918,0.4036886990070343,-0.04455277845263476,0.5158742666244507,0.5105801582336427,-0.0208211407065391,0.5066518187522888,0.4689981937408447,-0.03307985365390774,0.5077218651771546,0.44131115078926086,-0.04110610336065289,0.5124804973602295,0.41892006397247317,-0.04690537378191944,0.5059180617332459,0.5283265709877014,-0.02445688918232916,0.49361981153488166,0.49195243716239934,-0.037175769358873345,0.4959615767002105,0.4667496085166931,-0.0441068366169929,0.5024027407169341,0.4460837244987488,-0.04850168228149408,0.4999329924583435,0.5531176209449769,-0.02870424836874006,0.4858886063098907,0.5295545578002929,-0.04145726114511484,0.48150247931480405,0.5086759567260742,-0.04802924320101732,0.48127565979957576,0.48960774540901186,-0.052159777283668475
0.5309478163719178,0.6090891838073731,1.9100407371297482e-07,0.5456721663475037,0.5750444650650024,-0.009551867283880681,0.5521430015563965,0.5389398574829102,-0.017690518498420682,0.5588211536407471,0.5082947134971619,-0.02549235522747036,0.566785478591919,0.4789812326431275,-0.03406429141759868,0.5275989532470703,0.5030514061450958,-0.01863832697272296,0.527159059047699,0.45788552761077883,-0.03124650493264194,0.5269015550613404,0.4288572490215302,-0.040121907740831304,0.5280370712280273,0.4031912624835968,-0.04669290184974666,0.5153292059898377,0.5107938170433045,-0.022002155706286382,0.5049748420715332,0.4701633989810944,-0.035261183232068984,0.5072700142860413,0.443221777677536,-0.04386162608861918,0.5134999513626098,0.4210783839225769,-0.0500332966446876,0.5062448143959046,0.5296138167381287,-0.026322904974222155,0.49303158521652224,0.493612676858902,-0.040056103467941265,0.4967293441295623,0.46895752549171454,-0.0472912639379501,0.5047256112098694,0.4488891899585724,-0.05180520042777054,0.5011018216609955,0.5553645253181457,-0.031173592805862398,0.4865662574768066,0.5321693420410156,-0.044821640104055364,0.482748532295227,0.5109728455543519,-0.0518370740115642,0.48334298729896547,0.49169515371322636,-0.05629898160696026
0.5321818947792054,0.6080533504486084,1.918150132951269e-07,0.5459913969039918,0.5714370965957642,-0.0084913880564272,0.5510450720787049,0.5347095251083375,-0.016650498285889583,0.5572900772094727,0.5042001664638519,-0.02478436194360252,0.5648245215415955,0.4747068643569946,-0.03386095017194744,0.5253603458404541,0.5019545376300811,-0.01866297572851178,0.5233564615249634,0.45715566277503966,-0.032032095268368664,0.5234614491462708,0.4281942248344422,-0.04167533665895454,0.5252198576927185,0.40283915400505066,-0.048796913772821394,0.5147149682044984,0.5113475322723389,-0.023076762631535484,0.502519690990448,0.471015477180481,-0.037617342174053166,0.5068297147750855,0.445324832201004,-0.04727853611111636,0.5150919318199157,0.424412214756012,-0.05407427623867984,0.5071117281913757,0.5314024448394776,-0.0283137261867523,0.4924271702766418,0.49534291625022886,-0.04297550320625304,0.4979944288730621,0.47171977162361145,-0.05067734494805333,0.5077615737915039,0.4531319260597229,-0.055395411700010236,0.5031593084335327,0.5580069541931152,-0.03398041687905786,0.4880805253982544,0.5345208644866943,-0.048164211958646744,0.4849672198295593,0.5129272460937501,-0.055519834905862764,0.4863410174846649,0.4937009453773499,-0.06028830558061596
0.5336110711097718,0.606974744796753,1.9009573861694665e-07,0.5460439085960388,0.5685858845710754,-0.007816724665462939,0.5496627569198609,0.530319631099701,-0.01591342668980356,0.555315124988556,0.4996390283107758,-0.02427148371934886,0.5622863173484802,0.46956963539123536,-0.0336547270417213,0.5231389045715332,0.501424676179886,-0.01805066689848898,0.5191643357276916,0.4574902176856995,-0.03190818764269346,0.5198277831077576,0.4285534739494324,-0.042067098617553644,0.5222945809364319,0.403504091501236,-0.0495029345154762,0.5140382647514343,0.5121147751808166,-0.023063290491700122,0.5006930351257325,0.47147319316864017,-0.038663827627897225,0.5075125932693482,0.447647613286972,-0.04919906035065646,0.5177708268165588,0.42919483184814455,-0.05631639063358302,0.5078245282173157,0.5327701687812806,-0.02883410826325414,0.4921704888343811,0.49711834192276005,-0.04412664622068404,0.5002364814281464,0.4747879087924957,-0.052275173366069766,0.5120623946189881,0.45837557911872867,-0.057071051001548696,0.5048238277435303,0.5594009876251221,-0.034989857673645,0.4896893978118897,0.5362717986106873,-0.049294342845678296,0.4884178638458252,0.5147796034812927,-0.056930180639028494,0.4916433393955231,0.4961558640003204,-0.06190172284841533
0.534867525100708,0.6066167831420899,1.9241331301600446e-07,0.5457677721977234,0.566483235359192,-0.00727666066959496,0.547940230369568,0.5264426589012146,-0.015521147847175563,0.5528032660484314,0.49544034004211424,-0.024237772822380023,0.5593258619308472,0.46461126804351804,-0.034023479372262924,0.521272349357605,0.5027384281158448,-0.01815879270434378,0.515263879299164,0.4590703547000885,-0.032628535851836164,0.5162203550338744,0.4294342696666718,-0.04321406036615364,0.5189123392105103,0.4041141629219055,-0.050842414051294305,0.5136106729507447,0.5148394107818604,-0.023669978231191602,0.49980592727661133,0.4728367686271667,-0.04041474834084506,0.509238636493683,0.44971479177474977,-0.051640944182872725,0.5210534453392028,0.43311910629272454,-0.05888145416975016,0.5089034080505371,0.5357251048088074,-0.029821499437093703,0.4933202266693115,0.49969726800918585,-0.045594384521245944,0.5036017775535584,0.4777062952518463,-0.05384147241711615,0.5166095137596131,0.46265454292297364,-0.05847974643111222,0.5071924567222595,0.5618190169334412,-0.03633306622505186,0.4927584826946259,0.5384425163269043,-0.050341616570949516,0.49326046705245974,0.5163926243782043,-0.057833529263734765,0.4977726817131043,0.4977316915988922,-0.0627332136034965
0.5348771333694459,0.6056922316551209,1.9599563927386046e-07,0.54480619430542,0.5627463102340698,-0.00573885850608344,0.5458945870399475,0.5218151926994324,-0.013689056225120982,0.5502314805984497,0.490879875421524,-0.022510804980993223,0.5560018301010132,0.4597195744514465,-0.03241426236927506,0.5176648378372193,0.5032769322395325,-0.01668798867613074,0.5109514117240906,0.46010713577270507,-0.0308230016380548,0.5123218059539796,0.43014720082283026,-0.041329716891050264,0.5151220321655274,0.4050371289253235,-0.04891081526875492,0.5112532734870912,0.5169510245323181,-0.02290193289518352,0.49918776154518135,0.47373571395874026,-0.03973360657691952,0.5112746238708497,0.4513747692108155,-0.05107901319861407,0.5243453145027162,0.4373886466026306,-0.05822085887193676,0.5084115386009216,0.5378316164016724,-0.029545889422297442,0.4949824810028076,0.5011617839336395,-0.04490128532052039,0.5073626816272736,0.47950602173805235,-0.052721911668777446,0.5209273219108582,0.46639342904090886,-0.05702363029122347,0.5086807608604431,0.5628650069236756,-0.036457153409719445,0.496922904253006,0.5377706289291382,-0.049495408684015245,0.4999398231506348,0.5160259366035461,-0.056194486469030316,0.5058769345283508,0.49907876253128053,-0.06057338863611216
0.5349806904792787,0.605073869228363,1.9505279738041284e-07,0.5435566544532776,0.5588608622550965,-0.00406089062162204,0.5433274507522583,0.5170369386672974,-0.01166663346812124,0.5469683408737183,0.48574666380882264,-0.02053295858204358,0.5517410278320312,0.4542613744735718,-0.03041352853178974,0.5129535794258119,0.5050823569297791,-0.015404021367430642,0.505905044078827,0.4621607542037964,-0.029257247224450063,0.507567185163498,0.4317828953266144,-0.039563539624214106,0.5105010747909546,0.40693684220314025,-0.04694877341389652,0.5080995321273805,0.5202424883842469,-0.022269197180867163,0.4995093882083893,0.47505077123641964,-0.039366342872381194,0.5144322633743287,0.453891134262085,-0.050521972030401166,0.5286966562271118,0.44315076470375064,-0.057244149595499,0.507713794708252,0.5406359791755677,-0.029327438399195625,0.4987670302391053,0.502411425113678,-0.04448982551693915,0.5134701371192932,0.48213557004928587,-0.05145698413252826,0.527467703819275,0.4721213221549988,-0.05494664981961245,0.5106134295463562,0.5638849377632142,-0.036541015654802306,0.5032386839389802,0.5361348628997803,-0.0485830187797546,0.5089490532875062,0.514810049533844,-0.054203058034181545,0.516167950630188,0.4997444570064545,-0.05774408951401706
0.5349668979644775,0.6037488102912903,1.914302629302256e-07,0.5413847327232362,0.5547151565551759,-0.0026639930700184397,0.5400024890899658,0.5120249390602113,-0.00977332126349206,0.5426782965660095,0.48026297688484193,-0.018380139395594543,0.5465050458908082,0.4488223016262055,-0.02779438793659206,0.5085284054279328,0.5067752122879029,-0.013857018575072242,0.5019161880016327,0.4651557326316833,-0.027057391405105543,0.5034448742866516,0.43444878458976754,-0.036833577603101665,0.5060353338718415,0.4094331383705139,-0.04381431490182872,0.5049696028232574,0.5230920314788818,-0.02100110352039334,0.501177316904068,0.47606984376907346,-0.0376454338431358,0.5178311824798585,0.45593653917312627,-0.04778423905372613,0.5322797298431396,0.44787437915802003,-0.05359340384602542,0.5068562388420105,0.5426183938980103,-0.028187282010912845,0.5035531640052796,0.5024711132049561,-0.04282077774405477,0.5195779442787171,0.48342458009719846,-0.04831659495830532,0.5330796837806702,0.47611959576606755,-0.050592583417892384,0.5121327638626099,0.5635083436965943,-0.03545250073075292,0.5098869442939759,0.533067536354065,-0.046323703229427304,0.517778605222702,0.5126387357711792,-0.05043270215392106,0.5256880760192871,0.4998930037021637,-0.052765751630067775
0.5345843791961671,0.6031564235687256,1.9203330623440709e-07,0.539508593082428,0.5511945486068727,-0.0011836601916001802,0.5373244881629944,0.5082212686538696,-0.0078080541454255015,0.5392308115959168,0.47608990669250484,-0.016113767772912943,0.5423105001449585,0.4450439095497132,-0.0250635132193565,0.5044313907623291,0.5082942843437195,-0.012846883758902502,0.49896003007888795,0.4672480702400208,-0.025539336353540363,0.5003098785877228,0.4362233340740205,-0.03491007760167114,0.5025165677070618,0.41104052066802976,-0.04161543175578115,0.5018791913986207,0.5256590723991394,-0.02040716558694836,0.5028056681156159,0.4769269943237304,-0.036616237461566906,0.5206113457679749,0.45716202855110166,-0.045784020423889085,0.5349683284759522,0.4505461275577545,-0.0508425153791904,0.5058235049247742,0.5445387959480286,-0.027822446823120062,0.5080093502998352,0.5018668889999389,-0.042078099399805016,0.5246656060218812,0.48370836377143855,-0.046106506139039966,0.5371989488601685,0.4782759249210358,-0.047255085408687524,0.5134395003318787,0.5635088443756103,-0.03521455898880956,0.5160598874092102,0.5299585103988648,-0.04525478035211561,0.5251583337783814,0.5102725863456726,-0.04790438264608376,0.5328298449516297,0.4995168328285217,-0.049073435366153675
0.5339394807815552,0.6027841925621032,1.8543610167398583e-07,0.5365392923355103,0.5496485948562623,6.444233295041995e-05,0.5335981130599976,0.5061696767807007,-0.005955257918685621,0.5351638793945312,0.47277784347534174,-0.013743085972964721,0.5378302454948426,0.442291796207428,-0.021980645135045003,0.5000390112400055,0.50963853597641,-0.0115403955802321,0.49641624093055725,0.46894488930702205,-0.023246546462178164,0.4977861940860748,0.4383079767227174,-0.03181870579719536,0.499742591381073,0.41368696093559265,-0.03792267218232152,0.4989742934703827,0.5275419592857361,-0.0191301859915256,0.5050775229930877,0.47766140103340143,-0.03404100164771078,0.5233008146286011,0.45889828205108646,-0.041606897860765386,0.5370031356811523,0.4537128448486328,-0.045593959838151885,0.5050068378448487,0.54545978307724,-0.026437517628073642,0.5127765655517578,0.5004159927368164,-0.03955189734697338,0.5292135953903199,0.4842614531517029,-0.04175894483923909,0.5403211474418641,0.48152322173118595,-0.041623560711741385,0.5146780610084534,0.5621998071670532,-0.03366295769810674,0.521699595451355,0.5253442764282227,-0.04227347075939176,0.5315518736839294,0.5074191570281983,-0.04315931797027582,0.5388112783432008,0.4996288061141968,-0.04295927882194516
0.5333254337310791,0.601529347896576,1.763244313224277e-07,0.5325715780258179,0.5494506597518921,0.00037992956640662005,0.5289789915084839,0.505261766910553,-0.00559016456827516,0.530649745464325,0.47017732858657835,-0.01323256511241192,0.533650529384613,0.43996308445930477,-0.02113610021769996,0.49728913903236394,0.5115061640739441,-0.01210937499999996,0.4943191230297089,0.4708324909210205,-0.02352785505354398,0.49553099274635315,0.44022227525711055,-0.03152713924646372,0.49725877642631533,0.415934294462204,-0.03705433309078214,0.49809221625328065,0.5297379851341248,-0.01949087530374522,0.5076426029205322,0.4783997058868408,-0.033717705309391006,0.5255192041397094,0.46092233061790466,-0.039775085449218685,0.5380683422088623,0.4573263704776764,-0.04267395660281176,0.506126344203949,0.5467078208923339,-0.02651510015130038,0.5176128864288331,0.4992047190666199,-0.038926970958709686,0.5332838058471681,0.4849517345428466,-0.039446213841438246,0.5427404284477235,0.4849093616008759,-0.03805761449038976,0.5173930406570435,0.5612166523933411,-0.03347114995121954,0.5271252751350403,0.5213790774345398,-0.040934124588966336,0.5365623116493226,0.5050085425376893,-0.04032233655452724,0.5424623727798462,0.4998990297317505,-0.03898642882704732
0.5315345525741577,0.6011815786361694,1.7027556395987633e-07,0.5278412699699402,0.5503337264060975,0.00053069255664008,0.5240490317344666,0.5051321387290955,-0.00544196842238302,0.5260338187217712,0.4687776923179626,-0.01293452885001894,0.5293992280960083,0.43861384987831115,-0.02059892825782296,0.4954414784908295,0.5130971074104309,-0.01298124101012942,0.4927498161792755,0.47242633700370784,-0.02412037737667554,0.4938500225543976,0.4415965557098389,-0.031603528559207866,0.4952964365482331,0.4174807667732239,-0.036585556715726816,0.4979515314102173,0.5315506339073182,-0.02018298655748362,0.5095932960510254,0.47928662300109864,-0.03351805508136746,0.526686429977417,0.46254809498786925,-0.03815347477793688,0.5379891276359559,0.46027983427047725,-0.04005127325654026,0.5075622916221619,0.5480576872825623,-0.026974060013890223,0.5205088257789612,0.4987721025943756,-0.03849918693304059,0.5349591970443727,0.48434056043624873,-0.03772289156913752,0.5429205417633057,0.4852909803390503,-0.035456722602248136,0.5199548006057739,0.5609963655471801,-0.03370467349886892,0.5307044506072998,0.5190151333808899,-0.0401048198342323,0.5393822312355041,0.5029743850231171,-0.038300308585166885,0.5441671133041381,0.49946210384368894,-0.03609121441841122
0.5296918034553528,0.601625919342041,1.635441464031828e-07,0.5235293745994568,0.5533377408981324,0.0007358212431426401,0.5196495413780212,0.5071450352668763,-0.005142241297289681,0.522314488887787,0.46925232410430906,-0.01238791085779662,0.5260473608970643,0.4386818885803223,-0.01976689249277112,0.4944201111793518,0.5152897596359253,-0.013976857997477022,0.49179853200912477,0.4737538754940033,-0.0247734755277633,0.4927978813648224,0.44275243282318116,-0.03182230740785594,0.49379131793975833,0.4188618004322052,-0.036408436298370324,0.49831549525260926,0.5333787560462953,-0.0210050575435161,0.5109091639518738,0.4800068795681,-0.033501391857862446,0.527155601978302,0.4638175785541534,-0.037218806892633384,0.5372717380523682,0.46269937753677365,-0.038556815683841665,0.5091965317726136,0.5493074655532837,-0.02749810926616188,0.5224525570869447,0.49789407253265383,-0.0380524560809135,0.5360055208206177,0.48385536670684814,-0.036390186846256195,0.5427901148796082,0.4860447227954865,-0.033618966117501224,0.5224645972251892,0.5611112594604493,-0.03392431810498234,0.5335317373275756,0.516723382472992,-0.03945472165942188,0.5415043830871582,0.500838315486908,-0.036922069638967464,0.5452949643135071,0.4982942461967469,-0.034219475835561716
0.528070616722107,0.6024735212326049,1.554685724158844e-07,0.5190513849258424,0.5571937322616578,0.0011173094797413002,0.5149667978286743,0.5100882411003113,-0.00460345069877798,0.5181500434875489,0.470893257856369,-0.01152725815773004,0.5224917769432068,0.4408597588539124,-0.0185398748144507,0.4936036586761475,0.5183806777000427,-0.015084499306976761,0.4908932387828827,0.475940990447998,-0.025535081326961463,0.4917411923408508,0.44474878907203674,-0.032147549837827645,0.49218966960906985,0.42104675173759465,-0.03632361292839046,0.49899189472198485,0.5361547350883484,-0.021977294236421523,0.512514305114746,0.48055402636528016,-0.033533913642168,0.5276873350143433,0.46554223299026487,-0.03613300099968906,0.5361771702766418,0.4661617279052734,-0.036724513769149744,0.5113427162170411,0.5512711405754089,-0.02816284187138076,0.5246130704879761,0.4969633400440216,-0.037537504732608765,0.5370027542114258,0.4835592329502106,-0.03461916446685786,0.542245900630951,0.48749289512634275,-0.031066226214170423,0.5255373120307922,0.5616226077079773,-0.03428391292691226,0.5366392374038697,0.5141300320625306,-0.03878249451518054,0.5437476754188537,0.4980086207389832,-0.03525147587060924,0.5464061260223388,0.49634955525398256,-0.0318218812346458
0.5267680406570434,0.6031417131423951,1.5089492819697625e-07,0.516019344329834,0.5596866250038147,0.0015416482812724203,0.5119288325309754,0.5121866941452026,-0.0040546358097344,0.5154067635536194,0.4725736618041992,-0.01076683495193714,0.5200831651687623,0.44309707880020144,-0.0175624772906303,0.49348045587539674,0.5208282828330993,-0.016152602061629263,0.49017157554626467,0.47789569497108453,-0.026607026904821342,0.49092621803283687,0.44641317725181584,-0.0331683978438377,0.4910777032375335,0.4227153062820435,-0.03724087402224536,0.49970179200172427,0.5384948015213012,-0.023127229511737762,0.5133755564689637,0.48075261712074285,-0.03432855904102321,0.5276253819465637,0.46677145957946786,-0.03643969967961308,0.5348050355911256,0.4691229343414306,-0.03667615503072736,0.513066327571869,0.553124189376831,-0.029231230542063658,0.525581443309784,0.49646166563034055,-0.03803129568696018,0.5372576713562012,0.4829017460346222,-0.03441001996397968,0.5414691090583801,0.48786159157752995,-0.030406264960765803,0.5278427839279175,0.5625383973121644,-0.03524164408445352,0.5388063788414001,0.5125156164169312,-0.039316099882125796,0.5452598690986634,0.49560049772262577,-0.035251326113939246,0.5470524907112121,0.494146054983139,-0.03140649050474162
0.5265681385993958,0.6044967651367188,1.4760736632979388e-07,0.5146148443222046,0.5623737573623657,0.0017080631107091204,0.5102799892425538,0.5145222306251526,-0.0037000869400798603,0.5135510444641113,0.47459288239479064,-0.0100709499791264,0.5183987498283387,0.44574279189109806,-0.01645798534154888,0.49396653175354,0.5236213088035584,-0.01690299361944196,0.4900874614715577,0.4803152918815613,-0.027374206483364045,0.49065587520599363,0.4485368549823761,-0.033996722102165186,0.4906242311000824,0.42458589076995856,-0.03808427453041072,0.5009099781513214,0.54063059091568,-0.023779914900660462,0.5141381978988648,0.481143206357956,-0.03484627380967134,0.5273042559623718,0.46803280711174017,-0.03677786439657208,0.5334709882736206,0.47155058383941645,-0.03683588579297062,0.515023159980774,0.5544093966484069,-0.029668100178241678,0.5264537692070008,0.49646578431129457,-0.038183560967445324,0.5372771382331849,0.48337283134460446,-0.03419829234480854,0.5408181786537171,0.48900518417358396,-0.02989002801477906,0.5301296949386597,0.5628339052200317,-0.03543843626976006,0.5404128074645996,0.5114457011222839,-0.039310587197542136,0.5462291359901429,0.4937408149242401,-0.034999281913042024,0.5477169036865235,0.49166173934936525,-0.03090001419186586
0.5278944969177246,0.6046109676361084,1.419169052496727e-07,0.5145952939987182,0.5645674109458924,0.00154451920243442,0.5097432732582092,0.5160425066947938,-0.00375798996537918,0.5126673936843872,0.47551432251930237,-0.009931261092424322,0.5178869724273681,0.4473901927471161,-0.016024874523282,0.4953978955745697,0.5260231852531433,-0.0168768227100372,0.49079503417015075,0.48282572627067566,-0.027329045534133862,0.4909848213195801,0.4511673867702484,-0.0340545423328876,0.49072233438491825,0.4269690155982972,-0.0383331291377544,0.5031234622001648,0.5414529561996461,-0.02362822704017156,0.5153518319129945,0.4806769907474518,-0.03489485755562776,0.527452576160431,0.4699537456035614,-0.036969444900751075,0.5323917269706726,0.474940413236618,-0.03710876479744906,0.5177487492561341,0.5537679433822632,-0.02936434336006636,0.5281296372413636,0.4953922927379608,-0.03787814080715174,0.5378518581390381,0.4861491501331329,-0.033572943508625,0.5401414990425111,0.49384749531745914,-0.0290472954511642,0.5330101251602173,0.5613519430160523,-0.03501962497830384,0.5426498770713807,0.5092209696769715,-0.03883651494979855,0.5476874828338623,0.4936213314533234,-0.0343426868319511,0.5484408259391785,0.49282294511795044,-0.0301558014005422
0.5292893886566162,0.6042738795280457,1.3667113023529965e-07,0.5148263216018677,0.5660321235656739,0.0010311100544640802,0.5098143458366394,0.5167934536933899,-0.00446169781498606,0.5128177642822267,0.4760193169116974,-0.010573590360581801,0.5189887404441833,0.4491896152496338,-0.01650453209877008,0.49749879240989686,0.5285876870155335,-0.0178933788090944,0.4925508141517639,0.48496546745300295,-0.02850088924169536,0.4925563454627991,0.4531009376049042,-0.0351993970572948,0.49231373071670537,0.4285693407058716,-0.0395125992596149,0.5062447786331177,0.542286217212677,-0.02429031990468496,0.5177478790283203,0.48052774071693427,-0.0358492843806743,0.5288111329078675,0.4724668145179749,-0.03758758455514906,0.5326015472412109,0.4791636168956756,-0.037428006529807996,0.5212767720222473,0.5530494451522827,-0.02966393269598478,0.5312730669975281,0.4948001623153686,-0.038213398307561826,0.5396557569503784,0.48936437964439394,-0.03338050395250318,0.5407380342483521,0.4990701258182526,-0.028464198112487737,0.5368136286735535,0.5597287654876709,-0.035012836754322,0.5459794163703919,0.5072999238967896,-0.03875129446387288,0.5500570058822633,0.49384809732437135,-0.03406588137149808,0.5500321388244629,0.4944988906383515,-0.029791016131639425
0.5307603001594544,0.603085458278656,1.3244241188203886e-07,0.5159230947494508,0.5662243604660034,0.00037401016161314006,0.5109288215637207,0.516777527332306,-0.00534672974608834,0.5142258405685425,0.47574857473373416,-0.011441362276673242,0.5213022351264953,0.449252724647522,-0.01731911282986396,0.5008095026016235,0.5302730560302734,-0.01897844858467576,0.49582799673080447,0.4864189505577088,-0.02982188723981376,0.49590837955474854,0.45407925844192504,-0.03643964752554888,0.49583143591880796,0.42952700257301335,-0.040690674632787666,0.5103246927261352,0.5423858165740967,-0.0249289277940988,0.5210918188095093,0.4804579734802247,-0.03683668673038478,0.5312655687332153,0.4744093954563141,-0.03821248337626454,0.5341241478919982,0.4828122019767761,-0.037693633139133396,0.5254892826080323,0.552184021472931,-0.02990458644926542,0.5353610277175904,0.4944988965988159,-0.03889728561043734,0.542891526222229,0.49197257757186885,-0.033883862942457155,0.5430905103683472,0.5034788191318512,-0.028702948242425863,0.5411067008972168,0.5585788846015931,-0.03485415801405902,0.549959444999695,0.5064027190208436,-0.03899091184139249,0.5537594437599183,0.49476402401924136,-0.03446169123053548,0.5534549713134767,0.4969116151332855,-0.03027318492531772
0.5331217765808105,0.6017248272895813,1.3085360421882798e-07,0.5180585384368896,0.5662835597991944,-0.00033498827542639993,0.5135628819465637,0.5170009732246399,-0.00646334071643646,0.5173442959785461,0.4762704491615296,-0.0126921955496072,0.5250342488288879,0.4503756821155548,-0.01867625527083868,0.5055517256259918,0.5318122506141663,-0.020587497949600183,0.5006262183189393,0.48749184012413027,-0.03175001293420788,0.5011253952980043,0.45446275472640996,-0.038089495897293046,0.5015454888343811,0.4305772840976715,-0.04198185652494426,0.515955924987793,0.5423778891563416,-0.026032533124089204,0.5260478734970093,0.48065342307090764,-0.038239045441150615,0.5352491974830628,0.4758702635765076,-0.0390150889754295,0.5370386958122253,0.4860140085220337,-0.03790423646569246,0.5312173128128053,0.5514346241950989,-0.030526119843125282,0.5409780621528626,0.49440863132476803,-0.03999437242746348,0.5476672768592835,0.49428493976593013,-0.0346334114670753,0.547002911567688,0.507480138540268,-0.029012433066964098,0.5468940734863281,0.5579264760017395,-0.03496011644601818,0.5554436445236206,0.5063870549201966,-0.039576619863510104,0.5590931177139282,0.4964145720005036,-0.03507852926850316,0.5585022449493409,0.49992999434471125,-0.030790824443101845
0.5360604286193849,0.5997864365577698,1.2191838862918303e-07,0.5212455868721009,0.5654684066772462,-0.00076138304721092,0.5178506493568421,0.5167310595512391,-0.0068591265007853005,0.5221919655799866,0.476638275384903,-0.012789697758853361,0.5305364489555359,0.451528149843216,-0.01849632505327456,0.5118316829204559,0.5318655014038086,-0.0210332158952951,0.5070757508277893,0.4870719909667969,-0.03196864686906334,0.508228099346161,0.4538115620613098,-0.03786626085638994,0.5091330707073212,0.43049893975257875,-0.041347172111272756,0.523042142391205,0.540291690826416,-0.025762840732932044,0.5326304197311402,0.4807298958301544,-0.03719945698976512,0.5407750725746155,0.4774178147315979,-0.03719590529799458,0.5413550019264222,0.4887534201145172,-0.035593212768435425,0.5381846785545349,0.5487263202667236,-0.029567656293511324,0.5479287028312683,0.49447889328002925,-0.038413615897297824,0.5534823536872864,0.4966773211956024,-0.03269931897521014,0.5517820119857788,0.5110229253768921,-0.02690808027982706,0.5536328673362733,0.5558639168739319,-0.033285490795969944,0.5618201732635498,0.506971037387848,-0.03746270090341564,0.564857029914856,0.49969828128814703,-0.03277855589985844,0.5634842634201049,0.5050979018211365,-0.028400305658578845
0.5385557055473328,0.5978756308555603,1.1684843741477381e-07,0.5240982413291931,0.5642142534255983,-0.0008332605590111801,0.5218586206436158,0.5166489124298096,-0.00681589432060712,0.5268607139587402,0.4774757504463196,-0.012369397841393882,0.5358743667602539,0.45326595902442934,-0.017729157581925323,0.5173678874969482,0.5313196659088135,-0.021765772998332943,0.5129396855831146,0.48583822250366215,-0.032448627799749316,0.5150133550167084,0.452270770072937,-0.037927407771348905,0.5164782524108887,0.42963216900825507,-0.0409379139542579,0.529178011417389,0.5387224435806275,-0.025830790027975985,0.5384365677833558,0.48109844923019407,-0.0361914753913879,0.5457610130310059,0.47784767150878904,-0.035308214277029,0.5455014705657959,0.48969813585281374,-0.03318783491849894,0.5442727208137512,0.5471449971199036,-0.02891128286719316,0.5538938879966736,0.49506298303604124,-0.036811763048171964,0.5587904453277588,0.4972361028194427,-0.030734805762767745,0.5566034555435181,0.5118825078010559,-0.024786033108830402,0.5594869971275329,0.5548420190811157,-0.0318413622677326,0.5672612071037293,0.5080724596977234,-0.0353734821081161,0.5699925065040589,0.5017145335674287,-0.03042056560516354,0.5681663632392884,0.5080088138580322,-0.025839361920952764
0.5417511701583863,0.5967215061187745,1.0467234261568593e-07,0.5285120725631715,0.5634395599365234,-0.00082922618603328,0.5276028156280518,0.5183360338211059,-0.00637813331559294,0.5331918358802796,0.4814507782459259,-0.011567237041890562,0.5427290201187134,0.4586893796920777,-0.01666790656745426,0.5242949485778808,0.5290523529052735,-0.02000812906771894,0.520514440536499,0.48448910713195803,-0.030341010540723738,0.523235559463501,0.45144082903862,-0.03572329841554159,0.5250408053398132,0.4296710193157196,-0.038618780672550146,0.5363859295845032,0.5350468516349792,-0.023784600943326902,0.5451697826385499,0.48127907514572144,-0.03339574746787544,0.5513074278831482,0.47936799526214596,-0.03250303417444224,0.5500779509544373,0.4917483806610108,-0.030326228216290423,0.5512406587600709,0.5439516425132752,-0.026705994457006384,0.5603100180625915,0.4965743780136108,-0.03419717065989968,0.5641938090324402,0.5000105202198029,-0.02840473093092436,0.5613833546638489,0.5147012233734132,-0.02261044085025782,0.5659153580665588,0.5535991668701172,-0.029451067373156517,0.5731994748115539,0.5120747089385986,-0.03278252184391016,0.5752802252769471,0.5078571379184724,-0.027838015556335423,0.5730322718620301,0.5151026606559753,-0.0231887228786945
0.5464535117149354,0.5974347829818726,8.715347945553731e-08,0.5340646982192994,0.5634370088577271,-0.0006510354871351852,0.5348095417022706,0.5195152401924132,-0.00584099078550928,0.5411644697189331,0.48337183594703675,-0.010664119943976341,0.5511332154273987,0.463229900598526,-0.015408463217317982,0.5317608952522278,0.528182077407837,-0.018677477724850122,0.5288427591323852,0.48366397023200985,-0.028430364653468064,0.5322180032730103,0.45121330618858335,-0.033635039255022946,0.5344187378883363,0.42977517247200014,-0.036441924422979305,0.5440198421478272,0.533432137966156,-0.022126763686537702,0.5536818027496339,0.4832660913467407,-0.03080311268568034,0.5588024139404297,0.48358834385871885,-0.02982538826763626,0.5564362645149231,0.4964753508567811,-0.027646676450967744,0.558603823184967,0.5430578112602235,-0.02470647245645516,0.5678096652030945,0.4990774810314179,-0.03134884461760518,0.5707582473754883,0.5043031513690949,-0.02571682818233962,0.5673018336296082,0.5189621686935425,-0.02015735916793342,0.572884464263916,0.5542753219604493,-0.0270698998123407,0.5803476810455322,0.5162085413932801,-0.0296646118164062,0.5816681623458863,0.5147159814834595,-0.024511675164103477,0.5787353038787841,0.5230374217033387,-0.01978177819401022
0.5516209483146668,0.598607885837555,6.906881750978757e-08,0.540447998046875,0.5636715888977051,-0.0006657196967352651,0.5428199648857117,0.5207230448722839,-0.00530381435528392,0.5498109340667725,0.4852461040019989,-0.00957694370299572,0.5604241728782654,0.4668623983860016,-0.013778815977275302,0.5402600884437562,0.5270556926727296,-0.0166964834555983,0.5382498383522034,0.4834941923618316,-0.026020363345742144,0.5421319365501404,0.45213910937309265,-0.03155244961380952,0.5445666790008545,0.43028182387351993,-0.03479932174086566,0.5526186943054199,0.5317567467689515,-0.0198838379234075,0.5630358815193177,0.48539720177650447,-0.02790246456861492,0.5672890305519105,0.4886164307594299,-0.02735396847128864,0.563861072063446,0.5016053497791291,-0.025606242567300742,0.5667742967605591,0.5421770334243775,-0.022281366214156082,0.576470136642456,0.5025286078453064,-0.028215576708316762,0.5784670472145081,0.5100041270256043,-0.022975756600499102,0.5741979360580445,0.5242595076560974,-0.01787184178829188,0.5803819417953492,0.5551737189292908,-0.024503311514854402,0.5883951902389526,0.5211201429367065,-0.02638313658535476,0.5887901186943054,0.5226112484931946,-0.021141975373029684,0.5850075602531434,0.5319279074668884,-0.01652671527117488
0.5575480341911316,0.6012910842895508,4.8257562040854305e-08,0.5475338935852051,0.5662644147872925,-0.001604580210005185,0.5511269807815552,0.5240478038787842,-0.00582273947075004,0.5589643597602845,0.48971538543701176,-0.00980898365378374,0.5695895433425904,0.4718662679195404,-0.013715886883437563,0.549866259098053,0.526019299030304,-0.014429923892021121,0.5486253499984741,0.4841103911399841,-0.023657901585102,0.5525079846382142,0.45412372946739193,-0.0293087307363748,0.5551337122917176,0.43239665627479557,-0.03276984244585034,0.5623276352882386,0.5310846447944642,-0.01751376762986178,0.5732995748519898,0.48851262331008904,-0.02660824172198768,0.575775957107544,0.4958867311477661,-0.02705402970314022,0.5710787296295166,0.5100680708885192,-0.02553471662104124,0.575769853591919,0.5427501678466797,-0.02013425379991524,0.5861887335777283,0.5068235337734223,-0.02738124504685398,0.5868981957435608,0.5168439745903015,-0.0230192799121141,0.5819146871566773,0.5312136650085449,-0.01808168701827522,0.5882384896278382,0.5579541921615601,-0.022683801129460304,0.5973757266998292,0.5271731615066528,-0.02572636939585204,0.5971006631851197,0.5300070285797119,-0.02119937390089032,0.5927904605865478,0.5393534660339356,-0.01686447244137522
0.564930522441864,0.604539442062378,2.889463966426753e-08,0.555894935131073,0.5693269371986389,-0.002903159317975185,0.5607230067253113,0.5274206042289734,-0.006653795111924359,0.5698108077049255,0.4940994799137116,-0.01030026357620948,0.5810314536094666,0.4769414007663727,-0.013840989209711482,0.5611748218536378,0.5254115343093873,-0.01169879781082266,0.5616209864616394,0.4858907759189605,-0.02072679791599504,0.565894079208374,0.4575987219810486,-0.026606225222349122,0.5689744472503662,0.43583740592002873,-0.03045338243246076,0.5740101575851441,0.5309682726860047,-0.014457357674837062,0.5850003242492676,0.4920307576656341,-0.024586867541074725,0.5855917572975159,0.5023579955101013,-0.02635079361498352,0.579892361164093,0.5169568598270416,-0.025367949903011264,0.5869335293769836,0.5438832521438599,-0.017137264274060662,0.5976702094078064,0.5117568492889404,-0.02573405988514418,0.5966918468475342,0.5239574551582337,-0.022512475028634044,0.5908398628234863,0.5382740855216981,-0.01792718768119808,0.5983701229095459,0.5610846519470215,-0.019914562813937622,0.6084549307823182,0.533587372303009,-0.0243283804506063,0.6073219537734985,0.5373650431632996,-0.020838193222880344,0.6024630665779114,0.5464491963386536,-0.016994184069335422
0.5716278910636902,0.6084967732429505,1.62564789019104e-08,0.5625048995018005,0.572680938243866,-0.0035391856510613652,0.5676620364189149,0.5307865023612977,-0.006977968849241681,0.5777633666992188,0.49808115363121036,-0.010159122571349082,0.5889064908027649,0.48142034411430357,-0.013128837756812502,0.5704089879989624,0.5278263330459595,-0.01171713853254908,0.573155403137207,0.48867771625518797,-0.02105525899678462,0.5783069014549256,0.4610289573669434,-0.02724215686321254,0.5822459220886231,0.4391321420669556,-0.03128247931599616,0.5836010217666626,0.5356011509895325,-0.014048796705901562,0.5963819265365601,0.49666621088981633,-0.02484149336814876,0.5953057289123536,0.5079062819480896,-0.02693655714392658,0.5885841012001037,0.5226766109466554,-0.02593464888632292,0.5961647868156433,0.5497298359870911,-0.01639958508312696,0.6083606958389283,0.5168534278869629,-0.02570503726601596,0.6058662295341493,0.5282288074493409,-0.02286288738250728,0.5992626667022705,0.5420662760734558,-0.01822808906435962,0.6069055438041687,0.5672677159309387,-0.01889028716832394,0.6185965895652772,0.5387587070465087,-0.024164506047964045,0.617246413230896,0.540446138381958,-0.021287346631288503,0.6121560811996459,0.5479435563087464,-0.0176446115598082
0.5765208005905151,0.6110347747802735,9.288186270106637e-09,0.5672764182090759,0.5756832957267761,-0.00438203711528324,0.5723783850669861,0.5344968795776367,-0.007459263503551441,0.5832618236541748,0.5037262320518494,-0.010207529924809881,0.5942239761352539,0.486408668756485,-0.012674937397241522,0.5776895403861999,0.5288249611854554,-0.01112794866785402,0.5823688626289368,0.4907673597335816,-0.020929086767137,0.5881835222244263,0.4639715254306793,-0.02756037898361678,0.5928722381591798,0.44220032095909123,-0.03187839686870574,0.5914948582649231,0.5379589557647705,-0.013125203177332801,0.6047475576400757,0.4995889008045197,-0.02481086552143092,0.6019126892089843,0.5108698606491089,-0.02753916531801218,0.5945584058761597,0.5252514481544495,-0.0267107523977756,0.603804385662079,0.5527099251747132,-0.01537439171224826,0.6168063521385193,0.5207201361656189,-0.025629338994622185,0.6124967575073242,0.5313999176025391,-0.023313646763563102,0.6052047371864319,0.5445357441902161,-0.018699615821242282,0.6138477325439453,0.5706620216369629,-0.01786882448941464,0.6265976071357728,0.54307621717453,-0.024224872514605464,0.6246165990829469,0.5428154587745667,-0.022100029885768865,0.619197142124176,0.548637056350708,-0.01873024664819234
0.5799593091011048,0.6138289451599122,6.961028420349182e-10,0.5709934234619141,0.5779364943504334,-0.00438385342713438,0.5764275431632996,0.5374253392219543,-0.007138734124600841,0.5885574579238892,0.508228349685669,-0.009388462640345041,0.6000668048858643,0.4915969729423523,-0.01123803993687026,0.5828026533126831,0.5315548300743104,-0.011887410562485401,0.589917278289795,0.49272674322128296,-0.02182776983827348,0.5963917493820191,0.46579259037971493,-0.028284361958503684,0.6018076539039612,0.44425465464591984,-0.03227933421730994,0.5970205307006836,0.5423865556716919,-0.0134553421288728,0.6116400361061096,0.5031571030616759,-0.02491433359682554,0.6069561839103699,0.5130879521369934,-0.02699583619832986,0.598998773097992,0.5275997996330262,-0.025586473941802943,0.609293556213379,0.5575257301330566,-0.015261336229741521,0.6232984185218812,0.5243870139122009,-0.0251337949186563,0.6171846032142639,0.532267475128174,-0.022517085075378362,0.6094584941864014,0.5448191881179809,-0.01759634949266906,0.6190807700157166,0.5749818682670593,-0.01732315253466362,0.6331145524978639,0.546619987487793,-0.02339953742921346,0.6301884293556215,0.5431217789649965,-0.021285288408398603,0.6243800044059754,0.5472873687744141,-0.017799896933138302
0.5813226461410523,0.6159048914909364,3.113409252630819e-10,0.5724923968315124,0.5785642385482789,-0.0033996148325967797,0.5779914617538452,0.5382381796836853,-0.005888647353276561,0.5909734249114991,0.5098630905151368,-0.007589730992913201,0.6032468795776367,0.49474076628684993,-0.008753770077601001,0.5841817975044251,0.5348784089088441,-0.01362528549507256,0.5943382024765015,0.4946626365184784,-0.02381199356168504,0.602019739151001,0.46721857786178583,-0.030379991605877822,0.6083388805389405,0.4456920504570008,-0.03428380116820334,0.59855877161026,0.5473092079162598,-0.014876538515090881,0.6153899073600769,0.5054749488830567,-0.02511655427515502,0.6102869153022767,0.5124783635139466,-0.025931354612111983,0.602201235294342,0.5260162830352784,-0.02392863407731052,0.6111156582832337,0.5624869704246521,-0.0161056967452168,0.6264137864112855,0.5261648297309875,-0.02431430667638772,0.6196467518806458,0.5306416273117066,-0.0205878430977463,0.6117249846458435,0.5421253085136414,-0.01524638626724476,0.6212807893753052,0.5787971973419189,-0.01753575596958392,0.6365513563156129,0.5484990239143372,-0.022405534237623162,0.633301627635956,0.5420345306396485,-0.019713487103581402,0.6273923635482789,0.544399654865265,-0.0159191040322184
0.5812395095825196,0.6167934298515321,-3.677729393247731e-09,0.5723832607269287,0.578136420249939,-0.0022363054391461796,0.5780909776687622,0.5379706025123596,-0.00467388834804292,0.592059350013733,0.5102318048477174,-0.00608376041054722,0.6048623442649842,0.4968144536018371,-0.00686367810703806,0.5831394910812379,0.5372032761573792,-0.01581171639263626,0.5953286528587342,0.4951109886169434,-0.0264388911426067,0.6038632273674012,0.4667490065097808,-0.03324477300047868,0.6109421253204346,0.4449663817882538,-0.03716500774025916,0.597475242614746,0.5511024713516236,-0.01711737699806684,0.6168931603431702,0.5065907359123231,-0.02657050415873522,0.6114074349403382,0.5133508205413818,-0.026295908167958203,0.602933144569397,0.5273146152496339,-0.023804941400885543,0.6105307817459107,0.5660472631454467,-0.0180880948901176,0.6273445844650268,0.526165759563446,-0.024859443679451882,0.6202035069465637,0.5296696424484253,-0.02008961830288164,0.6123610019683838,0.5411152839660645,-0.01446159891784186,0.6215355515480042,0.5810161709785462,-0.01915356591343872,0.6376387476921083,0.5480251550674439,-0.022468645125627462,0.6336831331253052,0.5417630195617675,-0.01876838169991966,0.6276152014732361,0.5445636153221131,-0.01457012630999084
0.5803270220756531,0.6158647775650025,-2.663142023573429e-09,0.5722970485687257,0.5765766143798828,-0.0016794416878837602,0.5790013909339905,0.5358372211456299,-0.0041764540597796,0.5937462329864502,0.5077267408370972,-0.00545893032103772,0.6067566514015198,0.49461057186126706,-0.00603509531356388,0.5813588738441468,0.5372331738471986,-0.0171681715175509,0.5941324830055237,0.4938603758811951,-0.027521939948201138,0.6027896165847779,0.46484535336494437,-0.03398415558040136,0.6100253343582154,0.4427011728286743,-0.037640759348869304,0.5953530430793763,0.5515583157539368,-0.018483114801347202,0.6158400416374207,0.5056917786598206,-0.027026563882827703,0.6106526136398316,0.5125051021575928,-0.02594187445938582,0.6023408889770507,0.5265563607215882,-0.0231883872300386,0.6087725281715394,0.5659294128417969,-0.01924021672457452,0.6264761209487915,0.5242616057395935,-0.02460809983313078,0.619494616985321,0.5279412269592285,-0.01897466089576476,0.6119022369384766,0.5394447684288025,-0.01322016865015026,0.6204547762870789,0.5799081683158874,-0.020081587880849763,0.636853587627411,0.5454489707946778,-0.02180270366370672,0.6321769952774048,0.5407971739768982,-0.0171391094103455,0.6258418917655945,0.5448606252670288,-0.01261899471282956
0.5790846586227417,0.614614248275757,-6.083786746602372e-09,0.5716373443603515,0.5746902465820313,-0.0011028301960322603,0.5787133574485779,0.5341606259346008,-0.00352712161839004,0.5941811561584472,0.5068024277687073,-0.00474868034943932,0.6079457044601441,0.49558576941490173,-0.005210682703182041,0.5787234306335449,0.535913634300232,-0.016822800040244997,0.5915693402290344,0.49210022687911986,-0.026817992702126457,0.6000763654708863,0.4628275334835052,-0.033080518245696966,0.6070668816566468,0.44012624621391294,-0.03664037622511384,0.5923569560050965,0.549805772304535,-0.01836719866842026,0.6134220600128174,0.5038980007171631,-0.0263068132102489,0.608651602268219,0.5121286511421204,-0.02491686232388016,0.6002334594726562,0.526706600189209,-0.02210292592644686,0.606120479106903,0.5633067250251771,-0.01926449462771412,0.6240634918212892,0.5214670538902282,-0.02369692958891386,0.6175445079803467,0.5266648292541505,-0.0175637120380997,0.6101613402366639,0.5384082913398743,-0.01175263114273544,0.6185563445091248,0.5762942790985108,-0.02025273330509656,0.6345621347427368,0.5411854267120362,-0.020707213506102523,0.6295731544494629,0.5393645644187928,-0.01520135626196856,0.6231695175170898,0.5450714111328125,-0.010354323312640162
0.5779410362243653,0.6128199338912964,-9.954752577812089e-09,0.5701628088951112,0.5734489440917969,-0.00112248040386472,0.576769232749939,0.5329979777336121,-0.0034480680711567,0.5924346923828125,0.5062752485275269,-0.00470690280199044,0.606304132938385,0.49620916247367863,-0.00519690937362604,0.5757906675338745,0.5332651376724243,-0.015255140140652601,0.5880714416503906,0.4901955723762512,-0.024981417879462196,0.5962350368499756,0.4613727152347565,-0.0313558526337146,0.6028329730033875,0.4380700469017029,-0.03518761321902272,0.5892127752304077,0.5461516380310059,-0.017117641121149,0.6100230574607849,0.5010493993759155,-0.0253460235893726,0.605693233013153,0.5121716618537903,-0.02465385459363458,0.5972015261650085,0.5271270751953125,-0.02233375199139112,0.6032960295677186,0.5587192416191101,-0.0184213392436504,0.6209145545959472,0.5177133083343506,-0.023077347502112343,0.6148527383804321,0.5265794754028321,-0.017207063548266822,0.6075712084770203,0.5389288187026978,-0.01162158772349352,0.6163443922996521,0.5710351347923279,-0.019868871569633424,0.6313512802124023,0.5360363125801086,-0.0203148994594812,0.6264024138450622,0.5382239103317261,-0.014713359065353822,0.6201616764068604,0.5457640051841737,-0.009918284229934182
0.5762761592864991,0.6103822708129882,-1.3587295732975239e-08,0.5679182767868043,0.571789038181305,-0.0013894888106733203,0.5740681171417237,0.5315460324287415,-0.0037660882342606403,0.5897035598754883,0.5047597527503968,-0.005329158715903681,0.6035071611404419,0.4946580648422242,-0.006200034357607301,0.5725348711013794,0.5301746368408203,-0.01334334108978504,0.5831364631652832,0.4877702116966247,-0.02259872853755948,0.5903238892555237,0.459146398305893,-0.02895202003419392,0.5960912942886353,0.435063773393631,-0.0329950429499149,0.585994565486908,0.5417581796646118,-0.015557592175900862,0.6050018310546875,0.49792692661285404,-0.024450282379984818,0.6009841203689575,0.5120482325553894,-0.02486631646752354,0.5927270770072938,0.5280909538269043,-0.02322357520461078,0.6004617214202881,0.5532256841659546,-0.017320242524147003,0.6165072917938232,0.51372948884964,-0.02262902222573754,0.6105857014656066,0.5263968467712403,-0.01741833612322802,0.6034858822822571,0.5399683356285095,-0.012216429039835882,0.6141179442405701,0.5646816372871399,-0.0192813273519277,0.6272604942321778,0.5300785779953003,-0.01986315138638016,0.6219534993171691,0.536569094657898,-0.014286343194544263,0.6158502340316773,0.546561062335968,-0.009599280171096281
0.5733357310295105,0.60897216796875,-1.092954163839366e-08,0.5645634055137634,0.570752990245819,-0.00139410807751114,0.5701171040534974,0.5311222910881043,-0.0037225691135972403,0.5852030992507935,0.5043649435043335,-0.00542683247476808,0.5986833214759827,0.49416526556015017,-0.00647464655339712,0.5682192564010621,0.5282553434371948,-0.01211733371019358,0.5770649909973145,0.48589044213294985,-0.020862838625907862,0.5832463383674622,0.4572894811630249,-0.02695961147546762,0.5880709648132324,0.43286237120628357,-0.030920501798391304,0.5815614223480224,0.5387800216674805,-0.014544425345957221,0.5989342927932739,0.4952431559562683,-0.023580932617187463,0.5958128809928894,0.5101745009422303,-0.02453817874193188,0.5881741046905518,0.5265466928482055,-0.02321530915796752,0.5960206627845764,0.5495585083961487,-0.01654393449425694,0.6109110713005067,0.5101649761199951,-0.0221027724444866,0.6055992841720581,0.5239374518394471,-0.017221026867628043,0.5987104296684266,0.5381220698356628,-0.01214671283960338,0.6097520947456361,0.5605283379554749,-0.018768484890460922,0.6218641519546508,0.5255555510520935,-0.01958943419158456,0.6170424699783326,0.5325643181800843,-0.01421828866004938,0.6112488865852356,0.5430024385452271,-0.00960377156734462
0.5703523278236389,0.6087616682052612,-4.963754307585333e-09,0.5604113578796387,0.5711158752441406,-0.00202140505425628,0.5644672989845276,0.5314528584480286,-0.00442517134360966,0.578222680091858,0.503540974855423,-0.00644491128623478,0.5912892937660218,0.492056542634964,-0.00789140015840524,0.5633672714233399,0.5268552780151368,-0.01036342624574894,0.5701751947402954,0.4849984705448151,-0.01884487047791478,0.5752696156501771,0.4566920697689057,-0.02486882284283632,0.5790896773338318,0.4321540236473083,-0.02890652343630786,0.5769620656967163,0.5355210065841676,-0.0128200907260179,0.591772198677063,0.49275624155998227,-0.022549657896161042,0.5891725540161133,0.5078558325767517,-0.024343525618314703,0.5821642041206361,0.5244590401649476,-0.02338594682514662,0.5912802219390869,0.5459062457084656,-0.01506073940545318,0.6042811989784241,0.507362425327301,-0.021742070093750922,0.599432361125946,0.5213606595993042,-0.01766901165246958,0.5926951408386231,0.5360593795776367,-0.01280753389000888,0.6046494126319886,0.5572461247444153,-0.0175710808485746,0.6156283617019653,0.5227741599082947,-0.01966609619557856,0.6117584466934205,0.5283269762992859,-0.01517996806651348,0.6065158367156983,0.5378395080566407,-0.01094024479389186
0.5667540192604065,0.6095181345939636,3.405638693276813e-09,0.5557324528694153,0.5724469900131226,-0.00250896897632624,0.5588578343391418,0.5316877484321594,-0.00514255384914574,0.5711825847625733,0.501333999633789,-0.007357324566692039,0.5835454583168029,0.48749667406082153,-0.00904283514246338,0.5579850435256958,0.5279236555099488,-0.01086696349084372,0.5630065321922303,0.4852318704128265,-0.019261840358376463,0.5670347571372986,0.4567993581295014,-0.02514400631189342,0.5701370239257812,0.43222358226776125,-0.029164544120430902,0.5718340158462525,0.535576605796814,-0.01321618743240828,0.5844053149223328,0.4908223450183868,-0.023216656595468482,0.5824977993965149,0.5051935195922852,-0.025199133902788124,0.5765862703323364,0.5217669248580933,-0.0243619848042726,0.5862541794776917,0.5456425309181214,-0.015347298420965641,0.5978837013244629,0.504825645685196,-0.0224393907934427,0.5934978485107423,0.5188796758651734,-0.01849167384207244,0.5872332215309144,0.5343574762344361,-0.01365874893963334,0.5994807362556458,0.5571425795555115,-0.01776115708053108,0.6096537351608277,0.5221952319145203,-0.020434946939349143,0.6058617472648621,0.5271856188774109,-0.016290406137704782,0.6008228898048401,0.536807930469513,-0.012220364995300721
0.5628544926643372,0.610997235774994,7.714603700303968e-09,0.5506312012672424,0.5743991494178772,-0.0028603479266166203,0.5526400804519653,0.5321903228759766,-0.00569789926521476,0.5633302330970764,0.49885104894638066,-0.00806231666356318,0.574842095375061,0.48314276337623596,-0.00994176100939506,0.5520117044448853,0.5300830483436585,-0.01135223247110838,0.5548013091087342,0.48658970594406126,-0.0194903008639812,0.557463538646698,0.45785479545593266,-0.02502524517476556,0.5597403764724732,0.43316282629966735,-0.028861676156520806,0.5661231040954591,0.5366124629974365,-0.013579746335744821,0.5762710094451905,0.48926987648010245,-0.023728400096297224,0.5748432755470276,0.5029559254646301,-0.02570198141038412,0.5701415657997131,0.5201247692108154,-0.0247708991169929,0.5806799530982971,0.545936918258667,-0.015548076294362521,0.5906113505363465,0.5027351558208465,-0.022830036282539344,0.5864943146705628,0.5168216586112977,-0.018905774131417242,0.5809262275695801,0.5333788871765137,-0.01400735843926666,0.5939079046249389,0.5569966793060304,-0.017796930670738183,0.6026528954505921,0.5210687875747682,-0.0206970281898975,0.5987982749938965,0.5259612679481507,-0.01671560872346156,0.5942569494247436,0.5362144231796265,-0.0127160474658012
0.5595799684524536,0.6138728022575379,1.554135343750929e-08,0.546271800994873,0.5773141980171204,-0.00292804292403156,0.5473568081855774,0.5340074062347413,-0.00609106696210798,0.5567368865013123,0.4985574364662171,-0.00856911242008202,0.5675566077232361,0.4815700352191925,-0.0105186635628342,0.546857500076294,0.5344158411026001,-0.01340349931269878,0.5477643966674806,0.4894115805625916,-0.021667790040373745,0.5494818091392517,0.45993571877479555,-0.026967711746692644,0.5511756539344788,0.43532624244689944,-0.030545095354318583,0.5610719680786133,0.5405635476112366,-0.015465092100203002,0.5696686506271362,0.4887933731079101,-0.025460415706038422,0.5686635375022888,0.5002013862133026,-0.027016140148043582,0.5648439288139343,0.517221486568451,-0.02584711536765092,0.5757137417793274,0.5492956757545472,-0.01708930414170024,0.5846076607704163,0.501799887418747,-0.024138921126723258,0.5806851387023926,0.5143987774848938,-0.02002789266407486,0.5756651401519776,0.5313653707504273,-0.015030029416084261,0.5888927340507507,0.5596446514129639,-0.018939907103776903,0.5968425869941711,0.5208255052566528,-0.021676865965127898,0.5930272459983826,0.5239776849746705,-0.017686407454311784,0.5888064622879029,0.5340002059936524,-0.0136827470734715
0.557572066783905,0.6163430571556092,1.923378123436237e-08,0.5433557033538818,0.5801912546157837,-0.0030774792656302003,0.5434988260269166,0.5358286619186401,-0.006498315650969699,0.5515498876571655,0.4984943509101868,-0.00904848929494612,0.5615860581398011,0.4799378514289856,-0.0110418695956468,0.5434821724891663,0.538147509098053,-0.01478498503565782,0.5426743268966675,0.4920112192630768,-0.023124447837471904,0.5434409379959106,0.4620524287223816,-0.028188389167189583,0.5445438623428345,0.43752193450927734,-0.03152072653174398,0.5578839540481567,0.5436729907989503,-0.0166702533140778,0.5649221658706665,0.4886775135993957,-0.026641461998224203,0.5638272643089294,0.4985141396522522,-0.02784516066312784,0.560499393939972,0.5155184268951416,-0.026382514461874902,0.5725931406021119,0.5516690492630005,-0.018017582781612845,0.5802146196365358,0.5015838086605072,-0.0249739587306976,0.5761382341384887,0.5133251667022705,-0.020677904039621317,0.5715162277221679,0.5304475188255311,-0.0155164266005158,0.5856871366500854,0.5613387942314149,-0.01955270320177076,0.5925885796546936,0.5211392283439636,-0.022162780538201282,0.5885392785072326,0.5235660910606384,-0.018090128153562483,0.5845456957817078,0.5334198236465455,-0.01400218158960336
0.5562953352928162,0.6188175082206726,1.3251621622245584e-08,0.5415547370910645,0.5825131177902222,-0.0024353654822334204,0.5414560079574585,0.5380403399467468,-0.00578569080680604,0.5490315437316895,0.5004046618938447,-0.008162379357963719,0.5588895082473755,0.48151360154151923,-0.0099443082697689,0.5413634181022644,0.5421518325805664,-0.01593854743987316,0.5392637252807617,0.4950616896152496,-0.02443573102354996,0.539486837387085,0.4645273506641388,-0.0294088829308748,0.5404263377189636,0.43988091349601743,-0.03253031224012374,0.5559050917625428,0.5477456450462341,-0.017889165505766802,0.5621675372123718,0.4895997405052185,-0.027519380301237066,0.5611171126365662,0.49896055459976196,-0.02820775955915446,0.5581868886947632,0.5164328694343567,-0.026411335170268963,0.5709349751472473,0.5549029111862183,-0.019103425368666622,0.5775912284851075,0.5018026411533356,-0.02548653893172738,0.5735150456428528,0.5139754295349122,-0.02067360319197174,0.5695134758949281,0.531727647781372,-0.01523883119225498,0.5844306111335754,0.5632770895957947,-0.020424455404281602,0.590136194229126,0.521034574508667,-0.02223592847585672,0.5853868246078492,0.5250939130783081,-0.017518927529454182,0.5815025329589845,0.5364867210388184,-0.01304946560412638
0.5563024878501892,0.6211233973503113,8.071594592706792e-09,0.541318166255951,0.5845602750778198,-0.0020422217203303803,0.5411331415176391,0.54045147895813,-0.0054463402368127795,0.5485852837562561,0.502966332435608,-0.00783688733354204,0.5580946803092957,0.4838642001152038,-0.00965952007099982,0.5412601232528687,0.5446959495544433,-0.016603153944015438,0.5383288979530334,0.4975648701190949,-0.025447974726557663,0.5382107853889466,0.4666960835456848,-0.03052586577832696,0.5390226483345032,0.4421465456485748,-0.03357374891638754,0.5559507012367249,0.5500996828079224,-0.018623196892440262,0.5615262508392334,0.49085819721221924,-0.028221701458096462,0.5603737235069275,0.5006024599075317,-0.028508031740784583,0.5577287554740906,0.5188562154769897,-0.026345020532607982,0.5711118459701539,0.5568931937217713,-0.019829593598842604,0.5770055890083313,0.5034868717193604,-0.026098341867327658,0.572856330871582,0.5157163500785829,-0.02091496288776394,0.5692631483078003,0.5335710644721985,-0.015179922804236362,0.5847662448883056,0.5648237466812135,-0.02107636518776414,0.5895417928695679,0.5218730568885803,-0.022550035268068258,0.5846628308296205,0.5265524864196778,-0.017349183559417683,0.5811368584632873,0.5383369565010071,-0.01252044774591916
0.5568300366401673,0.6228572845458985,8.78203803011957e-09,0.5421783804893494,0.5860059380531312,-0.00189377258066084,0.5423758745193481,0.5426546335220337,-0.00524358600378032,0.5498365879058839,0.5060006737709045,-0.0076620192267,0.5591682434082031,0.48604198098182677,-0.00955656459555026,0.5427783131599426,0.5453091144561768,-0.0165159180760383,0.5400054454803467,0.4984724402427674,-0.02557539939880364,0.5400494456291199,0.46767536997795106,-0.03082297109067436,0.5410080313682557,0.4434046804904938,-0.03392702676355836,0.5575434923171997,0.5507230401039124,-0.01863222569227212,0.5628459572792054,0.4919690608978271,-0.028236848860979043,0.5615490913391114,0.5013956904411316,-0.028534748405218063,0.558878767490387,0.5195020914077759,-0.026381194964051207,0.5726106882095336,0.5580546975135803,-0.01995418071746824,0.5785200119018554,0.5053738951683044,-0.02630627416074272,0.5743187069892883,0.5173707842826842,-0.02113663554191586,0.5706094980239869,0.5350723385810853,-0.01538925338536496,0.5859883666038512,0.5669527888298035,-0.021311482414603202,0.5911930322647094,0.5246412754058838,-0.02292004153132432,0.5864249229431153,0.5287016272544861,-0.01774069033563132,0.5827860236167908,0.5400537848472595,-0.0128650786355137
0.5589937567710876,0.6239593029022218,2.0047517423904556e-09,0.5449476957321168,0.5872877955436706,-0.0026402198942377803,0.5454897642135621,0.5443325042724609,-0.005867136362940021,0.5534030675888062,0.5081310510635376,-0.00843132259324186,0.5627813458442688,0.4873898148536682,-0.01056118039414282,0.5463434457778931,0.5434462308883667,-0.014087345078587481,0.5443500280380249,0.4981184720993042,-0.02305714022368186,0.5448102831840516,0.4683256924152374,-0.0284955389797687,0.5459219813346863,0.4439657092094421,-0.03188152126967904,0.5612767338752747,0.5479974746704102,-0.01618685927242034,0.56637362241745,0.493829083442688,-0.026274992153048484,0.5651835799217224,0.5054309904575348,-0.02739615514874452,0.5623257875442504,0.5237658977508545,-0.025732135400176007,0.5761689186096192,0.555601191520691,-0.0178315659984946,0.5820187211036683,0.5072674870491027,-0.02520541511476036,0.5780206918716432,0.5213120579719543,-0.0207045670598745,0.5740429401397705,0.5395076274871826,-0.015219896472990461,0.5892111778259277,0.5655733823776246,-0.019614985398948143,0.5943847894668579,0.5265271186828613,-0.022361045703291817,0.5899316549301148,0.532058036327362,-0.017780392616987183,0.5862609863281251,0.5440497756004334,-0.01319133937358848
0.5620270490646363,0.6242615580558778,-5.0511397731156655e-09,0.5493321537971496,0.5885875225067139,-0.00370213903952386,0.5504272699356079,0.5463187098503113,-0.0069025408476590605,0.558622431755066,0.5109537720680237,-0.00968959005549544,0.5678791761398315,0.489116495847702,-0.012175992596894461,0.5519116759300232,0.5409643292427063,-0.01182396858930582,0.5507617592811584,0.4981513381004334,-0.02097589392215008,0.5516425132751466,0.4696099281311035,-0.0268410295248031,0.5529706597328187,0.44535519480705255,-0.03065517805516716,0.5668820500373841,0.5448828339576721,-0.01385555565357202,0.5719070196151733,0.4962739825248718,-0.024679365381598442,0.5703920245170594,0.5106272220611573,-0.026658566668629577,0.5671493887901307,0.5292048811912538,-0.025439223274588543,0.5814140558242797,0.5532262921333313,-0.0158366674557328,0.5873886823654175,0.5105287671089173,-0.024432516843080482,0.5832770824432374,0.5268019199371338,-0.020504413172602622,0.5790202736854553,0.545203173160553,-0.015192757360637141,0.5939173579216004,0.565002715587616,-0.018095467798411785,0.5993144035339356,0.5301269054412842,-0.02212174944579594,0.5948459148406983,0.537703287601471,-0.018038922175765,0.591091251373291,0.5505222439765931,-0.01364152580499642
0.5649489164352417,0.6242088794708253,-8.991987998641094e-09,0.5535648822784425,0.5894976139068604,-0.00489477231167252,0.5551337122917176,0.547462546825409,-0.008245979063212821,0.563666045665741,0.5124913096427918,-0.011356077902018983,0.5729130506515503,0.49014514088630673,-0.01428644992411132,0.5573100566864013,0.5382861614227296,-0.010086174681782661,0.5572986602783203,0.4976530909538269,-0.019359181635081723,0.5586052417755127,0.4702327907085419,-0.02555760964751238,0.5600642919540405,0.44615586400032037,-0.029751795902848203,0.5722731113433839,0.5417214870452881,-0.01199490074068302,0.5775055408477783,0.49833242297172553,-0.023521955683827363,0.5756299614906312,0.5149759769439697,-0.026276046037673882,0.5718711137771606,0.5337073087692261,-0.02546670846641058,0.5864326238632203,0.5507916569709778,-0.014215213991701581,0.5928019881248474,0.5135243773460388,-0.023914222419261902,0.5885054707527161,0.5314935207366943,-0.02050077468156812,0.5838349342346192,0.5498987197875976,-0.01536474525928492,0.5983737230300904,0.5642743229866027,-0.01685398239642374,0.6041628837585449,0.5333123445510864,-0.0219978500157594,0.5997234106063842,0.5425182342529298,-0.0183347716927528,0.5958770751953125,0.5559538364410401,-0.01411480084061616
0.5682925581932068,0.6233469605445863,-4.717089030492617e-09,0.5580624341964722,0.5900520801544189,-0.0059557863976806005,0.5603119015693665,0.5488986372947693,-0.009255027212202501,0.5694069504737854,0.515611469745636,-0.01250020340085024,0.5790691733360291,0.49412173628807066,-0.01558511499315496,0.563563323020935,0.5368175148963928,-0.008342279586940941,0.5648900866508484,0.4975331902503968,-0.017346480302512603,0.5671020150184631,0.47088896036148076,-0.023520120233297283,0.5690912723541259,0.4471775352954865,-0.027818191796541183,0.5784774780273438,0.540315341949463,-0.010032903403043681,0.5843483924865722,0.5011781632900238,-0.022107243165373762,0.5821739673614502,0.5164662361145019,-0.02589505128562444,0.5778618454933167,0.5336815476417541,-0.02572376430034632,0.5921155452728273,0.5500092983245849,-0.012334584258496742,0.5990770339965821,0.5169835329055786,-0.02318863347172732,0.5942805528640748,0.5350655436515809,-0.02102000787854192,0.5888838648796082,0.5533765196800232,-0.016450347751378963,0.6034022569656372,0.5643546462059021,-0.01515700146555894,0.6101642847061157,0.5366348743438721,-0.02168354354798788,0.60573970079422,0.5454044699668885,-0.019200291112065282,0.6014096736907959,0.5586926579475403,-0.01560398228466504
0.5714812278747559,0.6237494587898255,-2.9805660162196562e-09,0.5618928909301758,0.5899731159210205,-0.00601452388800678,0.565327000617981,0.5492472648620605,-0.00933374157175418,0.5760962486267089,0.5176302433013916,-0.01248926315456624,0.5869787454605103,0.49841200709342953,-0.01544440742582078,0.5685847401618958,0.5382449269294739,-0.009017993230372619,0.5718679785728454,0.49897248744964595,-0.01804359946399922,0.5753794193267823,0.472178727388382,-0.02422336116433138,0.5782204866409302,0.4486930191516876,-0.028507685288786864,0.5833100914955139,0.543491280078888,-0.010526020079851081,0.5912470102310181,0.5055459260940552,-0.022425317019224122,0.5893283247947694,0.5192725896835327,-0.026233672723174044,0.5846808671951294,0.5351756453514099,-0.02623837962746614,0.5967935919761658,0.5540560722351074,-0.01259341444820162,0.6053766250610352,0.5213723421096802,-0.023355995491147002,0.6004100322723389,0.5373027443885804,-0.02145324647426602,0.594393002986908,0.5546987175941467,-0.017105540633201542,0.6080728650093079,0.5682247042655945,-0.015161929279565741,0.6162458658218384,0.5399244189262391,-0.021939866244792883,0.6121875166893006,0.5465075373649597,-0.01989116147160526,0.6075918674468994,0.5586894154548645,-0.016564590111374802
0.5728006601333618,0.6234109044075012,2.242203400726339e-09,0.5643572330474853,0.5888187646865845,-0.00499468318885188,0.5692751049995423,0.5489102363586426,-0.008225234877318119,0.581119179725647,0.5194742321968079,-0.01102941203862424,0.5928069591522217,0.5033478379249573,-0.0135527834296226,0.5719910502433777,0.5404438853263855,-0.01131697939708824,0.5775295853614808,0.5006318092346191,-0.020539406314492182,0.5821812868118287,0.4735132515430451,-0.0266133908182382,0.5861077308654785,0.4506924688816071,-0.030641964450478523,0.5862230896949768,0.5485433697700501,-0.01283562723547214,0.5973868370056152,0.5087049841880799,-0.024074278026819183,0.5945882916450501,0.5207090735435487,-0.026688805595040263,0.5892739653587341,0.5359826922416687,-0.025956848263740482,0.5994368553161621,0.5607178211212158,-0.014601009711623161,0.6105914473533631,0.526330065727234,-0.024182184413075403,0.6049440979957581,0.5390932440757752,-0.021408015117049182,0.5986011266708374,0.5548342943191529,-0.0166684184223413,0.6106621146202087,0.575514304637909,-0.01675823982805008,0.6215800642967224,0.545674204826355,-0.022384128347039185,0.6174019575119019,0.5488868117332458,-0.01975323706865306,0.6124662160873413,0.5585065960884095,-0.01613298561424012
0.5729952573776246,0.6244349479675293,4.822121324465911e-09,0.5652075529098511,0.5879111647605897,-0.00363357925089072,0.5716499447822572,0.5484079718589783,-0.006556151621043661,0.585213017463684,0.5206726551055909,-0.00884197545237834,0.5980310082435608,0.5075268805027008,-0.01069962899200612,0.5730788350105286,0.5435288906097412,-0.01294997977092858,0.5809650540351867,0.5023481726646424,-0.021950761601328802,0.5871131420135498,0.4747258901596069,-0.02763661779463286,0.592145299911499,0.4524120211601257,-0.031240659579634643,0.5868721246719361,0.5539634108543396,-0.014495772495865762,0.6014624834060669,0.5119421005249023,-0.024715196341276124,0.5986775994300843,0.5214469909667969,-0.026336539536714505,0.5927180051803589,0.5357216596603394,-0.02510558515787118,0.6000993728637696,0.5670886039733887,-0.015917506814002964,0.6138496041297913,0.5301123023033142,-0.02411435879766936,0.6081585049629212,0.5395355343818664,-0.020892902836203542,0.6012897729873657,0.5538341403007507,-0.01608944665640588,0.611619770526886,0.5814917325973511,-0.01757117640227074,0.6247950553894044,0.5496914029121399,-0.021978572010993923,0.6210213780403138,0.5495991468429566,-0.019088467396795702,0.6157958269119262,0.5570755124092102,-0.015434323437511862
0.5728507041931152,0.6255359292030335,9.34189006152053e-09,0.5657315611839295,0.5871705055236817,-0.0023608027258887397,0.5733503103256227,0.547819983959198,-0.005043206783011541,0.5883167743682862,0.5214944005012512,-0.00685977372340852,0.6020477652549744,0.511647891998291,-0.00806191316805774,0.5736000061035157,0.5465388417243958,-0.0147911847569048,0.5836650133132935,0.5041741847991943,-0.02391093671321864,0.5911130547523499,0.4757476389408112,-0.02956274412572378,0.5971974253654481,0.45368923544883727,-0.032966290041804285,0.5867762684822082,0.559364402294159,-0.01642944607883686,0.6047985315322877,0.5151505589485168,-0.0258665338158607,0.6019280195236206,0.5223952293395996,-0.026610767096281004,0.5954963445663453,0.5359245419502259,-0.024934369325637765,0.5999336600303651,0.5733448386192322,-0.01759131774306294,0.6162724018096924,0.5337107539176942,-0.0246427040547132,0.6105207800865173,0.5400720357894898,-0.020941857248544662,0.6032572269439698,0.5531410098075866,-0.01599513646215196,0.6117597818374634,0.5872931122779846,-0.01884013395756478,0.627289605140686,0.5533716320991516,-0.022095250338315924,0.6239264249801636,0.5495705723762513,-0.018840754218399477,0.6184497475624084,0.5545232772827149,-0.015056831762194581
0.57145174741745,0.6269355177879334,1.8688122604970665e-09,0.5646370887756348,0.586814022064209,-0.0014534769346937,0.572818648815155,0.5479077339172364,-0.00395660712383686,0.588765823841095,0.5228416681289673,-0.00537068289704616,0.602972435951233,0.5152839303016663,-0.00605804151855402,0.5718526959419251,0.5482696652412415,-0.01617630049586292,0.5832767724990846,0.5053291678428651,-0.02556147091090674,0.5912075996398927,0.4764711081981659,-0.03145087473094458,0.5977113723754883,0.4540269196033478,-0.03490343317389484,0.5847405552864076,0.5629634976387025,-0.017863883450627283,0.6049491405487061,0.5168948769569397,-0.02652110494673246,0.6016128659248352,0.5256696224212647,-0.026396632939577065,0.5945436358451844,0.540122425556183,-0.024308915808796825,0.5979934453964234,0.5773591995239258,-0.01884064115583892,0.6158875107765198,0.5349242210388184,-0.024452488496899558,0.6100874304771424,0.540533471107483,-0.01976378038525578,0.6027830839157104,0.5530193686485291,-0.01449723653495308,0.6101400971412659,0.5909128189086914,-0.01986574605107302,0.6266749501228333,0.5537878036499024,-0.02155921459197992,0.6235629677772522,0.5483166217803955,-0.01738553456962104,0.6182333111763001,0.5519587516784668,-0.0132246788591146
0.5699885845184326,0.6269200563430786,-4.89593205976746e-09,0.5635352730751039,0.587071418762207,-0.00143991808872664,0.5714927673339844,0.5490232467651368,-0.00382578200660644,0.5873811721801758,0.5250936269760131,-0.00509345508180554,0.6012347936630249,0.5185731530189515,-0.005564218899235061,0.5703068614006043,0.5479443669319153,-0.01591191813349718,0.581927251815796,0.5053961277008057,-0.02557551302015776,0.5897431612014771,0.47680227756500243,-0.0318120971322059,0.5961780071258546,0.45400860309600827,-0.03546852618455882,0.5831122756004334,0.5627309322357178,-0.0176007471978664,0.6038504123687745,0.5168833374977112,-0.026285318657755782,0.5997483730316162,0.5280518770217896,-0.026089198887348144,0.5920212626457214,0.5435279607772827,-0.02389053739607328,0.5962843179702759,0.5768151044845581,-0.0186378668993711,0.6142528653144836,0.5345589518547058,-0.02407986782491202,0.6082476139068604,0.541993248462677,-0.01909994706511494,0.6010971307754517,0.5546721577644349,-0.01366411279886958,0.6083960056304932,0.5902027606964111,-0.019760544598102524,0.6247606873512268,0.5528547406196594,-0.020903419703245097,0.6214486718177795,0.5482382655143738,-0.01622894871979948,0.6162254333496094,0.5518316268920899,-0.01183188855648036
0.5690525531768799,0.6276628136634828,-9.279837209774655e-09,0.5614717960357667,0.5904813885688782,-0.0028590702335349804,0.567963469028473,0.5531441450119019,-0.0053361134137958,0.5838306307792664,0.5294236183166503,-0.00687927990220482,0.5975743651390075,0.521559762954712,-0.00759996077977114,0.5680501699447632,0.5453605651855469,-0.013542849197983679,0.5782001495361329,0.504702341556549,-0.02315135765820736,0.5854059576988221,0.4770898997783661,-0.02980046011507506,0.5912656307220459,0.4538418710231781,-0.03396422043442722,0.5812382340431214,0.5576481103897095,-0.015053356438875159,0.5989145994186402,0.5160823225975038,-0.024202719330787603,0.5953411936759949,0.5288045048713684,-0.025263789668679204,0.5882084727287292,0.5432173132896424,-0.023991446942090943,0.5944469094276429,0.5705429673194886,-0.01631750222295518,0.6105341911315918,0.5329617381095887,-0.02297858148813242,0.6044493913650513,0.5446024537086487,-0.01887197121977802,0.5972112417221069,0.5583341717720032,-0.013882296904921501,0.6063989281654358,0.5838356494903564,-0.01783892586827272,0.6207438707351685,0.5505846023559571,-0.02033461108803742,0.6171082615852356,0.5503070831298829,-0.01626863200217482,0.611942481994629,0.555992615222931,-0.01214980036020274
0.5668033242225647,0.6287603735923767,-1.1275334443894282e-08,0.5580722570419312,0.5935343265533448,-0.003888338722754221,0.5629902362823487,0.5557536005973817,-0.00657734484411772,0.5775030136108399,0.5306393384933472,-0.00850191256031388,0.5907583117485047,0.5208915591239929,-0.00964895691722626,0.5640377879142762,0.544211494922638,-0.01195659590885036,0.5723073840141297,0.5041911363601685,-0.02154085431247944,0.5783271193504333,0.47711814045906065,-0.0284037541598081,0.5832276105880738,0.4535516560077667,-0.03291535712778564,0.5775897145271301,0.5546051263809205,-0.013503066450357398,0.5923088073730469,0.5147411465644837,-0.0233358964323997,0.5890934705734253,0.5296112537384032,-0.025248346850275966,0.582606065273285,0.5445340633392334,-0.024507115408778164,0.5908373713493347,0.5668071389198304,-0.0150956461206078,0.6050490379333496,0.5308523893356324,-0.02274465896189208,0.5993650317192077,0.5454709649085998,-0.0189911805093288,0.5925188183784486,0.5600737929344177,-0.014174760133028002,0.602605652809143,0.5803551077842712,-0.017076052725315042,0.6153584361076355,0.5490848183631897,-0.0205523092299699,0.6114983677864074,0.5517510175704956,-0.0167383402585983,0.6063937664031983,0.5586416721343994,-0.01274004727602002
0.5640705943107605,0.6306387066841126,-1.470805859327129e-08,0.5539649963378908,0.595877730846405,-0.0040132726076990005,0.5575546979904175,0.5577399969100952,-0.0068222333677112595,0.5707552433013916,0.5309986472129822,-0.008923590555787021,0.5834706544876099,0.5190710783004762,-0.010319328308105401,0.5588450312614441,0.5460659384727479,-0.01161329271271818,0.5651452541351318,0.5051043033599854,-0.020777822472155042,0.5698814868927002,0.47811531424522397,-0.02730426304042334,0.5738284468650818,0.4541131675243378,-0.031722833961248365,0.5729876160621643,0.5550586223602295,-0.01323315799236294,0.5849877834320069,0.5131905674934387,-0.02310689203441138,0.5819427967071533,0.5289739608764649,-0.025171276181936243,0.5760991454124451,0.5443885564804077,-0.02457313276827332,0.5866834044456481,0.5663363575935364,-0.01488523017615074,0.5988212227821351,0.5281719446182251,-0.02247271053493018,0.5932272911071778,0.5444615006446839,-0.01853578872978682,0.5869078755378724,0.5599304080009461,-0.01371568124741312,0.5986533403396607,0.579284167289734,-0.0169441413134336,0.6093263387680055,0.547258162498474,-0.02037788257002824,0.6049225449562073,0.552637767791748,-0.0163474595174193,0.6000348210334778,0.5613255858421327,-0.012271250225603542
0.5618382334709168,0.6331722974777222,-1.0122605242912642e-08,0.5502353668212892,0.5992531180381775,-0.003785831481218301,0.552405822277069,0.5600368738174438,-0.00674879606813188,0.5641550064086914,0.5306875705718994,-0.00895627299323672,0.5765237450599671,0.5161580085754395,-0.01048641037195914,0.5540769219398499,0.5494011998176574,-0.01233098851516836,0.5584248900413513,0.5069315671920777,-0.02135946396738286,0.5620237231254578,0.4794454038143158,-0.0275358777493238,0.5651930332183838,0.4554372727870941,-0.03167137056589124,0.5686530232429505,0.5567255020141602,-0.013913864642381622,0.5784714579582214,0.5117290496826172,-0.02354367449879642,0.5756523251533509,0.5266880035400391,-0.02511253543198106,0.5707583427429199,0.5423737525939941,-0.0241760570555925,0.5826598763465882,0.5669923305511475,-0.015412070415914001,0.5930436611175537,0.52643963098526,-0.0227217592298984,0.5874231576919556,0.5422453165054322,-0.0184084795415401,0.5816933155059815,0.558012843132019,-0.013404478132724721,0.594664454460144,0.5792572736740113,-0.01725360937416548,0.6039663314819337,0.5467725038528443,-0.020405058935284562,0.599071204662323,0.5528223395347596,-0.016101445630192723,0.5943226337432861,0.5621455430984498,-0.011851453408598861
0.5596474647521973,0.6367273211479187,-3.747856514024762e-09,0.5464864253997803,0.603920578956604,-0.003284433519729616,0.546751880645752,0.5645771145820618,-0.00635887612588698,0.5564171195030212,0.5331941604614259,-0.00876869587227696,0.567897617816925,0.5157687783241272,-0.010642238520085742,0.5493968009948731,0.5532146334648133,-0.01269517550244922,0.5515405178070069,0.5094559073448182,-0.021761875040829142,0.553978967666626,0.48151034116745,-0.027956370636820743,0.5562719821929932,0.45750150680541996,-0.032111250609159446,0.5643581390380858,0.5586220860481262,-0.014355127885937641,0.5715597510337829,0.510605263710022,-0.02376028634607788,0.5694734692573549,0.5239997863769532,-0.025134403631091085,0.5658427834510803,0.5392860412597656,-0.02416535876691338,0.5787242531776429,0.5678941726684571,-0.01579597052186722,0.5871667981147767,0.5248912572860718,-0.022751744836568784,0.5817283034324646,0.5401424050331116,-0.01808924376964564,0.5766695857048034,0.5564035058021546,-0.0129937425255775,0.590797770023346,0.5797402381896973,-0.017520532011985723,0.5986395120620728,0.546821141242981,-0.02058169357478614,0.5932408213615418,0.5537384271621705,-0.016099441424012144,0.5887100338935852,0.563862657546997,-0.01170869637280698
0.5570926904678345,0.6403098583221436,-1.245588876486182e-09,0.5435272336006165,0.6056741118431092,-0.0018234268885862152,0.543391489982605,0.5661642313003541,-0.00488523929379876,0.5518781781196594,0.5344315767288209,-0.00723155410960312,0.563184940814972,0.5173910975456238,-0.00918140597641462,0.5458016395568848,0.55936199426651,-0.014542299602180661,0.5470688343048096,0.5123207688331605,-0.0237762406468391,0.5488082528114319,0.4830289244651795,-0.02984241470694536,0.5507089257240295,0.4588765501976014,-0.03373780176043506,0.5608078598976136,0.5648737072944641,-0.016455291211605022,0.5680996298789979,0.5104450464248658,-0.02540645264089102,0.5659949064254761,0.5231829643249511,-0.025827928632497762,0.5627416729927063,0.5402057886123658,-0.024173595756292302,0.5754781126976013,0.5738324284553528,-0.01777071505784982,0.5833512902259826,0.5242382287979126,-0.02340514734387392,0.5783304214477539,0.5367662787437439,-0.01792108044028278,0.5741324663162232,0.5530155181884766,-0.01252534724771972,0.5878532528877259,0.5848943710327149,-0.01921690888702864,0.5951465249061585,0.5476415157318115,-0.020877641066908804,0.5896885395050049,0.5527120471000672,-0.01567903794348236,0.5854889035224915,0.5626059770584108,-0.010975856520235501
0.5561063766479493,0.6429747581481933,1.7897275661482582e-09,0.5419029831886292,0.607520055770874,-0.000778095320129035,0.5412246823310852,0.5691196918487549,-0.00382942487485704,0.5493925213813782,0.5387364864349365,-0.00609622588381168,0.5607473254203796,0.5230461716651916,-0.00805865321308368,0.5442775964736939,0.5638075947761536,-0.016107397340238038,0.5449218034744263,0.5145591735839844,-0.02562439292669292,0.5461777925491333,0.4842948615550995,-0.031807407736778204,0.5479864597320557,0.4598265171051026,-0.035625332221388764,0.5594239473342896,0.5691066145896913,-0.0180937528610229,0.5663679361343384,0.5101620554924011,-0.026478655263781483,0.5639535903930664,0.5218496561050415,-0.02611788138747212,0.5612026572227479,0.539391040802002,-0.023980658128857562,0.5742979407310486,0.5774467349052429,-0.01921033300459378,0.5813876748085022,0.5239051342010498,-0.02375723980367176,0.5759839296340943,0.5349304676055908,-0.017643698304891542,0.5723774671554566,0.5514253973960876,-0.01198230460286136,0.5868531584739685,0.5876653671264649,-0.020360934734344423,0.5934035062789917,0.5477101802825928,-0.02091720066964624,0.5875932335853578,0.5516886472702026,-0.015136627480387639,0.5837229728698731,0.5616330146789551,-0.01011381354182954
0.5560122609138489,0.645173966884613,6.3334998579023245e-09,0.5416841983795166,0.6096215367317199,-0.0005861799123521948,0.541118860244751,0.5722796678543092,-0.00375475394539532,0.5497498750686646,0.5439149618148804,-0.006231977697461821,0.5617598176002502,0.5297470211982727,-0.00851519182324404,0.5450415849685668,0.565477478504181,-0.01633374504745002,0.545859956741333,0.5157287955284119,-0.02610738091170782,0.5472609639167786,0.48531290888786316,-0.03260133042931552,0.5492593169212342,0.4607740581035615,-0.036617717146873424,0.5602535605430603,0.5704216599464417,-0.0183001052588224,0.5669595122337342,0.5111901760101318,-0.02635227106511586,0.5645740628242493,0.5219290494918823,-0.025857837498187982,0.5621270060539246,0.5389145612716675,-0.02378022223711008,0.5750091075897217,0.5787900447845459,-0.01938851997256272,0.5821266651153565,0.5253349661827087,-0.02351471260190002,0.5765194296836853,0.5356105089187623,-0.0173261489719152,0.5729606509208679,0.5521893501281738,-0.0117501867935061,0.5872944831848145,0.5892852902412414,-0.020533635839819844,0.5940439701080322,0.5495896935462952,-0.02089570984244344,0.5880712985992432,0.5529007196426391,-0.015143940038979,0.5841319918632508,0.5627862453460694,-0.0101727975532412
0.5563555479049683,0.64623521566391,1.0113097381747592e-08,0.5425770998001098,0.6104302167892456,-0.0006371513598423548,0.542375922203064,0.5742068648338318,-0.00383178447373208,0.5516515851020813,0.548319149017334,-0.006593898218125081,0.5639534711837768,0.5357893824577332,-0.0092881672084331,0.547079348564148,0.5649371266365051,-0.01518630813807246,0.5488164663314818,0.515540337562561,-0.0248052261769771,0.5509142279624939,0.48563618063926695,-0.0315138559788465,0.5534709930419923,0.4611126720905304,-0.035850427299737864,0.5622321367263794,0.5702268362045289,-0.01731423921883102,0.5693895101547242,0.5136354684829713,-0.025366698950529024,0.5671540141105652,0.5239159464836121,-0.025433193892240483,0.5646004796028137,0.5398432493209839,-0.02391352951526636,0.5767943978309632,0.5794736981391907,-0.01866509653627866,0.5848397493362427,0.5278426885604859,-0.02289133146405212,0.5793385744094849,0.5382148861885071,-0.01712083145976062,0.5754218935966492,0.5549453616142273,-0.01194653715938326,0.5888610720634461,0.5910248756408691,-0.0201347086578607,0.5963915705680848,0.5533257842063903,-0.021042335405945738,0.5905050158500672,0.5568934679031372,-0.01577994693070644,0.5863680243492126,0.5669216394424439,-0.01114559043198818
0.5572734832763673,0.646125066280365,1.0525772609071283e-08,0.5440108060836792,0.6096169352531434,-0.0008432126138358801,0.5445877909660339,0.5738651871681214,-0.00407197615131734,0.5549232006072998,0.5499046564102172,-0.006877484451979381,0.5680068016052247,0.5392841339111328,-0.0095854731276631,0.5496747136116027,0.5644570708274841,-0.01498492825776334,0.5531406164169311,0.5152043700218202,-0.024578577652573538,0.5561734795570374,0.4854745507240295,-0.03129368759691713,0.5595851063728333,0.4609776616096497,-0.035675732046365684,0.5649633646011353,0.5707753777503968,-0.01704136095941062,0.5734855890274049,0.5158337116241456,-0.025122261792421264,0.5705941915512085,0.5265376925468446,-0.025181676074862443,0.5674964785575867,0.5426427483558656,-0.0236645739525556,0.5793624758720399,0.5808612942695618,-0.018399899825453703,0.5886051177978515,0.5307491779327393,-0.022602494060993118,0.5828991413116456,0.5401336073875428,-0.01694580614566798,0.5786579370498658,0.5563688755035401,-0.01186574958264824,0.5912232518196107,0.5927760004997253,-0.019930329173803284,0.5998120784759522,0.5561677932739258,-0.021061434224247902,0.5941572546958924,0.5576249122619629,-0.01616509295999998,0.5897872447967529,0.5659664869308472,-0.0117686109617352
0.5584327101707459,0.6456497073173523,1.3648958141487811e-08,0.5458039045333862,0.6095637679100037,-0.0013220665743574,0.5467392206192017,0.5749264478683472,-0.004659167956560821,0.5572811245918274,0.5526083111763,-0.007660685013979641,0.5703285336494446,0.5429751515388489,-0.010553272068500479,0.5527150869369507,0.5630001783370971,-0.014300806261599021,0.5574711084365845,0.5156313657760621,-0.024218969792127558,0.5614359259605408,0.4863312482833862,-0.031403023377060864,0.5655898571014405,0.4620245277881622,-0.03616677224636072,0.5678175687789917,0.5702479481697083,-0.016368610970675903,0.5776878595352173,0.5176586389541626,-0.024925813823938305,0.5748071789741516,0.5284538507461548,-0.025584259629249543,0.5712166190147401,0.544206440448761,-0.02445301041007036,0.5818004965782166,0.5814149737358094,-0.01790942475199694,0.5924383401870728,0.5334943175315857,-0.022825505957007337,0.5869587063789368,0.5425026655197144,-0.01777599789202208,0.5822031855583192,0.558427631855011,-0.0129711905494332,0.5932309865951538,0.5943751811981202,-0.019673784449696502,0.6033487439155579,0.5593267679214478,-0.021783527731895402,0.598325264453888,0.5593155264854431,-0.01762348227202886,0.5937186121940613,0.5663477778434753,-0.01361930035054678
0.5593037605285645,0.6449856162071228,1.9121152128320775e-08,0.5477188587188722,0.6083882927894593,-0.0016004875069483603,0.5494512677192689,0.5744879961013795,-0.0049870071932673005,0.5607702374458313,0.5540069341659546,-0.00816765138879414,0.5741484999656677,0.546175193786621,-0.0112670490518212,0.5559014081954956,0.5609315872192383,-0.013402401842176882,0.5621415615081788,0.5150872826576234,-0.023285589367151218,0.5672592639923096,0.4863793909549713,-0.03059262074530122,0.5722148656845093,0.4625151097774506,-0.03551585152745242,0.5707235693931579,0.5692570209503174,-0.015623065270483441,0.5821845293045044,0.5195094585418701,-0.02444527335464948,0.5797720551490784,0.5298460602760315,-0.02569043859839436,0.575731074810028,0.5448214888572693,-0.024964105337858145,0.5842145442962646,0.5818035244941712,-0.017439575493335684,0.5964944481849671,0.5364216923713685,-0.022890680655837,0.591789734363556,0.5448446989059448,-0.018468749150633762,0.5865600228309631,0.5600795984268189,-0.0139789596199989,0.5951022982597352,0.5961862206459047,-0.01950997859239574,0.6067273497581482,0.5625100016593934,-0.022372018918394982,0.6028480052947998,0.5608880400657654,-0.018823848292231504,0.5982256174087526,0.5663832306861878,-0.01515266504138702
0.5601052641868591,0.6439295053482056,2.2582266367976446e-08,0.5492623805999756,0.6074998736381532,-0.0018414994701742601,0.5512391090393067,0.5745538115501404,-0.00517390742897982,0.5628265738487244,0.5557650804519654,-0.008399257529526902,0.5761972546577454,0.5495397686958313,-0.0115647207945585,0.5585466861724854,0.558710253238678,-0.012391592748463121,0.5657317042350769,0.5140779614448547,-0.022321081906557058,0.5716677069664002,0.4858973801136017,-0.02975317426025864,0.5771911382675171,0.46259872913360595,-0.03477680087089534,0.5731145143508911,0.5677065253257751,-0.014755718968808581,0.5858127593994141,0.5202872276306153,-0.024015082046389524,0.5838169813156128,0.5310592889785767,-0.025781748443841904,0.5793523788452148,0.5460966110229493,-0.02525230236351484,0.5861099123954773,0.5813125729560852,-0.01686240322887894,0.5994259715080261,0.5383410215377809,-0.022992330044507923,0.5956442832946778,0.5464546442031861,-0.019212201982736543,0.5902183890342713,0.5609534740447999,-0.01494268439710138,0.5965088725090028,0.5969147801399232,-0.01923051476478572,0.6090895771980286,0.5645462274551392,-0.02289145067334168,0.606477677822113,0.5615231752395631,-0.0199180237948894,0.6020435929298401,0.5653787851333618,-0.01650287620723242
0.5603755474090577,0.643001115322113,1.7633823690133002e-08,0.5505981326103211,0.6056572198867799,-0.0012283481424674,0.5534730315208436,0.572811770439148,-0.00423437882564024,0.56569082736969,0.5547233343124389,-0.007155178859829841,0.5792992353439331,0.5496440887451173,-0.0099505115766078,0.5597777366638184,0.5575838923454285,-0.0120355054736137,0.5679353952407837,0.5134949445724488,-0.02204131893813608,0.5745866179466248,0.4852695524692535,-0.029460913687944384,0.5805308818817139,0.46239150166511533,-0.034386199712753265,0.5738012790679932,0.5674603819847107,-0.014603497460484442,0.5881680488586426,0.5203718185424805,-0.023912709951400702,0.5867438912391663,0.5316436052322389,-0.025628447160124742,0.5819390177726746,0.5472813725471497,-0.024967586249113022,0.5865426301956176,0.5815576672554016,-0.016867225989699343,0.6008735537528992,0.5390123486518861,-0.02303103506565088,0.5979168653488159,0.5465672254562378,-0.019312730059027623,0.5924756169319153,0.5604789018630982,-0.014980621449649302,0.5969397306442261,0.5972828149795533,-0.019316466152667962,0.6104831099510193,0.5641458630561829,-0.023039573803543982,0.6091004610061646,0.5594483971595765,-0.02021234966814514,0.6050798058509828,0.5617135167121887,-0.01684289481490846
0.5598994255065919,0.6410103797912597,1.6010370851304857e-08,0.551150643825531,0.6024755597114563,-0.0013622264610603002,0.555394959449768,0.5674456357955933,-0.00435522370389656,0.56815322637558,0.546626627445221,-0.00712119108065956,0.5816931128501892,0.5397836327552795,-0.00962599902413782,0.5594668745994569,0.555677580833435,-0.01247621476650236,0.5682922720909118,0.5122611403465271,-0.02234058268368242,0.5754334330558778,0.48403984904289243,-0.029388218373060184,0.5816389560699462,0.4612649500370026,-0.0340038530528545,0.5728833556175232,0.5665289044380188,-0.015139494091272302,0.588839340209961,0.5198379397392273,-0.024666800722479763,0.5877676367759704,0.5315215349197387,-0.026302663609385442,0.5824130892753602,0.5471697926521302,-0.02550651803612702,0.5855613231658936,0.581029224395752,-0.01746379211544988,0.6010887742042541,0.5386888027191162,-0.02410305514931672,0.598508608341217,0.5470030307769775,-0.020470602437853765,0.5926545023918153,0.5606649041175843,-0.01605281475931402,0.5961801886558533,0.5970092773437501,-0.01992989853024478,0.6105865001678468,0.5628434419631958,-0.02367108687758438,0.6098312377929688,0.5586808443069458,-0.020706402137875522,0.6058496475219727,0.5613775491714478,-0.01726552657783026
0.5593639373779298,0.6374288439750672,2.0732627215025446e-08,0.5513470053672791,0.597295379638672,-0.0012996355304494,0.55660160779953,0.5594879627227783,-0.00435712928301648,0.5701610922813416,0.5356055855751038,-0.006965098623186301,0.5839290738105773,0.5269819796085358,-0.0091914334800094,0.5577574372291565,0.5539470791816712,-0.0137677740305662,0.5672527313232423,0.5103061437606812,-0.023493225499987582,0.5748099446296693,0.4816226005554199,-0.030236335843801462,0.581042468547821,0.4585620522499084,-0.03463350459933278,0.5708416700363159,0.5658339262008667,-0.016432494483888102,0.5881556391716004,0.5189568042755127,-0.025870401412248542,0.5873075723648071,0.5304148912429809,-0.027067746594548164,0.5813617587089539,0.5457502722740173,-0.026088947802782002,0.5837300300598145,0.5803231477737427,-0.01861470043659208,0.6001750946044923,0.5369202852249145,-0.02509548440575594,0.5976980924606323,0.5457848191261292,-0.02090169899165626,0.591452705860138,0.5596428036689759,-0.01617864873260254,0.5947954177856446,0.5956315875053406,-0.020917734503745983,0.6096860766410828,0.5592529773712158,-0.024173950403928682,0.6091382145881653,0.5560835242271424,-0.02065281644463536,0.60512353181839,0.5601629734039307,-0.016942571848630864
0.558434009552002,0.633168363571167,3.253065821162693e-08,0.550847625732422,0.5921042442321778,-0.0011910671833902202,0.5568939089775086,0.5521933317184448,-0.00454175429767922,0.5706666350364685,0.5250657439231873,-0.00730423582717772,0.5841629028320312,0.5137084424495697,-0.00954585648141796,0.5552155375480652,0.551593291759491,-0.01485936939716336,0.5651289939880372,0.5081505656242371,-0.02467904575169084,0.5729260802268982,0.47888497114181516,-0.031309669464826544,0.579143762588501,0.455621474981308,-0.0355598613619804,0.5676780939102173,0.5643251776695252,-0.01758347209542986,0.5864724278450013,0.5172351360321046,-0.027392398193478523,0.5855510830879213,0.5286452770233154,-0.02827710509300226,0.5790273070335389,0.5440263986587525,-0.02701516747474664,0.5807089805603027,0.5788002371788025,-0.01968698874115942,0.59790518283844,0.534967303276062,-0.02621964737772936,0.5951701521873474,0.5441187620162964,-0.02139448560774322,0.5885318756103516,0.5579689264297486,-0.0162224413827061,0.5921754121780396,0.5934075355529785,-0.021890260651707603,0.6077313661575318,0.556099033355713,-0.02463875338435166,0.6069486021995545,0.5538299202919006,-0.02046313881874082,0.6026961326599122,0.5585878849029541,-0.016360331512987582
0.5567318081855774,0.6276142239570618,5.94757067151619e-08,0.5497300505638123,0.5863325357437135,-0.0008257702289483586,0.5566182374954224,0.5445623159408569,-0.00443501122645096,0.570528769493103,0.5144850373268128,-0.007331257034093101,0.5837646007537842,0.5008213698863984,-0.00958820185624056,0.5520066976547242,0.5480080842971802,-0.0162545911967754,0.5624459624290467,0.5043832898139954,-0.026044305413961383,0.5707162976264953,0.4748775720596313,-0.032392852753400765,0.5770195007324219,0.4521807014942169,-0.036355435848236035,0.5635204553604126,0.5616380333900451,-0.01910602729767558,0.5839410901069642,0.5142523765563966,-0.028963066637515963,0.5842486381530761,0.5232601642608643,-0.02953292615711682,0.5782171845436096,0.5372428655624389,-0.028107286244630762,0.5763653755187989,0.5762335538864136,-0.02113441452383992,0.5947408080101013,0.5323096752166748,-0.02745136134326452,0.5928811073303223,0.5400216460227967,-0.0221838995814323,0.586578369140625,0.5528815865516663,-0.016806656681001123,0.5880051970481873,0.5903351187705994,-0.023217704519629442,0.6046624541282655,0.553130829334259,-0.025588047131895962,0.6052225232124329,0.5492496371269227,-0.021211656183004364,0.6020822763442993,0.5523744821548462,-0.017025753669440723
0.5546982288360596,0.6210873365402222,9.340495221721314e-08,0.5477853775024415,0.5802100777626038,-0.0012330847041084386,0.5549687027931214,0.536837911605835,-0.005490993149578521,0.5684678196907044,0.5037093520164491,-0.00897693317383524,0.5816112041473389,0.4877922058105469,-0.011850020196288762,0.5486816883087158,0.5431709051132202,-0.01731189340353008,0.5592772483825684,0.4997464656829834,-0.027010800316929783,0.5677691221237183,0.47015082836151123,-0.032963088527321764,0.5740923047065735,0.4480007469654083,-0.03658271357417102,0.5594442248344421,0.5567975282669068,-0.020271453261375402,0.5809471964836121,0.5093121647834778,-0.030545405671000423,0.582777738571167,0.5160890877246856,-0.031166936457157058,0.5777250289916992,0.5291592836380006,-0.029670270532369564,0.5719873309135437,0.5713725686073303,-0.022342312708497,0.5912856698036194,0.5283031821250916,-0.029042359814047763,0.5909042835235596,0.5349809408187867,-0.023818126320838885,0.5855020165443421,0.5471593260765076,-0.01838700547814362,0.5834437847137453,0.5855733275413514,-0.0244713813066482,0.6005032062530519,0.5493155121803284,-0.026806893944740243,0.6024890303611756,0.5451003313064575,-0.022315324842929824,0.6005964994430543,0.5479863405227662,-0.018043575622141324
0.5527948141098022,0.6157727599143982,1.2558683479824142e-07,0.5461024522781373,0.5757565140724182,-0.0010122365614733785,0.5531814217567443,0.5327631115913392,-0.005639923084527201,0.5665764689445496,0.49998964071273805,-0.00971111226826902,0.5799854516983032,0.48475158810615543,-0.013309065252542442,0.546253001689911,0.5385752081871034,-0.016979850828647558,0.5567517161369324,0.49521086215972904,-0.026501992717385243,0.5654750466346741,0.4657760143280029,-0.03225757479667658,0.571779978275299,0.44447361230850224,-0.03571779876947398,0.5561803221702576,0.5516692876815796,-0.020275116711854904,0.5783666014671326,0.5048997402191162,-0.030750317499041502,0.5822381615638733,0.5093918085098267,-0.03171969428658478,0.5784976720809937,0.5215741395950317,-0.030405492335557886,0.5681526184082031,0.5663353085517884,-0.022643180936574882,0.5881099104881287,0.5247088551521302,-0.02948456257581706,0.5897575974464417,0.5301893949508667,-0.024556643143296204,0.5855383753776551,0.5418007612228394,-0.019309768453240318,0.5791549801826478,0.5809317111968995,-0.0250455748289823,0.5965280055999757,0.5467620372772217,-0.0275204192847013,0.6004080653190613,0.5421735882759094,-0.023226118087768543,0.6000943183898926,0.5444622874259949,-0.019051516987383322
0.5504480361938477,0.6107045650482178,1.5204270198410089e-07,0.5446537733078003,0.5712873101234437,-0.0006134085886514985,0.5521525144577026,0.5290360927581788,-0.00546342814341182,0.5652667999267579,0.4967797040939331,-0.0100099273025989,0.5786112785339356,0.481419050693512,-0.014206412062048862,0.5440991163253784,0.5326426029205322,-0.01639373265206808,0.5544731020927429,0.48952934145927435,-0.025631693005561784,0.5632506132125854,0.46064946651458744,-0.030999511480331362,0.5696222066879272,0.4404281795024872,-0.034164495766162824,0.5525218605995178,0.5452495813369751,-0.02013492509722706,0.5750522136688233,0.5004412651062011,-0.030664858594536742,0.5819220423698426,0.5020628929138183,-0.03213388621807092,0.5809485077857972,0.5127972841262818,-0.03119173198938364,0.5635015010833739,0.5602632403373718,-0.02292683161795134,0.5839451909065246,0.5213165760040284,-0.02984203845262522,0.5885611057281495,0.5235126852989197,-0.02582739442586894,0.5867712020874023,0.5326611995697023,-0.02134155258536332,0.5739675045013428,0.5756914019584656,-0.0256969336420297,0.5917071580886841,0.5450943470001222,-0.028258878365159,0.597701096534729,0.5385632634162903,-0.024590924009680742,0.5993121981620789,0.5384719610214234,-0.02094981390982862
0.5484811305999756,0.6062394380569458,1.722846292295799e-07,0.5437224507331848,0.567985737323761,8.494699668518162e-05,0.5508991956710816,0.5275112986564636,-0.00465866513550276,0.5634545922279358,0.49739489555358884,-0.009401341341435861,0.5765612244606019,0.48317855596542364,-0.013944825343787623,0.5424155235290528,0.5263150215148926,-0.01577434930950398,0.552700686454773,0.4834615767002106,-0.024760200083255725,0.5615210890769959,0.4555245995521546,-0.029918441176414443,0.5679177284240722,0.43600408434867866,-0.03298475965857502,0.5489240884780884,0.539015531539917,-0.020067588612437202,0.5712974190711976,0.4953945100307464,-0.03029507659375662,0.5814332604408264,0.4943458557128906,-0.032234594970941485,0.5837428092956543,0.5032168090343475,-0.03184640370309348,0.5586530327796936,0.5545359015464782,-0.02338783852756018,0.579694414138794,0.5168509483337402,-0.03025892004370684,0.5875898361206056,0.5160381078720093,-0.027310624346137007,0.5884957432746888,0.522834074497223,-0.02381061501801008,0.5685564160346985,0.5705512881278991,-0.026615437120199138,0.5870051503181457,0.542251193523407,-0.029457824304699863,0.5953122735023499,0.5339849591255189,-0.026626185327768306,0.5988717198371887,0.5320026636123658,-0.023709552362561177
0.5473368644714356,0.6028593420982361,1.8119735898380897e-07,0.5438530325889588,0.5651567935943603,0.0005340297706425201,0.5504701495170593,0.5264390349388123,-0.004166530817747061,0.5621975541114808,0.4980438470840455,-0.009221101459115701,0.5748105168342591,0.4839585423469544,-0.014220244251191581,0.5409503936767579,0.5205946803092957,-0.01460736840963358,0.5512038826942445,0.4781039535999298,-0.023621312528848602,0.5598299384117127,0.4506092071533203,-0.02884994149208064,0.5661713480949402,0.43088704347610474,-0.03200214728713032,0.5459375619888306,0.5333147168159484,-0.019449412822723344,0.5676262259483338,0.4906643688678741,-0.029893717542290622,0.5800372719764709,0.4883965194225311,-0.03248627036809916,0.5850978374481202,0.49628931283950806,-0.03263165354728694,0.5546919584274292,0.5490231990814209,-0.02338742874562736,0.575657320022583,0.5123136520385742,-0.03070981018245216,0.5857727050781251,0.5102896928787232,-0.028756916895508723,0.5889424800872802,0.5159759759902955,-0.02599010393023484,0.5641668677330017,0.5652156472206116,-0.027191471680998742,0.5825050354003907,0.5382381081581116,-0.030373692512512162,0.5916149854660034,0.5304640054702758,-0.028038449957966782,0.5960924029350281,0.5287940382957459,-0.02554920278489584
0.5464232206344605,0.5997712135314942,1.8780998800593812e-07,0.5441492080688477,0.5628205657005311,0.00120310684433206,0.5500431656837463,0.5258499503135682,-0.00335561302490526,0.5610679268836976,0.49930326938629155,-0.008620667364448262,0.5729022264480591,0.48494921326637275,-0.01394350919872518,0.5398191094398499,0.5159650683403015,-0.013935194537043519,0.5498505115509034,0.4728086709976197,-0.023045153543353042,0.5583191037178039,0.4458995461463928,-0.02832718640565868,0.5646066665649414,0.4261461675167084,-0.0315499477088451,0.5435891389846802,0.5285062074661255,-0.0193184725940227,0.5636591911315918,0.486246258020401,-0.029961574822664202,0.5780334353446961,0.4819934248924255,-0.03293358311057086,0.5856103062629701,0.48817234039306645,-0.03347187936305997,0.5514886975288391,0.5441455483436585,-0.02381959818303582,0.571728253364563,0.5077367484569549,-0.0314610473811626,0.5835016012191773,0.5046966791152955,-0.03004617728292938,0.5883219957351684,0.5094542324543,-0.0277296990156173,0.5605593085289001,0.5601283788681031,-0.028146112337708425,0.5784925699234009,0.5338901400566102,-0.031705593690276104,0.5879228711128235,0.525818133354187,-0.029791113734245263,0.5927840352058411,0.5237282037734986,-0.02765146605670448
0.5458426833152771,0.5963765859603882,1.920788776033078e-07,0.5459977626800537,0.5600040674209595,0.00221399336587636,0.5512554407119751,0.5248321890830994,-0.00210245845373716,0.5607112526893616,0.49992376565933233,-0.00757790217176076,0.5708719611167907,0.4846923291683198,-0.01324244625866408,0.5391621708869935,0.5103695511817932,-0.012810402549803198,0.5479897022247314,0.4666873812675476,-0.021972620859742123,0.5560118198394776,0.4401752889156342,-0.02718713209033008,0.5621912717819214,0.4204323887825012,-0.030363884940743404,0.5408305168151856,0.5227020382881165,-0.018937332555651623,0.558906614780426,0.48047394156455997,-0.029830824956297818,0.575348687171936,0.474152535200119,-0.03310685306787488,0.5856554031372071,0.47866929769515987,-0.033909440040588365,0.5471414208412171,0.538362216949463,-0.0242047023028135,0.5662611722946167,0.5020700752735139,-0.03232079111039634,0.5801908731460571,0.4972976326942444,-0.03145422749221322,0.587377953529358,0.5004678785800935,-0.029545097053050945,0.5553936123847962,0.5544309973716736,-0.029207018390297837,0.5726730346679688,0.5288770794868469,-0.03330150544643398,0.5830278038978577,0.5200518250465394,-0.03182128556072708,0.5890152215957641,0.5171091318130493,-0.03000219948589798
0.5457356810569763,0.5945269823074342,1.9528575023741729e-07,0.5476677536964416,0.5587726473808289,0.00319691020995376,0.5520982503890991,0.5250734090805054,-0.00085558090358972,0.5600294589996339,0.5014072060585022,-0.00646362574771044,0.5687767028808594,0.48600392341613774,-0.01236134152859444,0.538690483570099,0.5069430112838745,-0.0117695972323417,0.5464882254600525,0.4623528897762299,-0.020898015052080096,0.554243552684784,0.43597122430801394,-0.025931791588664002,0.5603852152824402,0.41624983549118044,-0.028927630931138947,0.5389552354812622,0.5190573334693909,-0.01852285340428348,0.5554253935813904,0.47525755763053895,-0.02960739471018308,0.5728494167327881,0.4674708783626556,-0.03287769332528112,0.5845928549766541,0.4710556626319885,-0.03357840180397032,0.5441619396209717,0.5345845937728881,-0.024399984255433042,0.562360656261444,0.4974372923374176,-0.03291255384683604,0.5774238109588623,0.4923898696899415,-0.03207479268312452,0.5858277559280395,0.4952954232692719,-0.030029108747839886,0.5517362833023072,0.5505130529403687,-0.029922232031822156,0.5683245658874512,0.524423372745514,-0.034400227665901145,0.5794155836105347,0.5150002241134644,-0.032963491976261104,0.5862314581871033,0.511541771888733,-0.0310457549989223
0.5459869503974915,0.5920852422714233,1.9264540185304218e-07,0.5503438830375672,0.5563981175422669,0.0035090833436697403,0.5545520186424255,0.5223788619041443,-0.0004575054179440625,0.5616026520729065,0.49802107214927677,-0.006223030667752,0.5694513201713562,0.4807008624076844,-0.012403175979852622,0.5386305212974549,0.503786724805832,-0.01114189289510244,0.5450901150703431,0.45867011547088626,-0.02044930122792714,0.5524260163307191,0.43211519718170166,-0.02553829401731484,0.5585333347320557,0.4124269008636475,-0.028564924001693665,0.5380072355270387,0.5155334711074829,-0.0182565443217754,0.552486002445221,0.4707814693450928,-0.029968525469303085,0.5705979585647584,0.4611873567104339,-0.033646380156278584,0.5835074067115784,0.46373417973518366,-0.03455542922019956,0.5421640038490296,0.5307445287704468,-0.024545300751924463,0.5585913062095642,0.49301326274871826,-0.03386691287159914,0.5744779348373413,0.4872965633869171,-0.03348623812198636,0.5842285394668579,0.4900628089904786,-0.03157463632524008,0.548812472820282,0.5466457962989808,-0.03042517825961108,0.5634779453277587,0.5197659134864807,-0.035708876699209184,0.5749354839324952,0.5094848036766052,-0.034772599488496744,0.5826947808265686,0.5057780146598816,-0.03312193863093848
0.5466152548789979,0.5898927211761474,1.906271990037567e-07,0.5536089897155763,0.5531305313110352,0.0034248253563418604,0.5574671626091003,0.5183335065841675,-0.0005773393455456425,0.5637810468673706,0.4932328045368195,-0.0065330810844898,0.5711687088012696,0.47422692179679876,-0.01304540485143656,0.5390771031379701,0.5003970444202424,-0.01068190988153214,0.5437671542167664,0.4555887818336487,-0.02037648335099214,0.5509187817573548,0.42872279286384585,-0.0259049214422702,0.5571811914443969,0.4091036558151246,-0.029300323873758242,0.5371235489845276,0.511699664592743,-0.018073450401425318,0.5491943359375,0.46614777445793154,-0.030398365110158886,0.5678284764289856,0.45537831783294674,-0.03476984351873394,0.5815356731414796,0.4569582283496857,-0.03618904501199718,0.5399879932403565,0.5269043922424317,-0.024748061224818162,0.5538826346397401,0.4885261356830597,-0.03487119600176804,0.5706384539604188,0.4812226235866547,-0.03532507792115208,0.5816623449325562,0.48278823494911194,-0.033989601954817726,0.5455991625785829,0.5433496713638306,-0.030999809876084264,0.5578608751296997,0.5156522870063782,-0.03724431395530698,0.5694211006164551,0.5041335880756379,-0.03712085559964174,0.5778061747550964,0.4995197176933289,-0.0360988356173038
0.5474013566970826,0.5890968084335327,1.85670165819829e-07,0.5572243690490724,0.5517515778541565,0.0032765982905402402,0.5613617539405823,0.5162243247032166,-0.0008499144594680025,0.5672733306884766,0.4905257642269134,-0.007071357220411281,0.5745111346244812,0.4698449552059174,-0.01406804844737048,0.5408664584159851,0.4969174385070801,-0.01024054344743484,0.5434198260307312,0.453272545337677,-0.02044213414192194,0.5501325726509094,0.4259929955005646,-0.02665808387100688,0.5563780426979065,0.40597716569900516,-0.030620371550321504,0.53727844953537,0.5078742146492005,-0.0180255606770515,0.5463049173355103,0.46180434823036187,-0.030872337147593465,0.5649309039115906,0.4493444561958313,-0.036312707513570755,0.5792660236358642,0.4495679080486298,-0.03859941735863682,0.5382116556167602,0.5234241843223573,-0.025203761458396843,0.5484050154685974,0.48431137204170227,-0.03592379316687578,0.5656764030456543,0.47426174879074096,-0.03766732811927792,0.5781410574913025,0.4738462269306183,-0.03738008663058276,0.5420856595039368,0.5409757256507873,-0.031958487629890384,0.550871479511261,0.5126126408576965,-0.039154512435197804,0.5626069188117981,0.49940934777259827,-0.04013232812285418,0.5722079515457154,0.49348337650299073,-0.040028097480535464
0.5482874989509583,0.5883184552192688,1.845045289883274e-07,0.5594809174537658,0.5505122423171998,0.00257023734739046,0.5632237434387207,0.5143757462501526,-0.0017623005220229826,0.5693299651145936,0.4884953677654266,-0.0082156170159578,0.5769139647483826,0.46688329577445986,-0.01561164911836382,0.5421132683753968,0.49347721934318534,-0.010338491201400702,0.5429244756698608,0.45072623491287234,-0.021291903778910583,0.5496665120124817,0.4234071969985962,-0.02845610082149498,0.5563545227050781,0.40295934677124023,-0.0331870172172784,0.5379812836647034,0.5042438685894012,-0.018311498314142183,0.5432304978370667,0.4581248939037323,-0.0318338796496391,0.5614361763000488,0.4436182081699371,-0.038653428852558104,0.5762081742286682,0.4417307078838349,-0.04210605397820468,0.537783432006836,0.5202108025550842,-0.025848117098212182,0.5433204412460328,0.4806531548500061,-0.03728122413158412,0.5603302955627442,0.46784019470214844,-0.040647829324007,0.5736151099205018,0.46532901525497433,-0.04164765961468215,0.5402206897735595,0.5388085007667542,-0.03303052745759482,0.5445772409439087,0.5099924325942993,-0.041354519873857465,0.5554162502288819,0.494732141494751,-0.043822888284921584,0.5653838992118836,0.4868780553340912,-0.044931010156869844
0.5494191288948059,0.5866851449012757,1.8113683495357696e-07,0.5620710492134094,0.5488960146903992,0.00113757647341114,0.565700113773346,0.5117185115814209,-0.0038131219818751025,0.5722566604614259,0.4854002952575684,-0.0107447005808353,0.5803624629974365,0.4620615005493164,-0.01879640780389306,0.5438039064407348,0.48905701041221616,-0.011379061639308881,0.5423400044441223,0.4465396642684937,-0.02329156883060928,0.5490476608276368,0.41919675469398504,-0.031607863679528156,0.5561525106430054,0.39842042326927185,-0.0372817009687423,0.5389669060707093,0.4997487187385559,-0.019307502359151782,0.5395382285118103,0.4530789911746979,-0.03365758694708344,0.5571325540542603,0.43666502833366394,-0.042118726670741985,0.5722588777542115,0.43249245882034304,-0.04699095189571374,0.5373468041419983,0.5162655472755433,-0.0270032469183206,0.5372689723968506,0.4756346940994262,-0.03919554501771922,0.5538050770759583,0.4599408745765685,-0.044425307214260065,0.5679190754890442,0.4551096260547638,-0.04697718098759644,0.5380728125572205,0.5360647559165954,-0.0344616904854774,0.5372256994247436,0.5067799091339111,-0.04404610544443126,0.5467515826225281,0.48905069231987,-0.048261002451181347,0.5567570686340333,0.47865934371948243,-0.05084702670574185
0.550274682044983,0.5858093619346618,1.7750587346654362e-07,0.5638758182525635,0.5480690479278565,-0.00039764611283318006,0.5674329996109009,0.510757040977478,-0.005828626221045781,0.5741324424743652,0.4840482175350189,-0.01301435194909568,0.5825393438339234,0.4594871699810028,-0.021407968923449504,0.5455812215805055,0.4851958632469177,-0.011954390816390463,0.5431314706802368,0.442706823348999,-0.024393915757536862,0.5492870092391968,0.4154669940471649,-0.03348407521843904,0.5562532901763916,0.394309651851654,-0.03984192758798592,0.5399982213974,0.49486762881278995,-0.0195843301713466,0.5366693377494812,0.4480818927288055,-0.0339615702629089,0.5523549675941468,0.4298156023025513,-0.043438677489757486,0.5669620156288147,0.4225663900375366,-0.049370142072439144,0.5369478225708008,0.5116903901100159,-0.027221587672829582,0.5319859981536865,0.47102910876274107,-0.03969217091798778,0.5467460870742797,0.4528936862945556,-0.04627305939793583,0.5606311798095703,0.4453367590904236,-0.05008091405034058,0.5361166596412659,0.5327694535255433,-0.034755118191242176,0.5310293316841126,0.5035690307617188,-0.045251023769378604,0.5384788870811463,0.4838872849941253,-0.05075364932417864,0.5475718021392822,0.47108843326568606,-0.054458665102720225
0.5507028341293335,0.584892988204956,1.6943494642873705e-07,0.5646479010581971,0.5482430815696717,-0.00154389337403698,0.5684482097625733,0.5110302329063415,-0.00730496044270686,0.5754912614822388,0.4841053783893585,-0.014617127738892979,0.5840062379837037,0.45867677330970763,-0.023194207623600943,0.5473004698753356,0.4821922898292541,-0.012605969794094502,0.5441314697265625,0.4391740977764129,-0.02520832195878026,0.5495036005973817,0.4123339056968689,-0.03457774147391314,0.5561217904090882,0.3908923327922821,-0.04123770594596856,0.5413480401039124,0.49094164371490484,-0.01995720453560346,0.5349172472953796,0.44418687820434566,-0.03417975008487698,0.5485485672950745,0.4243394911289215,-0.04420642256736751,0.5624663829803467,0.41450147032737733,-0.050796266645193065,0.5371620774269105,0.5079444408416748,-0.027468763664364782,0.5283231258392334,0.4672629356384277,-0.0399973131716251,0.5411876678466797,0.44753202795982355,-0.047433727234601916,0.5546207427978516,0.4380502879619599,-0.05206435993313783,0.5349786758422852,0.5299469113349915,-0.03496441170573232,0.5265157222747803,0.500798511505127,-0.04602774083614342,0.532085406780243,0.4798290014266967,-0.05239194929599758,0.5402637600898743,0.46538970470428465,-0.05684201568365094
0.550670039653778,0.583292043209076,1.6454929721021475e-07,0.5650225758552552,0.5472647786140442,-0.0029945480520836604,0.569128441810608,0.5105340600013732,-0.00896125277504316,0.5763449430465699,0.48307273983955384,-0.016156529635190917,0.5846902966499329,0.45694467425346375,-0.024496601894497844,0.5483332276344299,0.4787228167057037,-0.01278687007725234,0.5457083940505981,0.4357225775718689,-0.02516573071479794,0.5501796007156372,0.40932004451751713,-0.0344951398670673,0.5559844851493836,0.3875492811203003,-0.04126423373818393,0.5416564464569091,0.48660255074501046,-0.01944289803504938,0.5340641617774964,0.4407707452774048,-0.033171297237277006,0.5452805519104004,0.41960350275039676,-0.043094968050718246,0.5577774047851562,0.4066469490528107,-0.049858538061380346,0.5365059137344361,0.5035964965820312,-0.026491537317633602,0.5258017182350159,0.4632187783718109,-0.039100112020969344,0.5366587162017823,0.4424533188343048,-0.046726521849632205,0.5492151737213135,0.43081135749816896,-0.051570286601781784,0.5332602143287658,0.5261682271957397,-0.03365192711353298,0.5229379296302796,0.4974379599094391,-0.04526688233017915,0.5264952421188356,0.4755807399749756,-0.052075598388910266,0.5332935690879822,0.45923528075218206,-0.05682982355356212
0.5499264597892761,0.5817422986030579,1.5925666332350378e-07,0.5650449275970459,0.5469818353652954,-0.0043019296601414,0.5701098322868348,0.510725450515747,-0.01055751629173748,0.5779243707656861,0.48253417015075684,-0.0177071068435907,0.5867238163948059,0.455720978975296,-0.025930073112249343,0.5493077516555787,0.476228004693985,-0.013290800899267161,0.5479193210601807,0.4329790115356445,-0.025251491740345938,0.5513359308242798,0.40665024518966675,-0.03433175608515736,0.5559953808784486,0.38448840975761417,-0.04106346666812893,0.5415370225906372,0.48304111361503604,-0.01924161352217192,0.5339245319366456,0.43785197734832765,-0.03219570033252236,0.542712926864624,0.41522416472435003,-0.04164501950144763,0.5535685658454895,0.399485319852829,-0.048339698463678325,0.5352442741394043,0.4998219311237335,-0.025755170732736563,0.5241555929183961,0.4593358993530274,-0.0380504705011844,0.5327718973159791,0.43740633726119993,-0.04551462605595582,0.5439723610877991,0.42346881628036503,-0.05042893588542932,0.5310515403747559,0.5227651119232178,-0.0324904721230268,0.5200396180152893,0.49393621683120725,-0.044287359714507986,0.521623158454895,0.4716466009616852,-0.05113945081830022,0.5267028331756591,0.45416059494018557,-0.055944132059812496
0.5479406833648682,0.5813590526580812,1.553636138851289e-07,0.5644969463348389,0.5471974015235902,-0.004576452355831781,0.5703894972801209,0.5120972633361817,-0.01055451743304722,0.5787160277366639,0.4831536054611206,-0.01727087497711178,0.5878451228141786,0.45668662786483766,-0.025017831102013544,0.5500560402870178,0.47511765956878665,-0.012951084598898861,0.5506828904151917,0.43192266821861264,-0.024124328419566143,0.5529874682426452,0.40550432205200193,-0.03262854143977162,0.5564564943313599,0.3826128840446472,-0.03911879360675806,0.541210162639618,0.480372154712677,-0.01849924772977824,0.5346681833267212,0.4361888527870178,-0.030644834414124467,0.5406919002532959,0.4114448666572571,-0.039600832760333965,0.5496049404144288,0.3923905909061432,-0.04618621170520781,0.5338835239410401,0.4967210292816162,-0.024615765735506983,0.5235623359680176,0.45658640861511235,-0.036526327580213486,0.5296113252639771,0.43327913284301756,-0.043668679893016746,0.538953197002411,0.4166771709918976,-0.048499900102615304,0.5288925766944885,0.520060920715332,-0.03095472194254394,0.5179628252983094,0.4907615602016449,-0.042786641418933805,0.5175475835800171,0.4685701310634613,-0.0493907772004604,0.5205881237983704,0.45044293999671936,-0.053979144990444136
0.5452461123466492,0.5819345831871033,1.4894345667926248e-07,0.5634339690208435,0.5481058716773988,-0.00403928172308944,0.5701460599899293,0.5138454318046569,-0.009549935162067341,0.5793125748634339,0.4842611134052277,-0.01573779750615354,0.5889796733856202,0.45848313570022586,-0.022879599407315203,0.5504754304885864,0.47535864710807807,-0.01270125582814214,0.5522457957267761,0.4315751552581787,-0.0232397075742483,0.5540525197982789,0.40468989610672,-0.031182383373379682,0.5569448590278625,0.3810067236423493,-0.03736361414194102,0.5407811403274536,0.4794125735759735,-0.018133324757218322,0.5352120161056518,0.4352960109710694,-0.03015995547175404,0.5392861247062684,0.4085816562175751,-0.03898220062255854,0.5465894699096681,0.38692345023155217,-0.04555396363139151,0.5325892686843873,0.4950568020343781,-0.023936124145984623,0.5230884671211243,0.45458701252937317,-0.03566560000181192,0.5273415565490722,0.4296606957912445,-0.042355578392744,0.5353273868560792,0.41080607771873473,-0.04688808843493457,0.5271439552307129,0.5183464765548706,-0.029864540323615022,0.5161232709884644,0.4877457857131958,-0.041445713490247664,0.5144256591796876,0.4653291881084442,-0.047469782084226565,0.5159369707107544,0.44628143906593326,-0.0515921033918857
0.5430343627929688,0.5815436005592347,1.506757200786524e-07,0.562257957458496,0.5485275626182556,-0.0044699631398543,0.5701814889907837,0.5152724981307983,-0.0098517753183841,0.5799670219421387,0.48517121672630314,-0.01568782161921258,0.5901314616203309,0.4600264966487885,-0.022307712957262943,0.5508696556091309,0.47496189475059514,-0.012564899399876562,0.5538986206054688,0.430850088596344,-0.02246273234486578,0.5553666830062867,0.4037365734577179,-0.029756161943078,0.5578086376190186,0.37941198945045473,-0.03548958525061602,0.5399897933006287,0.47760438919067383,-0.01740701533854004,0.5355300664901733,0.43340008258819585,-0.029096233472228023,0.5377567052841188,0.4046617865562439,-0.03752588480710978,0.5433838248252869,0.380746328830719,-0.043823227286338785,0.5308119773864747,0.4923016607761383,-0.0225790165364742,0.5222175240516662,0.4515992879867554,-0.033961802721023504,0.5248709201812745,0.42501300573349,-0.04012596756219858,0.5314058423042298,0.4036772906780243,-0.04426397234201426,0.5245830416679382,0.5152890443801881,-0.02790040224790568,0.5134072065353393,0.4840700805187226,-0.039180737733840884,0.5105477094650269,0.4615343511104584,-0.04464994370937342,0.5106753468513489,0.4414270043373108,-0.04824982509016984
0.5414619326591492,0.5812747120857239,1.5610657726483624e-07,0.5612248420715332,0.5495681881904602,-0.005018491460941661,0.5700747489929199,0.5167732119560242,-0.01057256851345294,0.5803624629974365,0.4865131318569183,-0.016412950493395282,0.5909260869026184,0.4616280376911163,-0.022976503893732982,0.5509423851966858,0.4753574430942536,-0.013231427222490263,0.5547233581542969,0.43050985932350155,-0.02304619662463662,0.5564182281494141,0.4030780673027039,-0.030137843266129442,0.5589800357818604,0.3784746646881104,-0.03565248847007746,0.5392596364021301,0.47714714407920833,-0.0176457572728395,0.5352592945098877,0.4321817278861999,-0.029193712398409802,0.5364305734634399,0.40185813307762147,-0.037506330758333165,0.5408663749694824,0.37634811997413636,-0.04369607791304586,0.529446005821228,0.49108617901802065,-0.02236270904541012,0.5213353514671326,0.45002681016921997,-0.03339834734797472,0.5227895975112915,0.42177834510803225,-0.0394496046006679,0.5279937386512756,0.39829463362693784,-0.0435365460813045,0.5227420091629029,0.5136101484298706,-0.02726067006587978,0.5115220665931701,0.48180437684059146,-0.038140080124139726,0.5076525330543519,0.45880046486854553,-0.0432871781289577,0.5064303159713746,0.43781288862228396,-0.04662128984928124
0.5369315266609193,0.5850560665130615,1.5892477165380117e-07,0.5514517903327942,0.5505395412445069,-0.0037691535195335402,0.5580921173095703,0.514485216140747,-0.0092649515718221,0.56731698513031,0.48167052268981936,-0.01513991057872766,0.5765783786773682,0.45573081970214846,-0.021580148115754084,0.5390043616294861,0.48351917266845706,-0.013831451535224859,0.5416411519050598,0.43829273581504824,-0.023483439162373502,0.5427468717098236,0.41015318036079407,-0.030141619965434022,0.544570529460907,0.385595566034317,-0.03519759997725482,0.5306673586368561,0.4874776005744934,-0.018557460978627163,0.5304455518722534,0.43990088701248176,-0.030108978971838903,0.5337882041931152,0.4108748435974121,-0.03744786679744714,0.5387329816818238,0.3885392308235169,-0.042731612175703024,0.5249118208885193,0.5009531617164612,-0.0232675556093454,0.5215463519096375,0.4571070075035095,-0.033792398124933204,0.524472439289093,0.4308215200901032,-0.03813966438174242,0.5293047785758972,0.41126385927200315,-0.04085477292537685,0.5221670150756836,0.5207078099250795,-0.02807604484260078,0.5154268145561218,0.48524616956710814,-0.03744182735681528,0.5132220625877381,0.4636160314083099,-0.040794450044631905,0.5122332453727723,0.445778226852417,-0.042799610644578864
0.5333978295326233,0.5885258793830872,1.625454387976788e-07,0.541915488243103,0.5513892769813538,-0.0028263745596632402,0.5461968302726746,0.511825454235077,-0.0084181616082787,0.5541892170906066,0.476734584569931,-0.01446885596960776,0.5620972156524658,0.44950439333915715,-0.020888347551226583,0.5268487453460694,0.49127642512321473,-0.01433250028640026,0.5280954241752625,0.4460286498069763,-0.02398371063172812,0.5287330985069275,0.41732906103134154,-0.030331481620669322,0.5298892974853516,0.3930522263050079,-0.034958579391241036,0.5219997286796569,0.49778038263320923,-0.01930017955601212,0.5253663778305053,0.44773085117340095,-0.030737349763512556,0.5314081311225891,0.4205184459686279,-0.03685906454920762,0.5372458219528198,0.4020644903182984,-0.04102353230118749,0.5204851508140564,0.5108783543109894,-0.02406466640532014,0.5216713786125183,0.4644140601158142,-0.0341040603816509,0.526608145236969,0.44042268395423895,-0.03666679784655566,0.5315622568130492,0.4253843665122986,-0.03789873644709583,0.5218252182006836,0.5276830673217774,-0.02890659160912032,0.5195673465728761,0.4889531910419464,-0.03677319213747972,0.5194690823554993,0.4685781717300415,-0.03836669400334352,0.5193629264831543,0.453999924659729,-0.039044123142957604
0.5307863116264343,0.5908848285675049,1.7007569113047795e-07,0.5327009797096253,0.551654827594757,-0.00233092885464432,0.5343727111816406,0.5089084506034851,-0.008245847374200782,0.5404305338859559,0.4721104741096496,-0.01467688065022224,0.5464292407035828,0.4434893846511841,-0.021339590102434122,0.5148471713066102,0.4984404563903809,-0.0154164815321564,0.514410549402237,0.45380028486251833,-0.02530569769442076,0.5144559860229493,0.42471112012863155,-0.0314691081643104,0.5148091435432434,0.4009065806865692,-0.035699595510959595,0.5134827792644501,0.5079128265380859,-0.020576777309179263,0.5200916767120362,0.45561386346817023,-0.03166555464267726,0.528920066356659,0.4309130847454071,-0.03620618432760232,0.5357015490531922,0.4176276683807374,-0.03891816139221188,0.5165008544921876,0.5210955381393433,-0.0254577916115522,0.5218257069587707,0.47155922651290894,-0.0349551826715469,0.5291054844856262,0.4502231538295747,-0.03561415225267406,0.5343040823936462,0.4403012752532959,-0.03523112945258612,0.521932053565979,0.5352826595306397,-0.03046282194554802,0.524103593826294,0.49381314516067504,-0.03722167164087291,0.5262815356254578,0.47400276660919194,-0.037347067892551364,0.5274025917053222,0.4622747421264648,-0.036764747649431134
0.5276291370391846,0.5944562435150147,1.6762923564783706e-07,0.5232649683952332,0.5528555870056152,-0.0007410431047902,0.5218436121940613,0.5067090749740601,-0.006620249990373821,0.5261496305465698,0.4680476307868957,-0.013259838148951479,0.5303653001785278,0.43807727694511417,-0.02010378353297706,0.5029169023036957,0.5062142372131349,-0.01642493288964028,0.5004989087581635,0.46215600967407233,-0.02666860297322268,0.49977189898490904,0.43233113884925845,-0.032797434180974916,0.4990612864494324,0.40899214148521423,-0.03677178025245664,0.505496221780777,0.5188993811607361,-0.02233505360782142,0.5153311848640443,0.4639753639698029,-0.03336843810975546,0.5269163250923157,0.442356413602829,-0.03647114709019654,0.5343976020812988,0.43475515246391294,-0.03782196566462513,0.5133789420127869,0.5324557900428772,-0.027726062759757,0.522554588317871,0.47942073941230773,-0.036978502571582764,0.532137131690979,0.4607906520366669,-0.03568059429526326,0.5374486684799195,0.456728732585907,-0.03358536697924132,0.5233332395553589,0.5442715883255005,-0.03313777744770046,0.5298293352127076,0.49896520972251895,-0.03885862231254572,0.5341333746910095,0.4796874284744263,-0.03730714395642274,0.5360954523086547,0.4715814650058746,-0.035333877801895064
0.524590563774109,0.597863745689392,1.6021785427255965e-07,0.5137293696403503,0.5536202669143677,0.0014125376241280801,0.5089144825935364,0.5047361612319946,-0.004155325889587381,0.5113646864891053,0.46413595080375675,-0.010725451819598619,0.5142802476882935,0.4334995210170746,-0.017410069331526723,0.4910352826118469,0.5140235185623169,-0.01701503358781334,0.48638543486595154,0.4705447733402252,-0.027286466956138563,0.4847278118133545,0.44017969965934756,-0.033212644606828656,0.4830083131790161,0.4173695087432861,-0.03689155206084248,0.49768886566162107,0.5299410820007324,-0.023743088170886002,0.5108733534812928,0.4723125994205475,-0.0348020583391189,0.5250489473342895,0.4543099164962769,-0.03667674213647836,0.533259403705597,0.45281984806060793,-0.03686029836535448,0.5105886816978455,0.5438064575195313,-0.02956365682184692,0.523700213432312,0.48743236660957334,-0.03842440322041508,0.5354954838752747,0.4720003068447113,-0.035137222707271536,0.5409340739250184,0.4741426229476929,-0.03138961978256696,0.5251589298248291,0.5532219409942627,-0.03523807078599926,0.5360259890556336,0.5038606882095338,-0.039684518426656684,0.5425620436668397,0.4858910143375397,-0.036313533037900844,0.5453894972801209,0.48184248805046076,-0.032923759892582824
0.5246135711669923,0.5979337573051453,1.5257072334406986e-07,0.5129837989807129,0.5546162605285645,0.00187302960548542,0.5078963398933412,0.5064076066017151,-0.0035376549232750804,0.5100561618804932,0.46612132787704474,-0.00998304337263102,0.5133812904357911,0.4362226903438568,-0.016543431766331163,0.49142428040504454,0.514408278465271,-0.016999006643891302,0.4864113092422485,0.4714554011821747,-0.027283769845962483,0.4846029818058014,0.4410509884357452,-0.033273741602897616,0.48262939453125,0.4184721291065216,-0.03694698512554164,0.49824900627136226,0.5304759979248047,-0.023840598389506303,0.5114859938621521,0.4717658281326294,-0.03480019643902772,0.5252553224563599,0.45583286285400393,-0.03638863712549204,0.5324320912361146,0.4565514922142029,-0.03623141571879382,0.5116466879844667,0.5442595839500428,-0.029682777449488603,0.5241374611854553,0.48694844841957097,-0.038446711003780325,0.5358269572257996,0.47247248291969307,-0.03468398377299306,0.5405893683433532,0.47607251405715945,-0.030473888665437644,0.526403284072876,0.5534444093704224,-0.03532061427831647,0.5370123982429506,0.5030971646308899,-0.03958363756537433,0.5434319138526917,0.48495500683784487,-0.035734525322914046,0.5458523750305176,0.48134858012199394,-0.03190026581287378
0.5250877976417543,0.5978122591972351,1.476029353852937e-07,0.5124774336814881,0.556092655658722,0.00223131228703998,0.5071828961372375,0.5091170072555542,-0.00307266758754846,0.5092436194419862,0.469402152299881,-0.009385330416262098,0.5129530429840089,0.4405785501003265,-0.01576089225709434,0.49214551448822025,0.515299129486084,-0.01733865588903424,0.4867116987705231,0.4727962136268616,-0.027760818973183603,0.48471109867095946,0.44225021600723263,-0.033966822922229745,0.48246005177497864,0.4198756992816925,-0.037718549370765644,0.4991679489612579,0.5315311431884766,-0.02419707365334028,0.5122448921203614,0.471846067905426,-0.03509770631790154,0.5252568602561951,0.4573334097862244,-0.03650886863470072,0.531370747089386,0.4597565233707428,-0.036107032746076545,0.513119924068451,0.5450626850128174,-0.029943768307566603,0.5248426795005798,0.4867376685142517,-0.03853717297315592,0.5361478090286256,0.47304229140281684,-0.034305039793252924,0.5400784134864807,0.47806884050369264,-0.029664768651127764,0.5280827403068543,0.5535519361495972,-0.03544518277049061,0.5384772419929504,0.5019941926002502,-0.03944873884320255,0.5446017384529114,0.4840415060520172,-0.03508308827877038,0.5464777231216431,0.48116113543510436,-0.0307738002389669
0.5255691885948182,0.5979420661926269,1.4415231532893816e-07,0.5120000243186951,0.5577798128128052,0.00245260226074598,0.5066320538520813,0.5115817427635193,-0.0028262042906135,0.5089267015457154,0.47200835943222047,-0.00907954014837736,0.5133798837661743,0.44413014054298394,-0.01533552464097734,0.49275942444801335,0.5162325143814087,-0.017505136877298343,0.4871106326580048,0.4739449322223664,-0.02798682451248166,0.48506468534469604,0.44321030378341675,-0.03438632041215894,0.48263407945632936,0.4209970653057098,-0.03825318217277522,0.5000748038291931,0.5324039578437806,-0.024356196448206843,0.5131794452667237,0.4717167973518371,-0.035214577615261,0.5256944894790649,0.4582399845123291,-0.03658073619008058,0.5309341669082641,0.4617483317852021,-0.03612146377563472,0.5144761800765991,0.5454666972160339,-0.0300163738429546,0.5257189512252808,0.486392629146576,-0.0384465560317039,0.5366495490074158,0.47351017594337463,-0.03397514745593068,0.539746367931366,0.47970798015594485,-0.02915670238435264,0.5295732498168946,0.5530805587768555,-0.03540392816066736,0.5397456169128418,0.5004961967468262,-0.039024851471185645,0.5455520987510681,0.4835181653499604,-0.034198068827390626,0.5468248844146728,0.4820983350276947,-0.029580195993185024
0.5261059284210206,0.5977999091148376,1.4219367017176412e-07,0.5119504094123841,0.5587925910949707,0.0024227967252954,0.5065441489219665,0.513029932975769,-0.0028457989916205,0.5090556383132935,0.4733825504779816,-0.00900954660028212,0.5141134977340698,0.44613316059112545,-0.015099753253161862,0.4934906005859375,0.5173604965209961,-0.01749977581202982,0.48785960078239443,0.47498008012771614,-0.02781645692884918,0.48587493300437923,0.44417868852615355,-0.03425357490777966,0.48355496525764463,0.4219138443470001,-0.038185351341962784,0.5011295676231384,0.5332599520683289,-0.024190099909901563,0.5142041087150575,0.47206935882568357,-0.03488589599728576,0.5260525345802307,0.4594676733016968,-0.03630596399307246,0.5306011319160462,0.4633350074291229,-0.035971741378307304,0.5157655715942383,0.5457113027572631,-0.02964104898273942,0.5267576813697815,0.486385315656662,-0.037822276353836,0.5370084047317505,0.47470038533210757,-0.03331402540206906,0.5393922567367554,0.4816818356513977,-0.028568261489272082,0.5308386802673339,0.5525460481643677,-0.034821994602680144,0.5408727169036865,0.4993701934814453,-0.0380863048136234,0.5463855624198913,0.4833862125873566,-0.03303935080766674,0.5473126530647278,0.48285940289497375,-0.02836741283535954
0.5269473433494568,0.5975796937942506,1.415751199829174e-07,0.512482225894928,0.5596670031547546,0.0020670986152253198,0.5070339322090149,0.5136508345603944,-0.00331433825194832,0.5098079681396486,0.47372213602066043,-0.009455424174666341,0.5151988506317139,0.4467373251914978,-0.0154631378129124,0.49474118351936347,0.5187114596366883,-0.01795886568725106,0.4890531063079834,0.4758114516735077,-0.028264586254954302,0.48705725073814393,0.4447761535644531,-0.03469842299818988,0.48484351634979245,0.42240455746650696,-0.0386335305869579,0.5028044760227204,0.5341679930686951,-0.024413430690765323,0.5155317425727844,0.4723139047622681,-0.035159704834222726,0.5266494035720826,0.46071510910987856,-0.03652479052543634,0.5306476593017578,0.46516527533531193,-0.0361733071506023,0.517592191696167,0.5461087942123414,-0.02961871214210984,0.528108012676239,0.48630929589271543,-0.03775270357727998,0.5375379800796509,0.4761161386966705,-0.03304031416773794,0.5393023490905762,0.4839096486568451,-0.02818276323378084,0.5326580286026001,0.5524375081062317,-0.034586177021264965,0.5423374056816102,0.49840189814567565,-0.03770024776458736,0.5473785758018495,0.4832198083400726,-0.03243559598922726,0.5479129433631897,0.4833720982074738,-0.02766318805515762
0.5276730537414551,0.5970605373382568,1.4054760129056378e-07,0.5129321575164795,0.5598826885223388,0.00158883262192822,0.507624351978302,0.5135922074317932,-0.0038868466857820403,0.5106565713882446,0.4734959185123444,-0.0099424542859196,0.5163095355033875,0.44671053290367124,-0.01578176729381078,0.49627290964126586,0.5199110984802247,-0.01853938400745388,0.4905021369457244,0.4764770209789276,-0.02887413054704662,0.48855365514755256,0.44529183506965636,-0.03529854714870448,0.48650653362274165,0.42281863093376165,-0.03922275900840756,0.504867148399353,0.5346445202827455,-0.024643871560692723,0.5170252203941346,0.47272630929946896,-0.03540171608328812,0.5272600173950195,0.4619089841842652,-0.03663098812103266,0.5307430505752564,0.4668529331684113,-0.036228954792022657,0.519727885723114,0.5460297346115113,-0.029521078988909683,0.529797637462616,0.4863540768623352,-0.03757275938987726,0.5382517457008362,0.4778609931468964,-0.03270636424422262,0.5394640326499939,0.48640797734260566,-0.02779101133346554,0.5347980737686158,0.5519665718078615,-0.03419866859912866,0.5441276669502259,0.4974743127822876,-0.03709763213992116,0.5485911011695862,0.4841938018798828,-0.03165986128151414,0.5487608194351197,0.48585613369941716,-0.026849466189742037
0.5284891963005066,0.5964247822761536,1.33959804315964e-07,0.5136831164360047,0.5596161127090454,0.00105702726868906,0.508480441570282,0.5127170205116272,-0.00434903465211388,0.51160808801651,0.47229532599449164,-0.01014218684285874,0.5174315690994262,0.44543443322181697,-0.01563541367650026,0.4980758368968964,0.5205289483070373,-0.018931476771831462,0.49221785068511964,0.47687754631042484,-0.02939376719295974,0.49044739007949834,0.44564687609672543,-0.03584285005927082,0.4886700928211212,0.4229647278785706,-0.03975690230727192,0.5070813655853272,0.5346676349639893,-0.024718841165304123,0.5189396977424622,0.4724226534366608,-0.03565007448196404,0.5285245895385742,0.4638294041156769,-0.036742693185806224,0.531352996826172,0.47055451869964604,-0.036162485182285264,0.5218979954719544,0.5458157420158387,-0.02935141921043392,0.5317407250404358,0.4864341378211975,-0.03761609271168702,0.5393624782562256,0.48071035742759705,-0.032681845128536204,0.5398109316825868,0.4907035052776337,-0.02762509174644944,0.536924397945404,0.5519679546356202,-0.03381512463092798,0.5460295796394348,0.4973886966705322,-0.03669232726097104,0.5500421643257141,0.48610193133354185,-0.03114149495959278,0.5497529149055481,0.4896158874034882,-0.026276609674096063
0.529457950592041,0.5959202647209167,1.2832998379508355e-07,0.5146915316581726,0.559619164466858,0.00048075328813862006,0.5096796512603761,0.5119201183319092,-0.004998661065474121,0.5129755735397339,0.47110267281532286,-0.01062897928059096,0.5193308949470521,0.4443595588207245,-0.01589595284312958,0.5004419445991516,0.5217647671699523,-0.019715496152639324,0.49457021355628966,0.4777434587478638,-0.030332294106483405,0.4929669201374054,0.44640312194824217,-0.03672988340258594,0.49152184724807746,0.42358146309852607,-0.04056774824857708,0.5099493503570557,0.5350404143333436,-0.02512087337672706,0.5214194774627685,0.47234475016593935,-0.03618693575263016,0.530269205570221,0.4659631848335266,-0.036956484615802726,0.5324186682701111,0.4744798481464386,-0.036095406115055045,0.5246580719947814,0.5457785964012146,-0.02942006960511204,0.534308910369873,0.4866802453994751,-0.03781762793660158,0.5410339117050171,0.4838609576225281,-0.03265242204070089,0.540832805633545,0.49524416327476506,-0.02737307213246818,0.5396182417869568,0.5521584749221802,-0.03357744440436358,0.5483999609947204,0.49737260341644285,-0.03633984848856922,0.551934027671814,0.48800937533378597,-0.03059801384806628,0.5512829422950745,0.49306622147560125,-0.0256588134914636
0.530950665473938,0.5948675155639649,1.212970062169916e-07,0.5159533858299257,0.5597106575965882,-0.00010649232426659998,0.5110442042350769,0.5118622303009033,-0.0056192740797996205,0.5145649909973145,0.47107261419296265,-0.0110029006376862,0.5215348601341248,0.4446443259716034,-0.01597221475094552,0.503411078453064,0.5232125997543335,-0.020451323688030182,0.49749278426170346,0.4790639758110046,-0.03121580369770522,0.4959677040576935,0.4474741578102112,-0.0375999622046947,0.49470919966697696,0.42452337145805363,-0.04138831645250316,0.5137162446975708,0.5350731611251831,-0.025333290919661484,0.5242456793785095,0.4724475264549255,-0.036458738148212363,0.5321592807769775,0.4681497514247895,-0.03692423254251474,0.5336465716362,0.4786869823932648,-0.035732404887676206,0.5284242033958435,0.5450684547424317,-0.02913593575358386,0.5373020768165588,0.4866195261478425,-0.0374622412025928,0.5430254340171814,0.48615236282348634,-0.03198385052382942,0.542360532283783,0.49885074496269227,-0.02639617584645744,0.5432632446289063,0.5515133023262024,-0.03283019252121444,0.5512516021728515,0.49714411497116084,-0.035529436916112864,0.5542322397232056,0.48887798190116877,-0.02972573488950724,0.5533684730529785,0.49453629255294806,-0.024711108580231622
0.5318716645240784,0.5942924737930297,1.154218693955045e-07,0.5169072031974793,0.5596989393234253,-0.0005330304848030201,0.5122034072875976,0.5119765162467957,-0.00599961709231134,0.5159781455993653,0.47137458324432374,-0.011138108000159202,0.5233838796615601,0.44524212479591374,-0.01582771856337782,0.5057587027549744,0.5243719696998597,-0.02068693339824672,0.4999204993247986,0.4803731143474579,-0.03153243549168106,0.4985183000564575,0.44861283898353577,-0.03793032541871066,0.49744241237640385,0.4255149900913239,-0.0416900016367435,0.5166982889175415,0.5349647998809814,-0.025136502459645244,0.5265394568443298,0.4727506399154663,-0.03621051087975494,0.5337085843086242,0.4699959039688111,-0.03646772056818002,0.5346671223640442,0.48210263848304746,-0.03502682745456692,0.5313701033592224,0.5443229913711548,-0.02855088897049422,0.5396679282188416,0.48675889372825626,-0.03683485984802242,0.5446230530738831,0.4878911197185516,-0.03124353960156436,0.5436244487762452,0.5016079783439636,-0.02547183744609352,0.5460658669471741,0.5508657932281494,-0.03187288716435428,0.5534359097480773,0.497210294008255,-0.034571611881256084,0.5560484051704406,0.4896836400032043,-0.028813381493091542,0.5551094889640809,0.4957450151443482,-0.02378084845840928
0.5337918877601624,0.5932764172554017,1.0743785310296517e-07,0.5187525868415832,0.5597217798233033,-0.0010747138177975802,0.5140357375144959,0.5124785661697389,-0.00652538780122992,0.5178035616874695,0.47222831845283514,-0.01149362362921232,0.5257517337799072,0.4461021006107331,-0.01599691789597268,0.5086252331733704,0.5258282899856568,-0.020645560324192007,0.5028577327728272,0.4823095262050629,-0.031496306508779486,0.5013828456401825,0.4503917396068573,-0.03782787248492236,0.5004295825958253,0.42719080448150637,-0.04154063686728474,0.5200051069259644,0.53531893491745,-0.024678203836083382,0.5292946696281433,0.4731047868728638,-0.03598733469843858,0.5355822205543518,0.47218903303146365,-0.0363422699272632,0.5359599351882935,0.48597682714462276,-0.03475448712706562,0.5346461057662963,0.5438610792160035,-0.02772471085190768,0.5426107525825501,0.4865287303924561,-0.036171928048133795,0.5467176079750061,0.4895515084266663,-0.030652809888124424,0.5453210473060608,0.5045974254608154,-0.02474911324679848,0.5491246461868287,0.5502320647239685,-0.030704075098037662,0.5561157464981079,0.49744468927383423,-0.0336396627128124,0.5581666946411132,0.49104412198066716,-0.028141597285866703,0.5569412589073182,0.4979273915290833,-0.023185951262712463
0.5359849452972413,0.5933226823806763,1.0307248317076302e-07,0.5207568645477295,0.5606933474540711,-0.0014594948617741201,0.5161914229393005,0.5135522365570069,-0.007005978282541001,0.5200229287147522,0.4734605669975281,-0.011922453902661742,0.5288182258605957,0.4477929830551148,-0.01642081737518306,0.511838698387146,0.5274732708930969,-0.02081897296011444,0.5062586307525635,0.4838721454143524,-0.0314377978444099,0.5047838151454926,0.4517134606838227,-0.0375036090612411,0.504026460647583,0.42870099544525153,-0.04103387519717212,0.523913836479187,0.5356188297271728,-0.02441339679062364,0.53260498046875,0.4740394234657288,-0.035535417497158,0.5379673719406128,0.47371395230293273,-0.03577577397227282,0.5378283977508544,0.4881183683872222,-0.03405833095312115,0.5386140704154968,0.5431930661201477,-0.02700403481721872,0.5461591005325317,0.48667297363281253,-0.03522207438945767,0.5493433594703675,0.49058165550231936,-0.029741955175995784,0.5478411674499511,0.5061603426933289,-0.02384644970297808,0.5529514312744142,0.5492927312850953,-0.0295237679034471,0.5591301441192628,0.4975094497203827,-0.03243144452571867,0.5605501890182495,0.4921868503093719,-0.027100984379649123,0.5593059062957764,0.4996321201324463,-0.02222977466881272
0.5387492775917053,0.5935799241065979,8.815179910470763e-08,0.5233617424964905,0.5617323994636536,-0.0018271797802299,0.519155216217041,0.5147242069244384,-0.0071057353168725605,0.5231138944625855,0.4748378217220306,-0.011631615459918922,0.5324689149856567,0.44972331523895265,-0.01576610989868636,0.5156346678733825,0.5287488341331482,-0.020153298228979082,0.5103843927383424,0.4851137459278107,-0.030346744880080184,0.508983588218689,0.45276016592979434,-0.03607247769832606,0.5083646059036255,0.4297509253025055,-0.0393988281488418,0.5284217119216919,0.5355987548828125,-0.023293142020702325,0.5365735650062561,0.4750547409057617,-0.03426431566476818,0.5409146189689636,0.4765796005725861,-0.0345334261655807,0.540082061290741,0.49235163927078246,-0.03267216868698593,0.5433004379272461,0.5422487020492553,-0.02546990476548666,0.550186586380005,0.4870356559753418,-0.033505638316273643,0.5524357318878174,0.49221463203430177,-0.028256181627511943,0.5507205128669739,0.5084740519523621,-0.022422334551811182,0.5575191497802734,0.5480123043060303,-0.0275837983936071,0.5629387855529786,0.4976851880550385,-0.030600189417600603,0.5636825919151306,0.49384918808937067,-0.02564512118697162,0.5622575283050537,0.502337646484375,-0.02095471918582914
0.5419720649719237,0.5946665406227112,7.529706209652433e-08,0.5266314625740052,0.5629461288452149,-0.00204923483543094,0.5231833577156066,0.5161846876144409,-0.007191745843738281,0.5273925065994263,0.4765446782112121,-0.011576152965426401,0.5373370766639709,0.452645343542099,-0.0156134301796555,0.5200295329093934,0.5294993877410888,-0.0195275671780109,0.5152126669883728,0.4857588648796082,-0.029218778759241067,0.5140457153320312,0.453585559129715,-0.034540658816695165,0.5136170029640198,0.43071837425231935,-0.037651065737009,0.5328886389732361,0.5355705976486206,-0.02245987392961974,0.5410932540893555,0.47666730284690856,-0.033147416636347744,0.5446998953819275,0.4794890820980072,-0.03345310613512988,0.5431713461875916,0.4958133220672607,-0.03159056492149824,0.547817587852478,0.5418400287628173,-0.0244463194161653,0.5549705982208253,0.48806008100509646,-0.03226800113916392,0.5564841389656068,0.49470168352127075,-0.02726297825574872,0.5542470335960389,0.5116746783256532,-0.0216227281838655,0.5620848774909974,0.5476853489875794,-0.02637681290507312,0.5673665285110474,0.49904331564903265,-0.029329972714185682,0.5674594044685364,0.498011189699173,-0.024520837143063506,0.5655903816223145,0.5087898552417756,-0.01994542218744752
0.546126401424408,0.5968278169631958,6.304237700760496e-08,0.5313758492469788,0.5648649573326111,-0.00199849250493566,0.5290593028068542,0.5188540101051331,-0.006921525206416821,0.5334386110305785,0.4799094915390015,-0.01116523388773198,0.5436084747314454,0.4568627834320068,-0.01510994229465718,0.5260425925254822,0.5300199389457703,-0.01848886087536806,0.5217370629310608,0.48652129173278813,-0.027940566465258544,0.5210668802261353,0.4547334134578705,-0.03312272951006884,0.520894467830658,0.4322373390197754,-0.0361495658755302,0.5387176394462586,0.5354583501815796,-0.021362987533211662,0.5473270654678344,0.4791494429111481,-0.03170427307486532,0.5503874063491823,0.48382154703140257,-0.031923341006040544,0.5480255961418152,0.5004524111747741,-0.02999140731990332,0.5534721374511719,0.5421700000762939,-0.02335565499961372,0.5612117171287537,0.49119637012481693,-0.03098253831267352,0.562177836894989,0.49977122545242303,-0.026030578836798643,0.5592449903488159,0.5169993877410889,-0.02048213630914682,0.5675748825073242,0.5492711067199707,-0.02528008632361884,0.5734436631202697,0.5040365159511566,-0.028080824017524684,0.5728961825370789,0.5061645567417145,-0.023173364996910042,0.5701798439025879,0.5187159299850465,-0.01856358554214236
0.5495712518692017,0.599254035949707,5.511327998419802e-08,0.535419237613678,0.5668912053108215,-0.0017417632741852998,0.5342185735702515,0.5214399576187134,-0.006445519346743801,0.5388776302337647,0.48304402232170107,-0.01052421703934664,0.549004054069519,0.4609656810760498,-0.0143478779122233,0.5311221718788147,0.5300050616264343,-0.01786861345171922,0.5272854685783387,0.48652540445327763,-0.02720438539981836,0.5272596240043641,0.4550930202007294,-0.03236758522689336,0.5273732423782348,0.43294731974601747,-0.03535475730895992,0.5436188220977783,0.5350571036338806,-0.02076141424477096,0.5526631832122803,0.48155205249786376,-0.03056375123560426,0.5555570006370545,0.48724431991577155,-0.03052243292331692,0.5526392102241516,0.5036593675613403,-0.028496974334120698,0.5582088351249694,0.5425735235214233,-0.022796287760138482,0.5664214611053467,0.4947962045669556,-0.03004818409681316,0.5672346711158752,0.5042846620082855,-0.024999931082129438,0.563831102848053,0.5210969090461731,-0.01951490081846708,0.5722031474113465,0.5511846303939819,-0.02473854310810562,0.5785524845123291,0.509159141778946,-0.027271574735641443,0.5777667760848999,0.5129721224308014,-0.022135863825678764,0.5745209932327271,0.5259149670600891,-0.01741378158330914
0.5537267446517945,0.6008537650108338,4.1136143025255486e-08,0.5402828454971313,0.5688134908676148,-0.0022287097061052395,0.5399232983589173,0.5237816095352172,-0.00658372677862642,0.5449896454811096,0.4863437831401825,-0.01049911025911564,0.554863429069519,0.4644228994846344,-0.01422364134341474,0.5375596761703492,0.5285593390464783,-0.015636403486132558,0.5343071818351746,0.48671671748161316,-0.024900313839316304,0.5347517728805542,0.45645713806152344,-0.030231912434101043,0.535084319114685,0.43460363149642944,-0.0334132984280586,0.5500414371490479,0.5330274224281311,-0.018478646688163236,0.5587192416191101,0.48431060314178465,-0.028685709089040723,0.5608328223228455,0.4928168594837189,-0.02919003367424008,0.5573048114776611,0.5098072409629821,-0.027328194677829702,0.5643568873405456,0.5414113402366638,-0.02074247095733878,0.5722340464591981,0.4987927854061127,-0.02862119674682614,0.5723284840583802,0.5107443392276764,-0.02389392964541908,0.5684080958366394,0.5276266932487488,-0.01843905225396152,0.5779376387596131,0.5518835663795472,-0.02299769334495064,0.5843156576156616,0.5148958086967469,-0.026138256862759564,0.5828475475311279,0.5207487940788269,-0.021237827464938103,0.5791059851646424,0.5337707161903381,-0.016557078436017003
0.558773946762085,0.6030928134918213,2.9999199036012675e-08,0.5459618330001831,0.5715873956680299,-0.00262776629533614,0.5463425278663636,0.5277989625930786,-0.0068611258640885004,0.5517887830734254,0.4915799677371979,-0.01083282157778734,0.5616320371627808,0.4701390743255615,-0.014709256775677158,0.5449048399925233,0.528068745136261,-0.01398163661360734,0.5421620965003968,0.4878602385520935,-0.023440261557698183,0.5431826114654541,0.45882031321525574,-0.02917908877134318,0.5438146829605103,0.4372947692871094,-0.0326863147318363,0.557275116443634,0.5317627429962158,-0.01674792300909754,0.565671443939209,0.48807763457298275,-0.027163976803421943,0.5671709179878235,0.4985839188098908,-0.02815608195960518,0.5630683660507203,0.5152001857757569,-0.02657090127468104,0.5712406635284424,0.5408421158790588,-0.01916662417352196,0.5791294574737549,0.5035235881805421,-0.027543214708566643,0.5785845518112183,0.5172713160514832,-0.023074433580040882,0.5741035461425782,0.5338260769844055,-0.017697450518608042,0.5842934846878052,0.5530349731445313,-0.02164100036025042,0.590968382358551,0.5208405256271362,-0.025321108102798445,0.588991928100586,0.5282548069953918,-0.0205485071986913,0.5848657369613648,0.5409925580024719,-0.01584307346493002
0.5638843655586243,0.606306517124176,2.40370434667625e-08,0.5522914648056031,0.5747665762901306,-0.0029823524644598002,0.553613007068634,0.5318838953971863,-0.00693698376417156,0.559508776664734,0.496783196926117,-0.010768643394112522,0.5688139081001282,0.474925822019577,-0.0145776895806193,0.5529793262481689,0.5290015816688538,-0.012412603758275442,0.5508700847625733,0.49020264148712156,-0.021994734928011822,0.5524280190467834,0.4619614005088806,-0.0280867792665958,0.5534013986587525,0.44066609144210817,-0.03188869953155514,0.5652831077575684,0.5328976035118104,-0.015170690231025179,0.5736778855323791,0.4926747918128967,-0.025901890173554383,0.5746252775192261,0.5042188167572021,-0.027462745085358578,0.5700695395469666,0.5205114126205445,-0.0261939417570829,0.5786734819412231,0.5432919144630433,-0.017813291773200002,0.5867228150367737,0.5095978260040284,-0.026626334711909262,0.5856030941009521,0.5239364624023437,-0.02253140993416304,0.5806938767433167,0.5397573828697205,-0.01734693497419352,0.5909075736999512,0.5575855374336243,-0.020590522512793502,0.598272728919983,0.5290943026542664,-0.02476786226034162,0.595983374118805,0.5365007758140564,-0.020344832539558343,0.5914965033531189,0.5481016874313355,-0.015838027931749783
0.5695773124694824,0.6091799139976503,1.9244288118613897e-08,0.5580510497093201,0.58019677400589,-0.00420521752675992,0.55892014503479,0.5388762712478637,-0.00783151062205428,0.5646677374839782,0.5052289724349976,-0.01137041673064226,0.5726584911346435,0.483358359336853,-0.014902698248624759,0.5610857129096986,0.5306461095809937,-0.010550849977880661,0.5602716565132142,0.4936363220214844,-0.01965602282434696,0.5623821377754212,0.4664330124855042,-0.025714349001646,0.5638297438621521,0.4452324032783509,-0.029641281068325004,0.5739986181259156,0.5342078447341919,-0.01284426581114526,0.581881082057953,0.4971641659736633,-0.02382889240980144,0.5818502306938171,0.5079477787017822,-0.026484297215938517,0.5770884871482849,0.523185169696808,-0.025878321006894064,0.5871271014213563,0.5446378231048584,-0.015310117416083782,0.5949356675148011,0.5140708088874817,-0.02491351217031476,0.59267098903656,0.5286019563674927,-0.02215937897562976,0.5874559879302979,0.5445088505744934,-0.01763848699629302,0.5987777352333069,0.559319257736206,-0.01803117208182808,0.6062114238739014,0.5331950902938843,-0.023430825397372224,0.6033952951431275,0.540445899963379,-0.02023768499493592,0.5987853169441224,0.552146327495575,-0.01637533307075496
0.5763248085975647,0.6131098628044128,2.2431609458806185e-08,0.5642524123191833,0.586421799659729,-0.00551772024482486,0.5641125440597534,0.5468103766441346,-0.009246859513223099,0.5696369647979737,0.5147017955780029,-0.012708747014403301,0.5763171553611756,0.4930106818675995,-0.01616325601935382,0.5699326038360596,0.5340055346488952,-0.010519037861376961,0.5713175773620607,0.49805034399032594,-0.019730166159570163,0.5744277238845825,0.47183691263198857,-0.02621987946331498,0.5767072200775147,0.45046827197074896,-0.030578331649303382,0.5836871504783632,0.5382485151290894,-0.01223027054220432,0.5917958855628968,0.5036816358566284,-0.02339182682335372,0.5912703990936279,0.5130516052246095,-0.027005045861005716,0.5865615010261536,0.5258653283119201,-0.027211346104741043,0.5967105031013489,0.5492552757263184,-0.014290475659072361,0.60488600730896,0.5206498980522156,-0.0243034668266773,0.6018512487411499,0.5342770099639893,-0.022475331649184183,0.5964397430419922,0.5489113211631775,-0.018609949573874438,0.607774019241333,0.5642860651016236,-0.016725594177842102,0.6157349944114685,0.5398833274841309,-0.02309993989765642,0.6128235697746278,0.5462206482887269,-0.0208565887063741,0.6084302425384522,0.5565123200416565,-0.01756938677281136
0.5816099405288697,0.6177485227584839,2.2868220916905106e-08,0.5697594523429871,0.5900553345680237,-0.005254107480868661,0.5699307203292847,0.5514482498168946,-0.00885932650417082,0.5762473702430726,0.52031489610672,-0.01191373318433756,0.5831149816513062,0.5001610457897187,-0.0148561934009194,0.5776206254959106,0.5397522926330567,-0.01214334452524776,0.5815714597702026,0.5025438845157624,-0.02157865930348628,0.5859694719314575,0.47634019255638127,-0.028258220851421323,0.5893457055091859,0.45501139760017395,-0.0326599441468715,0.5914892315864564,0.5462467551231385,-0.013511488586664141,0.6017712473869323,0.5098458230495453,-0.0241778720170259,0.6002872347831727,0.5177301406860353,-0.02727572433650488,0.5950328588485718,0.5294902920722961,-0.027264498174190466,0.604237449169159,0.5581730246543884,-0.01506006717681882,0.6143262028694153,0.5272707581520081,-0.024320355430245362,0.6102293372154236,0.5377497792243957,-0.02228824496269222,0.6042268514633179,0.5509531974792481,-0.018419636785984,0.6149006605148315,0.5731233596801757,-0.0169357236474752,0.624870240688324,0.5466040492057801,-0.022899375855922662,0.6218727588653565,0.5492977142333985,-0.0207245867699384,0.6170949339866638,0.5572532296180726,-0.01750999987125392
0.5852794766426087,0.6214056491851807,3.006197708543823e-08,0.5735930562019349,0.5925001382827759,-0.0050510120578109805,0.5738831639289856,0.5542338371276856,-0.0085259968414902,0.5808830857276917,0.5238386273384095,-0.01119251009076828,0.5876420855522155,0.5046117782592774,-0.013610992953181241,0.5832553029060363,0.5442953705787659,-0.013637368846684641,0.5896306276321411,0.5059408485889435,-0.02319678720086806,0.5951479315757752,0.47971822619438176,-0.0299778506159782,0.5995354413986206,0.4585093200206757,-0.0343786641955375,0.5972273349761963,0.5534502983093262,-0.014769047871231981,0.6096268892288208,0.5146950960159302,-0.02513828910887236,0.6071996569633484,0.5206600666046143,-0.0278217207640409,0.6015653371810913,0.5315547108650208,-0.027596779540181103,0.6097203016281129,0.566597318649292,-0.01592683251947162,0.6215793371200562,0.5327729105949403,-0.02459661923348898,0.6164178490638733,0.5402511835098267,-0.022394475713372202,0.6098613023757935,0.5523295521736146,-0.018502628803253138,0.6200974941253663,0.5816601395606995,-0.0173754949122667,0.6318532228469849,0.5529362201690674,-0.022952853515744165,0.6286686301231383,0.5521265149116515,-0.020824233815073902,0.6234599590301514,0.5579366683959961,-0.017671733349561642
0.5877938508987427,0.6247250556945801,3.69163718261234e-08,0.5761982321739196,0.5952720761299133,-0.00523928953334684,0.5766834855079651,0.5584270477294921,-0.00895029325038188,0.5849636197090149,0.5305641651153564,-0.011700693331658778,0.5927251696586608,0.5143455386161805,-0.014100727997720202,0.5871455907821655,0.5477972030639648,-0.01499912543222302,0.5957229614257813,0.5083718657493591,-0.02482730615884058,0.6022472977638245,0.48219934701919553,-0.031788736209273305,0.6074586629867553,0.46098865270614625,-0.036248368024826005,0.6011654734611511,0.5585976362228394,-0.015775575116276704,0.6149317979812623,0.5186480998992921,-0.02593882009387012,0.6121828675270081,0.5224531412124634,-0.028417953848838762,0.6065838575363159,0.5319284796714783,-0.028163320571184102,0.6136189818382264,0.5722858071327209,-0.016511168517172298,0.6267385959625245,0.5369537234306335,-0.02486770637333388,0.6208964109420776,0.5414922952651978,-0.022672220692038503,0.6138725757598877,0.5523966908454896,-0.01881268285214898,0.6240198016166687,0.5867369890213013,-0.01755159720778462,0.6371213197708131,0.55650475025177,-0.023067113384604404,0.6337334156036377,0.5527180433273315,-0.021124073863029422,0.6281567215919495,0.5567243814468383,-0.01804365888237948
0.5883076906204224,0.6264745235443115,3.05552214641125e-08,0.5775258183479309,0.5931296944618225,-0.004382852232083621,0.579856812953949,0.5548674583435059,-0.00810105754062528,0.5904066920280456,0.5266803979873658,-0.010489456728100722,0.60024094581604,0.5124823093414307,-0.012329891324043241,0.5879574537277222,0.5510693311691285,-0.01752022318541998,0.5982765793800354,0.5100855827331543,-0.027871112897992063,0.605636191368103,0.4829766392707825,-0.0349176965653896,0.6116274833679199,0.4614765107631683,-0.03925893753767008,0.6017824172973634,0.5642596483230592,-0.018230324983596762,0.6182454466819763,0.5212007284164429,-0.02799376845359798,0.6147581338882446,0.525342905521393,-0.0291695017367601,0.6084362030029297,0.5358150720596313,-0.028061898052692363,0.6145002484321594,0.5786106824874878,-0.01861342675983902,0.6293035864830018,0.5397013664245606,-0.02577834911644452,0.6230292558670044,0.5421834230422975,-0.022218333184719045,0.6157899141311646,0.5520667433738708,-0.0176790630444884,0.6253211736679077,0.5925583004951477,-0.01923216730356212,0.639591634273529,0.5593520641326905,-0.023200843855738583,0.6357566833496093,0.5530914187431335,-0.020158777758479064,0.6298859477043153,0.5552228093147278,-0.01655010860413308
0.5872986555099488,0.6267848253250122,1.7287337339411127e-08,0.5773036360740662,0.5908426880836487,-0.0036310055758803405,0.581556499004364,0.5507166385650635,-0.0070795245468616,0.5944279313087464,0.5214817523956299,-0.00905357487499708,0.6064065456390381,0.5084421098232269,-0.010321694798767541,0.5865705728530884,0.5524617314338685,-0.01850846074521536,0.597615373134613,0.5097996592521667,-0.0287390831857919,0.6052826046943665,0.48161002397537234,-0.0352373160421848,0.611650812625885,0.4598098337650299,-0.03905999213457102,0.6002144575119019,0.5665676236152649,-0.019243557378649682,0.6183266758918762,0.5207806825637817,-0.028873769566416702,0.6137235045433045,0.526286256313324,-0.0290037993341684,0.6065409302711486,0.5391008853912354,-0.02699215523898596,0.6133055686950684,0.5805466413497925,-0.019461935013532602,0.6288289308547974,0.5388543605804444,-0.02593043819069854,0.6218222975730896,0.5413234114646912,-0.021462799981236423,0.6144434213638306,0.5518713712692261,-0.01630958747118708,0.6248316645622254,0.5934781432151794,-0.019857684522867163,0.6394129872322083,0.5576437592506409,-0.022532360255718163,0.6346899628639221,0.5506985425949097,-0.018686894327402063,0.6283534646034241,0.5529238462448121,-0.014674880355596501
0.5856646060943604,0.6256876468658448,1.3518173691551285e-08,0.5760537624359131,0.5898314237594604,-0.0035503984894602806,0.5807274460792542,0.5498404264450074,-0.00688547864556308,0.5943254232406616,0.5206142544746399,-0.008876371663063721,0.6069838404655457,0.5078630149364471,-0.010167271643877002,0.5833665728569031,0.5512829303741456,-0.01733053848147388,0.5937508583068848,0.5087730050086976,-0.027163846418261462,0.6010110020637512,0.48028797507286075,-0.03344092071056362,0.606977391242981,0.4577125549316406,-0.03721957132220262,0.5968058228492736,0.5640795111656189,-0.018294710479676683,0.6145139217376709,0.5186688661575317,-0.02785267531871792,0.6107211232185364,0.5254249334335328,-0.028328176215290983,0.6037904262542725,0.5387717366218567,-0.026619932800531338,0.6102420687675476,0.5767274975776673,-0.01878456249833102,0.6254703044891359,0.535374653339386,-0.025273410975933,0.618963122367859,0.5404049515724183,-0.02091842964291568,0.6117619514465332,0.5518776297569274,-0.015913702733814677,0.6224051237106324,0.5885432839393616,-0.01948902681469912,0.6362439393997192,0.5531062602996827,-0.021988312155008263,0.6313181042671204,0.5496897339820862,-0.017993378639221142,0.6250134825706483,0.554164445400238,-0.013993868604302361
0.5829525470733643,0.6239638924598694,1.274539913609374e-08,0.5733626484870911,0.5876732587814332,-0.0037409262731670605,0.5783038973808289,0.547408938407898,-0.00719221942126746,0.5919764280319214,0.5170520186424256,-0.00940748071298,0.605146074295044,0.504296213388443,-0.0109757205471396,0.5788007616996764,0.5493104577064515,-0.01624853312969204,0.5879250168800354,0.507451605796814,-0.0256110224872827,0.5943883657455444,0.47859491705894475,-0.031624614447355225,0.59949791431427,0.45508397817611695,-0.03541808351874346,0.5921719312667847,0.5603063702583313,-0.017383900843560642,0.6083142995834351,0.5157727718353271,-0.026948496326804124,0.605558717250824,0.5238551497459412,-0.027856291458010624,0.5990220665931703,0.5374735951423645,-0.026542507484555198,0.6061098098754883,0.571638858318329,-0.01808566302061076,0.6201750993728637,0.5313088655471803,-0.02470986358821386,0.6145312666893006,0.5388201475143433,-0.020468716695904682,0.6075618624687196,0.5511635780334473,-0.01562359109520908,0.6189226031303405,0.582585620880127,-0.01905233226716512,0.631293261051178,0.5477456688880921,-0.02151590734720226,0.6263654112815857,0.5478535175323487,-0.017389174923300704,0.620294713973999,0.5546088933944702,-0.01340492404997344
0.579350221157074,0.6206644773483276,2.7800380053566442e-09,0.5691376328468323,0.5854076385498047,-0.00392654556781046,0.5731586575508117,0.543769121170044,-0.006915709748864141,0.5855243802070618,0.5105573773384094,-0.008842743095010501,0.5981815695762634,0.4954642355442047,-0.010120637156069241,0.5727228641510009,0.545216166973114,-0.01373445400968192,0.5799073457717896,0.5046773910522461,-0.0226606152951717,0.5852554440498353,0.47637537717819217,-0.028499351441860145,0.5895120024681092,0.4527209401130676,-0.03229101449251168,0.5864007949829102,0.5535568952560425,-0.014927012380212481,0.6001669883728027,0.5113949656486512,-0.024674275517463644,0.5973575830459594,0.5230334162712097,-0.025945390388369523,0.5910153388977051,0.5380952596664428,-0.024734591320157002,0.6006598830223083,0.5630634903907776,-0.0159081112593412,0.6125139117240905,0.5255293488502504,-0.023171642050147004,0.6070281267166139,0.5377992510795594,-0.01922336332499976,0.600571882724762,0.5523026943206788,-0.01435726154595608,0.613736915588379,0.5732056021690368,-0.01717947460710996,0.624090826511383,0.5401401281356812,-0.02007687427103516,0.6191260695457459,0.5441965222358703,-0.016036906838417,0.613569474220276,0.5537332653999328,-0.012027680501341781
0.5762343525886535,0.6182006478309632,4.2607698369501186e-09,0.565285587310791,0.5851002216339112,-0.0045613981317728,0.5677559494972229,0.5437658190727235,-0.00745029440149662,0.5785033345222473,0.5097715377807617,-0.0096869303844869,0.5907184243202209,0.49328804612159727,-0.011420357786118943,0.5680732965469361,0.5408698916435242,-0.010766729898750762,0.5730386853218079,0.5014118909835816,-0.01934035196900364,0.5771652460098267,0.47420668005943295,-0.025222244858741708,0.5804137945175171,0.45060287117958064,-0.0292266204953193,0.5818812608718872,0.5462014555931092,-0.012034711241722038,0.5921000599861145,0.5076557397842407,-0.022282793000340424,0.5898915648460389,0.521597945690155,-0.024613730609416927,0.5843920469284059,0.5366641640663148,-0.024050853773951483,0.5960691690444946,0.5542169809341431,-0.013429558277130082,0.6053703904151917,0.5206723928451539,-0.021837633103132203,0.6001760601997376,0.5367455005645753,-0.0187778457999229,0.594032621383667,0.552894651889801,-0.014233523793518481,0.608991813659668,0.5639852523803711,-0.015200762823224022,0.6174024343490601,0.5337737202644348,-0.019381093606352782,0.6128478050231934,0.5410671591758728,-0.01607643589377398,0.6078971147537232,0.552737545967102,-0.012346101738512482
0.5718509793281555,0.616838812828064,1.3907235774102136e-08,0.5606771588325501,0.5838102817535401,-0.00489732152782374,0.5622403860092163,0.5423384785652161,-0.0078343695029616,0.5714471101760865,0.5077852606773376,-0.01038752580061554,0.5829479455947876,0.4915503978729248,-0.0125415271148085,0.5628886938095093,0.5380255222320557,-0.008893224596977202,0.5655277252197266,0.49958385229110724,-0.01703276857733724,0.5684188008308411,0.4733334720134735,-0.02294279672205442,0.5706719398498534,0.4498886883258819,-0.027200669050216623,0.5762861728668213,0.541860842704773,-0.01033785268664354,0.5837543249130249,0.5060435771942139,-0.020776836201548545,0.5825733542442322,0.5189610004425049,-0.023999070748686763,0.578035855293274,0.5318995952606201,-0.024150506034493403,0.5901401400566101,0.5496468663215637,-0.01208558361977334,0.5980076670646668,0.5185045838356018,-0.02125110700726504,0.5936878204345704,0.535917603969574,-0.01899020038545126,0.5877012968063354,0.5526639103889466,-0.014883241243660382,0.6028281569480896,0.5600481271743775,-0.014257183670997582,0.6102481365203857,0.5323015689849854,-0.01958440169692038,0.6062067747116089,0.5412887334823608,-0.017044002935290282,0.6014372110366821,0.5540013670921327,-0.013700583949685062
0.5674162626266479,0.6168289661407471,1.4570258832780071e-08,0.5555022716522217,0.5837626695632935,-0.0048145862296223,0.5561811566352844,0.541410255432129,-0.007892705406993581,0.5639153599739075,0.5052705764770509,-0.010573068261146519,0.5746352195739746,0.48812890052795416,-0.01286453865468496,0.5569798350334167,0.5382136940956116,-0.00933303683996196,0.5579370856285095,0.49928181171417235,-0.01747628562152384,0.5598276853561401,0.47309868931770327,-0.023180311918258624,0.5613325119018555,0.4498480200767517,-0.027305204421281763,0.5705045819282533,0.5416292071342468,-0.010862236283719481,0.5764490723609925,0.5039718985557556,-0.021446806564927062,0.5754156589508057,0.5172352910041809,-0.024377222359180422,0.5713482975959778,0.5305379271507263,-0.024231540411710682,0.5844806909561158,0.5495198726654054,-0.012640229426324319,0.5910400748252869,0.5169112682342529,-0.021921700984239526,0.5872159719467163,0.53499356508255,-0.0192670620977878,0.5817745923995972,0.5521916151046753,-0.014810712821781561,0.5971971154212952,0.5603563070297242,-0.01480136811733242,0.6034715652465821,0.5318950414657593,-0.02008301615715024,0.5996922969818116,0.540904200077057,-0.01724518537521358,0.595382833480835,0.5535351991653442,-0.013656733930110902
0.5637881278991699,0.6179253339767455,1.7374017124982546e-08,0.5513317465782166,0.5850471377372742,-0.00435589752160006,0.5512291789054871,0.5421189427375794,-0.0074534527957439,0.5581013679504395,0.5054887056350708,-0.009962040744721859,0.5683749437332154,0.48832770586013796,-0.011977064423263023,0.5518468499183655,0.5403645515441895,-0.010899468138813921,0.5516398429870606,0.5003328323364258,-0.019293167442083342,0.5529232621192932,0.47363064885139466,-0.024988377094268762,0.554253363609314,0.4508273243904114,-0.028938840329647005,0.5655181646347046,0.5443259477615356,-0.012363443709909862,0.5711871027946472,0.5031004548072815,-0.022590496763586963,0.5701233386993408,0.5148024797439575,-0.02486421242356298,0.5666227817535401,0.5285218834877015,-0.024273986741900382,0.579499912261963,0.5519855260848999,-0.013910988532006681,0.5855819702148437,0.5158607721328736,-0.022579380497336324,0.5817740321159364,0.5323975920677185,-0.01955021582543844,0.5769479155540467,0.5496657490730286,-0.014909610897302562,0.5922194480895997,0.5622587442398072,-0.01576859429478642,0.5980898261070252,0.5315501928329468,-0.02036297097802158,0.5942779779434204,0.5389990687370301,-0.01722555048763748,0.5902299404144287,0.5512237310409546,-0.013476014696061581
0.5613130927085878,0.619648790359497,2.4133940207393678e-08,0.5482185244560243,0.5860041499137879,-0.00355609534308308,0.5481754183769226,0.5424013495445252,-0.007023869361728379,0.5548165440559387,0.5049785017967224,-0.009633804485201802,0.5648752212524415,0.4874788880348206,-0.011735552176833102,0.5481244802474976,0.5443919062614441,-0.0137222609482705,0.5473543167114259,0.502606761455536,-0.022431611642241462,0.5482127904891969,0.4746953845024109,-0.027988430857658363,0.5492942452430725,0.4516252219676971,-0.031698994338512365,0.5616767525672912,0.5495264172554016,-0.01541603701189154,0.5682721018791199,0.5027849197387696,-0.025483526661992044,0.5677149176597596,0.5131104946136474,-0.026939694210886923,0.5645357370376587,0.5273797392845154,-0.025788793712854318,0.575915801525116,0.5575388550758362,-0.01679943893104786,0.5825960159301757,0.5164272546768189,-0.024762938916683123,0.5792317152023316,0.5314545392990112,-0.02082447558641428,0.5747897624969482,0.5481151461601258,-0.015738646872341583,0.5890084981918335,0.5675423979759218,-0.0183437347412109,0.5948294639587403,0.5336020350456239,-0.02181405834853644,0.5909725189208984,0.5409090518951416,-0.017669291794300043,0.5870604872703553,0.5528695702552795,-0.013389540463685961
0.5591621041297913,0.6216167569160462,2.89881713300133e-08,0.545933187007904,0.5874690413475037,-0.00277788569219404,0.5459950327873231,0.5434943318367005,-0.00648829601705068,0.552434253692627,0.5059803009033204,-0.00920748803764578,0.5621678113937378,0.4886593759059907,-0.011431112140417041,0.5452420234680176,0.5478169441223145,-0.01566403638571494,0.543943727016449,0.5045870065689088,-0.0246553651988506,0.5446180701255798,0.47564060091972354,-0.0302280969917774,0.5456838607788086,0.45231331586837764,-0.03388469591736788,0.558599054813385,0.5537215948104859,-0.01771384179592126,0.5657395362854004,0.502639889717102,-0.027605646848678562,0.565603494644165,0.5122401356697083,-0.028388598933815925,0.5627080321311951,0.5270736217498779,-0.02679714821279042,0.5729065299034118,0.5623301267623901,-0.01917676161974662,0.580016553401947,0.5169839501380921,-0.026405594497919002,0.5772517800331116,0.5308589458465577,-0.021618038043379723,0.5731605529785156,0.5470548272132874,-0.01618693694472308,0.5862151503562928,0.5727908253669739,-0.02071676813066002,0.5921804070472717,0.5367685317993165,-0.023324257880449242,0.588408601284027,0.543765389919281,-0.01845884099602696,0.584534740447998,0.5552281856536865,-0.013860109075903862
0.5587469458580018,0.6228653430938721,2.460332542142396e-08,0.5455122232437134,0.5892662525177003,-0.00210437690839164,0.5455158829689026,0.5456608533859253,-0.005754707474261461,0.5516987085342407,0.508470368385315,-0.0084128517657518,0.5613038301467896,0.49035850763320926,-0.01060703415423626,0.5443528413772584,0.5499049067497255,-0.01621451154351228,0.5427459120750427,0.5061490893363954,-0.02562941983342166,0.5433306097984314,0.4765019476413727,-0.0314014848321676,0.5444134831428528,0.4530825018882751,-0.03505700081586832,0.557808792591095,0.555525553226471,-0.0185452923178672,0.5650065898895263,0.5013123750686646,-0.028381256386637667,0.5647589445114136,0.5131428003311157,-0.028538557514548264,0.5619067788124085,0.5306953549385072,-0.026341787353157918,0.5721817374229432,0.5639623761177063,-0.02018972337245934,0.5789584517478943,0.5163400411605835,-0.02695654369890682,0.5761354565620422,0.5305790781974793,-0.021367390453815402,0.5723655939102172,0.5470316290855408,-0.015417717024683902,0.5855051159858704,0.574424409866333,-0.02185594923794266,0.5910613417625428,0.5370089411735535,-0.023731431365013062,0.5872810840606689,0.5442074179649353,-0.0181008882820606,0.5837021350860596,0.5558032989501953,-0.013019546121358841
0.5600083112716675,0.6230550765991211,2.3960696360347815e-08,0.5469579219818115,0.5896537423133851,-0.0023351512383668798,0.5471879601478578,0.5462386369705201,-0.005938267987221421,0.5533454179763794,0.509463632106781,-0.008741090446710561,0.5629420161247254,0.4907712399959565,-0.0111848253756761,0.5462820887565614,0.5490154385566712,-0.01492916960269206,0.5447738170623779,0.5064184784889222,-0.024291636422276462,0.5455294489860535,0.4768094658851624,-0.030210325494408583,0.5466140747070313,0.45333060622215265,-0.03400940597057338,0.5598777770996094,0.5538968205451966,-0.01724651865661138,0.5666870474815369,0.5023381114006042,-0.02719497829675672,0.5666559100151063,0.5144947409629822,-0.027829081192612605,0.5637048602104188,0.5321207523345948,-0.025954580307006758,0.5742022037506104,0.5621601819992066,-0.01901643015444272,0.5806610465049744,0.5168148756027222,-0.0261365540325641,0.5780158162117004,0.5312742710113526,-0.020973009988665525,0.5741328835487366,0.5479736089706422,-0.015245879441499662,0.5871856093406678,0.5728695511817932,-0.020848628506064382,0.5925931572914123,0.5369956374168396,-0.02323781996965402,0.5890794634819031,0.5443011283874513,-0.017993812263011902,0.5856182813644409,0.5560384869575501,-0.01310234330594536
0.5628959536552429,0.6222430825233459,1.4628893474366583e-08,0.5503349661827088,0.5905736684799194,-0.00307036014273756,0.55077143907547,0.5481152772903443,-0.006595595739781801,0.5572264790534973,0.5124869227409363,-0.00964752901345488,0.566587245464325,0.4927683770656586,-0.01249170619994396,0.550776207447052,0.5461291670799255,-0.01265404839068646,0.5496201515197754,0.5050332307815553,-0.021942109242081603,0.5506421089172364,0.47675058841705326,-0.027926160395145384,0.5517071247100831,0.4534572780132293,-0.03188344016671176,0.5643621921539307,0.5497782349586486,-0.01506951805204148,0.5706615686416625,0.5034899234771729,-0.02580600194633004,0.570603895187378,0.5184444427490235,-0.027294979989528602,0.5672335624694824,0.5363112568855286,-0.025798945501446662,0.5784422397613527,0.5583555459976196,-0.01726245619356626,0.584832763671875,0.518582034111023,-0.02565195634961122,0.582353949546814,0.535832691192627,-0.02103970497846598,0.5781466484069825,0.5528717160224914,-0.015408400818705502,0.5909969449043274,0.5702527523040772,-0.019604380056261986,0.5963911414146423,0.5385983347892761,-0.023309332132339423,0.5930990695953369,0.5481590151786805,-0.0185195870697498,0.5896096467971803,0.5603668570518493,-0.013736787252128081
0.5664614081382752,0.6224957585334778,1.1950202782884392e-08,0.5547049999237061,0.5925457119941712,-0.00404118071310216,0.5550857186317444,0.5523547649383546,-0.00788060287013644,0.5618909120559693,0.5190888404846192,-0.011377843655645821,0.5714780569076539,0.5001719653606415,-0.014762886613607341,0.5564346432685853,0.5447769165039062,-0.01184693835675712,0.5562203049659729,0.5049124002456665,-0.021289749816060022,0.5578586220741273,0.47738888263702395,-0.027711994946002926,0.5592140674591064,0.4542739570140839,-0.03209450021386142,0.570076334476471,0.5482076644897461,-0.01414890866726632,0.5763133406639099,0.5060966491699219,-0.025326831638812983,0.5760588765144348,0.5212513923645019,-0.027714602649211842,0.5722092390060425,0.5382385492324829,-0.026884676516056003,0.5838645815849304,0.5574289679527283,-0.01646930128335946,0.5905203580856324,0.5212741732597351,-0.02546290755271906,0.5882134318351746,0.538630211353302,-0.021528725698590222,0.5837281227111817,0.555377185344696,-0.01637925468385214,0.5958893299102783,0.5704765677452088,-0.01907796859741206,0.601780354976654,0.5414682030677795,-0.023802359774708702,0.5987020611763001,0.5510268926620483,-0.01971938312053678,0.5950506925582886,0.5630254507064819,-0.01535126417875284
0.5705468893051148,0.6228745341300964,1.0758697222001959e-08,0.5587526321411133,0.5944962501525879,-0.00470047947019334,0.5587430238723755,0.555710506439209,-0.0084285352379083,0.5655276656150818,0.5236634492874146,-0.011808688379824121,0.5741196990013123,0.5044732213020325,-0.01511915177106852,0.5622702479362488,0.5449435353279114,-0.011471719481050921,0.5634368658065796,0.5058669686317444,-0.02087402679026122,0.5657931327819824,0.47913025617599486,-0.027443823218345605,0.5675171494483948,0.45627509951591494,-0.031968879699706985,0.5762689113616943,0.5486773133277894,-0.013474738597869821,0.5829845786094666,0.5090563535690308,-0.02482408396899696,0.5823211073875427,0.5232731580734253,-0.027880299091339066,0.5780810594558716,0.5389039278030395,-0.027584063634276346,0.5899664282798768,0.5580923080444337,-0.015598019771277841,0.5972455143928528,0.5242383003234864,-0.025150769203901243,0.5942940354347229,0.5414344906806946,-0.02196371927857394,0.5893180012702942,0.5579308629035951,-0.017245366424322082,0.601667618751526,0.5710777044296265,-0.01804924905300134,0.6082640051841736,0.5436236381530761,-0.023669328540563542,0.604875385761261,0.5529504537582398,-0.02025153562426564,0.600889527797699,0.5647216200828553,-0.016209419444203323
0.5748334050178528,0.6247015476226807,9.207866291660594e-09,0.5630002856254578,0.5961628437042237,-0.0044606815092265205,0.5627488613128662,0.5583762884140016,-0.00792579231783742,0.5694774031639099,0.5269828677177429,-0.010989656206220342,0.5774285554885864,0.5072329699993134,-0.01398797938600178,0.5682344198226928,0.5464076280593873,-0.011748372204601721,0.5717152118682861,0.5074398040771485,-0.021129086986184084,0.5751690387725831,0.48083918690681454,-0.027712486311793284,0.5775568008422851,0.458332633972168,-0.03215691223740572,0.5825556397438049,0.5514275312423705,-0.01350739747285838,0.5910786390304565,0.5123024463653565,-0.02450006194412704,0.5896987676620484,0.524657940864563,-0.027452241256833026,0.5846232175827026,0.539312982559204,-0.02717144265770908,0.5962144732475281,0.5616690039634704,-0.01530213151127094,0.6051605701446533,0.5280831336975098,-0.02451633587479586,0.6015334248542786,0.5424509763717651,-0.02144816592335696,0.5959333181381226,0.5578011631965638,-0.016836384311318363,0.6075778841972351,0.5749964475631715,-0.017376037314534118,0.6157910466194153,0.5469164967536927,-0.02300786003470416,0.6123291969299317,0.5528870105743409,-0.0198226701468229,0.6079332113265992,0.5625978827476502,-0.01584402788430446
0.5777335166931152,0.6273439884185791,1.2948029137760387e-08,0.566206192970276,0.5982878923416137,-0.00404338808730242,0.5658712387084961,0.5613147258758545,-0.00748745314776892,0.5723208308219909,0.5307935953140259,-0.0103281950578093,0.5790897846221923,0.5109068989753723,-0.01301639704033728,0.5729187726974487,0.5493335485458374,-0.01348485276103016,0.5786126136779786,0.5093977332115174,-0.023165311664342842,0.5830877900123597,0.48258230090141296,-0.029847069084644268,0.5863300323486328,0.4604024469852448,-0.0342017769813537,0.5873298525810242,0.556447446346283,-0.015039598941802922,0.5979045867919923,0.5150676727294923,-0.02562744878232474,0.5956593155860901,0.5244669914245605,-0.027970537915825804,0.5900597333908082,0.5377121925354005,-0.02737483792006966,0.6007813692092896,0.5678926110267639,-0.01645362172275776,0.6117559432983399,0.5319101810455322,-0.024882206320762584,0.6072797417640686,0.54186669588089,-0.021506184339523282,0.6011170268058776,0.5553057670593262,-0.01684132404625412,0.6119571805000306,0.581599235534668,-0.01810190454125398,0.6221973299980164,0.5515561461448669,-0.02335610464215274,0.6186064958572388,0.5530231833457947,-0.02025912068784234,0.6137508630752564,0.5597967863082886,-0.016334027983248182
0.5792787790298463,0.6305085182189941,2.024024148283843e-08,0.5679176330566407,0.5996953248977661,-0.0032264786306768403,0.5675694584846497,0.5628726720809937,-0.006572148576378761,0.5734586358070374,0.5325362205505371,-0.009176791738718701,0.5791065812110902,0.5123638272285462,-0.01156333880499002,0.5756241917610169,0.5530872583389282,-0.014988576620817139,0.5833595156669616,0.5119519829750061,-0.02481750249862668,0.588757061958313,0.48429607748985287,-0.0315240185707807,0.5927565813064576,0.462105017900467,-0.035756979137659024,0.5901187181472778,0.5623138666152955,-0.016435166262090142,0.6027800559997558,0.5172908663749695,-0.02636689879000182,0.5998634934425354,0.523093843460083,-0.02800088264048096,0.5938214421272279,0.5349696636199952,-0.027090451866388282,0.6035187840461731,0.5747955083847046,-0.01749120634049172,0.6163092851638794,0.5344881653785706,-0.02483211942017074,0.6111110568046569,0.5397574663162232,-0.021002177894115424,0.604472851753235,0.5516281247138978,-0.01623470522463318,0.6146082401275635,0.5886925101280213,-0.01870969459414476,0.6267242431640625,0.5553412079811096,-0.0232862420380115,0.6231432437896729,0.5517431855201722,-0.020194225758314102,0.617970597743988,0.5555439591407776,-0.01631718333810564
0.5798429727554322,0.6329652190208435,1.6579365724744835e-08,0.5686877846717835,0.5998535394668579,-0.00214557228609916,0.5687005639076232,0.5615504622459412,-0.00487823411822312,0.5744873404502869,0.5300460696220398,-0.00683659138157958,0.579302716255188,0.5090896010398864,-0.008469297364354101,0.5763733744621278,0.5553966879844666,-0.015229731611907419,0.5854551434516907,0.5132281303405762,-0.02499810419976708,0.5915656924247743,0.4850666224956512,-0.031471179053187325,0.5962260842323304,0.46306383609771734,-0.03536494448781008,0.5909484028816223,0.56599041223526,-0.016648881323635522,0.605600118637085,0.5182787179946899,-0.025958033278584442,0.602117919921875,0.5228646755218507,-0.026720561087131462,0.5956900119781494,0.5349050760269165,-0.02521210052072998,0.6044380187988282,0.5788414597511292,-0.017501700855791523,0.6186440944671632,0.5356674075126648,-0.023955830186605423,0.6127695560455322,0.538485085964203,-0.01957785785198208,0.6058098077774048,0.5499316930770874,-0.01447132918983694,0.6156563639640809,0.5923468708992006,-0.01843143142759794,0.6292830467224121,0.5564225792884827,-0.02223310023546214,0.6256091117858887,0.5492688417434692,-0.018964229896664582,0.6201889157295227,0.551086676120758,-0.014978686347603761
0.5790433168411255,0.6346374034881592,1.6019680448842168e-08,0.5681328654289246,0.5981622219085694,-0.00148434084840114,0.5691427826881409,0.5582848191261292,-0.004233821760863001,0.5760875701904298,0.5260656952857972,-0.006070496421307281,0.5825968980789185,0.5061654090881348,-0.007451499439775901,0.5750816106796265,0.556871235370636,-0.01633972376585,0.5850372433662414,0.5135236382484436,-0.0258643329143524,0.59147207736969,0.48459284901618954,-0.031942087784409476,0.5964070081710816,0.4623783230781555,-0.03547821640968318,0.5895893931388855,0.568863034248352,-0.01771003939211364,0.6053997993469239,0.5190145730972291,-0.026261443272232964,0.6020112633705139,0.5218417882919312,-0.02624810039997098,0.5955965638160705,0.5336705923080445,-0.024385027214884725,0.6033623099327088,0.581826663017273,-0.01829351782798762,0.6183641791343689,0.5355550050735474,-0.023646666109561884,0.612457549571991,0.535429072380066,-0.01872331500053402,0.6054151773452758,0.5462640523910522,-0.013474261760711618,0.6150461792945862,0.594610345363617,-0.018899815157055803,0.6290642619132997,0.5554268717765808,-0.02155690938234324,0.6253503203392029,0.5453841328620911,-0.017883772403001742,0.6198629260063171,0.5460988283157349,-0.013786940649151761
0.5777107238769532,0.6338276624679566,1.273135452062313e-08,0.5672420263290405,0.5960966467857362,-0.00181846092455084,0.5692020177841186,0.5559092402458191,-0.00467192176729434,0.5775968670845032,0.5240409016609192,-0.00667774416506286,0.5857165217399598,0.5058197617530823,-0.00817925771698352,0.5732445001602173,0.5554561495780945,-0.01538096182048314,0.5822455167770386,0.5128191828727722,-0.024558325484395,0.5881839990615845,0.48408011794090267,-0.030533876270055743,0.592741620540619,0.4612128019332886,-0.03416329286992546,0.5875739574432373,0.5670050144195558,-0.01684230268001552,0.6024767637252808,0.5187748551368714,-0.025536527484655326,0.5996279239654541,0.5229572772979737,-0.0260437551885843,0.5934677958488465,0.5350417137145996,-0.0245866190642118,0.6014190316200256,0.5792548894882202,-0.01760462503880258,0.6155376434326172,0.5341071486473083,-0.023189201578497864,0.6098034739494325,0.5366284966468811,-0.01856176033616062,0.6027014374732972,0.5486048698425293,-0.01351798996329302,0.6134404063224792,0.5914246678352356,-0.018458656594157165,0.6263486981391907,0.5528267741203308,-0.021047884225845283,0.6225371241569518,0.5458281278610229,-0.01736514586955304,0.6171783924102784,0.5487162232398987,-0.013378532044589482
0.5762376666069031,0.6324851274490356,5.597013402747209e-09,0.5654410719871521,0.5956501364707947,-0.00284056952223176,0.56757892370224,0.5550376415252686,-0.00574825350195164,0.5771515130996705,0.5228320240974427,-0.007800001930445381,0.586884605884552,0.5055349946022034,-0.00928424121811982,0.5701385140419006,0.5537089943885805,-0.01428133323788636,0.5778493285179138,0.5121757030487062,-0.02331289313733574,0.5830624580383301,0.48409978747367854,-0.029404853656887983,0.5869758129119873,0.4607809603214264,-0.03331995792686936,0.5845010638236999,0.5638441562652589,-0.01566767804324622,0.5978598833084107,0.5182121992111206,-0.02485661506652826,0.5954609870910645,0.5260445713996887,-0.02604832910001274,0.5895997524261475,0.5393506169319153,-0.02501596771180626,0.5985641717910767,0.575115180015564,-0.01659293007105584,0.6112040281295776,0.532400393486023,-0.02297114469110962,0.6058280944824219,0.539341938495636,-0.018732896447181662,0.5989607691764831,0.5529101490974426,-0.01386571731418366,0.6108781456947328,0.5866846323013306,-0.017725107073783823,0.6223041772842408,0.5498785018920899,-0.020788159593939738,0.6183149933815003,0.5470231294631959,-0.01716199163347478,0.6130451083183289,0.5523859143257142,-0.013257262483239121
0.5738880991935731,0.6316133260726928,-1.3371191376343477e-10,0.5627120137214661,0.5958642125129701,-0.0037573047447949006,0.5649748802185058,0.5539957165718079,-0.006622178852558081,0.5751434564590454,0.5205234408378602,-0.008624596521258302,0.585744321346283,0.5028727173805236,-0.01004656748846168,0.565874457359314,0.5529860973358155,-0.013196850381791518,0.5719008922576905,0.5123980760574341,-0.022031411156058257,0.5762383937835693,0.48471010923385616,-0.028040636703371986,0.5794271111488343,0.46092177033424375,-0.03206424415111538,0.5801730275154114,0.5614335417747498,-0.01453166827559466,0.5918546915054321,0.5173972129821778,-0.024151837080717043,0.5900869488716125,0.5290576457977296,-0.025734099373221363,0.5846890687942505,0.5439256548881531,-0.0248925723135471,0.5944549322128296,0.5716919422149659,-0.01563262213021512,0.6054323792457581,0.5307258725166322,-0.02279334701597686,0.6006354808807373,0.542483651638031,-0.01866361424326892,0.5942235350608825,0.5577882766723633,-0.01376613210886712,0.6069963932037353,0.5828616619110107,-0.01703805420547718,0.6168678641319275,0.5474853634834289,-0.0204711206257343,0.6127694606781006,0.5492326498031617,-0.01669567432254548,0.6076983690261841,0.5573117733001709,-0.01275261957198376
0.5716959714889527,0.6304411888122559,-1.4939442183337093e-09,0.5599740982055664,0.5959407210350037,-0.004711695387959421,0.5620649814605713,0.5532230019569397,-0.00758809372782702,0.5722782254219055,0.5187368512153626,-0.009579314664006182,0.5831259012222291,0.5003418207168578,-0.01099875196814532,0.5621535301208497,0.5521829843521119,-0.01227131895720952,0.5666578769683838,0.5126800179481507,-0.020913194492459243,0.5701095700263977,0.4854783594608306,-0.026860656216740587,0.5725137114524842,0.46108986139297486,-0.0310305897146463,0.576418399810791,0.5591534852981568,-0.01351990886032576,0.5860488057136536,0.5166194438934326,-0.02356708459556098,0.5848588585853577,0.5314398646354677,-0.0255869813263416,0.5799492359161378,0.5471052169799805,-0.02501014322042462,0.5907883763313293,0.5686079859733582,-0.014751951210200741,0.6001317024230957,0.5291791081428527,-0.0227217305451631,0.5957467913627624,0.5449997305870057,-0.018724097311496702,0.5895491361618042,0.5612862825393676,-0.013814105838537162,0.6033831119537354,0.5796379089355469,-0.016377418115735003,0.6117300033569336,0.5458574175834656,-0.02033378630876538,0.6075560092926026,0.5515711188316345,-0.016509344615042162,0.6026035785675049,0.5615538120269776,-0.01255455873906608
0.5694912791252137,0.6299501180648804,-1.3890343597555699e-09,0.557433044910431,0.5972330927848816,-0.004994809580966781,0.5589481711387634,0.5544418454170228,-0.007898143678903539,0.568194580078125,0.5188704371452332,-0.009968935325741723,0.5781534790992737,0.49867358207702633,-0.01152611933648582,0.5586433410644531,0.5532609462738037,-0.0116732738912105,0.5614800930023194,0.5136550426483154,-0.0202715672552585,0.5639744877815247,0.4863830745220184,-0.026033676788210842,0.5657798290252686,0.4617853224277496,-0.030097790062427483,0.572806453704834,0.5590197563171386,-0.01302789933979506,0.5809222459793091,0.5153185367584229,-0.02365754470229144,0.5799208283424377,0.5326043605804444,-0.025810149684548343,0.5753819346427917,0.5498028039932251,-0.025059579685330364,0.5871245980262756,0.5679203033447267,-0.014456214196979962,0.5951079726219177,0.5281609654426574,-0.023099637776613183,0.591072428226471,0.5471709489822388,-0.01897323392331596,0.5853039383888244,0.5644907832145691,-0.0137535415589809,0.5995315074920654,0.5788647413253785,-0.01628492251038546,0.6066733479499817,0.5453602910041809,-0.02050924673676488,0.6026404976844788,0.5542141675949097,-0.01643971074372526,0.5980689764022827,0.5657233715057374,-0.01226968653500076
0.5670353889465332,0.6309056043624879,-1.5988099733022781e-12,0.5543484807014465,0.5990747690200805,-0.00471341998782004,0.5553584218025207,0.5560171246528625,-0.007570663699880201,0.5636136531829834,0.5194979548454285,-0.009446568973362402,0.5726335287094116,0.49754852056503296,-0.010789894964545922,0.5549716353416443,0.5560416460037232,-0.012859674543142262,0.5572228789329529,0.5152212619781494,-0.021845467388629865,0.5593547224998474,0.4874266028404236,-0.027651033177971806,0.5609051108360291,0.4629753172397614,-0.03160041160881514,0.5691510796546936,0.5616421461105346,-0.014207654446363401,0.5770341038703919,0.5145198702812195,-0.02490903660655018,0.5761608123779297,0.5322144150733948,-0.02649743854999538,0.5719346165657044,0.5504366993904114,-0.025270201638340924,0.5835376501083375,0.5701287746429443,-0.015540996193885763,0.5911402106285095,0.5277233600616456,-0.024116477370262082,0.5873677492141723,0.5468167185783387,-0.0194854129105806,0.5821168184280396,0.5643279910087585,-0.01388592962175604,0.5958632707595826,0.5804697275161743,-0.0172165405005216,0.6026964783668518,0.5453647136688233,-0.021262666583061203,0.5988676905632019,0.553944206237793,-0.01687271781265732,0.59460608959198,0.5651139259338379,-0.012464537844061822
0.5649781823158264,0.6324345827102661,1.0175339948403917e-08,0.5522279858589173,0.5996230959892274,-0.0036111354827880406,0.5534316778182984,0.5562685608863831,-0.006562174810096581,0.5611258149147034,0.5191111803054811,-0.00844187065958972,0.5695704460144043,0.4960704326629639,-0.009825377259403422,0.5524968147277832,0.5598217606544494,-0.014661517366766883,0.5543124914169312,0.5170667052268982,-0.023678731918334903,0.5563591241836549,0.4878224790096283,-0.029191363602876625,0.5580116152763367,0.46354333162307737,-0.03273928873240942,0.5665934562683106,0.565851640701294,-0.0161651767790317,0.574648666381836,0.5142250537872315,-0.02615273036062714,0.5739500641822816,0.5283858060836792,-0.0268769264221191,0.5701057195663453,0.5461631774902344,-0.025188653171062444,0.5810740828514099,0.5740915179252625,-0.01732283905148502,0.5887616038322449,0.5275761604309082,-0.024783656746148998,0.58494211435318,0.5437895059585571,-0.01952011957764622,0.5799982190132141,0.5609664797782898,-0.01371651887893674,0.593500828742981,0.5838286876678467,-0.01869769580662244,0.6002492308616638,0.5456398129463196,-0.02166883647441862,0.5962181329727173,0.552445650100708,-0.0167608734220266,0.5920647859573365,0.5633098840713502,-0.012112916260957701
0.5638159871101379,0.6331048130989075,9.802809408654413e-09,0.5512445330619813,0.5995034098625184,-0.00256704863859336,0.5527676701545715,0.5568143367767334,-0.005516114132478801,0.5606462478637696,0.5200356364250183,-0.0073768919333815205,0.5694704651832581,0.49738394021987914,-0.0087778620421886,0.5514702081680298,0.5617525100708008,-0.01562935877591368,0.5534220099449157,0.5176611542701721,-0.024846923351287784,0.5557157278060914,0.48776423931121826,-0.030412864685058542,0.5576521039009095,0.4634930491447449,-0.033898982405662484,0.5654932379722595,0.5682653069496155,-0.01737437769770618,0.5741388201713563,0.5143973112106324,-0.02682116776704784,0.5736581325531006,0.5277255415916443,-0.026887023821473083,0.5699237942695619,0.5454845547676087,-0.024896712228655787,0.579914665222168,0.5764867544174194,-0.0185817807912826,0.5878475785255433,0.5279009580612183,-0.025235758721828403,0.5841290950775148,0.5430714964866639,-0.019494590163230862,0.5793540477752686,0.5600555300712586,-0.013585025630891302,0.5923540353775025,0.5859026789665223,-0.01989684458822006,0.5990015268325806,0.5461678624153138,-0.02216242700815198,0.5949761986732482,0.5524814248085023,-0.0168929677456617,0.5909213542938232,0.5632533311843873,-0.012129672430455662
0.5626455783843994,0.6335090637207031,1.1931293641964658e-08,0.5505036234855651,0.5988740563392639,-0.0019931616145185604,0.5525310993194581,0.5563756823539734,-0.0050488039385527,0.5605931758880616,0.5198509216308593,-0.006996905244886841,0.5697017788887024,0.497458815574646,-0.008487698249518841,0.5509514331817627,0.5629907369613647,-0.016583660989999742,0.5530924081802369,0.5181091189384461,-0.02613046169281,0.5556361913681032,0.4874967515468598,-0.031727424263954106,0.5579682350158691,0.46339558362960814,-0.035079025104641864,0.5648140907287598,0.570217525959015,-0.018482090905308682,0.5741072297096252,0.5144561409950257,-0.027964953333139357,0.5736166477203369,0.526795756816864,-0.027602308988571123,0.5699448823928833,0.5448016643524171,-0.025235103070735905,0.5790908932685852,0.5788511514663697,-0.019733487069606717,0.5875364661216735,0.5283456563949586,-0.02628505863249296,0.5839035511016846,0.541642439365387,-0.02041159756481644,0.5791989088058472,0.558376669883728,-0.014325746707618221,0.5914841055870056,0.5883935689926147,-0.02100364789366716,0.5984129786491394,0.5465288758277893,-0.02312017828226086,0.5946724176406861,0.5504180431365967,-0.017855035886168442,0.5907313823699951,0.5602799534797669,-0.01305412035435436
0.5621865510940552,0.6337514996528627,1.0366838942843515e-08,0.5505446076393128,0.5979534149169922,-0.0016297171241603202,0.5533290028572082,0.5555128455162048,-0.004777693795040201,0.5620681881904602,0.5194169402122498,-0.006708914227783641,0.5716133952140808,0.4974626958370209,-0.008142056688666301,0.5513697743415833,0.5628286719322205,-0.01772412844002244,0.554310405254364,0.5182101130485536,-0.02782662399113172,0.557409918308258,0.487071818113327,-0.033863571286201405,0.560119664669037,0.4630160629749298,-0.03742131292819972,0.5651847958564759,0.5711615204811097,-0.019602569565176923,0.575695276260376,0.5150586247444152,-0.02904567271471018,0.5752251386642456,0.5268123030662537,-0.028382184728980023,0.5713175892829896,0.5448411703109741,-0.025861228257417643,0.5793894767761231,0.5804457187652589,-0.02074826471507544,0.5888685822486878,0.5294373631477356,-0.02707946188747878,0.5853759765625,0.5405797481536865,-0.02109761759638784,0.5805809736251831,0.5566693782806398,-0.014979026094079001,0.5917450070381165,0.5903678655624389,-0.02186012193560594,0.5996296763420106,0.5473338007926941,-0.02395131029188628,0.5962213158607483,0.5480123639106751,-0.01882355622947212,0.5921935677528382,0.5557697653770447,-0.014094292558729621
0.5623106241226197,0.6335810661315919,1.0607824574293546e-08,0.5512650012969971,0.5971416711807251,-0.00173452162416646,0.5546342968940735,0.5540934681892395,-0.005112276505678841,0.5638184309005737,0.5177886366844178,-0.0072094444185495,0.5735798835754395,0.49588636159896854,-0.008801888208836262,0.5523664116859436,0.5625560283660889,-0.018497032672166798,0.5559198737144471,0.5181016087532043,-0.028808711841702403,0.5594213962554933,0.48657947182655337,-0.0348976679146289,0.5625216722488403,0.46256562471389767,-0.03844272196292874,0.5661612033843995,0.5717994689941407,-0.020273349434137302,0.5773447990417481,0.5158480525016784,-0.029814960435032782,0.5768168687820435,0.5268818974494934,-0.02902357876300808,0.5729352951049805,0.5445950865745545,-0.02640951089560982,0.5803326010704041,0.5817877531051636,-0.021287839859724003,0.5905014514923096,0.5304032802581787,-0.027705528214573824,0.5870620012283325,0.5395748615264893,-0.021778154000639906,0.5821986317634582,0.5550042986869812,-0.015673651359975324,0.5926861524581909,0.5920955538749695,-0.022246516868472038,0.6012199759483338,0.5481041431427002,-0.02456575445830816,0.5979014277458191,0.5461779952049255,-0.0196886226534843,0.5937377333641052,0.552253246307373,-0.015094950981438121
0.562501335144043,0.6324666380882263,5.0666552731115645e-09,0.5519361734390259,0.5959365367889404,-0.0016461985651403002,0.555646014213562,0.5532115221023559,-0.0048564467113464405,0.5655145764350891,0.5176281452178956,-0.00673056859523056,0.5758294224739074,0.49650408029556276,-0.008076482545584381,0.5533126711845398,0.5614380359649658,-0.018426782265305478,0.5580119132995606,0.5172720074653625,-0.029066779091954185,0.5620190978050232,0.48598219156265254,-0.035413007438182764,0.5655093550682068,0.46190730333328245,-0.03910840898752208,0.5668653011322022,0.5711665153503418,-0.020110886171460122,0.5792562127113343,0.5161494970321656,-0.02984653376042836,0.5786660194396973,0.5284523248672485,-0.028951509669423062,0.574406361579895,0.5464829683303833,-0.026200641319155643,0.5807094931602479,0.5816173911094665,-0.02108599059283728,0.5917408823966981,0.5309198141098023,-0.02783623225986954,0.5885278820991516,0.5402512669563293,-0.021973482146859142,0.5834196209907532,0.5554158091545105,-0.015792357735335803,0.5928209304809571,0.5922603130340576,-0.021965532749891218,0.6022404909133912,0.5487559080123902,-0.02485833093523972,0.5997131824493409,0.5450038552284241,-0.020417554676532702,0.5957297563552857,0.5489912152290345,-0.01603055503219362
0.5624235033988952,0.6310178756713867,1.4891847310849474e-08,0.5524310111999512,0.593643069267273,-0.0016147964866831202,0.5566495418548585,0.5507423639297486,-0.0049503847490995415,0.5668559789657593,0.515576195716858,-0.00690541993826624,0.5773691773414612,0.4948848128318787,-0.00827378146350378,0.5539539337158204,0.5597821474075317,-0.01886869780719276,0.559514057636261,0.515844464302063,-0.029352176561951604,0.5639839410781862,0.4844922244548797,-0.03554292768239968,0.5678742170333863,0.46075702905654903,-0.039108547568321175,0.5672798037528992,0.5704626321792603,-0.02048004902899262,0.5804774284362793,0.515830147266388,-0.030224993079900682,0.5796433806419373,0.5260521173477173,-0.02945100441575046,0.5751422882080078,0.5432110786437989,-0.026759776473045303,0.5809239864349366,0.5815495610237122,-0.021284817159175823,0.5928472518920899,0.5310265064239502,-0.027973560243844942,0.5895705103874207,0.5379031658172607,-0.02240364626049992,0.5841289401054383,0.5523118257522583,-0.0163577854633331,0.5929168105125427,0.5924150347709656,-0.02197841890156262,0.6034254312515259,0.5484778761863709,-0.0250817529857158,0.6015162944793702,0.5406265139579773,-0.021160665526986082,0.5976592540740967,0.5417942643165589,-0.01701235547661778
0.5622629880905151,0.6292214035987854,2.180897951120642e-08,0.5525822997093202,0.5911593675613404,-0.0013608611887320201,0.5570456504821778,0.548737895488739,-0.00472247055731708,0.5678387999534606,0.514372193813324,-0.00656181573867794,0.5788339376449585,0.49497361183166505,-0.00773652940988534,0.5536082744598388,0.5579864501953126,-0.01957642920315262,0.5600649952888489,0.5141424655914307,-0.030146716162562343,0.5652151703834534,0.4827281177043915,-0.03664411529898638,0.569543206691742,0.4589662551879883,-0.0404289916157722,0.5667233467102051,0.5694514870643616,-0.02114762663841244,0.580996036529541,0.5153878927230835,-0.030327577516436523,0.5804695606231689,0.5245092391967774,-0.02955078221857544,0.5757946491241455,0.5408416032791138,-0.027169415727257683,0.5803080081939698,0.580488133430481,-0.02179511301219458,0.593029773235321,0.5305063009262085,-0.02781424745917316,0.5899719119071961,0.5369192242622376,-0.02227853126823898,0.5843821048736573,0.550966489315033,-0.016544992849230743,0.5924248933792114,0.5908099770545959,-0.022319008782505922,0.6034772396087646,0.5473302364349365,-0.02487491257488722,0.601813805103302,0.5398892402648926,-0.0208011023700237,0.5979402542114258,0.5412558078765869,-0.016688799113035162
0.5614437103271485,0.6260161161422729,3.524454808001565e-08,0.5523146510124206,0.5881161570549012,-0.0014733722200616602,0.5568760395050049,0.5458028197288514,-0.00498043880797918,0.5677417039871216,0.5117279291152955,-0.00701973158866162,0.5785917639732361,0.49279833436012266,-0.008379028923809461,0.5524905800819397,0.5546876430511475,-0.0193612582981586,0.5593998312950135,0.5112730622291566,-0.02989869490265844,0.5652495265007019,0.48046412467956545,-0.03643270730972287,0.5700888633728027,0.45710761547088624,-0.040251196175813624,0.5649438500404358,0.5665679216384889,-0.02114321961998936,0.580217981338501,0.5137670040130615,-0.030486727133393243,0.580005443096161,0.5232862591743469,-0.02988197878003116,0.5749492168426514,0.5395031332969665,-0.02763834334909912,0.5782476305961609,0.5779730677604676,-0.022042961046099603,0.5918587923049927,0.5295133352279664,-0.028231106698512982,0.5890463829040528,0.5373785614967347,-0.02271621152758594,0.5831551194190979,0.5515491604804993,-0.01701136827468868,0.590366268157959,0.5886530756950379,-0.02285641804337494,0.6020437240600587,0.5463881492614746,-0.02528718598186966,0.6005961537361144,0.5412980198860169,-0.0209446597844362,0.5965801119804383,0.5442410111427307,-0.01669711843132968
0.56007878780365,0.6220839858055115,5.809908394383002e-08,0.5514215230941772,0.5846566915512086,-0.0014394955243914802,0.5560446381568909,0.5426357388496399,-0.00523308045230802,0.5670372366905212,0.5091283679008484,-0.00773688685148948,0.5777655720710755,0.4905654668807983,-0.00957603808492416,0.5504660367965699,0.5508638620376587,-0.019098208844661662,0.5578563570976258,0.5075370013713837,-0.029741359874606098,0.5644317507743836,0.477163827419281,-0.03640932887792584,0.5698061227798463,0.4543376207351685,-0.040291738510131785,0.5619912147521974,0.5630623698234558,-0.0212856404483318,0.5786196112632752,0.5110671281814576,-0.03112876676023002,0.5794118762016296,0.5199545741081238,-0.030981523916125256,0.5744584202766418,0.5357050776481629,-0.029010195285081822,0.5749384880065918,0.5749197602272034,-0.022598139941692276,0.5898821592330933,0.5274251341819763,-0.029114462807774483,0.5879405617713929,0.5359613418579102,-0.02364144846796984,0.5820167779922486,0.5500317692756653,-0.017956587672233543,0.5869417309761048,0.585913896560669,-0.02387477159500114,0.5999954342842103,0.5448578119277954,-0.026312818378210038,0.5994104623794556,0.541040587425232,-0.02178539820015428,0.595646631717682,0.5444716334342957,-0.0174288179725408
0.5579470515251159,0.6180166721343995,8.753708513609128e-08,0.5497621417045593,0.5808650255203247,-0.0015576619305647402,0.5545483112335206,0.538388192653656,-0.0058003093115985005,0.5655946254730224,0.5047258913516999,-0.009010705351829459,0.5761029481887817,0.4859009027481078,-0.01160379908978932,0.5475391149520875,0.5456818819046021,-0.01850884109735484,0.5552301406860352,0.5031852841377259,-0.02909398451447484,0.5624812126159668,0.4730906426906586,-0.03586520627140994,0.5681953787803651,0.45078803300857545,-0.03983034193515773,0.5582624673843384,0.5584691047668457,-0.0212111737579107,0.5761792302131653,0.5076334834098816,-0.03165286071598526,0.5785160779953002,0.5151763677597047,-0.03229208961129186,0.574186372756958,0.5301165461540223,-0.030824570730328522,0.5710092067718506,0.5710201382637025,-0.02305515557527536,0.5871393561363221,0.5250870823860169,-0.030061496421694686,0.5865705966949464,0.5336267590522766,-0.024946999177336643,0.5810293555259705,0.5473552584648134,-0.0194879118353128,0.583009672164917,0.5824901342391968,-0.02491594329476348,0.5971890330314636,0.5426611065864563,-0.02730078399181364,0.597275471687317,0.5407368421554566,-0.0225076679140329,0.5936362981796265,0.545554518699646,-0.01800863780081266
0.5560653567314149,0.6146717071533203,1.107545784861941e-07,0.5480701565742493,0.5781691193580628,-0.00166608307044948,0.5527783870697022,0.5356038451194763,-0.0062577485106885,0.564061188697815,0.5020033478736877,-0.00998874027281994,0.5744953751564026,0.48305923938751216,-0.01313451025634996,0.544627046585083,0.5418629050254822,-0.0182261630892753,0.5527261614799499,0.49981665015220644,-0.029120401665568323,0.5605138540267944,0.46977360844612126,-0.03626052662730212,0.5664563655853272,0.4477760434150696,-0.04042605608701701,0.5546210527420045,0.5549923539161683,-0.021314787492156005,0.5739417672157288,0.5046058893203735,-0.032430190593004185,0.5777803540229798,0.5112746715545655,-0.033719285577535604,0.5740451335906983,0.5258267521858215,-0.032634077966213176,0.567192554473877,0.5678690195083618,-0.023583009466528842,0.5845030665397645,0.5226546406745911,-0.03117672428488724,0.5852285027503967,0.5315792083740235,-0.02631836831569666,0.580075740814209,0.5451708316802979,-0.020981909707188565,0.5792203545570374,0.5794443130493164,-0.025898754596710122,0.5944104552268982,0.5405861139297485,-0.02832779772579668,0.595064902305603,0.5410874485969543,-0.023234983161091762,0.5915040731430053,0.5475686669349671,-0.01855725683271878
0.5538874030113221,0.6097581863403321,1.3478218505724728e-07,0.5462811112403869,0.5740080118179322,-0.00148092699237164,0.5508591771125794,0.5314396381378175,-0.00645241970196362,0.5618935704231263,0.49773339033126834,-0.01088894046843046,0.5722741961479187,0.47815953493118285,-0.014870011992752482,0.5416263937950134,0.5374157071113587,-0.017471019923686923,0.5498619556427002,0.49549836516380313,-0.028174579516053164,0.5579415798187256,0.4658226013183594,-0.0350891657173633,0.5640274524688721,0.444443941116333,-0.03912678584456439,0.5507662177085877,0.5503740072250366,-0.0210862811654806,0.5710405588150025,0.5006484389305115,-0.03273189105093474,0.5764541387557984,0.5055323541164398,-0.03447714745998378,0.5736568331718446,0.5190908074378968,-0.033629466965794504,0.5629525065422059,0.5636860489845277,-0.023891285806894258,0.5811014413833618,0.519259798526764,-0.031981589272618224,0.5833812713623047,0.526888406276703,-0.027358803153037983,0.579031801223755,0.5395233154296875,-0.022167405858635844,0.5747420310974121,0.5759093284606933,-0.026745878159999764,0.5906940340995788,0.5383166909217835,-0.02955906465649602,0.5924078345298768,0.5384995818138123,-0.02460560835897918,0.5894720911979676,0.5444610357284547,-0.0200183562934398
0.5514750123023987,0.604706883430481,1.5077555985953954e-07,0.5442166686058044,0.569464921951294,-0.00149825001135464,0.5486991167068482,0.5269372820854188,-0.006604563817381799,0.5597057342529297,0.4937547087669372,-0.011386016383767081,0.570459282398224,0.4740904986858368,-0.01577934324741358,0.5387699007987976,0.5318994641304016,-0.01665612589567894,0.5472638368606567,0.49057237505912776,-0.02717095948755736,0.5553566813468933,0.4615751504898072,-0.03399619311094278,0.5614911079406738,0.44054540395736697,-0.03809091672301286,0.5472992539405823,0.5445829391479493,-0.02060320563614366,0.5682061553001404,0.4961482882499695,-0.032511667534708924,0.5751682400703431,0.4994473397731781,-0.034787273406982386,0.5737557888031006,0.5115803718566895,-0.0344007730484008,0.5590102076530457,0.5580344200134277,-0.02380230799317356,0.5778260707855225,0.514989471435547,-0.03207377344369882,0.5812183260917664,0.5214673280715943,-0.027879849448800044,0.5775326609611511,0.532953941822052,-0.02314874380826944,0.5704324603080749,0.570694875717163,-0.027110559120774202,0.5869554281234741,0.535215997695923,-0.03019266650080678,0.5889997243881225,0.5352407813072205,-0.02565868683159346,0.5860630512237549,0.5407184123992921,-0.021482169628143262
0.5493964552879333,0.5998959660530091,1.6463681618006376e-07,0.5429738402366638,0.5646901488304138,-0.001327592076268,0.5473445773124694,0.5226276755332947,-0.00646079918369644,0.558158802986145,0.49002240896224974,-0.011469649709761099,0.5689921140670776,0.47070285677909857,-0.01617540381848806,0.5360838770866394,0.5256944894790649,-0.015806348808109702,0.5449175596237184,0.48533588051795956,-0.025928611308336222,0.5531230688095093,0.4573302626609802,-0.032533937320113115,0.5592797160148621,0.43671213388443,-0.03660989254713052,0.5434055328369141,0.538870644569397,-0.020039913430809943,0.5643460631370545,0.4925438046455384,-0.03170019909739488,0.5732487320899964,0.4935777187347412,-0.034385076165199244,0.5739390850067139,0.5034505724906921,-0.0345086142420768,0.5544093132019043,0.5528453111648559,-0.02358089350163932,0.573375689983368,0.511262321472168,-0.031843287497758825,0.578880786895752,0.5147760033607482,-0.02846492677927012,0.5770318031311035,0.5239695549011231,-0.024508035182952824,0.5655882000923157,0.5658038616180421,-0.02721952162683004,0.5822034835815431,0.5317798852920532,-0.03055266775190828,0.5856681227684022,0.5302094221115112,-0.026677176356315564,0.5839777946472169,0.5343226313591004,-0.02309077754616734
0.5486209750175477,0.5960076451301575,1.6624398710973764e-07,0.5430689573287965,0.5609232544898988,-0.00075311464024706,0.5470010995864869,0.5193596243858337,-0.00569689557887608,0.5571022748947144,0.48724603056907656,-0.01078366572037334,0.5674795508384705,0.4674357771873474,-0.015651690587401342,0.5340479493141174,0.5208645582199096,-0.014558295719325482,0.5426702022552491,0.4803028047084808,-0.0240986809134483,0.5508419871330262,0.4529473006725312,-0.03016489632427688,0.5570844769477845,0.43272874355316165,-0.033969835191965045,0.5401126265525819,0.5339725255966188,-0.01916297748684878,0.5602709293365479,0.4888463735580444,-0.030417698249220783,0.5709243535995484,0.4884155452251434,-0.033113229274749724,0.5736838817596436,0.49681146144866944,-0.0334350146353244,0.5503071665763855,0.5479489445686341,-0.02312536202371116,0.5689798951148988,0.5070525527000427,-0.03128921836614604,0.5764719128608704,0.5081752717494965,-0.028419691696763002,0.5765897393226624,0.5157441377639771,-0.024994128197431503,0.5611576437950135,0.5610638618469239,-0.02713801600039,0.5773252367973327,0.5277219414710999,-0.030667381361126886,0.5821624159812927,0.5241860866546632,-0.027354637160897203,0.5818233609199523,0.5269660472869873,-0.02427153848111626
0.54798344373703,0.5927206873893738,1.6409382510573778e-07,0.5436494588851929,0.557719612121582,0.00013986210105939993,0.5469555377960206,0.5169316768646242,-0.0046789130661636005,0.5560739517211915,0.48543145656585696,-0.00998742636293168,0.5659587025642395,0.46499736309051515,-0.015240902081131902,0.5318500995635986,0.5158397436141968,-0.013520996458828401,0.5402531385421754,0.4748533070087433,-0.02269684746861454,0.5484140753746033,0.448206114768982,-0.028373319655656783,0.5547303318977356,0.428800368309021,-0.0319926649332046,0.5365805625915527,0.5288092732429506,-0.01872861906886094,0.555573320388794,0.48428143858909606,-0.029762129113078063,0.5683714866638183,0.48211991786956787,-0.032584378123283346,0.5734168529510498,0.489157509803772,-0.03317223861813538,0.5459367513656617,0.5428663730621338,-0.02329219430685038,0.5638312339782715,0.5020894348621369,-0.03171632438898082,0.5738476276397706,0.5006279110908508,-0.0295248910784721,0.57633455991745,0.506690502166748,-0.02665661871433252,0.5564193487167358,0.5562424778938293,-0.02777524217963214,0.5717422008514405,0.5231812596321107,-0.03174027539789675,0.5782395839691162,0.517402482032776,-0.029026269540190643,0.5795699000358582,0.5188680768013001,-0.02643790729343888
0.5477330684661865,0.5916159749031067,1.6154059494510876e-07,0.5444280266761781,0.5566810727119446,0.00098692822502924,0.5472392439842224,0.5164033293724061,-0.00366680030710988,0.5556118965148926,0.4854255199432373,-0.009102485235780442,0.5647951602935791,0.46414755582809447,-0.014602522552013362,0.5302199244499206,0.5122754812240601,-0.012703885696828319,0.5385866284370423,0.47077440023422235,-0.02164276428520676,0.5467608332633972,0.44458228945732114,-0.027084098383784262,0.5530863165855407,0.4258797883987427,-0.03056982457637782,0.5338118076324463,0.5255563259124756,-0.018429453670978462,0.5517638087272645,0.4808826923370361,-0.029382716119289363,0.5663098454475403,0.4770771026611328,-0.03241939023137088,0.5732774376869202,0.48305156230926516,-0.0332427449524402,0.5424845576286317,0.5398400902748108,-0.0234743703156709,0.5597688436508179,0.49859571456909174,-0.0321532361209392,0.5717822313308716,0.49507068991661074,-0.03057376705110068,0.5761368274688721,0.5001092195510864,-0.02813361696898932,0.5526809930801392,0.5532531380653382,-0.028312797844409904,0.5675709843635559,0.5198716521263123,-0.03257501795887944,0.5753306984901428,0.5120164394378662,-0.03032729215919964,0.5779112339019775,0.5121502161026001,-0.028089460730552643
0.548235845565796,0.590976107120514,1.5807443105586573e-07,0.5468742609024048,0.5554253935813904,0.0022460252163,0.5491786599159242,0.5163917303085328,-0.0022951976105104396,0.5564931988716125,0.4858272194862366,-0.008104814123362261,0.5644880890846252,0.46343240737915037,-0.014172030240297282,0.5290543675422669,0.5091884255409241,-0.01152004003524776,0.536843752861023,0.46699388027191163,-0.02049149051308628,0.5450939774513246,0.4407714366912842,-0.025931014120578723,0.5514331221580505,0.42257907390594485,-0.02937043793499466,0.5310577392578125,0.5221613049507141,-0.018009563907980843,0.5480225682258606,0.4770593404769897,-0.0289179496467113,0.5647082328796387,0.4719455003738403,-0.03208780884742732,0.5736125230789185,0.4774695873260498,-0.03303501382470126,0.5388449549674988,0.5364077091217041,-0.02378741689026348,0.5555506467819213,0.4947681605815887,-0.03285776674747462,0.5704039812088013,0.4897384464740754,-0.0316318921744823,0.5771759986877443,0.49451665282249446,-0.02935093641281124,0.5487003326416016,0.5497081756591797,-0.02920143380761142,0.5629403352737427,0.5158638119697572,-0.03395275473594662,0.5731690168380738,0.5057314276695252,-0.03198881559073918,0.5782727003097534,0.5045298099517822,-0.029852781444787937
0.5486977338790894,0.5903412699699402,1.4821472689163785e-07,0.5495337128639222,0.5533485889434815,0.00306236844044174,0.551510226726532,0.5149842739105225,-0.0012138234684243203,0.5577204346656799,0.4844867646694183,-0.0071260116063058005,0.564616584777832,0.460423469543457,-0.013362930156290502,0.528631865978241,0.5068498134613038,-0.009720523282885519,0.5353209137916566,0.4638616025447846,-0.01871124282479282,0.543464207649231,0.43743739128112796,-0.02417505793273444,0.5498997807502747,0.4194935500621796,-0.02759802639484402,0.5294624209403992,0.5187469840049744,-0.01667313147336238,0.5454452991485595,0.47240400314331055,-0.02784239202737804,0.5631893873214722,0.4676067948341369,-0.0311089720577001,0.57295800447464,0.4739559292793274,-0.031967710703611325,0.5361985802650452,0.5321839332580567,-0.02297040373086922,0.5522295951843262,0.49011051654815674,-0.032496594637632326,0.5682290196418762,0.4859484672546387,-0.031236772984266244,0.5760470271110535,0.49181475043296813,-0.02873265147209164,0.5452514290809631,0.545310127735138,-0.028835971280932387,0.5585799813270569,0.5116901159286499,-0.033957958221435505,0.5694464445114136,0.5017220735549927,-0.03196644224226468,0.5753498911857605,0.5010193884372711,-0.029665350914001416
0.5482418060302735,0.5900280833244325,1.4099293537128689e-07,0.5517050862312317,0.5508341073989869,0.0036895525641739,0.5535137295722962,0.5130565404891968,-0.0004409935791045,0.5590405941009522,0.48278934359550474,-0.00653042457997796,0.5651945114135742,0.4579420745372772,-0.013063673861324761,0.5280309796333313,0.5037444531917572,-0.008545306697487801,0.5341395258903504,0.46080380678176885,-0.017793125845491843,0.5422762989997864,0.43439831733703616,-0.02357971668243402,0.5488699078559875,0.4163465201854706,-0.02727210633456704,0.5276619911193848,0.5151588439941406,-0.016098831407725764,0.543059515953064,0.4675292730331421,-0.02797512561082836,0.5618518471717835,0.46332678198814387,-0.03172767497599118,0.5724873781204224,0.47072366476058963,-0.03273103386163708,0.5334433555603028,0.5285035729408265,-0.02302959747612468,0.5488112449645997,0.48553483486175536,-0.0332899525761604,0.5660692811012268,0.4822096049785614,-0.032228668034076646,0.574926769733429,0.48917196393012996,-0.02964630015194414,0.5418052196502685,0.542046332359314,-0.029481309652328442,0.5540900826454163,0.508123528957367,-0.035303529351949636,0.5655420064926148,0.4978703141212464,-0.033544509857892944,0.572300922870636,0.49711754322052004,-0.031273834034800475
0.5473609566688538,0.5899209260940552,1.388247454769953e-07,0.553688430786133,0.5481821894645691,0.0040355468168854405,0.5555921077728272,0.5101535439491272,2.6797223836200017e-05,0.5606114268302917,0.4799865782260895,-0.006197127792984201,0.5659820556640626,0.45409191250801084,-0.012992908619344202,0.5280067563056946,0.5006177961826325,-0.00754098789766426,0.5330103754997254,0.45812227129936217,-0.016945271380245642,0.5408959627151491,0.43119434714317323,-0.02305210269987576,0.5474057197570801,0.4123325705528259,-0.02706875056028362,0.5262426137924194,0.5117545962333679,-0.015602341108024081,0.5403599143028259,0.46329375505447384,-0.02805848382413382,0.5597983360290528,0.4587724685668946,-0.03251502551138394,0.5712668061256408,0.4666345298290253,-0.03392195254564282,0.5307059288024902,0.5251999974250794,-0.023092079907655643,0.5448206901550293,0.4818054735660553,-0.033649998903274525,0.5626999616622925,0.4779656052589416,-0.03309153169393534,0.5724480628967286,0.48509829044342034,-0.030880698561668384,0.5381255149841309,0.5395222663879394,-0.0301281545311212,0.5486051917076111,0.505763328075409,-0.036471306532621345,0.5601234436035156,0.49450796842575073,-0.03532474040985104,0.5676361918449402,0.4930163085460663,-0.0335224706679582
0.5473661303520203,0.5884459853172302,1.340525187742969e-07,0.5562278151512147,0.5453665971755981,0.0038066594861447403,0.5582772254943849,0.5069728493690491,-0.00019124411046504003,0.5626561760902404,0.4769148886203766,-0.006623532623052541,0.5670729398727418,0.44977614283561707,-0.0137267971411347,0.5298290610313416,0.4961244225502014,-0.00641322843730444,0.5321720361709595,0.4541524171829224,-0.015976911969482862,0.5395581245422364,0.4270698368549347,-0.02240698486566536,0.5458022832870484,0.40753786563873295,-0.026725524663925124,0.5265681147575378,0.5066705286502838,-0.014779085107147661,0.5371111035346985,0.4579277694225311,-0.0279049184173345,0.5570490956306458,0.45272221565246584,-0.03333156593143934,0.5695525288581847,0.4609620928764343,-0.035272136330604525,0.5289939999580383,0.5201252579689026,-0.022725108265876703,0.539682412147522,0.47690482735633843,-0.033587153255939486,0.5582332611083984,0.472029709815979,-0.033868142217397645,0.5692898511886597,0.47898176908493034,-0.03224124945700166,0.5344964623451233,0.5354123234748841,-0.03031481206417078,0.541667926311493,0.5021599411964417,-0.037324445694684946,0.5534177303314209,0.4896679878234863,-0.03711856529116628,0.5621500253677368,0.4873516380786896,-0.035991923883557264
0.5474449872970581,0.5873302340507508,1.373780321500817e-07,0.5574140429496766,0.5439363956451416,0.00242125676013528,0.5594086766242982,0.5048655033111572,-0.00189940592390486,0.5636667013168335,0.47480807900428773,-0.00851132236421102,0.5678082108497621,0.4464070379734039,-0.01581645216792818,0.5317837238311769,0.4927086770534516,-0.00640423912554974,0.5320786118507386,0.4507360219955444,-0.01637919191271064,0.5387139678001405,0.42330732345581057,-0.02331540882587426,0.5446043014526368,0.4029052376747131,-0.02805511914193624,0.5275704145431519,0.5029714584350586,-0.014457274042069881,0.5339128375053406,0.45370808243751526,-0.028682280704379046,0.5535381674766541,0.4472745537757874,-0.0356253813952207,0.5670132160186767,0.4548519194126129,-0.03838596716523166,0.528239369392395,0.5168157577514649,-0.022271016985177944,0.5339059352874757,0.4740829288959503,-0.03375107124447822,0.5522396564483643,0.4663651108741761,-0.03563208207488054,0.5646727561950684,0.47095444798469543,-0.03506533950567242,0.531771218776703,0.5333480954170227,-0.029871343821287102,0.53473219871521,0.5011479377746582,-0.0376693025231361,0.5455498099327087,0.4860915124416351,-0.03893826976418492,0.5547270774841309,0.48081322908401486,-0.0389225218445062
0.5477765440940857,0.5866959095001221,1.398102369876142e-07,0.5581909179687501,0.5439752578735352,0.00114423912018538,0.5600042462348939,0.5041932702064514,-0.00361857453826816,0.5642977595329285,0.4741523385047912,-0.010534446686506202,0.5683441877365112,0.44470791816711425,-0.0182434760034084,0.5337317109107971,0.4897581934928894,-0.0070936825126409,0.5323916196823121,0.4478485465049744,-0.01755848769098518,0.5383335709571838,0.4201017439365387,-0.025007958337664542,0.5437899112701416,0.3989035069942474,-0.03018455579876892,0.5290138602256775,0.4998349010944366,-0.0149853944778442,0.5313966035842895,0.45050370097160336,-0.030178789049386943,0.5507075309753419,0.44292730689048776,-0.03851042687892908,0.5650245308876038,0.4497523784637451,-0.04211991056799884,0.528398871421814,0.5143733739852906,-0.0227720912545919,0.5292129755020142,0.4726431787014007,-0.0348368652164936,0.5473976492881776,0.4623050510883332,-0.038297678530216164,0.5611368775367738,0.46455153822898865,-0.03886823654174801,0.5304148197174072,0.5323957920074462,-0.030456748232245402,0.5291542887687684,0.5012254595756531,-0.039046934247016885,0.5391343116760254,0.483678150177002,-0.041779278963804206,0.5488379597663879,0.4755725741386413,-0.042935696244239735
0.5481590151786805,0.5859151601791381,1.4583748964014376e-07,0.558581018447876,0.5442225337028503,-0.00018865191377697983,0.5601765394210816,0.5036806344985962,-0.0054363549221307,0.5645156979560852,0.47340994477272036,-0.01261710263788692,0.5687575340270996,0.44328632354736325,-0.02062413580715652,0.5355413913726808,0.48758383393287663,-0.008312327973544559,0.5322196841239929,0.44530534744262695,-0.01947970725595948,0.5378559112548829,0.41740870475769043,-0.027403070032596524,0.5433963894844055,0.39605231285095216,-0.03283373080193988,0.53047434091568,0.4976983964443207,-0.01587327197194096,0.5285727381706238,0.44809147715568537,-0.03181005679070946,0.5474238753318786,0.438705587387085,-0.04113248959183688,0.5625612258911133,0.44423065185546873,-0.04531113877892488,0.5287840843200684,0.512976348400116,-0.02346121072769162,0.5246873259544372,0.4720596253871918,-0.036028134077787384,0.542254626750946,0.45861127972602844,-0.040812437981367064,0.5570053696632385,0.45796969532966614,-0.04229988902807231,0.5294635415077209,0.5322088956832887,-0.031035795807838405,0.524124264717102,0.5024234294891358,-0.04026681855320929,0.532832396030426,0.482815158367157,-0.044161784648895225,0.5425647616386414,0.4722293138504028,-0.04620609432458873
0.5489785313606264,0.5840273380279541,1.5164795570399294e-07,0.5590343713760376,0.5437261819839477,-0.0018925741780549,0.5605372309684754,0.5031527280807495,-0.0077895482070743805,0.5650051832199097,0.4728624522686004,-0.0153213452547788,0.5693724989891052,0.4422821223735809,-0.02360829189419742,0.5371167778968811,0.48497848510742186,-0.009499706793576439,0.5320275664329528,0.44233545660972595,-0.0213824268430471,0.5375888705253602,0.4147593796253205,-0.029848007112741423,0.5435102105140686,0.3934617698192596,-0.03559415414929382,0.5318976521492005,0.49487181305885314,-0.016534461826086002,0.526104736328125,0.44532328248023983,-0.03322863727807996,0.5442888021469117,0.4350918769836425,-0.04348267540335652,0.559972059726715,0.43943862915039067,-0.04821176454424852,0.5293348550796508,0.5106006979942321,-0.02378480099141594,0.5209098219871521,0.4704625606536865,-0.036927542835473975,0.5378245234489442,0.45541275143623355,-0.04276725128293034,0.553256380558014,0.4526024758815765,-0.044966755807399686,0.5288312911987305,0.530696451663971,-0.031157294660806623,0.5204870343208313,0.5023176670074463,-0.04100391566753384,0.5277584195137024,0.481223076581955,-0.045869065821170764,0.5368357658386231,0.4681922733783722,-0.04865134805440898
0.5485217332839967,0.5834734320640564,1.639310283962914e-07,0.5587682962417603,0.5430947780609131,-0.00317820501513774,0.5603060126304626,0.502700424194336,-0.00977028617635366,0.5651377081871033,0.4724948167800903,-0.017706435360014382,0.5697940826416016,0.44158999919891356,-0.02637344561517234,0.5366692304611206,0.4834074854850769,-0.01112826243042942,0.5314435958862305,0.4399128556251526,-0.0238861214369535,0.5373430490493775,0.41249737739562986,-0.033049162477254826,0.5440672397613525,0.39150853753089904,-0.03925571963191026,0.5314039826393128,0.4935108363628387,-0.01787351742386814,0.5239349603652954,0.4429410755634308,-0.03533725216984746,0.5415309309959412,0.4318004667758942,-0.0464300118386745,0.5576831936836243,0.4347721695899963,-0.05176466405391686,0.5285656929016114,0.5099500417709351,-0.024939074739813757,0.5178547978401183,0.4690695583820343,-0.03876134306192394,0.533877980709076,0.45254795551300053,-0.04550348520278928,0.5495340704917908,0.44769647717475886,-0.048384743183851185,0.5276382803916931,0.5309935688972474,-0.03219415843486782,0.5179402709007264,0.5031694650650025,-0.04274137243628498,0.5233483910560608,0.4802385985851288,-0.048473866283893545,0.5310204267501831,0.46436086297035223,-0.051969740539789165
0.5475487828254699,0.5847055912017822,1.6520278336429331e-07,0.5585774421691895,0.5443186283111572,-0.00369569817557926,0.560480010509491,0.5034179210662842,-0.01060380721464748,0.5653362631797791,0.47265257835388186,-0.0186970261856913,0.5700145840644837,0.44123225808143607,-0.02758743651211256,0.5365116119384765,0.4824508726596832,-0.01221709586679932,0.5311549186706543,0.4381485402584076,-0.025297836214303922,0.5371790528297424,0.4109628856182098,-0.03475231342017646,0.5443854689598083,0.39049925208091735,-0.04115603491663928,0.5309717297554016,0.4926046788692474,-0.018828889727592422,0.5225102424621583,0.44150012731552124,-0.035954152792692165,0.5391958832740784,0.4283520400524139,-0.047136268764734215,0.5551600337028504,0.4290548264980316,-0.052888442575931484,0.527761733531952,0.50945885181427,-0.02580359466373916,0.5164001941680908,0.46691582202911375,-0.03964063301682468,0.5313307762145996,0.44918714761734013,-0.04676379263401028,0.5464121341705322,0.4430627286434173,-0.05016261562705035,0.5265803694725038,0.5312071681022644,-0.03295549526810642,0.5164937138557434,0.502646815776825,-0.0438479825854301,0.5206826090812683,0.4790192365646363,-0.04990444928407666,0.527143931388855,0.4622941315174102,-0.05374705642461772
0.5461639881134034,0.5856759071350097,1.6500875688052474e-07,0.5581451892852783,0.5456189513206482,-0.00426419596187766,0.5604839682579041,0.5044090509414674,-0.0112597421742975,0.5654379963874818,0.47289130687713626,-0.019311342947185,0.5705140113830567,0.44101741909980774,-0.02817646116018288,0.536419665813446,0.4804489076137542,-0.01248068623244758,0.531566870212555,0.435451465845108,-0.025530831515788985,0.537330973148346,0.40862606763839726,-0.035042601823806724,0.5445005059242248,0.388305538892746,-0.04155141040682788,0.5302626490592957,0.4899339914321899,-0.018856435269117303,0.5211581826210022,0.43896501660346987,-0.03538235649466512,0.536492395401001,0.4240170538425446,-0.0464330673217773,0.5519807457923889,0.42222630977630615,-0.05244244784116739,0.5262339472770692,0.5068646788597106,-0.025706620514392802,0.5141984343528748,0.4630407392978668,-0.039423398673534345,0.5279836654663086,0.44455072879791263,-0.046675236523151364,0.5427044630050659,0.4371683061122894,-0.05037587657570834,0.5242957353591919,0.5292915105819702,-0.032767266407608936,0.5133921027183533,0.5003951847553253,-0.04397045671939845,0.5159914374351502,0.47606477141380316,-0.05027771070599554,0.5211780190467834,0.4581951558589935,-0.05437223389744754
0.545108449459076,0.5862493634223938,1.6360360746148218e-07,0.5579555749893188,0.5467223167419434,-0.005019696522504041,0.5609457135200501,0.5053720712661743,-0.01215544752776614,0.5660396337509156,0.4733488738536834,-0.020205244421958903,0.5712724447250367,0.4409350514411926,-0.029066235944628642,0.5368723988533021,0.478583538532257,-0.0124865867197513,0.5326332807540894,0.43319303393363956,-0.025290337949991186,0.5377128720283508,0.4066355288028717,-0.034804880619049045,0.5443132162094116,0.3861936450004577,-0.041461901366710616,0.5300821661949158,0.48720563650131227,-0.01851550079882138,0.5207139253616333,0.4367757320404053,-0.0344300754368305,0.534563934803009,0.420462429523468,-0.04550523534417148,0.5493658304214477,0.416451895236969,-0.051901605725288326,0.525103747844696,0.5039173483848571,-0.025140847638249343,0.5127777814865113,0.4592137515544892,-0.038595500588417,0.5255000948905946,0.4402657866477967,-0.0460397750139236,0.539892065525055,0.4318831861019134,-0.050144495815038645,0.5222730517387391,0.5267791986465454,-0.03205541521310802,0.5110175609588623,0.49759135246276853,-0.04339113533496851,0.5124404072761536,0.4726184189319611,-0.05000120028853415,0.5167237639427185,0.45365810990333555,-0.054457478225231115
0.5434506416320801,0.5870784997940064,1.5636054229162255e-07,0.5573070645332336,0.5474126219749451,-0.0050410240422933805,0.5608975052833557,0.5062011480331421,-0.01185087729245416,0.5662636399269104,0.47335135340690615,-0.019562390446662883,0.571767544746399,0.44089574217796323,-0.02814031727612012,0.5374613404273987,0.4774840474128723,-0.012035016529262019,0.5345123529434205,0.43118574619293215,-0.024172293767333004,0.5385983109474183,0.4048820674419403,-0.03330063745379445,0.5441619753837585,0.3841556906700134,-0.03989366143941876,0.5298846602439881,0.4851016283035279,-0.01792906709015364,0.5212714195251464,0.4353870272636414,-0.032885285466909386,0.5332662343978882,0.4172637045383454,-0.04356081336736674,0.5470082998275757,0.41023120284080505,-0.05010499954223627,0.5238318800926209,0.5013472020626067,-0.024490046501159622,0.5120373964309692,0.4558227419853211,-0.03751687034964556,0.5232705712318421,0.43603711724281313,-0.04498171210288997,0.5369435787200928,0.4261862933635711,-0.049396745115518545,0.5199437737464905,0.5242896437644959,-0.03136119470000262,0.5083011507987977,0.4943113565444946,-0.04288463070988649,0.5085889220237733,0.4690496325492859,-0.04975409880280493,0.5122327089309693,0.4495003342628479,-0.0545052587985992
0.5417991757392884,0.5870887279510498,1.4540960933118185e-07,0.556495976448059,0.5482714176177979,-0.005064172809943501,0.5605222344398499,0.5074268221855163,-0.0114401260390877,0.5660251259803772,0.47360841631889344,-0.01862876303493974,0.5719491720199585,0.4413283705711364,-0.026725295931100783,0.5382505536079407,0.4762871444225312,-0.01197856273502106,0.5365931510925293,0.42971185445785526,-0.02349208407104012,0.5395220160484315,0.40334502458572385,-0.03214737847447392,0.543767249584198,0.3818304419517517,-0.038589354604482595,0.5296902894973755,0.4825055599212647,-0.01761355549097056,0.5217551469802857,0.4336957454681397,-0.0315480254590511,0.53181391954422,0.414477664232254,-0.04142045080661771,0.5443181157112122,0.4050639152526856,-0.047758045792579605,0.5225680351257325,0.49820740818977355,-0.02396047264337536,0.5114740490913392,0.45278081893920896,-0.0365186601877212,0.5211187362670899,0.4325347006320953,-0.04364090189337724,0.5338589906692505,0.4211896657943725,-0.04806134626269338,0.517734181880951,0.5212541580200196,-0.03063141778111454,0.5056477785110474,0.4909268617630005,-0.042272121459245623,0.5049400627613068,0.46601994037628175,-0.04913921356201171,0.5080751061439515,0.4463054656982422,-0.05394007489085192
0.5404277563095093,0.5853042364120484,1.4248389845761267e-07,0.5555005073547363,0.548105525970459,-0.00546839418821032,0.5601100921630859,0.5079228401184083,-0.01158363390713924,0.5659500002861024,0.4735840380191803,-0.01837443150579928,0.5723338246345521,0.4416588544845581,-0.025963529944419802,0.5386871814727784,0.47464458942413335,-0.011801644042134221,0.5381295323371887,0.4282938718795777,-0.022849627584218945,0.5403982877731324,0.4019841611385345,-0.03105514645576474,0.5436834096908569,0.37968597412109373,-0.03727714270353312,0.5290617227554322,0.4794690728187561,-0.017005520313978142,0.5218198299407959,0.4315435826778412,-0.030223546549677804,0.5305909872055055,0.41168830394744876,-0.03922615721821782,0.541969609260559,0.40089935660362247,-0.045090680569410284,0.5209091424942017,0.49453112483024597,-0.0230333168059587,0.5101940631866455,0.44922642707824706,-0.03522489666938776,0.5187728285789489,0.42872694730758665,-0.04173511713743204,0.5307373523712159,0.41618646979331964,-0.045798471570014924,0.5150816559791566,0.5173888564109803,-0.02946991100907322,0.5026831686496736,0.48746952414512634,-0.0411736443638801,0.5010532081127166,0.462572968006134,-0.04794177040457723,0.5035229086875915,0.44204050898551944,-0.05261890739202494
0.5390154600143433,0.5839840292930604,1.455785223924977e-07,0.5544069647789002,0.5482205748558044,-0.00604042769409712,0.5599254965782166,0.5079496383666992,-0.01203347388654942,0.5659490466117859,0.4733296692371369,-0.01850512474775312,0.5724005222320557,0.44163981080055237,-0.025672065466642323,0.5389327883720398,0.473694509267807,-0.0118888329714536,0.5390626907348633,0.4275641441345215,-0.022572825849056205,0.5410413622856141,0.4011423408985138,-0.03042300231754776,0.543934965133667,0.3785181403160095,-0.036379289627075144,0.5283663630485536,0.4778480470180511,-0.01652778945863242,0.5217865824699401,0.43057403564453134,-0.028899837285280183,0.5292389750480652,0.4092778503894806,-0.03715181574225422,0.5393678784370423,0.39683064818382263,-0.04262907281517978,0.5194964528083801,0.49246129989624027,-0.022086241841316183,0.5094457507133484,0.4475519120693207,-0.03376138359308238,0.5164361000061035,0.425859135389328,-0.0399269744753837,0.526855754852295,0.4114641964435577,-0.04385027885437008,0.5130983948707581,0.5149108648300171,-0.02811265774071212,0.5010285496711732,0.4852559864521026,-0.03956541940569872,0.4986854970455169,0.46072871088981626,-0.046071873605251286,0.5002735793590546,0.43986620306968693,-0.05052747726440424
0.5376190066337586,0.5822243690490724,1.4917293071903263e-07,0.5533267259597778,0.5480508446693421,-0.0067184878047555205,0.5597930073738098,0.5080808877944947,-0.01267903558909888,0.5660122036933899,0.4733779788017273,-0.018899968639016124,0.5725429058074951,0.4420024693012237,-0.025730550661683043,0.5393348336219788,0.4726013541221619,-0.01239523403346532,0.5400769591331482,0.4269512295722962,-0.022932249680161422,0.5417305827140808,0.4004497349262238,-0.030561550334095924,0.5442139506340027,0.3773126602172851,-0.0363355085253715,0.5277208805084229,0.47603358030319215,-0.01644173525273796,0.5218516230583191,0.42958621978759776,-0.028074624761939,0.5276545643806457,0.4064500570297242,-0.03559904694557186,0.5362118124961853,0.3914730131626129,-0.04073834791779514,0.5180198907852174,0.49022989273071294,-0.021505939960479697,0.5085699677467346,0.446086984872818,-0.03278018161654468,0.5137700200080872,0.42287579774856565,-0.0386277094483375,0.522435760498047,0.4060493767261505,-0.04242976978421206,0.5109819173812866,0.5123471140861512,-0.02709975019097324,0.49913147687911985,0.4830832481384277,-0.03843218684196468,0.4959440112113953,0.4590745747089386,-0.044704295694828006,0.49650234580039976,0.43789370656013493,-0.048939475417137106
0.5364049315452576,0.5807920217514038,1.591699088976384e-07,0.5521731495857238,0.5490516304969788,-0.0078920329920947,0.5594939589500427,0.5088871598243714,-0.01396911498159164,0.5658944129943848,0.47405728697776794,-0.01998544111847874,0.5726412296295167,0.44274405837059017,-0.026463275402784304,0.5391289949417114,0.4718735754489899,-0.01287932898849242,0.5402811408042908,0.4267841219902039,-0.02344228029251092,0.5420179009437561,0.40007302761077884,-0.030982813239097563,0.5445295095443726,0.37662367224693294,-0.03653921782970422,0.5266587257385253,0.4745948910713196,-0.01604542713612314,0.5212131142616272,0.42852375507354745,-0.02702170386910434,0.5257278919219971,0.40383731722831734,-0.03393740504980084,0.5328311681747436,0.3869304358959198,-0.03866335153579706,0.5164254903793335,0.48831735253334047,-0.02036028429865834,0.5072229146957398,0.44507233500480653,-0.031200781837105722,0.5110713124275208,0.42052899003028865,-0.03667874112725252,0.5182380318641663,0.4015511035919189,-0.040182673931121765,0.5090571045875549,0.510052478313446,-0.02530555799603458,0.4974430322647095,0.4815975606441497,-0.036241863667964905,0.4936808228492736,0.45822305083274845,-0.042010685801506006,0.49332035779953004,0.43686016201972966,-0.04575029909610743
0.5355748057365417,0.5802124500274659,1.690061850467828e-07,0.5513455390930176,0.5501826524734498,-0.00890716677531594,0.559507143497467,0.509498929977417,-0.015051998570561342,0.5661221861839294,0.4745710790157318,-0.02092113792896268,0.5729430675506592,0.44316723942756653,-0.027099451422691306,0.538899290561676,0.4715755760669708,-0.01265057139098638,0.5403846383094788,0.4268246471881866,-0.02303400635719292,0.5422032356262206,0.4000131189823151,-0.03041437752544876,0.5447845935821534,0.37636542320251465,-0.03571772202849382,0.5257655382156372,0.47386247515678404,-0.015027096867561304,0.5208993554115295,0.42850834727287296,-0.02530814222991462,0.5242743611335755,0.4019855320453644,-0.03184536322951314,0.5299765825271606,0.382792192697525,-0.036327163875102916,0.5151175022125245,0.48702062964439385,-0.018692171946167922,0.5061240673065186,0.4446758210659027,-0.02902946248650548,0.5089087367057801,0.418814092874527,-0.03431735262274736,0.5148292303085328,0.39793419241905215,-0.03764595314860336,0.5075227141380311,0.5080800890922547,-0.023091744631528802,0.49605345726013184,0.4805019974708557,-0.03347182348370548,0.49183821082115164,0.45770246386528024,-0.03877374604344363,0.49071269631385805,0.43622151613235477,-0.04208013191819185
0.5343886733055114,0.5802603363990784,1.7542464547659625e-07,0.5505290150642396,0.5512097597122193,-0.00955787990242236,0.5593139410018921,0.5105801939964294,-0.015589802898466521,0.5660433888435363,0.47570866346359253,-0.021192866936326004,0.5730680227279663,0.44463717341423037,-0.027005789801478344,0.538554334640503,0.47122278213500973,-0.01214355975389474,0.5403372645378114,0.426834112405777,-0.022230339050292904,0.5421515822410583,0.40004206895828254,-0.0295188125222921,0.544658625125885,0.376284784078598,-0.03471712321043008,0.5249029278755188,0.47290239334106443,-0.01392805501818654,0.5205275535583496,0.4282698214054108,-0.02359893471002574,0.5227221846580505,0.4004464864730835,-0.029976211115717858,0.5270836830139161,0.3790475845336915,-0.034388975054025585,0.5139097094535827,0.4854555308818817,-0.017091766186058503,0.5051212906837463,0.4443928003311157,-0.02698196321725842,0.5068704724311829,0.4177338004112243,-0.03225773796439164,0.5116013765335083,0.395376455783844,-0.03555888310074801,0.5061048984527589,0.5060672879219055,-0.021059384196996624,0.49470068216323854,0.4791142642498016,-0.030966617912054024,0.4901011824607849,0.4571526169776917,-0.03591446727514262,0.48840261697769166,0.43600950837135316,-0.0389048926532268
0.5334026336669921,0.5802417635917664,1.7922894244293277e-07,0.5499800682067871,0.5517051935195922,-0.009996054321527401,0.5590418338775635,0.5120979309082032,-0.016086306795477803,0.5659161448478699,0.4773131370544434,-0.021636244654655423,0.5732607126235962,0.4467097222805023,-0.027356152981519662,0.5381927251815797,0.4714937150478363,-0.01230988353490824,0.540227723121643,0.4272701501846314,-0.022319621592760023,0.5420597195625305,0.40037097930908205,-0.029648534581065138,0.5443832397460937,0.37626637816429137,-0.03489198535680767,0.524133825302124,0.4726665496826172,-0.013743946701288201,0.5199156165122986,0.42820116877555847,-0.023209125176072064,0.521296513080597,0.3992894947528839,-0.02957440242171286,0.5245604515075684,0.3758614540100098,-0.0340356715023517,0.5128629684448243,0.4848474323749542,-0.0165731245651841,0.5041684269905091,0.44434021711349486,-0.02630152478814122,0.505345094203949,0.4170113742351532,-0.031602936238050404,0.5092085123062134,0.3935056805610657,-0.0349206238985061,0.5049185276031495,0.5051850557327271,-0.020246029645204486,0.4934433281421662,0.47826175093650813,-0.0300609920173883,0.4885687351226806,0.4565687537193299,-0.034902645647525744,0.48640884757041936,0.43550699949264526,-0.03776846826076502
0.5322870135307313,0.5807128787040711,1.8266058532390161e-07,0.5492866396903993,0.5526398181915284,-0.01040159277617924,0.5586776614189148,0.5136793613433838,-0.016425322741270003,0.5657713651657105,0.4788282752037048,-0.02180767804384228,0.5734766364097594,0.4487459182739258,-0.027293001487851104,0.5376626491546631,0.47172335386276243,-0.01186238881200546,0.5399954676628114,0.4275215268135071,-0.02150282710790628,0.5418430328369142,0.4004870772361756,-0.02873899266123768,0.5439223527908326,0.3762001693248749,-0.03395101055502886,0.5232906460762023,0.4723812878131866,-0.012937519885599581,0.5190973162651062,0.4278229713439941,-0.02197069078683846,0.5198217749595643,0.39821298122406007,-0.028282165527343743,0.5221100807189942,0.37362622618675234,-0.032739068195223764,0.5118598103523254,0.4841444253921509,-0.01544447205960748,0.5031661272048951,0.44384524822235105,-0.024797002226114237,0.5038041591644287,0.416210961341858,-0.03008733950555318,0.5068657040596009,0.3921276092529297,-0.0334022987633943,0.5037628054618836,0.5042463183403015,-0.01885159611701958,0.4921974122524262,0.47724688053131104,-0.028353323787450743,0.4871370792388916,0.45574636459350587,-0.03302594721317287,0.4847016513347626,0.4346907794475555,-0.03575257584452622
0.5311700820922851,0.5812431931495666,1.8661042986423129e-07,0.548565137386322,0.5536270260810852,-0.01078579388558858,0.5581992387771607,0.5152550101280212,-0.01694313473999494,0.5654976725578309,0.48058536052703854,-0.02237294726073738,0.5735183238983155,0.4509057283401489,-0.027869260311126662,0.5371654272079468,0.47160816788673404,-0.0119242781773209,0.5398160576820373,0.4274645388126373,-0.021465159952640478,0.5416208267211915,0.4003917753696442,-0.028704515844583483,0.5434787988662719,0.375990903377533,-0.03394704088568682,0.5224157571792603,0.4719718754291534,-0.012783873267471761,0.5181858658790589,0.42693963646888733,-0.02169356346130364,0.5184746861457825,0.39691307544708254,-0.028023403510451305,0.5201169013977052,0.37172275185585024,-0.03249088861048218,0.5107789278030396,0.48375141620635986,-0.015085139498114561,0.5020851969718934,0.4432381272315979,-0.0243672143667936,0.5023696303367615,0.4154222011566162,-0.02970652803778642,0.5048799157142639,0.39104748964309693,-0.03303870819509024,0.5025929808616638,0.5040334582328796,-0.0183114025741815,0.4910034120082855,0.4769598662853241,-0.027755068242549842,0.4859208643436432,0.4555063188076019,-0.032347600907087284,0.483397650718689,0.4345030963420868,-0.03498528525233262
0.5293400168418885,0.5825043797492981,1.8973546787037776e-07,0.5472841978073121,0.5557050824165344,-0.01104437448084348,0.5573987603187561,0.5177217125892639,-0.0171948585659265,0.5651698112487793,0.4834733188152313,-0.0225706651806831,0.5736981272697449,0.4546184837818146,-0.027983548492193182,0.53658105134964,0.47197369337081907,-0.01173301991075272,0.5395662426948548,0.4276516973972321,-0.021096290275454482,0.5413825392723084,0.4004240393638611,-0.02828751355409618,0.543065321445465,0.3758455157279968,-0.03350140005350108,0.5213524103164673,0.4719141006469726,-0.01241856608539816,0.5171672821044923,0.42600423097610474,-0.0211167708039283,0.5169505119323731,0.39541388154029844,-0.02744886949658392,0.5178523540496827,0.3694492936134338,-0.03189934603869912,0.5093512892723083,0.4835037112236023,-0.0145405542105436,0.5008924901485444,0.4425812840461731,-0.023619620129466022,0.5006978034973144,0.41448445320129396,-0.028923146054148623,0.5025432229042053,0.38963183760643005,-0.0322112243622541,0.5007870256900788,0.5039312362670899,-0.017616783082485158,0.48931968212127686,0.4765020847320557,-0.02675354219973082,0.48416564464569095,0.45510551929473875,-0.0310445766896009,0.4815372705459595,0.43413814902305603,-0.0334497064352035
0.527591621875763,0.5841300010681152,1.9017276144950302e-07,0.5461392998695374,0.5573022961616516,-0.01085880082100624,0.556654727458954,0.5194029808044434,-0.01702680066227908,0.5649011135101318,0.48582571744918823,-0.0224705912172794,0.5738219499588013,0.4577507257461548,-0.028026147931814162,0.5360208749771119,0.4727887690067291,-0.012002491019666139,0.5394251108169557,0.42803136110305784,-0.021374647319316823,0.5413020968437194,0.4005120813846588,-0.02855791561305518,0.5428879261016846,0.375748747587204,-0.033780818432569464,0.5205293416976929,0.472804033756256,-0.012877549603581381,0.5163272142410279,0.42566280961036684,-0.021607591584324785,0.5156398177146911,0.39437726140022283,-0.028110362589359266,0.515881371498108,0.36786908507347105,-0.032712915912270504,0.5082516312599182,0.48467957973480225,-0.01510624419897792,0.5000420331954957,0.4429639339447021,-0.024217524379491782,0.49942585825920105,0.4141536831855774,-0.029699161276221242,0.5006509721279144,0.3886748313903809,-0.033146940544247584,0.49935923218727113,0.5055014371871949,-0.01824098899960514,0.4879658639431,0.4772157490253449,-0.02736095450818532,0.48264993429183967,0.455369234085083,-0.03159969560801978,0.4798322379589081,0.43405417799949647,-0.033996907621622025
0.4214548230171204,0.4679152488708496,1.5261384191944672e-07,0.4364263653755188,0.44670383930206303,-0.00869705919176336,0.4449990391731262,0.41624350547790534,-0.01362382695078846,0.45184365510940555,0.38960934877395625,-0.01797072403132914,0.45913208723068244,0.36743478775024413,-0.022418180480599383,0.42860506772995,0.378381085395813,-0.00961805060505862,0.4314328789710999,0.3424414217472076,-0.017124078050255745,0.43295365571975714,0.320356160402298,-0.02288277223706242,0.43419110774993896,0.3005287110805511,-0.027059154957532843,0.4161123991012573,0.37831265330314634,-0.0103459276258945,0.41271041631698613,0.34005780816078185,-0.01729031689465042,0.41196773052215574,0.3148967564105988,-0.022519664838910082,0.41191662549972535,0.29361719489097593,-0.026219232007861103,0.4061943054199219,0.38784911036491393,-0.01214669439941642,0.39958952665328984,0.3541616857051849,-0.01939754113554952,0.39893376231193545,0.3310056209564209,-0.0238017242401838,0.3997429430484772,0.3105233073234558,-0.026578367128968203,0.3989377677440643,0.4047144532203675,-0.01467127874493596,0.3897599756717682,0.3819416999816895,-0.02188131809234614,0.3854815363883972,0.3644252479076385,-0.02519390918314452,0.3832803785800934,0.34729525446891785,-0.0270686343312263
0.31543176174163823,0.3516502618789673,1.1492779208310822e-07,0.3268446087837219,0.33595097064971924,-0.00646192692220208,0.333383309841156,0.31291588544845583,-0.01018261946737764,0.33873962163925175,0.2931796371936798,-0.013478650525212282,0.3443433046340943,0.27677350044250487,-0.01687377803027628,0.3212012887001038,0.2841577708721161,-0.007428216561675041,0.3234822511672974,0.2569193303585052,-0.013143360242247562,0.32468389272689824,0.24026383757591246,-0.01747620068490502,0.3256523609161377,0.2253941237926483,-0.02059925645589826,0.3117196559906006,0.28406413197517394,-0.008044947497546641,0.3092016935348511,0.2547806203365326,-0.01332317031919954,0.3085771083831787,0.23575311303138735,-0.01729782260954378,0.3084333539009094,0.2197033286094665,-0.020097965002059903,0.3041572690010071,0.2912751317024231,-0.0094303824007511,0.29931392669677737,0.26559223532676696,-0.01491933092474936,0.2987865746021271,0.2480510711669922,-0.0182562045753002,0.2993232548236847,0.23257162570953369,-0.020362176001071902,0.298618870973587,0.3040697336196899,-0.011338301748037322,0.29178510308265687,0.286789208650589,-0.01672873161733146,0.28858612179756166,0.2735296666622162,-0.0191506806761026,0.2869638502597809,0.26064823269844056,-0.02051640078425404
