0,1,2,3,4,5,6,7,8,9,10,11,12,13,14,15,16,17,18,19,20,21,22,23,24,25,26,27,28,29,30,31,32,33,34,35,36,37,38,39,40,41,42,43,44,45,46,47,48,49,50,51,52,53,54,55,56,57,58,59,60,61,62
0.4378182076366923,0.6804677764503876,1.5682516807878434e-07,0.4512595699637399,0.6637372672292292,-0.014251163783105552,0.459136685656151,0.6330481625856615,-0.020184452424843548,0.46479420480002576,0.6054521289665785,-0.024150479703687226,0.4725544126526387,0.5816386334554545,-0.02782403083208159,0.4476532198192931,0.5828450680687786,-0.011621470459110918,0.4522091437124896,0.5438744504727204,-0.01823031811273937,0.45323207255708453,0.518745756517506,-0.023919612907795925,0.4534714356051519,0.4975520352740864,-0.027933611645638082,0.4360807010141083,0.5792907982719451,-0.008023874755532324,0.435934285895209,0.5377951247740967,-0.013023274611567737,0.43362790843883653,0.5111802081851224,-0.01789025409791995,0.43121043607664866,0.48991407607878895,-0.021382551231821572,0.4263186013181661,0.5853147093004171,-0.005799409044893031,0.4253869089805516,0.5483177155743093,-0.010417165902496922,0.4236836308017247,0.5241192681000334,-0.014248563454134791,0.4223298368365702,0.5027025898557266,-0.017004980398741158,0.417915105273872,0.6000635686717096,-0.00487083479678719,0.41464463648743205,0.5751992009226821,-0.009096779709899626,0.41261952241545036,0.5578599565336697,-0.01114964814418316,0.41127446260490974,0.5418010919994085,-0.012387363239661709
0.4400071892149625,0.6838699452073627,1.576092547109658e-07,0.4535157549931401,0.6670557876229306,-0.014322416039055619,0.4614322542946379,0.6362132451287971,-0.020285369640607488,0.467118059619783,0.6084792382409651,-0.024271226064289997,0.474917066571512,0.5845466812059509,-0.027963144029893566,0.44989137399960283,0.5857591476907181,-0.011679574905896545,0.4544700763732285,0.5465936867498112,-0.018321465145500294,0.45549811960630165,0.521339355607302,-0.024039204992138765,0.4557386794097657,0.5000396710563552,-0.028073272720121296,0.4382609954936635,0.5821871074335114,-0.00806399212324304,0.43811384833577527,0.5404839659426004,-0.013088387728647444,0.4357959395687435,0.5137359814247363,-0.01797970089562695,0.43336638044914244,0.49236352397466454,-0.02148945864208103,0.4284500877398861,0.5882411365110742,-0.005828404640194218,0.427513737173518,0.5510591670660374,-0.010469249127590365,0.42580194302963736,0.5267397334042984,-0.014319802709090118,0.4244413804331222,0.5052159771232018,-0.017090001049281527,0.4200045763163474,0.6030637364918278,-0.00489518775300278,0.4167177560036325,0.5780750531204516,-0.0091422613341428,0.4146825168675942,0.5606491168445176,-0.011205393597355505,0.4133307320942823,0.5445099620024979,-0.012449296958867515
0.441386118978732,0.6851251006404016,1.5480359774322144e-07,0.4544442181299674,0.6683074351243957,-0.01421922711226852,0.46205221795218715,0.6375062034904335,-0.02013620587968088,0.4679130212123395,0.6093166174485569,-0.024107981605451315,0.47600769462669323,0.5854298341687805,-0.027768900428954652,0.4508834346576131,0.58610200118917,-0.01143688585913754,0.4553682739131824,0.5474804148748961,-0.018011100621724247,0.4564077681732113,0.5225362249735183,-0.023747341668343445,0.456650272251334,0.5012600829808436,-0.027850273109075018,0.4393080643361878,0.5825291333237199,-0.007967923330334385,0.4389301784128432,0.5410756009946361,-0.012914659906109202,0.4366170420638399,0.5145244415092891,-0.017772903858431943,0.43418313922128576,0.4930148011310442,-0.021302900679025703,0.42955133625735925,0.5888095922321805,-0.005905701126299509,0.42824601312508787,0.5518250763185634,-0.010595196748284734,0.42650073218057893,0.5276949519564188,-0.014469009917880742,0.4250755750316261,0.5062632938095618,-0.0172593960162617,0.42116488553482073,0.6038159178334109,-0.005150001345607905,0.41764165878244736,0.5789164905629013,-0.009547973711986023,0.41556007867957684,0.5615245914367827,-0.01170661216908851,0.41407552693818805,0.5452673841571908,-0.013011617459995732
0.4417923531627229,0.6852351605033361,1.5352865766746109e-07,0.4546529383560211,0.66834878803452,-0.014039310683883019,0.46229502631170705,0.6378298332558088,-0.020013551124302156,0.46837877359717994,0.6097933020406484,-0.02412170791129438,0.4766182912830889,0.5860710921577318,-0.027953830226997843,0.4511854176115414,0.5860864850885313,-0.01132877634928906,0.4557766591956531,0.5478996307373295,-0.01799962066414314,0.45681318026537004,0.5231724640664237,-0.023849846582523232,0.4570317683177326,0.5019435595980162,-0.028055118776272158,0.4397617596913555,0.5824671979851648,-0.008027559728422898,0.4395406827646128,0.541380822039929,-0.013092306552655818,0.43718213780921816,0.5149822369787926,-0.018060538397628147,0.43467674440030746,0.49339861866752494,-0.021707890805058742,0.4300621552478464,0.5886626748438433,-0.006118063057468643,0.4287995904433923,0.5520513187044194,-0.010892196853007479,0.42701737457697336,0.5281820379958466,-0.014736580524175176,0.4255605302579041,0.5069786224752624,-0.017535282146258446,0.4216119757856114,0.6037217624046045,-0.0055061529265089774,0.4181620782363596,0.5791334511973228,-0.00994272548853985,0.41615247673805156,0.5618729657936727,-0.012064486567895669,0.41468420659252697,0.5457405133052372,-0.013367412298739894
0.4424009631239115,0.6858030123792158,1.5386897683918937e-07,0.4551171047555251,0.6687978871048403,-0.014085711274135038,0.46261860257704657,0.63823524070828,-0.0201230074479054,0.468617643441108,0.6101504677186876,-0.024270338849658044,0.4769305032511818,0.5864157174284274,-0.028153770792832503,0.4514181473669168,0.5867649264913296,-0.01157331502960214,0.45596670085497043,0.5486024774320846,-0.018330701370107637,0.45701362936244033,0.5238557197455416,-0.02424365025044003,0.45727098662745214,0.50248188957467,-0.028501922162781034,0.4400935816720327,0.5830979849899834,-0.00827218509593396,0.43982284705176694,0.5419400601905698,-0.013412452712488821,0.4375032302704491,0.5154110613934848,-0.018444388246872653,0.4350560817052377,0.4935535253881009,-0.022154315072138588,0.4304681449156023,0.589241027255984,-0.006351867668838107,0.4290720488988167,0.5526139934781772,-0.01119651999185687,0.4273087202363198,0.5285548111985858,-0.01513283406328026,0.42588262080246764,0.5071340185711452,-0.018010147628386857,0.42203334218169064,0.6042452648811478,-0.005726325083577286,0.4184734840392743,0.579648996339728,-0.010239611387793295,0.4164585912534066,0.5622987427249526,-0.012440680176696849,0.4149761724083774,0.5460691611201711,-0.01381410795391981
0.4428125265694552,0.6861870137750179,1.540991126237361e-07,0.4554309903881434,0.6691015836799187,-0.014117088984026754,0.4628374162198585,0.6385093914758131,-0.02019702566080274,0.46877917562472776,0.6103919957028775,-0.024370848313860508,0.47714163195679377,0.586648765148435,-0.028288977630423807,0.4515755274068619,0.5872237124119377,-0.011738680679618472,0.4560952137040745,0.5490777670688455,-0.018554589779416097,0.45714918008672567,0.5243177612489963,-0.02450995413103881,0.45743275445588705,0.5028459272246592,-0.028804066315783514,0.44031797135735423,0.5835245453318489,-0.008437609366880218,0.440013656459493,0.5423182366826335,-0.013628946797405112,0.43772036427762867,0.5157010475338681,-0.018703961005455152,0.4353126029227601,0.49365827875679963,-0.022456202851258884,0.4307426893975731,0.5896321294834506,-0.006509974564182548,0.4292562948820126,0.5529944939355736,-0.011402313993879006,0.4275057384106044,0.5288068935395093,-0.015400794632878051,0.42610042974867474,0.5072391028726256,-0.01833126835669842,0.4223182849477736,0.6045992756544452,-0.005875213234206402,0.41868406758765986,0.5799976260840181,-0.010440376067016534,0.41666559664718034,0.562586668049948,-0.012695075516410597,0.4151736099542857,0.5462914043230599,-0.014116179255211395
0.4428111160058074,0.6852551619325125,1.5422340348759864e-07,0.4553626745150467,0.6683459013955014,-0.013964388627184432,0.4628554704915041,0.638074899554319,-0.020054320049663874,0.468974747455498,0.610184588209648,-0.02427899075290238,0.47743104244851015,0.5867072615486691,-0.02824946998907623,0.45178937481693093,0.5866218725102071,-0.01164645899596278,0.4563415798112986,0.5488223033176707,-0.01846533984817271,0.45740620518231434,0.5243089352062138,-0.024433693003949167,0.4576971039715411,0.5030035162810995,-0.028735833817975093,0.4405227609819725,0.5828492970275934,-0.008456921163858195,0.4402698718157046,0.5417951887615714,-0.013612055982846092,0.4380223164564913,0.5153777801695962,-0.01865573296488687,0.43564558851214147,0.4934543380493606,-0.022400334505858037,0.4309060113512734,0.5888843437353208,-0.006629126923657964,0.4294232633145615,0.5524807006919324,-0.01148299383308151,0.4277057969905279,0.5286431398625939,-0.015387891488281416,0.42632978620734335,0.507463741257308,-0.018260129971964727,0.4224442011833641,0.6037882749700051,-0.006088378281045024,0.41883784519068673,0.5794452555212002,-0.01059777652651479,0.4168832999789231,0.5622369686489979,-0.01275844619678901,0.4154315987394835,0.5461472253840798,-0.014116029875906183
0.4431128045833544,0.6857928220548721,1.5598971747642757e-07,0.45566883367022226,0.66873751263621,-0.01404001142257999,0.46311780237726463,0.6382476429572533,-0.02012638975771278,0.46908666881658495,0.6104929689024435,-0.024339099321261142,0.4773710671061303,0.5869157489406011,-0.02829992254327063,0.4519722048503313,0.5870879918360369,-0.011648203019544974,0.45652349516387397,0.549080074905338,-0.018472137754350092,0.4575636227160897,0.5244678286048139,-0.024436679828771374,0.4578621030957692,0.5031354330742202,-0.028733803791905266,0.4406730721128615,0.5834088007627797,-0.008444129005819546,0.44044336793647354,0.5421631670528243,-0.013643592164005432,0.43816175055248996,0.5155437244557615,-0.018732287196265365,0.43582283709361846,0.4934808639398062,-0.022493467057132753,0.4310134942683606,0.589551651235297,-0.006616343059258934,0.42957972436587777,0.553002076253133,-0.011541911584216934,0.4278304546307332,0.528933713440768,-0.015533359010945448,0.42647931231269026,0.5074828743921074,-0.01845281012596695,0.4225199007798803,0.6045554645414245,-0.006074923617601605,0.419004300473164,0.5800520305504063,-0.010649108161735131,0.4170725716140579,0.5626914319746279,-0.012862558040667656,0.41570533772768065,0.5463755865635059,-0.014259132571173195
0.44317715941498204,0.6859061635383954,1.566399911456672e-07,0.45571852395435897,0.6687949780032126,-0.013897107224589596,0.463190117631228,0.6382602616165581,-0.019952134925038296,0.46928978963880247,0.6105106558118671,-0.024156550158427072,0.47761294377305513,0.587062278664922,-0.028121977407306462,0.4521114953935417,0.5872251926166204,-0.011619306340874186,0.45672146534495367,0.5492390614289878,-0.01843215509394338,0.4577808172463498,0.5246651101452092,-0.024386864103330207,0.45809898189394876,0.5033443598328876,-0.02867706269779632,0.4408247729996714,0.5835051333481561,-0.008478498751087056,0.44068461814302723,0.5422002291916098,-0.013683240646762684,0.43841321245595355,0.5155093043308454,-0.018784202099187637,0.43607597290855915,0.4933702217281519,-0.02256497372486733,0.43114095909520556,0.5895898228435671,-0.006689267853973917,0.42975468016504526,0.5529720336287958,-0.011607682065164082,0.42802141731097715,0.5289559473229638,-0.015581705188604012,0.42670063179054807,0.5076777729840208,-0.01849365665654822,0.42258548898620346,0.6045416158415075,-0.006169563158230835,0.41909356913875473,0.5800698475301388,-0.010726027013566647,0.4172102656668183,0.5627316729257429,-0.012915797484093593,0.4158862926176053,0.5465002670507256,-0.014298857780975286
0.44343903460609835,0.6865928621595473,1.5685837901482044e-07,0.45595750484198777,0.6693304917502562,-0.013897545314312868,0.46337295852797517,0.6386236905266572,-0.019929625626837484,0.46942584609971105,0.6107472853791588,-0.0241060569146071,0.4777798668506336,0.5873048725138734,-0.02804300680497726,0.4522063962157163,0.5877093887299178,-0.011577811346689362,0.45682085009531653,0.5495899504983768,-0.01835548959602445,0.45787495745270923,0.5249270233847246,-0.024296992344146475,0.45818626539534113,0.5035554748231572,-0.02857830282312373,0.44094020270599393,0.5839809442115685,-0.008407025481085168,0.44081018244325065,0.5425953141980833,-0.013600872527570427,0.43853021160276856,0.515756756378613,-0.01871906223888723,0.43618259090679373,0.4935178180169278,-0.022508302547206274,0.4312827023942109,0.590000714005023,-0.006583681196312493,0.4298937099283857,0.553282992833747,-0.01147775982713732,0.42815641801816046,0.5290941927389717,-0.015476314762739826,0.42684203094426676,0.5077196203639539,-0.01840406221810614,0.42272820037446657,0.6048787683917748,-0.006028730089898475,0.4192395184945964,0.5803010441006291,-0.010561455583150603,0.4173671384419316,0.56287511300309,-0.012763635874142927,0.41606064089826683,0.5466246482888751,-0.014154390217373686
0.44365626199123087,0.6871624836850192,1.570395333485265e-07,0.45615574123503805,0.6697747043176129,-0.013897908712940414,0.46352462638825,0.6389251574639637,-0.019910953999454657,0.4695387059285004,0.6109435713348031,-0.02406417239979256,0.4779183307635613,0.5875061058847487,-0.02797750011313224,0.45228511714136044,0.5881110329449906,-0.011543390945717302,0.4569032904721668,0.5498810155461579,-0.018291895005136248,0.4579530474419752,0.5251442823312824,-0.02422244306301174,0.4582586676977198,0.5037305962506703,-0.02849638078522586,0.4410359524910888,0.584375632800572,-0.00834773788120525,0.4409143389480622,0.5429230400987134,-0.013532547570654325,0.4386272632502233,0.5159620196609158,-0.018665028248646933,0.43627103131562295,0.4936402502172801,-0.02246129339111472,0.4314002794967678,0.5903415512267416,-0.006496096292026975,0.43000903613327474,0.5535409357671212,-0.011369988381064814,0.4282684020915179,0.5292088683220155,-0.015388892634164415,0.42695932257579294,0.5077543330714799,-0.018329742976553605,0.42284658051413876,0.6051584388965413,-0.005911908030337895,0.419360584552042,0.5804928233457158,-0.010424942378732862,0.41749726555550454,0.5629940975956835,-0.012637416706507238,0.4162052640714243,0.5467278234350491,-0.01403455331742197
0.44388046863714253,0.6875429646645513,1.5762791737447023e-07,0.4563829354005665,0.6699954610406826,-0.01373375223803211,0.4637059217435571,0.6389145434089001,-0.019663414256137737,0.469718992873807,0.610873295039518,-0.023772378588414345,0.47806035410622216,0.5875868009175738,-0.0276441761280876,0.45241723182399646,0.5883394314053256,-0.01140111885924948,0.4570559106912921,0.5501021585462001,-0.01814733766182711,0.45812860205526484,0.52537049796628,-0.024067590892978975,0.4584550340128751,0.5039468591541396,-0.028335806412210132,0.4411786283466202,0.5846315347981496,-0.008303063460981804,0.44109366000601224,0.5430775609209714,-0.013525447526561271,0.4388328987548771,0.5160341513422482,-0.018659486984609994,0.43649933720687534,0.49360910784513284,-0.02245486012067964,0.4315432247010979,0.590643064763253,-0.006542090011986607,0.4301506382021565,0.5537410665710921,-0.011469343723194846,0.4284425107916699,0.529388704582847,-0.015496457431743807,0.42715767724989706,0.5079936771441359,-0.018428687870228503,0.42298648532847816,0.6054988169136999,-0.00603347223705587,0.4195122930644803,0.5807208332074183,-0.010592541788514055,0.41766435835733945,0.563145020891313,-0.01282009057981569,0.4163598603432609,0.5468382817487197,-0.01422374650926965
0.44398352851034095,0.6875506261337365,1.5692005977763885e-07,0.45645980315251455,0.6700285040224353,-0.01353886255131194,0.46375398161009584,0.6388492961178066,-0.019389321713331905,0.46981362372313096,0.6107976710604862,-0.023472633639597375,0.47825237699194834,0.5877765286486398,-0.02732722392468942,0.4526217140139276,0.5881693952193615,-0.011179275873279004,0.45726702862314805,0.5500325878382293,-0.017907517461433084,0.45834879658051847,0.5253889309605346,-0.023822590208500232,0.45867254066854535,0.5040316044338105,-0.028094659962017328,0.4413693635522618,0.5844975616653542,-0.008212772536495841,0.4413258380527964,0.5429006740292894,-0.013415130334360677,0.4391106993420809,0.515940263178795,-0.018528848362354577,0.4367949412006534,0.49352198077113124,-0.022312149643949508,0.43171895566239543,0.5905545715897513,-0.006580734497997501,0.4303270697551939,0.5536099565035363,-0.011504383931149584,0.4286366063040697,0.5293596427595902,-0.015502840021728874,0.4273579847156851,0.5081157278160586,-0.018411686042167173,0.42315427940174366,0.6054634280697858,-0.0061911913002797355,0.4196771202461007,0.5806929097664003,-0.010742933443620588,0.4178644303252119,0.5631048263478777,-0.012947583230093982,0.4165773658141824,0.5467766083729978,-0.014336629614643073
0.4441610667524579,0.6879222183311441,1.562050459527303e-07,0.456652234329751,0.670398295210179,-0.013523773652038665,0.46391240213885293,0.6391057807338055,-0.019341935920803577,0.4699458933916269,0.6109542347480452,-0.023400211291699925,0.4784411605830647,0.5879709370849724,-0.02722457175275886,0.4527915044227113,0.5883529797407497,-0.011096593151500791,0.457476576250327,0.5502065766934116,-0.01779914425976866,0.4586000558802448,0.5255716097959793,-0.0236971719474922,0.4589558552599779,0.5042188344236483,-0.027961207307804384,0.4415508598317371,0.5846316917958878,-0.008143852790285282,0.4415153787085602,0.5429692178391854,-0.013335658608355347,0.43930447794355754,0.515979377536871,-0.018438556983745278,0.4369880110168614,0.49354146223771395,-0.02220590937281312,0.4319238073108229,0.5906695897935051,-0.00653079513229691,0.43053596035490693,0.5536645021748611,-0.011452993872451096,0.4288620352897465,0.5293808365378689,-0.015452912648338913,0.42759127109095046,0.5081277014633242,-0.018355066663719197,0.42337336418249855,0.6055756239929848,-0.006161902036506051,0.4198865455540517,0.5808061772280838,-0.010722941571615702,0.4180725117673471,0.5631702172598684,-0.01293842383373761,0.4167756802604585,0.5468085783858212,-0.01432880751963581
0.44431855794345443,0.6877940525932159,1.547328939169751e-07,0.45679115582474966,0.6702755344407024,-0.013183144153814816,0.4640560956820145,0.6389705769186158,-0.018853123029893445,0.4701648366747262,0.6108244983729972,-0.02282130745529459,0.47874788495423204,0.5881390302067766,-0.026555221829572016,0.45305352216603273,0.5882327115733779,-0.010804067081273152,0.45778438873474725,0.5500615791395708,-0.01739147270869529,0.4589197663716456,0.5254375221026792,-0.02317770191190188,0.4592682334501538,0.5041620536701258,-0.027362592343182564,0.44178706094674974,0.5844687315176305,-0.007994033917907893,0.44173925952546966,0.5427068210136726,-0.013073907581722728,0.439544890479335,0.5158235347957536,-0.01803853878133823,0.43722875633222746,0.49354223827721294,-0.021701803805466813,0.43212560205387546,0.5904471871884236,-0.006498685388934613,0.4307219659603488,0.5533583371644137,-0.011321371805312317,0.429071717454625,0.5291822826503094,-0.01519349322529541,0.42780114767283584,0.5081190826356732,-0.018002848444736808,0.4235543303349833,0.6052749536709934,-0.006223678934679327,0.42003538700044896,0.5804754453086888,-0.01069758612740343,0.41822898837950157,0.5628962661780961,-0.012819244743005663,0.4169310252121389,0.5466265798284329,-0.014132466452015388
0.44445677530533595,0.6876815718248126,1.5344090438166757e-07,0.45691307605676934,0.6701677971787499,-0.012884201017213772,0.46418220395721094,0.6388519193954006,-0.018424131237985662,0.47035698559937517,0.6107106391826149,-0.022313250080499468,0.47901707228553153,0.5882865520313256,-0.025967787192922764,0.45328347408282815,0.5881271618679798,-0.010547340457691188,0.4580545310156048,0.5499343264389953,-0.017033692150005105,0.45920035057707115,0.5253198441099519,-0.02272180480780676,0.45954238268403946,0.5041122217658277,-0.02683723609519617,0.44199435568357887,0.584325714377372,-0.007862549933508234,0.44193574172674904,0.5424765364069021,-0.01284418974073094,0.43975588124172715,0.5156867641458567,-0.01768747495172683,0.4374400391485214,0.4935429193447164,-0.02125939086041553,0.4323027010830326,0.5902520022948721,-0.006470505247619102,0.43088520813228665,0.5530896407390664,-0.011205857694521707,0.4292557386400624,0.5290080278595738,-0.014965821645399256,0.42798533948245615,0.5081115185832783,-0.01769373481922974,0.423713149784046,0.6050110794921344,-0.006277895553632468,0.42016601317661467,0.5801851884816271,-0.010675333691656517,0.418366315327068,0.5626558413291406,-0.012714650832653085,0.4170673589922507,0.5464668543205534,-0.013960153675511592
0.4446872221483369,0.6877299928951319,1.5343338071579403e-07,0.4571097234081823,0.6702395500663503,-0.012934442496807676,0.46439150599038587,0.6389483351810507,-0.0184796260202641,0.47061609913382796,0.6107822557327788,-0.0223687017623658,0.47927575921777393,0.5884080311638219,-0.026014882073916907,0.4534897373520655,0.5880851831720256,-0.010515228123445079,0.45828281589789693,0.5498732599364713,-0.016983692211939655,0.45943710327732834,0.5252647224151049,-0.022665816795564984,0.45978341177172405,0.5041000970352842,-0.02677514500362733,0.4422084551233011,0.5842567066963629,-0.007803135431779257,0.44214584777686644,0.5423490936572077,-0.012758386766660046,0.43995721130016485,0.5155626468590531,-0.017584671564831626,0.43763381194966644,0.49352616319468295,-0.02114149362450287,0.43252447251578346,0.5901653234719296,-0.006394438796708534,0.43112561145529055,0.5529374250241632,-0.011104438901753928,0.4295068090789816,0.5289086162586957,-0.014857018348311664,0.4282413377080565,0.5081177359367277,-0.017577979683649127,0.4239176841274566,0.6049265461437646,-0.006191845100535074,0.4203731692129434,0.58009576746742,-0.010576943200841337,0.41857285966059404,0.5625455821500502,-0.012618931350194968,0.4172812796761592,0.5463551910644788,-0.013862483337107014
0.4447648003494114,0.6871736432618286,1.5241838303379155e-07,0.4572848349947516,0.6698582519851304,-0.012817689898295582,0.4646497596513039,0.6388206553501203,-0.018339382732534104,0.47092409319782097,0.6107285059248845,-0.022232552267255536,0.47955676986125556,0.5884662638986266,-0.025881148627429157,0.45373627721135557,0.587641316283871,-0.01042823752176592,0.45857150180703965,0.5495776307632935,-0.016869006107219045,0.45976051176014765,0.5251286687657059,-0.022527338593138622,0.46012556132320465,0.5040757694735778,-0.026619265460630894,0.44244351646599506,0.5837207961384303,-0.007784658275072314,0.4424057030504011,0.541874728861758,-0.012689397084882773,0.4402431086446735,0.5152533056552521,-0.01745819269180115,0.43792899707330313,0.49336965747722034,-0.0209786065311313,0.4327481319611793,0.5895736856185544,-0.00643727481455333,0.43136013392143485,0.5524608820784015,-0.011100687885958886,0.4297665465479113,0.5285848617714485,-0.014789144893707461,0.4285048768653833,0.5079280017129069,-0.017473833742364026,0.42412769688368984,0.6043341443263883,-0.006290283750925834,0.4205691097921866,0.5796591255201413,-0.010627145962228997,0.4187762595515121,0.5622345664281722,-0.01260879026831416,0.4174787353100399,0.5461711012822291,-0.013811014136065962
0.4449555724214153,0.6873654344339162,1.5293579779287603e-07,0.4574852029043425,0.6700655128621137,-0.012987593059697967,0.4649101511870409,0.6389605384553946,-0.018584409120743293,0.4711950669511927,0.6109462769372236,-0.02252783259957595,0.4797482824916415,0.588641932146443,-0.026231748704585153,0.45389430450580454,0.5879571495939134,-0.010632965104067657,0.4587494876695495,0.5496881411191197,-0.017124811499550148,0.45992122295868343,0.5251842104289087,-0.022814268751344142,0.4602494948361714,0.5040665457181726,-0.02692414436157731,0.4426217501097774,0.5840522438850354,-0.007913901048868188,0.4426738580388943,0.5421133813595227,-0.012884349759986058,0.4405067964404125,0.5153781717611736,-0.01771231380525701,0.4381828336303249,0.49338448908824123,-0.02127671902178555,0.4329266452777528,0.589869540242832,-0.006498858258248375,0.43164143696148927,0.5526329493368536,-0.011204905259031592,0.4300676778107342,0.52862061778074,-0.014959527694621227,0.42881803241233923,0.5078209298124214,-0.017695378288099965,0.4242685643571281,0.6045737470661199,-0.006294452295989061,0.42079933273071196,0.5797350973550539,-0.010653926116161108,0.41901984529769287,0.5621712700779987,-0.01268079599027455,0.4177449298688584,0.5459769199873897,-0.013927768817456975
0.44512586719492964,0.6875366389182498,1.5339767372830875e-07,0.45766406350707595,0.6702505265474686,-0.013139258972252443,0.46514259253517726,0.6390854066369943,-0.018803134602134786,0.4714369546314701,0.6111406726096861,-0.022791417813006445,0.4799192383326832,0.588798744326346,-0.026544715692395346,0.45403536929602556,0.5882390816473685,-0.010815717416258759,0.4589083686935195,0.549786789395142,-0.0173531589766896,0.4600646835651987,0.5252337903011426,-0.02307040009065793,0.46036012544001087,0.5040583120321765,-0.027196297842118692,0.4427808523184063,0.5843481143358149,-0.008029271022369739,0.44291322951791895,0.542326417117999,-0.01305837639451377,0.44074218023103856,0.5154896348542991,-0.01793915779246431,0.43840942360512364,0.49339772868779647,-0.021542832392283016,0.43308599713935314,0.59013363810425,-0.0065538313918214195,0.43189254519233117,0.5527865470542738,-0.011297936035272817,0.4303364859211763,0.5286525357729289,-0.015111621762623723,0.42909757413133104,0.5077253509111107,-0.017893142446360272,0.4243943112457199,0.6047876310684656,-0.006298173393264829,0.42100484375107333,0.5798029144431843,-0.010677831713037223,0.4192372847742443,0.5621147678997509,-0.01274507268436385,0.4179825513489239,0.5458035819338789,-0.014031991158889678
0.44543412494988194,0.6876505703504018,1.5294442961446178e-07,0.4578957009087519,0.6702526748970956,-0.012912731050060258,0.46531591399682964,0.6390364531018727,-0.018543808364909875,0.47166693154278155,0.6110732740471189,-0.022551168131373093,0.4802608036759874,0.5888573551203456,-0.02633855577552578,0.4543468504285648,0.5884360498841512,-0.010783971191866687,0.4592410127542323,0.5500562665988489,-0.017394549312064713,0.4604006001380031,0.5254621426341721,-0.0231471009711656,0.46069010156558055,0.5041999711579308,-0.02730158948757651,0.4430885502035665,0.5844854412326032,-0.008179279783783487,0.44320665008504123,0.5423601487122783,-0.01328884864669395,0.4410568340987803,0.5154527762375071,-0.01817893253460987,0.4387325251314548,0.49323635308354863,-0.021785997180519413,0.4333882395044228,0.5902573192930258,-0.0068634213506636775,0.43215441947847866,0.5527668489721164,-0.011687915261839137,0.43061933416532333,0.5286250932831301,-0.01547086482247925,0.42939808522360523,0.5077074634207746,-0.018220192740376326,0.42469265233374853,0.6049282278863195,-0.006748759611530027,0.4212436706488791,0.5798643631278573,-0.011203549879787037,0.4195102977049391,0.5621121003079261,-0.013256304691677642,0.4182828174840104,0.5457485271162246,-0.014521659274161158
0.4457100336532395,0.6876343715370501,1.5172729334785054e-07,0.4581401356342656,0.670059725738639,-0.012575186801593205,0.46553569098961606,0.6388419231075452,-0.018120199485189493,0.47195566382805537,0.6109392029256477,-0.022109688962589136,0.4806209561098284,0.5889041217646208,-0.025896925467739758,0.45468271463799104,0.5883932818070904,-0.010608085862415836,0.45957001484383597,0.5501094637944067,-0.017206310876019607,0.4607515069764207,0.5255746154798667,-0.02293431051446724,0.4610664600581254,0.5043533405467843,-0.02707615875234446,0.44344502217908366,0.5844405565713824,-0.008204505708750335,0.4435462091421887,0.5422795001998053,-0.013324893031077069,0.44143636683392573,0.515357517003203,-0.018198783204709936,0.4391426962430725,0.4931109538826904,-0.021797428320686603,0.43373054531611355,0.5902217784365965,-0.007057691587144891,0.4324389507134696,0.5526538659285278,-0.011903754752069897,0.4309271933207416,0.5284998305876984,-0.015660344656482583,0.42973114110926364,0.5076000603104301,-0.018389565670514238,0.4250072211876887,0.6049149417193538,-0.007080239103738832,0.4215006874477081,0.5798231662048943,-0.011567474908717526,0.41977841376674147,0.5620166807330319,-0.013608290390816015,0.41855590347664984,0.5455948683032311,-0.014860435776183662
0.44577756039712263,0.6872741067724217,1.520105560604758e-07,0.45820530537821375,0.6698833774656336,-0.012656877646599186,0.46571856235424436,0.6388107501524832,-0.018207540784322535,0.47228423987935975,0.610908359850171,-0.02217840439224338,0.4810120034596784,0.5889058205515173,-0.025937025924897685,0.4549321730667396,0.5880418843224158,-0.010575840048196408,0.4599111645178446,0.5498511049943866,-0.017119694938388372,0.46111827259431837,0.5253628774102195,-0.02282263255824968,0.46145286588745454,0.5041916194604644,-0.026948916596206924,0.4437067182639298,0.5840064841568459,-0.008096775632726433,0.4438688641569996,0.5419573237360781,-0.013147054295120128,0.4417691202042789,0.5151362784955432,-0.017988647777983393,0.4394838982479014,0.49300558831642133,-0.021568812881444167,0.43398878341694547,0.589729744298752,-0.006884170439772368,0.43274505411505765,0.5522777978993343,-0.011676964867030683,0.43122313385685074,0.5282436057048346,-0.015408728294167283,0.4300170684558245,0.5074637972451564,-0.01812389014733204,0.425255212526764,0.6043761425120491,-0.006850107724286995,0.421768700686865,0.5794151359817006,-0.01130393875016473,0.4200222258720214,0.5617234947150358,-0.013329165849504622,0.41875931891517276,0.5453925806485752,-0.014566952737108962
0.4459208582178639,0.6872549819567474,1.5345320555967283e-07,0.45846229173408387,0.6699064121216572,-0.012915981603186806,0.46604451895726406,0.638894198088975,-0.018552855625378912,0.4725973733609594,0.6110444632913331,-0.022552661387305363,0.48131804937859807,0.5889391813827726,-0.026332785784922014,0.45522833650606975,0.5879699070462917,-0.010739200047644245,0.46022319473718015,0.5496975028536343,-0.017290930818398026,0.46142342963510563,0.5251639331111388,-0.02301273819185312,0.4617501221242181,0.5039964986217651,-0.02714452689389028,0.4439557084649426,0.5839480568308576,-0.00809256659964283,0.44416289034168555,0.54191255635512,-0.013140551533182089,0.4420625600223936,0.515042558677039,-0.018007886307373187,0.4397812734133951,0.49298155642607916,-0.02160366312784634,0.43419433006295166,0.5896829449929987,-0.006731093333033112,0.43301896152238856,0.5522215225156412,-0.011502907256620055,0.4315023895526797,0.5281346763328394,-0.015270342733780777,0.4303133766475458,0.5073402571043207,-0.01801092899962989,0.42541555963186284,0.6043112184582887,-0.006567665554142947,0.42201908615856387,0.5792832588622984,-0.010987557091428572,0.420269937359043,0.561553828140234,-0.013031001839088936,0.419016664878622,0.5452371302923948,-0.014286482347823343
0.4460498813549572,0.6872377622690936,1.5475214481185085e-07,0.4586936782663633,0.6699271521689703,-0.0131492747903356,0.4663380052312375,0.6389693333177902,-0.018863771756883755,0.4728793138951275,0.6111670087205453,-0.02288963658575709,0.4815936083811658,0.5889692189582383,-0.026689121829753557,0.45549499747716504,0.5879050998223094,-0.010886286859539082,0.460504141911103,0.5495592018664903,-0.01744510895109733,0.46169818830557807,0.5249848067473085,-0.02318390635826161,0.4620177670331872,0.5038208148424095,-0.027320651374529936,0.4441798953833058,0.5838954497719926,-0.008088776851482205,0.4444276269618204,0.5418722484990705,-0.0131346965471071,0.4423267686871547,0.5149581748048442,-0.018025208381094136,0.4400490254039498,0.49295991848443993,-0.02163504174962873,0.43437940107763656,0.5896408076233524,-0.006593265078377955,0.43326558350717587,0.5521708530322696,-0.011346188481596383,0.4317538270535477,0.5280365980143854,-0.015145742519785116,0.4305801679514508,0.5072290234760275,-0.01790922053281029,0.425559933680377,0.6042527618464182,-0.006313359001182824,0.42224452935703016,0.5791645187477029,-0.010702691948904124,0.4204929729431449,0.5614010629856242,-0.01276253958479133,0.4192483751959928,0.5450971652007214,-0.014033951155791242
0.44626883601582457,0.6868090663213334,1.54032256513928e-07,0.45895480931372235,0.6696592785887996,-0.013119073169487605,0.4666217105898968,0.638877420663529,-0.01881091077128468,0.47317393249524936,0.6110598644343567,-0.022824932021084345,0.4819519832423254,0.5889312126324081,-0.026603001845240087,0.45585996904850823,0.5874248106451785,-0.010756870897720695,0.4609007395241947,0.5493403439119963,-0.01729366520588211,0.46211801845059375,0.5248545483430361,-0.023024203621839302,0.4624611918474392,0.5037747789286007,-0.027158797764410225,0.44452205394798794,0.5833276032952363,-0.007985007879578256,0.4447891234021592,0.5414691449051026,-0.012983058408496949,0.44272869352057287,0.5147061730728264,-0.0178109118587714,0.440477386186697,0.4928487123777525,-0.021370523714308635,0.4347006028286113,0.5890649414386266,-0.006528543634034841,0.4335763728339055,0.5517016929197879,-0.011270694120671389,0.43208345126101544,0.5277181002725918,-0.015003998883169656,0.4309142332387644,0.5070415164843178,-0.01770890873159797,0.4258760395277205,0.6037146053389868,-0.006291908995000064,0.42248974123796396,0.5787637814526071,-0.010694309794551557,0.42071249417497913,0.561095793652049,-0.012720671147475613,0.41943344470527794,0.544869998797562,-0.01394997477654674
0.4464293347413556,0.6862299748822724,1.5502080237523958e-07,0.4591137120917214,0.6692415865497552,-0.01324647410992014,0.4668440372693777,0.6386955818631125,-0.018962672294689502,0.4734848701544113,0.6109331720276273,-0.022976873986503173,0.4822998596345947,0.5888131187343125,-0.026738737440497283,0.4561187497242522,0.5868632641447822,-0.010662346354872428,0.4612774981369795,0.5489499542146375,-0.01710767837601954,0.4625579560170149,0.5246054367819387,-0.02281089795878608,0.46293443771846743,0.5036316816865093,-0.026933317694880415,0.44477534611796765,0.5827033196307269,-0.007793674532348912,0.4450995549019455,0.5409897679500991,-0.012665869352024984,0.44308363685244695,0.5143646837710755,-0.017438939116440247,0.44085343793824594,0.49270098425304915,-0.02096901287331049,0.434951056479395,0.5884073348416838,-0.006260712937520874,0.433896293317226,0.5512241724571724,-0.010882301197550764,0.43245054978662784,0.527456347542758,-0.014546193130375282,0.4313142263201199,0.5069498913023442,-0.01721284896046983,0.4261158327263062,0.603025896660863,-0.005967354934453948,0.42276369935761465,0.5782187257093735,-0.010274719028165884,0.42097576696143546,0.5606669055718837,-0.01224592903516231,0.4196804204753403,0.5445561909099365,-0.013435796012786739
0.4466807117857589,0.6858993710355679,1.549660783623115e-07,0.45935373479472125,0.6689741981300099,-0.013316881544167974,0.46715354561788197,0.6385189916580061,-0.01903606566184417,0.4738768905163219,0.6108437116786367,-0.023041018716107375,0.4826149840712878,0.5887539774418798,-0.026785616338366975,0.4565107166785895,0.5865684356022784,-0.010602333903828604,0.46168938802219317,0.5486447474799997,-0.016960213753431257,0.46297553714273404,0.524368464640364,-0.022623334151525093,0.4633549427169634,0.5034490585809105,-0.026726840726262503,0.4451314863501671,0.58241837258834,-0.0076719172124447305,0.44544058780635754,0.5407138108722914,-0.01243746663140149,0.4434429580198698,0.5141713242826973,-0.01717906322525312,0.4412242819604734,0.49260715226730817,-0.02070018623416323,0.43529693817109166,0.5881131336751955,-0.0060865136549202396,0.43424336350250475,0.5509636104981429,-0.010603344008617446,0.43282128277928966,0.5273102292481803,-0.014247252302775914,0.431690832623073,0.5069216241272562,-0.016913301008215902,0.42647446541728073,0.6027028058043723,-0.005752291670689372,0.4231086491937228,0.5778763509355282,-0.00998439869074922,0.4213014458091557,0.5603088777549715,-0.011944861163956773,0.4199910727288992,0.5441998027251752,-0.013134217708031146
0.4470618494798438,0.6858641418348255,1.546555439242047e-07,0.4597692774562805,0.6689628507669124,-0.013314115249934056,0.4675940663103126,0.6384629741545513,-0.018995170422687037,0.47428846957009474,0.6107733383625642,-0.02296661255245887,0.4829653824712835,0.5886993715981124,-0.02666896888947025,0.45699897808829437,0.5863584188598828,-0.010495555345259575,0.46222100367501817,0.5484493037103518,-0.01679350124580733,0.4635194010335998,0.5242208237902108,-0.022425070101204318,0.4638882167426635,0.5033565527835375,-0.02650751558287507,0.44555255960551937,0.5822359707708706,-0.007559550860362016,0.44586524245776804,0.5405128038166712,-0.01226127672370936,0.44386039819642864,0.5140213360735899,-0.016969335736634488,0.4416149472203561,0.49254199891476225,-0.02046458474756034,0.43569056108201804,0.587962741997991,-0.0059753789488674125,0.4346232491456426,0.55082558732314,-0.010435647717771196,0.43320098328908885,0.5272634752657871,-0.014049150021958192,0.4320477274070071,0.5069787393441172,-0.016691401325347525,0.426875255427539,0.6025896348717436,-0.005647304369581418,0.4234971911040029,0.5776554524654164,-0.009836279701864183,0.4216526914303557,0.5600403346139858,-0.011769314900257085,0.4202968512599929,0.5439048254606695,-0.012934054419603054
0.44740610176575785,0.6858323220146536,1.5437506211452702e-07,0.46014460509601984,0.6689526015689296,-0.01331161666968782,0.46799195467904453,0.6384123778637232,-0.018958232906977266,0.47466021718859214,0.6107097755733116,-0.022899407203002174,0.4832818703234462,0.5886500503506131,-0.026563610244676114,0.4574399869651994,0.5861687269328654,-0.010399110508014448,0.4627011710962755,0.548272774425757,-0.01664292269445779,0.46401063134370124,0.5240874711962576,-0.022245993474576276,0.464369882044246,0.5032729994307724,-0.026309416095101124,0.4459328826041153,0.5820712212758896,-0.007458059000163884,0.44624880025522784,0.5403312496448954,-0.012102137967770675,0.4442374397151317,0.5138858632913207,-0.016779905070246754,0.44196780502169414,0.49248315091600225,-0.020251784094183514,0.43604609030145125,0.5878269047941049,-0.005874999539544137,0.4349663705504938,0.5507009216334398,-0.010284180590905813,0.43354393747727266,0.5272212459991357,-0.01387021950924667,0.43237008294178336,0.5070303271148102,-0.01649097645460767,0.4272372581350755,0.6024874162959871,-0.005552477437059981,0.4238481310473966,0.5774559319129465,-0.009702495242068399,0.42196994451209496,0.5597977803046493,-0.011610757498299262,0.4205730374256389,0.5436383952461441,-0.012753262357660987
0.4477952284295574,0.6856634271012597,1.5308413525153023e-07,0.46054761061348914,0.6688751192982046,-0.013236085722341459,0.46839607523535115,0.6383931010339671,-0.018880189137086213,0.4750766520755704,0.6106044799540726,-0.02284299402517729,0.48372629869558614,0.5885869985226103,-0.026521290674794147,0.4580001799269887,0.5860610310709511,-0.010358667117677212,0.4632852082806927,0.5481907455102906,-0.016610416422619963,0.46463017399181705,0.5240556652110232,-0.02220894846256307,0.4650257493814221,0.5032652165296597,-0.02626508300230975,0.446452186705298,0.581915026644011,-0.007468904187433148,0.446720348925829,0.540151216469212,-0.012105627366515303,0.4447143467750898,0.5137946589879377,-0.01674362465523992,0.4424451884077601,0.4924336588729506,-0.02018534326930862,0.43653627923983523,0.587608180475864,-0.0059346724999541425,0.43537272526386456,0.5505611563607762,-0.010317237596376537,0.43395346935102286,0.5271820147163019,-0.013833657773738293,0.4327810526574974,0.507087956041524,-0.016405798369725784,0.4277146846084674,0.6021906500958786,-0.0056631237011574255,0.4242136278211325,0.5770995626374885,-0.009770496312179416,0.42230417025876266,0.5594406686438896,-0.011624506263827864,0.42087771446603317,0.5432819696965758,-0.01272830646945886
0.4483968996640375,0.685168967030029,1.5207616970983457e-07,0.4611452849561091,0.6684256428894015,-0.01309411684513277,0.4689460472321632,0.638187564238984,-0.018720369252544476,0.475538876620422,0.61040995113797,-0.02270642578046676,0.48421990235542217,0.5884828518674867,-0.02639190851899439,0.458701019928763,0.5855886923087164,-0.010178358974355227,0.4640210855035936,0.5478735721175014,-0.01640832486115217,0.4653994912163263,0.5238233003624426,-0.021995853694548213,0.46581370824743956,0.503095148059132,-0.02604292823422901,0.44710081842481614,0.5814734718556943,-0.0073740855533763775,0.44729445316504607,0.5398125068322255,-0.011983047202106733,0.4452960845821126,0.5136609155132346,-0.016556194263391364,0.44302908070173097,0.49247959598718616,-0.0199479250681354,0.43713951130492246,0.5871786864450985,-0.0059262438170680385,0.4358482715760373,0.5502923864005619,-0.010262852016859163,0.43444370472006577,0.5271115667026977,-0.01366363025367423,0.43329240210931785,0.5071932783244376,-0.01615108865449982,0.42827514556107465,0.6017313915217927,-0.005742530843022213,0.42462576219951176,0.5765806616322036,-0.00979447604791407,0.4226792123848999,0.5589068267633048,-0.011567579400072343,0.42123235569336936,0.5426912243727304,-0.012607547599332533
0.44903534643815207,0.6848979831579929,1.505642518124211e-07,0.46176765745077514,0.6681714921258669,-0.013044323518650019,0.46956580367500267,0.6379540245318099,-0.018681177633411195,0.4760690685452281,0.6102555685288599,-0.02271402790486825,0.4847316742888809,0.5884008067517796,-0.02644230547589658,0.45960118379838605,0.5852922502445078,-0.010099347426579258,0.4649479493601826,0.5476701255721851,-0.016402205251618476,0.46635596113555977,0.5236723177507622,-0.02204831027807836,0.466789508782325,0.5029470067553313,-0.02613420607026379,0.44793351935704767,0.581226976680714,-0.007382201916331078,0.448070755070314,0.5396569276970874,-0.01207742215584095,0.4460674427214549,0.5136797587015884,-0.01668048993731918,0.4438127864126582,0.49262142835587996,-0.020083233123454218,0.4379128544349652,0.5869472560790803,-0.00603460348806845,0.43650681348425013,0.5501677558710745,-0.01044945233212702,0.4350995242179887,0.5271594293129009,-0.013813140394095513,0.43397759148369086,0.5073954258992238,-0.016250696701513103,0.42899660180523097,0.6015088208932664,-0.0059572882070672,0.42520501042149195,0.5761536919586983,-0.010053804184847557,0.42320913708622254,0.5583956606911847,-0.011807313991783315,0.4217448138077587,0.5420139182092166,-0.012822443420119721
0.4498006186645473,0.6848432743274852,1.4808796467655758e-07,0.46254513020357907,0.6680353256241425,-0.01288235614331976,0.4703159391593536,0.6377598494285395,-0.018471909547315993,0.4766255193200356,0.610075834336169,-0.022522063407091876,0.4852086175243674,0.5882191633366806,-0.02626219671954776,0.46063354210701263,0.5850960630709637,-0.009911991656668971,0.46602372827437466,0.5475419749778009,-0.01626423752101937,0.4674958038985677,0.5235683287724078,-0.02194687596744437,0.467971531042043,0.5028273265521673,-0.026062282415039998,0.4489112928879437,0.581058443836479,-0.00733444664385833,0.44899245277873573,0.5396775472702586,-0.012126969747867115,0.446982079068042,0.5139102680568891,-0.016768452864578738,0.4447167346697861,0.49300305507276765,-0.02018890868172882,0.4388429138062314,0.5867516747901288,-0.006131890474012193,0.4373367600564573,0.5501605536766655,-0.010636436408416185,0.4359009802831222,0.5273246764405369,-0.013970683899961795,0.4347558709073758,0.5077414783101585,-0.016364132736318943,0.42986642711912715,0.6012601896065278,-0.006196965157079858,0.42595064543312605,0.5756992801333976,-0.010366715689882237,0.4238902517759595,0.5578370775386265,-0.012121840342884325,0.42236632454668727,0.5413051678640933,-0.013122453713249669
0.450492629140918,0.6847938029334433,1.4584873975578458e-07,0.463248173214257,0.6679121947401591,-0.012735894378874483,0.470994261978298,0.637584263276215,-0.018282675307586583,0.4771286994335558,0.6099133066237887,-0.022348476232527552,0.4856399015880077,0.5880549091773412,-0.026099330301584855,0.4615670697332576,0.5849186574697419,-0.009742572002963332,0.4669965197245313,0.5474260926148871,-0.016139477845073195,0.4685265261777916,0.5234742949633052,-0.021855152260244374,0.4690403948513063,0.5027191036851311,-0.025997244221836267,0.44979546129698844,0.580906045134683,-0.007291263123389088,0.4498259136679139,0.539696192871341,-0.01217177400389318,0.4478091546002211,0.5141187100769542,-0.01684799484336266,0.4455341453145918,0.49334814754710615,-0.02028446760951955,0.43968393587179716,0.5865748170703942,-0.006219863892052891,0.43808725341422705,0.5501540409694066,-0.010805519951818922,0.43662571061344624,0.5274741039770006,-0.014113145304914622,0.4354596433639703,0.5080544021109713,-0.016466709207509284,0.43065298150992737,0.6010353605205605,-0.006413697131183523,0.42662489862277875,0.5752883704821012,-0.010649671260713447,0.4245061613629678,0.5573319691861188,-0.012406256165841617,0.4229283362435463,0.5406642682638727,-0.013393743142950934
0.45128634192704525,0.6843726419552586,1.437285380145013e-07,0.4641164373655088,0.6674564860568034,-0.012565310578822327,0.47189763934654294,0.6371932945300338,-0.01809582679272448,0.4778029379003352,0.6096299094712708,-0.02221047470023366,0.4861712652047269,0.5877222827021561,-0.026006183511262253,0.46271056461719057,0.5844448873268826,-0.009574103865211604,0.4682188135153745,0.5470863984657105,-0.016030832519748742,0.4698598649211428,0.523205594407525,-0.021772268991715017,0.4704319000621361,0.5025461497886584,-0.02592106058911617,0.450887439784298,0.580488963545735,-0.00725830243027893,0.45085949744635895,0.5395460586503653,-0.012268593181660938,0.44883386297471567,0.5144220459133728,-0.016980980000125243,0.44653686999097136,0.49418893321880025,-0.02041132971516412,0.44070770184517133,0.5861589097964296,-0.006325844134050614,0.43896052165810956,0.5500544449180707,-0.01102762885755837,0.4374747423571553,0.527791078460311,-0.014298645676964252,0.43628757469185897,0.5088923767166135,-0.016584920427341884,0.43163431977047106,0.6005495887254607,-0.006650621516170294,0.4274970816578582,0.5745956616502618,-0.010978456086068084,0.4252861744819944,0.5565127728578102,-0.012748918443428299,0.4236089701934019,0.5397398640645686,-0.013719565779398347
0.4520567973043705,0.6833056094687892,1.4192422665140684e-07,0.465010299172544,0.6667379652448253,-0.012538485875266387,0.472934842351243,0.6367601498693413,-0.018107610337894882,0.47868259323142426,0.6093200840799762,-0.02230348280594489,0.48687550522200246,0.5873091152468995,-0.026169512613585518,0.4640271596462395,0.5835635872591283,-0.00947811741732659,0.4696717572815658,0.5463750874616103,-0.01602243405398812,0.4714510979332399,0.5226003584368027,-0.021819570866904534,0.4720826348664237,0.5022117442210949,-0.025981019500089127,0.4521400648526823,0.5794989019713277,-0.007218563048480023,0.4521119992891701,0.53869221546835,-0.012530683953445105,0.45003615574220607,0.514603393815712,-0.017416246268815348,0.4476873364793869,0.4960339338307804,-0.02085905760855262,0.4418434798003963,0.5850421677797251,-0.006344045406871766,0.4400243997477903,0.5490848864941112,-0.011299107696501647,0.4384487858720333,0.5278687599428984,-0.014663862855349758,0.437206191001379,0.5106612413278372,-0.016902285340607077,0.4326857067333616,0.5992684945793378,-0.006715250665381805,0.4285683946535578,0.5730245856809285,-0.011206291207539996,0.42622014685333787,0.5549390997486023,-0.013079700854942996,0.424410191676786,0.5386504484143397,-0.014065117002864568
0.45296317970394484,0.6822137093334888,1.386306753647929e-07,0.46611281298396345,0.666092852293276,-0.01237310283362385,0.4741148728155841,0.6363450134459553,-0.01786932048722857,0.4796768112613675,0.6090197586571149,-0.02203854095173479,0.48765306532187924,0.5868678340007892,-0.025859628694407794,0.46560124659104835,0.5827445514774471,-0.009188510777848309,0.4715585782512813,0.5455501686051587,-0.015682722162320355,0.4734444953889734,0.5218972367452103,-0.02141228372441657,0.4740797872990082,0.5018094816027501,-0.025503282438899936,0.4535898550993714,0.5785332476899024,-0.006979559146546274,0.4537495011391465,0.5377042470342356,-0.012527670381606737,0.45164350098640527,0.514893003444242,-0.017494891835614878,0.4493059917360868,0.4983640690556268,-0.020840457731218717,0.4431412250090521,0.5839232674500738,-0.006143234363155298,0.4413471193479878,0.5480410045688952,-0.011242844344376644,0.43974854609011976,0.5278659832774955,-0.014648554070669118,0.43858606205822503,0.5123227618703649,-0.016782534346261285,0.43391040880704346,0.5979156907352563,-0.0065288615550928185,0.4298626972817905,0.5713147056107438,-0.011058707618586452,0.4274190072263341,0.5531813272738533,-0.012997917960590341,0.4255794524363405,0.5373836797205851,-0.01396849582840157
0.45378309485482554,0.6812259745047875,1.3565132293985008e-07,0.4671101489631953,0.6655092819555762,-0.012223497036329984,0.47518233049864195,0.635969480289777,-0.01765376305920023,0.4805761826816555,0.6087480837387644,-0.02179887407330545,0.4883564475884686,0.5864686501908927,-0.02557930714307646,0.46702516847595954,0.5820036502344076,-0.008926532090248691,0.4732653998982987,0.5448039455220876,-0.015375418173359912,0.475247726317167,0.5212611915968046,-0.021043851041873746,0.4758864149860233,0.5014455941137953,-0.025071120633032812,0.45490133796732823,0.5776597150879619,-0.0067633557864555365,0.45523078826147073,0.5368105290095887,-0.012524944299094868,0.453097508388837,0.5151549848357433,-0.017566034756967736,0.45077023019619394,0.5004719135761619,-0.02082363224868756,0.4443151676617994,0.5829111081969405,-0.005961580331386131,0.4425436538802979,0.547096707099508,-0.011191948414724557,0.4409243115240266,0.5278634715009717,-0.014634705716478744,0.4398342959011385,0.5138257763452241,-0.01667420738112687,0.43501827650835617,0.5966919419417526,-0.006360253630273363,0.4310335257700875,0.5697679450200795,-0.010925203238248547,0.4285034984786705,0.5515912431277747,-0.012923937007083183,0.4266371678250541,0.5362377584790003,-0.013881092139985621
0.4547126892628514,0.680083374489086,1.3160963368324077e-07,0.46812803849652135,0.6649548061111918,-0.012482228286031028,0.47638267424255987,0.6356208570525166,-0.01800660381801917,0.48161587101082964,0.6084807405055949,-0.022241819073191126,0.4893125384943897,0.5860286381544039,-0.026096358116300112,0.4688241848680493,0.5809913590355753,-0.008898094882166505,0.4752821140466751,0.5439872192908276,-0.015437698639397769,0.47727161273480656,0.5206669665206552,-0.021233026332359767,0.4779041286694347,0.5010955086877134,-0.025361354091138905,0.45662715893891587,0.5764446282158261,-0.006680537890610007,0.45721282964497845,0.535649750521918,-0.012863214950113173,0.4548876869000456,0.5154977254080597,-0.018318428704023147,0.4524652560155754,0.5026748986336337,-0.021743176507726513,0.4458615060281767,0.581427272859938,-0.005842640215437043,0.4442780029200368,0.5458139827497935,-0.011459205928142818,0.44243540718783425,0.5277789106782138,-0.015303174964791907,0.44124505961782673,0.5156043672317804,-0.017482917278188913,0.4364028999966228,0.5949463922531679,-0.006205689175683208,0.43258293073557585,0.5676866407905974,-0.01101997473978975,0.4300612912488233,0.550059753524602,-0.013286710106078837,0.428255854753738,0.5360044324713514,-0.01438471589728443
0.4556240217354171,0.6781649311963024,1.2614002590401407e-07,0.4692507833187286,0.6637092931332526,-0.012429912469504086,0.4777937675824268,0.6348600200836956,-0.017897945962792317,0.48300022968841044,0.607699330335946,-0.022101231924711553,0.49055654489260847,0.5852393863622402,-0.02588898890090313,0.47090548057524667,0.579619293996573,-0.00865754218503397,0.4776617557271967,0.542646257101644,-0.015182380533948128,0.4797069011350926,0.5196240609199907,-0.02092083116674721,0.48031742300036195,0.5006579705657236,-0.024958117635558524,0.458626191617187,0.5746075814929203,-0.006395579018796456,0.4594512875874806,0.5341946470520805,-0.0127615223964957,0.45706738169590894,0.5159532033868152,-0.018250727471135618,0.4545923925487461,0.5053901670133346,-0.02156705433425437,0.4476857294993795,0.5790910443633803,-0.005511601458453942,0.4462561892931508,0.5439035589799466,-0.011315100678466286,0.4443752918656411,0.5277560944062087,-0.015177649941619823,0.4431706888555248,0.5179371817011388,-0.017230768454957888,0.437989880403031,0.591962354658239,-0.005805658512540264,0.43423788395244567,0.5646494781389494,-0.010670967710573466,0.43188874057691967,0.5484155647827843,-0.012909349005859331,0.4302711240387924,0.536368303184344,-0.013898088927419656
0.45698096637296126,0.6762909190139984,1.206957497313127e-07,0.47057505038882463,0.6625538281792367,-0.012700698024991705,0.4792755195813429,0.6339914370578918,-0.018303397114956734,0.4844065793178644,0.6070386118075943,-0.022648139395667857,0.49190357110836525,0.5846112189535587,-0.0265765991998458,0.47326778242203876,0.578426725172283,-0.008710125709457686,0.4802902659530825,0.5416292240141499,-0.015337430734615316,0.48244089377965527,0.5189434476430691,-0.021214984230786143,0.4831565463018075,0.5004715929021185,-0.02536474286823738,0.4609026037641878,0.5732032530505664,-0.0064047058669440575,0.461967213960502,0.532674657797845,-0.013273832007432314,0.45978688152068004,0.5171445444827066,-0.01922507218424096,0.45753645789222636,0.509145378163473,-0.022727749467500988,0.44977877561221075,0.5772852392285629,-0.005473302841230353,0.4485654382847188,0.5419412420495089,-0.011656701167246547,0.4469833875922476,0.5278749746268597,-0.01589058373842224,0.4459861335915658,0.520687002676857,-0.018081115683087182,0.43987765502767484,0.5896930504302726,-0.005718107990338085,0.4361813408922428,0.5619429432794391,-0.010759326380345595,0.43418722183115127,0.5470378924650485,-0.013195461323882338,0.4328854463823968,0.5370573686733191,-0.014300005868896402
0.4583315423727624,0.6738075151537887,1.1217182364729853e-07,0.4720408838859479,0.6609435467147223,-0.012724921772323948,0.4809433040976891,0.6328458267273872,-0.018361170969803605,0.48609133246833214,0.6061318722450963,-0.022814346610778524,0.4935097281100526,0.5837785580821411,-0.02687154176691451,0.4758593493875508,0.5769389130526922,-0.008608668728445377,0.48311323301233816,0.540515359219962,-0.015369919141286884,0.4854634074788847,0.5184478981834584,-0.021395912876662093,0.48636794816638146,0.5005834350527231,-0.025662706604825482,0.4633972958437109,0.5715417974286842,-0.0063883070561251845,0.4646516391294627,0.5311432574748934,-0.01376495611987206,0.4628225218900849,0.5187203826832211,-0.020053392610129842,0.4609005141336838,0.5132316075336544,-0.023661012296435868,0.45208143554846164,0.5751924929489617,-0.005532544555262949,0.45117554766660617,0.5396653830273601,-0.012154340827078407,0.45003994652874474,0.5283912000787918,-0.016575525793876465,0.44925649422321057,0.5239767895535103,-0.01876245261529109,0.4419216010166234,0.5870012435242064,-0.005834129434977611,0.43853934963166574,0.5588962255235876,-0.01113774253647347,0.4370915336134383,0.5462409363377068,-0.013662684662785762,0.4361195116546339,0.5388855084460782,-0.014779850342600076
0.4595535091038929,0.6715605946564719,1.0445959264747744e-07,0.4733671326621182,0.6594866051004168,-0.012746838801315778,0.4824522730072282,0.6318093077081524,-0.018413443280700905,0.48761565416540215,0.6053114774066456,-0.022964726661489472,0.4949629380155472,0.5830251877547131,-0.027138398281916446,0.47820413310488236,0.5755927785792672,-0.008516873038712822,0.48566738163484857,0.5395075627526209,-0.015399313823338054,0.48819810081371995,0.5179995376666395,-0.021559612502600547,0.48927354269743906,0.5006846269791285,-0.025932296596982606,0.4656544296340647,0.5700385547414982,-0.006373469830190682,0.46708043858181664,0.5297576855063668,-0.014209312695396669,0.46556909190142487,0.5201461609104047,-0.020802835813104787,0.4639442264529596,0.516928723687699,-0.02450540471013718,0.45416482355152105,0.5732990294706041,-0.005586144947727821,0.45353710808952763,0.5376062438080801,-0.012604592503766845,0.4528054431262624,0.5288582677063202,-0.01719524390277255,0.45221543314353585,0.5269533048450392,-0.019378908900584385,0.443770911236182,0.5845657652643197,-0.005939102680073091,0.44067281582069473,0.5561396329754134,-0.011480123826662718,0.4397192808674303,0.5455198707524116,-0.01408541642777474,0.43904561145913223,0.5405395627032966,-0.015214001388575307
0.4611954878523165,0.6689980224718204,9.888890147950889e-08,0.47501886816143446,0.657493828685662,-0.012726481271731255,0.48424943721343916,0.6302964760339836,-0.01850245956001446,0.4893353126127828,0.6041800608971719,-0.023230688638538298,0.4966162757253194,0.582063741398728,-0.02759206821328396,0.48085629475019337,0.5740459235593038,-0.008515310065022673,0.4884846222915812,0.5383977512423723,-0.015552247502618159,0.491241700184203,0.5173993025543756,-0.021815596056840313,0.4925067928937101,0.5006983735988998,-0.026251307443484053,0.46821963275849354,0.5683071048719057,-0.006495485471178107,0.4699042305609702,0.5284570995358326,-0.014820967120261607,0.46869105686270657,0.5217895489507156,-0.021599153223306737,0.46724419121534816,0.5209288785772497,-0.025279380399191607,0.4565464991199022,0.5712238230444955,-0.005818695244519285,0.4562273416325494,0.5357054180374292,-0.013205742074467562,0.4559359094177571,0.5294635984132504,-0.01776856795859735,0.45548617053007995,0.5298325513551657,-0.01980851774520232,0.44585993263538837,0.5820354917388189,-0.0062693394138516,0.44308704687237205,0.5535875040671127,-0.011997270148646256,0.4427340024159133,0.5448102261305351,-0.014553932086040082,0.4423977581020947,0.5418577859466273,-0.015588520686251588
0.4629767714744403,0.6663358496018961,9.25063827705392e-08,0.4768033965728922,0.6551046586331336,-0.012452031155832674,0.4861932312486422,0.6283457886207497,-0.018219535811725605,0.491307292955999,0.6025715829132092,-0.023038851605740773,0.49818010567617393,0.5806353108821752,-0.0275136901599567,0.48354231883814297,0.5726690697380123,-0.008431773936797716,0.4914202534160566,0.5373765209708187,-0.015540209485857477,0.4944578118319014,0.5169045002819084,-0.021779187986889804,0.4959192790757587,0.5007730689320252,-0.026175283861933244,0.4708655792585248,0.5666928158966944,-0.006625292999877069,0.4728897120067324,0.5273936845984518,-0.015286086955959993,0.4719444900689591,0.5236750862985372,-0.022014822177587372,0.4705991221585185,0.5249284679226246,-0.025520687637608667,0.45906723738400385,0.5692546799520845,-0.006127780011401362,0.4591481080511974,0.5339051485589889,-0.013753642774802812,0.4592232096339017,0.5303685455867847,-0.018056120805383047,0.45881000602167016,0.532837051486142,-0.019807659108161683,0.4481160367944622,0.5796294718291856,-0.006730934338641723,0.4457204620777272,0.5511310683109348,-0.012543908042211576,0.4458922525744695,0.544123565107928,-0.014891200147159295,0.4457983412232211,0.5429461592519268,-0.015716206054017252
0.4645646889350024,0.6636396513311632,8.667485794251503e-08,0.47839510912110783,0.6529256903316633,-0.012213713043972927,0.48811757595249416,0.6265758909380464,-0.01792538349276346,0.4933969056143868,0.601016851989169,-0.022767625760630912,0.4999118652499031,0.5790777024085033,-0.027273295336643934,0.4862013365422037,0.5714604092856648,-0.008314465048324145,0.4942838433973531,0.5365913032464865,-0.015494209738574936,0.49761770072472533,0.5165077858765424,-0.02167189402517257,0.499334037849432,0.5007242316583121,-0.025993827948774303,0.4735284384035911,0.5651324357818355,-0.0066790297660080785,0.4760053491756137,0.5264203423621769,-0.015667183957292125,0.47524609905516474,0.5255080608288456,-0.02228106971383349,0.4739438271299053,0.528769555100158,-0.025537645712156876,0.4616186543352407,0.5672436128983818,-0.006331536139323254,0.46214220051666355,0.5321816727707904,-0.014237770866947564,0.46250209070906,0.5312279292201295,-0.018254840184692936,0.46210993969433617,0.5356366707633444,-0.019663712057496147,0.4504003138240185,0.5770812813290561,-0.007060085594877746,0.448378801887422,0.5485855820900952,-0.013016685766727055,0.4490523250779286,0.5433076190764629,-0.015172205511570901,0.44922117986446947,0.5438360275824683,-0.015770089681267634
0.4660562431765801,0.6609298475400339,8.033696052029044e-08,0.480075662332802,0.6504659270775706,-0.01181027567218141,0.48997518292821635,0.6246885180879244,-0.017458986013403524,0.49541267143218065,0.5992116107801807,-0.022340843945481283,0.5014588124952303,0.5772142960149994,-0.026915682571647115,0.48870037401734406,0.5702485148113778,-0.008114413626654587,0.49710820331093264,0.5357341535500318,-0.015303212235460634,0.5008097948953537,0.5160422630889548,-0.021378446339108192,0.5027792982648475,0.5007166068900224,-0.025599936512411145,0.47607005685753856,0.5636607483973625,-0.006690388384939163,0.4790659460592662,0.525456058494441,-0.015833951483210984,0.4782680507226692,0.5273175278883264,-0.022227894661119123,0.4769382390413658,0.532224965887931,-0.025209055185256513,0.4641375220642629,0.565331081684869,-0.006514763884404838,0.46512476883010867,0.530610538756538,-0.014490388373824287,0.46562838309666865,0.5322303853616579,-0.018112262960460444,0.46519256886018595,0.538283711847421,-0.01917631332065689,0.4527210078205607,0.5746745959839785,-0.007382869374588913,0.45104796784231815,0.5461504893939694,-0.01330332995067986,0.4521502391594589,0.5425268532103407,-0.015175063665250375,0.45260112089506443,0.5445393329545667,-0.015529067782758154
0.4674058582287672,0.6584779139240541,7.460218968741476e-08,0.4815962908471929,0.6482402396570255,-0.011445230181774919,0.4916560164276608,0.6229807512923169,-0.017036971821160367,0.4972366130720778,0.5975781598197236,-0.021954675514143252,0.502858549245685,0.5755282149815973,-0.026592100929732822,0.490961598248024,0.5691519465615836,-0.007933399485585826,0.499663791666961,0.5349585718781985,-0.015130390424528338,0.5036981232045687,0.5156210403511216,-0.02111292370298667,0.5058967010288465,0.5007097077094452,-0.025243528547735993,0.47836980997864237,0.5623291096336942,-0.006700666095701619,0.48183529061792274,0.5245835377464856,-0.015984849088488826,0.4810024276187664,0.5289548025591616,-0.02217977984937199,0.4796476969179232,0.5353515530952022,-0.024911733969072165,0.4664166894634724,0.5636005506444396,-0.00668055532252165,0.46782351016836793,0.5291889168969164,-0.014718966309659971,0.46845717144793336,0.5331374458359274,-0.017983253660926235,0.46798184906640966,0.5406788553770646,-0.018735296391256172,0.4548208600833524,0.5724969354758638,-0.007674936424888892,0.45346313079723866,0.543947124833331,-0.013562696519122841,0.4549533497391942,0.5418203865356606,-0.015177649831492107,0.45565942019336586,0.5451757104258037,-0.015310981994747508
0.4684800954807664,0.6559782567481501,6.641432025823068e-08,0.4831934724550616,0.6456935500755252,-0.01058349200765217,0.4933117299804326,0.6211453882249682,-0.015806866139844118,0.49911384836061934,0.5956600921892781,-0.02050493708986771,0.5039254492162488,0.573502622879533,-0.024943893005133066,0.49308518129165596,0.5679234526969252,-0.007084902773723731,0.5021279091188942,0.5341777677418308,-0.014118918697756588,0.5065222684562609,0.5151595831851182,-0.01997557553943017,0.508976412487243,0.500517202728628,-0.024021762635044,0.4805828165673153,0.560930470022895,-0.006149854687066975,0.4845318481531439,0.5237384093188329,-0.015395946108829571,0.4834271737734902,0.530517306761713,-0.021333638132567567,0.4819987989810007,0.5380726698587637,-0.023822505390024534,0.46864341897399575,0.5617604723443721,-0.0063575199779268106,0.47048198887693776,0.5277800147816678,-0.014273679937288144,0.4710286256540571,0.5339641260330513,-0.017047217787731102,0.470500665157539,0.5428181502655908,-0.017433937578659374,0.4569240407521126,0.570245917862702,-0.007510521791144734,0.4559234517075907,0.541753652673929,-0.013164644940185904,0.45762779899615186,0.5412157618360033,-0.014349831565841797,0.4585081677225836,0.5458138966450504,-0.014166393043711955
0.4696110332257482,0.6535962416014062,6.107146545586109e-08,0.4845800684320246,0.6434441228545457,-0.010147679913188334,0.49488263049985787,0.6193197945727943,-0.015252350098497153,0.5008067665209545,0.593817302214766,-0.01993185697819735,0.5048430557186042,0.5714160463351781,-0.024394072539699753,0.49504853033415436,0.5666165691421184,-0.006863721164421881,0.5044454282345036,0.5332974725833033,-0.013945340579735378,0.5091496989028382,0.5145078488416802,-0.01975617543427831,0.5117827208980675,0.5000985637047671,-0.023731792918722627,0.48259865515444256,0.5594957986265161,-0.006144096891315928,0.4869319041404895,0.5229514839492441,-0.015539117801225718,0.4857056825723627,0.5316776128922026,-0.021282350732172727,0.4841940114692177,0.5405323157572437,-0.02354330406251094,0.4706653863525368,0.5600689115065642,-0.006533796765234641,0.4728722693473839,0.5265511500536777,-0.014554742239294644,0.47343891364502116,0.5346491901319472,-0.016979048108261292,0.4728706779567414,0.5447657144492261,-0.01705347585955495,0.4588220804185686,0.5681796492915988,-0.007833891481381045,0.4580519654061186,0.5396821780997116,-0.01349032453728091,0.4600270330347681,0.540401560365392,-0.014427302889481724,0.4611384868576605,0.5461613085794736,-0.01401917486399274
0.4705152243068327,0.6510100098160672,5.7463090060064845e-08,0.4856106055435275,0.6412438326912535,-0.009899293241261537,0.4961411723324194,0.6175679763002317,-0.014935016770259824,0.5021261245789315,0.5921204616939824,-0.01961169984245931,0.5055811013410657,0.5694436696415648,-0.024099062837597728,0.49676235740987734,0.5651330297190206,-0.006758593422626931,0.5065192891296121,0.5322602765148945,-0.013855793629896227,0.5114909429627694,0.5137143124073734,-0.019555182050896278,0.5143229863621362,0.4995546356393193,-0.023407951524116975,0.48440577626399717,0.5578882491354147,-0.006158903175229294,0.4890900203009547,0.5219817008521278,-0.01565673133234112,0.487774376512,0.5322482661083253,-0.021174427590904436,0.4861604460141775,0.5422804291836595,-0.02318049939168726,0.47246722011310543,0.5582041297134622,-0.006656924069502688,0.4750140695288013,0.5253368749313296,-0.014816309913618564,0.4755620404768158,0.5350020955310664,-0.016949001793555143,0.47491416845048884,0.546167320837178,-0.01672324110959419,0.46052028297597447,0.5658761907780231,-0.008040665351545696,0.4600040896741648,0.5375124651051264,-0.013755733789555968,0.46220845298668,0.5393824761274074,-0.014500842547170057,0.46346986453806743,0.5461925446052255,-0.013882809361767659
0.4713333892388369,0.6486698361546979,5.4198021124849986e-08,0.4865430957476437,0.6392528815643299,-0.00967453846453448,0.4972799745329754,0.6159828287491901,-0.014647875029590845,0.503319956854405,0.5905850612257054,-0.019322002955737532,0.5062489281523996,0.5676589479414996,-0.023832120818471206,0.4983131283057748,0.563790636549461,-0.006663467698079573,0.5083958396660292,0.5313217608974137,-0.013774766316467676,0.5136094374128599,0.5129962742665428,-0.019373311491356123,0.5166215670097021,0.4990624577379972,-0.023114920904659976,0.48604096505390293,0.5564336444090522,-0.006172300766208276,0.49104280992542926,0.5211041844307545,-0.01576315492874775,0.4896462516851447,0.5327646264878227,-0.021076772425547632,0.4879397909108758,0.5438622243733927,-0.022852212522855016,0.4740976246006507,0.5565167661673343,-0.0067683368500882956,0.47695209550191114,0.524238127837166,-0.015052991631625615,0.4774831697118975,0.535321424960337,-0.016921814132072076,0.47676323807287757,0.5474355762082883,-0.016424425408577754,0.462056915894586,0.5637918868985005,-0.008227766433344247,0.4617704857960046,0.5355491819874093,-0.013995891591798901,0.4641823292435526,0.538460349152568,-0.014567385527178246,0.46557943131136326,0.5462208087867906,-0.013759417886016883
0.47208557422975284,0.6463001184501278,5.1977867429716905e-08,0.48743009360188183,0.6369868608152068,-0.009391775389607056,0.49838747849372256,0.6139572765803222,-0.014321192980512086,0.504333789747177,0.5885862881323635,-0.0190089971175656,0.5066388765903495,0.5656332097144685,-0.02356475420538111,0.49963874835905575,0.5624620494446853,-0.006667816249310188,0.5098640361549496,0.5303872101541066,-0.01380119588722659,0.515324280895527,0.5122412378809321,-0.01927527414030232,0.5185429895412359,0.4985394383025436,-0.022887614437403392,0.487387387308693,0.5549122606286795,-0.006337577519613567,0.4926643581098762,0.5198649009153808,-0.016042124614754034,0.49124065331803496,0.532704329088476,-0.021115693086572074,0.48939686571212976,0.5448185373037939,-0.02261623332198441,0.47538202697392484,0.5548003494232513,-0.007066384522960952,0.478502843362352,0.522847747539674,-0.01551784647476691,0.4790115605467287,0.535135398295401,-0.017096784853012744,0.4781797540910999,0.5480095867992909,-0.016289916472653057,0.46322857944879015,0.5617587067285138,-0.008623138225599094,0.4630274224524605,0.5334776715072275,-0.014474810710512886,0.46565785502624835,0.5372432861759263,-0.014856702991765768,0.4671955084037031,0.5457737785129998,-0.013835018325969391
0.47244090639821645,0.6437384486010241,5.006112216312205e-08,0.4878557840892347,0.6345808492293081,-0.0091581956187176,0.4990536832261248,0.611856033925949,-0.014004504100475684,0.5049532018123246,0.5864055426547833,-0.018657279204785274,0.5066227119288239,0.5634209881915682,-0.023203459787988996,0.5005085895911231,0.5610424677661412,-0.006575798693965839,0.5109097472594232,0.5294059063985499,-0.013660619700747136,0.5165449725566095,0.5113899316234937,-0.01904213929617582,0.5199458499280679,0.49772670026704396,-0.022587771297371422,0.48833121597935086,0.5533641405586377,-0.006366527208141388,0.49376015146987,0.5185331407308551,-0.016075177665629884,0.49233715999092925,0.532075790905164,-0.021003488016586545,0.4904547512840674,0.5448929612722612,-0.02235689810368129,0.4763384972368738,0.5530698371595552,-0.007186316998737747,0.47952995661248343,0.5212923315533272,-0.01566139475930676,0.4800402849062515,0.5343084945366824,-0.017020277398106822,0.47916835632823923,0.5478023609496365,-0.01601918801116015,0.46414298625189676,0.5597295460837145,-0.008815636337209633,0.4638943414508347,0.5315664545507321,-0.01467965627944329,0.46663162207791664,0.5360180390118185,-0.01491492846281881,0.46825009663322986,0.5452554272674228,-0.013750076363213973
0.4724047675701334,0.6410072815074127,5.05197201243426e-08,0.4878205256349994,0.6321786586137429,-0.009164323023984611,0.49930426863308264,0.6094889700402101,-0.013943923170857879,0.5051390040670033,0.5838664402943738,-0.01852016470624885,0.5061781818229348,0.5608444852396997,-0.023004594694387856,0.5008656739846453,0.5595097188335315,-0.006616702477538043,0.5113471112442803,0.5281624288509027,-0.013608291447069126,0.5170532836647694,0.5102499602882252,-0.018906790453549475,0.5206379939827229,0.49650106004146005,-0.022423342768722456,0.48874454403045076,0.5516346406017476,-0.006414300926911983,0.4943595341684497,0.5170259759843698,-0.016187236422867225,0.49302507676499807,0.5307488659206111,-0.021164277233188058,0.4911043928192768,0.5441204457173425,-0.022514730653180517,0.4767346361476747,0.5511037860368576,-0.007215039383471573,0.480006617030464,0.5197186653864984,-0.015795858723524892,0.4805529507819798,0.5331013008908623,-0.017214450264681092,0.47963480014286813,0.547156595827002,-0.016199593953941712,0.4645141498476731,0.5574253763628055,-0.008816886367208983,0.4642695935361868,0.5293979650064207,-0.014782903040458581,0.467148347894557,0.534299574631823,-0.015073899988769854,0.4688501807180397,0.544253075236415,-0.013917446157437306
0.47199866463573,0.6380684776679839,5.030114135922191e-08,0.4874693283344799,0.6293418851796667,-0.00911490038010209,0.4992240884974217,0.6065323029092844,-0.013786310447121086,0.5046805874969545,0.580460552785267,-0.018252520797736902,0.504871266373642,0.5575189096835599,-0.022632111028036868,0.5008806224317369,0.5573787411261824,-0.0064735820455058615,0.5113379885412624,0.5262837458521006,-0.013364422712787356,0.5169679803305901,0.5083511592274158,-0.018604655962563044,0.5205338749140205,0.49444870782846945,-0.022099957986571245,0.48874089659643094,0.5493730589944146,-0.006278890528562629,0.4943386362484821,0.5152539952726051,-0.016048306307020185,0.49304921287541587,0.5291155518784195,-0.02101971635416618,0.4911097709654683,0.5429119133179988,-0.02233241431523421,0.4766849386086132,0.5486893534824187,-0.007069364973611771,0.47986093039865035,0.5178762469557731,-0.015709349335969423,0.48036610002685026,0.5317875077966201,-0.01707289453353105,0.4794135579400082,0.5463763136283559,-0.015962152199274368,0.46444883558632705,0.5547834700070123,-0.008655051590597403,0.4640999904282224,0.5270326532509703,-0.014675614520994522,0.4670358023022463,0.5325527694060121,-0.014904769027238621,0.4688293391175867,0.5431857765209337,-0.013656592755766016
0.47163119469782633,0.6354092453086503,5.010335622042711e-08,0.4871515408001362,0.6267749769666097,-0.009070179363975419,0.499151535981849,0.60385690661204,-0.01364369158648796,0.5042657805742287,0.5773786709138224,-0.018010338133911393,0.5036886791566781,0.5545096996050761,-0.022295062122085967,0.5008941488174365,0.5554504855548602,-0.006344076809724027,0.5113297336905153,0.5245837839300705,-0.013143753466024066,0.5168907919917275,0.5066329930956393,-0.01833126384141416,0.520439660801121,0.4925915980260692,-0.0218073371366612,0.48873759614662077,0.5473266240085862,-0.006156361862902913,0.494319726369478,0.5136505849375499,-0.015922592758266203,0.493071052892429,0.5276376167077639,-0.02088890770262195,0.49111463748299283,0.5418183498686389,-0.02216744192102492,0.4766399688483732,0.5465046084198014,-0.00693754872258179,0.47972910308835376,0.5162090997155647,-0.015631069676848536,0.4801970245793025,0.5305986972122577,-0.016944805147001432,0.4792133627390893,0.5456702604906088,-0.015747298526839027,0.4643897347389118,0.5523928909634584,-0.008508612325391227,0.46394652184114243,0.5248923560744059,-0.014578532470496291,0.4669339632897346,0.5309721395866255,-0.014751727670808217,0.4688104802003628,0.5422200110475107,-0.013420554610769795
0.4708985830580984,0.6328394747547438,4.944189467148395e-08,0.48645647178517354,0.6239816901634884,-0.009072405544524317,0.49843198961280777,0.6008017429427325,-0.013586139876552751,0.5030275345798391,0.5739033567288705,-0.017888380000780094,0.5017512379909294,0.5511304272973657,-0.022108028834334183,0.5003138531606365,0.5532719399195578,-0.006187397085148769,0.5106075918699382,0.5225772558740153,-0.012877083920123102,0.5159809508192779,0.5044832771137461,-0.018019031082011125,0.5194326184269563,0.4902034397678376,-0.021501383586184298,0.4881103877235209,0.5450590301363427,-0.005990577031371309,0.4935323631830742,0.5117127211030392,-0.015727702909215047,0.4922729380951012,0.5258634397051002,-0.02070479576520724,0.49034866410655636,0.5403931643554342,-0.021979599522898532,0.47596436153699856,0.5441576469638665,-0.0067548514567039065,0.4789445779429594,0.5143289094410416,-0.015459309039482576,0.47942576763415573,0.5289559237004597,-0.01677570862630179,0.47847259386798763,0.5443699656531358,-0.01555840616222798,0.46371827401613736,0.5499128778942666,-0.008311011330148601,0.46316492396098996,0.5226762034028114,-0.014400042387221096,0.4662156483039131,0.529144761129524,-0.014571555382402216,0.46820086304248465,0.5409499348070652,-0.013220592790462166
0.4696998527609064,0.6302284546515553,4.8529349558071005e-08,0.48534551497684275,0.6208890690686587,-0.00904161169738688,0.49714646974262666,0.5972821850386004,-0.013445012461861073,0.5010365754846664,0.5699611544828588,-0.01763057328498086,0.4990734323457823,0.5473688153195676,-0.021729305826139404,0.4990571852756349,0.5510559160353178,-0.0059793912503269655,0.5091171244138432,0.5203369069752966,-0.012547976933670178,0.5142638833610159,0.5019684515956429,-0.017613599449547525,0.5175942400436886,0.4873431657431358,-0.021067689455931324,0.4868481132429191,0.5428366828931471,-0.005749882182840931,0.49200031110051773,0.5096675954537272,-0.015469708319388245,0.4906538274323558,0.5236891372536251,-0.02044692744173744,0.48871145753929,0.5385040874142467,-0.021686515949280023,0.47469818898601746,0.541839617433237,-0.006473614668803956,0.4774578652701739,0.5123850047425504,-0.015221509230615462,0.47787593966079556,0.5271279692587397,-0.016549475156972568,0.4769405814905184,0.5428843707479205,-0.01527923497759742,0.46247496986545206,0.5473821298501624,-0.007983178278561109,0.4617529281215363,0.5204420343980629,-0.014111635778523436,0.4647789787159751,0.5271791617777625,-0.014289850253012295,0.46681627274432214,0.5394239901718716,-0.012900502118789766
0.46823130017911563,0.6279153320588285,4.79584926863117e-08,0.48376232935748487,0.6179236240681572,-0.009111662246648885,0.4950780065516885,0.5937561171411133,-0.0134968434706678,0.4981549332877893,0.5659929431278823,-0.01763069236121367,0.4955984419258442,0.543465221826939,-0.02165926527832224,0.49719604378429944,0.5489306545720403,-0.0059794877751984535,0.5068817676868546,0.5179879516300117,-0.012508012784175843,0.5116765034892615,0.4991807389564194,-0.01753381953311587,0.5147788624385062,0.4841883613162027,-0.02097615920217043,0.4849770195120498,0.5408081555509175,-0.005683166615261182,0.48966040890184065,0.5076081722533375,-0.015448011217776452,0.4882746906000042,0.5214368993527018,-0.020433792196473233,0.4864341646382726,0.5365898939389501,-0.021645455856419894,0.4728283874568113,0.5398315981920637,-0.006338821651542672,0.4752505902564601,0.5104603955268264,-0.015180462347516516,0.4756384261124479,0.5251698313750386,-0.016545110569545992,0.4748059786560359,0.5412726578560166,-0.015243330776768687,0.460658741329921,0.5452834882477422,-0.007778261736303114,0.4595757357101344,0.5185034032501586,-0.01401677573859317,0.46258705462197885,0.5254348043399782,-0.014262653829738934,0.46475471422462206,0.538139317308594,-0.012875531433355984
0.4664402258605259,0.625303044013295,4.6543558898015617e-08,0.4817062511018215,0.614689571031025,-0.009282510736384975,0.4923827219921163,0.5899527995533169,-0.01366722583084483,0.49450532604189734,0.561900287361008,-0.017731919883731323,0.4914069265743295,0.5394935310155414,-0.021643567084036405,0.4948055054512373,0.5459340241820643,-0.005926987564274777,0.5040297816738014,0.5148128764932814,-0.012483047924297557,0.5083048546520152,0.49578930567325513,-0.017503512006743122,0.5109688285911197,0.48078711256796275,-0.020910209739578373,0.48255897183509194,0.5381127174070978,-0.005485895022965966,0.48652744893700506,0.5052935967337929,-0.015360839953639028,0.4849982358554327,0.51926372047395,-0.020375449674658746,0.48325717136190266,0.5347545607029394,-0.021525701548234227,0.47041296623105794,0.5373405664398747,-0.006022707084208622,0.472204500182128,0.5087700836107841,-0.01505750159477356,0.47253493186641604,0.5237004406961566,-0.016490374845215913,0.47189391082601895,0.539992656674888,-0.015117549366882782,0.4583573384545068,0.5428786194753458,-0.00734507741894447,0.45677538023281805,0.5166784004171372,-0.013730496272924464,0.45968708092417565,0.5239398110136989,-0.014032387614457282,0.4620138316116357,0.5368967815435699,-0.012598557373730746
0.4648195313828316,0.6229392555509173,4.5263223764407015e-08,0.47984576176306276,0.6117631643244749,-0.00943710689186763,0.48994383223965043,0.5865112808248742,-0.013821400198356761,0.4912028956247009,0.5581969543772045,-0.01782351791795707,0.48761413823893557,0.5358996559326753,-0.021629362214632183,0.49264237227753355,0.5432224547768656,-0.005879481550125245,0.5014490970345085,0.511939837286056,-0.01246045790102426,0.5052539412451656,0.492720489858945,-0.017476087549748196,0.5075212325018911,0.477709415006045,-0.02085053386308319,0.48037094620367493,0.53567368868042,-0.0053073893200364765,0.48369251860432944,0.5031992002457197,-0.015281961045636823,0.48203346099610506,0.5172972699636171,-0.020322657112151376,0.4803823964822434,0.5330938175336255,-0.021417339129130686,0.4682273172039609,0.535086499502154,-0.0057366636027743,0.4694481760526432,0.5072405662928944,-0.014946237751126606,0.46972666426194265,0.5223708290021457,-0.016440845975735946,0.46925885978330406,0.5388344183906549,-0.015003733187239719,0.45627486153413516,0.5407025190765241,-0.006953100702132563,0.45424141466223183,0.5150270049487553,-0.013471449764205681,0.4570629735330379,0.5225870321798208,-0.013824025973830117,0.45953368141978157,0.5357724446962314,-0.012347931074062376
0.4626274598220058,0.6207362452044444,4.206319744453002e-08,0.4771760146580289,0.6091743141847195,-0.00966036891682737,0.4866459826554185,0.5834890974134983,-0.014126033012469898,0.4873202698667369,0.554948351606613,-0.01813427360983162,0.4833472753546647,0.5326294427839505,-0.021884763875180895,0.4898145307938435,0.5406301816431718,-0.00598204546888087,0.49800559676659306,0.5090941540449014,-0.012689457315873775,0.5012610217752623,0.48954159472157643,-0.0177687854773928,0.5030967706668835,0.4744684770226676,-0.021147330421969146,0.4775919758370288,0.5334124440842112,-0.005253149499603679,0.4799156749467003,0.5015378162411657,-0.015438000552859243,0.47809585167055624,0.5157313285155783,-0.020484745344449145,0.4766438283800283,0.5318707469887649,-0.02149772364541331,0.4655108423241207,0.53299763408738,-0.005561382280527836,0.4659932189369942,0.5060053824191098,-0.015001456521029598,0.466166540009315,0.5213554640489213,-0.01643258065427428,0.4659282082978156,0.5380306424137764,-0.014842776745847785,0.4537461371642985,0.5386516581536537,-0.006676867677822791,0.4511492594165914,0.5137543725943863,-0.01339128763074585,0.45378991719907585,0.521779468173988,-0.013737783929749312,0.4563885322502736,0.5352090642321922,-0.012160236246051713
0.4602349242841848,0.6184590711943442,3.823906737882748e-08,0.47443608207352495,0.6062070039613919,-0.009728517995732225,0.48316212784507634,0.5800921121849375,-0.014153742552065756,0.4829396094690676,0.5515365580203396,-0.0180543859334499,0.47845941724012403,0.5296366567353983,-0.021646389138000478,0.48644319874013675,0.5376564174538698,-0.005785025657112411,0.49391195855609366,0.5059525306084618,-0.01244860396125677,0.49658730332061796,0.48639264298401363,-0.017479073843981268,0.49793737441240526,0.47150380572784883,-0.020807225652775284,0.4742788536438027,0.5308575308741409,-0.004906397160332369,0.4754651668093656,0.49990258305997,-0.015019832782275233,0.4737091021056206,0.5145801550716466,-0.019926711246850727,0.47265027550934957,0.530812636626663,-0.020823538858791502,0.4623287449687104,0.5308466305827403,-0.005099843845791693,0.46188567286636467,0.5050419018390149,-0.014542663955230366,0.4620868822903993,0.5206078618529856,-0.015867366027150904,0.46219867653054547,0.536926753753185,-0.01417309230505728,0.45081362659738855,0.5367485161808565,-0.006108828479548827,0.44759669768000354,0.5130802760352982,-0.012834746733768405,0.45011908736743,0.5216707257848001,-0.013138453069783914,0.45289811894270465,0.5348895868139336,-0.011491481044780169
0.45755371070151035,0.6166666516842316,3.4704357783506636e-08,0.4711555766965224,0.6036312670746039,-0.010086150659002629,0.479055821406675,0.5770066401292732,-0.014528120700206254,0.47802879244254926,0.5483325548100001,-0.018329786960061975,0.47312427640378923,0.5267875012536539,-0.021746558597598418,0.4826777460740302,0.5351550187302078,-0.005668165193055179,0.48934032134310634,0.5031836791856943,-0.012315333386635924,0.4913607386379176,0.48348631304025463,-0.017327010540206068,0.49219846858843413,0.46874072172692977,-0.020619526987014903,0.47058967455539935,0.528987348352534,-0.004501784913336324,0.4704553550876043,0.49878703908354916,-0.014654349659495785,0.4687833319169084,0.5138574944454923,-0.019524718635796124,0.4681961066220956,0.5302905669081213,-0.020337871380833098,0.4587946495496408,0.5294461199719952,-0.004471117818682399,0.4573679730060008,0.5045952769775996,-0.014039132902981257,0.45757679579171257,0.520178340423932,-0.015387805135142112,0.4580428794424923,0.536319721215962,-0.013622873140651892,0.4475671040373769,0.5355939196906332,-0.005286387851068094,0.4437225819900746,0.5128422157265223,-0.012137478790640265,0.4460260044469129,0.5217033082172919,-0.012511139432101682,0.44890329037452975,0.5348200672949088,-0.010840630040539244
0.45468566883026357,0.6154666070619423,3.103559985146328e-08,0.46773507374305806,0.6017820946270058,-0.0104079127540862,0.4748416161204329,0.5746145692405669,-0.014830634528534847,0.4730085488032649,0.5459300020977349,-0.018520846567663788,0.46766962233612525,0.5245308806626281,-0.0217581206424795,0.4785832448923938,0.5330205979342213,-0.005455025674691311,0.4843016450476586,0.5009274720513078,-0.012008386281150933,0.4857011568077246,0.48118332899666555,-0.016976555294940732,0.48609769001287023,0.4664936796371084,-0.020242862018298145,0.4665126604214663,0.5275138589986128,-0.004060461043902658,0.4653498938732079,0.49795982318347604,-0.014209805238312695,0.4638168763349784,0.513329477834893,-0.01910903182962938,0.46360906129218166,0.5299563124729495,-0.019894744792140748,0.4548685863387045,0.5285429952521689,-0.003857498652651226,0.4526706363178221,0.5045138290458554,-0.013503334807226,0.45290866498445376,0.5200460934211224,-0.014973942979630825,0.4536436405726022,0.5360340384550558,-0.013227994297645037,0.4439409955799679,0.5350543098166305,-0.004528208177873811,0.4396167137944285,0.5130603787879635,-0.011473683960069182,0.4417076536226979,0.5219573308064203,-0.011972667488412914,0.4446104408142014,0.5348903016021448,-0.01034631689662217
0.452090451596821,0.6143807175859595,2.7715835274097147e-08,0.46463994870291603,0.6001088260977959,-0.010699066988130368,0.4710282902782388,0.5724500458923466,-0.015104371501660609,0.4684658596119501,0.543755994017297,-0.018693731486546596,0.4627338463348093,0.5224889228007558,-0.021768582839154532,0.47487823621191927,0.5310892155200746,-0.00526216121314665,0.47974227662044666,0.4988858883157014,-0.011730637749689061,0.48057994695125544,0.47909941804048856,-0.016659437368183424,0.48057725258291123,0.464460389114317,-0.019902027587724476,0.46282347532014406,0.5261805364265375,-0.0036611184391219594,0.46073009349263877,0.4972112968173968,-0.013807548439187384,0.45932285857165034,0.5128516892010836,-0.018732887543210838,0.4594583620955901,0.5296538542420538,-0.019493770953125256,0.4513159928404173,0.5277257809498468,-0.0033022504708098395,0.44842013731128433,0.5044401289098114,-0.013018504907882422,0.44868459362747054,0.5199264265138142,-0.014599449772603251,0.44966288260542303,0.5357755314814184,-0.012870678601257471,0.4406598234139184,0.5345660307373091,-0.0038421509157236322,0.4359014193956922,0.513257788924276,-0.010873033111474957,0.4378000891650766,0.5221871893059069,-0.011485418092929401,0.4407259517935801,0.534953854818137,-0.009899025661904917
0.4494961655733193,0.6136437326991389,2.4937396490377642e-08,0.4616300810355331,0.5983757794097734,-0.010704131652043702,0.46713427502531674,0.5700376734232984,-0.014950398261383177,0.463718198219674,0.541553636356474,-0.018288071774000346,0.4575232446053633,0.5211267378989362,-0.02107370798364203,0.4708985041320764,0.5295069309732853,-0.005034559973483143,0.4748874916432924,0.49722208862625855,-0.01121115888022092,0.4751490362657885,0.4774042433148297,-0.015955007596253738,0.4747274112007324,0.46282330335983773,-0.019093402807469496,0.4588835619643086,0.5251381451925324,-0.003226835959764569,0.4557527876772236,0.49714403863228485,-0.013035517291871676,0.4545260227282354,0.5128184433737734,-0.017779152813039253,0.4550437490685662,0.5295786083395568,-0.018455858386445357,0.4475338728922692,0.5272018572128475,-0.002660564755048548,0.4439250864510396,0.504953594984929,-0.012069608673487357,0.44431199932145815,0.5201913867973847,-0.01362040948528968,0.44554614837318574,0.5356561811253129,-0.011923762183922349,0.43719225165675646,0.5343435735746832,-0.002995299742347574,0.4320092077388912,0.5141474370211729,-0.009806867330510317,0.4338587909622642,0.5231647975057241,-0.010431167966068002,0.43685207816672866,0.5356224018794504,-0.008879818984405471
0.44692037517903677,0.6133994199464806,2.2150694237118902e-08,0.4584564548681573,0.5975877447840937,-0.01097557303055592,0.4630740977783774,0.5688630625179121,-0.015229924376862635,0.45888456058388294,0.5405316014898489,-0.018484683471240045,0.4522927684580018,0.520337489094381,-0.021132665908680407,0.46687053595605305,0.5286041860836795,-0.005000454690868281,0.46997461918878136,0.49612527321335664,-0.011141194547829542,0.46964952228627427,0.4762378512981568,-0.01585184789660338,0.46882785022762785,0.46167576419971074,-0.0189564000943092,0.45492836567064765,0.5248549616594268,-0.00296091677216624,0.4508363038471262,0.4975148957227072,-0.012801070135511943,0.4496913197966169,0.5133503829564242,-0.01753865358570697,0.45053688238725376,0.5301382799117649,-0.018151182472438545,0.4437726958585299,0.5273876175919756,-0.0021979954406817514,0.4394795238564055,0.5059517773552912,-0.011620991073120243,0.4399316245503615,0.5211011543531311,-0.013192541476636578,0.44142534101028286,0.5362897838960503,-0.011461257585819059,0.43379780421261444,0.5347434172611448,-0.0023621421854760566,0.42817666178543956,0.5155551839939715,-0.009177763705234288,0.4299393914987606,0.5246618555383177,-0.009850346996386521,0.4330048535116509,0.536855923549553,-0.00829088687560856
0.44446080480523326,0.6134376375204299,2.03652916296102e-08,0.45549477953737105,0.5967191016610882,-0.011064037678459685,0.4592328873460928,0.5676981344717639,-0.015253035421334363,0.4542948943155754,0.5396643715325476,-0.018372735485426638,0.44729399043959245,0.519897910911467,-0.020854538119370172,0.4628110733162945,0.5281339215143486,-0.0049492800900747275,0.46508806127556235,0.49573706471130047,-0.010952915258551355,0.4642134620489588,0.47576155571685835,-0.015582039984542759,0.462979139937975,0.4610963348134775,-0.018642928801986373,0.4509267323935293,0.5250483047479177,-0.0027514877437956747,0.4461128498307816,0.49811419873450496,-0.012469161425894397,0.4450950792077093,0.5137518384301455,-0.01714671844757389,0.44619164700922526,0.530638566347987,-0.017705528098348387,0.4399577953798636,0.5280942851335249,-0.0018336718297957413,0.4351538563784358,0.5071539354732963,-0.011106376297871555,0.43572804697982337,0.5219765713135529,-0.012693261872699783,0.4374170748706246,0.5370550012322327,-0.010974072304765183,0.43033777347797086,0.5357186006139977,-0.0018533988564176465,0.42440886131100664,0.5172976750441404,-0.008533004292749063,0.4261333266177979,0.5261852527859561,-0.009245919825409147,0.4292149312857846,0.5381253179173638,-0.007721484424827605
0.4422352017881815,0.6134722196363929,1.8749725971377537e-08,0.452814834445362,0.595933088471186,-0.011144087100657177,0.4557570731883532,0.5666440205493611,-0.015273948020888875,0.45014182140381737,0.5388796370805454,-0.018271436584759732,0.4427707226535443,0.5195001477327656,-0.020602867317994582,0.4591377682566454,0.5277083910007829,-0.00490297348826507,0.4606663386241221,0.4953857846574245,-0.010782546092159952,0.4592945086439643,0.4753305678931162,-0.015337897629641176,0.4576867899384979,0.4605720238183931,-0.01835927655873955,0.4473057556613544,0.5252232560181294,-0.002561980713476817,0.44183871576995165,0.4986564928706645,-0.012168825630107334,0.440936057359536,0.5141151053336024,-0.01679206625497626,0.4422597534272639,0.531091262889507,-0.017302266727947522,0.4365057884336497,0.5287337307168982,-0.0015040046097774741,0.43123966929427265,0.5082417379459974,-0.010640714404798033,0.4319243359646621,0.5227687139775906,-0.012241476388247161,0.43379009622891385,0.5377474270437675,-0.010533230667166514,0.4272068791867837,0.5366010193629809,-0.0013930498864849793,0.42099947396724086,0.5188744111195731,-0.007949577809415485,0.42268931478045174,0.5275637364214006,-0.0086989889672223,0.42578552652871077,0.5392739607717902,-0.007206246550005165
0.4399903892107676,0.6135252391493629,1.7495175827567487e-08,0.45023189621905296,0.5952872131569457,-0.01122016754435676,0.4525050701945961,0.5656526164144952,-0.01518911971085027,0.44622230360414733,0.5383386098608034,-0.017924022625887555,0.43847507560518173,0.5197073642191747,-0.01995719860608019,0.45541909538490377,0.5272716637723635,-0.00484717477269357,0.45623717345890774,0.4950211067297969,-0.010488204936424397,0.454433915608269,0.4750795157685334,-0.014874800360925167,0.4525214375871889,0.4603600927158701,-0.01779329121002828,0.44360713000497837,0.5253529490607957,-0.002292130716220018,0.43768612000435053,0.49956276459610394,-0.011571450034459259,0.436887124780656,0.5149786800438289,-0.01603268133300549,0.43840021831196535,0.5318884223926862,-0.016465539988635945,0.43297797613473793,0.5293249247157763,-0.0010219650513268903,0.4274556420209116,0.5097719035270065,-0.009843225412718416,0.4282010513817682,0.5241378023608547,-0.011447470296772094,0.4301684684953943,0.5387685988815012,-0.009797186681335843,0.4239849366689028,0.5374039203442529,-0.0007099468518439956,0.41769688277248257,0.520779727106946,-0.007024437411536612,0.41930227436561524,0.5294621028923191,-0.007808450818705467,0.42231519928442274,0.5408381950066828,-0.006377288272010334
0.4378576861237071,0.6140794684587306,1.532527761263453e-08,0.4476539536898472,0.5953765924379505,-0.011417335531724065,0.44936700456343626,0.5655651632879751,-0.015287314517770488,0.4426356805522504,0.5385143870552609,-0.017844614309450047,0.43467475953891016,0.5200556673292192,-0.01965995215850944,0.4519231108683697,0.5274504717789805,-0.0047301873636805694,0.4520343911762553,0.4952604099948959,-0.010232566991851202,0.44977619905879757,0.4754540764477734,-0.014538208192921826,0.44754871351914244,0.4608069073190224,-0.017410090079661152,0.44024567441008616,0.5262319699268488,-0.0019741837127619246,0.4337875304191189,0.5007588202635301,-0.011125869162889487,0.4329415624985694,0.5159883825694933,-0.015596415461616088,0.4345853357098885,0.532802936509796,-0.01603671811425004,0.42985423137359186,0.5307181497943847,-0.0005332516083172669,0.42390197427865706,0.5116008045547059,-0.009283093155844845,0.42455395009664965,0.5257227291536779,-0.011035977232884343,0.42661642418071427,0.5401025477301009,-0.009486313068722775,0.42119146970595583,0.5390582889827442,-6.506603160767049e-05,0.4146493311724535,0.5229586893216346,-0.006361492668250906,0.4160537988061406,0.5314634098589198,-0.0072946486936620305,0.4190166954803543,0.5426139584760921,-0.005974568279798054
0.43602472960793465,0.6150186298397103,1.3987256254905454e-08,0.4454399714544058,0.5956892206221438,-0.01138347009943771,0.4465607102374077,0.5656065143317535,-0.015060838348946648,0.4393550169452335,0.5388814433676798,-0.017395439822870007,0.4311690131231498,0.5208737290307796,-0.018964796706596034,0.4485407026321101,0.5280790444155704,-0.00441074074026776,0.4480257237997433,0.496010123362592,-0.009646182836251235,0.4453950974000961,0.4762741567674703,-0.013793061907628757,0.44287594703943894,0.46170663667929623,-0.016576672568614337,0.4370151164749613,0.5275524907628188,-0.0015488522774572905,0.43006149589916925,0.5023963250456688,-0.01043125942396262,0.42941971201155477,0.5173441184041584,-0.014826727771120438,0.4312923762318282,0.5340849558062835,-0.015238646119754081,0.4268861240924928,0.5325602120892143,-4.2277089347104e-06,0.42053161830899527,0.5137572840153126,-0.00852982700482594,0.4213331780995394,0.527538688694743,-0.010320749177284101,0.42356016365157007,0.5417475582346419,-0.008827052968705578,0.41853362749113254,0.5412002470190365,0.0005669707538829751,0.41173662379913273,0.5254090806943726,-0.005567253428542538,0.4131028817160167,0.5336517301819346,-0.006534701460756754,0.41608414794363974,0.5446418199657327,-0.005267385166438948
0.4342876109356385,0.6165698018165533,1.3151473890623347e-08,0.4432323054989803,0.5968275150148724,-0.011590348184578795,0.44385722442444436,0.5665288996537639,-0.015198729011636816,0.43622497379955205,0.5401090121628853,-0.01741707547845329,0.4278059309948401,0.5222469250607387,-0.01885243867148184,0.4454577409341451,0.5293117624946936,-0.004181995903647012,0.4443171232351021,0.4973170048265982,-0.009235345343887378,0.4412963295073193,0.4777032928262679,-0.013336019993061419,0.43853128071382474,0.46315457937320514,-0.016129573055570206,0.4340914659253738,0.5295921368651526,-0.001149164755590432,0.42672096607483206,0.5045175009141778,-0.009929386257408777,0.42595450043401695,0.519188697990489,-0.01451609045913368,0.42786544439557495,0.5357810543205809,-0.015089003039831213,0.42420542149416496,0.535140138498632,0.0005427671034976989,0.4174801724555142,0.5164574222215518,-0.007945472064393826,0.418101620009784,0.529890136574883,-0.010083898369843464,0.4203601436589937,0.5439726227124688,-0.0088428673595103,0.4161749442625914,0.544056037783579,0.0012562687643822858,0.40909936071697683,0.5284486995517179,-0.00488490130483721,0.4102078937517485,0.5363783047017068,-0.006112094466819669,0.4131190072930203,0.5471682637470108,-0.005061645869497751
0.43271573577982037,0.6179734184673247,1.2395195373192281e-08,0.4412346438981803,0.5978575290861461,-0.011777546979630982,0.44141090785938975,0.5673635430174455,-0.015323502816880339,0.4333926761932912,0.5412198084038182,-0.017436653041019153,0.42476276225296117,0.5234894957371033,-0.0187507687011055,0.4426680461501011,0.5304272181936069,-0.003975010433143403,0.4409613035185901,0.4984995691140197,-0.008863588792291656,0.43758745715284475,0.47899648223291813,-0.012922454217657987,0.4345999010294849,0.46446478643268907,-0.01572500391015685,0.43144592780729235,0.5314377615113272,-0.0007874975328884993,0.42369820434767597,0.5064368998026965,-0.009475253805516478,0.4228189173128102,0.520857811834536,-0.014235002539828385,0.42476449965299823,0.5373158113633568,-0.014953594766739577,0.42177972088910565,0.5374746492557134,0.001037729002034762,0.4147189955693831,0.5189007096211699,-0.007416703922243426,0.41517746407451034,0.5320179028363023,-0.009869578009473794,0.417464525757539,0.5459860278001974,-0.008857177405454072,0.4140406309157157,0.5466401712826828,0.0018799972608508284,0.40671296744154356,0.5311991744854204,-0.004267457967270422,0.407588291688862,0.538845513658969,-0.0057296879881842105,0.4104359258222223,0.5494543794141188,-0.004875477535350562
0.43140526922563344,0.619459629532646,1.1333982912617876e-08,0.43955557466321254,0.5990055801420446,-0.011807506073830978,0.43924922492171165,0.5684480923971559,-0.015258055032100938,0.43077732333453217,0.5427140984648583,-0.017260260870927434,0.4219296569040775,0.5253236008852875,-0.0184364015540633,0.4399981240934187,0.5314581003700627,-0.003702818082137779,0.4377856210508037,0.4997581884283657,-0.008476460939635127,0.43412583791610043,0.4805164267475278,-0.012454258903640464,0.4309463638361062,0.46627401662789447,-0.01519768601979301,0.4288654477050545,0.5331214061042341,-0.0004353583414086361,0.42080173695465867,0.5087545562650353,-0.009005004464126365,0.42007181458068815,0.5231893382288758,-0.01372533747642853,0.42221261712999125,0.53946188468007,-0.014413787994004905,0.4193946310730083,0.5396732719127253,0.0014417116609080692,0.4120772089690559,0.5217185238518776,-0.006959691566757756,0.41262450011482615,0.5347488487860095,-0.009466290423604721,0.41504468780326764,0.548412935866133,-0.008487740862810737,0.4119239700068514,0.5491540968022227,0.0023320203454659386,0.4043795766787565,0.5342728481275183,-0.003810985821190248,0.4052411344126122,0.5419201835917484,-0.005341496366033777,0.40815625795746746,0.5522581123745995,-0.004529955948019106
0.4301699513514179,0.6216366967022315,8.69287540546066e-09,0.4381939433753281,0.6008552792969262,-0.011851411202744603,0.4374669570312685,0.5702673418240761,-0.01516988127609954,0.4284798832375823,0.5449696615698624,-0.01697501115665808,0.419356891035622,0.5280559230237082,-0.01793201414094213,0.43783848289931127,0.5333247732352162,-0.0036256446368714743,0.43505559834706053,0.5016158477001651,-0.008165992433349308,0.43106946759316334,0.4825583414849648,-0.011972821894742327,0.42770030864899883,0.46844729696828763,-0.014606837880543939,0.4267261688758397,0.5355196387607984,-0.00018985224717315018,0.4183991746661012,0.51145080339845,-0.008431820658798788,0.4178485543920172,0.5257778832445875,-0.013001012420933282,0.4202234881582943,0.5419830712651803,-0.013628061531706629,0.41738328158451093,0.5424621651948462,0.0018539276742919743,0.4098508202785021,0.5246198719312473,-0.006295626722288717,0.4105732683415823,0.5376052710704802,-0.008804483794973715,0.41319559033598885,0.5511144605276631,-0.00787162661383535,0.4100999445416037,0.5521395886770165,0.0029126499375953722,0.40230247808676206,0.5373705920268887,-0.00308500088625579,0.4032165019090061,0.5450072964557521,-0.00463636048194585,0.40627861075961097,0.5552461968643189,-0.0038606839835098336
0.42929986051663543,0.6246785684602618,5.245407924378592e-09,0.43699744132504786,0.6034927254388881,-0.011992207834289205,0.4358522429080764,0.5727714119687879,-0.015253035330545464,0.4264207013260437,0.5478816328278379,-0.016977871664877613,0.41698447846092396,0.5313942724222127,-0.017834401200720162,0.436154144417485,0.5358693232815475,-0.0033850555160386477,0.4328208047200865,0.5043088609021306,-0.007857889661903119,0.42851350129695337,0.4854026550852014,-0.011696409015382192,0.42496641902431315,0.4713430735490323,-0.0143808214396088,0.4250566157205628,0.5386188358268691,0.00010828170304470584,0.4163327280689082,0.5147358710324418,-0.008171561258723887,0.41568033542341015,0.5291073545356242,-0.012964542033183675,0.41809808094867335,0.5452739196171863,-0.013735090277007493,0.4157967250408757,0.5459642913837586,0.0021851822136382173,0.407899730897436,0.5281835448056499,-0.006055132134936586,0.4085093330559668,0.5410182391796774,-0.008889326900519981,0.41122359930929875,0.5544922209565143,-0.008148155873161459,0.40870792821683244,0.5559060834880232,0.003275595577017298,0.40060203558222496,0.5411793765344389,-0.002825822080240856,0.40137004687521144,0.5485505677958777,-0.004588600250252326,0.40449517278564956,0.5586475268328361,-0.003959219172382845
0.42877497917748,0.6281146099298024,3.4650989094049873e-09,0.43617855373522885,0.6065120554325136,-0.012012493798585346,0.434645740442911,0.5758066126141455,-0.015268409854789543,0.42472178896623647,0.5513594941303879,-0.01699650106718751,0.4150262171851141,0.5351400303150284,-0.017827713702568276,0.4347334955626132,0.5386886106842915,-0.003118802263226853,0.43101699706223645,0.5074860809499117,-0.007593544340300348,0.4264202915407552,0.4888261495585387,-0.011476767859590637,0.42268075718806936,0.4749315710492112,-0.014203264773362733,0.4235952266545815,0.5419600638555514,0.0003776693828386924,0.4145926954472093,0.5184325594345908,-0.007950244470176141,0.41408330777345304,0.533007118588194,-0.012795822723536621,0.4166919638866575,0.5490472680993003,-0.013576626920268352,0.414387460312923,0.549702750116165,0.0024318612871941573,0.406296649976896,0.5321854629825367,-0.005870565566096364,0.4070674644825354,0.5451127044494389,-0.008698271192624186,0.40999022199006396,0.5583885808814424,-0.007923847717233548,0.40744399846246987,0.5599120385145673,0.0034913155603273796,0.3990841532981826,0.5455759479886292,-0.002664252347373633,0.39996219676027733,0.552952876791631,-0.0044292248950407185,0.4033276385474065,0.562698915881084,-0.003780394575367327
0.42830002716125837,0.631223798049169,1.8541417404575428e-09,0.4354375628048422,0.6092441717436369,-0.012030850061086418,0.43355400649152176,0.5785530898816916,-0.015282321877838264,0.423184485597874,0.5545065239723005,-0.017013358348115664,0.41325423545924234,0.5385294730914346,-0.01782166235249394,0.43344798589094163,0.5412397134504824,-0.0028778763437571388,0.42938477655816915,0.5103610680281365,-0.007354344860135936,0.42452619830497607,0.4919239842143703,-0.011278020062695638,0.4206125188710595,0.47817871282349966,-0.014042598180104062,0.4222728521832604,0.5449834576600106,0.0006214315670102282,0.4130181833807353,0.5217776004542786,-0.007749980435044744,0.4126381973347218,0.5365359176926484,-0.01264315283357383,0.41541960367144665,0.5524616769109574,-0.013433237385975521,0.4131122518534108,0.5530855880645947,0.002655075020670729,0.4048460620847794,0.5358066988030452,-0.005703555887034779,0.4057627536174478,0.548817683823161,-0.008525389653681003,0.4088741696543587,0.5619142996758032,-0.007720876868461653,0.40630029999118705,0.5635369271795208,0.0036865151861652295,0.3977106595246128,0.5495542957043051,-0.0025180519308963646,0.3986882683487593,0.5569364162653866,-0.004285010116105,0.4022711659714267,0.5663649166576777,-0.003618580663218734
0.42810486072574155,0.6348491470436068,1.4835870003876976e-09,0.43518777563328004,0.6125259705381569,-0.011941242187665606,0.4331139284188408,0.5820421225676906,-0.015163045139422626,0.422437588297824,0.5585734567549572,-0.01688767195581698,0.41229717781845854,0.5429982106105985,-0.01768594222389356,0.4324522147495831,0.5445878526878485,-0.002753304437074162,0.4281265539060142,0.5138101919612507,-0.007178865446583703,0.4230759729314018,0.4955527468525246,-0.011099276683474454,0.41899817091005337,0.48209061484975924,-0.013868552378297953,0.42119193424866647,0.548592708814241,0.0007164010323531048,0.4119498275223017,0.5255306891741237,-0.007506184677984577,0.41174957753567,0.5400643570835869,-0.012359656489698943,0.414617263946656,0.5559078354418929,-0.013175326337968302,0.4120694178213201,0.5570142229177855,0.0027200022498541374,0.4037876537281049,0.5397171880722675,-0.005483714775401225,0.40486220893472413,0.5525881772883243,-0.00825825457295456,0.4080800124868303,0.5656441074255212,-0.00748252112228384,0.4053806192574245,0.5677800856060137,0.0037180996476541242,0.3966384715826107,0.5539229776732355,-0.00240056152786731,0.39772470664607673,0.5610522528074167,-0.004144732608059641,0.4014797984966966,0.5701997706339396,-0.003493796848281981
0.42827678182134593,0.6390844723283821,9.944469831539549e-10,0.43534862007401015,0.6163301845102418,-0.01162620345120591,0.4330536068812845,0.5858663007925118,-0.0146791554987152,0.42214154834383566,0.5629639653463038,-0.016264727879100056,0.4118246731356529,0.5479946786438901,-0.016938292582119614,0.43182793903158223,0.5487287302963593,-0.0025287742446860623,0.42732082786661585,0.5180148470870257,-0.006708320743167504,0.42216700497081433,0.4999980666035418,-0.010465994239472988,0.41799455078003045,0.486861948025567,-0.013133832573285638,0.42052329255559684,0.5530513023482753,0.0009003544508945687,0.41139759327965036,0.5300398551866771,-0.006958901190689249,0.4114272325067693,0.5439498667041943,-0.011675108159518959,0.41441087495903295,0.5596526555365072,-0.012488592015271228,0.4114598729636582,0.5617905707915087,0.0029029376643305623,0.4031823638096856,0.5443746445778669,-0.004931260975319299,0.4044787644618233,0.5567679663507882,-0.007661241715707239,0.4078334856819521,0.5697346345373664,-0.006968032746529744,0.4048708271072925,0.5728307585054601,0.00392366784376442,0.3959558068208331,0.55897442560622,-0.001963967958857989,0.39715425463192666,0.5655431564190834,-0.003704554925283631,0.4010670686594134,0.5742576088827601,-0.0031212657451390015
0.428816157803166,0.6440743180204397,1.4352881056566702e-09,0.4359127067991219,0.6211373214831022,-0.011457448023883722,0.43363270708374524,0.5908385060974536,-0.014479003396147976,0.4225717485816951,0.5685411274177607,-0.016096732953823422,0.41209326424639076,0.5542603916278551,-0.016809161672244742,0.43180111701574686,0.5536217445178068,-0.0023739622266232257,0.4271221276143829,0.5230136809895821,-0.00654909368161538,0.42187129464104967,0.5053601272195175,-0.010355014538403044,0.4176077518064569,0.49266039437489306,-0.01304705845560331,0.42040770558898216,0.5581437564281431,0.0009639167284732286,0.4114726468056805,0.535294683620506,-0.0068307864234706615,0.4116108118576474,0.548603651506256,-0.011628378546063781,0.41461926169073215,0.5641074098175045,-0.012555986110200739,0.4112768650688972,0.5670769146504522,0.00288121210918559,0.4030637378241586,0.5496576077998826,-0.004905610788452321,0.4044614622394442,0.5618824180369422,-0.0077430221686483796,0.4079423051071716,0.5751426016068903,-0.007161765704282683,0.4046330415520314,0.5783045000109363,0.0038269845631396272,0.39571572337910793,0.5644799620842457,-0.002088073402680135,0.3970490798297977,0.5709960989300094,-0.003897869695896577,0.4011620968762566,0.579898228920915,-0.0033771170281309735
0.4293042256745606,0.6485895049171425,1.8341942407742904e-09,0.4364231348057199,0.6254871798174115,-0.011304745447247846,0.4341567204114901,0.5953377306478889,-0.014297890751262482,0.4229610260457323,0.5735877622557704,-0.015944718536518094,0.41233630564258156,0.55993007901092,-0.016692314333026544,0.43177684644268366,0.5580493110321832,-0.0022338766932124333,0.426942328712649,0.5275370010937573,-0.006405013085482922,0.42160371374004135,0.5102121221160965,-0.010254591775256559,0.4172577470638418,0.4979072638360838,-0.01296853872106406,0.42030311382617097,0.5627517910954433,0.0010214326479142974,0.41154056086919993,0.5400496467903314,-0.006714858566394792,0.41177692823293116,0.5528147452865286,-0.011586094084502846,0.4148078256461091,0.568138405844016,-0.012616969345579184,0.411111265789999,0.5718603953423218,0.0028615531962716476,0.40295639612894096,0.5544380294377252,-0.004882400574191768,0.4044458058900115,0.5665103577894477,-0.007817023260528636,0.4080407730905884,0.5800361361081638,-0.0073370698251491616,0.40441787533455714,0.5832575521585814,0.003739498274234511,0.3954984778614924,0.5694617847094359,-0.0022003733230258012,0.39695390977490164,0.57593033058631,-0.004072795409651614,0.4012480855392308,0.5850022852900518,-0.003608630471985303
0.43005625277101384,0.6539258600568507,2.5648677930024815e-09,0.4372153501999586,0.6307595995948817,-0.011126256856999155,0.4351640577101342,0.6009448258608705,-0.01412663726543196,0.4240127647021015,0.5798436225414563,-0.01584683110327934,0.41333866371284295,0.5667559722213933,-0.016667970313176038,0.4323599835070247,0.5633291736210413,-0.002069121587008469,0.4274954876540845,0.5327184662688905,-0.0062954527918214365,0.4221099860940096,0.5158448209618647,-0.010264011666387223,0.41773957778948795,0.5042295529149913,-0.013025729155899826,0.4208404455159919,0.5682950113199086,0.001084417549788511,0.41232299467310934,0.545884825277764,-0.0065792124888541725,0.41250176116015536,0.5576397152957208,-0.011603886209661534,0.41541812105895753,0.572308388388667,-0.012830387661045769,0.4115897475624011,0.5775960174112212,0.0028180691147915177,0.403563924596529,0.5600876948552892,-0.004759259901950187,0.40491308033868273,0.571079790225148,-0.007863192905276099,0.4084227665273159,0.5841430877008451,-0.007610820079624676,0.4048069285648146,0.5892481799036877,0.003590827383108948,0.39596350564534266,0.5755848472512543,-0.002278047272398356,0.3973455715072794,0.58130860695863,-0.004256928570631722,0.40160577719322454,0.58980264622325,-0.0039270616346680255
0.4313569609862005,0.6601355071787889,3.2444451395121154e-09,0.43872488193543646,0.6367942760066058,-0.010965764018749038,0.43693758211113004,0.6072598095955742,-0.01396971424746427,0.42588413804471736,0.5864900420758907,-0.015762607021785426,0.41525414706700897,0.5737224134507034,-0.01666987567474078,0.4336638175982753,0.569617355358939,-0.0018975318328455957,0.42893445045881906,0.5388816011856298,-0.006214703055224769,0.42355206860089945,0.5224278892439478,-0.010336065605399375,0.41916301364753766,0.5114737236160011,-0.013173224617477344,0.42207963879145743,0.5747777216138199,0.0011542675641528412,0.4138637273764134,0.5524389451497094,-0.006497035255795948,0.4139928755218627,0.5631381342779113,-0.011755690895430002,0.41678881324822353,0.5771725766124615,-0.013243030743631928,0.41274131248749935,0.5842033575681458,0.0027757840534646284,0.40489828082757817,0.5665093230043232,-0.004713468481532488,0.4061243712241938,0.5764282007672826,-0.008101768118060371,0.40954593452922256,0.589130548879008,-0.008148575963282206,0.40581501879886317,0.5960708689235567,0.003444875262523199,0.3971724403962978,0.5822584788035114,-0.002368868337325736,0.3984322962708511,0.5871029084058835,-0.0045256049806649944,0.40256830085515855,0.594955857286418,-0.0044048208522279655
0.4331036043452291,0.6670347736308322,2.8028870108656848e-09,0.44088807093664173,0.6441526212052607,-0.010920415066906714,0.4396376437652892,0.6149798092565875,-0.014032361767461112,0.42861206163131443,0.5945198096621175,-0.015981904586782322,0.4178820263675093,0.5820782123952021,-0.01707444688381282,0.4358091751980659,0.5769190680661196,-0.002092861332927248,0.43127005610725877,0.5460911293859453,-0.0066131047285795126,0.4259338718286927,0.5300093477657587,-0.010928512500551246,0.4215424022006261,0.5196698342360783,-0.013864703511991691,0.424103461050751,0.581980621908614,0.0008500930006662355,0.41633628221765595,0.5595827395780077,-0.0068480979856549275,0.41631201031803544,0.569376671041073,-0.012286860389561838,0.41882143133401556,0.5828315212095773,-0.013997100078288721,0.41460194471355183,0.5913355887812497,0.0023608878336516094,0.4070159984279546,0.5733551661621578,-0.005098891902160079,0.40807771661470466,0.5825483314792153,-0.008652712470325962,0.4112815828542178,0.5950440176495253,-0.008915933668484182,0.4074118789343489,0.6032954580587121,0.0029200878793891583,0.3989807669468618,0.5891022241672984,-0.002874604574777311,0.4002304007280541,0.5936065056471641,-0.005083379769220464,0.40424195331197194,0.6014113136705213,-0.005069898434514792
0.43538314445647036,0.6745465041954105,2.1699856409408082e-09,0.4436157210849274,0.6521581185252187,-0.010829140653736082,0.44306646726343746,0.6233125360031522,-0.014024444946324745,0.4320247433739616,0.6031181640125164,-0.01610939613419314,0.421199295922023,0.5909380299995975,-0.017373486334404886,0.438741586132632,0.5853822945056061,-0.002344112580442581,0.4346094503177415,0.5544111854205769,-0.007130121723884186,0.42931466367997967,0.5385863036975592,-0.011637249400631733,0.42486371486113994,0.5287750720112581,-0.014651971090274902,0.42688194471897845,0.5901166914125862,0.00046955758791766844,0.4195652477186998,0.5675547855329336,-0.007347059216803201,0.41937737243760026,0.5765808446963107,-0.01292815301022693,0.4216455647026095,0.5896637279849671,-0.014798203977453177,0.4171808794850368,0.599109878081673,0.0018543230194691084,0.40983724467764615,0.5809016701986671,-0.005615978676251525,0.4107294662572537,0.5895538391289498,-0.009282575892875724,0.4137640242399647,0.6019811134251568,-0.009695014386396719,0.40971465496200066,0.6108651760641638,0.002292375757725608,0.4014843311887217,0.5965253809748918,-0.0034638677155740495,0.40267819382665065,0.6009124981824738,-0.005688027502124679,0.40655037953473716,0.6088258508128015,-0.005741388245700292
0.437445843473457,0.681343681913414,1.5972889697325631e-09,0.44608390370290674,0.6594020934703995,-0.010746548712758751,0.446169124165228,0.6308526126985335,-0.014017281212247368,0.43511279400361835,0.6108986005044249,-0.016224760057039492,0.42420101044129466,0.5989550580716836,-0.01764407967809499,0.44139505168136356,0.5930404571197126,-0.002571463570543976,0.4376311848866247,0.5619397967046149,-0.007597957513533718,0.43237385794197,0.5463473772939476,-0.012278567752473386,0.42786908788623523,0.5370141746774822,-0.015364349895026877,0.4293961253218569,0.5974788178718745,0.00012522057979296196,0.42248705810143533,0.5747684911718502,-0.007798556795603673,0.4221511421991209,0.5830997218345454,-0.013508442715033389,0.4242010525812877,0.5958460215668828,-0.015523102924026616,0.4195144932660718,0.6061446386540681,0.0013959451479407584,0.4123901200744064,0.587730313564507,-0.0060838776069856,0.4131289683998162,0.5958929483516129,-0.009852523601241244,0.41601032356185685,0.6082583184484743,-0.01039998510530036,0.4117983795804682,0.6177148251717678,0.0017243747078993922,0.40374974405651076,0.6032424105083722,-0.0039970772411594725,0.4048931407772935,0.607523508686908,-0.006235158161565278,0.4086392168739017,0.615535080626031,-0.006349002635382898
0.4398699079459092,0.6880483513121908,-2.2369096441855214e-10,0.4490261102468423,0.66681443153212,-0.010514531004786772,0.4498702351341409,0.6388318816897407,-0.013838692156450137,0.43899209217667035,0.6193153907304221,-0.016160670179559737,0.42800012138133636,0.6078812785504062,-0.017733353622128738,0.44476249911076526,0.6007961494226135,-0.002819169962902117,0.44146557988924645,0.5703501370167872,-0.008070485499983888,0.4362999112639886,0.5550946131723391,-0.012842825215555853,0.43179053442626575,0.5460463969875585,-0.01594762917920544,0.43254556886891726,0.6046063074299262,-0.0003197569221870237,0.42596706692558506,0.5828878087666709,-0.008400322435728332,0.4255914461272413,0.5912807739766979,-0.014025967001474147,0.42755211367807094,0.603868104675681,-0.015957079744184623,0.4223737733870874,0.6128309693225964,0.0007773073594792864,0.41550098527354695,0.5959169253846159,-0.006788980465640783,0.41647489965405465,0.6045919179111409,-0.010301854226853771,0.4195607669825941,0.6168664083041681,-0.010644550115027941,0.4143616201774587,0.6241562647985759,0.0009398874396622412,0.4066095747387487,0.6107939110299793,-0.00471587614060137,0.4079327805176588,0.6155218195245391,-0.006710857711276827,0.41178994542451014,0.6234571208601386,-0.006635987820040735
0.4425561958889784,0.6944413374172536,6.515222925407882e-09,0.45193771620081563,0.6748425964528594,-0.010593895455840106,0.4536717947292626,0.6485551800858211,-0.014292719848238395,0.44394010555513747,0.6300087976804138,-0.016994201773074518,0.4337225629385845,0.6195240943471797,-0.019006160442737043,0.4485422755122668,0.6095918525352138,-0.003876685915662803,0.4458977880994688,0.5800788729619767,-0.009441263334404974,0.4411960440437048,0.5649023375574619,-0.014346456061419531,0.43709879027300413,0.5557241044919465,-0.017536222411517182,0.4362728142042891,0.6125516587425314,-0.0015176172310071212,0.4301591860248597,0.5915239221254034,-0.009792322683677787,0.42986098113759247,0.5991989061622641,-0.015349016648736218,0.4317906568406984,0.610967826245862,-0.017274902595337583,0.4258499499328254,0.6202707088386623,-0.0005178670677577246,0.41934185322578066,0.6047148329244325,-0.008182838776941394,0.420543089989338,0.613406215828352,-0.011495249821269683,0.42382683772944274,0.625254360313649,-0.011729855606555921,0.4175321479833119,0.6313342940629956,-0.00046785250292873874,0.41019415876839777,0.6191430673937992,-0.0060643874747264,0.4115667650892683,0.6239783287288314,-0.00787645837969766,0.41539960057334513,0.6316078855626703,-0.007706418804374711
0.445941028488823,0.7009928903543072,1.2648963579627335e-08,0.4551328412181206,0.6828517260793766,-0.010370342641956855,0.4574191865539595,0.6582658976658748,-0.014369993405834775,0.44902778020896655,0.6410553104436534,-0.017444663932527523,0.44023180828069797,0.6317749259363192,-0.019906118137775704,0.4519590565046577,0.6178555364274239,-0.004486042980581347,0.44970260561067504,0.5901130394413747,-0.010265365917086228,0.4456542631939779,0.5760162660994644,-0.015318759700210146,0.44225318092660343,0.5675956104773149,-0.018613373823658377,0.4399678188473165,0.6203391610759701,-0.0024117346132436885,0.4345695527494323,0.6005834799917168,-0.010540174043850818,0.43466726218625906,0.6076647935780753,-0.015973653853694304,0.43681019603607363,0.6186131521866526,-0.01797350203659011,0.42962236070018983,0.6279774143102763,-0.0016492215309294221,0.4237139013151854,0.6138039095862563,-0.009164147938913209,0.42512931008331833,0.6224798408662388,-0.012259467657353664,0.4284925913441977,0.6338288715301887,-0.012480406175504551,0.4213154197596559,0.6392653050429684,-0.001832659234828834,0.41440856043804936,0.627881673546925,-0.007257854938185725,0.41563795383925384,0.6323932113994117,-0.008854259427078768,0.4191536395932737,0.6393325857668224,-0.008623733725078464
0.4461109892659436,0.7074370396275766,2.41248730466046e-09,0.4557725945216807,0.689873808272873,-0.010347498167992979,0.4582346042501744,0.665892286386585,-0.014484015996304415,0.4496780195564771,0.6494941074810241,-0.01766732188700942,0.4404043733539645,0.6409984581362975,-0.02025763824850321,0.45205597067331393,0.6251912490747088,-0.005084905865189213,0.4496720945293792,0.5978997058018237,-0.010990709036242179,0.44553925897187746,0.5850350704639204,-0.01594980158611597,0.4420331771501812,0.5775673650289466,-0.019152661786540983,0.439821226011156,0.62728986395764,-0.0030068707562545325,0.43434274164736514,0.609671386367921,-0.010944639729597956,0.4346978424633091,0.6178889128844673,-0.01601577507179561,0.437044864108421,0.6284108450719559,-0.017859853145652988,0.42938971590558184,0.635057319042482,-0.0022210031592186062,0.42348661172528373,0.6227900357998644,-0.009616361054569467,0.4251181786023376,0.6322757632091475,-0.0123070000795159,0.42852216117049097,0.6429744286687972,-0.012338106615114437,0.4210136581462195,0.6465156444256654,-0.0023662970745034805,0.41426403256990463,0.636590277565278,-0.007628233200074229,0.4157247018137492,0.6418673690088545,-0.00888321371030211,0.4193106861225017,0.6486608039786405,-0.008439832386812016
0.4462647825368798,0.7132681896842381,-6.850244931910385e-09,0.4563514913401914,0.696227915424043,-0.010326826772902644,0.4589724553991553,0.6727932154518625,-0.014587192196402029,0.45026640493479353,0.6571301645827328,-0.01786879952026023,0.4405605231875709,0.6493446025270894,-0.02057572003504544,0.45214366588894084,0.6318291526062585,-0.005626801962785652,0.4496444858124046,0.6049456661083733,-0.01164705394555546,0.4454351945177844,0.593195961739199,-0.016520815659923832,0.4418341012165011,0.5865905571762726,-0.019640650022375927,0.4396885778075476,0.6335793817486709,-0.0035453946182690344,0.43413750593438183,0.6178948063312595,-0.011310630647304535,0.43472551379379687,0.6271404636081729,-0.016053889512182163,0.4372572093979756,0.6372765331559165,-0.01775701509694787,0.4291792014296234,0.6414637483677005,-0.002738394102973842,0.42328094304058533,0.630921357430945,-0.010025557431493902,0.42510810600265075,0.641139849173426,-0.012350010983582675,0.42854891816927443,0.6512500153700874,-0.012209343289740575,0.42074060158364307,0.6530762958180221,-0.0028491726546771247,0.4141332529043843,0.6444704762791259,-0.007963379257561753,0.4158031978936728,0.6504402980858208,-0.008909413719504057,0.4194527936124081,0.6571016761322424,-0.008273424649564107
0.44609196919461064,0.7184005348384975,-6.279436903323657e-09,0.4562708256156814,0.7020886843826165,-0.010633856675398025,0.45911816853964926,0.6792312414313325,-0.015163723485108409,0.4499067399864909,0.6642743545349046,-0.01862865004282613,0.43976597887848046,0.6567066695549449,-0.02149265250017721,0.4520249784477404,0.6381448617150468,-0.006276286959861035,0.4491491493726717,0.6119996515722973,-0.01264602473658692,0.44450104106400534,0.6007630511782628,-0.017677773624508623,0.44053684149499883,0.5944484624971508,-0.020901516055548085,0.43941925111873237,0.6399672006398811,-0.004149906523313408,0.4335820485671499,0.6257474151281679,-0.012373053302755387,0.43444839042593353,0.636193005442221,-0.017111324489627412,0.4373255958944142,0.646399959760242,-0.018736478035774114,0.4287705915656118,0.6478370822744574,-0.0033257191805412243,0.4225982273263574,0.6384856226299742,-0.011048208384687622,0.4248276477651515,0.6496008419462526,-0.013114075478816992,0.4286756046173944,0.6593107966463578,-0.012723911554489063,0.42026687143388874,0.6593356297424521,-0.0034381303440097766,0.41349573341092677,0.651668815497964,-0.00890699100419261,0.4155361033150459,0.6584803321208202,-0.009725440709694458,0.4195378667535886,0.6649707439124799,-0.00892712047067922
0.4455736149335293,0.7223776264979155,-1.9633570288420885e-09,0.4556575156395336,0.7067689352615653,-0.010808707522317412,0.45845059214514117,0.6845863691069201,-0.01555649959672333,0.44883563843577645,0.6705905560023769,-0.01918994454358319,0.4384159627586917,0.663241607818476,-0.022239369214399136,0.45111504545858927,0.6436122875577004,-0.0068513411134600065,0.447731667388758,0.6184008729019081,-0.013488972391844968,0.44273110934853926,0.6076241053051147,-0.018736020077458657,0.43852205701780816,0.601779035552312,-0.02210738235637716,0.4383866756920969,0.6458084377598022,-0.004712665757563323,0.43234009559084663,0.6325003044161648,-0.013261062284396934,0.43325863270493076,0.6430448516974209,-0.018167370860428887,0.43616434921478736,0.6533543613632495,-0.01991077208986242,0.42767351755124255,0.6538909588526506,-0.0038749026158525447,0.4213229379162389,0.6451889476989627,-0.011875071654631074,0.4237977796033497,0.6564305690125096,-0.013961898913042836,0.42786205113934767,0.666157986923558,-0.013566984094867316,0.4191856631783351,0.6654712796195572,-0.003978120184083481,0.41231191632851716,0.6583304029717828,-0.009751743180775261,0.41456072417677187,0.6653455349647852,-0.010665729628402254,0.4187774900245344,0.6717342117400923,-0.009909906773661421
0.44466725918600075,0.7256532537348727,-2.7933002486195405e-09,0.454554957525779,0.7106933925511529,-0.010996649104977647,0.45705018324503444,0.689078034564119,-0.015862586309418097,0.44713144636362545,0.6761646243582954,-0.019531735262105387,0.436511732243314,0.6692926718281973,-0.02261500749333193,0.4496109204371418,0.6485678972998999,-0.007406660453556254,0.44569541871617613,0.6237939050836211,-0.01429602805184462,0.44033679563183314,0.6137115067887827,-0.01965860956278705,0.43592511956293817,0.6085764769991516,-0.023059834722807652,0.43700247507255874,0.6513439676127654,-0.005171442083372808,0.4304677277769899,0.6386401332731645,-0.013989933797837186,0.43143066296803545,0.6503159469555575,-0.018910219113657752,0.43451805494791246,0.6610475747887086,-0.020607772854049453,0.42639631319284876,0.6595653941260149,-0.004247908283080246,0.4196067286279052,0.650942117978826,-0.012551877134806107,0.4220691138361711,0.6630086052061616,-0.014605647382079655,0.4262021346742203,0.6730617638561947,-0.014101405848012468,0.41808820595968427,0.6709628976415599,-0.004250817970115806,0.41082102470414145,0.6639438160108307,-0.01029848672732907,0.41309922958510387,0.671604065589716,-0.011205160041438829,0.41739564265499335,0.6783117120181169,-0.010374162598215794
0.4433024427448302,0.7287188065124405,-3.545628064388865e-09,0.45307022835207234,0.7143624754656799,-0.011213044862458107,0.45532691658190405,0.69310185130622,-0.016195502564399326,0.4450319191310685,0.6810071618835329,-0.01986657266189168,0.4341798345358346,0.6744861766866924,-0.022923540837929416,0.4477840514347657,0.6528753973404683,-0.007948819045729789,0.44324244515072353,0.6285900678605925,-0.015059342531975703,0.4375416629532937,0.6189901235227627,-0.020490301637674162,0.4328950984390748,0.6143010275494937,-0.023895635188472746,0.43526109442565586,0.6560750891298764,-0.005585376747736613,0.42826134191572224,0.6440969264898533,-0.014635600794107403,0.4295301398996946,0.656818808007816,-0.019456932746312165,0.43294803333502646,0.6678168080594626,-0.02101559299177777,0.4247174167939603,0.6643998116415856,-0.0045485987214338814,0.4175777298865822,0.6560808925821155,-0.013084872272837885,0.4202409710277195,0.6689143224177687,-0.014959101376831303,0.42452545676016346,0.6790135488211176,-0.014256005844264745,0.4165039309609235,0.6756528726353501,-0.004439848152278412,0.4090316589401099,0.6689851349130831,-0.010696711439399906,0.41148240736003633,0.677193828929294,-0.011530810812244382,0.4158701745025477,0.6839750952541632,-0.010579328594560755
0.444131701536713,0.7235454663703562,1.2117540228269879e-08,0.45428089904449326,0.7088627724597758,-0.011398294053391555,0.45701831747259786,0.6866105875615924,-0.01651493741253527,0.4481512209902661,0.6728127503009965,-0.0203211944975155,0.43910700129013297,0.6644795839761504,-0.023549786563682274,0.4492394731953187,0.6447924029548421,-0.00822576925215541,0.4456252025324511,0.6190984252563446,-0.015421135561088099,0.4406560158275746,0.6079620398006954,-0.020986280880759864,0.4365654201345862,0.6015733694874722,-0.024539390202660265,0.43675324772662677,0.6473468733722191,-0.005930088293862569,0.43038273566873353,0.6323532278401086,-0.014736846845494821,0.43133960538744276,0.6412081512909688,-0.019636982454602603,0.4342449566886903,0.648880525369142,-0.021434635117128342,0.4262335001774058,0.6555640626872181,-0.004978547713223204,0.419580587654775,0.6442553514484691,-0.0133114999127431,0.42184015963488586,0.6534653705557597,-0.01538095562038357,0.4256394178799649,0.6604776274221404,-0.01499286742235637,0.4179634511296776,0.6673440771296273,-0.004987713436930924,0.41081268961882167,0.6586394555398684,-0.011221163031293876,0.41287263972738997,0.664179628298649,-0.01220282357675735,0.4167480190663021,0.668561371314185,-0.01146291871510213
0.44488207714995476,0.7188642398104171,2.629075084473818e-08,0.4553764047806418,0.7038862282782747,-0.011565921429320388,0.45854882398397345,0.6807368047801885,-0.016803986045371085,0.45097379950060945,0.6653978314884501,-0.02073257046607748,0.4435654716868191,0.6554248676256785,-0.024116460713057175,0.45055644807311385,0.6374783027869402,-0.008476374591547983,0.44778130030195523,0.610509674423009,-0.015748513056200848,0.44347411612480975,0.5979830016924115,-0.021435080136587622,0.4398866027617982,0.5900564289172832,-0.025121908070757464,0.4381034600598896,0.6394489284655532,-0.006242009180740959,0.4323023320045516,0.6217266476189679,-0.014828461874050201,0.4329769456101808,0.6270824570907115,-0.019799904948273956,0.4354185103083311,0.6317455551097284,-0.02181381589261358,0.4276053662458929,0.6475688136708881,-0.0053675978403181415,0.42139292373219117,0.6335547140033977,-0.013516569615875591,0.4232872255490948,0.6394859990484919,-0.015762681011543385,0.426647413534133,0.6437049341170996,-0.015659635099644926,0.4192841345549097,0.6598256551557684,-0.005483463078621925,0.41242429989154056,0.6492779081193666,-0.011695726205944766,0.41413062634798764,0.6524034024995837,-0.012810911178858997,0.4175423587336122,0.654613876675581,-0.012262457393552844
0.44560552242164897,0.7149878307726688,3.7283994900011135e-08,0.456412002281902,0.6996053087061946,-0.011564142362967045,0.4599667229155404,0.6754080156555512,-0.01681026733893366,0.4536062326194303,0.6584857619036482,-0.0207729818758177,0.4476523137423616,0.6469585094191815,-0.024223725542497417,0.4517650761005905,0.6314307773958066,-0.008580104830994882,0.44981267292369664,0.6030338732811872,-0.015871951183962188,0.44609492772079024,0.589107462424416,-0.021606592980161564,0.44293158704781094,0.5797133177265166,-0.025359053459829806,0.4393732574938394,0.6328350459083381,-0.006446240703749517,0.4341066029337869,0.6123982132045321,-0.014796465398316557,0.4344852703238243,0.6144795320022888,-0.01979758330185026,0.43643904522393173,0.6164266928038618,-0.02197534615370064,0.42892809370695195,0.6407349277651853,-0.005667962834748999,0.4231063970822827,0.6241948626045584,-0.013568653278197979,0.4246798251800395,0.6270423898377748,-0.015933098342811123,0.427619037650549,0.6287475096293923,-0.01606551865628326,0.4205624106756428,0.653230870224144,-0.005898046147585334,0.4138983794877768,0.6409373356083993,-0.011993509001406126,0.41527298688313224,0.6417615809973714,-0.013181595900257588,0.4182465114274225,0.6419443980364191,-0.01278045462295971
0.44632490296457833,0.7113195085909186,4.802859337885872e-08,0.45741275297938117,0.6955890759828531,-0.011713956258444931,0.4613144830929844,0.6705261284376193,-0.017005902799805447,0.4560377084977018,0.652168096558586,-0.020992042623155068,0.45140181830562986,0.6392331256427449,-0.02446699406821923,0.45303407474200164,0.6254331279623879,-0.008669226562053276,0.45181134856806376,0.5958656132340208,-0.015919569039245535,0.4486040429787834,0.5808071266357839,-0.021672775043467513,0.4457977155399312,0.5702304849764188,-0.025472354610382993,0.44065534913740656,0.6263596987483604,-0.006514618014999267,0.43588203033470574,0.6036441335992242,-0.014579625280477954,0.4360243939234801,0.6029171304223891,-0.019566821266824512,0.437570306035307,0.6025799138730603,-0.02186773202589486,0.43021225071470287,0.6341424349281768,-0.005732383140464314,0.4247406489958807,0.6154739181882152,-0.013368113220091273,0.4260295239218433,0.6157188278363651,-0.015830010484670375,0.4286037073396946,0.6152714930977149,-0.016171724209795457,0.42177258059513173,0.6469736938027923,-0.00598760371426116,0.4152861580037449,0.6332237822420856,-0.011976977184508476,0.4163094643754099,0.6320893223321383,-0.013245043459517013,0.41884144949597113,0.6304927577603262,-0.01298171925911232
0.4474120737651183,0.7081232228534062,5.613022923869985e-08,0.4586687942560921,0.6917380309105309,-0.011553648901422835,0.46280388746412554,0.6657029215847898,-0.01679646743551795,0.45843441721646355,0.6461691743348364,-0.020789683451312907,0.4547168521808623,0.6320079417682775,-0.02429901756159036,0.4544092320171999,0.6201878320787699,-0.008658837101389157,0.4537310584851061,0.589457205656837,-0.015914915382103108,0.4509744729728923,0.5733352890910759,-0.021684171604757153,0.4484718607616758,0.5616616920980996,-0.025514838322002853,0.442035000100257,0.620867676146107,-0.006684904498458102,0.4375829002549643,0.5959260562635045,-0.014565991820390919,0.43748034192694507,0.5925789250129432,-0.019544466464659536,0.43861725331616863,0.5901912025764547,-0.021951374868659963,0.43158870169497904,0.6286864464664002,-0.0060764567427830625,0.42630757554940457,0.6078897871107415,-0.013525916078832438,0.42731831567282624,0.6056460647577079,-0.016070967017798202,0.4295283952008019,0.6032227093075424,-0.016590188758964234,0.423075358016971,0.6418898892004982,-0.006506185192792246,0.41664781784411276,0.6265494282046338,-0.012447210578636956,0.4173664486769484,0.6234164185552655,-0.013801315460923228,0.4195366232066146,0.6200202369406407,-0.013670297742149515
0.4483958275276335,0.7052309835486074,6.346119761615076e-08,0.45980535470383865,0.6882533162018293,-0.01140859076929583,0.46415161236005625,0.6613385219095012,-0.016606954594003787,0.46060313920436435,0.6407408991220379,-0.020606573679986907,0.45771654371599674,0.625470052949114,-0.02414701980711771,0.4556535775633225,0.6154414945589878,-0.008649435937364374,0.45546815614528063,0.5836583973530691,-0.01591070440373518,0.45311941599778327,0.5665742095129104,-0.021694484069038615,0.4508916281267454,0.5539080049772968,-0.025553280773852084,0.4432834118723425,0.6158980817676509,-0.006838992493394043,0.43912197505606476,0.5889421604353364,-0.014553655242136556,0.4387977929895782,0.5832241405907109,-0.019524238161315523,0.43956460981819306,0.5789809664804368,-0.02202706119249865,0.43283421788258436,0.6237494584836046,-0.0063878003703851825,0.4277254483361354,0.6010270959133995,-0.013668707952883108,0.42848451120852155,0.5965314724851494,-0.016289002579413153,0.4303651222008874,0.5923200651402902,-0.01696884690037084,0.42425420883766785,0.6372896811164374,-0.00697543664842576,0.41787994989784555,0.6205099715769903,-0.012872713057644312,0.41832288742883683,0.6155685240770539,-0.014304672131368578,0.42016566857198634,0.6105439138511435,-0.014293375250429157
0.4490198374406305,0.7021346040586296,7.199394079707372e-08,0.4605851526944776,0.6849343935957367,-0.011545204746621464,0.46526025471608257,0.6574156390499262,-0.016806299702210852,0.46265526213192926,0.6359527447948393,-0.020858881887237744,0.4605621307056642,0.6196904070635532,-0.024465899304264262,0.4568185636599033,0.6108234911367917,-0.00877322515627517,0.45708642338707045,0.5783036821679317,-0.01603147204695062,0.45509554565823,0.56043322334306,-0.021875530929436053,0.45312459561608354,0.5469178264753951,-0.025802342235571794,0.4444357055961976,0.6109740163481895,-0.006953934282642585,0.4406269659515013,0.5824582484654167,-0.01446983284137192,0.44012823568527254,0.5746952106136449,-0.01947035659474496,0.44060829200701385,0.5688156852233092,-0.02211209400895295,0.4339353203755985,0.6187805768976689,-0.006509238729941972,0.4290806974566348,0.5945690013616808,-0.013581124460491237,0.42963291172134455,0.5881932095789522,-0.01628948564133151,0.4312496551402982,0.5824573747659407,-0.017157708484161097,0.42523845872634175,0.6325884565354255,-0.007129312950942955,0.4190063031433177,0.614752060390669,-0.012916081280731347,0.41916360163105904,0.6083602542284468,-0.014405999150790506,0.420661524715274,0.6020037873377108,-0.014520469929762966
0.44982771811472355,0.6995559058371994,7.801748866658174e-08,0.4616271810434943,0.6819744274740943,-0.01148537111786533,0.46647177188903977,0.6538581126827121,-0.01673107988717925,0.46451224506420496,0.6315231195445961,-0.020787357688085786,0.46315948987733274,0.614330329244441,-0.02441651996042094,0.45800959028157767,0.6067838515939356,-0.00879482461086264,0.4586911508298633,0.5735020373389089,-0.016050918162064692,0.4570698101853288,0.554868244707388,-0.021910478122416747,0.4553859211711223,0.5405620870018816,-0.02586515023234524,0.4456422301992448,0.6066826542598636,-0.007044239809038647,0.4421022661573226,0.5767085244715335,-0.014405028360062171,0.44146741497106967,0.5670410518149502,-0.019392156961019525,0.4417006298703453,0.5596232694031642,-0.022112760029902992,0.43513210258685486,0.6144232550127285,-0.006667405117429177,0.43044087480182947,0.5888117436908096,-0.013597819500886597,0.4308150992988876,0.5806636587743171,-0.01637008946416405,0.43219845341483293,0.5734953657428916,-0.017370323654409676,0.4263793762558703,0.6284379223581337,-0.0073587135308898315,0.4201979560728363,0.6095179261246815,-0.013116532020759079,0.42012836818074856,0.601738260356682,-0.014682638988271513,0.42135208996894313,0.5941160241386548,-0.014901112325175858
0.450600369009446,0.6970801125366346,8.38934645578943e-08,0.46262304327321124,0.6792448288181873,-0.01145266895086949,0.46768438116543193,0.6506656895632864,-0.016675623231281904,0.46634225348655267,0.6275293145941032,-0.020708876229425487,0.46557207334534134,0.6095130194264385,-0.02432578345540225,0.4592285914976909,0.6030989650156156,-0.008823732440375251,0.4603123954536344,0.5691355236509507,-0.016026446384635424,0.45900027107778524,0.5498076640483109,-0.02187752839304471,0.4575262300865442,0.5347898220914299,-0.025839887200515724,0.44683082308151334,0.6027268537219049,-0.007081683752773657,0.44357358366281546,0.5714596009833137,-0.014231301295638292,0.44280760236179784,0.5601731843287019,-0.019170731035053384,0.44279591954323394,0.5514928441258582,-0.021944604882147542,0.43626392675070497,0.6103286458229746,-0.006706443200366009,0.4317607336407121,0.5835425825430662,-0.01340811238325132,0.4319877058082208,0.5739142271833498,-0.01618697844460595,0.43315806590137973,0.5655948761823201,-0.017289166040534664,0.4274042344839795,0.6244188241520262,-0.0074072931695876205,0.42130930004761635,0.6045606479215292,-0.013029620444804844,0.42102806088622285,0.5956159514979739,-0.01460164982636886,0.42197951103592946,0.586979473972538,-0.014880394510645803
0.45138138337915457,0.6948114737752481,8.830798216189297e-08,0.4635528156209688,0.6767550497565711,-0.011508907086909706,0.4688230567697533,0.6477421209974954,-0.016732773558642267,0.46797510038943557,0.6238241064955032,-0.020770655449949427,0.46784704619050144,0.6049759894108728,-0.024384400600921768,0.4604928500553351,0.5994452579302025,-0.008677919237096187,0.4619290221171351,0.5650265926170339,-0.01580194341210405,0.4608939074170426,0.5451583455657847,-0.021658494339604567,0.45960898156725966,0.5295550683565778,-0.025653338555459138,0.4480322339936981,0.5988591820558162,-0.006929254724492704,0.4450140450093184,0.5667004611927462,-0.01388340849839619,0.4441608128406236,0.5542145920944779,-0.01881371438842257,0.4439652811244001,0.5446228342102047,-0.021656636975339053,0.4374070744815728,0.6063780242285941,-0.0065710776953750005,0.4330727705478313,0.5787164598871504,-0.01310135092895862,0.4331407989885025,0.5679344525678959,-0.015928851624747033,0.4341056348332196,0.5587393282333077,-0.01713918488415625,0.4284778153687451,0.6205652315337902,-0.00731122486206672,0.42247615075545986,0.5999022766868499,-0.012862455655003876,0.4219724757404486,0.5899428184633208,-0.014491124578777043,0.4226532500986584,0.5804043812314842,-0.014852530829565768
0.4520881038177655,0.69275863909937,9.230256912258856e-08,0.4643941434465512,0.6745021107343013,-0.011559795574638598,0.4698534159458871,0.6450966566638545,-0.016784487465563016,0.46945262285783845,0.6204713560287421,-0.020826557926932037,0.4699056124209275,0.60087054402222,-0.024437441795038508,0.46163684611613653,0.5961391094467597,-0.00854597650342395,0.4633918672951639,0.5613085233277385,-0.015598796267351724,0.46260741174699366,0.5409512931418465,-0.0214602958834408,0.4614936114755648,0.524818270163101,-0.025484535335736223,0.44911936078642034,0.5953594223557721,-0.006791325495656679,0.4463174825824101,0.5623940342041419,-0.01356860897639985,0.44538529927803133,0.5488228104825134,-0.018490658922500108,0.445023407276221,0.5384063334527809,-0.021396061993240432,0.4384414803735636,0.6028032052057273,-0.006448588823504773,0.43426000004633464,0.5743494217730478,-0.012823770134116692,0.4341842042698062,0.5625235035470665,-0.015695279098525756,0.43496306634420945,0.5525359137490745,-0.017003470673598663,0.42944927195545163,0.6170782116132681,-0.0072242950448174964,0.4235320048805874,0.5956870326531023,-0.01271119240281489,0.42282705320521174,0.5848093417667979,-0.014391113036755325,0.4232628997855122,0.5744547436753926,-0.014827317678978607
0.45276383944859955,0.6909285280859808,9.42781715560874e-08,0.46526708294189645,0.6726898185875827,-0.011623730907087626,0.47096520287531146,0.6428816248016038,-0.01683707724737226,0.47095240409213046,0.6176024670372907,-0.02086506015555385,0.4717911506455373,0.597311703790901,-0.024462861199211244,0.46285521369574406,0.5934137273222638,-0.008571155462586825,0.4648930325783911,0.5580803314500301,-0.01558305622143479,0.46433687209039887,0.5372029097985438,-0.021434980081186314,0.4633720592616077,0.520515616855934,-0.025480674368012896,0.45029557023257255,0.5924260629788637,-0.006807344058711483,0.44767945860112773,0.5587584277607843,-0.013493383486687575,0.4466713041418351,0.5444240392184111,-0.018421194313960255,0.4461785003431943,0.5335951146656294,-0.021381792425944766,0.43956299301965945,0.5997684571741752,-0.006468170086706727,0.4355224836568612,0.5706285962471295,-0.01276343568325586,0.435285218803889,0.5579674298421388,-0.015691214355743187,0.4358643639938342,0.5474614306432017,-0.017089453838106443,0.43051036187789765,0.6140876270933334,-0.0072617110078874855,0.42467366825353503,0.5919092264241801,-0.012762430560626458,0.4237284246416813,0.5801518206171715,-0.014538197001124449,0.423878232261436,0.5691006730792192,-0.015071888162655743
0.4534574382708041,0.6888825257296373,9.721062698249177e-08,0.4661495223645218,0.670665133696268,-0.011693915869095683,0.47206198337399796,0.640563849299379,-0.016900451345232537,0.4723730158199687,0.6147474917807435,-0.020904005924104293,0.47352723868330726,0.5938229798300254,-0.024479472090133098,0.4640185957523141,0.5908632460483302,-0.008631617713183415,0.4664000158789867,0.5551122006987049,-0.015581886345576732,0.4660905285085937,0.5337317920865072,-0.021400313628178173,0.4653006990193334,0.516693977182222,-0.025425747356045792,0.45140080675274447,0.589647347529144,-0.0068114437391936025,0.4489634869053007,0.555242951227975,-0.01348442540185656,0.44798183931105473,0.5406217408555389,-0.018461357953579827,0.4474772924717138,0.5303016785073894,-0.0214422946581373,0.44059544103711734,0.5968485562414283,-0.006411178662243483,0.43666287497708234,0.5670515595908966,-0.012661696847857652,0.43636357386816427,0.5540312235431114,-0.015691206282965723,0.43687433486658134,0.5438773607269032,-0.01716444559674673,0.4314834005227847,0.6111129788260595,-0.007144611065012918,0.42573087903661705,0.5882216568532621,-0.01263576692261914,0.42456251434317116,0.5757010362458582,-0.014528137986437786,0.42447262547051934,0.5643562480248103,-0.015155027783808167
0.45392659655206247,0.6867963138005416,9.770561559478984e-08,0.4668911593422158,0.6690990438848242,-0.011978416938519958,0.4731147744875997,0.6388303092933868,-0.017233815068416397,0.47356849951852387,0.6124615097552363,-0.02124730080941482,0.474968043396188,0.5909151645887175,-0.02482045564923166,0.4652572721413233,0.5883553284772393,-0.008701738009985551,0.4680078977456701,0.5523327466174578,-0.015615919748960086,0.4679551277650544,0.5305454597197004,-0.021476691811193993,0.46733291227422546,0.5131286190986095,-0.025569624611056226,0.45254713129063756,0.5867399546096579,-0.006764373972556852,0.45042083844316,0.551799640504262,-0.013669469742397907,0.4491610336322896,0.5375878538455101,-0.01892062588851648,0.4483746984534589,0.5284788278899853,-0.02201597007153334,0.44162180751425556,0.593665888972205,-0.006253702668885955,0.43794691520519446,0.5633823006130868,-0.012689138351604594,0.4373722613511661,0.5505953087172097,-0.016037538189733018,0.4376468792163142,0.541554850434148,-0.017662946762527405,0.4323921348252051,0.6078287338336553,-0.0068851267540658186,0.4267866635387337,0.5843868865287878,-0.012504766888076025,0.4253901392217505,0.5713526317279801,-0.014661534894559201,0.42509414476216256,0.560182515508585,-0.015468027068735929
0.4546831434421522,0.6843054410488402,9.490296399739875e-08,0.46787728410186674,0.6672346591940395,-0.012195492976642444,0.47433389795638753,0.6367427073713053,-0.017433755310030805,0.4750027994989348,0.6097944342811542,-0.02140342828238115,0.47653780293517967,0.5877546654069715,-0.02493800522794235,0.46667595870920536,0.5856839983778515,-0.008675720665741935,0.46977570001987196,0.5494425568130933,-0.01542882975908696,0.46992260834637073,0.5273384679078071,-0.021200068802516243,0.4694154634636622,0.5096861035587671,-0.025266209867847098,0.45385590016935046,0.5836846170915765,-0.006590049238200552,0.45200050191255103,0.5480789825304077,-0.013760326019099793,0.4507530405449068,0.5361881030382535,-0.019229036269956774,0.44997885035028845,0.5297555989015872,-0.02231589719354991,0.44276644459437603,0.5902043216321213,-0.00589902005346756,0.439237857839033,0.5592725081298121,-0.012532503859180972,0.4387899179794416,0.5483146055389463,-0.01608630900819944,0.43919639007327305,0.5418236387980253,-0.017715761879124797,0.43339875955021295,0.6040059033526807,-0.00634185517950342,0.42787250907594965,0.5794725627108216,-0.011971406916591945,0.42661330540161346,0.5669570374301593,-0.014220038832733721,0.4264480328161317,0.5573121234293986,-0.01505722340162062
0.455367723868311,0.6820515123734282,9.236691441468366e-08,0.4687696038206451,0.6655476239515975,-0.012391919673564187,0.47543705240026335,0.6348536884192892,-0.017614676251751202,0.4763006618055431,0.6073810641535894,-0.021544704141654984,0.4779582392204207,0.5848948084634615,-0.025044372912143658,0.4679596928279342,0.5832667783458814,-0.008652178219340893,0.47137534024057787,0.5468272960885177,-0.015259536689912903,0.471702932490796,0.5244365409419676,-0.020949759535970364,0.4712999121335826,0.5065710570412355,-0.024991657428428155,0.455040172510522,0.5809199183166746,-0.006432307130607604,0.4534299000175843,0.5447122518562124,-0.013842539599564576,0.4521936079240918,0.534921503417397,-0.01950810913790966,0.45143040742300955,0.5309109171702617,-0.022587293771470302,0.44380219816149863,0.5870720356153609,-0.005578076594185845,0.4404059996554839,0.5555536593360638,-0.012390769210636182,0.4400727201314887,0.5462508540726861,-0.01613044050636196,0.44059850383078075,0.5420668586897466,-0.017763552961873916,0.4343096291767421,0.6005467193231384,-0.005850262271111788,0.42885506364110254,0.5750257135628641,-0.011488782770808625,0.42772011799398857,0.5629795736971895,-0.013820540049365455,0.4276731323745312,0.5547147771729373,-0.01468549740130884
0.45615879411022264,0.6801586854786195,8.871200589616607e-08,0.46959629663263674,0.6640013139180855,-0.012521249141719818,0.476517941988725,0.6332008116445822,-0.01779228576832733,0.47761045629751786,0.6053494454432377,-0.021801359388003462,0.47937375423420836,0.5823561247611394,-0.02537403781370702,0.4693199393265661,0.5813763998233595,-0.008568245185224336,0.47304886470723784,0.544701385149655,-0.015162705137658291,0.4735867440810098,0.5221690446165453,-0.02080924493521887,0.47327874286601657,0.5042796455985687,-0.02483519194531142,0.4563804246224949,0.5787893394326749,-0.006352577337289798,0.454885216193172,0.5421694826125354,-0.014161840561580378,0.4541953171768241,0.5347372569980814,-0.02000041120640492,0.4538077006602775,0.5331013299063779,-0.023033958977830168,0.4450296020725791,0.5846136442615519,-0.005501318313818545,0.44171484444214093,0.5524559349438823,-0.012645676252661256,0.4419817621803414,0.5449230936755818,-0.01650376194816738,0.4428693544970564,0.5429418482973425,-0.01807221101058692,0.43534665744182266,0.5976118494795071,-0.005772866204163883,0.4298507183094948,0.5712659455889431,-0.0116024236491908,0.42929978934628826,0.5602313175119603,-0.014035169918381564,0.4297450734692855,0.553758819253388,-0.01490490974178244
0.45702635704777683,0.6780348524435958,8.300446336835572e-08,0.47046027686872804,0.6624582684777152,-0.01254862761901143,0.4777229832932506,0.6317819179069735,-0.017912934112888152,0.479004580693555,0.6038282464535689,-0.022078531522234154,0.48075602159004976,0.5805149961935526,-0.025801067347512977,0.4710393836714194,0.5795169351632455,-0.008635018630335271,0.4750202789147607,0.542515860263002,-0.015456961769190081,0.47569921307038243,0.5201595240509697,-0.021190183870306314,0.4753814676037864,0.5027595231110917,-0.025219259622843493,0.4579918748139691,0.5768234944837034,-0.006501657986430054,0.45663279717122507,0.5402465884637582,-0.014876460516511873,0.45653508716777463,0.5355285438232141,-0.02084919384857892,0.456461804241367,0.5362108141888172,-0.023782076749299094,0.4464732105722876,0.5823721315513155,-0.005734522230093689,0.4432925764180969,0.5499246787248624,-0.013299683610236382,0.4442060674719592,0.5447740128031734,-0.017101350741443477,0.4453818157702678,0.545021570489617,-0.018470960815315657,0.43651555340742315,0.5949401981684382,-0.006084174647855316,0.43116809193933303,0.5682410768640017,-0.01212227225828918,0.43129808271501874,0.5588737377329309,-0.01450831412378984,0.4321876017736413,0.5543387958546937,-0.015257685252238874
0.4581416782317497,0.676083860281154,7.585453369731774e-08,0.4715339313299893,0.6609198837223533,-0.012351943191921523,0.4791021653268976,0.6304508342038894,-0.017765841244267343,0.4806114929725188,0.6025003763516343,-0.02208895962233687,0.48230091776431866,0.5788886373487722,-0.025974053912073282,0.4728680811337687,0.5781046014366319,-0.008647496576579984,0.477137894894151,0.5408055741113419,-0.015737388867944332,0.47800439671403583,0.518751250572704,-0.021548538044140746,0.4777533426395838,0.5021836603655562,-0.025537327374730842,0.4597865012118841,0.5753707936327725,-0.00669242762143199,0.4587468482255328,0.5391290723655139,-0.01550649130635898,0.4590204495053494,0.5370070686588785,-0.0214867018391602,0.45908552590731405,0.5397035970793349,-0.024280522514501697,0.448157694410893,0.5807296613760207,-0.006093700249228012,0.4452475886397699,0.5482137555747614,-0.01400406055759414,0.4466303148128463,0.5453920799250491,-0.017626261141775637,0.4479506209492999,0.5476587846315552,-0.018748831607044214,0.4379807501924371,0.5929493464905522,-0.00658721742322613,0.4328640050299908,0.5659578967182047,-0.012778461526607141,0.4335910214129879,0.5582524064646105,-0.015013390183913424,0.4348155278765541,0.555540875921054,-0.01558004130233476
0.45915090457509466,0.6743184560959827,6.938474052852739e-08,0.47250545449437037,0.659527837696848,-0.012173968355616734,0.4803501527771731,0.6292463697342338,-0.01763274057330053,0.48206554784628886,0.6012988197895696,-0.02209839575023073,0.48369885581051547,0.5774169857622419,-0.02613058514317311,0.4745228238926544,0.5768266158455972,-0.008658787559161477,0.47905407281868034,0.5392579787964524,-0.015991140360803503,0.48009029994339597,0.51747693899921,-0.02187280380514157,0.47989959324761233,0.5016625765187711,-0.025825138956529877,0.46141041391368215,0.5740562808369727,-0.006865050309784807,0.46065980033820003,0.5381178598989464,-0.016076590466465635,0.461269391944426,0.5383449489348784,-0.022063566931864426,0.4614596662544438,0.5428641292698366,-0.024731553665169242,0.4496819418557444,0.5792434310480346,-0.00641871148730884,0.4470166304763514,0.5466655838558581,-0.014641433702777405,0.44882395581452805,0.545951353460167,-0.018101239481220336,0.4502750687360489,0.5500451339839498,-0.019000269961384108,0.4393065702475651,0.5911478744232344,-0.007042408293828212,0.4343985945201846,0.5638919039056838,-0.013372230841960528,0.43566584449616685,0.5576901792847239,-0.015470420923214769,0.4371934727139112,0.5566286082148665,-0.01587173325830974
0.4601842534060756,0.6732989344565218,6.424767842506124e-08,0.47351469400922475,0.6587756591739955,-0.01198206686116594,0.48175028736913844,0.6285519431445955,-0.017394574390735235,0.483901067101308,0.600458966729008,-0.02188458999564883,0.48534757291832314,0.5762494001134072,-0.025953600841390638,0.4761852693254189,0.5766437635227794,-0.008622818738602031,0.4810040907224561,0.5391472198750182,-0.01599629214265762,0.4823831588798164,0.5176193870868089,-0.021797716935136015,0.48252439304977907,0.50192579306298,-0.02568071684745977,0.46316692693934586,0.5736522377603596,-0.006957285674269682,0.4629334054085834,0.5379003201112986,-0.01648458176585546,0.46391738675263633,0.5403048617248793,-0.022444599421083233,0.46425875633721175,0.5466146929900804,-0.024969597894832104,0.45138711750629396,0.5784679653447238,-0.006609357281803557,0.44911592851663784,0.5457141281381226,-0.015048164855669429,0.4513654858479519,0.5468743726377211,-0.018354913963793257,0.45300622171144067,0.5526791253061691,-0.019056924667917106,0.4407997536388377,0.5898937771541632,-0.00731136919715474,0.4362087085530215,0.5624989017978984,-0.013734857199995038,0.4380391941983936,0.5574201872008904,-0.01576007331319922,0.4399334410149404,0.5576680153818304,-0.0160649438937166
0.46108898812335,0.6723939487042021,5.974963311847354e-08,0.4744878632364358,0.6583487193367146,-0.011665408062600456,0.4832733203918101,0.6283946734164485,-0.016962061750178635,0.4858456245066381,0.6003203902413323,-0.021436194092339964,0.4871452159460266,0.5760474009955732,-0.025480660073770173,0.4780867050042049,0.5771584476698077,-0.008383822795060735,0.4832572385328665,0.5398478968014875,-0.0158140407151328,0.4850270644040574,0.5186800457215309,-0.02152040679800252,0.48551599013912994,0.5031653242595918,-0.025296681767536976,0.46516829745380606,0.5737594184625949,-0.006899861268609205,0.465578539683183,0.5384136611680698,-0.016772501747232802,0.4668441473425897,0.5430025068950297,-0.022618871454796966,0.46718737817390815,0.5510288998953682,-0.024892461065207913,0.4533196834141645,0.5779802302885997,-0.006713330357988016,0.4517003172891154,0.5453037881853555,-0.01545386690188619,0.45427214925453147,0.5487738105027462,-0.018457532118056928,0.4559381530837619,0.5563403015055253,-0.01878931475877615,0.4424648000406542,0.5887041706604615,-0.007548350025750767,0.4383879142446342,0.5615157457686539,-0.014096446758281563,0.4407270570751957,0.5578095446846265,-0.015934800820968372,0.44291818945852834,0.5593043008794412,-0.0160116944254174
0.4618442054788087,0.6714154083074262,5.57500556913284e-08,0.4753230213409386,0.6580268757450882,-0.011440947724415711,0.48475940982439003,0.6286568763901568,-0.016658488980748978,0.4878678522244989,0.6008035448226632,-0.021133885617221033,0.48903944864659543,0.576461321625165,-0.02519580472688416,0.4801818478591759,0.5783868914213418,-0.00830054400770637,0.48567335847622756,0.5419088113685275,-0.0158483946570565,0.4878513666078972,0.521034482465932,-0.021538690337159105,0.48878760781472075,0.5054754215401773,-0.02529117974248194,0.4674055867269501,0.5743832778754376,-0.006996958562909263,0.46859798296191313,0.5396391262557885,-0.017300104716617064,0.46984405574468946,0.5462241858559369,-0.023109216029759672,0.47001383079163855,0.5557919063379768,-0.02519028140891787,0.455460421635866,0.5778360667885991,-0.006973081835696421,0.45457434460157575,0.5452652304577336,-0.016111089461975342,0.4572157620695527,0.5508236632210225,-0.018891250651744032,0.458764731454884,0.5600408020924174,-0.018900937021503972,0.44425325809631155,0.5877039740345142,-0.007944923983724232,0.4407575941002128,0.5605209699920571,-0.014692052242953729,0.44349933688341575,0.5581927314339256,-0.016385738102545302,0.44589497585333265,0.5610083057222335,-0.016270648806113296
0.4635323492199525,0.670237209544372,5.3142308814036434e-08,0.47691755521551893,0.6571803274094641,-0.011027366611804656,0.48677645899809896,0.6284373428654954,-0.016173635369409873,0.4902394847486378,0.6010678304825858,-0.020691867689268305,0.49109586307700154,0.5768273122273991,-0.02483379879096869,0.48253375345902766,0.5787511373970583,-0.008233825668882245,0.4883488714141149,0.5431609368902242,-0.015871039992758147,0.4910626616990821,0.523168259142934,-0.02150226249477865,0.49259866061843743,0.5082704245763575,-0.025160429710599317,0.46983665581718925,0.5745016066082737,-0.007175247540844547,0.4717576887484186,0.5412490273138538,-0.017769095459817055,0.4729471441230026,0.5501293764990723,-0.023421411555337633,0.47290652466683214,0.5610461575446496,-0.025274671592749494,0.45783558912482425,0.5775576894736673,-0.007359248672834084,0.45766387481740073,0.5458319835997762,-0.016735942870857157,0.46038461042707396,0.5536248053507987,-0.019202560774699118,0.4617854404362768,0.5642976768151489,-0.01888921943838758,0.44641797640223735,0.5868877681667467,-0.008502172883967575,0.4433093247868566,0.5597734952357951,-0.015342104545118796,0.4463965603828834,0.5587451370612925,-0.016840490490035324,0.4489750977091608,0.5627389110827672,-0.01652405217686472
0.46505990841942585,0.6691710868467325,5.0782623654995233e-08,0.47836040917968237,0.65641430691822,-0.010653127370263886,0.48860163652652533,0.6282386924502397,-0.01573490342002201,0.49238551591394847,0.6013069759897275,-0.02029189668222665,0.4929566612451529,0.5771584880021497,-0.02450622864146414,0.4846619342221849,0.5790807345027525,-0.008173453906833522,0.4907698763925244,0.5442939540693579,-0.01589153119266792,0.4939684825952574,0.5250990604800094,-0.021469299848062603,0.4960471873215319,0.510799553166782,-0.02504211726529865,0.472036469649887,0.5746086793296304,-0.007336576793663517,0.47461682776849723,0.5427057866593723,-0.018193473495159942,0.475755051461426,0.5536630861869554,-0.023703909505901913,0.4755240512628306,0.5658005985152147,-0.0253510341669281,0.45998481899170157,0.5773057927790998,-0.0077086814197170565,0.46045951371248484,0.5463448243933992,-0.017301357147969005,0.46325202233181373,0.55615948905402,-0.019484257546495947,0.46451880471148477,0.568149616661994,-0.01887861648945095,0.4483767760481993,0.5861492038184717,-0.009006413526050807,0.4456183222910147,0.5590971239574059,-0.0159303206727563,0.44901818572300023,0.5592449951464538,-0.017251984592144304,0.4517622232137587,0.5643048927433988,-0.016753350571743486
0.4660474126186766,0.6672731155571076,4.545896382147906e-08,0.47947123980854517,0.6553722121995008,-0.01035078950302949,0.49042886429956956,0.6283887956669165,-0.015391993524693795,0.49480892120115877,0.602329058098062,-0.01999827961158069,0.49519266979498433,0.5785001952533153,-0.02428119217984517,0.4869088313760275,0.5791455607939086,-0.007961711101202269,0.49350826621374844,0.5455842603035574,-0.015739169303089395,0.4971928457772319,0.5275885301399358,-0.021315521594983372,0.4997314811026976,0.5142568324425191,-0.024846077667322917,0.4744346742422174,0.5742637748272635,-0.007291142627921042,0.4777006508500946,0.5447068417584222,-0.018311141424391133,0.4785774291007789,0.5576511873768251,-0.023706143881860906,0.4780314357128428,0.5706738503664144,-0.02519140507861019,0.46234076674406754,0.5765374040916098,-0.007812225639362701,0.46344258185498965,0.547491218149763,-0.017608497348024454,0.46608305516940146,0.5591611903877487,-0.01951569262031025,0.46711499602910284,0.5720196160813554,-0.01861096644361004,0.4505261592860247,0.5848091611320144,-0.009230809863784759,0.4482992556068122,0.5588506017213934,-0.016242741770799665,0.45190858030228087,0.5605272850357462,-0.017310179658298064,0.4547066273824171,0.5666056588263859,-0.01653960962746363
0.4671972311092814,0.6651104097182516,4.2872659414463653e-08,0.480680555553381,0.6542452304710514,-0.010195481849092759,0.4923099231436858,0.6286427013973033,-0.015260612564210482,0.4970920194943652,0.6033509264952962,-0.019926008640260832,0.4972419916483674,0.5798197326085098,-0.024279906215759758,0.48939630933366157,0.5790526814144209,-0.007923303577777333,0.49639237464437364,0.5469526423221677,-0.01580952070019513,0.5004571428956062,0.5301580621777213,-0.021424183296338897,0.5034217101638551,0.5179048777873798,-0.024947045888407245,0.47702036388014335,0.5736632691874077,-0.007339260631865365,0.48089624461081204,0.5467934546974267,-0.018598978705191685,0.48140794507341855,0.5614482403850801,-0.023923654559360012,0.4805906489955731,0.5752338092053992,-0.025261195433071534,0.4648585231865098,0.5754653216351697,-0.007936034234312968,0.4665758618731554,0.5489942064443336,-0.01801618172141229,0.4689613955644685,0.5623377442857216,-0.01973210642101015,0.4698036639862094,0.5759337055856866,-0.018571367858005415,0.4528468940733508,0.5831979514734522,-0.009406347035473226,0.45136374489899456,0.5592205774137003,-0.01660073178760212,0.4550357733302471,0.5624576926164124,-0.017527690007266818,0.45782690065189907,0.569310815724117,-0.01655921037344794
0.46855401605625435,0.6630717563786984,4.0349908826492767e-08,0.48213520475689864,0.6531055119981103,-0.009891148548045998,0.49435963884580775,0.6289281836860244,-0.014921635881019411,0.4995047935890168,0.6046806805006879,-0.01960529759675776,0.49938156724567295,0.581814955163765,-0.024004578373458638,0.49188971824847977,0.5790268329007123,-0.00781998233672707,0.4991906959236239,0.5484928182897564,-0.01578161399447745,0.5036158790871942,0.5327909801862012,-0.02144402279412479,0.5069812042701201,0.5214403812879156,-0.02498690337424347,0.47961491740258066,0.5731566161288654,-0.0074022818622176256,0.48405180235253764,0.5490546970092988,-0.018851178359534836,0.4842646265669289,0.5653033191407574,-0.024123345285387333,0.48319813301005315,0.5797588448596441,-0.025357215853064913,0.46736568576412385,0.574532194273076,-0.008134395691545098,0.46960796720167713,0.5506660555499707,-0.018419537688509027,0.4717622907520268,0.5654696833673049,-0.019959635455334645,0.4724599491590427,0.5796286226239068,-0.018593564899514838,0.4551604708049677,0.5817858150265062,-0.00970557956424035,0.4542920542806937,0.5598079299916214,-0.017001887465828053,0.457987105775619,0.5644617698069723,-0.017776208441336094,0.46076763411657723,0.5719424852050536,-0.016639185128797588
0.4698738612679654,0.6609710060232352,3.905950881448856e-08,0.4835358173053397,0.651955765212719,-0.009624285572961248,0.49633159474932326,0.6291623047459187,-0.014650064627673706,0.5017754880664245,0.6058711845139056,-0.019377486490732454,0.5013114470439658,0.5837877914181064,-0.023852599548715547,0.49423451681240105,0.578883377693855,-0.007797135429057195,0.5017558485324767,0.5500401390812716,-0.015831417663699714,0.5065004943806415,0.5353303845517936,-0.02154831929257412,0.5102429249649715,0.5247488743789387,-0.025117936840861985,0.4820030111408298,0.5724461659370012,-0.007539115408737467,0.48692638614829203,0.5513701584639014,-0.019134242814016857,0.4868929354233237,0.5690070374855917,-0.02436177194672047,0.4856037105132256,0.5840458784912335,-0.0255138357490166,0.469650837059202,0.573394385567312,-0.008395224865674285,0.47241514931879725,0.552475836151002,-0.018854560846221575,0.47431999470591263,0.5686293242789542,-0.02024339989779895,0.4748296523216485,0.583297274356229,-0.018697419134271823,0.45728445571388826,0.5802363636539333,-0.010059600347411175,0.4570964007699377,0.5604243966403889,-0.01740838704553366,0.4607861187320483,0.5664025039483023,-0.018017366419514454,0.4634787636823504,0.5744770403631955,-0.016713528247467954
0.4710681563068921,0.6590700893814264,3.7891858002944e-08,0.4848031966943917,0.6509153880005802,-0.0093828079175597,0.49811596850137685,0.6293741550582577,-0.014404326568613417,0.5038301829088376,0.606948441925754,-0.019171345898393057,0.5030577471770231,0.5855729617776824,-0.023715077697818138,0.49635626659588,0.578753568652357,-0.00777646183169681,0.504076991199556,0.5514402711032221,-0.015876483762773095,0.5091107108693691,0.5376282282752437,-0.021642694594746097,0.5131943747332178,0.5277426473228203,-0.025236505759192174,0.48416393764855675,0.5718032972642058,-0.007662932674820919,0.489527525384762,0.5534653618282966,-0.019390380784352117,0.48927122660482525,0.5723584399118528,-0.02457751829049731,0.48778045764410166,0.5879251083831096,-0.025655557189586006,0.47171861351563266,0.5723648108259074,-0.008631242684965386,0.47495529845605405,0.5541134615135667,-0.01924820245999899,0.4766343972707475,0.571488404595411,-0.02050017126981429,0.47697393765580526,0.5866169458787572,-0.01879139424305068,0.45920639672406965,0.5788343037222818,-0.010379944931205014,0.4596339840181988,0.5609822219472916,-0.01777621838443652,0.4633188757993875,0.5681586259058623,-0.018235584263834724,0.4659319972597128,0.5767704961596753,-0.016780799482775353
0.4722687565674694,0.6569918758725665,3.57386372119826e-08,0.4860406271850267,0.6498314129462288,-0.00914323190317703,0.4998603025088143,0.6295539577028539,-0.014141954852929172,0.5057165101157588,0.6078331704922173,-0.018920570339611354,0.5046057200170884,0.5869761394279097,-0.0235192958924028,0.49829902907221674,0.5786262307423296,-0.00782663321832145,0.5061166335393491,0.5526574227265839,-0.015955888350390145,0.5113753581337476,0.5396782501855838,-0.02174610196438111,0.5157766235023702,0.5305023039608752,-0.025344438287508986,0.4861290357172487,0.571123962976112,-0.007829464321521797,0.49168781459282485,0.5555208607904599,-0.01963089856530501,0.491233115007117,0.5754014220072409,-0.024787453542741353,0.48962913514172274,0.5915124372998924,-0.025820245195834354,0.4736013388462579,0.5713486306136534,-0.008872951635463004,0.47708542329041703,0.5556735920236353,-0.01957865730379851,0.4786122056689825,0.5739932620664724,-0.0207643382866308,0.4788753752683274,0.5896153738053636,-0.01897204270198662,0.4609696499553566,0.5774808157995169,-0.01066650802792072,0.4617299818114008,0.5612561743979331,-0.01809632700115176,0.46538423791443,0.569398426178839,-0.01847181608158906,0.46797966137090385,0.5785849043033737,-0.016923967124597983
0.47318376047215355,0.6549667587986302,3.341779048593549e-08,0.48692571309041965,0.648787354371798,-0.008939884101310303,0.5011607520004996,0.629694776540271,-0.013906636160950099,0.5071830143873838,0.6085500858073215,-0.018675308232805256,0.5056961234660833,0.5880701584592617,-0.023301931405645675,0.499801535322411,0.5785484667856793,-0.007834561188784102,0.5077025572180471,0.5537813533778451,-0.015919435789810137,0.513135756950674,0.5415826089498141,-0.021701169952217277,0.517803064880464,0.533075124460796,-0.025301610139523114,0.48772977620585023,0.5705064947439967,-0.007908581811974878,0.49328653187351673,0.5573842892054102,-0.019643566437012316,0.49257294293229914,0.5779636500144376,-0.024727643889137133,0.4908387445633957,0.5944357578355605,-0.025738415685454284,0.475156535265187,0.5704365987158846,-0.008986091020683706,0.47876033803186413,0.5570166755864197,-0.019642381236297635,0.4800898301215668,0.5759700855815284,-0.020727556978448126,0.480249999114648,0.5918872324910408,-0.018890936406701184,0.4624149785491047,0.5763001163235532,-0.010794071206384004,0.4633873457485829,0.5617201295339841,-0.0181908150365763,0.46701344664357775,0.5707007006878762,-0.01847990900462499,0.4696049466518544,0.5803676137104823,-0.01686902066165545
0.473735638050229,0.6528628973481905,3.119041873499776e-08,0.48746837592623654,0.6475362847929341,-0.008743699186607905,0.5021236111815338,0.6294426067197186,-0.013648808771793646,0.5083287512613391,0.6087753377449407,-0.018355376297077182,0.5063140442494319,0.5889183788456921,-0.02295751018138211,0.5008482684176659,0.5782905969501797,-0.007925854432441218,0.5087343776540617,0.5545566402434193,-0.015973135643743763,0.51428885079935,0.5429743541304388,-0.02174651276581991,0.5191794250900221,0.5349545587783524,-0.02535975261589883,0.4888867518103818,0.5696648527684884,-0.008049961506679746,0.4942106401646803,0.5589651239736885,-0.01970727746599174,0.4932463006657662,0.5802466017596158,-0.02466200329932834,0.49149047746406904,0.5970018687878341,-0.025626516793739503,0.47626967685329774,0.5692913663775776,-0.009141408210305258,0.47974431234700593,0.5580754641847272,-0.019695646791547033,0.4809037238331964,0.5775243233607253,-0.020634882421089372,0.48109804998550726,0.5936090981499319,-0.018753083685301396,0.463431940985914,0.5749133666277626,-0.010950618412263781,0.46440780018648564,0.5620184226120276,-0.018273903608294808,0.4680091895701833,0.5717292810068025,-0.018467242192987288,0.47071682499652273,0.5817371703408211,-0.016805748706056733
0.47406219732045457,0.6508230542423413,2.992999427399429e-08,0.48766337334768317,0.6461518167423965,-0.008603939257018862,0.5027063322294454,0.6288037319254219,-0.01343229599463974,0.5087460534899865,0.6081607540838436,-0.018024326979467948,0.5060746441254436,0.5887721589854431,-0.022514888236302776,0.5012219220202976,0.5777967880153393,-0.00797529705397095,0.5089838156060805,0.5544755464688004,-0.015921372337729948,0.514571749047834,0.5435208347437692,-0.02162208423157996,0.5195624522917681,0.5361365137638892,-0.025216704991874627,0.4893407956125217,0.5686829741236034,-0.008092922919481469,0.49398067714076876,0.5598383964745721,-0.019510144165993764,0.49284767795759915,0.5818563588719957,-0.024242130930567186,0.4912639461801038,0.5985899684389657,-0.0251354842862836,0.4767291517941225,0.568081467900423,-0.00914935762906144,0.4796078752831534,0.5588677197495527,-0.019483817174231824,0.48063382217832296,0.5787697292856463,-0.02015607955872382,0.48098774005227324,0.5944933790891473,-0.018194179492368266,0.46385635883056786,0.573436458917266,-0.010916835808023665,0.4645231059843273,0.5622667496539022,-0.01807315340402477,0.46798943135482196,0.5728364475826355,-0.018039290951660476,0.4707664713916533,0.5828536892761501,-0.016249108039509744
0.47435769266558014,0.6489772510527748,2.8789467591497597e-08,0.48783982165462964,0.6448990461071414,-0.008477473979827036,0.5032336219831419,0.6282256300460838,-0.013236378978518924,0.5091236598766943,0.6076046326455548,-0.01772476870236576,0.5058580169195701,0.5886398482779913,-0.022114370669212992,0.5015600318531337,0.5773499526168956,-0.008020036449985488,0.5092095257923762,0.5544021667331646,-0.015874533012161803,0.5148277366225044,0.5440153314313964,-0.021509491951950895,0.5199090440608343,0.5372060353736502,-0.025087264761924258,0.48975164853341036,0.5677944966082006,-0.008131797631242544,0.49377258933156365,0.5606285989969474,-0.019331763155776525,0.49248697420344345,0.5833129879646638,-0.023862198888123378,0.4910589636668504,0.6000270002346968,-0.024691161207786024,0.47714491921705243,0.566986660921504,-0.009156550859978704,0.47948441678435416,0.559584612065591,-0.019292137832735454,0.4803895948973099,0.5798966660691335,-0.01972282278128161,0.48088792334283104,0.595293542873017,-0.017688441017178713,0.46424040396086474,0.5721000419374929,-0.010886266771375962,0.4646274433271461,0.5624914546052945,-0.017891499547272136,0.4679715526381552,0.5738382950243304,-0.017652048538773453,0.47081139517732074,0.5838639994348738,-0.015745417772935463
0.4738845350740232,0.6469104891777564,2.9629235534728835e-08,0.48738893486856716,0.6434891685880265,-0.008428478591108408,0.5030157612487588,0.6273896613580133,-0.01314098120354192,0.5085306996024568,0.6067448953794811,-0.01756532283913343,0.5048044372630263,0.5880283119320803,-0.021897550046162045,0.5013196371903338,0.5772979718699938,-0.007963812912579837,0.5087025346665166,0.5545058468449983,-0.015729331362414483,0.5141359869121814,0.5440654718158148,-0.02122354207787609,0.5190984354142845,0.5374065980395015,-0.024692769477676083,0.4895173733660459,0.567477164854422,-0.00805593598291931,0.49307330011150563,0.5603530475762133,-0.019125661637561443,0.49188930944840753,0.5829834825011113,-0.023531692042875228,0.49072739262095033,0.5997971056506985,-0.02426306767396312,0.47688918818050824,0.5663044392338118,-0.00904947640289144,0.47870084614887054,0.5595577996969633,-0.01915876726780761,0.4795276586604653,0.5802171018733611,-0.019457115770026342,0.4801895091246019,0.5955346811780761,-0.017309385146081057,0.46390250684604606,0.5710349537593822,-0.010726888817162786,0.46394536453859325,0.5622194608634661,-0.017673971636004003,0.4671885195565076,0.5741170832371245,-0.017282227419009137,0.4701060755443134,0.5841735954987698,-0.01524666662531266
0.47339772023875687,0.644983543944694,3.11050433947885e-08,0.4870671095982621,0.6416526367058023,-0.008249009964291485,0.5024228833839901,0.625540116576066,-0.01283570560716564,0.5068083699369802,0.6050641641067461,-0.01715322615557684,0.5024639413896671,0.5872681954972125,-0.021404417160643313,0.5002690958959668,0.5770484357668274,-0.007859248277050833,0.5073925933932447,0.5541654701036605,-0.015550593489136491,0.5122304993887221,0.5433962440387958,-0.020956442128175587,0.5166333636459303,0.5367346904677669,-0.024345714324301167,0.4883654608928006,0.5674217475481499,-0.008022853795044107,0.49126553165347536,0.5596961678119025,-0.018900892708592867,0.48994448602286594,0.5810392906009478,-0.023249466149451593,0.4889202410278503,0.5973190156996439,-0.023993555385921427,0.475696819874627,0.5663285311583346,-0.009074141271562825,0.47690287108615165,0.5593487789090485,-0.01907631225024471,0.4777905945601724,0.5795756468694234,-0.019345313304336465,0.4788006185750548,0.5947581448734388,-0.017199833465926205,0.4627384758304549,0.5710947100454695,-0.010788716618943638,0.46228352291240576,0.5620430347583656,-0.01763134909702588,0.46551211418860466,0.5738684398898184,-0.017145614287568143,0.4686915085885959,0.5840719310583093,-0.01506997029371253
0.4719632171997457,0.6437879505217277,2.8792558339096452e-08,0.4856276522238926,0.6405967569586478,-0.00842936340524516,0.5002778871702762,0.6242415783042611,-0.013063580060661165,0.5032779268384,0.6035461585485541,-0.017370194103669703,0.4985410792537257,0.5857466848674446,-0.021541541971461,0.49860885552014733,0.576996679622988,-0.008029479500968321,0.5053696732622606,0.5533071580931435,-0.015938580447917308,0.5092141691318425,0.5420334800781572,-0.021324350087087888,0.5126603657719033,0.5352712198032376,-0.024611840073312595,0.48661220803413685,0.5672034839839357,-0.008101265706481987,0.4887289633918973,0.5588324427029282,-0.019140126952823702,0.48699449775524845,0.5795501418892345,-0.023397341042749428,0.48610216823931446,0.5955029726791509,-0.023985298619414754,0.4738722229774206,0.5659158989145323,-0.00911589175159995,0.4743047417901578,0.5594087987296654,-0.01934950705463362,0.4751062629729521,0.579806349953039,-0.019525558486945076,0.476547292584578,0.5947768392608809,-0.017193368681981163,0.46096185432662656,0.5704600097943446,-0.010797839089927508,0.45985929734621506,0.561742568184771,-0.017759766997390427,0.4629474297930547,0.5738992003227087,-0.017182049588690476,0.46641669781827827,0.5841362335499147,-0.014953057273959899
0.4706651711503906,0.6427060878298324,2.6700048243891004e-08,0.4843251231199435,0.6396413176900544,-0.008592560739200542,0.49833693355402436,0.6230665633842406,-0.013269777974548272,0.5000833168641026,0.6021725531506398,-0.017566522992629577,0.49499137907237684,0.5843699078176147,-0.02166562279534908,0.4971065453805342,0.5769498467782929,-0.00818351749299328,0.503539183250894,0.5525304929456554,-0.01628966017751753,0.5064847670552935,0.540800348932942,-0.021657260830115384,0.5090652990106423,0.5339469616714815,-0.024852650631214286,0.4850257332168526,0.567005982724237,-0.008172218690962579,0.48643368598828124,0.5580508793775514,-0.019356604058238792,0.4843251268914095,0.5782026483325291,-0.02353114934836053,0.4835521644049025,0.5938596806092821,-0.023977827277177777,0.4722211907176933,0.5655425182807253,-0.009153670720481205,0.4719537593407213,0.5594631091695292,-0.019596714224571588,0.47267727821851596,0.5800151074238268,-0.01968865786062202,0.4745083140531252,0.5947937553461762,-0.017187518860104466,0.45935423380472556,0.5698856853550842,-0.010806093786570835,0.4576656760478534,0.5614706834705451,-0.01787596915500285,0.460626710800517,0.5739270346718205,-0.017215018984636482,0.4643582782449906,0.5841944192720234,-0.014847265596088873
0.46910601885243036,0.6408005869581159,2.4687163259167654e-08,0.4823831487440907,0.6379002226283207,-0.009028949998990538,0.49545027846489376,0.6212903560330321,-0.013961583447031647,0.49550858922681373,0.6002479836917146,-0.018386157946892787,0.4897782733950891,0.5825587181068373,-0.022498472050791248,0.4947800750779447,0.5758402090300898,-0.008771223801954199,0.5004414310790245,0.5509013731814609,-0.01727820364086108,0.5024246411424445,0.5391834089925359,-0.022742835259702956,0.504176421892668,0.5322418989747225,-0.025957923340913177,0.48254777143892513,0.5660524616631745,-0.008636534256949631,0.48288415506446986,0.5574100339018876,-0.020106731430666554,0.4808431285844027,0.5782689819141154,-0.024116026629684467,0.48077740037494693,0.5934361222600333,-0.024411361735020197,0.4696760185239764,0.5646588154114232,-0.00958081990202375,0.4686281541307115,0.559608465648655,-0.020381836820377055,0.46945258774432164,0.5807529256443875,-0.02019264373136191,0.4718860480506103,0.5947102645060057,-0.017442628891328044,0.45687034864282056,0.5689936179726344,-0.011236716061316824,0.45461332118295167,0.5613990391488731,-0.018508477696420934,0.4575485243853022,0.5745284802645364,-0.01766089130404285,0.4616062276355856,0.5845074256314342,-0.01511750056594549
0.4671844798818248,0.6388663624363011,2.419876498414356e-08,0.4800255060006392,0.6357617349710509,-0.01000327481963751,0.49192336857905294,0.6189632613907022,-0.01536674307611545,0.4907211908894865,0.598111433693006,-0.01996296360386298,0.4844161993697784,0.5807474020766139,-0.024173403641594458,0.49154566416552287,0.5741566632156979,-0.009858150933979046,0.496088505688857,0.5489039097303477,-0.018838516382487038,0.4970197121632562,0.5371094010227622,-0.0245061034272563,0.49790523051707236,0.5302681868466546,-0.027771665682197286,0.4792584249914505,0.565002390524524,-0.009286911419491409,0.47839719474368575,0.5560270489717655,-0.021244341982139793,0.4761322317722011,0.5772012195990405,-0.02528746621399003,0.4763992308925087,0.5923171132951198,-0.025465547197043144,0.46645745879768546,0.5639311822758406,-0.009905171199185872,0.46445886061862834,0.5587657894182955,-0.021220294364496923,0.4650361682258154,0.5799472274398896,-0.021070445024189904,0.46769843008684214,0.5935592458546453,-0.01817869965546576,0.45399515439056803,0.5683946350371474,-0.011301105869388742,0.4510281614452247,0.561071614832695,-0.01897691043345757,0.45359225614050824,0.5742973676596099,-0.018225464682141285,0.45762007362016505,0.5841512357582138,-0.015628999282725122
0.4651095652146455,0.6370995181017542,2.2836730496770826e-08,0.477232833687618,0.6334951581515889,-0.010497507851216165,0.48779332290734706,0.6165527409892131,-0.016084808353528143,0.4854263672232777,0.5961821314564543,-0.020766239116312875,0.47856909299771694,0.5794143231150789,-0.025041313602996954,0.48744426462659557,0.5722379543612194,-0.010297511380835766,0.49051213470427013,0.5471771146492371,-0.019416094417616003,0.49036561439697346,0.5353705632158116,-0.025241616413408555,0.4903444353914187,0.5285952021027835,-0.02861632091611011,0.4751803749872583,0.5638573729877181,-0.009447259442982333,0.47299896563295757,0.5551327325495741,-0.02160022711233482,0.4702918380573758,0.5757195049384906,-0.02590398227421497,0.47040339153981386,0.5907211639385997,-0.02625805327757797,0.46255363918109677,0.5633251379334188,-0.009831664514630972,0.45946374314980915,0.5579624778603123,-0.02139720320976417,0.4594485213830595,0.57849394518451,-0.021647295618925574,0.46179078704541815,0.5921177128917785,-0.01896766533180127,0.45051118012742974,0.5680761712787569,-0.011007245093406564,0.4468582322190572,0.5608356303093542,-0.01899858672907959,0.4488034509574176,0.5736523953954011,-0.018603836303053414,0.4524020576151801,0.5834278349296456,-0.01621468691717062
0.462675110479517,0.6351267249187249,1.9444944817243333e-08,0.4740634555817924,0.6310790995695931,-0.011001285546356371,0.4831069488595791,0.6138730019921106,-0.016723291207767575,0.47948418645772334,0.5941342907049174,-0.021324273535416,0.4720293995109066,0.5784269505202354,-0.025494402815387552,0.48266005228796377,0.5704105227122553,-0.010985228240417866,0.4840327235123808,0.545288097371682,-0.02005483585638744,0.4827865439106716,0.533713552412599,-0.025833386503376014,0.48193466307033767,0.5272517853710954,-0.0291739039457261,0.47051453813071903,0.5629890981455017,-0.009709113651283336,0.466727308861683,0.5546444432110569,-0.021682374452571235,0.46368341303025085,0.5748830237053957,-0.02594608037363394,0.46373500429833137,0.5897735695101828,-0.026346713124425283,0.45820132709375183,0.5630271257298036,-0.009677522484248356,0.4539356543847442,0.5576854811297226,-0.02114401953566049,0.4536658228122766,0.5776140984810445,-0.02155440048121277,0.4558714600865093,0.5910701515289365,-0.01902168557436967,0.4467311435694082,0.5678692735234221,-0.010454787638221505,0.4422812379973563,0.5609150965553629,-0.018536808245250738,0.44392475152138006,0.573627356343153,-0.018332731433591237,0.44730281600359567,0.5834725260745607,-0.016072343557271555
0.4604722330611136,0.6333415935332996,1.6375802485829058e-08,0.4711955643209855,0.6288928683716911,-0.011457141427554772,0.47886636577744,0.6114481729580147,-0.017301038430316565,0.4741072551738401,0.5922812506450831,-0.021829224973943854,0.4661117938567546,0.5775335016664344,-0.025904391951802816,0.4783309377747452,0.5687569253563095,-0.011607526087392898,0.47816966580454906,0.5435787727152595,-0.020632817065635006,0.4759284319130049,0.53221416463275,-0.02636886450970953,0.4743248696851078,0.5260361610511859,-0.02967844693315656,0.46629253864109543,0.5622034178799019,-0.009946058998451482,0.46105224295141556,0.5542026023577662,-0.021756707533477394,0.45770361391819364,0.5741261126843306,-0.02598417389463048,0.4577009468728787,0.5889161149278308,-0.026426939210259133,0.45426302835411647,0.5627574619138043,-0.009538043202478603,0.4489334246321143,0.557434833691517,-0.02091491993880069,0.4484332029918311,0.5768179471265941,-0.02147034198622654,0.4505152086426977,0.5901222393589964,-0.019070567145578806,0.4433106826940224,0.5676820569009199,-0.009954882655354168,0.43813962999386424,0.5609870035809205,-0.018118956403664784,0.4395101379885239,0.5736046991287962,-0.018087415393683075,0.44268863935243324,0.5835129659778029,-0.015943540598376223
0.4577828858442711,0.6323651952086664,1.1171314676976136e-08,0.46769525515431354,0.6272476060599628,-0.011687546601238406,0.4740197549798929,0.6095058166261761,-0.017506878319269538,0.46834956793205057,0.5908556115194825,-0.02189243377635711,0.45991674615465294,0.5771257500020545,-0.025804387982060164,0.47350713121385923,0.567607838871163,-0.011796484802240244,0.47198367845647377,0.5426964278039015,-0.020682914183923637,0.4688869445733796,0.5314265436040545,-0.02636085715169395,0.4665890667275676,0.5252377258497083,-0.029655427568283967,0.46165728600737116,0.5618310583713104,-0.009880616936388302,0.45509735283731867,0.5542399739023371,-0.02147407226575625,0.4513957119367571,0.5738275658874271,-0.025706486361689377,0.4512893922413956,0.5885575747015204,-0.026210173584105576,0.44996312512402165,0.5628446563070826,-0.009214650918660685,0.44359212989389335,0.5575833529233097,-0.020432458582170097,0.44283682755037074,0.5765111648873091,-0.0211582889221388,0.4448478730973695,0.5898151907228397,-0.018898403364368592,0.43952818994511345,0.567884338699337,-0.009384329627982418,0.43361917516566567,0.5615040852023224,-0.01754671849509573,0.4346475377380811,0.5738918339189875,-0.0176936204316094,0.43765855117924835,0.5839006894817892,-0.0156759932076972
0.454673058428345,0.6319072414208072,7.125673111114111e-09,0.46393187140372727,0.6260093391431403,-0.011987149587791499,0.468927661519194,0.6078399939129111,-0.017721432213732215,0.46229662677253974,0.5898517794299383,-0.02187401463623842,0.4534497119993398,0.5770620240594545,-0.025506797874137267,0.46818270788695476,0.5667201652117265,-0.011903358533778424,0.4653415325021323,0.5420421841048032,-0.020586262629103493,0.4614721181487765,0.5310234094647003,-0.02615444253094781,0.4585435361874829,0.5249558713470469,-0.029389680054450185,0.456455238194919,0.5619546787979447,-0.009657575432493544,0.448960260772146,0.554973091687306,-0.020991338467552554,0.44529634859898504,0.5744703211968061,-0.025191268182383778,0.4453894260700816,0.5891670390440239,-0.025710943597466406,0.4450639794852319,0.5636062050875053,-0.008676605770870621,0.43794664602320166,0.5584544157068522,-0.019692604363625188,0.437084148058693,0.5770025664134044,-0.020605833476559796,0.43908917362833144,0.5902179916711777,-0.018502038640842967,0.4351196378801208,0.5688996782067849,-0.008548853975582216,0.42868788398097324,0.5628957458442003,-0.016678301695342065,0.4294986983061622,0.5750798439160345,-0.01702828714130007,0.4323891505384579,0.5851141984827881,-0.015155574768642523
0.4514115856061885,0.6322768144123678,1.9747441948121745e-09,0.45997477086638194,0.6256415568034276,-0.012231371839897193,0.46374811090984636,0.6071998020107655,-0.017855853460630157,0.45633780858241013,0.5897848480476109,-0.021783839831444433,0.44713616071998313,0.5775143096954524,-0.025135324967543244,0.46286103445664395,0.5664490787014848,-0.01183824360886371,0.4586822221968607,0.5421046333544579,-0.02031114311989599,0.45409201209779976,0.531273001064322,-0.025785027159516184,0.4505819262356002,0.5251897369339014,-0.02898096546887599,0.4512862196286878,0.5627044701879266,-0.009327404908872957,0.4428227367703716,0.5561516433195594,-0.02041806104217713,0.43918793235748577,0.5755674746195761,-0.024616818224987777,0.43948855842553797,0.590256107152027,-0.02516373344114155,0.4401896142278426,0.565018964970724,-0.008101753848637325,0.43230738770180965,0.5598978648933206,-0.018943303441338395,0.4314333703105749,0.5781588849673918,-0.020034172042757,0.43353107445527017,0.5912500884169254,-0.018064924914861728,0.4307117476624295,0.5705832390351008,-0.007750117566549069,0.42377591484967736,0.5649510940463266,-0.015851367600915288,0.42445369543781963,0.5769390466511541,-0.016388279392616556,0.42732736910500807,0.5869163080962113,-0.01464577647513994
0.44836755825328006,0.6332327648349939,-2.40547235175558e-09,0.45609852082495916,0.6258253771706911,-0.012275252291969624,0.4585181773391419,0.6072035314726598,-0.017739275205803328,0.45040543406504074,0.5904086105414126,-0.021460876332072422,0.44094163632506683,0.5786539495529283,-0.02456161462651375,0.4575410385453606,0.5668351892509019,-0.011502037257761619,0.4521371073169595,0.5427985451713894,-0.01969215313214593,0.4468613706987769,0.5321243692462454,-0.025046406518186747,0.44282741826767347,0.5261155180550212,-0.028184157908909338,0.44626516096985985,0.5641363013103942,-0.008811091891591563,0.43692821600199877,0.5577900465291598,-0.019625712991809822,0.43315142003031704,0.5768118343029434,-0.023846215946444375,0.4334764313278887,0.5914809660480064,-0.02443273765084372,0.4355770008929638,0.5671454889341722,-0.007408081427463084,0.4270255395353492,0.5619932146952821,-0.018030257748728466,0.42606072218124413,0.5797719423825782,-0.019307031918573817,0.4281873674965729,0.5927137786191394,-0.017475364071900194,0.4266077130848174,0.5729969482963082,-0.0068827445376575935,0.4191912210588862,0.5675928672224572,-0.01490668999122239,0.41965511778935194,0.5792676806316581,-0.01561964467962808,0.4224690748222473,0.5891106526678409,-0.014003013723701106
0.44561309376479946,0.6340977805482579,-6.36902114110807e-09,0.45259099876627296,0.6259917116398617,-0.012314958619462543,0.45378574079127254,0.6072069061697825,-0.0176337864483706,0.44503737621074824,0.590973037676662,-0.021168634710378165,0.4353363655798742,0.5796851812578849,-0.024042478436909546,0.4527271068300325,0.5671845710644331,-0.0111978125095748,0.44621459597931046,0.5434264486808793,-0.019132044518682403,0.4403185434986478,0.5328947510962935,-0.02437804710773111,0.4358105572651315,0.5269532343192309,-0.027463146605911676,0.44172173012417265,0.5654319296090592,-0.008343893109792489,0.43159441106178315,0.5592725967612873,-0.01890873698790883,0.4276891304672567,0.5779378243685245,-0.023148917149519308,0.42803620735129255,0.5925893103370783,-0.023771277778060255,0.4314031620416551,0.5690697274715244,-0.006780394541227574,0.42224612676359435,0.5638892445108268,-0.017204065456385458,0.4211991467860021,0.5812315578370079,-0.018649060941966694,0.423351980245366,0.5940382354050757,-0.016941885158123466,0.4228940744761734,0.5751810536523787,-0.00609788030046054,0.4150426459072122,0.569983341931339,-0.014051874765440774,0.41531300446527414,0.5813748034864639,-0.01492412628373805,0.41807292540405405,0.5910962603833132,-0.013421393728839772
0.44290297485700164,0.6357809975218824,-9.586884497555216e-09,0.44925755899978864,0.6267930075366613,-0.012345558191698436,0.4494092688902626,0.6077816262243768,-0.017475730367629172,0.44006632139700225,0.5921672219258057,-0.020801043304743604,0.43015870830287917,0.5811361876130475,-0.023428914372681277,0.44803566096290204,0.5680163261609028,-0.010718305000720138,0.4405810433658011,0.5446328821182648,-0.018350951613204592,0.4341373242692385,0.5342814674713163,-0.023473806344402874,0.42920548822046706,0.5284257764021448,-0.026507213803394245,0.43726133262558103,0.5672864725036117,-0.007718576744235112,0.4264723247981974,0.5611708514106942,-0.018010461302398802,0.4225012379965946,0.5794156934242506,-0.022327435232767857,0.4229180205652208,0.5940297403066451,-0.0230301755807224,0.42729399049870875,0.5716685614432988,-0.006018961409320575,0.41757948941110073,0.5663366192490227,-0.016244399476654195,0.4164419012867274,0.5832494004252209,-0.01794336634390412,0.4186427102018881,0.5959567903546675,-0.016419050449529127,0.41921450915141817,0.5782030084018107,-0.005203020910376796,0.41094168386796204,0.5730053768090321,-0.013093676177503573,0.4109463692937926,0.5839644697144647,-0.014198234274833865,0.4136128885382469,0.5934485342057928,-0.01287141699465802
0.4404185472277245,0.6380414220813394,-1.2859084385500788e-08,0.44611192766343416,0.6281958585377116,-0.012463493247432294,0.44528659256101183,0.6089891045405187,-0.017434328443833025,0.4353976839661388,0.5939015248041329,-0.02055735100617639,0.4252883995898908,0.583018763968344,-0.022948733819512228,0.4437234562765944,0.5693362214916513,-0.010323272987497821,0.4354477779485116,0.5463819940976374,-0.017641839087939936,0.42852364458859493,0.536159478209137,-0.02266169993013749,0.42317757213113044,0.5302153096498403,-0.025690051581030025,0.4331513287814603,0.5696008882295274,-0.0071517264467020215,0.4218097962015423,0.5634274064824955,-0.017174441879410744,0.4177568576669969,0.5812979074886802,-0.02163300383721396,0.41816209945707145,0.5958904540387865,-0.02249285926590863,0.4234796897085924,0.574712571149471,-0.005290753924825689,0.4132735486384457,0.5692060142668021,-0.015310817192722913,0.41199636824134356,0.5856777837766788,-0.01734441346763395,0.4141590389634521,0.5983045953920386,-0.01609437134296372,0.41579112272324337,0.5817189748221074,-0.004321793076678984,0.4071210281574003,0.5764609520584707,-0.012128817168623936,0.40684496283483207,0.5869657902221196,-0.013507886266846573,0.4093626346738621,0.5962539759952841,-0.01242064813888103
0.43829580895351145,0.6405622893303837,-1.563687918435593e-08,0.44328408180325624,0.6299297689542528,-0.012676675072267177,0.4415115173476935,0.6105528154924661,-0.01749911012757078,0.4310949625623445,0.5959782844798532,-0.020410891834423208,0.4207840776792523,0.5852464528046205,-0.022554209310078607,0.4397979763916619,0.5710112946066743,-0.009914510270002997,0.4307599751708915,0.5485076363138159,-0.016920196889509617,0.42340433607308264,0.5384963484273054,-0.021851672204820424,0.4177129290010522,0.5325649631948572,-0.02488088365642237,0.4294250227718928,0.5722908010080486,-0.006521659547992375,0.4175394296007874,0.5660481910708216,-0.016302766663917757,0.4134828284621659,0.5835619243176214,-0.02097582440073384,0.413931233237724,0.598115176817616,-0.02203713927205796,0.42004533003314815,0.5781274027698917,-0.004461806538863059,0.4093703098931055,0.5724696792913818,-0.014311467304398398,0.4079666373258797,0.5885163919025487,-0.016790067343869456,0.41009984394716753,0.6010639512757908,-0.015884657928551708,0.4127394449904654,0.5856138137175663,-0.0033059996560331983,0.40367561956324927,0.5803438387389787,-0.011072411848736287,0.40314581038933817,0.5903966398233752,-0.012816351926153107,0.40553808970080796,0.5994730728927589,-0.012035615456637788
0.436374995992001,0.6428433592790596,-1.8150436469714256e-08,0.4407252345598781,0.6314987412777131,-0.012869577992648679,0.43809554586948257,0.6119677785621219,-0.017557729458697727,0.4272015371963556,0.597857492553465,-0.02027836457995521,0.4167082290389025,0.5872622329141671,-0.022197213913821113,0.4362459074744884,0.5725270265223324,-0.009544631074115151,0.42651809926671513,0.5504310769800389,-0.016267200848897073,0.41877200138066184,0.5406109240483106,-0.021118698303669737,0.41276810962233046,0.5346911061297419,-0.0241486877675057,0.4260531813307312,0.5747248360434001,-0.005951527713859964,0.4136752812897234,0.5684196737296764,-0.015514009485283937,0.4096153659519528,0.5856105767223652,-0.020381159106870845,0.41010282783736823,0.6001282730156987,-0.021624769607063662,0.41693766355385614,0.5812173987988705,-0.003711712708309464,0.40583836642885607,0.575422888435154,-0.013407180496224018,0.4043202342493196,0.5910849776519346,-0.01628845335187384,0.4064267795400784,0.6035608236464066,-0.015694893486322234,0.40997805786390323,0.589138156366999,-0.002386833505266561,0.40055795519278037,0.583857366126975,-0.010116497002474325,0.3997985395315864,0.5935011301240118,-0.01219059973565944,0.40207735426989605,0.6023859534490393,-0.011687208978249812
0.43475617763025654,0.6453781339812756,-2.077235845353736e-08,0.43865420078285255,0.6334821937645425,-0.01299206021135953,0.4352871339382563,0.6138737644018927,-0.01759692588010327,0.4239515098667754,0.6002718139214247,-0.020195082958391192,0.4133031813097335,0.5897979690168959,-0.021958895536416636,0.43310666773480583,0.5744372932186315,-0.009324743141325687,0.42272030235468194,0.5527681643818481,-0.01582997990951917,0.4146292256112527,0.5431587885246428,-0.020595455809222937,0.40835625001590886,0.5373092378802474,-0.02360550867279239,0.4230707483773556,0.577461062846063,-0.005576072991736682,0.4102207690083666,0.5713999385437918,-0.014980113697600808,0.40619089033205674,0.5883914514899876,-0.019946762919127888,0.4067783193969189,0.6028989503407676,-0.021286332839645605,0.41421489731940137,0.5845266406856721,-0.0031897623912073105,0.40271128510539017,0.5788370331684143,-0.012767059762102559,0.4011220697287944,0.5941795831141725,-0.015899349139211948,0.4032300695420385,0.6065335607631277,-0.015497949373886608,0.40755676411189423,0.5927572787903292,-0.0017232084291658914,0.3978193099017107,0.5876750647738742,-0.009429945783402722,0.3968734251486821,0.5970326836735317,-0.011739540560882786,0.399054090357529,0.6056632998743838,-0.011422869705183308
0.4335823675383261,0.6484421503394548,-2.2082912460247364e-08,0.43710650428911296,0.6360791971560263,-0.013226779328042912,0.43311626018805766,0.6163875273565835,-0.017827613099042735,0.42135462468391965,0.6032714400618423,-0.02037986270252458,0.4104692370564824,0.5928563236124035,-0.022071517165879982,0.43054196165042224,0.5770852748501678,-0.009221110652423445,0.4195714011194467,0.5557646209936065,-0.015551685944122297,0.41115953487218193,0.5462773947726728,-0.02027098514997527,0.4046137218478203,0.5404378071103837,-0.023300867057321286,0.4206470795279456,0.5807843369078682,-0.00530610731251119,0.40732728695365134,0.574758398743978,-0.014623132762930318,0.40331769595585293,0.5914787193823757,-0.019774928518667557,0.40400692827427126,0.6060099328660652,-0.021278987514131452,0.41203447528276754,0.5883377250472369,-0.0027691613638117017,0.40009540205103195,0.5826213940718327,-0.012279828147578475,0.3983925627569469,0.5975998790055496,-0.015757460288178735,0.4005122687996021,0.6099291736427676,-0.01562150291060129,0.40564563018611366,0.5968618637659585,-0.00116387742839173,0.395583818017337,0.5917876068822872,-0.008884443174679771,0.39441949979923463,0.6007573046113155,-0.011499910247842282,0.39649040454675116,0.609172965680978,-0.011438069791005279
0.4327737450452094,0.6519227919114331,-2.4175632775414044e-08,0.4359866860492715,0.6390782664969568,-0.013456664535234992,0.4314151576706048,0.6192542694550334,-0.017971406416306193,0.4192644743489494,0.6066586348805258,-0.02036945624907732,0.4081956970524975,0.596415149648829,-0.021869679538539837,0.4284666412639905,0.5802161678049342,-0.009137435859671354,0.41700076768750755,0.5592631449825592,-0.015317920337612966,0.408314273066612,0.5499330837453619,-0.019978675128908364,0.4015516323243386,0.5441656512009586,-0.02299548113129602,0.418689168753698,0.584547932782432,-0.0050603283258124085,0.4048563082984921,0.5784890211978607,-0.014282653978201896,0.4009132833311471,0.5951470953713792,-0.019549211920753,0.40179128944338693,0.6098165446318036,-0.021143999117688675,0.41025903577608686,0.5925313601810555,-0.002391568228174876,0.3978790602694451,0.5867526781338567,-0.011874886393072397,0.39614027333865426,0.6015916199030568,-0.015682173297941027,0.3983395830884147,0.6139535660640084,-0.015766153512829697,0.4040965072550846,0.6013251569397147,-0.0006643020852638292,0.39370449614336583,0.5962732445358588,-0.008409428578269162,0.39237230400894213,0.6049717540768886,-0.011312558428761955,0.39438200790198247,0.6132993597373129,-0.011478271512984648
0.4321857119749973,0.6562035595969831,-2.5527030072663268e-08,0.43527994422246635,0.6427882657886361,-0.013516777961698492,0.4304061485962248,0.622838689139049,-0.018064356358101073,0.41795052535316995,0.6105997907228362,-0.02052254275061156,0.4066879755093625,0.6005877398778979,-0.02207051867233357,0.42713580597205636,0.5839245236456205,-0.009057108260419118,0.4152604612943349,0.5634629972035476,-0.015276463741705966,0.4062881119206006,0.5542914685785859,-0.019991155341369683,0.39929802243189527,0.5485668859886375,-0.023072748772139603,0.41728053846060587,0.588675078075833,-0.004995436850902532,0.4030592163883824,0.5826900319012356,-0.014313300433001233,0.39930731470866804,0.5992402812147022,-0.01970191505297347,0.400446841542539,0.6138661034213547,-0.021384235588264407,0.40886331106403223,0.5969904734801459,-0.0023591636861496944,0.3961436697571468,0.5911738156449998,-0.011967292161225645,0.3945003694186151,0.6060156823316818,-0.015926110151113972,0.39693103157396525,0.618534950620286,-0.016090263361981636,0.40273819286748236,0.6060510983746478,-0.0006698169036712414,0.3920996182923511,0.6009984773801144,-0.00854784388582293,0.3907357058334251,0.6096727494379597,-0.01161041796791052,0.3928389076612156,0.618092365806881,-0.011883169302449573
0.4316536155047063,0.6600771195904626,-2.674987580745779e-08,0.43464043115679074,0.6461453516871765,-0.013571173103160153,0.42949312143131474,0.626082141180306,-0.018148464443935364,0.41676156565308986,0.6141660444231652,-0.02066106691063231,0.4053236758603745,0.6043634127870033,-0.02225225299919615,0.42593156628342577,0.5872801224263152,-0.00898442181777799,0.4136857014110211,0.5672633388097185,-0.015238950701249867,0.4044546891955073,0.5582352623946233,-0.020002448374594417,0.3972587870046271,0.5525494536605556,-0.02314266633467694,0.41600590401423226,0.59240962899523,-0.00493671817248014,0.40143307270599926,0.5864914217892463,-0.014341031646179048,0.3978541137260926,0.6029441030740601,-0.01984009231165651,0.3992302841433553,0.6175304482470267,-0.021601619583321668,0.4076003545563069,0.6010254139745937,-0.0023298416236562135,0.3945733581319228,0.5951743927953657,-0.012050907837893504,0.3930164612310121,0.6100189061669823,-0.01614684253016262,0.3956564684124221,0.6226805313281215,-0.016383542287022473,0.40150908803001495,0.6103274849993362,-0.000674807125407956,0.3906474043216896,0.6052742228187581,-0.008673092448045846,0.3892547889316545,0.6139265629821157,-0.01187994364163881,0.39144259471044746,0.6224294375480677,-0.012249551221284804
0.4312926708012668,0.6644879039307177,-3.0122638070919834e-08,0.4343805921574625,0.6502444809226449,-0.013628588138302509,0.4291131575207329,0.6301257271595214,-0.01829584453995515,0.4161561730455866,0.6184833778238953,-0.02089264249643341,0.40463173496306465,0.6087097299044517,-0.022536437425856332,0.42537316523996394,0.5909279324192535,-0.009001487870767723,0.4128712767255914,0.5716248282886103,-0.015436553293006115,0.4034082877995358,0.5628657255840294,-0.020305977155906128,0.396006972430318,0.5573177066822684,-0.023509907517764883,0.4153082674368634,0.596231409045614,-0.004972337353907463,0.4004822758846887,0.5909896082711962,-0.014594987179675797,0.39749410195741247,0.6078167618607221,-0.020043762906576074,0.3994036936126237,0.6221437478895748,-0.021696692923783446,0.40677956360030526,0.6050096823004691,-0.0024100702930103758,0.3936524893174402,0.5999036720850297,-0.012325936456379081,0.3925683952119701,0.6150293573889193,-0.01622822967214521,0.3955837150715932,0.627397827722347,-0.016261656493774344,0.40059053968139713,0.6144446733135541,-0.0008189853015769929,0.38962013483001906,0.6100191224782772,-0.008946862409855188,0.38852212796419694,0.6190080771542356,-0.012053616418459931,0.3909494309676329,0.6273329083993807,-0.01229225712414533
0.4314322220491407,0.6690395754329661,-3.284824693226742e-08,0.43483361319035274,0.6546158159046055,-0.013544913353087239,0.4297535081599715,0.634367769875696,-0.018314622011382294,0.41642991233596915,0.6232002634400421,-0.021028654933982427,0.4047011116009799,0.6142553976846824,-0.02278074777692195,0.42551740731826615,0.5952953242589848,-0.009043233123442485,0.41294469558545494,0.5767042522008448,-0.015746825033107058,0.4032386647295908,0.5682738518960022,-0.02081339175394665,0.39560428845851264,0.5629078211292645,-0.02414270865601924,0.415141878874428,0.6007262963900967,-0.005134097943586727,0.40041491112335187,0.596078347260587,-0.014914571420093729,0.39803808279936176,0.6133653809178765,-0.02025029399181972,0.40046997237557747,0.6273602819989246,-0.021804172666471,0.4063711355285114,0.6095789189521109,-0.002711726118324619,0.39332701600817627,0.6050056719537414,-0.012701738395638559,0.39275122207791696,0.620442935194595,-0.016245143394911257,0.3961833258609768,0.6322772199511988,-0.016035227714815886,0.40005482032401235,0.6191162634366317,-0.0012788210127856353,0.3890180939619665,0.6151002736264584,-0.009358812106238746,0.38842859658876655,0.6245152827090157,-0.012139514404966783,0.3913023301412765,0.6326361086239234,-0.012138485479438913
0.4319293034473604,0.6739445808330949,-3.5978358968649866e-08,0.43568802576869736,0.659761057424858,-0.01346661230236303,0.43100287101477885,0.6394800004158183,-0.018332219069313847,0.41751087866279935,0.6286073148895562,-0.02114411879295031,0.40567579659194736,0.6200742640675171,-0.022956541240801882,0.4261790720716967,0.6002364481485387,-0.009099489599776137,0.4135158978583972,0.5821691853950275,-0.016012356602029317,0.40371249335891685,0.5743429776060825,-0.021151771398404986,0.396116400618134,0.5695809602455215,-0.024480589102072754,0.41553778740764025,0.6056768629520993,-0.005265611712958476,0.4011214757179313,0.6019928039792626,-0.015009669680769258,0.39957436486224085,0.6197970373877981,-0.020026936971479156,0.4026197541672137,0.6330541530267655,-0.021369373281085065,0.4065631954900229,0.6145258717497756,-0.002952270174149758,0.39352886792564884,0.6104950535183161,-0.012879176385239785,0.3934260061977449,0.6263693046041104,-0.01593281775686222,0.3972035895509564,0.6375492313574129,-0.015440091758053024,0.4001607245609783,0.6241209068346982,-0.0016467710784427558,0.3890761247452519,0.620529121702505,-0.009631761451407766,0.38890005357330515,0.6304751120852818,-0.012030915304787093,0.3921194163694553,0.6383894812459806,-0.011760871122427786
0.43266239592948197,0.678103676655056,-3.6172956659363575e-08,0.4369965698639286,0.6646772478158671,-0.013614255468584904,0.4330153251021763,0.6448248834593429,-0.01876941358592582,0.4196993009305415,0.6345410179486041,-0.02186633053503738,0.40780328020656587,0.626592089318542,-0.0239875777592839,0.42760043144370236,0.6058185680771281,-0.009738214567045928,0.41507055236031953,0.588200611959992,-0.017140119046421855,0.40530797861685675,0.5810207825280371,-0.022619388597685777,0.39784444097030824,0.5770802886943688,-0.026108904477054214,0.4165597833505975,0.6112557509639776,-0.005976048441929878,0.40254134224531396,0.6077265834045165,-0.015997154056199607,0.4012671299373471,0.6255423580407251,-0.021032646159879834,0.4045521703246997,0.6388034114582309,-0.022397634090355237,0.4073198076409872,0.6200711615298221,-0.0037605537022239724,0.39444138059279965,0.6161375416534332,-0.013828380141469525,0.39454707281372703,0.632268498359572,-0.01665408492054162,0.39854576287573895,0.6434747331285663,-0.016035782837365675,0.40077830618911886,0.6297354430821583,-0.0025769905783912324,0.38977975102423557,0.6263305779995089,-0.010599013453814749,0.3898620877053716,0.6366478040812766,-0.012775145675982792,0.3933450325286743,0.6446517059717229,-0.012361124430057645
0.4333257530464431,0.6818671388114768,-3.634904325993211e-08,0.4381806388042033,0.6691257859795294,-0.01374785409014015,0.43483634465153675,0.6496613349204,-0.01916502000825827,0.4216795497008218,0.6399102779671519,-0.022519841941510785,0.409728387108346,0.6324899069511327,-0.02492053700939451,0.42888658411635106,0.6108696892830692,-0.010316180871642287,0.4164773204740523,0.5936582995435812,-0.018160603176288027,0.4067516934641268,0.5870633617778431,-0.02394739882539947,0.3994081016188165,0.5838662441096732,-0.027582326479043927,0.41748456200922474,0.6163039476890324,-0.006618904932491472,0.403826144080068,0.6129149375093356,-0.016890704057468075,0.4027988708667661,0.6307411555148354,-0.02194268734020686,0.4063007655459865,0.6440057721300034,-0.023328081670376193,0.4080044471201275,0.6250889560522268,-0.004491949322758463,0.3952670905636888,0.6212432885449664,-0.014687290964451897,0.39556149805533786,0.6376065317693446,-0.017306741601554685,0.39976026206772797,0.6488365720060908,-0.016574808849238988,0.4013371404130709,0.634815897007167,-0.003418723020989804,0.3904164449083331,0.6315801712189333,-0.011474255684965014,0.39073260841569035,0.642233319232792,-0.013448581191188929,0.39445406204637934,0.6503182370590548,-0.012904278688635473
0.433998531896377,0.6845757897987361,-3.5577226799482246e-08,0.4395429611709845,0.6725341148150803,-0.014228906283951995,0.43714022518390055,0.6538365063572337,-0.0202439469563234,0.4246472089762382,0.6451608318946855,-0.024110898382207178,0.41298834458238404,0.6389007078514545,-0.02705192353707983,0.4310952214168754,0.6163138428075665,-0.012191102809625914,0.4191948295626162,0.600106715978586,-0.02096859255140913,0.4097340681861376,0.5943254449858502,-0.02729041713662539,0.40262036490246933,0.5915748464331272,-0.03118365795355658,0.4192453104710322,0.6218278157048865,-0.008508040906508724,0.4071432835353114,0.6203494336519276,-0.019759727978218795,0.4072982145977364,0.6387130531471175,-0.024935672558607867,0.41159013126618044,0.6520501176636709,-0.02626391337747865,0.40941978568730547,0.6306440028748216,-0.006383448328212047,0.39790123875177746,0.6284474310951279,-0.017190881867329602,0.39920205213656174,0.6449256898745612,-0.019474856822883645,0.40401457253047873,0.6558153168277793,-0.01841715102895189,0.4024296262190131,0.6403147949969699,-0.005355807384907502,0.3921893958026185,0.6378986200492709,-0.013649969269750022,0.3932210659408018,0.648746249926129,-0.015265810146041916,0.397382955662901,0.6565743025132807,-0.014408804006631502
0.43533451543119495,0.6895301945205194,-3.707249299993823e-08,0.44155878069243676,0.678378820997185,-0.014287314911431225,0.44037181435064887,0.660182197056479,-0.020609427837229344,0.42872834303225305,0.6516770255385195,-0.024864040835923296,0.4172997740691369,0.6457204754949115,-0.028202759522072157,0.43382865051908776,0.6220870383713201,-0.012705744386032345,0.4219805318757382,0.6063454005912783,-0.021957621199266194,0.41282222063583046,0.6020517358134798,-0.028378670275403604,0.40602764772650624,0.6002838159468084,-0.032234078460381774,0.42174148039710113,0.6271796132652295,-0.009158250956608735,0.41008943736687936,0.6275773352781397,-0.020776569943311014,0.4112893552182171,0.6468429521165361,-0.025742832157878884,0.4161716096937058,0.6596127851743988,-0.026877622120781514,0.41166822946313214,0.6359116418662579,-0.007206907708917036,0.4005872852705861,0.6356599341453508,-0.018326194664121487,0.40288908589939376,0.6526978657488784,-0.02016137719147274,0.4082102025776712,0.6628622312174334,-0.01878264955659602,0.40436782179260483,0.6455809656672228,-0.006375017588399224,0.39444536903474187,0.6442457245982302,-0.014800431646400415,0.39618573508256594,0.6558368409441242,-0.016073322669628683,0.400773759788168,0.6633983582065844,-0.014939260623423902
0.43745085073078327,0.6951462403872856,-4.1106833922749714e-08,0.4443595091210431,0.6846841834113075,-0.014126766600951633,0.44443650799678996,0.6667152830636098,-0.020481633484784285,0.4333186098946073,0.6582437628912237,-0.024845094858361363,0.4219412148955266,0.6528922086720841,-0.028278553825244145,0.4371075577488963,0.6279382507379992,-0.0127346581394126,0.4253372920184354,0.6131554354302852,-0.022197439510530912,0.4167085111936666,0.6108043292342278,-0.02855290438616826,0.4105060617108173,0.6098240688107045,-0.032285343967831,0.4247884697591772,0.6324488671130438,-0.009359543195114181,0.41308025426509204,0.634447523343144,-0.020962153846142084,0.41483491795525473,0.6544152569677236,-0.02564109776583766,0.4199891277876079,0.6663499085703032,-0.026613901050134482,0.4144909895670321,0.6410909308772872,-0.0075937585098817765,0.40344136806637004,0.6423490344786498,-0.018769113698681436,0.4062833711295644,0.6600595164272506,-0.020200335347772318,0.41180332494612326,0.6694597639291641,-0.018586359090463245,0.4069099367484945,0.6509657294961361,-0.0069476739779416674,0.397079793343972,0.6502903874765832,-0.015332113403888058,0.3993107804160912,0.6626509434455237,-0.01626366195170055,0.40417904336955396,0.670046949849607,-0.014890032186661897
0.4404377591372197,0.7019725031791416,-4.564281601784055e-08,0.44787563598570485,0.6915752767687419,-0.013832221087940081,0.4488178577928974,0.6736252861888847,-0.020171827792970925,0.4382925359177754,0.6650878565477671,-0.024626556899864253,0.427123954434903,0.660071960676536,-0.028155599667065132,0.44106102600109737,0.6337091658576999,-0.012462912312841665,0.4296712198527912,0.6200026566470094,-0.02211957324992262,0.42137306953908127,0.6187101525009242,-0.028559900527639175,0.4154523813276542,0.618307852259128,-0.032293657074871675,0.42849274930532627,0.6375630415520559,-0.009312375316626254,0.41683246851346833,0.6413258271195147,-0.020850354894981864,0.4188889807148523,0.6618112952655915,-0.025325365217985653,0.42422789397332,0.6731928254021553,-0.026188679652114334,0.4179063829716123,0.646070180312469,-0.007786934125342066,0.4070049433297223,0.6491856568785801,-0.01896832302520461,0.41018836205577464,0.6675166706652264,-0.02011163147578511,0.41585974462531017,0.676425322036234,-0.018331078700197703,0.4100060897670097,0.6561529751741015,-0.007380377785485936,0.4003498357878365,0.6567312529158245,-0.015703450136992717,0.4030181568392536,0.6698196595748671,-0.01636945265145768,0.4081608003802482,0.6770515488436009,-0.014798507599151339
0.4431405381145549,0.7081494182555585,-4.974731317006718e-08,0.4510572915567202,0.697810855408245,-0.013565694193871105,0.45278243203151586,0.679877975806038,-0.019891492343417947,0.44279331761609264,0.6712809063292594,-0.024428807347617213,0.4318136862799924,0.6665687393317824,-0.028044341513589095,0.444638420894287,0.638931123126929,-0.012217016286819643,0.43359288314006944,0.6261985364797642,-0.022049114011278986,0.4255939121358522,0.6258639349462477,-0.02856623116169856,0.4199281826768884,0.6259846164689885,-0.032301179398253756,0.43184465954868356,0.6421907305466031,-0.0092696942788991,0.42022775367424375,0.647549832785855,-0.02074919081032737,0.42255740107077155,0.668503785997469,-0.02503966670411225,0.4280634478563566,0.6793848103043132,-0.025803907406401892,0.4209968873450764,0.6505757790336475,-0.007961733925454705,0.410229533774205,0.6553719461061616,-0.019148582580086074,0.41372189102482576,0.6742644636881778,-0.020031365552699344,0.41953029769902667,0.6827282819718739,-0.01810008183713728,0.4128077214712237,0.6608467845116983,-0.0077719206771003505,0.40330881569938165,0.6625594315327226,-0.01603946349233527,0.40637286936944,0.6763064521417638,-0.016465180019154993,0.4117637930659867,0.6833898359048424,-0.014715689280886289
0.446169167738273,0.7129818304981961,-5.0944178326987725e-08,0.45442656186466573,0.7029094478870105,-0.013198456023799066,0.4569143670610334,0.6856245785263394,-0.01956555734861319,0.4482779631612746,0.6775834748924866,-0.024284366603113595,0.4386313316376227,0.6730857659547306,-0.02810523323070147,0.44828492192125313,0.6436810344770629,-0.01191579428547862,0.43774417917130853,0.6333450941535352,-0.021813471205751528,0.4303699699985658,0.6343770526969826,-0.028404029584823253,0.4252403803482603,0.6348356782066313,-0.032170985563117045,0.4353443229574453,0.6466881780490635,-0.009206565892940851,0.4241942378271804,0.6539545293230616,-0.020496968715048372,0.4266954560236269,0.6748436076907096,-0.024681547469262176,0.4321526956479401,0.6851527938524986,-0.02545687358010429,0.4243210417625644,0.6551092656451747,-0.008121103583296334,0.414160316319475,0.6618419411195526,-0.019147032221500347,0.41786632040794336,0.6808075444077277,-0.019919026927498657,0.4235987370236408,0.6888129789184149,-0.01798109439210097,0.41591942184080805,0.6656106903633615,-0.008144196496631916,0.4069548813558371,0.6687185523272561,-0.016218035456419727,0.41029166062357586,0.6827470049640771,-0.016509554290329628,0.41576113668747633,0.6895949157076575,-0.014698559395590604
0.4495020266495199,0.7180929549811027,-5.1327881351756716e-08,0.4581762590607443,0.7079804553025894,-0.012577066177992716,0.4615946603166088,0.6904494730740793,-0.018696934243553023,0.45373497887563957,0.6821054632728218,-0.023324006862386885,0.4443401675710191,0.6775638979524843,-0.027139491057038053,0.45211874674837665,0.6485101411744674,-0.011370506999154872,0.4425839543501269,0.639237215699722,-0.02102775229407996,0.4360781915921595,0.64061057294103,-0.027532355433711936,0.43168913305639534,0.6412438113624371,-0.03125788454226604,0.439123769166563,0.6512785853465776,-0.008953382099086553,0.42904818938363415,0.6594183989295331,-0.01979294098737605,0.43157546934156926,0.6798437679562839,-0.023891345055448005,0.4368477414386479,0.6898043442626086,-0.02473582305298476,0.4279944552392996,0.6597952819508129,-0.008089867415177615,0.41888354447917514,0.6676613931002411,-0.018794671208684943,0.4226125063315663,0.6866011018836047,-0.019520025422381064,0.42820701716294385,0.694551436975181,-0.017646522846254578,0.41939019804116184,0.6706161386396413,-0.008293072017735107,0.4110960198394256,0.6744243662088012,-0.016136568925133005,0.41462729683898336,0.6886419017585551,-0.01628089687076562,0.42009781853593225,0.6956132466395819,-0.014412749509809373
0.45292184975825917,0.7227311290028416,-4.837266020424693e-08,0.461872795509161,0.7127807517617721,-0.012104961340316705,0.46603624400254784,0.6955860396306413,-0.0182308290945086,0.4595010911469733,0.687551334959373,-0.023001931253432858,0.45136978459607946,0.6834524564134449,-0.02703840364573368,0.45613349820151516,0.6530659141424607,-0.011257392402114487,0.44768296837402016,0.6447880644917493,-0.020895091719735845,0.4421412853767716,0.6463668297761138,-0.027429923823946302,0.4385397355196857,0.6470492545948482,-0.03117931443828536,0.44312403431765834,0.6555649094801044,-0.009111719915534989,0.43430958587258445,0.6650990650605882,-0.019706924319759598,0.4369928488395446,0.6853304285325679,-0.023736814901022016,0.44209710773373256,0.6950505974256013,-0.024651862853011786,0.43191336263312985,0.664204736424457,-0.008457022200536022,0.42400133657801387,0.6736027011459604,-0.01893980964125206,0.4278098237098209,0.6925316394953429,-0.01960607892126011,0.43321510309612443,0.7003636866273347,-0.017786325819027955,0.42316070453808846,0.6753599528810144,-0.008843414365917476,0.4156525383697343,0.6802156384900019,-0.016483554773939264,0.41943746912935614,0.6945785915362956,-0.016490733025451388,0.42489725419104973,0.701577799610068,-0.014576279160316336
0.4560163624606199,0.7269280970826677,-4.569855423780551e-08,0.46521769921635353,0.7171244203948303,-0.011677765438487466,0.4700553223869276,0.7002339906943036,-0.01780906216139801,0.46471870243841173,0.6924791685266688,-0.02271049306164983,0.4577307098501344,0.6887808662102761,-0.02694693216654204,0.45976634673593486,0.6571883195623494,-0.01115503782229152,0.4522969390867539,0.6498108892255539,-0.020775050472175042,0.44762762783821053,0.6515755231289067,-0.027337236013067142,0.44473867495819097,0.6523024554927603,-0.031108218309315212,0.44674377455838643,0.6594434973648805,-0.00925499585954847,0.4390704924310569,0.6702393582691749,-0.019629089980938492,0.4418949005354796,0.6902951709496432,-0.0235969844154782,0.44684712846959224,0.6997978011658162,-0.02457588936051004,0.43545948426690456,0.6681947418853544,-0.008789251415585378,0.42863229910277906,0.6789788427274162,-0.01907114179174602,0.4325127466780027,0.6978980351795095,-0.01968394658777282,0.4377467952456796,0.7056230464848426,-0.01791283004492474,0.4265725418986981,0.6796525121628247,-0.009341405441170831,0.4197756184303811,0.6854560164473318,-0.016797533620952265,0.4237900741559329,0.6999505541621537,-0.016680608532295665,0.4292401439039621,0.7069749749446359,-0.014724253065578632
0.45925473546403506,0.7306724922726444,-4.330963648275176e-08,0.4686219118032377,0.7210583111601788,-0.011345694306503716,0.47407292690581754,0.7043758437783865,-0.017494703338223807,0.46977888368971166,0.6968015470002761,-0.022524309891490298,0.4637452298486953,0.6934808037006355,-0.026955184856042647,0.46344272251483193,0.6614553497079899,-0.011074602618197234,0.4568596478773576,0.655322565874607,-0.020596096200538712,0.4529529820600921,0.6578463486604272,-0.02713471564629283,0.45070396999220697,0.6589278252994483,-0.030908183708872786,0.45048088053461627,0.6637095375192374,-0.009360781236131514,0.44377343994168206,0.6753525278177946,-0.01951180208518466,0.4468343095296709,0.6952053545602603,-0.023413578529416158,0.4517875773339532,0.7045832547443218,-0.024439393535783335,0.4392075981909084,0.6725628030436805,-0.009030288964385727,0.43312221661491784,0.6839040826265574,-0.019130239683811334,0.43706776806221864,0.7027395173601771,-0.019678210902197645,0.4421845987239052,0.7105968287739174,-0.01793547426269216,0.4303052260848027,0.6841405397038314,-0.009692671898315953,0.4240607506435914,0.6902803383501245,-0.01697385272600576,0.42803817128504235,0.7047332137902713,-0.016738007721052148,0.4332680084550159,0.7118120698853367,-0.014750055185640173
0.46210253895011444,0.7325838042789061,-3.932106438078558e-08,0.47169905008806057,0.7235937824526054,-0.01097301820330006,0.47785640920246614,0.7081105209233228,-0.017214428972413286,0.47462503943524065,0.7016969329062632,-0.022459095594410172,0.4692531743373062,0.6994467030186868,-0.027189930645583248,0.467109474507658,0.6659226352429812,-0.011217713847252384,0.4615223420047587,0.6609685474679374,-0.02070426986061759,0.45837898461494087,0.6639358172120187,-0.02720259455478291,0.45676040821725095,0.6647593300460086,-0.030971399978521816,0.45417178127242475,0.6681701723002975,-0.00971173242970481,0.44853359170260493,0.6810404042189052,-0.019658253679979358,0.45163059054753346,0.7007915803027653,-0.023410454198632562,0.45636748103350544,0.7094571779065908,-0.024457565967824856,0.4428780266268605,0.6768974407525558,-0.009516030330573222,0.4376914937467138,0.6891719378551753,-0.019429586830352376,0.4416683437147569,0.7079653918540307,-0.019786063490249552,0.4465746986770744,0.7154791885558004,-0.01801111083686148,0.43389251707688753,0.6882207571648847,-0.010285788236099746,0.4284014954421539,0.695156439416845,-0.01733961523583485,0.43246700035952573,0.7097423416759255,-0.01686271716069695,0.43753381915667244,0.7167617178323078,-0.014779076666275034
0.46516234113837185,0.7369407286005215,-3.5373497591809954e-08,0.4747327694333233,0.7283377590034509,-0.01064392633849934,0.48141897965527697,0.7131496322424836,-0.016877186442481148,0.47904701957109175,0.7069797595150898,-0.022193260606596824,0.47426053597140494,0.7050997426027962,-0.027040007867336166,0.4704786544339765,0.6698120253832538,-0.011056394701931939,0.4658235976835256,0.664905291375872,-0.020499969253368697,0.46347103525489025,0.6681275499771446,-0.0269866167253967,0.462478784111991,0.6692221897136104,-0.030738709447041743,0.4576676348355476,0.6718365180673663,-0.009744100194997914,0.45321722496645367,0.6851223489694712,-0.019501852928303108,0.45642077789591345,0.7050408108369322,-0.02318593802437726,0.4609464546809007,0.7136215211421049,-0.024253142305582343,0.44640881101060936,0.6805976172174089,-0.009703426235706863,0.44232327146578404,0.6934154885865805,-0.01945516439992577,0.4463244794340847,0.712229043258985,-0.019758502000166482,0.4509874517846552,0.71969260708357,-0.018017400070429485,0.43737694636011176,0.6921207250020188,-0.010605690090632619,0.4327153303149568,0.6995651070415895,-0.017542851625147307,0.43693670976279814,0.7143999920048147,-0.01696912440462564,0.4418798421630581,0.7215710059489069,-0.014847673908283945
0.4679592252021986,0.7406625685160332,-3.157272186628535e-08,0.4775588384322382,0.732389591337843,-0.010365160321392279,0.4847531386235123,0.7174850183752003,-0.016634279886128922,0.48310605596353495,0.7115987380248139,-0.022041765816831968,0.47877630371458685,0.7102025237965458,-0.027006031301523722,0.4736984302284535,0.6732397328346071,-0.01100145434435671,0.4700099752360618,0.6686811544866009,-0.020464405384069646,0.46844671467256394,0.672065325059288,-0.02691719967059061,0.4680454824304964,0.6731010489566354,-0.03065484101188771,0.46090682286648377,0.675162460393127,-0.009865797509194989,0.4574759380214429,0.6890351571934458,-0.019580744169607783,0.4607837448705446,0.709416818582824,-0.0231563113236325,0.4650102656109791,0.7178920495374053,-0.024174667766298032,0.4496287198331135,0.6840972403617669,-0.009973277199800842,0.44657674390627483,0.6977457831078204,-0.019699646240193616,0.45068754438490255,0.716669378551143,-0.01988839982629827,0.4550406279496459,0.7238261968161035,-0.018100755206760355,0.44058095423418886,0.6959191587515697,-0.010994692189080377,0.43680375803211924,0.7041941622228729,-0.017883834432050855,0.44107481989580744,0.7191386513819601,-0.0172151008908607,0.44563872472676946,0.7260251807217686,-0.015044753830116215
0.4704900558876878,0.7440303686999876,-2.813349463508627e-08,0.48011607783814236,0.7360559934375803,-0.010112911899911113,0.48777013598005037,0.7214080012403216,-0.016414479796996312,0.4867789768358634,0.7157783365642078,-0.021904681957122737,0.48286250940355263,0.7148199033273972,-0.026975286753883082,0.47661192510171185,0.6763413798821059,-0.010951740184008968,0.4737981239505656,0.6720978389135429,-0.020432224525062707,0.4729490829738712,0.6756285195939972,-0.026854385907706512,0.47308264900580943,0.6766109320168252,-0.030578950555083664,0.46383788338872284,0.6781720227146646,-0.009975918375874804,0.4613295413293729,0.6925757598404214,-0.019652130887739035,0.4647316849521453,0.7133765589333368,-0.02312950286048439,0.46868750684342275,0.7217563442523213,-0.02410365811143997,0.4525423350801183,0.6872639621275847,-0.010217458611991175,0.4504256051127517,0.7016641587006095,-0.019920871764482286,0.45463557312271285,0.7206873272951028,-0.020005941131854874,0.458708246048201,0.7275665791478635,-0.018176181192251745,0.4434801811092451,0.6993562667870769,-0.011346690493266151,0.4405032743816964,0.7083828788912303,-0.01819238127605374,0.4448192926253006,0.7234265461556002,-0.017437678883035584,0.449040043879904,0.73005565246691,-0.015223086539761843
0.4727800536184428,0.7467098995146643,-2.418407052610844e-08,0.48243924526233206,0.7388771286427793,-0.009748541076675839,0.49049097349088083,0.7245756546004465,-0.01605551184399719,0.49014223462640777,0.7197074109825428,-0.021623037650352697,0.4865825755762949,0.719620342118705,-0.02683475473724993,0.4792187225504841,0.6793893841129479,-0.010970816476811505,0.47693091541413946,0.6750716742356335,-0.020413590260999762,0.4766660346578007,0.6784211567045529,-0.0268465638281845,0.4773214011660444,0.6794235773347428,-0.03060118163833034,0.466546970461445,0.6811846633476023,-0.010195222543111665,0.4650247748505869,0.6961204819134348,-0.019887492789253534,0.4685234001175621,0.7171143605132123,-0.023381780540428432,0.47229265619491473,0.725774297972439,-0.024396405210390354,0.455299003017214,0.6904119858807594,-0.010580279685312898,0.4540506493607535,0.7051891664014149,-0.020218284528688017,0.4582616773977621,0.7239140830060994,-0.02033271075242185,0.46204817062971065,0.7306829608986155,-0.018577867720979257,0.44620537104942537,0.7026782018149718,-0.011817491334396456,0.4438119167323465,0.7121843762598556,-0.01862774173363419,0.4480770121863991,0.7269577835031555,-0.017895955564975,0.4519802188267684,0.7332772008686638,-0.015736936481139125
0.47436021386834154,0.7491811976713045,-1.969694582203332e-08,0.48405022790008934,0.7417528376761309,-0.009417454811640066,0.49238261790479937,0.7281828069713571,-0.015715144479004607,0.4928010934020301,0.7238487436932557,-0.021337471666151263,0.4901654795026615,0.723738381646572,-0.026655381433444515,0.48110803657745593,0.6825548796022753,-0.011017359650964734,0.4795114569229913,0.6781688087526869,-0.020282932880975983,0.4797890537453397,0.6812726604208148,-0.026663180858581038,0.4808904179709434,0.6821277897001737,-0.030423995839836057,0.46864246552408284,0.68403392775401,-0.010354886225160623,0.46791375477470676,0.6997509294608527,-0.019743553951779427,0.47137581385171123,0.7200969903607634,-0.023210178774892867,0.47494920864670986,0.7284499281423433,-0.024337119219562605,0.45754323384542694,0.693147264104233,-0.010775821885608987,0.4569732844524053,0.7086749055091258,-0.020071686254934433,0.46111050004423926,0.7268624927428166,-0.020140334852969025,0.4646881808859169,0.7335723248470521,-0.018474969051568573,0.4484793819834205,0.705365331615989,-0.012031297491098797,0.4466220636939402,0.7154187344172859,-0.01860013138646345,0.4508041524095981,0.72982399223222,-0.017801447584617672,0.454458386134012,0.7360292904735457,-0.015650043167165274
0.4755789347436578,0.7509825277667652,-1.2784525342818661e-08,0.48540237846605694,0.7438033264288931,-0.009201180587829118,0.49391931872352673,0.7305492294144286,-0.015441753247746236,0.4948386672135505,0.726294110899965,-0.021063800231810065,0.49284620145222485,0.7263654322682038,-0.026433125410184537,0.4828496816272786,0.6849687963832248,-0.010918927499453128,0.4816974235989034,0.6805067323647676,-0.020008132465668595,0.4824156143030516,0.683519196848719,-0.026306481483124367,0.48398149636528653,0.6844756147581689,-0.030039257070499994,0.4704931854715617,0.6864135116086066,-0.010356000497726852,0.47023646015829895,0.7022762320666908,-0.019495964717311808,0.4737232840951769,0.721742069865327,-0.022945761664255732,0.4772549960549742,0.7297313124988127,-0.024161336346695747,0.4593982697524589,0.6956008319782644,-0.010849323322240341,0.45912168975743134,0.7113234857859374,-0.01989473926311989,0.4631615876345828,0.7287477753463554,-0.02002810600252217,0.46665056578866804,0.7352895446092382,-0.018509912303359154,0.4502740687479757,0.7079629137300708,-0.012170935799275792,0.4485843105372693,0.7182041082391989,-0.018586914613526337,0.4527471482525769,0.7323354020841742,-0.01782156338760889,0.45638953832820384,0.7385888454414479,-0.015759066956454723
0.4762527780807696,0.752672947474824,-9.13093385963562e-09,0.48624540819089074,0.745705261343835,-0.008989999134608228,0.49494638988854356,0.7328899106803937,-0.015190914045854752,0.496408164532173,0.7287520570131906,-0.0208250913120687,0.4950658819051464,0.7288971573688305,-0.026249723315436336,0.4840428277148932,0.6872300922565769,-0.010861991986958006,0.4833248755708945,0.6829180024911605,-0.019797552621037263,0.4843063574621609,0.6858078343043793,-0.026015946239379643,0.4861288237962044,0.6867659870300435,-0.029723107467537684,0.47174887384513486,0.6886464620183944,-0.01041003515479763,0.47195884905701024,0.7048602716007136,-0.01945489677507203,0.47557147249118886,0.7239851758774319,-0.022939211528642072,0.47911819380809356,0.7319465099124801,-0.02421877927081082,0.4606157334335527,0.697973728480898,-0.01097343341293601,0.4607295804089494,0.7140095848209564,-0.019846138440931405,0.46472083780207707,0.7308324633833042,-0.02005344038109959,0.46803590441314025,0.7371356909899568,-0.018650359041281026,0.45140895444058604,0.7105025995136582,-0.01234852022682536,0.449886069165758,0.7208145840816602,-0.01860654929112559,0.4537636643396236,0.7339904862351905,-0.01789997473996323,0.45707899737700364,0.7395494230137948,-0.015938720583333642
0.47686252212301694,0.7542025661400531,-5.824889981209772e-09,0.48700824477892923,0.7474262748483962,-0.008798906300647013,0.49587576098912794,0.7350079348235713,-0.014963935903470841,0.4978283635408255,0.730976191194183,-0.020609089559691873,0.4970744154281798,0.7311880523168043,-0.02608376733064065,0.4851224758740217,0.6892762825364197,-0.010810472460646446,0.4847975163010359,0.6850999007349258,-0.019607004167695466,0.48601724382578987,0.6878787653006465,-0.025753048138026396,0.48807188687280684,0.6888384878182682,-0.0294370315708888,0.4728851149601501,0.6906670031946827,-0.010458929769330738,0.4735173958461253,0.7071985045756888,-0.01941773541763338,0.47724385211023973,0.7260149066051593,-0.02293328447416757,0.4808041550203281,0.7339509868450187,-0.024270757941251574,0.46171738597697815,0.7001209033888697,-0.011085737540938253,0.4621845205877015,0.716440168894859,-0.019802160768161402,0.46613176441905285,0.7327188456334013,-0.020076364828891614,0.46928946280905404,0.7388062228402598,-0.018777445794216786,0.4524358842202391,0.7128006978852472,-0.012509211949560744,0.45106399810628467,0.7231767386132963,-0.018624316221550256,0.4546834844132062,0.7354881306354834,-0.0179709272185431,0.4577028716875831,0.7404186257195237,-0.01610128467297363
0.47693077318608373,0.7557460548079443,-3.836896124840281e-09,0.4871957223403981,0.7492024347229038,-0.008681928271238148,0.49629835610079276,0.7371361786631621,-0.014839406680150043,0.4984684371840556,0.7331475229656633,-0.020509619414180728,0.49743575259998707,0.733430425280985,-0.026025062566969345,0.48582232669476894,0.6909551016823946,-0.01072886059903083,0.4854984127450688,0.6871490659097738,-0.019508314428699245,0.4866882535452375,0.6898558343953505,-0.02560593220593839,0.4887071213606426,0.6906171762241342,-0.029255477178965362,0.47353705436853,0.6920577613359636,-0.010452935429266456,0.4740573951651412,0.7090283128720579,-0.019297861188162364,0.4778353279854026,0.7280471307744055,-0.02268012837886908,0.4814423197462248,0.7358173819392676,-0.023954504400112875,0.4622244195194469,0.701428273787204,-0.011151600540900768,0.4626819736182348,0.7183962603291161,-0.01976509527847319,0.46674415591499924,0.7348695056202378,-0.019869065727857484,0.46997258394797053,0.7408036244028672,-0.01848906781085946,0.452767660187831,0.7141362666107609,-0.01264986102654635,0.45148396877020225,0.7251285442633756,-0.018607955649528024,0.4552370183212499,0.7376155787128787,-0.01781738896189207,0.45835922666092777,0.7424879065319644,-0.0158825684405697
0.47639698676695647,0.7566488267039603,-5.797982098444219e-09,0.48672934935359985,0.7505494520749766,-0.008838654628518603,0.4959270112579836,0.7389519776622142,-0.015134888634107481,0.49848341623323444,0.7351580289420525,-0.020933866405176086,0.4978518538979316,0.7357084631080276,-0.026565500076233126,0.4859240239879151,0.6922796440997409,-0.010988836678204073,0.4850698019422951,0.6897684103235657,-0.02009879091003904,0.4857536069209642,0.693281737046438,-0.026396533447518314,0.4874117906384585,0.6945803676114374,-0.030112630752234266,0.47352048726920404,0.6931230336515707,-0.01072124680915137,0.47334261338098677,0.7107842193541061,-0.019757748690252777,0.4769279106787946,0.7298797178539119,-0.02316874362746545,0.48050691145463886,0.7377239203244407,-0.024419384541196923,0.4620817173791758,0.7023367050517741,-0.011456814385830865,0.46208788901536346,0.7205497842175203,-0.020163354758254395,0.46628273187481206,0.7372850565723146,-0.020169071075287193,0.4697021526971763,0.7433244935514142,-0.018680024172067395,0.4525325847783466,0.7150325657879397,-0.013026524136726116,0.45102045796165213,0.7269892469317313,-0.018940840551874786,0.45482701580874135,0.7396256734162273,-0.018073201361731978,0.45813530721658685,0.7444594908158725,-0.016062358967865096
0.47537171723390353,0.7577057174785101,-6.639560226657999e-09,0.48599253091469374,0.7517310720079681,-0.008977388073255899,0.4952621597872797,0.7402169298167862,-0.015301442019458033,0.4977251626785679,0.7366573736497602,-0.02114052441136387,0.4969361042452971,0.7373335956639502,-0.02683997129656038,0.4851223710559037,0.6936305734109304,-0.011095492523937989,0.483697174178515,0.6919303745373385,-0.020443415830121697,0.4837339722064901,0.6962986360989332,-0.026930050875346518,0.48489796171694455,0.6983382732606123,-0.03071937928253489,0.47250674548654265,0.6946140957628351,-0.010832952259430132,0.4715562572128229,0.7120423538399857,-0.02004021138538619,0.47477385491516627,0.7309226727335493,-0.023596779087975153,0.478168359438337,0.7388158126853046,-0.024911406498616454,0.4609540460923794,0.7038777656160166,-0.01159886882228505,0.46034112533886157,0.7222694532406214,-0.02044333721445825,0.4646883022777736,0.7391661627106385,-0.020487275494688536,0.46838591122887263,0.745321271405637,-0.018967567785101405,0.45140129247625516,0.7166597054574635,-0.013218132323078561,0.44964503039976517,0.7287908953971359,-0.019192520404882337,0.45359263551732626,0.7415699645824863,-0.01830332487832862,0.4572135536208903,0.7464600556202606,-0.01625342401189743
0.47444397638518304,0.7586620716005975,-7.401083301091676e-09,0.4853258022722965,0.7528002904370326,-0.009102924509887584,0.4946605522608498,0.7413615534963556,-0.015452152027022858,0.4970390379341244,0.7380140933091374,-0.02132752409083805,0.49610746520691584,0.7388041376122957,-0.02708833346347031,0.48439697529649894,0.6948529956768026,-0.011192002740668554,0.48245511752366177,0.6938866820739689,-0.02075525833157171,0.4819064550866433,0.6990285528644608,-0.027412817499481594,0.4826232605754418,0.7017387084281294,-0.03126841090623373,0.4715894358118572,0.6959633207071092,-0.010934031737467223,0.4699398280357707,0.7131808083810651,-0.020295804838684893,0.4728247035379775,0.7318664166116403,-0.02398409770870241,0.4760522620001145,0.739803838870539,-0.025356624905727692,0.4599336444487501,0.7052722329143305,-0.011727410341555685,0.45876052242079135,0.7238255388820816,-0.02069668636136204,0.463245542671744,0.7408683287743324,-0.02077521074352302,0.4671948771275383,0.7471281059222804,-0.019227758834381863,0.4503776142661282,0.7181320635928855,-0.013391513795654937,0.4484004402773815,0.730421162192847,-0.019420259231510494,0.45247567555481644,0.7433293052032629,-0.01851155791336497,0.45637948176406223,0.7482703168537305,-0.016426314008524515
0.4736548354104969,0.7603937206548806,-9.074740583426806e-09,0.4847841448233298,0.7541686492305568,-0.009259384535806787,0.4940839421297353,0.7420748824729179,-0.015600277483985188,0.49559237302396325,0.7389970314461652,-0.021415076484889384,0.49395112431374716,0.7409019584579053,-0.02705690753062698,0.4831361189144219,0.6959852166010602,-0.011226569434945672,0.4800551721161702,0.6961266631716341,-0.02086614228304837,0.47920093977421696,0.7026296284997552,-0.02742946174895139,0.47979625942235593,0.7056285691911561,-0.031179105526695793,0.47010505748788106,0.6973966343969386,-0.010920292876009728,0.46766217764419665,0.7151330499356265,-0.020355175422751233,0.47098936002821656,0.7342682774678242,-0.023880925356673972,0.4745779120116617,0.7417583011322568,-0.02508362916863933,0.45836872384277677,0.7068352700462075,-0.011699149854568205,0.45648832433466446,0.7254942637218004,-0.020777000865739487,0.4614204114846787,0.7429403891622928,-0.020674555656888857,0.46571513371107853,0.7487165213426219,-0.018951591135120214,0.44883976216920035,0.7198328780930487,-0.013358901982263683,0.4464275517702844,0.7318888884152883,-0.01938927360194158,0.45082599838544696,0.7451894856883171,-0.018305087912109712,0.4550454954082672,0.7500274107401461,-0.0160655875145123
0.4723580217445117,0.7625129674481935,-1.4973996068224028e-08,0.483747231256508,0.7561880173772049,-0.009656220166519812,0.49311500649502304,0.7434482902221794,-0.0161244836787338,0.49343311107756765,0.7400686468146963,-0.021959645115096012,0.4906552630847943,0.7421836126882886,-0.02749634777418056,0.48132824973297467,0.6972798315140005,-0.011534475835144595,0.4772967843928988,0.6985726276038934,-0.021404949210322946,0.4767545015356536,0.7067619100606319,-0.02785101960721991,0.47773695367395874,0.7100126965054265,-0.03143168326333365,0.46808172086962324,0.6988273285230826,-0.011081587063305398,0.4648550796090997,0.7170862203410566,-0.02078551833741032,0.46870900099014967,0.7369621458011418,-0.024119937470748056,0.4727356968409879,0.7438733831585963,-0.02507168486593317,0.45633219058824886,0.7082647223024441,-0.011772908752135254,0.4536741312892248,0.7269577808459917,-0.02115121706923261,0.4589539827190993,0.7450847042979506,-0.02076600339785434,0.46357236488497305,0.7504033706049875,-0.018747757802020308,0.4468325107536335,0.721226855692667,-0.013366804938472721,0.4438282545616281,0.7330455966057869,-0.01956327535194314,0.4484328486987553,0.7469182061547486,-0.01830315178001031,0.45294167205320546,0.7516935871710125,-0.0158463704301468
0.47085046927503094,0.7644788207665987,-1.677814696292238e-08,0.4823783771092234,0.7581628124112084,-0.010251451527169254,0.4913609816672166,0.7450618235990438,-0.01694913186956439,0.49014616472537165,0.7416091861062034,-0.022867652972085078,0.48614164829655415,0.7433329227374805,-0.028399498556677765,0.4788790766885283,0.6985330787370971,-0.012089858903751598,0.4739387270994262,0.7003680718545143,-0.022279885518349734,0.4730414554214556,0.709404206616063,-0.028812869493129164,0.47374109748944043,0.7131343528429712,-0.03237966280453823,0.4653539317008065,0.7002708645786457,-0.011394522001059972,0.46142875499474506,0.7187035646793097,-0.02140664859829563,0.4657952167623655,0.7389543394522032,-0.024680328597219036,0.47031493909307615,0.7456710184752923,-0.025490986432548206,0.4535468515396538,0.7098251022936168,-0.011916441191619661,0.45026877213192873,0.7284365684340266,-0.021616868567625156,0.4558829983098651,0.7469371867217369,-0.02101451044548444,0.46085525176998793,0.7519922632992017,-0.018753275872813804,0.44410734724122286,0.7228668323286783,-0.013389971786042546,0.4405951290035372,0.7343414248724222,-0.019852867058198467,0.4453395438602393,0.7486134679554107,-0.018490504911796046,0.4500936068261919,0.7534558182840018,-0.0158657612060509
0.4687352950301453,0.7664587153012321,-1.8835665138141495e-08,0.4802061258123756,0.7599179414847044,-0.01094726696933757,0.4887238415959988,0.7465603909528584,-0.0179805896159949,0.4860447493357078,0.7432422695205624,-0.024064921993950952,0.4808432836455475,0.7447726204645803,-0.02961870348896382,0.4757639232608384,0.6998748612521736,-0.012748625098027542,0.4694645289983331,0.7026741996912431,-0.023325277619730547,0.4686481933766017,0.712970176667843,-0.02985116235275452,0.46958610085233066,0.7167896322987124,-0.033324547891265176,0.4621677616824769,0.7017284420179214,-0.011752901675422511,0.45732046025164674,0.7207188470143908,-0.022190913779960724,0.4622897298403522,0.7413616342574613,-0.025328583361627844,0.4674137495533204,0.7472818178778492,-0.025936002565068648,0.4504435267047869,0.7112372326962717,-0.012069029611823111,0.44626635653917024,0.729770184577712,-0.02214252470451413,0.45212997505639946,0.7487473859745527,-0.021201007318085066,0.45743133955439563,0.7533272346548815,-0.018624927465716663,0.44111763051728475,0.7241840776126356,-0.013396591226166625,0.43697405755052815,0.7355784485236927,-0.020104178633922037,0.4417782552846725,0.7503029534257939,-0.018609939803329915,0.4467544987828601,0.75515390975063,-0.015797594333886007
0.4668213265702627,0.7682502725227448,-2.069746205748588e-08,0.47824050975064514,0.7615061140420323,-0.01157689302186236,0.4863375592682862,0.7479164072040708,-0.018913930024778272,0.4823334807649625,0.7447200060025558,-0.02514830089353174,0.4760489255185497,0.7460753670577257,-0.03072193164719767,0.47294509855988986,0.7010890068101993,-0.013344726209474864,0.465415938642496,0.7047609572974445,-0.024271226879036836,0.46467284004096926,0.7161969340966912,-0.030790687685123407,0.465826347946122,0.7200972035814385,-0.034179550857844236,0.45928467583853205,0.703047367517017,-0.012077190511224783,0.45360296672542566,0.7225424257745947,-0.022900575797414176,0.4591177020882711,0.7435399353322043,-0.02591517294215396,0.4647885354421613,0.7487393901129245,-0.026338686572706577,0.447635405402692,0.712515034304559,-0.0122071030704608,0.44264467041737443,0.7309769405897881,-0.022618177842397176,0.44873395784708076,0.7503853901646897,-0.021369763690231438,0.4543331267211523,0.7545352169645168,-0.018508788190829933,0.4384123103634312,0.7253760200417378,-0.0134025809925654,0.4336974402369434,0.736697800396658,-0.020331584215614117,0.4385557340069781,0.7518317267226332,-0.018718013460125832,0.443733023131608,0.7566904703989931,-0.01573591183011691
0.46501299980143845,0.7692676273870726,-2.0390188459563754e-08,0.4760817153325946,0.7623296166177718,-0.012163669094590428,0.4832636028254226,0.7487423446958354,-0.01976487291917861,0.47815003677203,0.7461015794734246,-0.026100336747032927,0.4710605437493843,0.7476631249260679,-0.031669772098530176,0.4694414338755956,0.7021658107914366,-0.013925463991318407,0.46072125656192153,0.706993363061442,-0.02506604837110731,0.45970412735590305,0.7192439674055183,-0.0315453194454439,0.4606745480762603,0.7231812007921431,-0.034859677808980825,0.4559300660396307,0.7044078425277996,-0.012356022312352721,0.4494187518536811,0.7245237432073451,-0.023399729983072683,0.45529201172369627,0.745721372831799,-0.02626084053214287,0.4612500458642473,0.7501974896235613,-0.02652091290522683,0.44448812821876466,0.7139593891120146,-0.01225390142302047,0.43873003432423074,0.7325226651016679,-0.022866844075082254,0.4449621218854699,0.7520635646544328,-0.021380916265902307,0.45067228183102753,0.7555441545952885,-0.01831771990362659,0.435448206582757,0.7267309860404696,-0.013265731642143615,0.43016663913907655,0.7380851757284023,-0.02027469891784614,0.4350350018124479,0.7533256213693129,-0.018561112983079157,0.4402515322379637,0.757859751575194,-0.015481664727226894
0.46254786019703437,0.7697869655430011,-1.8789491251852814e-08,0.4733117669516004,0.7626919074335253,-0.012840454448231904,0.47941355466983626,0.7495194081473215,-0.020667833221197515,0.47351919356782746,0.7475132716314216,-0.026976138423535335,0.4658389944379765,0.748985378098726,-0.032485861032764574,0.46577546719196816,0.7033803036001985,-0.015045039816573763,0.4563724954058359,0.708427865142231,-0.026457426947625543,0.45430534332916767,0.7203508178461067,-0.03319190457498238,0.4541827716302684,0.7244590050503001,-0.036671469170490564,0.4524125009229297,0.7061924138558467,-0.013042536333511226,0.44544491517879087,0.7270318499119829,-0.024298875863725772,0.45089406493907674,0.7469489399901751,-0.02731663174722663,0.4564501509926035,0.7508005880045856,-0.02770677677324271,0.4411207377880871,0.7160647379351875,-0.012529777893192937,0.43506498777220953,0.7349252572447799,-0.023203626437833472,0.4410176855238488,0.7530468995959875,-0.021834472864217615,0.4464263855805399,0.7556317799847978,-0.018870059052659434,0.4322282769785305,0.7287070850206987,-0.013184229415598676,0.4267223804360829,0.7403478665674321,-0.0203131892838976,0.4313513147044598,0.754555608887817,-0.01877118289591362,0.43625084254426316,0.7584117051708623,-0.01581843733985702
0.4600971287943502,0.7700282521569222,-2.0598689312621324e-08,0.4702923153115184,0.763073604961829,-0.013326990038363204,0.47517163276911467,0.7503518325962873,-0.021231926315662234,0.46845068132062534,0.7486367902749936,-0.02740699385266561,0.4602390428697227,0.7499383020375416,-0.03273830286569643,0.4618373159576141,0.7044736376773176,-0.015669761762961792,0.4516873404399004,0.7096455056543669,-0.02714359015035811,0.4487062312212835,0.721407121985655,-0.03393975594728145,0.4477433193733378,0.7257733007134556,-0.03747505925152087,0.44875191545209714,0.7075975612174019,-0.013324802209538559,0.4410120326228628,0.7285966118550266,-0.02463535024309864,0.4462249830332954,0.7482041242654086,-0.027677087206198648,0.4516786190117396,0.7520877451666054,-0.028092314481412087,0.437691732333983,0.717600269378875,-0.01249707189586303,0.4310427342320063,0.7365102130591596,-0.023210491946993164,0.43692384854687216,0.7541347553770464,-0.02193592798991413,0.44229315746417924,0.7565000121379967,-0.01903752912604198,0.4290537940969008,0.7300548105924229,-0.01286325652268602,0.42308560679314144,0.74199832495614,-0.02013307921237992,0.4276296337634618,0.755798757539667,-0.018757442618770877,0.43245745489801635,0.7594731477715474,-0.01591488728025647
0.4573765615077954,0.7704713747477964,-1.98018093503586e-08,0.4670330330701863,0.7630457902283461,-0.013312132843860718,0.4707079113453543,0.7506595443393955,-0.021157126037596563,0.4631867792316369,0.7492355409302917,-0.027178593116638016,0.45460681601894043,0.7504536727835991,-0.03231655406305055,0.45770366255607287,0.7057880344076629,-0.01574314032866796,0.44720923193263834,0.7112335620627616,-0.02686424685752066,0.44394275850135345,0.7226235106117527,-0.03336622210102824,0.4426299946565367,0.7270155195107236,-0.03675763172880223,0.44500093742570046,0.7093400869332566,-0.013220943570097711,0.43697457609652124,0.7299483428174159,-0.024179308468111737,0.4422591071598405,0.7484109775978104,-0.027006107609732315,0.4476810947987356,0.7519081200130494,-0.027353816194697518,0.4342788246260806,0.7195404269763759,-0.012179426674676398,0.4272983772646336,0.737889305781605,-0.02250896779481359,0.4332336405602931,0.7541411017721042,-0.02113607130573055,0.4385782568043714,0.7560278176531543,-0.01827671174865728,0.42591251682447534,0.7320405170691715,-0.01232264349749129,0.41967588059003574,0.7435360370888702,-0.019426532405067375,0.4241660316006643,0.756227242209814,-0.01811579896975422,0.4288809573549858,0.759374729606943,-0.015379547863570268
0.45491478797209506,0.7708723453367895,-1.908073253232757e-08,0.4640837897977472,0.7630206213692154,-0.013298688938826013,0.4666688010737361,0.7509379850269505,-0.02108944113014541,0.45842360541813443,0.7497773354762235,-0.02697191898280351,0.44951035430787023,0.7509200189276509,-0.031934924082348354,0.4539632226118146,0.7069773992515932,-0.015809538764036873,0.443157103147714,0.7126705547292197,-0.026611476073617916,0.43963241075222487,0.7237241903647045,-0.03284724561714846,0.4380030745544414,0.7281395723418288,-0.03610844944320313,0.44160677089138534,0.7109168550263554,-0.013126964475629844,0.4333211823072153,0.7311714904774802,-0.023766647631386664,0.4386704849194007,0.7485981540231077,-0.026398954895024983,0.4440638347645767,0.7517455816882097,-0.0266855674998835,0.4311905694975917,0.7212960272338002,-0.011891997430370085,0.4239102019616195,0.739137212416435,-0.021874176072871926,0.42989446332049974,0.7541468444668274,-0.020412300926219124,0.4352167357799634,0.7556005406318385,-0.017588267064931624,0.4230700533074833,0.7338373333722591,-0.011833456244135529,0.4165905043259481,0.7449274744749581,-0.018787195807670357,0.4210319043233467,0.7566149673091469,-0.017535191622784427,0.42564467386167093,0.7592856734625673,-0.014895132567125147
0.4534850371317432,0.770442432683349,-2.8815466299950252e-08,0.46129962864392937,0.7627101906394802,-0.013366315409213656,0.4621773927061581,0.751176932344629,-0.020803241970230577,0.4531826488991463,0.7501721960063867,-0.026290659758121847,0.4439483463189205,0.7508160651960001,-0.03081103907731387,0.45004679883174226,0.7073380690853338,-0.015046690039639673,0.43822847750202515,0.7123463968830221,-0.02538336877708758,0.4339420330739427,0.7228197409257758,-0.03140239327851584,0.4318050249601609,0.7273404704434923,-0.034534480578102975,0.43827799043208987,0.7115854048344729,-0.012145305366183929,0.4287957557682696,0.7311172748530377,-0.022615097479851617,0.43392060225809864,0.7486639591462605,-0.025422106866376387,0.4396038937177212,0.7525886882366699,-0.025704567524376942,0.4284190786247041,0.7218908877066261,-0.010712524269702277,0.42028164980079097,0.7393709780868887,-0.0207127416126008,0.42630519641647086,0.754260392432239,-0.019776760062265607,0.4319640480377121,0.7560669485004743,-0.017145625443339932,0.4207906613221086,0.7340304471734568,-0.01042288648239854,0.4135589864564287,0.7451577107696161,-0.017530640247693418,0.41777193917470556,0.756751726488386,-0.016703185322262643,0.42246834844559056,0.7596367826473506,-0.014275338522905221
0.45194865407639107,0.7696219597024097,-2.98085510657837e-08,0.4584459176662085,0.7619460111047196,-0.013384817412742564,0.45783739203256096,0.7507562854093631,-0.02048572430324627,0.44828926303911065,0.7496252788610719,-0.025583537212160532,0.4388278156441149,0.7500900514391546,-0.02969112656668971,0.44638648208507387,0.7075164688533425,-0.014477853079081695,0.43373468183793135,0.7119316425528428,-0.02433286521881638,0.4287093468068375,0.7216060056250612,-0.03017772058895,0.42600796122264745,0.7259342240140354,-0.03324434451129705,0.435179017127203,0.7121806974064978,-0.011365847739571893,0.42463723363074535,0.73045795518831,-0.02152147643810961,0.4288976283884905,0.7477187551942018,-0.0244800188415842,0.4342455300978491,0.7523350289275967,-0.024847336818770008,0.42586237669181826,0.722460131047186,-0.00971860261668062,0.4167919361865284,0.7388789418553596,-0.019499493841183824,0.4222483305492494,0.7535458079091436,-0.01899271845721064,0.42776529451399753,0.7558451509877684,-0.016616127778740292,0.4187230983159351,0.7342048735257014,-0.009199473428602225,0.4108673580826545,0.7448518551258161,-0.016314329924251476,0.4145843622664084,0.7562238193177145,-0.015873872569216622,0.4191094038875192,0.7593023648540349,-0.013710924817151951
0.4501934827206231,0.7685070112220351,-2.8932503700452555e-08,0.4557151118434252,0.7607627691032677,-0.013372379074463819,0.4538086377109036,0.7498720757809063,-0.020130531298934273,0.44377995755689936,0.7486302067288675,-0.024837032963335386,0.4341476438400419,0.7488769064311316,-0.028532338908859284,0.4430047293036577,0.7074652719180726,-0.013954238255931934,0.4297384606208811,0.7108755810213905,-0.02330271191391401,0.4240327710565458,0.7196314230563701,-0.028914329505566116,0.4207365759185294,0.723680839174055,-0.031889390210364646,0.432236641255816,0.7125323699397477,-0.010650090564912477,0.42080885725403333,0.7291886041312657,-0.02046154574660077,0.42418382789674475,0.7461756553499928,-0.023497680226912197,0.4292204448498428,0.7515708512586554,-0.023916122099576553,0.4233536155860941,0.7228571667684578,-0.008802262373162676,0.4134456405490174,0.7377650493966429,-0.01833071206034113,0.4181147052670429,0.7522308772409619,-0.018230284195376787,0.4233498288008176,0.7552159615620369,-0.0161191315719594,0.41664025752176154,0.73430859418152,-0.008064441580792215,0.408284038902406,0.7441441598707759,-0.015171681115347627,0.41138123947039673,0.7552261836110773,-0.015124919728594971,0.41564912845730867,0.7586591967535402,-0.013251321775660565
0.4484339846113087,0.7673459083375325,-2.7470825364979286e-08,0.4533300915699165,0.7593481475483299,-0.013582212235071533,0.4503209424744354,0.7485499840307059,-0.020155261274218367,0.4397681511778252,0.7471608742756078,-0.02458088738678003,0.4299040009212022,0.7471226228308168,-0.02799595060504315,0.43999542515671397,0.7070025485725223,-0.01386379821879994,0.4263107502971837,0.7091337113254369,-0.02288461758735963,0.4199522530911204,0.7168985724454735,-0.02837822706328184,0.4161041084846899,0.7207506088537686,-0.031327067099484816,0.4295882823485825,0.7124285175788885,-0.010306599925173649,0.417375626640177,0.7273692069815779,-0.019909264941357686,0.41981664149425285,0.7441824850740316,-0.023080805313070205,0.4244389914825121,0.750599783793829,-0.023589963383842585,0.4210968272546243,0.7227740018610238,-0.008201161309608063,0.4104886224959661,0.735979672280326,-0.017589259389322175,0.4143841336914204,0.7503164913764777,-0.017889661771275128,0.41922159799618325,0.7541179577804612,-0.01603993629447256,0.4148091527439908,0.7339617224173894,-0.007196419607587475,0.4060210876476609,0.7428326622052945,-0.01434413374551526,0.40859052716219174,0.7535940963154596,-0.014647642277761667,0.4125681134154969,0.7573950318220554,-0.01303374300764677
0.4479012571979775,0.7575720147749394,-1.6644481303915677e-08,0.45367407588271885,0.7482198379139909,-0.012954461166158341,0.45140838872767947,0.7353633132628511,-0.019223732031636943,0.4418922396819385,0.7311850635009465,-0.02346739739125057,0.43307865987042915,0.7286313085064717,-0.026763069333611254,0.441564133896812,0.6931780682204012,-0.013080063800706254,0.4294502062882148,0.6908698852008337,-0.02157556120775433,0.423650368061857,0.6954565236494423,-0.026846795824962466,0.41996465525243265,0.6971319076789569,-0.029728357610696178,0.43088497758674105,0.6980031502145675,-0.009737607308975242,0.41954861350414147,0.7074570604578098,-0.018878247300298842,0.42132681325382393,0.7216910161623766,-0.022102346414938485,0.425176240455405,0.7277273301764936,-0.022720044879942537,0.4220183997872105,0.7080451173594378,-0.007762139982370608,0.41203417826143884,0.7163371933237223,-0.016549124569063944,0.41526051614503495,0.728124015184593,-0.01701587970444087,0.4194496448194179,0.731307304998465,-0.015436267795457566,0.41532684602095454,0.7193715358055585,-0.006836929605175903,0.4068319156021452,0.7244421902040202,-0.013522586597787456,0.4087692928664974,0.7324459164669396,-0.013912506619967627,0.4120782246537993,0.7346471720254577,-0.012489119115834859
0.44741920543827207,0.7487278620748556,-6.847992376908226e-09,0.4539853387146061,0.7381501078653043,-0.01238642486869367,0.45239239174093443,0.7234310235228655,-0.018380814435571186,0.4438142744328354,0.7167289504796722,-0.022459828044663014,0.4359513296348216,0.7118989790143991,-0.02564746579692568,0.4429836193404106,0.680668640483086,-0.012370882057980898,0.43229102177306294,0.6743434041112528,-0.020391028714116598,0.426996700134557,0.6760541480720643,-0.025461041863694477,0.4234579678101227,0.6757599336104911,-0.02828172523728526,0.43205832479154765,0.6849499947952022,-0.009222740070995638,0.421514895162224,0.6894390553184201,-0.017945305131897998,0.42269333004260073,0.7013390464759899,-0.021216963343144848,0.42584335867727713,0.7070306169248269,-0.02193287730584842,0.42285230780454247,0.694717316846807,-0.00736488052463088,0.4134327131553168,0.698563203645212,-0.015607932492423662,0.41605353278613133,0.708042596558838,-0.016225216088535197,0.4196559987063862,0.710666513782498,-0.014890023215308634,0.41579529376534136,0.7061692395567422,-0.006511636061193627,0.4075656136107261,0.7078011104169047,-0.012779189058383992,0.4089310534971296,0.7133094555763705,-0.013247300684260452,0.4116349365223334,0.7140632006170529,-0.011996302529235916
0.4468982921952437,0.7409378846245831,2.669560586156627e-09,0.4541590862359652,0.7295575027001571,-0.012411403341282256,0.45330418686361956,0.7129393137842299,-0.018294096769632576,0.4455570874961606,0.7037201517454178,-0.02226591642072053,0.43850199005696366,0.6966443406574034,-0.025378615099166446,0.4442340059898604,0.6697868977135408,-0.0120873373373263,0.43483179263976607,0.6597217178956108,-0.019769950391424124,0.43003032298331534,0.6586483515194456,-0.02477958135391706,0.4266736596753341,0.6564156173691289,-0.027642252216773706,0.43309317366497,0.6735956884400885,-0.008874190821948279,0.4234381268859166,0.6735615174356163,-0.017499003358464858,0.4241096463161149,0.6833331365784382,-0.021133361661056883,0.4266073248856288,0.68892359192166,-0.022113926753918305,0.4236269391078742,0.6829201556082818,-0.0069113407784428035,0.4148944161375788,0.6826492775190824,-0.014888194895716102,0.4169871024634872,0.6902096641027715,-0.01597024550388339,0.4200602512526949,0.6928203703417213,-0.015036300219558756,0.41631273359312226,0.6942602829928479,-0.005947837923994081,0.40843172384011295,0.692745024856027,-0.011997809035980866,0.4092627639326476,0.6959377501211257,-0.012782215625711751,0.41140084818126565,0.6956026117930264,-0.011860590168579252
0.4464581123283783,0.7336099130231374,8.007534845208114e-09,0.45440981665228525,0.7215035254371718,-0.01222200661920966,0.454167899167334,0.7034049570150733,-0.017979721650409803,0.4471370724489905,0.6920673372973983,-0.021847279794615093,0.4407960910276049,0.6830894231368304,-0.024874624101560328,0.4453780085069572,0.6598797481603029,-0.011931855419493237,0.43708896957479465,0.6465252552771212,-0.019330569164538035,0.43277823598831916,0.6429813438530017,-0.024166749570627612,0.4296778513846099,0.6389787207568746,-0.026969659695547838,0.43403359406523706,0.6630501498194413,-0.008719613720676337,0.4250869787412374,0.6587676984439104,-0.017219690205831084,0.4255318459818288,0.6684237280629605,-0.020814962918501607,0.427714921829636,0.6750801036174069,-0.02172407398889694,0.42432571777201494,0.671941417196553,-0.006691538241702089,0.41607510926746316,0.6679183528062583,-0.014407373265188731,0.41794655971101924,0.67529932579607,-0.015476796415014989,0.4207994794167557,0.6788350266012657,-0.014566921849420211,0.4167373363905013,0.6831920807546122,-0.005640221287480847,0.4091525833623068,0.6788963542421764,-0.011439545134868266,0.4096403824375699,0.6803785650274806,-0.01228852676407876,0.41136816472599436,0.679171912241977,-0.01148077862556558
0.44611449910371753,0.7267124160531298,1.2536440719187494e-08,0.4547437920213815,0.7140256898832659,-0.01211159542834966,0.4551568553787218,0.6945364205576154,-0.017674364461409214,0.4487060620797315,0.6811709979783834,-0.021359600744484866,0.4428284806226634,0.6704482463726312,-0.024218024742790376,0.4465241333913411,0.65084205532701,-0.011626892634763478,0.43925738927378105,0.6345047097052986,-0.018677285153623848,0.43538650630556874,0.6287505088108252,-0.023311767192750243,0.43249698663293373,0.6231230625852647,-0.026038807597813865,0.43499580590473397,0.6535277580992244,-0.008376819478445091,0.426528000066923,0.645747471740389,-0.016790138261998357,0.4270685827494463,0.6552877943012173,-0.02045150913030644,0.42926558420847466,0.6628835768897441,-0.02135683337350924,0.425091097422449,0.6620625669645585,-0.006260958151828214,0.41720858503024705,0.6548478880402547,-0.01379336485912362,0.41919946184791584,0.662131899279307,-0.014969271824545577,0.42213309778334307,0.6665140563167443,-0.014136556572112406,0.4172886064358838,0.6731880007866109,-0.005106560428763356,0.4099316413512902,0.6664591461273623,-0.010684152726750122,0.41015246295648256,0.6666035222514731,-0.01164039136082093,0.4115618817789145,0.6647898472301483,-0.010967353846838649
0.44580357206024135,0.7204710429441996,1.663453477528377e-08,0.4550459980095517,0.7072591828529484,-0.01201168709340511,0.4560517372076671,0.6865115029386836,-0.01739805435118605,0.45012580169427263,0.6713111720868757,-0.0209183121259459,0.44466753931607417,0.6590095605617671,-0.02362388434679061,0.44756123323552727,0.6426640723192955,-0.011350939411135654,0.44121953821809773,0.6236276175930625,-0.018086144733273756,0.4377466651124068,0.6158733808416393,-0.022538114946856327,0.43504795186073086,0.608775672660052,-0.02519650273324478,0.4358664874180777,0.6449111831483847,-0.008066633511758715,0.427831944351442,0.6339657930861046,-0.016401447413305854,0.4284591375519519,0.643401415213596,-0.020122628855353947,0.4306687399495206,0.6518472438153857,-0.021024526493005426,0.4257836703933562,0.6531234415900604,-0.005871336959406504,0.4182342389995384,0.6430207502152615,-0.013237763954775914,0.42033318176680096,0.6502170231825298,-0.014510025471143695,0.42333985580686767,0.6553651173691636,-0.01374712975822818,0.41778743696121345,0.6641355581449724,-0.004623664017591145,0.4106365915098595,0.6552050264640258,-0.010000616962512839,0.41061583185599,0.6541388293447012,-0.01105390978722562,0.4117371715122909,0.6517758750303734,-0.010502768560126866
0.4456423413224401,0.7149117848462222,1.969378351310113e-08,0.45525701704406973,0.7014441404414448,-0.012184465139508627,0.4568633673701735,0.6792518373846332,-0.017545981299119325,0.4514530468619583,0.662411322894991,-0.021111001415364573,0.4465410097741898,0.6486227029079297,-0.023879416889359698,0.44855144794288604,0.6352420825135695,-0.011008334893392565,0.4430880382217145,0.6139874415553502,-0.017681925361247255,0.43997821446872265,0.6045391304245082,-0.022207166409089964,0.43745727426528325,0.5961896148168773,-0.02500853775149189,0.43673068194649617,0.6372046542287797,-0.007804457194813624,0.4293011173419653,0.6235226033816819,-0.01648405039955062,0.43011693319797867,0.6331998110643364,-0.02068349549433618,0.4323647536022264,0.642504590772593,-0.021853902934842382,0.42648041670554077,0.6451011575959759,-0.005708773404198845,0.4193583498896802,0.6323654105029692,-0.013319839220463299,0.42157990444254634,0.6394007413073514,-0.015076152613306713,0.42461275567241974,0.6453825488133269,-0.014619025857363625,0.41828466297950906,0.6560747378664692,-0.0045752619239363,0.41140581777137436,0.6452344943965646,-0.010093996133091516,0.41125821587609485,0.6431529612057076,-0.011519695691930197,0.4121578064849228,0.6405399126748786,-0.011296057548048319
0.44557346172360474,0.7098776483047091,2.171488647955497e-08,0.45557187829378903,0.6963979530037224,-0.012361317264056329,0.4577233367537607,0.6730793952476516,-0.017765766682881712,0.45277563150222233,0.6547421039617614,-0.021441494783556947,0.44835012634063404,0.6395584119518899,-0.024335993711069693,0.4496758742887697,0.6287004636097724,-0.010828237962309318,0.4449865221300784,0.6053735622467132,-0.01748558702046833,0.4422121497954069,0.5943279892197396,-0.022050929711792386,0.43981875006588456,0.5848401027320445,-0.024940503628721092,0.43771326214154976,0.6302913090754757,-0.007708921934273996,0.43083533452641104,0.6141717834939365,-0.016720111515270454,0.4318674332251574,0.6244034800414178,-0.021226641612500763,0.43412577031503075,0.6347319505154765,-0.02252450639643539,0.4272896254376591,0.6377682275086131,-0.005716323543992168,0.42055313336524347,0.6226114861013619,-0.01357302622005147,0.4229366000481232,0.6298186299971718,-0.015608609273042426,0.42596279312845964,0.6368766156755877,-0.015288163662828314,0.41887400726756563,0.6485181073329783,-0.004705012722246273,0.41211774145901,0.6356672884505657,-0.010366646494658278,0.41208095665189276,0.6330935315559069,-0.011991116950049344,0.4129767675667573,0.6309352628595457,-0.011922439093373573
0.4457011265408645,0.7052506652059228,2.4612061776693252e-08,0.45599995020813533,0.6918002988687423,-0.012484342799864778,0.4587178163177151,0.6676048277442487,-0.017928719530864775,0.45421320832540424,0.6480801186156165,-0.021716084078323022,0.4502096627224273,0.631771969366214,-0.024757878474965425,0.45086072324072385,0.6228145169991706,-0.010722251737441095,0.44688525962639664,0.5975650899235093,-0.017398472029884236,0.4444424353277949,0.5851207952164041,-0.02205410400790943,0.4422402785356387,0.5746648878748968,-0.02504870280717832,0.4387872723282133,0.6241070018996372,-0.007699226790525423,0.43244064419744954,0.6058360419496183,-0.01708195015756512,0.43376420207020056,0.6165323495607605,-0.02197937008691579,0.43612491118920343,0.6279267305887444,-0.02346182445327248,0.4281982682871577,0.6311677910082394,-0.005801136359296453,0.4218381267845446,0.6139366529078889,-0.013871942855685182,0.4245120990085587,0.6212730542997617,-0.016257681604526484,0.4276750208798748,0.6295093312672075,-0.01613221188465908,0.4195178445214525,0.6416681898103369,-0.004897306951182525,0.4127789843073387,0.627034520059015,-0.010654883633315395,0.4130911110142882,0.6241430707408916,-0.012490543488882446,0.41432155462687836,0.6227279923733006,-0.012587307118583167
0.44583494681322844,0.7013058426478026,2.5651986700187288e-08,0.45633910493902785,0.6881273513774628,-0.012649332086474101,0.4596962070185744,0.6630259890266567,-0.018154594014924322,0.45569139267149367,0.6423583001681973,-0.022055028717924252,0.4521177058762014,0.6250950490250023,-0.025233947044783434,0.452225815259569,0.6178049863827659,-0.010782413214875991,0.4488634660964674,0.5906467866381087,-0.017525798463396972,0.4467338650249552,0.5769807027984684,-0.02225794426028586,0.44472073694275327,0.5657114559007844,-0.02533571038428218,0.44000924161782745,0.6187792131541165,-0.007826659027210019,0.4343598324324463,0.598606708221998,-0.017634433327152487,0.43590789449859424,0.6099852775355294,-0.022871279049867837,0.43822421051693733,0.6224168283935354,-0.024489904150553993,0.42923193783394753,0.6253712761818817,-0.005997701183282931,0.42332593993732714,0.606062762437586,-0.014353707745682322,0.4262388961508387,0.6137690026846764,-0.01703585654877521,0.42944039013184,0.6232385946591803,-0.01705071548120168,0.4202631568990785,0.6355414411434717,-0.005171918829794273,0.4137119660578266,0.6193197620806621,-0.011089417657646752,0.41436365597389824,0.6163024155811343,-0.013121643132237504,0.4158264009977144,0.6156259708542735,-0.013358152723282217
0.4459560374426254,0.697736271027719,2.659298884647669e-08,0.4566459976026076,0.6848037927297005,-0.012798626780068415,0.4605815283803559,0.6588827119848002,-0.018358982206312123,0.45702896484700034,0.6371807692541296,-0.022361731275130418,0.45384424657385264,0.619053270210265,-0.025664729629043943,0.45346105300663625,0.6132719869753657,-0.010836851836464143,0.45065349583042713,0.5843865864129139,-0.017641012979856773,0.4488073226509676,0.5696149360366377,-0.02244239422456013,0.44696524193743503,0.5576097184445956,-0.02559541638800852,0.44111497117411425,0.6139582298972995,-0.00794196928232321,0.43609645803633845,0.5920650643011309,-0.018134361578341737,0.43784766835200395,0.6040609952258468,-0.023678345242312496,0.44012381415992363,0.6174310552147219,-0.025420187846850083,0.43016727964575363,0.6201261543760938,-0.006175567793725156,0.4246722249800416,0.5989378751838906,-0.014789644788109391,0.427801431849697,0.6069787733939537,-0.017740007662171323,0.4310378287714593,0.6175643613817018,-0.017881846494791704,0.42093757149493766,0.6299974989654871,-0.005420408274880356,0.4145561979920976,0.6123388698530366,-0.011482616666819191,0.41551515019351887,0.6092076021316623,-0.013692709471261538,0.417188098974944,0.6091995285780909,-0.014055671699981422
0.4463826013880022,0.6946758579647898,2.6839373173044804e-08,0.45716918906583615,0.6819123365318792,-0.012849798852869437,0.46161055457662153,0.6556269234116423,-0.018501574284049582,0.4586239910793026,0.6333338506081828,-0.022648894394413917,0.45576838257780056,0.6147705525085098,-0.02610381901637985,0.4548533077871577,0.6096793163025344,-0.011099683792784133,0.4525596776514058,0.5792890347208599,-0.018061416735730407,0.45098452874322614,0.5634357862841265,-0.02291659848962351,0.4492901343368418,0.5507562667485543,-0.026092991239780407,0.44237742739130204,0.6099190145263007,-0.008310286873919912,0.4378836775014801,0.5861396893372809,-0.01885797167419881,0.43983112582326717,0.5989474895693633,-0.024473635014797934,0.44200821082170294,0.6134047142270297,-0.026150393936249416,0.43127571783114427,0.6156802515980536,-0.006642788519211907,0.4261512907579336,0.5925677847013148,-0.015540909963095014,0.429503693419442,0.6013340889234056,-0.018533319478994024,0.43271349159511585,0.6131008465416261,-0.0186059387088102,0.42183163582301303,0.6252671681090602,-0.00598372857020351,0.4156278498864893,0.6062278059995246,-0.012205177542441221,0.4168879408626139,0.6032757348069584,-0.014455686801787743,0.4186857495008742,0.6040595089190381,-0.014811713896880099
0.44705511622017474,0.6917042308616466,2.5553665182685814e-08,0.45788460843682555,0.6789142614235082,-0.012550857022646314,0.4628190117533462,0.6521366060113865,-0.018138051848756442,0.46026486912439496,0.629342699019386,-0.022354827008697484,0.4575468867053141,0.6103533568758411,-0.025886692259727447,0.45639733887516143,0.6060356053727206,-0.010929164795359221,0.4546008911006867,0.5744943214884154,-0.018010956994477228,0.4533380345520167,0.5578363764298788,-0.022879438202985013,0.4518064692185007,0.5446555568695195,-0.026035170792730183,0.4438046561962638,0.6060150984753957,-0.0084120722823575,0.43999972736379667,0.5810947021122544,-0.019287411861656546,0.44218391750933145,0.5950815484046277,-0.024858975121105666,0.44426329660059394,0.6105271819240602,-0.026372211822238402,0.43256766187633805,0.61145350623916,-0.007006815930631468,0.4278861160406404,0.5868487752109449,-0.016145621414463424,0.4315196771609521,0.5966846742832653,-0.01896349734005808,0.4347097669374278,0.6095440166999836,-0.01880866370303382,0.4229295926374544,0.6208401352947063,-0.0065915701874277415,0.4168948983667766,0.6005473736964594,-0.012928695580728896,0.4185992430425501,0.5981990918293746,-0.015031064161301582,0.4206619872300233,0.6000031306860013,-0.015213247980991692
0.44780292757029877,0.6890718990482352,2.3801368778342034e-08,0.45881859773287015,0.6762808244351033,-0.012339912403719963,0.46423478808799207,0.6490310404021825,-0.017888848003752365,0.46212445816091324,0.6255686497485041,-0.022190438842030907,0.4595217937522852,0.6059993648661097,-0.02580741145297451,0.4582616559760459,0.6027154370597335,-0.010677765068051117,0.45696826266164503,0.5702191793651065,-0.017901724153680916,0.45594430520540524,0.5528275505782363,-0.022788934958064673,0.45447945121121375,0.5393666128317027,-0.025918653390743302,0.4455375150198617,0.6024595961007888,-0.008385966630223216,0.4423525379619772,0.5767720972986486,-0.019521953230591596,0.44469389097407735,0.591964796251805,-0.024982013153420232,0.44665936661218586,0.6081208171382736,-0.026308035713598923,0.4341112512526048,0.6075381965561011,-0.007228350354653925,0.4299046027259567,0.5818943389936558,-0.01662644601011383,0.4336970962284467,0.5929184139355975,-0.019190976914936347,0.43673892795077907,0.6066609888947061,-0.01875993094548424,0.42417746887441715,0.6166194256253293,-0.007052289397774528,0.41844045427943866,0.5953335098310749,-0.013531374717345534,0.42054850252733167,0.5941831766518947,-0.01539328399601828,0.42273420329414063,0.597313375191206,-0.015325405026120429
0.4488063136633773,0.6867262832205904,2.2229520568890178e-08,0.4600034895148689,0.6739534238098147,-0.012062002081455277,0.4659209115303373,0.64645785874418,-0.01755525777409827,0.4642750755499646,0.6225570361027999,-0.02191095873839052,0.4618911041498718,0.602728592694221,-0.025577892200892374,0.46034737621412775,0.5999544170370458,-0.010478513366377068,0.45948529427389084,0.5666479026093068,-0.017830766583510436,0.4587543914878186,0.5487539111174828,-0.022760151546422958,0.4574628073854879,0.5350247398540958,-0.025886464363268618,0.44749789764605796,0.5993048834870961,-0.008406636903336494,0.4449485917573835,0.5729461761594945,-0.019785294005018803,0.4474500488596374,0.5892111347389585,-0.025135252098396337,0.44927212052426246,0.6062243288743485,-0.026277951624159718,0.4358768358061241,0.6039951489647516,-0.007464389787361232,0.4321886182389861,0.5773855652448848,-0.017081316566211306,0.436147338757237,0.5896238902618324,-0.01936489569379316,0.4390585336262555,0.6042994726645208,-0.01864051865002851,0.42562074989672743,0.612837098919936,-0.007485905529881532,0.42033804427156174,0.5907860851871183,-0.014079701979176202,0.42283575732600376,0.590730887248694,-0.015691780625499526,0.4251514233949514,0.59497169752313,-0.015367298020001143
0.4497142527326435,0.6846037939155277,2.080719429771505e-08,0.4610756685585592,0.6718474169874055,-0.011810527956911373,0.4674466426117935,0.6441294507906161,-0.017253400289010807,0.46622111562768975,0.6198319019701546,-0.02165806415780179,0.4640350340807593,0.599768952469973,-0.025370205949755736,0.4622346924773056,0.5974560388285808,-0.01029821546727765,0.46176289345041943,0.5634163432762448,-0.01776655884666578,0.4612971685318814,0.5450677762925776,-0.022734106154567765,0.46016237203646804,0.5310958872046982,-0.025857337314520834,0.44927179902790104,0.5964502626646265,-0.008425340918332722,0.4472976961380653,0.5694841954701753,-0.020023584508826443,0.44994402744138967,0.5867194150626601,-0.02527391420068844,0.45163633642431944,0.6045082439085511,-0.02625072928138103,0.437474469266754,0.600789133499074,-0.0076779759874498225,0.4342553669545545,0.5733056882471573,-0.01749291759615242,0.4383645021566624,0.5866427578954707,-0.019522270462381662,0.4411574869928453,0.6021625954814686,-0.01853246543986056,0.4269267389244061,0.6094145657472677,-0.007878273961255839,0.4220551261637483,0.5866712339575938,-0.01457586965300983,0.4249054371904209,0.5876069966055995,-0.015961882786392313,0.42733870562228216,0.5928527717605144,-0.01540520594610776
0.45106329944335416,0.6829092362925652,1.9630328408705603e-08,0.46260719816508894,0.6698230845006761,-0.011495754794155773,0.4693175506421954,0.6417268478453378,-0.016842527795042018,0.4684949651389174,0.616939750900451,-0.02125012168287636,0.4664247696354229,0.5964140957267928,-0.0249769943822646,0.4643261166697619,0.595530528052427,-0.010103086152815759,0.4642003251968085,0.5609929445387456,-0.017634445575957437,0.46404443164643916,0.5422093604026622,-0.022619314096214097,0.46313148494273515,0.5278219162178386,-0.025750282710018137,0.4513087541075528,0.5942244073273749,-0.008444870231194774,0.4499670446395128,0.5667376660807657,-0.020221084384222602,0.4527988914089654,0.5847494957798234,-0.025438419356530132,0.4543788899435234,0.6032035156543715,-0.02633618104236537,0.4393865867527403,0.5982328758440378,-0.007894818967541576,0.4366883065267042,0.5698048370115119,-0.01783382211036321,0.4409844354650751,0.5839412365918204,-0.019732946079963763,0.4437167496174252,0.6002816731654277,-0.018608606067400505,0.4286100313884298,0.6066159048800939,-0.008270563953711311,0.423954790591983,0.5830782547246361,-0.01501903150208517,0.4271565054426717,0.584406064601846,-0.016311138699734117,0.42981173311781873,0.5902629203365648,-0.015663144180774632
0.45265751350435074,0.68116271959249,1.8737670294281728e-08,0.4643371324157451,0.6679801184566059,-0.011185391838855379,0.47145302905674363,0.6397643017892517,-0.01640771854177455,0.4709814220136358,0.614714703126014,-0.020799235739084456,0.46899359362533727,0.5939373863265025,-0.024521317287232364,0.4666839701342869,0.5934861351085748,-0.009755818217861808,0.46697298721482405,0.5586077091545861,-0.017294719511941736,0.46717696117587537,0.5397128662301645,-0.022245748832789868,0.4665586172972461,0.5251009299994339,-0.025335031022954778,0.45365268291574185,0.5919181056790634,-0.008302618443565822,0.4528342311741591,0.5643062016447028,-0.020191418291535545,0.4558620632360425,0.583187580225367,-0.02533102116858655,0.4573469665549021,0.602171739782019,-0.026111357340718993,0.4416175673083385,0.5956646937745947,-0.007952502422518392,0.4394326394060028,0.5669265707848409,-0.018003131437077557,0.44398737426223056,0.582158112310886,-0.019702595039494918,0.4466641908517156,0.5992315063480956,-0.018369828281596313,0.43058082987645957,0.6038834781488026,-0.008512464957351858,0.4262877331679738,0.5798047747042314,-0.015300985930551124,0.4298820176171238,0.5817610578222264,-0.016421665370318594,0.4327262519554189,0.5882524945100567,-0.015601177983548173
0.4544659644019669,0.6796506452881321,1.8001815533599673e-08,0.4663182002545324,0.6665655681775453,-0.01101686453869455,0.4739571925509037,0.6381087464398768,-0.016153702932940873,0.4741102015603125,0.6126123523175969,-0.02055323126573732,0.47211567831801365,0.5913097234860439,-0.024301597114715127,0.4693334615212915,0.5917869998637447,-0.009408704486643027,0.47007926511365095,0.5568163582180674,-0.01700988053243906,0.4707074026817091,0.5379359953975629,-0.021961635842151734,0.4704871761051191,0.5232786014718477,-0.02502661605478096,0.45633739972665044,0.5898870391838498,-0.008096999349514043,0.45613513341670103,0.562492126711044,-0.02019197922893387,0.4592381136387703,0.5822394333300098,-0.025292531770806547,0.4606075012632124,0.6017586298320072,-0.025960730014111925,0.44421288833551836,0.5933939139874789,-0.007905728514866513,0.4425939116039151,0.5646878524908285,-0.01816719341562325,0.4472262316626247,0.5809880891538713,-0.01968170484201975,0.44980923696297187,0.5987721580792129,-0.018124511671400282,0.4329307566431657,0.6014595699001704,-0.008622399759835109,0.429079711049134,0.5772420880782105,-0.015539711521236422,0.43298012639120137,0.5799214803464408,-0.01653627054057434,0.4359696383559166,0.587056566962181,-0.015559029166936736
0.4561023865490562,0.678282406933993,1.7335958899610595e-08,0.46811081916973285,0.6652855768834066,-0.010864368384811758,0.4762231476880754,0.6366106756639324,-0.015923850539077297,0.47694135619674244,0.6107099874657894,-0.020330627948722216,0.47494077494790765,0.588932016868254,-0.024102777806464377,0.4717309202468405,0.5902494947264998,-0.009094609922022016,0.472890058569727,0.5551954093996104,-0.016752136838636304,0.4739020112147719,0.5363281492642678,-0.021704549077579426,0.47404203106292875,0.5216296218032563,-0.024747539036389828,0.4587667330604031,0.5880491777305142,-0.007910939755739997,0.4591220375909823,0.5608506155139018,-0.02019248680720595,0.46229301751036345,0.581381478834092,-0.025257703673987136,0.4635578778618061,0.6013848169337564,-0.02582443110019528,0.4465613296524941,0.5913391419504291,-0.007863403971530368,0.44545446803066713,0.5626620920998525,-0.018315649011261127,0.45015699300552625,0.5799293643583737,-0.019662801822949397,0.45265511080829496,0.5983565052785659,-0.017902530784607705,0.4350571468095478,0.5992662357345578,-0.008721877022810078,0.4316061022521999,0.5749231768175299,-0.01575572835873494,0.43578352780988244,0.5782568925345015,-0.016639973902951865,0.4389044978781403,0.5859744019289819,-0.015520889753216695
0.4578672820584578,0.677097942269625,1.809403906923877e-08,0.47014971726218513,0.6642675156121978,-0.010661309284287032,0.4787731873131803,0.6356307331096759,-0.015632243783023483,0.47998316475914393,0.6095814226560885,-0.02003538775055522,0.4780458831725948,0.5875189468535028,-0.023835249973152273,0.47441899650784486,0.5892246894541344,-0.00880455040524206,0.476113090874971,0.5543092666682782,-0.016451580906107904,0.47752402356954243,0.5355008094920728,-0.021400877351514,0.4780608609998714,0.5206451999050424,-0.02443947212108358,0.4615127015269773,0.5866738044307762,-0.007746633079938109,0.46244463630081056,0.5597547401714852,-0.020102882070432967,0.4656706185765109,0.5806763226262426,-0.0251775253729363,0.466865476599526,0.6010512065958873,-0.02571466511830798,0.44923066499744235,0.5896656548256257,-0.007818339422643018,0.44869249054558646,0.5612733980762323,-0.01833603895526906,0.4534778453303404,0.5792402620857752,-0.01961006897568808,0.4559712913616929,0.5982500285730445,-0.017750871573904356,0.4375061710929399,0.5973741996066608,-0.008789790298665393,0.43444318733535214,0.5729779330936489,-0.015824246951464168,0.4388867825098942,0.5766197138035618,-0.01665132573204218,0.44223839968242307,0.5847241514828706,-0.015468473464669397
0.4596613035902015,0.6760855531220554,1.8229209836989474e-08,0.47217803515408324,0.663505677868703,-0.010440051444898166,0.48135653431860587,0.6350366700811791,-0.015321829335237324,0.48314512345132976,0.6089791604498369,-0.019713930857726155,0.48132020310561774,0.586690977336198,-0.0235310923496256,0.47731316219075254,0.5886054590331146,-0.00853156677558963,0.4795846201088115,0.5538644623308371,-0.016188074184743457,0.48141054589304183,0.5351857182746358,-0.021135374511567055,0.48237277433438636,0.5203014064194467,-0.024161303259004716,0.4644952193532655,0.5856419465469975,-0.007609487994238677,0.4660581770147635,0.5592204259760637,-0.020059234458358947,0.4692083982496881,0.5806097803155102,-0.02511907999709336,0.47024604509303947,0.6012921999336446,-0.025604654119829953,0.4521522053403589,0.5882747120985545,-0.007810677718947125,0.45225228764516223,0.5602342719861741,-0.01843077498173802,0.45700167022269417,0.5789292914935127,-0.01960265194548419,0.4593869910368287,0.5984609543218482,-0.017618788608819946,0.4402098112458634,0.5957002959386567,-0.00890137159937091,0.4375894718391611,0.5713454844252371,-0.015993364998915995,0.442244757036743,0.5754421151559321,-0.016753175610855545,0.44574512196878074,0.5839879144217224,-0.015483361178697612
0.46161859129950367,0.6750028577782683,1.9310491623097867e-08,0.474347141859341,0.66279801882506,-0.010257468508062322,0.48422504619802265,0.6346055126849125,-0.015076911915947943,0.48667473540947337,0.608540226619067,-0.019489836356039188,0.48485021809534734,0.5859108391200367,-0.023360977128015034,0.4802284763101724,0.588170754878014,-0.008268970551163412,0.483178235645218,0.5535037343602814,-0.015989184526472137,0.4855200080416249,0.5350967271522347,-0.020955748979215226,0.48694296292900996,0.5204721432751931,-0.02395659837579318,0.46754847840132024,0.584869665752013,-0.007478272894220114,0.4698826423338661,0.5590864699119891,-0.020089585630638847,0.47293868707092523,0.5811021833912299,-0.025146714604351087,0.47374130674171594,0.6021328621009058,-0.025565963339690242,0.455195476384242,0.5871799821186764,-0.007816224078724298,0.45600822890782866,0.5596091703731064,-0.018589963624949257,0.4607277316484072,0.5790535767126641,-0.019668031126213653,0.46295498427156856,0.5990672597489612,-0.01754618320359094,0.44306862456033325,0.5942666562540869,-0.009034809915676923,0.44098652754520146,0.5699976354260253,-0.016221621819426216,0.44591358333277076,0.574648344209461,-0.016922541578279365,0.4495632030636698,0.5837587864468803,-0.01555711201708949
0.46386347928100485,0.6741988918978301,1.9340741273098736e-08,0.4767996036048848,0.6620596944723093,-0.009893291659099792,0.48718376800441265,0.6340640965122689,-0.014614704316186163,0.4902217535685014,0.6082357943492472,-0.01903769018924419,0.48843010641083595,0.5856960144390979,-0.02296190723994561,0.48322176921192134,0.5878114552641722,-0.007920215212693506,0.48677032675265014,0.5535146278682094,-0.015627317428996666,0.48959474023683985,0.5354540186519404,-0.02056007854816283,0.49143689697723164,0.5209986854580629,-0.02352737873461007,0.4706593821346338,0.5842998153612673,-0.0073540707483880224,0.47373233932710834,0.5591549311440055,-0.020075811497434714,0.4767109565233032,0.582022129113771,-0.02507623549634884,0.4772693303612598,0.6034701498523356,-0.025399699203926734,0.45828893377880836,0.5863614466391843,-0.007898489915999791,0.4597795909150681,0.5593223765538891,-0.018797294261062227,0.4644984693052961,0.5795764427540416,-0.01974374860552509,0.4665584086699538,0.6000174034805251,-0.017464658132084327,0.4460209970887246,0.5932174886861351,-0.009293107891690659,0.4444566503086485,0.5690205582314026,-0.016551812501184874,0.4496735718255972,0.5743154288748734,-0.017148178223867244,0.45343564266406144,0.5840159314108356,-0.01566607415190068
0.4658948224684287,0.6734714032090372,1.9368113427503578e-08,0.4790187751182432,0.6613916031660044,-0.009563757104479017,0.48986104162983146,0.6335741825108027,-0.014196464178286822,0.49343136190191683,0.60796032117534,-0.01862855439128573,0.4916694581296434,0.5855016249391711,-0.02260079884384036,0.4859303253599505,0.5874863339980619,-0.0076046351985830435,0.4900207204737697,0.5535244851320457,-0.015299872910932965,0.4932818638499261,0.5357773228256152,-0.02020204623599112,0.4955033458997667,0.521475140356872,-0.023138988578303567,0.47347436139305193,0.5837841719444772,-0.007241683321987026,0.4772158341942506,0.5592168800066682,-0.02006334762757686,0.4801243891383644,0.5828545650712366,-0.025012460707996,0.48046175100927735,0.6046802282107558,-0.02524925093110456,0.4610881262800913,0.5856207742833107,-0.007972930221923451,0.4631922024056388,0.559062863974347,-0.01898490258659244,0.46791051583679466,0.5800495712040311,-0.019812263465525073,0.4698190576036088,0.6008771648637614,-0.017390888126643585,0.448692525410719,0.5922681231012208,-0.009526835292890433,0.44759667791498764,0.5681364254286795,-0.016850593820105193,0.45307589170642604,0.5740141820855119,-0.01735235120114944,0.4569397167496226,0.5842486154801592,-0.015764671272140002
0.4678212909805729,0.6729282552240361,1.9260144215461258e-08,0.48123090168439525,0.6609737223490489,-0.009221227968751577,0.4925876138022128,0.6333815315829926,-0.013717174852688446,0.49662397025633265,0.6079422646950605,-0.01810491905042263,0.4948357686410199,0.5854766421124193,-0.022067375948476846,0.4885128510768171,0.5876145804815127,-0.007238026838566931,0.4931572086700477,0.5539802088441467,-0.01490258600265243,0.4969181474598092,0.5365180035883148,-0.01977509079895305,0.4995845042563985,0.522248569279761,-0.02268782220671193,0.4762014204605053,0.5836815744848786,-0.007061431871298098,0.4806811154229939,0.5595546500032013,-0.019906974311582407,0.4835304855074664,0.5839198408546811,-0.024778888183167924,0.4836092381938659,0.6060546213399259,-0.024936205053540834,0.46384320900261317,0.5852155575146772,-0.007964958924067138,0.4666480092507554,0.5588957699809783,-0.019030578849417275,0.47132939661409096,0.5806857215078934,-0.019715360671841427,0.4730144936978571,0.6019482066412409,-0.017153311885863266,0.4513622461289746,0.5915500759377474,-0.009667542003498604,0.4507286660669679,0.5674195672649229,-0.01702660028802055,0.45645777473097526,0.5737284202255558,-0.017446675689785446,0.46041925378710713,0.5843734991700892,-0.01577495548303341
0.4698070139054842,0.6720382377786025,2.122857864367713e-08,0.48341367907052685,0.660420755771011,-0.009071283493187081,0.4952169967925524,0.63322159673333,-0.013521335412615099,0.49960492693868214,0.6080749758303374,-0.01791872147869491,0.49781757606018373,0.5857055009415865,-0.021910559581772106,0.49122628546355124,0.5874326466073053,-0.006963910371817986,0.4962914882187534,0.554335219625058,-0.014648584281314284,0.5004524484216647,0.5372397607558665,-0.019541151602440954,0.503507866957934,0.5231645902855783,-0.022457614723118094,0.47897098973947183,0.5832497567254686,-0.006878245724339341,0.4840460239335033,0.559975961023599,-0.01979322194237071,0.48676435443524074,0.5850072498256532,-0.024608209997193164,0.4866112356630932,0.6072787483384643,-0.02469026941815788,0.46658396608649566,0.5844605450465725,-0.007883638653673896,0.46995995224593845,0.5589581441011174,-0.019087133454024536,0.47453845016817137,0.5815045735443597,-0.019633725518470604,0.4759869188321773,0.6029994202605274,-0.016912323218707757,0.45398189618039125,0.5904716668040539,-0.009676809949312583,0.453989587216866,0.5668518491573773,-0.017140793335267628,0.4598419479250749,0.5740186298207176,-0.017443258929135765,0.4636963364778495,0.5851684206403134,-0.015636363553683374
0.4714953149465821,0.6713787863801118,2.1905969638015148e-08,0.4852187573319387,0.6603599140801368,-0.008922863655131431,0.49754945501240067,0.6336131449433481,-0.01332422928409515,0.5023755639518557,0.6087105803117205,-0.01771326614580541,0.5005849572639982,0.5862126797114452,-0.02171588132894707,0.49364852649414154,0.5876936405998867,-0.006802719126984331,0.49913370345889635,0.5548219583701337,-0.014506858753145637,0.5036938672183779,0.538043594779944,-0.019398238573151164,0.507078443022251,0.5241327443035793,-0.022299958885879854,0.4814963532238671,0.5832763249633186,-0.006797458061287208,0.4871478848495715,0.5606523408433902,-0.019756903991083156,0.4897651608500537,0.5864614115074592,-0.024499483506333936,0.48938606819528824,0.6088421135148296,-0.024504979018144375,0.4691145530759252,0.5841586359840105,-0.007879301407228005,0.47306167746626226,0.5591179299216381,-0.019182205281591577,0.4775369468789396,0.5824959372423203,-0.019557556586257525,0.4787408774384122,0.6042042286404702,-0.016671380319150463,0.4564083820502186,0.5898195691336842,-0.00973628985071398,0.4569548567574471,0.5664839873684215,-0.01731363677185869,0.4629747551493117,0.5744382097473452,-0.01750178663556623,0.4668045142264325,0.5860307198224751,-0.015562350394725151
0.4732155318323066,0.6710336381387773,2.2277671194859013e-08,0.48705577867243494,0.6602243645620162,-0.008716672325519136,0.4997655492566787,0.6337904389524593,-0.013077144348664822,0.5048368543264433,0.6090877248360732,-0.017482095303943845,0.5029829625984317,0.586444704255313,-0.021536889543899655,0.49586790768740996,0.5878920461106467,-0.006699516899715111,0.5016223249221257,0.5552986550586013,-0.014448644162940357,0.5065016871573167,0.5388029026297066,-0.019373668288208235,0.51019984310633,0.5250366645717801,-0.022291042764212607,0.48373874642438097,0.5832723283074939,-0.006832512270155157,0.4898056371636376,0.5614398347444921,-0.01985298057243692,0.4923455441244008,0.5879376699607168,-0.024572103589071095,0.491789874849799,0.6104959308819513,-0.024562862642316337,0.47129280928117784,0.5839777801102501,-0.008037242097797008,0.4757434323625967,0.5593461923235029,-0.019422095720005222,0.4800886767382045,0.5834672333787589,-0.01966399432353152,0.48107316223481705,0.6054530618208979,-0.0166726852514391,0.45843822428550024,0.5895238600663432,-0.010003105472781597,0.45924724128057165,0.5662165942606314,-0.017675002962688844,0.4654563515436382,0.5744705738966556,-0.017803635809973822,0.46941115887546064,0.586249107042336,-0.015804655105549553
0.47477211322100077,0.6707213220969687,2.261401467011105e-08,0.48871805350125463,0.6601017091812301,-0.008530094930047617,0.5017708377088861,0.6339508678827878,-0.012853563348437885,0.5070640146461967,0.6094289935169744,-0.01727291457037668,0.5051528578625375,0.5866546574825497,-0.021374924338438593,0.49787617041784143,0.5880715783126768,-0.006606131776262265,0.5038742164628461,0.5557300060117739,-0.014395967231086016,0.509042413443651,0.5394899813795075,-0.019351435249703345,0.5130243202509661,0.5258545994949989,-0.022282974787923255,0.4857678321466643,0.5832687118332427,-0.0068642319501397335,0.4922105709962059,0.5621524183496979,-0.019939917876486024,0.4946804686411164,0.589273499443797,-0.024637815692104246,0.49396501958386246,0.6119924290010688,-0.024615240091255455,0.47326385903486967,0.5838141281373695,-0.008180158692499353,0.4781700855336679,0.559552741282201,-0.01963916659918282,0.4823976734937119,0.5843461350460067,-0.0197603071793524,0.48318358862194627,0.6065830998424807,-0.0166738660521456,0.4602749779365342,0.5892562803009596,-0.010244540279618986,0.461321562904803,0.5659746369013559,-0.01800199422281278,0.4677018862745871,0.5744998594087881,-0.018076771605218426,0.4717698466556399,0.5864467201949479,-0.016023910599663214
0.4756640216606616,0.6702233217500554,2.2496563050662913e-08,0.4897060265423348,0.6600890202180705,-0.00845974946463514,0.5031533618694884,0.6343952869992923,-0.012800164921950328,0.5087208208874775,0.6100828456956698,-0.017260277207192913,0.5068756042690343,0.5871738836042839,-0.021406272236872324,0.4994922920842303,0.5883078487892386,-0.006576357782693696,0.5057540870264878,0.556242522147761,-0.01442592070351778,0.5111370822567165,0.5401786348350454,-0.01942656201836686,0.5152870314193182,0.526763753429294,-0.02237842999704266,0.4874323531413172,0.583215759824321,-0.006890159331224417,0.494191901352317,0.563122051001687,-0.020063746282055147,0.4965551767330985,0.5906078632623059,-0.024769341734117396,0.4957476614276431,0.6134367013800414,-0.024742044035663147,0.47490562029585376,0.5835006359268368,-0.008261091148074776,0.4801469296332179,0.5598808451577363,-0.019787209961155336,0.48424807538755726,0.5850720828705952,-0.01982529451609426,0.4849519672750593,0.6074882707508498,-0.016675881223252687,0.46183303331371706,0.5887488826981142,-0.01037976032353942,0.46306735515212744,0.5659443612130316,-0.01820965719744111,0.46953350041021996,0.5747280597055284,-0.018259678292920956,0.4737352726802949,0.5867626219441585,-0.01616628846605906
0.47619062641006327,0.670106332488708,1.624659964801571e-08,0.4903743288656337,0.6600694246829818,-0.008281468294271063,0.5040388245606966,0.6346557516410759,-0.01261212227801801,0.5098137931572997,0.610399431330067,-0.017119561634238098,0.5079494213793772,0.5874110205418057,-0.02132731677246531,0.5005927033656395,0.5891392138370625,-0.00647978335611221,0.5070227494528342,0.5591814121074823,-0.01457719910440286,0.5119218840307724,0.5453579824573549,-0.019733696428581714,0.5154965800843807,0.533480339932379,-0.022704664830171587,0.4886005660710006,0.5835682239545761,-0.00692694925816692,0.4957930702670029,0.5638356784019067,-0.020114479765548848,0.49808454683712083,0.5912808636005576,-0.02484653209446996,0.49719388750486876,0.6138974134983979,-0.024852262612252648,0.47603931326683513,0.583437387172514,-0.008449905383179359,0.4816178500369931,0.560171728097298,-0.020107449537764943,0.4855407668103296,0.585922612952103,-0.020225087484264426,0.4861502190937777,0.6086230423354505,-0.01708494895510065,0.46287444102070463,0.5884088132136139,-0.01069035640835181,0.46419382259681213,0.565761327094011,-0.018560885753475077,0.4707220564325785,0.5747601694166328,-0.018631442140059806,0.47505772285626435,0.5870054788096123,-0.01655209416187194
0.4763399145596925,0.6691109345612796,2.729071256721115e-08,0.4904062728045839,0.6598166083092389,-0.008426714780128908,0.5043133194932635,0.6349178612784082,-0.012793419916951201,0.510157024724477,0.6106272014386842,-0.01729120955433197,0.5083147766650356,0.5875089249081877,-0.021512654220813113,0.501265844208577,0.5896790560165917,-0.006734358951828369,0.5077087253776081,0.5602524348923972,-0.014830055487978583,0.5126204650274532,0.5460994695003276,-0.019958933122408692,0.5162516476279488,0.5338480497223659,-0.022922617045139412,0.48932121023626496,0.5836080030664651,-0.007128021784608685,0.4969175425280745,0.5636289204940071,-0.020194555919575048,0.4996104834129381,0.5890017347102976,-0.024924172101830757,0.49914056817421104,0.6098636204098195,-0.025002489126920532,0.47668719776298746,0.5831656914682969,-0.008603208694821755,0.4824899796124869,0.5600757761464074,-0.02048969051545694,0.48614188075629594,0.5863114638123926,-0.020656420933561098,0.48663454803402467,0.6094253413291445,-0.017461308956477527,0.4634046521412323,0.5879781129592828,-0.010781781763212124,0.4647970190583791,0.565582306137866,-0.018883354977035954,0.47133579837877293,0.5748353662358727,-0.019002651189506364,0.47573949827718953,0.5873158614114297,-0.01691841372127908
0.4763391767033135,0.6689105342296069,2.75779546460946e-08,0.49028566031886256,0.6597079746429648,-0.008375514627045999,0.5042092232402542,0.6349672114042146,-0.012699614642366044,0.5099070813686515,0.6105945686637448,-0.017135973634640502,0.5079052871835967,0.5875135054109596,-0.021315376823315083,0.5012167297083387,0.5901488691425333,-0.00681044202825981,0.5076100639500002,0.5609190598877929,-0.014851412196247612,0.5124968089395526,0.5462930635044443,-0.019966376687093664,0.5161699309311076,0.5335423008214297,-0.022976573229808596,0.4892017364287829,0.5838940175386812,-0.007228948867225634,0.4967439819223096,0.5639233966140035,-0.020238667348804078,0.49926343247558963,0.589533727027439,-0.02492425360519129,0.49869645936791934,0.6105447400440528,-0.025014284948060374,0.47652920873057747,0.5833622280743457,-0.008706413753508734,0.48236953359920703,0.5601982668425101,-0.020546907148342848,0.48597260718107926,0.586574432773676,-0.020636938041484112,0.486453250979198,0.6097752437466732,-0.017437164120340222,0.46321264739702034,0.5881409078691793,-0.01088240489523597,0.46454855901773634,0.5655062303366967,-0.018945460262041466,0.4710486696336344,0.5748396294026232,-0.019023608390492632,0.4754687338221235,0.5874354729708572,-0.016954099069122184
0.476338509035465,0.6687291969638479,2.783787284463704e-08,0.4901765210864344,0.6596096747457186,-0.008329184884530081,0.50411502913519,0.6350118671031544,-0.012614732587206409,0.5096809138550464,0.6105650400789753,-0.016995504519697013,0.5075347503571284,0.5875176501937628,-0.02113686542286099,0.5011722872211034,0.5905739913315281,-0.006879287707982283,0.5075207876829951,0.5615222722325166,-0.014870737349308959,0.512384915627365,0.546468241894025,-0.019973112183268783,0.5160959875286774,0.5332656362608383,-0.02302539683662119,0.4890936275579153,0.5841528249065447,-0.007320275268983732,0.49658693125562564,0.5641898607160624,-0.020278582681769602,0.4989493947315769,0.5900151136169223,-0.024924327355551012,0.49829459637717344,0.6111610682262257,-0.02502495869263469,0.476386248392548,0.5835400691510794,-0.008799801439040947,0.4822605450035423,0.5603091056207037,-0.020598681053489956,0.4858194357414971,0.5868123868330362,-0.02061930845799575,0.4862891997925656,0.6100918617240365,-0.017415316059856516,0.4630389070891199,0.5882882169259743,-0.01097345625967742,0.46432373371907304,0.5654373912401776,-0.01900165778665675,0.4707888539879732,0.5748434870359692,-0.019042572039370317,0.47522372581471856,0.5875437064900272,-0.016986389851036152
0.4757240120193975,0.6684962259319531,2.7168455044680513e-08,0.4895371456419196,0.6595428154989946,-0.008277961336783456,0.5034439683185075,0.6349779880703392,-0.012499948292341865,0.5087437054145358,0.610301120668208,-0.01678985062217591,0.5063685672000658,0.5872989200012335,-0.020858838745615355,0.50037916233302,0.5908233165887353,-0.006944986247215107,0.5066230864685303,0.5618165254857984,-0.014835664344502583,0.5114464562861463,0.5463625056908933,-0.019890441161175297,0.5150996700795212,0.5326912156532408,-0.022957768584147144,0.48820791784688383,0.5843218265507861,-0.007366222863576631,0.4955972484309057,0.5643287040161893,-0.02015662461712647,0.4978964498002547,0.5904746976373156,-0.0246781498269321,0.4971448760731769,0.61170779700646,-0.024746389269038004,0.4754802486786774,0.5837564956349042,-0.008800898487085498,0.4813425005040084,0.5606060438960667,-0.02051641565337598,0.4849224136038327,0.5872521480152237,-0.020411948292042462,0.4853441971817442,0.6104928704825652,-0.017166904550069147,0.4621444071996074,0.5886499983339548,-0.010917169168728322,0.4632868498428701,0.5656769028822317,-0.018916447117178825,0.4697910910903987,0.5751892971509454,-0.01886447645021967,0.47425498251915693,0.5879683261939807,-0.016764529449287042
0.4744409873891472,0.6682719162499053,2.7071130134008017e-08,0.488320994913234,0.6595301020420805,-0.0082179602159212,0.5019671061532263,0.6352609048885582,-0.012423133876322249,0.507056505550649,0.6108738998921243,-0.016690444668917993,0.5049815436762846,0.5883244787769712,-0.02075142915041854,0.498910923567289,0.5911259728972409,-0.007035300001944744,0.5050251679487369,0.5620761371436555,-0.014771731822314402,0.5096702469319272,0.5463032566609879,-0.0197480160249778,0.5131499408762572,0.5322463643202499,-0.022822611911812323,0.48662562418470384,0.5845959797846754,-0.007428501828101666,0.49376651224573803,0.5646276002707773,-0.020008714369210645,0.49609259342758016,0.5905006796413459,-0.024467718200275004,0.4953807277050968,0.6115853113450048,-0.024572827010194604,0.4738943509799901,0.5841334364328692,-0.008801540088474974,0.4795295223204233,0.5609914505688267,-0.020335930957116808,0.4831427291376254,0.5875242734924426,-0.020171052628885952,0.4836654261943437,0.6107962902169971,-0.016956590768835843,0.4606722320896405,0.5892329865075091,-0.010848127914945688,0.46149012184603816,0.5663494785877996,-0.01874397832442392,0.4679374739384705,0.5755405121936414,-0.01867520911759529,0.47250408858042064,0.5881661621104585,-0.01660667895473213
0.4724887719503995,0.6681150572013231,2.9191080071089105e-08,0.4864010446234347,0.659567693504885,-0.00830272063587754,0.49973419648495887,0.6355517450533746,-0.01254673622729438,0.5045308768832412,0.6113832804744056,-0.016800523003520494,0.502533025948336,0.5891524418647237,-0.020863757288778085,0.4967537932758049,0.5917737397583286,-0.007414155674819418,0.5027162292704324,0.562430636853402,-0.01510772612352772,0.5070053414336764,0.5460283876828691,-0.02007774984260572,0.5100920947504153,0.5315246261269447,-0.02318932064109141,0.4843392721825548,0.5852296859204781,-0.00771550929344854,0.49089453902046504,0.5650479078209542,-0.020188124707934327,0.4932817264678369,0.5899047039054927,-0.024628539556349416,0.4927801915889852,0.6104975215415054,-0.024781667905451395,0.4715925078283706,0.5849094804922312,-0.008969168645621122,0.4766881242745768,0.5616924939020569,-0.020375233410342645,0.48034578271685796,0.5876080367677452,-0.020196831227946042,0.4810910801033186,0.6106978933337128,-0.017032351384914577,0.4585368956338432,0.5902526925335032,-0.0109005564178385,0.4589207333394704,0.5674737461513031,-0.01874656100453938,0.4652594525554933,0.5761727755458872,-0.018695310187547633,0.4699547873562925,0.5885215974405313,-0.016665979795252726
0.4707222608529362,0.6679731193574979,3.110936993581974e-08,0.4846637294551437,0.6596017090827233,-0.008379418227499177,0.49771369217465705,0.6358149190702064,-0.01265858091427467,0.5022454984457521,0.6118442062685431,-0.016900130145133068,0.5003174232782069,0.5899016450283576,-0.02096540022174086,0.49480185983498276,0.5923598878472989,-0.007756972731373048,0.5006269282037409,0.5627514148059196,-0.015411758993054914,0.5045939348630107,0.5457796655948466,-0.020376117756560088,0.507325125998698,0.5308715432229623,-0.023521146231111182,0.48227040923621184,0.585803110809559,-0.007975215196048768,0.48829576202415326,0.565428233648216,-0.020350468652185857,0.4907382430083143,0.58936542031501,-0.02477406279347574,0.49042703126800535,0.6095132076581863,-0.024970642826842214,0.4695096273269418,0.5856117034209993,-0.00912085154934838,0.4741170139961343,0.5623268505429142,-0.020410797220772044,0.47781489560612733,0.5876838320680204,-0.02022015763978198,0.47876161848333243,0.6106088564462733,-0.01710090527830023,0.4566046828917887,0.5911753991033397,-0.0109479976634845,0.456595757714107,0.568491067850552,-0.018748898007410378,0.46283617774761243,0.5767448948960845,-0.018713499144789196,0.46764798821219394,0.5888432220125648,-0.016719639647945896
0.4681587656823274,0.6681355655621645,4.0251298579978484e-08,0.48208004081068745,0.6603759698979664,-0.008893237684060033,0.4946519779309899,0.6373679905653734,-0.0134945861333036,0.4987287327059716,0.6138636930386054,-0.017926017333802155,0.4967499615663786,0.5922051879839914,-0.022187767383524272,0.4923372240614227,0.5939523845917957,-0.008795220851595132,0.49780721047097554,0.5641154646950856,-0.01667658252368307,0.5011989683637845,0.5463022685193739,-0.021822969681167443,0.5033769668434894,0.5308765409512288,-0.025113793580642294,0.4797177362936529,0.5870283489160115,-0.008803127505924982,0.4855809068053339,0.5658200704319355,-0.02111682891322105,0.48786239400183035,0.5864630279746612,-0.02561399355786738,0.48756419899908,0.6044623205438856,-0.025998594473927904,0.46689304848731544,0.5867945210367008,-0.009751296424339726,0.47092721454413755,0.5631747706377529,-0.021037388622665958,0.4743699701767277,0.5870844706167367,-0.02098268633140122,0.4754226866381951,0.6095538963937781,-0.018020020991310857,0.45403776398730883,0.5925177655060878,-0.011421973036023424,0.4535651454546862,0.5699324867585346,-0.01935622159936318,0.4595278976477834,0.5774815624807604,-0.019468208197374146,0.4643816863495712,0.5893811983386674,-0.017595823936724573
0.4655338759084474,0.6685774215672632,4.876570104700727e-08,0.47910064848571793,0.6616326080399932,-0.009781391203911333,0.49078644401490223,0.6395243821916146,-0.01490555071225701,0.4939644134023216,0.6165773590324362,-0.01966050044673095,0.49172512665690543,0.5954068975544208,-0.02424689448073871,0.4891816741309062,0.5959018480107945,-0.010151255302100088,0.4940208734378387,0.5672040620290048,-0.0184796130145028,0.4965911142621337,0.5500254217094002,-0.02402866996663523,0.4979732576045215,0.5352170017666769,-0.0275604942585699,0.4765660666756738,0.5885366953509775,-0.009816491010818785,0.482164236990258,0.5664739301069309,-0.02201926991603034,0.48408115325597495,0.5833039658698025,-0.026737252058420383,0.4836647064169168,0.5985617771583085,-0.02749289233289453,0.46375856462317827,0.5882906204067043,-0.010483974943885838,0.46702700631895866,0.5640602155281831,-0.02179804544655093,0.4699075707805562,0.5861079517656664,-0.022163884015428154,0.47085949846868486,0.6078657646892623,-0.01958823611029512,0.4509428722921917,0.5942397242158199,-0.011932540338341817,0.44991931208751335,0.5716988469216071,-0.020016951033304323,0.4553338208811859,0.5784363719941211,-0.02042544998997751,0.45996953970349264,0.590106083941447,-0.018821607824473355
0.4625747453933006,0.6685151105596917,6.192330342260006e-08,0.4757959260206782,0.6625061835602993,-0.010718789148596204,0.48670977992840525,0.6419624297269159,-0.016539816207315858,0.4891114993561501,0.6209053339833581,-0.021804919321122142,0.4865529667632622,0.6015967920443673,-0.026955420433432135,0.4852943591642595,0.5973307898814048,-0.011766539948436388,0.48942259548670947,0.5692144165509246,-0.020511546308295818,0.4911510367480272,0.552260189000893,-0.02644721386154018,0.4917508858124623,0.5378159802714669,-0.03024811332888589,0.4726895033530705,0.5898850043784342,-0.01113511709750337,0.47782861855141434,0.5669669240545949,-0.023253270980430556,0.4792205485196,0.5801622211159098,-0.028269911351534095,0.47852982269430594,0.592678740631776,-0.029490827656421678,0.4599133400617859,0.5898944227861148,-0.011541526342997821,0.4623892797837514,0.565292746530433,-0.022818924839407877,0.4646633570960955,0.5851972278032591,-0.02369367545695201,0.46541014715213336,0.6057666634038895,-0.021639527197588826,0.44715694703077025,0.5962199991685702,-0.012790502384393394,0.4455347033853368,0.573920886811834,-0.020934774695272218,0.4503561142903551,0.5796703154657454,-0.021650729626339956,0.4547265988746547,0.5907438712188362,-0.020388346885042232
0.4590892705863325,0.6685054694317939,7.2198492231383e-08,0.4720110352264175,0.6634768492920895,-0.012204648978723948,0.48216171050092477,0.6438569695304895,-0.018978001964174943,0.48396195034759304,0.6238066271404024,-0.024845116563572987,0.48123061407398393,0.6054008762696761,-0.03065018520285415,0.48095414394478303,0.5987861269682452,-0.014312389275596108,0.4841836786973754,0.5717296396450973,-0.023813942584223136,0.48491170560281127,0.5556190444617689,-0.030394475243066404,0.48460926414475347,0.5421199526844658,-0.03462692818668018,0.46829548877738963,0.591341909482061,-0.013107452474453746,0.4729072985384923,0.5676304111359555,-0.02549812907256737,0.4737376334968241,0.5778409642074667,-0.031149616737702304,0.4727497883260653,0.5879875425962955,-0.03307203408472894,0.45556771769646387,0.5915812133824742,-0.012970890412969486,0.4572127191478287,0.5669017839028623,-0.02451482229436669,0.45868485506564605,0.584954617336701,-0.026259630537523736,0.45905715724875834,0.604461981780609,-0.024985522402568273,0.4430101237312021,0.5982738494088317,-0.0137448146189137,0.4408468352518944,0.5766336801403595,-0.022182920699778372,0.4448855899429588,0.5816280759632252,-0.023490318683036398,0.4487311418348159,0.5921397490899558,-0.0228052382865063
0.45593535129841434,0.668496745415435,8.149625450647774e-08,0.46858618187363527,0.6643551805218818,-0.013549166508448712,0.47804627582285886,0.6455712913830745,-0.021184255491158335,0.4793022517866685,0.6264319350122635,-0.027596115280554674,0.4764145497689834,0.6088430972798755,-0.03399348576187814,0.4770267913594031,0.6001030252282562,-0.01661606488415601,0.47944311345884716,0.5740056023386934,-0.02680219867208058,0.47926589034594463,0.5586583890590121,-0.033966253693669866,0.47814698868094263,0.5460145100575062,-0.038589208622794746,0.4643194544953665,0.592660226601384,-0.014892169602568107,0.4684541187078012,0.5682307840604718,-0.027529445213850326,0.4687762803377716,0.5757405166813174,-0.033755390373707464,0.4675195792761019,0.5837425944078977,-0.03631257853097604,0.4516354723195651,0.5931075481549709,-0.014264286337314795,0.4525285784384841,0.5683577617207883,-0.026049397636249177,0.45327505757435554,0.5847350851718439,-0.02858149934127113,0.453308495014234,0.6032814078949419,-0.02801323007475368,0.43925776667443905,0.6001323273052451,-0.014608347976587856,0.4366049002088631,0.5790884192151815,-0.023312336912995585,0.43993544879725727,0.5833996046461413,-0.02515491697425312,0.4433060021780812,0.5934028441875021,-0.024992223081990082
0.45260247327707,0.6681139810094301,8.927278727801423e-08,0.46510203003107764,0.6636205878726569,-0.01413187013767253,0.4738643846042242,0.6449323688120832,-0.022042610752451723,0.4741608099528837,0.6262399476257285,-0.028583496795727522,0.47068574221210696,0.6095531533930452,-0.035116372597487726,0.4724766217532503,0.5993502735623276,-0.017321332422051798,0.47383600511346813,0.5736392710658526,-0.027769783906142244,0.4727966377253007,0.5583004067641721,-0.035143558353283054,0.4709797647545546,0.5459242830201261,-0.03989558825901268,0.4596720873476509,0.5926635852367325,-0.015360848204413954,0.46308759069811833,0.5681947938730655,-0.028040337776666653,0.46282554713762347,0.5734577236660353,-0.03444906329234927,0.4612963056278774,0.5796894154835859,-0.03722609991864375,0.44705725176335487,0.5940223479003778,-0.0145560935634972,0.4471342239209942,0.5698374495648221,-0.026593328364630076,0.44752283485009553,0.5854028457776563,-0.029495915425676325,0.4476255413745448,0.6033755876181586,-0.02916043741742345,0.43496136185736467,0.6018727123088977,-0.01475312037745832,0.43180643659824797,0.5817131035893616,-0.023826411838105466,0.43463810409964104,0.5857160927249405,-0.02600940561138944,0.4377947496347334,0.5952967696897866,-0.02606457352284301
0.44922368002434443,0.6678997240692804,8.596355539237635e-08,0.4614117288471585,0.662408315276903,-0.013723557817330706,0.469358320376954,0.6438276215888659,-0.021531482907683523,0.46879762212100445,0.6268084169265593,-0.027966903298780592,0.4650473832005607,0.6125311487035915,-0.034409771946724725,0.4676302752613441,0.5992705322734345,-0.017220265702385114,0.4677441960741037,0.573265019067732,-0.027484232935061734,0.4657882386427407,0.5579406664997456,-0.03468523493213348,0.4633302974411034,0.5460215521127106,-0.03931334845603974,0.4547553828826693,0.5936712263330949,-0.015282608530260257,0.4568228045721871,0.5700312828799061,-0.027700400272641163,0.4564515695385566,0.5756250828520886,-0.03384851503847775,0.4553092066296559,0.5823955928955868,-0.03645448847769318,0.44220142102948923,0.5958292375295449,-0.01444313599326416,0.4412931177354619,0.572283161206021,-0.026135503321570504,0.4415431123428298,0.5870962880455484,-0.028912356282220355,0.4418535372846814,0.6044560721493012,-0.028544261784475073,0.43041366884029153,0.6040924816522197,-0.014568274933918454,0.4266718839637896,0.5845829204518584,-0.023427872198366888,0.4290079976707073,0.5883781251560003,-0.02555267931115095,0.4319091511494977,0.5975716333820067,-0.025568542493228777
0.4456465271532073,0.6680959308721793,7.853561967724987e-08,0.4575695539521291,0.6606144458340749,-0.012811868794696606,0.46433158878152325,0.6411289192957743,-0.019978105711727288,0.4625017228829359,0.6246167038842455,-0.02580383032988083,0.4581786754928856,0.6115572583286134,-0.03162737914680198,0.4620464420183801,0.5989604395527716,-0.01612137117945029,0.46115038427313315,0.5729744200556105,-0.02562790306489416,0.4585044640554735,0.5579047359877981,-0.03228283034096021,0.4555805681824469,0.5465258572773494,-0.03657702400462414,0.4491922807340546,0.5945313799862099,-0.014210951839383198,0.45036680813492364,0.5721573717349466,-0.02569891664735215,0.4500882348788178,0.577905985763183,-0.03132184398569189,0.44937694027751635,0.5848952439696733,-0.03369454934727734,0.43690625523782206,0.5976269840256642,-0.01330921045502668,0.4353671305047206,0.5750418096124118,-0.02414735689275635,0.4355518294806118,0.5889646335944467,-0.02671558731456685,0.4360493007897816,0.6055345976076226,-0.02638400139380699,0.42562475970385305,0.6063218356577876,-0.013293522240392259,0.4214642691552135,0.5876029125692851,-0.021612536469771335,0.42338378232067486,0.5911722915120782,-0.023644018810700874,0.42602938956974346,0.5999422338023428,-0.023667043152244688
0.4419704753833081,0.6687896430377824,7.263316932837166e-08,0.4535093010106675,0.659261654691014,-0.012358221885832868,0.4590065052376741,0.6388104833593549,-0.018889923097399987,0.4559894985195106,0.6226972862844306,-0.02401737518001891,0.4511176071831781,0.6105867198161997,-0.029094386214428555,0.45604492619658316,0.5989317744751885,-0.015045138177616166,0.4543015511799365,0.5729984966206177,-0.02371182627311232,0.45106776104172386,0.5583090031221737,-0.029807803556838555,0.44774093935688486,0.5474979233907589,-0.033761429171234675,0.44328845162741193,0.5958179772869746,-0.012893864556799485,0.4434556623359121,0.5746925834788755,-0.02338724597939415,0.44315145656134863,0.5806616215196657,-0.028596919160193388,0.4427395038986423,0.5879233104650282,-0.030793794633051805,0.4314258578619747,0.5998523920745407,-0.011713538896928482,0.4292460626849258,0.5783731254683235,-0.02165950066880641,0.4294360900245373,0.5916754980884671,-0.024151280315846776,0.43007900423870205,0.6075087007147493,-0.023919279295488267,0.4207984863680014,0.6089351524180263,-0.011380634632969467,0.4162620933474435,0.5911897002882898,-0.019071582966456176,0.41792679561975943,0.5947774539661151,-0.021033365290848146,0.4204465204629683,0.6031857752963793,-0.021078195402919383
0.43864410775118745,0.6694173658877611,6.729218910837707e-08,0.4498352793134511,0.658037547699882,-0.01194772810377786,0.4541879698504307,0.6367125884604855,-0.017905253769352404,0.45009674899052354,0.6209604531340307,-0.022400856436894982,0.4447282224454741,0.6097085037040507,-0.026802344037104058,0.45061430409905145,0.5989058361608739,-0.014071281756105747,0.44810421280033286,0.5730202829042572,-0.02197801613664205,0.4443384738218898,0.5586748143769358,-0.02756821350243633,0.44064705461164777,0.5483775217909781,-0.03121366757667757,0.43794622380387765,0.596982187119894,-0.011702065099202526,0.4372019387417721,0.5769866334034794,-0.021295472803351784,0.43687453874006926,0.5831551276398285,-0.02613120259610137,0.43673345313740614,0.590663332371285,-0.028168973984678346,0.4264667828588831,0.6018661083564109,-0.010269655471288119,0.4237072609638774,0.5813875501633758,-0.019408301574038517,0.42390210980702614,0.5941284918090157,-0.021830902820293496,0.4246766316811966,0.6092950174178448,-0.02168901369445602,0.41643131190664057,0.6112998776253579,-0.00964971030994494,0.4115547741074749,0.5944352951053922,-0.016772337466879634,0.4129889043529736,0.5980396756230136,-0.018671049983368652,0.4153947213443579,0.606120775158881,-0.018735611593747342
0.4353522169354959,0.6710151585705365,6.012503692760117e-08,0.4464169602046625,0.657516773813127,-0.011276928768350111,0.4497891144606114,0.6352409373402815,-0.016592022021774882,0.44486435382477535,0.6194364007851239,-0.020362128883206897,0.43904713752249763,0.6089723920957628,-0.023996988838118807,0.4450478809457066,0.5996762514903379,-0.013445269092358778,0.4420097578384008,0.5736514770924398,-0.02049926037873129,0.43789784739198845,0.5594861183380555,-0.025460136747918603,0.43392729814700093,0.5496079829458624,-0.028719600007025125,0.4323812556536789,0.5987282112930953,-0.010885055996946176,0.43175487607275165,0.5791506911224662,-0.0192781597842613,0.4318824383677409,0.5853039721431975,-0.02348865919406304,0.432037034680733,0.593179484795778,-0.025304256209041955,0.42132584039849974,0.6043424956366439,-0.009147824673989356,0.4186790307288253,0.584172051553872,-0.01724716034250728,0.41928640059903904,0.5960723216914844,-0.019448568744544637,0.42027081704301295,0.6107314883539474,-0.019399935357368864,0.4119327549852972,0.6139788137740178,-0.008142878872904413,0.4071428486850781,0.5974303600305888,-0.014483525007689502,0.4086984663961329,0.6007591133248209,-0.016149440280466262,0.4110897377947484,0.6087499916175825,-0.0161870386093419
0.432382799611093,0.6732105034250262,5.3290679045435037e-08,0.4430391489133854,0.657828532912089,-0.010759960010471891,0.44531938291269735,0.6347943122880724,-0.015594054504209438,0.43953908604243336,0.6192113669644227,-0.018845113544009955,0.43326174532285106,0.6094118403293557,-0.02192683096330301,0.4402812440475814,0.6009695697590408,-0.012877578038053358,0.43636620341766136,0.574880857525624,-0.01936365681576345,0.43173012556404755,0.5608910400860783,-0.0239298032190546,0.4274080249564155,0.5513482366268525,-0.026952571985721263,0.42765707038315515,0.6009600176524279,-0.010214142952489388,0.42623803720338677,0.5819206847871691,-0.0177823943811315,0.42649605997273893,0.5881046459938624,-0.021535681679354532,0.42700012717731395,0.5961899377994365,-0.023170694142952326,0.41685196131114244,0.6072540360744382,-0.008311489832527419,0.4136188234909747,0.5874870946000578,-0.01562930479062523,0.414356141644433,0.5987928067453853,-0.01762709856224098,0.41554842030679656,0.6129225079718335,-0.017625489681350623,0.40788258556293056,0.6171270459722024,-0.0070980410890551454,0.4027927212102719,0.6011458473349724,-0.012834330520790825,0.4042633817039877,0.6044522714056311,-0.014326751573151584,0.40660838185200376,0.6123204324113535,-0.01434995670309638
0.4297016793569459,0.6760593097240516,4.553055467545462e-08,0.43995327313718785,0.6584496441756741,-0.009912884748851072,0.44131248795030203,0.6346957963379556,-0.014052213514649274,0.43478862386956585,0.6191692348650033,-0.016575238475605488,0.4281839792800761,0.609954555817493,-0.018898197339077324,0.4354175239212146,0.6029532972630097,-0.01203535539868255,0.43092001001067637,0.5768162830355932,-0.01767159991935657,0.4259308171371745,0.5630544301516625,-0.021664989718414462,0.42137192114988037,0.5538708008623463,-0.024334209153846206,0.4228224452170405,0.6039661293349905,-0.00927625071949163,0.42114759764871057,0.5852943922653626,-0.015623587708369663,0.4216831392619597,0.5913269240931762,-0.01879864626406435,0.4225385192287153,0.599569279218038,-0.020237654956675045,0.4124079950506176,0.6109756925851775,-0.007157781520397316,0.40897950722980847,0.5914767680771458,-0.013373864046284585,0.4099835105345271,0.6020236033876938,-0.015174857298119843,0.4114414029054344,0.6156600468281181,-0.015285915013239133,0.4039982465471806,0.6210716332639046,-0.005640805879516948,0.3987252491116365,0.6054555017745209,-0.01053012358800754,0.4002466630971833,0.6084272403946257,-0.011802787352055314,0.40265713017797283,0.616066849173786,-0.011809240594911362
0.42727560045777346,0.6786371235461675,3.8508611530665515e-08,0.4371609410534179,0.6590116722787744,-0.009146387455396771,0.4376867485585566,0.6346066517099067,-0.01265704002891503,0.4304900490402257,0.6191311105782538,-0.014521285095970327,0.42358923533591475,0.6104456455371681,-0.016157662252039406,0.4310164647923645,0.6047483228429489,-0.011273249122165365,0.425991885326578,0.5785676013449429,-0.01614049980319343,0.42068316747190226,0.5650120279060619,-0.01961561642530499,0.4159100012469598,0.556153406371768,-0.02196491788204897,0.4184477133926188,0.6066862848783087,-0.008427575411976399,0.4165413857594787,0.588347176082935,-0.013670137351908015,0.41732804725825323,0.5942426832397191,-0.016321971129089625,0.4185013213880991,0.6026271610478766,-0.01758362089413469,0.40838676073387364,0.6143433268107242,-0.006113819621437619,0.40478150556599146,0.59508692417603,-0.011332971926762952,0.40602682561776554,0.6049470707514937,-0.012955885292905985,0.40772506521391655,0.6181371775143021,-0.013168892202880594,0.40048340497721857,0.62464099199727,-0.004322190055581656,0.3950446949790091,0.6093552006717788,-0.00844510415991377,0.3966120345344367,0.6120240907686991,-0.00951891503055222,0.3990817410111278,0.6194568883340156,-0.009510209908271727
0.42535623568919767,0.6821593900982024,3.1682980686234066e-08,0.43481059968691016,0.6611007865934561,-0.008971835083802676,0.4343317622288455,0.6362807660119407,-0.01215519129365014,0.4262449731027424,0.6209251401381972,-0.013567011088372813,0.4187664967891366,0.6126154804532474,-0.014696722560599871,0.42809960930790425,0.6074634320197704,-0.011092527840185476,0.42212786642818323,0.5810275294224053,-0.015629882458775782,0.41619867017423473,0.5674433671853135,-0.018887017339229338,0.4109594842460241,0.5586923941684514,-0.021091035446725668,0.4157086778006538,0.6102474001462576,-0.008009349233953184,0.4123309711848204,0.5919835431680688,-0.0126871864663135,0.41275989687899944,0.597857962897456,-0.015030458685245511,0.4140942112637823,0.6064528434421459,-0.016151755011367154,0.4057878834825841,0.6184144436317125,-0.005436186834755823,0.4010443057298414,0.5990578814555464,-0.010171802468779686,0.40203019723876093,0.6083868400639229,-0.011768945188127766,0.40379407580044785,0.621188399265691,-0.012051156593545984,0.39811427329329774,0.628811149539347,-0.0033525944989382973,0.39201312719922154,0.6137372533669421,-0.007154327539577937,0.3931596188439751,0.6159877140358013,-0.008275713158479798,0.395408317092755,0.6229905376896736,-0.008354701461835189
0.4239375792095025,0.6852885756938731,2.6090791366093524e-08,0.4327518928503068,0.6628032513311534,-0.008583519388080704,0.43138780490366213,0.6377750826504679,-0.01117234940444797,0.4224738773714184,0.6229320522947598,-0.011975194227680284,0.4145218379762031,0.6151990368932707,-0.012419574967209138,0.42538522954591995,0.6097548193399865,-0.009597411185035572,0.418693145757652,0.5835549306048727,-0.013500854749120248,0.41226585221807877,0.570185676505902,-0.016493939665887105,0.4067543271728104,0.5616299401831139,-0.018557906384153684,0.4131309924094926,0.613392013439261,-0.006392295083202503,0.40881358428278664,0.5956928753734181,-0.010444016907840635,0.4089452367769183,0.6016182934208817,-0.012821627789747958,0.410409606576665,0.6103837515723896,-0.014021692956018444,0.4033615404730591,0.6220226708275103,-0.003718676997176918,0.39789598496285905,0.6030847063560475,-0.007942244537733859,0.3986007010125624,0.6122048092630593,-0.009805003936024775,0.4003961581717882,0.6247184032642994,-0.010334925519775042,0.39586150432979406,0.6326207780411898,-0.001507903354186173,0.3892960950924615,0.6179738981505322,-0.005007766128903069,0.39009554179927086,0.6201874508886854,-0.006330029503998421,0.3922122966917199,0.6269212900764356,-0.0065829004860448
0.422823572040145,0.6885937941485474,2.1868221535618917e-08,0.43140711195217524,0.6644700829901894,-0.007745061672152816,0.42930826388177745,0.6386928030998077,-0.009461794909582402,0.41989384910076266,0.623804270348014,-0.00945764898095612,0.4117575388402705,0.6163478347066054,-0.009053170074671026,0.42230402926344246,0.6122399574779852,-0.007690272535473515,0.41540356881596496,0.5861487729113207,-0.010518298798101058,0.4089021165086554,0.5731288454592427,-0.012856920468039967,0.40342837018349104,0.5650645207325666,-0.01450579816625324,0.41019898944397437,0.6167714062346512,-0.004406124426285688,0.4056829514974437,0.5996580086915333,-0.007243937209142746,0.40598803868324307,0.6053719058229933,-0.009188425033023757,0.40780246987802343,0.6141768094661204,-0.010179269930529396,0.40083718088073267,0.6259751281740686,-0.001618039872501025,0.3951619319942658,0.6074133738744173,-0.004817274155959106,0.39589868192348493,0.6158978714489193,-0.0065737829980330904,0.39788806752349754,0.6280587742597927,-0.0071525814041310705,0.3938378565931505,0.6368208522094957,0.0007653102419259005,0.3869849318497365,0.6224898239737666,-0.0020529141739072444,0.38763308901307136,0.6243408597039043,-0.003315411845096554,0.38978026707971386,0.6307123586585495,-0.003568825528412353
0.4220623619146069,0.6922148629450446,1.5396553228774555e-08,0.4306293094509304,0.6667119897902731,-0.00667579894158772,0.4280660257681553,0.6401805581637384,-0.007794186833739161,0.4183508612918763,0.6250859711084414,-0.00732796801459564,0.41013900905313444,0.6178231974453767,-0.006473120748550788,0.419930008283256,0.6152531452539127,-0.006482684835235258,0.4128572655662337,0.5890792962221623,-0.008550057497888806,0.4063932303734657,0.5763861081251918,-0.010341017420720949,0.40106088947218604,0.5688578934453861,-0.011629461901420364,0.40777162258032207,0.6204061945459977,-0.0033819860304993713,0.4032628621839945,0.6034827901998053,-0.00530185056562376,0.40394277135957884,0.6090413137890558,-0.006770877959840353,0.4061091772208576,0.6179156861924415,-0.00753352286740998,0.39868910746848035,0.6300788001041411,-0.0006610156207236712,0.39302865061700193,0.6117308604322558,-0.0030112979039575933,0.3941889688292622,0.619613690849664,-0.004466869332601474,0.39652285477920235,0.6313864723446608,-0.004992139214733285,0.39204001594181426,0.6410970188065344,0.0017480533944011203,0.38504418735418533,0.6269088533359216,-0.0003812831461045621,0.38594996563511974,0.6284688751535658,-0.001346800228161488,0.38838202338325434,0.6346120816901106,-0.00146113610852665
0.4213735618428653,0.695491477854818,9.54050186465069e-09,0.42992549535192653,0.6687406353809293,-0.005708249744835736,0.42694195545816266,0.6415267906432985,-0.006285209845991227,0.4169546500779148,0.626245750184041,-0.005400872783986527,0.4086744417857099,0.6191582164187414,-0.004138498413262949,0.4177818158635709,0.6179797037777666,-0.005389968820757121,0.41055317921445145,0.5917310537317214,-0.006769044997782305,0.4041230018361238,0.5793335239341985,-0.008064439454468535,0.3989186151788154,0.572290421874886,-0.0090267368993464,0.4055751588001733,0.6236952239028407,-0.002455268719701273,0.4010729836776536,0.606943739665541,-0.003544504762533359,0.4020920599304911,0.6123616696086612,-0.004583299863358375,0.40457695889558126,0.6212989025619065,-0.00513945228722878,0.39674536937195976,0.6337921105620646,0.00020497177377756793,0.39109829746429564,0.6156376464181624,-0.0013771150020119194,0.3926418920597227,0.6229760432198489,-0.002560375665196842,0.3952875077906841,0.6343976234088577,-0.003037208920028069,0.39041319474215536,0.6449664153896882,0.0026373131811781225,0.38328805602734206,0.6309075228748074,0.0011313341106115732,0.38442694923716586,0.6322042134556769,0.00043454736231846513,0.3871167875093191,0.6381408438725802,0.00044605951975015324
0.42116385673513856,0.6991464699864024,3.5550450844353193e-09,0.42982641180869374,0.671388619615064,-0.004913868208309557,0.4265302824913596,0.6436520087353446,-0.005123386292434156,0.4163022375546844,0.62817475228479,-0.00398875247621104,0.4079038650887059,0.621153721107569,-0.002478609365210414,0.4166520694916527,0.6211113357041532,-0.004767266776311257,0.40918045775632733,0.5945616161882161,-0.005727790307195771,0.40269760698315316,0.5825324421513716,-0.006614538523634808,0.3975953555138915,0.5762402125762291,-0.007265081783004439,0.40429329344986187,0.6271174062740356,-0.0020126012510249267,0.3998508192031613,0.6106252982231265,-0.0024958518626214763,0.4011469218209793,0.6160546599009187,-0.0031050401655816472,0.4038464107828164,0.6251213483550712,-0.0034446479819090735,0.39553203756095695,0.6375155473725704,0.0005540946769959107,0.3900232181704852,0.6196469950366978,-0.0004605560360620184,0.39188825443294684,0.6266388660904821,-0.0013488638114477923,0.39474627510012295,0.637901143326771,-0.0017460341051875883,0.3892816128473182,0.6488531408361974,0.002963310390900032,0.3821828503980617,0.6348876034472151,0.0019363728871876042,0.38357012176242605,0.6361229863433182,0.0015209090264284662,0.3864717898677547,0.6421149541174169,0.0016809819656622084
0.4214728032414734,0.7032053645120373,-3.759710122423462e-09,0.43032058469800394,0.6744957467577838,-0.003855320398115895,0.4267694146332046,0.6463782731803931,-0.003534864973009569,0.4163598744484688,0.6309059057293056,-0.002002071814970194,0.40783858624972597,0.624209659051626,-9.306027499729214e-05,0.416539979979716,0.6244659242342298,-0.0038822189392874354,0.4088806430648572,0.5976997816038306,-0.004398892513341834,0.40229597919186566,0.5861664338211241,-0.0048841116649767525,0.39721785068278886,0.5806222670183779,-0.005189704258804781,0.40397903478427793,0.6306332285736678,-0.0013394338720255992,0.399393341171848,0.6148046768265527,-0.0010915297283450567,0.40075962285469524,0.6203305027125777,-0.001192981320855231,0.4036455665702388,0.6294952247034065,-0.0012312862722206465,0.3951636171987134,0.6413478919224906,0.0011185120014706833,0.3896258198813131,0.6241125387649108,0.0007883039706525262,0.39163071742690053,0.6309190491246288,0.00030339672714584077,0.39469856287161714,0.6420422573080614,0.00010701559721237658,0.3889005555851729,0.6529524902706045,0.003513995233107833,0.3817891774721882,0.6392982911344384,0.003069685480364564,0.3832586505698999,0.6404602473716821,0.003018819544350953,0.38630822101310824,0.6464112018035886,0.0034403418775649677
0.4222937163938888,0.7076809166497221,-1.1211743791102437e-08,0.4311181030986178,0.6790383479101522,-0.004139716246637969,0.42760766407016637,0.650846003061903,-0.0040246735601362936,0.4168514420590036,0.6354808432594514,-0.0027177992824701535,0.4079238298587474,0.6290445517063434,-0.001011632964853397,0.4172884066938975,0.6284072232986749,-0.003987640361409692,0.4096003622888237,0.6015345681883782,-0.004903727939823707,0.40287090836703066,0.5904592422098128,-0.00567773197833961,0.39771632629899534,0.5855680801921299,-0.006130837269638099,0.40466509098579084,0.6344666966064606,-0.0014845669338113534,0.3996624858754869,0.6197637650616589,-0.0017162088735819272,0.4011228258673101,0.6263128639818807,-0.002045253696104193,0.4042658133452062,0.635799519216263,-0.002154857688911021,0.39572864208878744,0.6451993492521709,0.0008642680151712922,0.3898556315256597,0.6291121099364585,0.00014405210334355754,0.39200166334067726,0.6365111671960999,-0.0003686407600082502,0.3953664753312949,0.64765784039868,-0.0005051241268797396,0.3893873430486668,0.6569788474432553,0.003107139491681264,0.3819835837464926,0.6440280627222816,0.0023799899772618976,0.38356896823275616,0.6457443219245927,0.002340951061172214,0.38689484190569623,0.6519081780806375,0.002843698788773434
0.42344472676484596,0.7131076530022541,-1.4572232107401563e-08,0.43221603401664466,0.6854255209819949,-0.004882721875269903,0.4287623131026903,0.6574564339463767,-0.005300320009093567,0.4178409497307697,0.6417155171402186,-0.0045316909186588145,0.408481467770305,0.6347552772864248,-0.0033180384771779453,0.4192819717235763,0.6334796420308145,-0.004412153033060593,0.4118149876106374,0.6064935173919888,-0.006160942165555692,0.4048633988601558,0.5955649061864937,-0.007485955186297139,0.3994698822846633,0.5907398271669464,-0.008269175475103183,0.406614349216581,0.6392641479651112,-0.0019426601437682962,0.40095198631824847,0.6246871574193025,-0.003325331250667185,0.40237324979076605,0.6325095505745939,-0.004057113370110138,0.4057720677957989,0.6422341955587831,-0.004192622334069173,0.3974168486973305,0.6498043304408129,0.0002208210705861804,0.3909856165740998,0.6342034885707526,-0.0014767831988416868,0.3931911258498146,0.6425993653971428,-0.0019279728672450674,0.396877323048873,0.6536253882538761,-0.0017703171136387353,0.3908164519364787,0.6615468996047744,0.0021879925632136204,0.38311921342817445,0.6490529326629028,0.0008533051883910356,0.38481009275407035,0.6516445087574521,0.0008752404797739471,0.3884541582221234,0.6579160227688586,0.0015687648272454907
0.4244862473640763,0.7180181714826861,-1.7613054234823223e-08,0.433209524341763,0.6912051147137538,-0.005555049151453093,0.42980712623608974,0.6634380481087602,-0.006454620689129278,0.41873633056246784,0.6473571181545538,-0.006173036254488452,0.4089860604190367,0.6399227705412945,-0.005405047345105668,0.4210858990353598,0.6380695473268475,-0.004796283969944362,0.41381894687151527,0.6109807469395402,-0.0072985639861622015,0.4066663538505915,0.6001848942757749,-0.009122171302688838,0.40105663139402015,0.5954196121143219,-0.010204104425622577,0.408378184410263,0.6436052421376033,-0.002357177272871951,0.4021188231320088,0.6291422124630852,-0.004781385987187997,0.4035047272360707,0.6381167778386873,-0.00587759504960664,0.40713503990930816,0.6480567738163028,-0.006036544776358329,0.39894446478396245,0.6539712631532003,-0.0003614180336018266,0.3920081118829769,0.638810550209727,-0.00294343666937628,0.39426744083058096,0.6481084242193583,-0.0033389736294517627,0.3982444514952042,0.6590252735849794,-0.0029151587162521224,0.39210961695284724,0.6656804161608627,0.0013562794145977283,0.38414681642499665,0.6535998122425003,-0.000528153829061877,0.3859331554021364,0.6569834407782125,-0.0004510444969345363,0.38986514469562006,0.6633523716998898,0.0004151088593279883
0.42584920908536406,0.7233272556509929,-1.953946931895547e-08,0.4348793046253228,0.698184425432074,-0.006292728086319417,0.4319671321545903,0.6710658072348337,-0.0077870902280678935,0.4206839460808526,0.6550265012566936,-0.008083097288021297,0.41074941814509375,0.6470912568479956,-0.007843851565101883,0.4236489143690381,0.6435942592118946,-0.005500817267913138,0.4168662427262943,0.6159018009912954,-0.008847649862640158,0.4095489797279593,0.6052490526062041,-0.011144285639264924,0.40379233079361343,0.6009097216726504,-0.01244073621117691,0.41091834484335277,0.6487561069066616,-0.0030616155004621107,0.4042016711950504,0.6339218718323383,-0.006549858517922157,0.4052530938415281,0.6439731588662009,-0.007941154243730812,0.4089085635781603,0.6543427369105299,-0.008044923479416946,0.4012986730560456,0.6587857790242243,-0.0011960847252892727,0.39387860615200077,0.643975349192192,-0.004711975560197765,0.39613371528737823,0.6540658766018035,-0.005060874457762769,0.4003740515758486,0.6649237175246151,-0.0043483715508290605,0.3942881336690218,0.6703402859202686,0.00031743799545065534,0.38593021641846875,0.6585221688697233,-0.0022046249325485233,0.3878428618005222,0.6626558732060093,-0.002095597813468093,0.3921415349809134,0.6692167415468622,-0.001035766522626267
0.4280449314996701,0.7285495074710343,-2.1700496278303575e-08,0.4373522456083407,0.7045872707630355,-0.006682494263136384,0.4352865682805328,0.6779016160096192,-0.008583440902414854,0.42395371938104853,0.6617460711123622,-0.009339544143859577,0.4138598348493621,0.6536244819460819,-0.009534017516449082,0.42677804377369416,0.6488869803791052,-0.005724033145798357,0.42053660168550483,0.6211433194096047,-0.009705880690244724,0.413245073181618,0.6106191553378951,-0.012356263927491958,0.40750054954259474,0.6066486159360394,-0.01381442967489192,0.4139808871764746,0.6536119211179524,-0.003416245228841256,0.4069092847400422,0.6390873989025476,-0.007669281262789014,0.40794797880250283,0.6502646086540028,-0.0092006118259007,0.4118338324677212,0.6607740874753095,-0.009218511384883898,0.40419217513842304,0.6632749217701284,-0.001788541142152179,0.39625584836624655,0.6492009069798381,-0.005964933166839593,0.3986814427705001,0.6602110222906342,-0.006113828092885099,0.40330177751848983,0.6708442883801986,-0.005108551539990892,0.39699745986239443,0.6747806593698785,-0.0005782428935919379,0.3883144657707941,0.663638881062894,-0.003511721920859334,0.3905141811429907,0.6686460369031795,-0.0032434004710805014,0.3952480733414415,0.6752449269104339,-0.0019676327833888004
0.43068216740968207,0.7330769211553066,-2.367289148586964e-08,0.4402983836672179,0.7102210303753957,-0.006981648179274003,0.43930660176601666,0.6837623071520209,-0.009156028325101364,0.4282364566218972,0.6675593283547216,-0.010227319206519035,0.4179815658974812,0.6593784925851529,-0.010730139099740918,0.43049250919851906,0.65380314094309,-0.005905990696584588,0.42481894045618246,0.6265848539466645,-0.010418802379212364,0.4178916145965908,0.6163914097101917,-0.013401651027647205,0.41244206464919453,0.6129075824800025,-0.015018229387649306,0.4176040683271942,0.6578578309860186,-0.0037130228594445267,0.4103068542846113,0.6447459841055971,-0.008612099865966286,0.41147879412818444,0.6567371035411766,-0.010368607724237056,0.4155438003170764,0.6674878825765758,-0.01041400309059165,0.4075849991840628,0.6671551338419852,-0.002272235724743859,0.3994926482777897,0.6548739815255484,-0.0070447335718391456,0.40222170229447834,0.6666550819564574,-0.00714816657085786,0.40715415381961023,0.6771473118591179,-0.005985189147205204,0.40008356167806364,0.6786211808426105,-0.0012968889056733605,0.39147982675457105,0.6687430050537632,-0.004664313889467125,0.394025336639676,0.6746847786616048,-0.00435145547257581,0.3990460654147315,0.6813622532881446,-0.002945871210611336
0.43374973655035687,0.7369949047630052,-2.3822816425425096e-08,0.44363457314078336,0.7154416491114017,-0.0071439711446326095,0.4437125421173794,0.6895103371756621,-0.009558364887996813,0.43341941371362275,0.6732780216740525,-0.010934745858448643,0.4235182871901013,0.6649434562618248,-0.011748972013146484,0.434650573052596,0.6584336384859488,-0.006098656366851155,0.429503292810991,0.6321518188602749,-0.01099955546890003,0.42339767105509785,0.6224606620807824,-0.014236783486355615,0.4187587124271196,0.6194059484797504,-0.01599012432718239,0.4217036028226549,0.6616669920129545,-0.004041691075763145,0.4147058038206642,0.6510588952330132,-0.009385659777325726,0.4160548829152477,0.6638771627535854,-0.011307178898135567,0.4202071062181713,0.6746792251131789,-0.011408773043108474,0.4114558591186196,0.6706437259212644,-0.0027748539896124357,0.4038511588746309,0.6610608193074556,-0.008016532472424434,0.40683216607227646,0.6736113230512786,-0.008083226698844048,0.41191101802706015,0.6839803666750872,-0.006816435899970671,0.4035913800820036,0.6820965544463049,-0.0020042461475824765,0.395558323381412,0.6741346434066299,-0.00573861408886436,0.3984668077120271,0.6810961948763471,-0.005385320974929364,0.4036574128210253,0.6878525862010461,-0.003869609130701463
0.4365255034158797,0.7405401904857319,-2.3958479766803607e-08,0.4466534078509904,0.720165656897497,-0.007290853150577133,0.4476993677366033,0.6947115862918088,-0.009922429216740147,0.4381093424164111,0.6784527247375973,-0.011574878605312177,0.42852832830177745,0.6699790532029735,-0.012670888525161326,0.43841310140699724,0.6626236603113493,-0.006272994730266836,0.4337420465135566,0.6371892266708545,-0.011525064466245865,0.4283799643226132,0.6279525772931892,-0.014992474035092683,0.42447448957804174,0.6252861579208234,-0.01686956783642692,0.4254131694191113,0.6651138068944226,-0.004339094753649612,0.4186863036253391,0.6567712911820144,-0.010085634862476042,0.42019567161350235,0.6703380243905348,-0.012156468562351341,0.4244268155092907,0.6811864917521101,-0.012308915581511544,0.4149585038039351,0.6738004659512083,-0.0032296607312534338,0.4077950664910313,0.6666591346281024,-0.008895889078418583,0.41100405984295446,0.679905852254733,-0.00892933930511595,0.4162153858979426,0.6901634276848536,-0.007568610370239426,0.4067655175339751,0.6852413334071226,-0.0026443160870483024,0.3992488533348596,0.6790134025818763,-0.006710721565618888,0.4024857841951776,0.6868977256239287,-0.006320840102041472,0.4078301061651073,0.6937255267020321,-0.004705476553219973
0.4394743796466376,0.7444865185306464,-2.137085648206606e-08,0.4495742802802531,0.7257450652598613,-0.007455903658586328,0.45154671790403816,0.7016240443282034,-0.010453693017280339,0.4432350447746359,0.6861222115516423,-0.0125359541376367,0.4348032501329279,0.6779768640062664,-0.014081683235374752,0.44253292761941887,0.6671450535834311,-0.006463669509964807,0.43858976318617793,0.6424946745486425,-0.01199692791554192,0.4341095089731596,0.6336086184590324,-0.015695967553854443,0.4310192562401341,0.6310702483504081,-0.01773527451330187,0.4296047575052357,0.6689470304967221,-0.00465245098979118,0.4234576012777068,0.6623847923877252,-0.010656186575718325,0.4250616876072582,0.6769099519096818,-0.012839843876377816,0.4292270902097052,0.6878017991234063,-0.013058148695786611,0.41902980060248907,0.6773447636957776,-0.003693193870427996,0.41258778292416587,0.6720873865283337,-0.009636297483077427,0.41587694012000337,0.6859748975514652,-0.009634249883200172,0.42097180361422615,0.6960579903759349,-0.008216578055929107,0.41060612646954525,0.6887463904037694,-0.003287128935053962,0.40379312191194844,0.6838298894060592,-0.0075649525790528966,0.40724278587220014,0.6925422371552815,-0.007091192579321578,0.41254230244280743,0.6994621654321829,-0.005366482722731694
0.44309664040589586,0.7489398399609105,-1.4661021446458515e-08,0.45338543494973166,0.731099668609748,-0.007350116755626876,0.4562500887872661,0.7072432362424639,-0.01041524255261611,0.4487433907206717,0.6914915576015657,-0.012681196690928332,0.4409931450944857,0.6829652007540987,-0.014452812589691192,0.44720670626478803,0.6714593463362245,-0.0062455334207841854,0.4440233028666584,0.6479750404587232,-0.012002758219565023,0.4405557851501427,0.6395486493941592,-0.01593888794956335,0.4384663629722705,0.6372447732527067,-0.018104408974253697,0.4343831382124066,0.6728533853224973,-0.004676858860835977,0.4293539826309784,0.6672969176499329,-0.010892816020750418,0.43136831022969074,0.6815372915597858,-0.013306823458317796,0.43565090736366313,0.6921840019192607,-0.013644954874806794,0.42363475837630116,0.6810594503451745,-0.0039717373352459,0.4184610129396484,0.6773978297698952,-0.010275237633573063,0.42186305531720036,0.6921528121445019,-0.010356420840828023,0.4267728671578485,0.7027413401091613,-0.008864860685714794,0.4148724065757002,0.6925482654369783,-0.003817857766433721,0.4091286647746919,0.6886466753745644,-0.008339394497871864,0.41283505976724644,0.6980925934674593,-0.007808137140191278,0.4180330817614237,0.7054948242826766,-0.005955766682450932
0.4463993154159959,0.7536126408214988,-1.2056636581894163e-08,0.4569082443024465,0.7367194563423664,-0.007295930417063165,0.46079102041205977,0.7134079597739088,-0.010554299411854108,0.4547494977082884,0.6977169733909885,-0.01310166921090837,0.4482252378677751,0.6891814456740645,-0.015196158776687984,0.45176144566349946,0.6759748417182472,-0.006195117320188571,0.4494375129442907,0.6537991586864684,-0.01215460997940788,0.4469307536064489,0.6457142784382524,-0.016321945827163346,0.44576463109361414,0.6433420667053525,-0.018658273931245497,0.4391171836605453,0.6769161396845716,-0.00480368684290384,0.43534207801785946,0.6729379874982713,-0.011260982247686662,0.43747538644588346,0.6881547453000662,-0.013817287043303388,0.4415608441133533,0.6993155094074167,-0.014225738717863166,0.4283300523577063,0.6849223529468055,-0.004276540061485506,0.4243452229831651,0.6826904783352049,-0.010783679238724262,0.4278114411138615,0.6980376604319756,-0.01084747451391556,0.43249957468907607,0.7090268111673945,-0.009305844960170792,0.4193798195967127,0.6964184462892,-0.004315219423058639,0.41464886988078475,0.6934593038494214,-0.008968920418795533,0.41853455810611756,0.7034879037281264,-0.008395560981104768,0.42360522968409825,0.7113036120569037,-0.006479936077826848
0.44938782372345965,0.7578409418648305,-9.699993624357866e-09,0.4600959466903603,0.7418046622054174,-0.0072468985497273035,0.4648999962703625,0.7189862644604429,-0.01068012849820735,0.4601842742373495,0.703350196989196,-0.013482144315233726,0.4547693783803074,0.6948063707810564,-0.015868794215648147,0.4558829158323034,0.6800608009543877,-0.006149497047228273,0.45433669671074545,0.6590692581222407,-0.012292016852444299,0.4526993036857718,0.6512934025006146,-0.01666856535404569,0.45236865202938054,0.648859355594072,-0.019159452527420146,0.4434009034048156,0.6805924248549603,-0.0049184503230735675,0.4407605562982996,0.678042451017445,-0.011594126691012684,0.4430015275135307,0.6941427142696456,-0.01427919281959742,0.44690859859086673,0.7057686328022156,-0.01475127554316591,0.4325787068654924,0.688417797239869,-0.004552348452174562,0.4296696980054225,0.6874796641187118,-0.011243755375857877,0.43319398717575286,0.7033627129852833,-0.011291816744666333,0.43768152961323625,0.7147143772816528,-0.009704880639928063,0.4234584653058036,0.6999204764898346,-0.004765269590904996,0.4196439659068883,0.6978141314161251,-0.00953856273561167,0.4236918921102211,0.7083699855212301,-0.008927106174986574,0.4286473274704092,0.7165598393473527,-0.006954243900367255
0.4527231286994857,0.7616647864959016,-9.05782321738586e-09,0.4638483569625652,0.7465160093313726,-0.0070980947909301696,0.4698875201526001,0.7240320339367251,-0.01053098019745615,0.4658714887736024,0.707923606357547,-0.013407499078527023,0.4601840407445863,0.6992245251312947,-0.01593067996709505,0.4605360099590014,0.6840679089522604,-0.006008098550096045,0.45965134336409946,0.6642403239259513,-0.012227658353203266,0.45877991749121005,0.6567555388197596,-0.016748195573708907,0.45918541798609064,0.6542704035688455,-0.019342383330905676,0.4480535378091833,0.6839685188101402,-0.00495725265481813,0.44629575215190476,0.6830472283546903,-0.011819282717989724,0.44848029235138753,0.7000673197052822,-0.014651162885187039,0.45212369793853424,0.7122825291942418,-0.015175659023520043,0.43712953747556,0.6915258588292468,-0.004747763290611356,0.43507349266549433,0.6920951687593506,-0.011568862152807974,0.43860057561230986,0.7086010187770214,-0.011634928469687266,0.44292588290986723,0.7203876239528733,-0.010019282595978096,0.4277822637822917,0.7030482242997109,-0.005118431691087107,0.4247031299290156,0.7019802601323876,-0.009967467752368842,0.42891045121984106,0.7130387336089592,-0.00933445636105151,0.43386067363238817,0.7215915512355106,-0.007317859299773111
0.45605840457760166,0.7650332741676968,-5.78501039679568e-09,0.46761245855542466,0.7507020567843423,-0.007036023989113589,0.47475884102672905,0.7285972409869049,-0.01052758704587671,0.47169829237891975,0.7122478634377822,-0.013521098146082473,0.46587364183477564,0.7040699489696618,-0.016213172761478097,0.465145950771477,0.6879083499563119,-0.006013742728243428,0.4649135720529437,0.6690015244263396,-0.012331080179899784,0.46473739398391833,0.6618182517668216,-0.016961547752863317,0.4658134087068012,0.6593682564972779,-0.019650819704682715,0.4526562616007029,0.6872075916775445,-0.005145642629092885,0.4519970661947696,0.6875962872031163,-0.012321477012407114,0.4540693454471592,0.705615107925072,-0.01525283675211108,0.4573515837423914,0.7183755552653429,-0.01576751517600693,0.4415840295122577,0.69447322095719,-0.005109538502842342,0.4405574587919414,0.6963835474541865,-0.012199878679066987,0.44404742590628515,0.7136372430551777,-0.012270133964623795,0.4481525679986764,0.7258188555446331,-0.010580612875902683,0.43200324565301307,0.705934412799611,-0.005657218994779075,0.4298204290758286,0.7059556819587475,-0.010674691827587889,0.43420178393592246,0.7175596927130029,-0.010052578562387653,0.4391001186556434,0.7263907857448764,-0.008012892445380464
0.45929233891166266,0.7684460558755103,-2.7546717447317645e-09,0.4711699713140729,0.7545906210060148,-0.006938885423737153,0.47925256327588917,0.7327442005039413,-0.010538612095706569,0.4771458001343009,0.7163230253923129,-0.013725462267532908,0.47117160869876723,0.7089086442261986,-0.016651844518267785,0.4694176489485947,0.6913146482188801,-0.005991501259259548,0.46990263948351424,0.6732934868255447,-0.012458057877072359,0.47039723615628287,0.6664179774396742,-0.01722280258003358,0.472050317643804,0.6640301133599463,-0.020018894163592663,0.4569068264809788,0.6902304568624176,-0.00536490047076215,0.45738871267462655,0.6918233840995535,-0.012891883680345778,0.4594840736032585,0.7108753509842,-0.01590952833429725,0.4624862488368661,0.7241726868518528,-0.016403928960412626,0.4457218925104329,0.6973863282856603,-0.005568313509248892,0.4457470971951311,0.7004164180374405,-0.012935518547342565,0.4493013328656266,0.7184358603773203,-0.012970525912712357,0.45326860680002645,0.7310363326982398,-0.011176673890425105,0.4360121180388289,0.7089487339013165,-0.006365357637229629,0.434679118810515,0.7097529360246891,-0.01152367955443424,0.43927756266908324,0.721708496822951,-0.010891778383552346,0.44419898562508675,0.7307504464086895,-0.008820794515131455
0.4623622920863248,0.7714673036606683,-1.7685722896839577e-10,0.47455930297204746,0.7580475124386519,-0.006839253236694522,0.4834439719665323,0.7364217929505773,-0.010526940050529274,0.4821973398975206,0.7199825286412072,-0.013873739129250095,0.4760903103769217,0.7132860667437515,-0.017013923876498176,0.47339044653205054,0.694647769773777,-0.006103834305257406,0.47450935431884955,0.6773054691737165,-0.012711520723010029,0.47559643177668415,0.6706472690213924,-0.01759173687167599,0.4777606359877638,0.6681969041391626,-0.02048364082436223,0.46084797629001767,0.6932262525195415,-0.00569906412960706,0.4624086537247647,0.6956713757959629,-0.013585423864445072,0.46453795276728377,0.7155470527569564,-0.016703732999975955,0.4672529700874097,0.7292933684156849,-0.017195906367712763,0.449541556783201,0.7002660919664907,-0.006107740099452243,0.4505639423051288,0.7040638874464488,-0.013748354523721498,0.454173894938898,0.7226998898955045,-0.01378292558486329,0.45797248512718036,0.7356249924812388,-0.011917067407714733,0.43970696532227543,0.7118626020868347,-0.007110715095526322,0.4391052625636087,0.7131225992246416,-0.01241751576727938,0.44390062395207736,0.7253401200036266,-0.011796462394282331,0.44883250628527094,0.7345783342012411,-0.00971612746410101
0.46514021620478796,0.7742011554860035,2.155742882123395e-09,0.47762622472051824,0.7611755673434919,-0.0067490985536702705,0.4872366732325232,0.7397495547026804,-0.010516378307738728,0.48676835233492305,0.7232939219290923,-0.014007911166066105,0.4805411209417356,0.7172470872858815,-0.017341560464029047,0.47698533205536753,0.6976638284008394,-0.006205481679019784,0.478677855764924,0.6809358120140634,-0.01294087293550495,0.480301054319375,0.6744742495714006,-0.01792557631761293,0.4829277607448163,0.6719673292706301,-0.020904178495289107,0.4644142245309898,0.6959370733485359,-0.0060014404964783006,0.4669510732742019,0.6991533275825006,-0.014212991092647124,0.46911108207017266,0.7197743592631005,-0.017422389008801775,0.4715662573509306,0.7339269455453116,-0.017912546985939488,0.45299787579006084,0.7028719183518829,-0.006595853777352606,0.45492258539988434,0.7073643916125281,-0.014483869541270941,0.4585829549251432,0.726558303938483,-0.014518045801590376,0.4622289073954956,0.7397771563604217,-0.012587031049443238,0.4430503405461838,0.7144992887885674,-0.007785170483760919,0.44311036973755025,0.716171723475625,-0.013226325880121426,0.44808391689125254,0.7286262853126069,-0.012615088409081855,0.45302526365419715,0.7380420944662067,-0.010526291936160427
0.46750889164835063,0.7767916871769897,4.212206596978704e-09,0.4802692633862723,0.7640735322571792,-0.006690484642766904,0.4905729430897367,0.7428168612415648,-0.010540781304968307,0.49081754315205206,0.7262352192251982,-0.014170171989873855,0.48453414929331523,0.7207240531322732,-0.01768032782794033,0.4801670462606419,0.7002488107950371,-0.006253581261811433,0.4823633290373275,0.6841600716037053,-0.013102037218720114,0.48451725311352795,0.6779356693654338,-0.018193994002784056,0.4876219207032834,0.6754294869629501,-0.02125336888518049,0.46758464821221396,0.6982439145649731,-0.006215819314903104,0.47102130374615825,0.7022594709842211,-0.014710788496189372,0.4732029378653114,0.723572600263798,-0.018002276033658535,0.47542117419652274,0.7382451095477679,-0.018480657024304053,0.4560945600299723,0.7050631199935125,-0.006969400025301461,0.45885133823427304,0.710331368796669,-0.015053085595079693,0.46254523487879023,0.7299842221292653,-0.015088076327597443,0.46605906235297373,0.7435822565212805,-0.013094676453681939,0.4460695993437324,0.7167149168409612,-0.008327037601478742,0.4467688679300724,0.7188343268897226,-0.013859759893385244,0.4519079997454636,0.7314866834547998,-0.013253691165658145,0.45686200712850766,0.7411430428792589,-0.011148596082418093
0.4695288702800542,0.778873823275579,6.820096805835908e-09,0.48257418496025395,0.7665437847898614,-0.006694103742053279,0.49354331063292595,0.7455167995493421,-0.010653303073677907,0.4944191579001959,0.7288056277681374,-0.014432363137183497,0.4879838839569049,0.7237524129289433,-0.018124154419613854,0.4830103855310321,0.7023979670598149,-0.006312004731661409,0.4855765575130792,0.6869365115992415,-0.013287597358172499,0.4881712764820486,0.6809484197174491,-0.018479606392043824,0.4916734616836222,0.6785207525717643,-0.021607657006306093,0.47036588299621385,0.7001161454720816,-0.0064116995502318955,0.4745236772370716,0.7048850322604521,-0.015188912109503365,0.4767047798221615,0.7269222573122565,-0.018552342379737474,0.47869490621570443,0.7420185347721682,-0.0190053196466157,0.4587689128552838,0.7068493824698389,-0.007306891174532165,0.4622157868439437,0.712923818084102,-0.01560013796386641,0.4659391736949819,0.7329917062208569,-0.01563605191233534,0.4693272785506356,0.7468346504816141,-0.0135810881213563,0.4486377037608962,0.7185550335358614,-0.008818083271255975,0.44991334597559346,0.7212008370436882,-0.014458850107174988,0.45519500840995825,0.7340770559557284,-0.013864204371916555,0.4601578270702316,0.7439006099895936,-0.011745493465173625
0.47105550569001475,0.7807617008345539,8.967357333969864e-09,0.48437163367416114,0.7687829045965174,-0.0066045519348667476,0.4959393951599764,0.7479254391920733,-0.010584059038346114,0.49730503972079143,0.7309386425068981,-0.014433526445695203,0.4906961423842466,0.7261118709237991,-0.01822520504265348,0.48524557657408707,0.704329207680764,-0.006274656788452585,0.4882471095868651,0.6891796140338217,-0.013313573855590477,0.4912916027858432,0.6834267289789686,-0.01855882071596036,0.49521487396607616,0.6811899130485924,-0.02172418549810902,0.47259361275258593,0.7017413007127629,-0.006503472435432556,0.4773800800470319,0.707234891821396,-0.01540696461370353,0.4795166352970049,0.7297200306763926,-0.01879470295244031,0.4813183922739191,0.7450646916752037,-0.019239635833280457,0.46093441204479785,0.7083662713763973,-0.007523577194772107,0.46502121813713054,0.7152367131209272,-0.015905004201597333,0.46870987655806784,0.7355793736637931,-0.01592151736344642,0.4719516729970366,0.7495627379766711,-0.0138344021732504,0.450703285268933,0.7200686665870686,-0.009161663301656828,0.4525290725265164,0.7233541908959805,-0.014810909518428225,0.4578922220606848,0.7364171129223569,-0.0141847526760938,0.46282958417129494,0.7463329053164386,-0.012045986006406256
0.4722629650519903,0.7824599017888512,1.1711197722521099e-08,0.4858403441133594,0.7708414203717573,-0.0066095238818614024,0.4980163918872161,0.7501831789403128,-0.010617176064711503,0.49962909773502073,0.7328820105813029,-0.014508835215033598,0.49279801395186623,0.7282373489107544,-0.018380323507858346,0.4869943123721655,0.7057931541109673,-0.006276303720139179,0.49037345778662084,0.6914018341942145,-0.013351932673299365,0.4937705038902244,0.685665291994898,-0.01868776777025585,0.49801484622128794,0.6832300047481752,-0.02193156015461415,0.474311009552524,0.7029324001185956,-0.006564182455209567,0.47943635128673595,0.7092518944102874,-0.015525820129946317,0.4815977494369943,0.7320233964095625,-0.018992479901388068,0.4833274678551818,0.7476620768243492,-0.019481682814584525,0.4625755002635984,0.7094618810153921,-0.007632482926013595,0.4670472450406743,0.7171936586526204,-0.01603222546490693,0.47075782086933626,0.7377594223959189,-0.016058882863548465,0.47393148896967846,0.7519654549521034,-0.0139730439181117,0.452273274938601,0.721237805522029,-0.00932910977074935,0.4544863090997715,0.7251253190406727,-0.014966607012344176,0.4598733446316159,0.7384303369466431,-0.0143157266969338,0.4647430072085755,0.7485537470537789,-0.012157520041644913
0.47335556493637293,0.7839965615098773,1.4194030508206392e-08,0.4871693435866287,0.7727041199944983,-0.006614022872786139,0.49989581446283987,0.7522261513711669,-0.010647142836527922,0.5017320799119869,0.734640515919266,-0.014576980243564831,0.4946999451506198,0.7301606409700463,-0.018520686341164105,0.4885766998139012,0.7071178427512256,-0.00627779398757759,0.4922975372797884,0.6934126658352443,-0.013386642611466736,0.49601359972047376,0.6876909118786066,-0.018804448746072896,0.5005484713341976,0.6850760328840184,-0.022119208313100158,0.4758650391158721,0.7040101962863871,-0.0066191174390923405,0.48129701988520884,0.7110770297852921,-0.01563336952448051,0.4834808977568013,0.7341076546570905,-0.01917144333349921,0.48514543027854007,0.7500123859138496,-0.019700705095678363,0.46406048009363554,0.7104532708729652,-0.007731029008068378,0.46888054629310427,0.7189644498933069,-0.016147344815470956,0.47261095463779124,0.7397320941625048,-0.016183181481171593,0.47572297510240286,0.7541396136627259,-0.014098497377810939,0.4536939194634442,0.7222957302070262,-0.009480627907534876,0.45625736369671394,0.7267279687587977,-0.015107493794300058,0.4616660130725692,0.7402520531927058,-0.014434241824260969,0.4664744160287343,0.7505633313941413,-0.012258444410484215
0.47380344033739186,0.7856735119748995,1.6697992602981387e-08,0.4876797195817965,0.7744023139985972,-0.006626848646321393,0.5007736771038638,0.7540286163176091,-0.01075991019773859,0.5031609908253738,0.7364627574575701,-0.014797829493849156,0.4967192934163141,0.7322255867334078,-0.018872566845623478,0.4893105117781766,0.7093275747704957,-0.006426116555979899,0.49313352177986575,0.6956667290776255,-0.013543913494340294,0.49706248745102743,0.6898628927427279,-0.01897793089587107,0.5017755379876596,0.6871329455973408,-0.022317270488393486,0.4766812446177275,0.706231487255139,-0.006772352321082598,0.4820437663509176,0.71323864070062,-0.015806749827817535,0.48423176968476167,0.735973162699058,-0.01938105777510901,0.4858518376944419,0.7518014972624866,-0.01995752537992102,0.46491189353390083,0.7124573209418419,-0.007879001618488882,0.4698236628344127,0.720920374590041,-0.016269619345595548,0.4735456861725053,0.7413308939065635,-0.016316129279191627,0.47657000459802573,0.7556344613170982,-0.014271751386038544,0.45452230480926264,0.7240336159370057,-0.009629678016796994,0.4572606539627396,0.7285212911102182,-0.01522360352095362,0.46261287617429164,0.7419068404364256,-0.014564789103432209,0.4672913927027608,0.7521244263511084,-0.012425593529756682
0.474159851373032,0.7870301900163593,2.0789420320360887e-08,0.4879021804730233,0.7757304856788263,-0.006798405031610766,0.5011123442967232,0.7554266972912791,-0.011127119413349072,0.503909293317453,0.7380912411479802,-0.015354763514926165,0.49836941839030047,0.7346674606938048,-0.019620313839905743,0.4898037344298112,0.711916184802665,-0.006661515998599991,0.4936755425164374,0.6980119873190297,-0.013935734912578936,0.49749154075592594,0.692129873745348,-0.01938830491529378,0.5020758572588785,0.6892733175254587,-0.022730246934204397,0.4772379555083267,0.7090143857748847,-0.00699983900895156,0.4826096727472042,0.7152454817644409,-0.01626742015349913,0.48489818557841585,0.7377293154490547,-0.019821514781568263,0.48661251131821287,0.7533021343472631,-0.020339612902001668,0.46547792257401804,0.7150546204869495,-0.008136571076830485,0.47030684169984355,0.7229229342726233,-0.01672114836374654,0.4739194493155685,0.7426952925275895,-0.016772120351410597,0.4768312877056409,0.7564393325644194,-0.014714217832548303,0.4549907742221975,0.7262885620149401,-0.009928395931073445,0.4575944444178867,0.7304693109104904,-0.015591180197465672,0.4627243651620221,0.7434160605670318,-0.014954991694588195,0.46717263334188813,0.7531310583497668,-0.012853909435415124
0.47360477653340477,0.7881782939972355,2.6975254308667028e-08,0.487446155593434,0.7769762397476178,-0.006537432410587557,0.5008019829473168,0.7567607487592299,-0.010714549319877508,0.5037313152276754,0.7396084849254936,-0.014833469676850506,0.4983442929649052,0.7360368706917462,-0.019001637316401997,0.4896586360626362,0.7133496365726757,-0.0064448585495901056,0.49346769459733336,0.6995090763406746,-0.013532507293406847,0.4973633897535534,0.6937386793321989,-0.018843744952041223,0.5020982186950914,0.6909587349721924,-0.02209155019558105,0.47721756226810885,0.7103776903191197,-0.006882231072377192,0.48272510471389424,0.7165502308700813,-0.015820544505727525,0.48533529363847905,0.737855146831091,-0.019343382547511438,0.48734300137869024,0.7526797473089724,-0.019925398491449878,0.4654010975856936,0.7162762837511709,-0.008084443359368995,0.470345405610589,0.7248022681631993,-0.01644625678765858,0.4739177513671069,0.7442702491542124,-0.016535123753793627,0.47678070658880484,0.7577552505951732,-0.014550831342992083,0.45479106663713353,0.7273680910529678,-0.00992344612342268,0.4574901052579328,0.7321066926230705,-0.015432868241941285,0.4626157946311062,0.74497636914737,-0.01475590945878666,0.46703817945801507,0.7546218959783193,-0.01264642672110439
0.47310250314458596,0.7892171846765145,3.2572661321500683e-08,0.48703351004493317,0.7781034915578185,-0.006301284789776141,0.500521144697056,0.7579678986853846,-0.010341224924355616,0.5035702672898007,0.7409814010070578,-0.014361763874446543,0.49832155759364016,0.737276015670485,-0.018441812348922764,0.4895273401663171,0.7146467313549127,-0.006248810623512047,0.49327961819531624,0.7008637548859497,-0.013167636670045661,0.4972474291052822,0.6951944474131317,-0.018350986212802414,0.5021184530014294,0.6924838272158144,-0.02151360943438334,0.4771991089332755,0.7116113106249595,-0.006775810581592808,0.4828295562237598,0.7177308658188539,-0.015416177869081605,0.48573082182843513,0.7379690085127294,-0.018910732604911808,0.488004003629163,0.7521165647891357,-0.019550586194381714,0.4653315805683891,0.7173817363927066,-0.008037274286963634,0.47038030113233387,0.7265028305640739,-0.016197514251296886,0.4739162149358602,0.7456953881546177,-0.01632067143903272,0.47673493699676106,0.7589459920259294,-0.014402986980506259,0.45461035622051604,0.7283449299754862,-0.009918967165838476,0.4573956913524282,0.7335883185280022,-0.01528961569883347,0.4625175518634722,0.7463882534957504,-0.014575764905131858,0.46691651548935437,0.7559709177937821,-0.012458680783803107
0.47269190190431815,0.7901995369796033,3.3287507693161165e-08,0.48642580361429216,0.7792847822286897,-0.006196815477367967,0.49989435648853103,0.7593897240626714,-0.010148457201811806,0.5029334842702088,0.7426590411516598,-0.014094407383971148,0.4977224409743671,0.7387915143356744,-0.018094526157317947,0.4886743599351099,0.7155667920241594,-0.006020335182556774,0.4923745811480666,0.7020663345426298,-0.012839705259684477,0.4964280849146832,0.6967591865553034,-0.017961046684352024,0.5013481492523831,0.6943315144833141,-0.021086659644115893,0.47643104319081364,0.7124958205869516,-0.00660336036819365,0.48149376904133884,0.7185154831453606,-0.015041696177454602,0.4843510269110284,0.7385090910245488,-0.018531524302542044,0.4866596757720679,0.7523998319862896,-0.01921585447506101,0.46461447909881687,0.7182686068448669,-0.00791498234605127,0.46938703944199833,0.727900730402747,-0.015956410936853283,0.4730436635014393,0.7471111159086414,-0.016064801610082807,0.47597035263783144,0.7600954831779997,-0.014173847126687018,0.4539396984789417,0.7292690523417381,-0.009838278301733621,0.4564436758401417,0.7348525577954402,-0.015099605744207323,0.4614508597071077,0.7476250206077105,-0.014317418675385213,0.4657698333417909,0.7569156209158806,-0.012175056315830083
0.4716311190841407,0.7908361274469603,3.478677342661536e-08,0.48506965575779115,0.7803891451814512,-0.00612730589821161,0.4983993881303958,0.7609230745816581,-0.010039229930667592,0.5017008723464401,0.7447900617419251,-0.013945285037266313,0.49721959058527454,0.7406997896248617,-0.017897318309983878,0.4874289080355189,0.7171031634395525,-0.005937734168209026,0.490936152310485,0.7037184912416666,-0.012660230425298872,0.4948944019256467,0.6983098192076964,-0.017710283695506028,0.4997200797527387,0.6957193963054337,-0.02079779569019246,0.47531105324833717,0.7138460062378924,-0.006511168560164357,0.47984287668852843,0.7197308435341154,-0.014724633402736775,0.48275244872232004,0.738906700152196,-0.01816870629868499,0.4852150026985759,0.7519804956373128,-0.018897757624180344,0.46350946643633645,0.7194614742072725,-0.00780425954165326,0.4677231160869338,0.7290176994222887,-0.015647038788766044,0.4713902012488219,0.7477511749147778,-0.015704670275455208,0.47442458027723455,0.7600877432042233,-0.013856490388050625,0.45281293102753056,0.7303404772399259,-0.009706297778454878,0.4548423231312856,0.7361609971488521,-0.014818015739480786,0.4597572743464683,0.7487763906629468,-0.013962077433276899,0.46408698757773337,0.7576931900046662,-0.011805739782316787
0.47054796278993244,0.7914282420958337,3.553690493629794e-08,0.483755866979329,0.7811605659189371,-0.00608321945907179,0.4967679337210074,0.7622468073707916,-0.010037927446193922,0.5002684467745562,0.747122320277205,-0.014001671286394929,0.49642828712147025,0.7433582389175976,-0.018020101559046296,0.48600729396320863,0.7182436688027145,-0.0060539615385154935,0.48891339528309014,0.7053368067098615,-0.012794737964331098,0.4927058834287326,0.7001628479281427,-0.01787284801483003,0.49743434854955754,0.6977118650408431,-0.020974311939818708,0.47385044093913814,0.7148370081854338,-0.006674525716876731,0.47752358615613477,0.720883611975774,-0.01481667049071987,0.4804085054156818,0.7392314921989038,-0.018298345448288768,0.4830308719662308,0.7517671479708522,-0.01908818798414216,0.46194314628752564,0.7202833552188073,-0.008000256921601067,0.46570916225530384,0.7307192245656589,-0.015774254581777548,0.4698033856474545,0.7493453262023829,-0.015835713832547484,0.4732885210903183,0.7615636191092613,-0.014000691010787398,0.45118363308879933,0.731097719361787,-0.009943037904094093,0.4528007220547051,0.7375583688547886,-0.014995093824553146,0.45780990283635115,0.7502153612997338,-0.014104660789217648,0.46237794107720465,0.7590675235386942,-0.01192096247064413
0.4692930675810101,0.7919858552807034,2.7904412268799833e-08,0.48242477494186825,0.781659087658863,-0.006355190378710515,0.49521415825732873,0.762820065098727,-0.010465044519381685,0.49781720265158425,0.7480892654132345,-0.014519619727163069,0.4932067955603059,0.7445436607165755,-0.018527452745848976,0.4842659278866217,0.7186477039874183,-0.006284750158647852,0.4863345398686278,0.7062782180010513,-0.013327140257511168,0.4891317536355772,0.7025198748305277,-0.018415578082986682,0.49294945354788805,0.7009560516459761,-0.021445651436815615,0.47182866576718835,0.7153329821841397,-0.006850911086193063,0.4741648308872406,0.7221028584547216,-0.01525251323031638,0.47711026817774543,0.7411874194672599,-0.01865629846534159,0.4799754050657912,0.7533534586696397,-0.019308167577579145,0.4598373193151364,0.7209281153318978,-0.008179914609438631,0.46273436121012096,0.7324067175611788,-0.016265359932065276,0.46742907288401264,0.7515266089333724,-0.016154098883025384,0.4714250630636004,0.7631032807413549,-0.014117376624301037,0.4491446834392516,0.7318828663173875,-0.010139120617614171,0.45021938673982703,0.7388713612602962,-0.015407932715949289,0.45544369943877255,0.7520849036160705,-0.014394515503563552,0.4602997539764522,0.7605847751375561,-0.012045399574397398
0.4681575441809201,0.7924904255548716,2.099795987075319e-08,0.4812203029306092,0.782110187557177,-0.006601290085839816,0.4938081855633953,0.7633387917300224,-0.010851532114309337,0.4955991329345456,0.7489642299686475,-0.014988298362917358,0.49029174813253235,0.7456163193594212,-0.018986542190594393,0.4826902091221957,0.7190133053567029,-0.006493585029297979,0.48400099787424455,0.7071300776166225,-0.013808897824094502,0.48589761266011533,0.7046526897327363,-0.0189066809957578,0.48889118383330726,0.7038916352534315,-0.02187215480093813,0.46999921180071624,0.7157817766949182,-0.0070105178110160885,0.4711255769512247,0.723206124207494,-0.015646896463316486,0.4741257754997146,0.7429572893068297,-0.01898020122957744,0.4772105892158456,0.7547888716869808,-0.019507221629354896,0.45793180896918323,0.7215115426895397,-0.008342482373738885,0.4600425378822448,0.7339336879171707,-0.016709748924226605,0.4652806164369315,0.7535003973147766,-0.016442197580419364,0.469738866336273,0.7644964821808317,-0.014222962527933878,0.447299688716023,0.7325933262300995,-0.010316550978310496,0.4478836007453616,0.7400594553656793,-0.01578150034001416,0.4533025809547597,0.7537766058654414,-0.014656797810823938,0.4584192542615031,0.7619576982964635,-0.012157999608365652
0.4668206571265527,0.7928261733252003,1.4959530282083166e-08,0.4797921407560741,0.7825122814841398,-0.006968737998763777,0.491971223809021,0.7638478694111621,-0.011387899376766793,0.49272552806802195,0.7497944451133123,-0.015612819176431343,0.4866861956506403,0.7463026419494101,-0.01960406746006385,0.4807455914748871,0.7195208309583339,-0.006800408596983752,0.48126984561824987,0.7083823342734784,-0.014444541510953462,0.4824461272286144,0.7072790983856321,-0.019598077303338318,0.4847823016870097,0.7071545248903959,-0.022534725468291716,0.4678278984748958,0.7165137394190849,-0.007207864862748411,0.4678924538087785,0.7248923749734751,-0.016167798996602895,0.4714373386929302,0.7452877551316374,-0.01940510152191239,0.47508546088281456,0.7565587216717173,-0.01979861434217023,0.45568165543039224,0.7224047427073291,-0.008508694475056937,0.4568620145122443,0.7355556668065937,-0.017227468423598714,0.4627488847894416,0.7554728154317912,-0.016740321557864833,0.4677198738044098,0.7656262150674714,-0.014311547186188215,0.44510949921250115,0.733506345473906,-0.010476815365831494,0.4449326886118855,0.7411505211938493,-0.01616246227816591,0.4505894446037908,0.7553202500443594,-0.014900010029896691,0.4559891698298772,0.7630295173996248,-0.01225285605234936
0.4648394369649213,0.7932064188641943,1.080475082584321e-08,0.47758609605801844,0.7840769459943719,-0.007601292189549137,0.48934951623957734,0.7662601756645723,-0.012401044089287975,0.48948320244083343,0.7524678175515229,-0.016887615619749424,0.4831346666067255,0.7485242192698223,-0.021081904848022467,0.4786788233107044,0.7211434880477715,-0.0076996816622659035,0.47854743707290537,0.7097577330531362,-0.015872059961636854,0.47882623376816225,0.7088855576936601,-0.021254972553023308,0.4803311347069595,0.7091091265910634,-0.02428323351860127,0.4654721130600519,0.7177139254143385,-0.007888781019367033,0.46425463002499895,0.7266675772353576,-0.01726861999750687,0.46793390371257193,0.7474182455747261,-0.020466862039379374,0.4720510143971278,0.7583010491425027,-0.020791038768421508,0.45315411576966586,0.7234297822892416,-0.00905013679684289,0.45316778988094186,0.7367164384175915,-0.018121610042783023,0.4591249934405435,0.7568648430043552,-0.017414817414274825,0.46442429525190804,0.7664958998674257,-0.014801156404467513,0.4425962127889013,0.7343872055651577,-0.010932243132299464,0.4415286821306273,0.7420439401578127,-0.016915306556085367,0.4470815424456379,0.7565952603446167,-0.015570390917557355,0.4526581831404291,0.7641109575041124,-0.012803907425950686
0.4627758467154832,0.7930327988567883,9.999735749830914e-09,0.4753667911290641,0.7838699027861827,-0.007999002409239878,0.48687218358264334,0.7660175471345134,-0.013040736202914687,0.4861590784704264,0.7532888562919237,-0.017717987855613453,0.47943248452076176,0.7502257835530454,-0.022030298818437297,0.47589786263938566,0.7217102155772595,-0.008289639073015435,0.474731148171323,0.7110039130490452,-0.016917414881061504,0.47437735877188325,0.7117058893017222,-0.022447714029527648,0.4754750963344341,0.7127655065167793,-0.025491432662115444,0.46233043604015883,0.7187835805160296,-0.008397255959719338,0.4608011714418777,0.7289380727654888,-0.018315580299398372,0.46540894319328474,0.7500586987211929,-0.021584056452516192,0.47036105161320735,0.7604935009944462,-0.021858597738914087,0.4498948776149087,0.7248531807144224,-0.009538108603819455,0.4498367742797262,0.7390505902552924,-0.019148477762846547,0.4568553138671378,0.759261396850384,-0.018418522121954294,0.46300073843622536,0.7681506605515078,-0.015677022443999343,0.43936555494115065,0.7359117884732442,-0.011421354295168142,0.4381896256358755,0.7438758383781392,-0.01774468116497942,0.44410253775240577,0.7586993775491262,-0.01638699075421014,0.45004788834466086,0.7659489161733266,-0.013541519092427057
0.46051755707239134,0.792174731956436,9.001344874651632e-09,0.47286468503092793,0.7834866259255059,-0.008651508579780386,0.4837898101491601,0.7660887164198893,-0.014020098130417746,0.4818915195520491,0.7541897965323487,-0.018897636003432704,0.4745736273540838,0.7512603337378726,-0.023365293136469095,0.4727699518070296,0.7224802703063514,-0.008983202425617618,0.4707231870507962,0.7126343558655087,-0.018047209897853134,0.4695093925719521,0.7139514173146059,-0.02384688401367786,0.4699001491789278,0.7154308815852681,-0.027014544254216354,0.4589449373944864,0.7201082964299771,-0.008858699734277045,0.4564791480607984,0.7301989961559576,-0.0191973912224413,0.4610258631674115,0.7510935279683097,-0.02260175583003513,0.46618304521174775,0.7611705210585812,-0.022901464464456723,0.4464742599702748,0.7263636931979869,-0.009844608607334169,0.44564521534009205,0.7402843101494373,-0.019798300747619225,0.4527206632752335,0.7602453068008075,-0.01904229214355811,0.4591096145143915,0.7687754789858583,-0.01620083615202799,0.43604598444304554,0.7373464455148072,-0.01162709059951847,0.43419060035136414,0.7449427091980023,-0.018163282883095575,0.4400232994185682,0.7596632394543954,-0.016784246674019038,0.446104585946804,0.7667654739820683,-0.013875191296703957
0.4584740870553899,0.7913982886030269,8.09792585357184e-09,0.47060059158014395,0.7831398082462948,-0.00924194515176165,0.4810006472480271,0.766153115732547,-0.014906298330984235,0.47802991184279553,0.7550050349027015,-0.01996507021323564,0.4701769685962617,0.7521964724170915,-0.024573296224164383,0.46993958324853835,0.723177073639424,-0.00961079061842053,0.4670964829191283,0.7141097029362755,-0.019069533251827538,0.4651044912769542,0.7159833396504769,-0.02511295806225951,0.4648555184365899,0.7178427130583396,-0.02839276997496325,0.45588148404332157,0.7213069988459746,-0.009276248705785252,0.4525682568166077,0.7313399743072947,-0.019995319950235266,0.45705972328699873,0.7520299191640397,-0.023522646633676113,0.4624024713432276,0.7617831396419416,-0.023845128574104393,0.44337902831218445,0.7277305182994138,-0.010121952821929972,0.44185237811753375,0.7414006725349157,-0.020386309371669464,0.4489793209982677,0.761135622393969,-0.019606726090528073,0.45558863345200734,0.7693408616153943,-0.016674822121952284,0.4330421878295549,0.7386446309172342,-0.011813256253970561,0.430571982035008,0.7459080940143712,-0.018542065145438373,0.43633209831294417,0.7605354140711336,-0.017143713655453,0.4425363898818573,0.7675043567929674,-0.014177122958584623
0.4564944726565149,0.7919866753059411,5.5368009680219325e-09,0.46828450631206825,0.7834882243947853,-0.00991448634639871,0.47782108930229683,0.7663990963507086,-0.015822761534921202,0.47383924954698287,0.7557607483580417,-0.020944230768473803,0.46549310280118206,0.7531304349889193,-0.025508637676238358,0.46662661206308254,0.7230246842477416,-0.01012836743506184,0.4623675924001841,0.7152391459722169,-0.019727442383704025,0.4602776198574532,0.7184889073524227,-0.025745169849795024,0.4602492343812089,0.7209067470185416,-0.028955722032957543,0.4525750092270143,0.7219118775949435,-0.009425219923605814,0.4482690881099413,0.7318309257653318,-0.02028345588150435,0.4527959811516824,0.7524813817068526,-0.023808845750360366,0.4584263005665216,0.7619249362690053,-0.02409722382019752,0.4401752204129438,0.7287988832612713,-0.009975442309394341,0.43760066983409274,0.7417699736872362,-0.020345276663069102,0.4443937257584046,0.7614664050739599,-0.019625318019578328,0.45100965574925833,0.7694578267786679,-0.016721592674039127,0.43001066175171915,0.7400140871593013,-0.011420523383911982,0.4267891146909182,0.7468619095983786,-0.018314038862911004,0.432230647293934,0.7614535677198343,-0.01708459530361999,0.4383642992138542,0.7683478978031784,-0.014207465637616178
0.4544894340206573,0.7922798962390425,5.446147755258721e-09,0.4658270677107415,0.7836224012876969,-0.010734519059710455,0.4743251410515355,0.766405190449322,-0.016946475870619055,0.46927611334823505,0.7563511689084488,-0.022147279785423534,0.4604364403824826,0.7538007234726748,-0.026707060189397305,0.46299438332618326,0.723085531770607,-0.01099564881811263,0.4572563792207292,0.7160483656313841,-0.02078724990278194,0.4547164326421959,0.7202432918264802,-0.026845950306661894,0.45455421361384324,0.7233890054237909,-0.030043858981846933,0.44902819607006483,0.7228822305732101,-0.00983591874814185,0.44366531935406145,0.7325130783005616,-0.02094738187120777,0.4483877602142522,0.7530844497494329,-0.02452685709971777,0.4544116912204176,0.7626436328457354,-0.024806182876204157,0.43677098470714365,0.7302261396663087,-0.00999591134448354,0.43315161731842966,0.7423996596162596,-0.020552538106781003,0.43975582593303497,0.7619262365834905,-0.019942972140800572,0.4464274688789001,0.7699889468678813,-0.017085662205903924,0.4267968917096066,0.7415761853980692,-0.011107489124312236,0.42286318181942534,0.7479818961376636,-0.018258810308571276,0.42808308268363726,0.7624335001072685,-0.017261929660909666,0.4341516437139598,0.7693809362534783,-0.014516587526452688
0.45199739724366156,0.7927911729200059,5.8888309724373954e-09,0.4629082589260391,0.7835515600795231,-0.011235602065900817,0.47035750229275375,0.7661018887719461,-0.01753967683960542,0.46430897342986893,0.7567499097764956,-0.02266743376558822,0.4550579762458359,0.7544220378824884,-0.02712382936444525,0.45906797921771214,0.7234410214897975,-0.01124525913255253,0.4525444475906888,0.716691806560547,-0.020998256913606076,0.44939760611041757,0.7207846907590981,-0.027132107417673548,0.44875558752832745,0.7240243922817512,-0.030404435462313868,0.4452018781725866,0.7241022523757165,-0.009732741654970647,0.4391565236059111,0.7329208784868857,-0.020828003280848502,0.44374580767385474,0.752918466752251,-0.024543186527251827,0.4499200457355769,0.7626453340427819,-0.024924036083845632,0.43312225268045623,0.7318140841384564,-0.00958662238063371,0.4287285539499847,0.7427630514871654,-0.020143112385692035,0.4349598357456451,0.7618825271554139,-0.01981549435898482,0.4416159795175157,0.7702398854196844,-0.017138936634096807,0.42338669757818975,0.7431921551651951,-0.010419575343779821,0.41885095736878825,0.7488504273982669,-0.017734165699952766,0.4237655211760756,0.7629660186504591,-0.017050134937405727,0.42975851361427514,0.7700943602760438,-0.014514141929680905
0.4496150696044897,0.7927313683619538,5.826497382414705e-09,0.4600271576435174,0.7831347566336151,-0.01152761154527856,0.4663919638442636,0.7657191211182119,-0.017855714348843883,0.45940263896532946,0.7569845824704118,-0.02287966263264377,0.4498515373627228,0.7548510868371574,-0.027224656966842727,0.45520886323151843,0.7239473238135429,-0.01136437840789683,0.44785314071241167,0.7174085696347313,-0.02099540773512152,0.4439844190571934,0.7211001437415213,-0.027131291263316298,0.44280153453968485,0.7243153617148421,-0.03042937481625601,0.44146983327300526,0.7253529847291984,-0.009584739280685622,0.4345862041396732,0.7334698659411699,-0.020525155095495906,0.4389114278965264,0.7529565301388772,-0.024279159383001372,0.4451673972368664,0.7629455630704166,-0.024709156753345583,0.4296210599935714,0.7334165475621257,-0.009192211260870664,0.42425989158839034,0.7431817944755482,-0.019627576632513348,0.4299982500581454,0.7617932053135763,-0.019518308368956197,0.43656398712854627,0.7704364381285058,-0.017000910044852886,0.4201995429941435,0.7448386772677756,-0.00978332701908776,0.41492426575319297,0.7498683174546986,-0.017139761267514028,0.419442409767515,0.7635142757876981,-0.016687511368064168,0.42529707834172575,0.7707399709231142,-0.014324164720367858
0.45334265392831946,0.7804169551470084,8.642809629136063e-09,0.464253440579758,0.7708185088009954,-0.011065024528531267,0.4714663273656393,0.7526450978463288,-0.017210005953922865,0.4661614205837836,0.7426020469942554,-0.022263148629115402,0.4583183889073902,0.7389208202407811,-0.026679098399552747,0.4610168040965276,0.710125853296709,-0.010602226334455992,0.45519680763352877,0.7010415924443667,-0.0200732692083394,0.4523863555594978,0.7029699034395909,-0.02608881958939458,0.4519305349015732,0.7047469578943282,-0.02934716607024334,0.44753519083336346,0.7109172041801115,-0.009132413272208543,0.4424703148445706,0.7165841913836771,-0.02040641636504299,0.44677845969231056,0.7371599106472724,-0.024285899383333136,0.45243964795097064,0.7485962153768204,-0.024652847239588313,0.43568061968970456,0.7182437206008239,-0.009021461218701038,0.43175876620932685,0.7251554002892528,-0.0197165293721656,0.43751669894665374,0.7448076909459148,-0.019613433303909418,0.443604743548141,0.7550456567330881,-0.016968900328107897,0.4258826070185827,0.729041700409275,-0.009851837825298273,0.42188850296119385,0.7319080441302052,-0.017370099501795716,0.42676747078249794,0.7456429675830017,-0.016948499739564558,0.4324639804659682,0.7536698061653015,-0.014554656730156441
0.456715652084199,0.7692739495282718,1.1191220393137844e-08,0.46807769868145493,0.7596738430824478,-0.010646441065657554,0.476057992452984,0.7408147400180503,-0.016625720519685697,0.4722772736281532,0.7295876490830351,-0.021705280472067625,0.4659798318595183,0.7245059190113863,-0.026185436048407656,0.46627226503993185,0.6976191490843341,-0.009912573917532395,0.46184190881178255,0.6862315226821613,-0.019238849036965266,0.4599890585076026,0.6865643008317244,-0.025145512952113213,0.46019113981634996,0.687039996960367,-0.02836790234675309,0.45302358172905727,0.6978546261293687,-0.008723114739993978,0.4496044501338421,0.7013047653009189,-0.02029897264705952,0.45389714070236553,0.7228659433522358,-0.024291998241659247,0.45902012638333123,0.7356118482629338,-0.024601894163933512,0.4411637642425553,0.7045142076203181,-0.0088669537609696,0.4385443109670652,0.7088437654433745,-0.019797020489399193,0.4443199559712884,0.72943792230714,-0.019699509486847577,0.4499757485626944,0.7411189222170054,-0.01693993553317064,0.4310250700211324,0.7147474097418407,-0.009913831546413737,0.42819026764818563,0.7156562404043091,-0.017578526829514073,0.43339573593998676,0.7294716661768237,-0.017184661612590243,0.4389491315848575,0.7382234394981336,-0.0147632232054986
0.45980204867710595,0.7593092463251883,1.347679069027471e-08,0.47153734672609643,0.7497575100240839,-0.010249063031429107,0.4803255761047168,0.7300673162892997,-0.01607847315463632,0.4779986046531155,0.7178330171244233,-0.02117097870254648,0.47321466862584516,0.7116064136978671,-0.025705981363764736,0.47124676037441604,0.6865111361758768,-0.009453273038782758,0.4681210227536855,0.6730875988200886,-0.018636862686906678,0.4671787998178932,0.6719588099457954,-0.0244216458136197,0.46797821303001746,0.6710810254378174,-0.027618783987733465,0.45820810114718613,0.6862013364893177,-0.008551686929606225,0.45634285038139893,0.6878752659632582,-0.020403511731053117,0.46068767331225685,0.7104280418446313,-0.02447176746316448,0.4653023964866859,0.724308554684597,-0.024738359071667864,0.4463215570581281,0.6922545222014208,-0.008944983890815047,0.4449240531103147,0.6942014520979469,-0.020066760332149363,0.45076698695345346,0.715736029955398,-0.01993142264551432,0.4560139100663997,0.7287089722946775,-0.01707229043143227,0.43587692742075707,0.7019583119747156,-0.010208602817960846,0.4340214086376208,0.7009460337663944,-0.018018622102959587,0.4395419056934142,0.7147699395224386,-0.017655886476399905,0.44498482064799727,0.7241157447047959,-0.01523604996232941
0.46304149172792614,0.750312670564135,1.5971269545511146e-08,0.4750725842181584,0.7403753056354431,-0.00976166286200447,0.4844331602306986,0.72008622231827,-0.015449725890712945,0.4833416917978195,0.7071719079538777,-0.020568601535020166,0.47979622995411586,0.6999755160841736,-0.02518586017054856,0.47594969542626014,0.6764800816644972,-0.00908974630528938,0.4740625626639083,0.661190803213211,-0.0181755317018324,0.47394915747335853,0.6587777845219749,-0.023883695376327747,0.4753322689688357,0.6567050587045881,-0.027079593176273682,0.4631015693684037,0.6757370548354559,-0.00852207152109501,0.46269359139054433,0.6757432897534158,-0.020617970084104733,0.46700700296047465,0.6992017405714388,-0.024768993559770847,0.4711215331810917,0.7141121296663027,-0.025033320707470816,0.4511776528851835,0.6813047927210529,-0.00919678302085734,0.45091964728832346,0.6809274824145932,-0.020432869922839218,0.45679055542972635,0.7032095823703092,-0.020277899873942632,0.4616830382323309,0.7173405376157528,-0.01737852136886235,0.4404190011243988,0.6906624779691142,-0.010701138226895364,0.43927815710251916,0.6877454193627162,-0.01857888791533891,0.44511024523784243,0.7013209860285238,-0.018255683133204605,0.4505820059710454,0.7110767377059821,-0.015881500167344614
0.4661440788079457,0.7420721940741377,1.685584547785769e-08,0.47842922909186725,0.7319603061503926,-0.00935668814125637,0.4883838312147595,0.7110822708614388,-0.014910569686601753,0.48841061082693465,0.6974645403230425,-0.02004643196995795,0.48575001980842253,0.6892137445993739,-0.024721867660391306,0.48039412809033677,0.667272942093226,-0.008748364942553306,0.4795741408631001,0.650160627804221,-0.01779489679903137,0.48029239258921214,0.6467273624452933,-0.023448103224876803,0.48225673124875834,0.6439061467057755,-0.026610741897778983,0.4677134155783753,0.6662195281856076,-0.008466960074213105,0.4686444423231882,0.6646883981153915,-0.020825009841314412,0.47287227240275176,0.6891024942638836,-0.02502836358342134,0.47646573226740624,0.705036826324019,-0.025231275300404716,0.45576068825745464,0.6713979991663875,-0.009393761672187058,0.45653384301869754,0.669022083204785,-0.020786439390407817,0.4624081956505583,0.6920949759116476,-0.020588748497739975,0.4669428051488604,0.7073110960335804,-0.017587604019403385,0.4447461047317557,0.6804510986041425,-0.01111669039988955,0.4442077779991861,0.675682731807715,-0.019070779243883413,0.45032546287437053,0.6890564549447655,-0.0187398179225115,0.455815937570753,0.6992302794213473,-0.016340539818774088
0.4689515325340655,0.7346155922672677,1.7656276193661012e-08,0.4814665733838751,0.7243457828347563,-0.008990236609220268,0.49195869492972255,0.702934819584383,-0.01442270067433763,0.49299734932892025,0.6886805852806489,-0.019573933744028695,0.4911374558673976,0.6794756857873516,-0.024302012401558586,0.48441578444403105,0.6589416309552618,-0.008439457455310368,0.4845614306161484,0.6401796969703543,-0.017450469761659298,0.4860322279596169,0.6358232358283917,-0.023053946742844465,0.4885225045946018,0.6323247302121829,-0.0261864900605678,0.4718865602774742,0.6576073555156974,-0.008417091099415634,0.4740292190251943,0.6546851021818487,-0.021012354957774315,0.47817960854698455,0.6799639379733157,-0.025263061053810074,0.4813015648326296,0.6968248105040469,-0.025410399478131677,0.45990776274754125,0.6624335885756074,-0.009572002744678787,0.4616139888182814,0.6582491841658612,-0.021106375589962093,0.467491458283714,0.6820376455251212,-0.020870027670453335,0.47170223714786147,0.69823570429934,-0.0177767976991259,0.4486615929460958,0.6712110759044955,-0.011492713204852161,0.4486684690927035,0.664767506465162,-0.019515879448181166,0.4550445833401543,0.6779585864233791,-0.0191778994277614,0.460551991835429,0.6885107145566889,-0.01675591335917905
0.47145653884269123,0.7275511029568649,1.8819027124434685e-08,0.48435148740115663,0.7171376288520165,-0.008579910412562496,0.4953751008293364,0.6953612377168371,-0.013801576056632051,0.49725138053729956,0.6805684626043019,-0.018881511854910053,0.4958837514116638,0.6706233399882043,-0.0235692816187682,0.4882382055131827,0.6510052229607107,-0.00783411456880275,0.4892596874519341,0.6311753715026551,-0.016688114251672354,0.49136713440128854,0.6260180971367547,-0.022188282912169652,0.49428460353215586,0.6218856254704311,-0.02526540505156682,0.47583981115931795,0.6493137640607267,-0.008029345122608755,0.4790011113569241,0.6453820966031427,-0.020702807614153926,0.4830143464126892,0.6714282184488684,-0.024950795626795967,0.48567790516214765,0.6890778318183857,-0.025018501776546145,0.46383630921413926,0.653664533113093,-0.009379151836586037,0.46647990528226446,0.6485414542536149,-0.021016183080034896,0.4721838389217643,0.673178424693475,-0.020713056172446672,0.4759643915854981,0.6901990461449197,-0.01749159934516231,0.45237877973923324,0.6620366416471607,-0.011457958936863147,0.4532800473487685,0.6548580969581833,-0.019499866092504318,0.4597510758140135,0.6683762976683754,-0.019076243957366987,0.46502572420311344,0.6793594600773445,-0.01656403126766242
0.4733793637892736,0.7209527547071455,2.1082922650952535e-08,0.48664874128019675,0.7105961615022732,-0.00841363922953096,0.4982530104426556,0.6887613490843174,-0.013579793950063044,0.5009730671694289,0.673437581004536,-0.018694904264015322,0.5000068264196107,0.6624270438939853,-0.0234409678693831,0.49153958898884936,0.6440399806352373,-0.007567694457703984,0.4934057955365711,0.6231320097746308,-0.016401131119159775,0.496116722072711,0.6171177926628082,-0.02187872590966212,0.4994448383972652,0.6122596966011291,-0.024947224793952706,0.47928144802681927,0.6419062590325577,-0.007901130397646543,0.4834434276552412,0.6371230280107323,-0.02080923738456035,0.4872466959512409,0.6638487912263055,-0.025113718168901473,0.4894097391700482,0.6822013550779885,-0.025129851120091324,0.46726199864448476,0.6457239237908292,-0.009384702425747304,0.47082408138366055,0.6396657444609679,-0.02123071028219275,0.4763283548973965,0.665049122806887,-0.020886922845196925,0.4796968930264045,0.6828604744215527,-0.01754825996425679,0.4555996583683086,0.6536338363141029,-0.011583961572557698,0.45727681737264464,0.6457671203785958,-0.01973567831408575,0.4638861636298511,0.6593467782816376,-0.019306068140580872,0.4690407583076959,0.6705391658320332,-0.016758592458904705
0.475050915498131,0.7149198638176512,2.1905233385224213e-08,0.48853488567516884,0.7046723978043516,-0.008256805912434193,0.5006024337769598,0.6828204643923895,-0.013427006992898314,0.5040837636940293,0.6671632341846062,-0.01862247441386915,0.5035192618353971,0.655125870069022,-0.023489370137368515,0.4943395842066761,0.6376710538107554,-0.007642764202499906,0.49702201778903154,0.6156527690328407,-0.016524285636272857,0.5003043736988364,0.6089007001293013,-0.022007095604821378,0.5040324975792705,0.6034940726859731,-0.025084134615912912,0.48217840669942297,0.6351546369823137,-0.008157267890924505,0.4872500775922878,0.629664979407782,-0.021301687595015023,0.49091294103346816,0.6570690261115556,-0.025659781144996178,0.492649643643878,0.6761476761247881,-0.025659378877999205,0.4701489011966098,0.6387212516877288,-0.009797580022442942,0.47448391808658663,0.6317150920729511,-0.021802919231718364,0.47989426206257557,0.6577377704895213,-0.021439723500658613,0.4829592248394967,0.6763522565588636,-0.018049829111259803,0.45834887679265607,0.6465191198073523,-0.012142952558177017,0.46037747208042956,0.6374357628392039,-0.020412516203600826,0.4671573972917128,0.6507766739614045,-0.02002214788728319,0.4723481332575606,0.6622322117289895,-0.017497891916079995
0.4765536634160573,0.7093211451830882,2.1580090120567518e-08,0.4901792249630607,0.6991588689455224,-0.008103063657652294,0.5026529929196911,0.6772522075534634,-0.013258336710212797,0.5067664527529596,0.6612205364831188,-0.018509684265539294,0.5064468036660862,0.6482156087155663,-0.023456413817482206,0.496799436516191,0.6317415424550049,-0.007622271761789496,0.5001465296111008,0.6086656282177861,-0.016495802904905724,0.5038670669097173,0.6012108783933994,-0.02195194930971924,0.5078703530254854,0.5953748145818399,-0.025008126725697404,0.48468847550926486,0.6288640585282907,-0.008277424786478348,0.4904529356400141,0.6229262370300664,-0.021589559913940674,0.49387086760280313,0.6509387952426183,-0.02596694035437457,0.49519358887295967,0.6706682199821487,-0.02592487486431188,0.472624268098072,0.6321543066864478,-0.010035016608394513,0.4775652739418868,0.6244205749761047,-0.022109344008710122,0.48280706629265524,0.6509337547846755,-0.02168703336471707,0.4855819659049024,0.670219140157377,-0.01823216732921686,0.4606729714342234,0.6398026512753884,-0.012490309157558454,0.4629210923859046,0.6297580638286616,-0.02078202980496249,0.46984036205019336,0.6428231046194727,-0.020381458773652206,0.47512382846245405,0.6544528835113611,-0.01784645298079702
0.47791346255554656,0.7042550042217841,2.1285876083591177e-08,0.49166714660449556,0.6941698140891824,-0.0079639461228604,0.5045084927839701,0.6722136307118629,-0.01310571117500682,0.5091939512244826,0.6558431374367916,-0.018407623271268582,0.5090958633085597,0.6419626854341676,-0.023426592464953582,0.4990252955666994,0.6263760754043053,-0.007603728662902689,0.5029738224898936,0.6023431386275745,-0.016470029591137452,0.5070908592069012,0.5942525503501075,-0.02190204880163577,0.5113431327718374,0.588027900271337,-0.024939349080107937,0.48695977421942493,0.6231718708588687,-0.008386151766718173,0.4933511220658614,0.6168285169952239,-0.021850048400990477,0.4965474216380297,0.6453917021067622,-0.026244881067927703,0.49749554151062264,0.6657099966775295,-0.02616511556564255,0.4748641659161793,0.6262120418160113,-0.010249867057634022,0.48035351606188204,0.617819948248923,-0.022386620152700095,0.4854427902476274,0.6447769705428529,-0.021910817897253937,0.4879552189311072,0.6646694359750303,-0.018397160638418144,0.462775986754355,0.6337250862884583,-0.012804623487527098,0.4652227510082937,0.6228107053374256,-0.021116393453826845,0.47226810999536845,0.635626117940595,-0.0207065902399915,0.47763548587756255,0.647413563283433,-0.01816185720143018
0.4786907168254198,0.6992514289981501,2.176951813634652e-08,0.4925391473649094,0.6895649760248383,-0.008042733897443028,0.5057631540116296,0.6677867626444547,-0.013231473682679462,0.5109491900749533,0.6509874178231068,-0.01859213619624987,0.5108815814435733,0.6362971207602529,-0.02366807365789857,0.5008157882584164,0.6213794776040503,-0.007703873445387947,0.5052945784016621,0.5965581757377462,-0.01660755397921031,0.509644599773885,0.5877595123712449,-0.022042410949189274,0.5140053932099973,0.5810929359704405,-0.025081830849334557,0.48874177828374676,0.6177262385853929,-0.008506006103778397,0.49563582386535937,0.6112221650673567,-0.022189703451217336,0.4986220597400774,0.6401762904522452,-0.026639726654355596,0.49931910106505156,0.6608889516630452,-0.026524819860700984,0.47658032633561315,0.6204136484122406,-0.010390908517860075,0.48253666816010865,0.6120865485718092,-0.02267264732525343,0.4874141161981366,0.6392450004926369,-0.02219608555135447,0.48973746231601495,0.6592997256827611,-0.018636264137870482,0.4643429015278321,0.6276864712749818,-0.012974364514361299,0.4671008921692979,0.616707753698599,-0.0213143367613644,0.47411459328728556,0.6294635647574277,-0.020888761945738573,0.4794266955682077,0.6411998364393431,-0.018319070089878736
0.479368798175665,0.6948253774964779,2.23000761067862e-08,0.49336538791106516,0.6849418999907466,-0.007954761321900549,0.506864746868826,0.6630196362657721,-0.013119035152252061,0.5121714367297145,0.6456458028075458,-0.018491527039805215,0.5118022540826522,0.6303930488930531,-0.02360378346447803,0.5020061319950508,0.6167176866451537,-0.007730800791641759,0.5068825931155146,0.5912455006835566,-0.016625830036479845,0.5114280314123271,0.5817902251218409,-0.022050896419254055,0.515946935473205,0.574653675130429,-0.025095580254400326,0.4898853129815515,0.6128298910848392,-0.008619619258082597,0.4972408766533977,0.6061463556941199,-0.022426876014119662,0.5000467266305784,0.6352891317444651,-0.026945776472466064,0.5005383115826464,0.6563199145000859,-0.026846704276637698,0.47765011454698436,0.6153047637439685,-0.010563938939856212,0.4840302048397998,0.6066780985478125,-0.022943541096012654,0.48877275776108253,0.6340308789680356,-0.022501991257157274,0.49093872323475535,0.6544863548668037,-0.018939054873002667,0.4652616548267592,0.6224467158577542,-0.01319345641290182,0.46818193518931617,0.6109051560432729,-0.021554171320904862,0.47520900942446004,0.6235420752525548,-0.021127505537372096,0.4805366540716771,0.635467919810656,-0.018558154018300282
0.47947121124629605,0.6907476715147438,2.2030623940279575e-08,0.493547617065085,0.6809831552554588,-0.007916887633300505,0.5072583201542137,0.6590570901757304,-0.013030170679667606,0.512680179700341,0.6412325378620364,-0.01836328624268269,0.5121044876115638,0.625360001475255,-0.023453042646901033,0.5025514259684706,0.612546810813087,-0.0077282709018896105,0.5076631849036021,0.5864192786857181,-0.016579989435458957,0.5123351648758703,0.5763560676168809,-0.02200552742233657,0.5169316067446037,0.5686746212863133,-0.025066701736796704,0.490389242852565,0.6084308498406276,-0.008635064677105649,0.497984269217131,0.6015247323515216,-0.02246743725677153,0.500651726597066,0.630757491503661,-0.02703128145608591,0.5009691358641392,0.6518842655346855,-0.026954186271011586,0.4780835510901859,0.6107262792273276,-0.010575575491541651,0.4846837427013553,0.6018593663132651,-0.02296189384172791,0.4893118130325119,0.6292108681438175,-0.02252625295813458,0.4913258205934623,0.6497636226511536,-0.018962261958301304,0.46555647603553046,0.6177668306632654,-0.013194389999369274,0.4685512293772824,0.6058047140088629,-0.02151546820775044,0.47558470070634995,0.6182666303180109,-0.021037016057511543,0.4809014929342531,0.630216637269683,-0.018432658848683
0.47926549312877054,0.6874825825753746,2.1228496513459874e-08,0.4932304465369356,0.6776651798674248,-0.007897643206289323,0.5068456181094615,0.6554489488416494,-0.01295688816454124,0.5122116706075268,0.6371755136250116,-0.018241429163337597,0.5116384931733793,0.6209008516675227,-0.023286555553334837,0.502541096428628,0.608991138632507,-0.007720284538483199,0.5076924760602914,0.5824319027127324,-0.016498307614510977,0.5123128554260848,0.5715927259984999,-0.021899850545433523,0.5168054391473168,0.5630713045032021,-0.025003383622098203,0.4902926322193574,0.604741943057904,-0.008667726585206304,0.4979349261776412,0.5971854522284179,-0.02248756242736045,0.5005475216802354,0.6265945941173631,-0.02705243089223538,0.5007979086633447,0.6478142213319613,-0.026992968553510494,0.47789388200888944,0.6069845409198474,-0.010631571499520199,0.4844915032316909,0.597355261286886,-0.023028883755819185,0.48906979968931974,0.6248479543411384,-0.022547643321660635,0.49100589767138025,0.6455781592976503,-0.0189641590899487,0.4652322035152127,0.6141311994625468,-0.013269957512951753,0.4680773561823701,0.601364423843483,-0.021588371787464224,0.4751306263735313,0.6136866893475355,-0.02105443749522903,0.48048329780835974,0.6257210594133986,-0.018428205973250917
0.47907934393112295,0.6845280849665962,2.0502671395528403e-08,0.4929434468305284,0.6746628266292842,-0.007880229403895985,0.5064721743145143,0.6521840316704386,-0.012890576642948218,0.51178772840561,0.6335044135019743,-0.018131163729157004,0.5112168264197666,0.6168658781373149,-0.023135905531553553,0.502531749485457,0.6057736994906644,-0.007713057877272666,0.5077189808979863,0.578823825568052,-0.016424395770407243,0.5122926681609695,0.5672824968798957,-0.021804226173200176,0.5166912732328772,0.5580010027918715,-0.024946088638119843,0.4902052116650954,0.6014039432450508,-0.008697281531847411,0.49789027689093274,0.5932589457884413,-0.02250577319266742,0.5004532292479875,0.6228276920201162,-0.027071568489921375,0.5006429694366654,0.644131339766446,-0.027028061674412775,0.47772225518415184,0.6035987351769079,-0.010682240891609015,0.4843175505265783,0.5932796088996972,-0.02308950125955958,0.488850807846515,0.6209000623735118,-0.022566998928525314,0.49071640739229844,0.6417908378190678,-0.018965875757096164,0.46493877739308803,0.6108414073961173,-0.013338336672701043,0.46764856013814876,0.5973465159336201,-0.021654340419846218,0.4747197458261918,0.6095424149045151,-0.02107020172004299,0.48010488346118624,0.6216531230499146,-0.018424176677246863
0.47816984223661174,0.681836189569313,1.9571895221414102e-08,0.491913122397316,0.6721761843799963,-0.008039467043166867,0.5053559063935954,0.6496828098644263,-0.013099464032852578,0.5106340551098065,0.6304762946864435,-0.018350284420545513,0.5099337387764149,0.6133411696335201,-0.02335108878825412,0.501814490567891,0.6032032606522565,-0.007913278972477565,0.5069306283885151,0.5757956615905907,-0.016595327394394413,0.5113152660822579,0.5635232200254888,-0.021936254848807,0.5155338219169922,0.5534370421170918,-0.025101071042803864,0.4894198063028494,0.5986426579567569,-0.008829809569148946,0.497030811466447,0.5897603051756198,-0.022641552642492506,0.49940927020045667,0.6194327862889474,-0.027154616627238573,0.49954927803891036,0.6407090830674675,-0.027082695977184504,0.4768642994037979,0.6006851085343744,-0.010745223254733618,0.48332367227267814,0.5895513453998396,-0.023157985417351177,0.48772913069134094,0.6171447687414001,-0.02257364026301913,0.48957281007594716,0.6380476717804808,-0.01894774008880267,0.4640055349690573,0.6079099609998777,-0.013344712465439229,0.46645145187826587,0.5937651457290547,-0.021653900562408252,0.4734619765225144,0.6057381431133844,-0.02104505764614897,0.4788982615447583,0.6177727785725642,-0.01840109801530937
0.47686377676190694,0.6797596329130343,2.5069411959128023e-08,0.4904956522587924,0.6700851411258029,-0.008120120301818808,0.5037547829917763,0.6473289344699039,-0.013102687327920106,0.5088551232459385,0.6274983566599559,-0.018246911935328805,0.507929972403282,0.6098993877424762,-0.023146079251696976,0.5004503349881045,0.6009974001387842,-0.007924603899028614,0.5053548893491646,0.573357733782535,-0.01647754176876881,0.5094508361546254,0.5601181534959948,-0.02177736775148378,0.5133043299389026,0.549153840387412,-0.02496638288996061,0.48800876809950317,0.596364433900764,-0.00878486793197755,0.49547477736512513,0.5858737504386647,-0.02228516869138177,0.49805243672223243,0.6135129894552631,-0.026793714169850838,0.4984350763732133,0.6334352036250548,-0.026833203100690116,0.47539253359728045,0.5984690058346505,-0.010644030154357071,0.48139547321193293,0.5859984451718707,-0.022995324194254436,0.48569901922164843,0.6132409658658112,-0.022503730583252855,0.4876208732685523,0.6343351112551397,-0.01895397758452689,0.4625118594054008,0.6059364846206329,-0.013183895780565369,0.4643814908166034,0.5907981612196475,-0.021515902180527114,0.47128959129491266,0.6022649195330435,-0.02097231134726603,0.47683445336366936,0.614354140818554,-0.018399870259129238
0.4751138222979048,0.6778720129976855,2.5255317907980517e-08,0.488725414228704,0.6681714796363702,-0.008319173138898583,0.5015883740669108,0.6451534364246481,-0.013375477171246378,0.5063414194990028,0.6248592086212902,-0.018554303938426806,0.5052521903738902,0.6071271430875756,-0.023484991854152624,0.4983821253223171,0.5989285252240051,-0.008123074167510487,0.5029456061008978,0.5707645737701086,-0.01667047369952828,0.506531747357345,0.5567209938320344,-0.021996769123761743,0.5098060202224249,0.5451690459575226,-0.0252439185961064,0.4858106094676129,0.5944705842943482,-0.008877933272668156,0.4926944951009273,0.5830109707635137,-0.022356219670786357,0.49531580438043576,0.6105448151782668,-0.026857739641158413,0.4958563581681378,0.6305161856238298,-0.02689748965997025,0.4731532529255727,0.5967366410906709,-0.010636766288897162,0.47859230460068325,0.5833813585452616,-0.022948596940268982,0.4828903847202511,0.6103188866292324,-0.02242687324938174,0.4849273609476734,0.6313048957400743,-0.018876483474450093,0.4603470745487327,0.604439230227647,-0.01309485380779054,0.4616154500875718,0.5885975171876892,-0.021402527111771128,0.4684167259571557,0.5996090556753012,-0.020856107555211167,0.47404903271931964,0.611565638586647,-0.018298009118773367
0.47353033211574624,0.6761639527794979,2.542353956795419e-08,0.4871235699531006,0.6664398550468016,-0.008499291090382739,0.4996280446219837,0.6431848824611985,-0.013622317902011348,0.5040668316248563,0.6224711093338764,-0.018832455301215138,0.5028291321511037,0.6046186079891612,-0.02379166542174418,0.4965106539396105,0.5970564518740652,-0.008302664967189162,0.500765505733632,0.5684180879015265,-0.016845052995428253,0.5038903366541367,0.5536469887160363,-0.022195299957621106,0.5066404869447628,0.5415633047868529,-0.02549505373986049,0.4838215505040644,0.5927568869839703,-0.008962145780087225,0.4901786869701728,0.5804205127815859,-0.022420511931319016,0.4928394939766199,0.6078589882477704,-0.0269156746945036,0.4935229403311091,0.6278748389822078,-0.02695566096531498,0.4711269836530357,0.5951690674077904,-0.010630193398072346,0.4760557871848545,0.5810132220798041,-0.02290631461267288,0.4803489213566484,0.6076747699520305,-0.022357326963398132,0.48249006877615014,0.6285629292394393,-0.01880636098554768,0.4583882146826424,0.6030844020419669,-0.013014281945728194,0.45911252876706216,0.5866062092475602,-0.021299936837584185,0.46581714171049043,0.5972058306597963,-0.020750957639808436,0.4715285749964243,0.6090423924119703,-0.018205837511445878
0.4714926672826939,0.674912043462957,3.152777628623848e-08,0.4850274191715731,0.6652152592101283,-0.00865531262573285,0.4971114956753281,0.6419496255251237,-0.013756119135924363,0.5010753503143605,0.6209950888368277,-0.01888969538986948,0.49971766554653313,0.602981961125882,-0.023759333578799814,0.49398407290342033,0.5956618747578492,-0.008448863395722114,0.4978099264751601,0.5666733896853423,-0.016893978458251996,0.5004103015440154,0.5511064590203326,-0.02220039737572181,0.5025793486949889,0.538444880772064,-0.025486906687328257,0.48123082790060673,0.5914684372787615,-0.008985110970927749,0.4872212527805952,0.5774631715562017,-0.022041255004725528,0.4898422433791811,0.6021345423289624,-0.026473767971674313,0.4905541053535361,0.6201991793433835,-0.026613892340913728,0.4685094310872155,0.5940750059744944,-0.010543787927633412,0.4728126045171424,0.5789179134245382,-0.022685648270427173,0.47701839215298514,0.6050525215569549,-0.022219480043087166,0.4792864628731682,0.6258837712783463,-0.018748825597390543,0.4558331248745774,0.6022057663910457,-0.012821895955268265,0.4559297655864162,0.5851644018452191,-0.02105814706506048,0.4624891515162592,0.5951965801659663,-0.02055089539538097,0.4682934833527681,0.6068610690452383,-0.018062455528239183
0.46907114736243083,0.673753146111312,3.190070213963398e-08,0.482479866413833,0.663976841939729,-0.00888630523234849,0.49393404588432493,0.6405532257030779,-0.014045378844384426,0.4973307817067759,0.6194501821287878,-0.019157401949710648,0.4957394050011896,0.6012824203469592,-0.023996404835329912,0.49075546625688476,0.5943655121163584,-0.008693960570750772,0.4940185853867646,0.5649555110494691,-0.017196109980722744,0.4959882362280735,0.5487378460615706,-0.022625948173894492,0.49751106324575806,0.5357268045048317,-0.026013437068587126,0.47793773732160116,0.5904949191835867,-0.009047804734721413,0.48324238564917127,0.5760151596997576,-0.022154264064160226,0.48588241898679985,0.6002629450144181,-0.026678695066482083,0.4867747162638039,0.6183866661249591,-0.026879732150363274,0.465220800567113,0.5933633404717353,-0.010431466126447984,0.46884784692369713,0.5777607695103765,-0.02255323608589871,0.4730099996315791,0.6033714916012198,-0.022142390571053425,0.47544070022266466,0.6240972906281829,-0.018725958393570004,0.45270473459351945,0.6017127401082363,-0.012550606741410147,0.4522361025097804,0.5845892169348872,-0.020791324899323203,0.45854763649623065,0.5940444444171541,-0.02034939292866844,0.46433707620987047,0.6052998415839037,-0.01791349235899729
0.4665370028599103,0.6727453516567475,4.057849743102257e-08,0.47980730309266467,0.6622792669656443,-0.009210348800654529,0.49053116569637245,0.6384365217204262,-0.01440488612977616,0.49284150707611446,0.6172304751217575,-0.019466176235089682,0.4904073292571797,0.599324369922516,-0.02425520528569565,0.48706098216641125,0.5929753262005225,-0.008900757561487234,0.48955461791820404,0.5636511271987922,-0.01743672382506943,0.4907399121155997,0.5470625680632524,-0.02299483237515869,0.49151969589442024,0.5338872645143975,-0.026482642437135082,0.4741594682137974,0.5895539117869966,-0.00908807100140106,0.478880817083953,0.573700860565839,-0.021903698114717696,0.48108209521954703,0.5942375837703349,-0.02658769420086057,0.48173002169617274,0.6097762582567043,-0.02708575453291846,0.46149219567256605,0.5929614535975817,-0.010347590292398252,0.46423049719120096,0.5766141185921572,-0.02244807236041352,0.4681945988403235,0.6009931789348009,-0.022388870237665438,0.4707819703842818,0.6213911836000882,-0.0192525175630529,0.44915730948284227,0.6018437677381752,-0.012359913961729743,0.44798897840376095,0.5845875524613311,-0.020738939294871667,0.45401637183976784,0.5935555813147885,-0.02054414148005802,0.45980717980721086,0.6047346888486291,-0.018309282026715064
0.463655149065498,0.6714851961098914,3.920396116423215e-08,0.47680807303222583,0.6600892259004334,-0.009301483757024652,0.48655313700558717,0.6356291937270359,-0.014508129485781012,0.4874207523655898,0.6145391100667307,-0.019476988393057594,0.4840780189370115,0.5972917697513643,-0.024164851525863545,0.48265152336070277,0.5913361554069037,-0.009090405927228406,0.4842571228660509,0.5617821809423791,-0.017574353989317972,0.4845948656760902,0.5452224579444307,-0.02310659016977704,0.48463202690418844,0.5323803845147035,-0.026573259743976962,0.4697114059035797,0.5886201645922122,-0.009063611734110424,0.4736658765084907,0.5735067731999399,-0.02168705218912448,0.47615846030048053,0.5939437912050893,-0.026247257761177558,0.4772831454639093,0.6093423134612777,-0.0267102253710656,0.45715393961551665,0.5925999337284418,-0.010098671439075394,0.45913812302800083,0.5766863041015943,-0.021959638497210318,0.46318520863784324,0.6002267724738537,-0.021830819532462065,0.46603663594927974,0.6198091030285586,-0.01873265142550305,0.44509874640876573,0.6018241108652815,-0.011887197034640891,0.44333425982077607,0.5852265451263715,-0.020118868073348294,0.4492493703173004,0.5940278534580029,-0.019873051157293257,0.4550444270936047,0.6047327922855056,-0.01762170828463492
0.46104743138841536,0.6703449127611032,3.796017755256853e-08,0.47409414449726384,0.6581075123206673,-0.0093839495077811,0.4829535179836172,0.633088912589968,-0.014601551825601723,0.48251564652393586,0.6121037609025627,-0.019486772045342455,0.4783507837671891,0.5954525205128948,-0.02408309266038539,0.4786615139798283,0.5898529106071274,-0.009262014006976236,0.4794635516173835,0.5600910180527781,-0.017698892094931307,0.4790343662996565,0.5435573881570828,-0.023207717012902498,0.47839954688922487,0.5310168463574022,-0.02665525708657615,0.4656864651735503,0.5877752400264739,-0.009041479152712317,0.46894700674836043,0.5733311483795779,-0.021491014690298977,0.4717031857689113,0.5936779456346889,-0.02593920531125599,0.47325927798626133,0.6089496476306563,-0.026370418391432393,0.4532283598273908,0.5922728034086454,-0.00987343097225236,0.4545301605597299,0.5767516229700785,-0.02151766686713305,0.45865233628750374,0.5995332703677033,-0.021325853357047862,0.4617427010821407,0.61837751774795,-0.018262237513723776,0.4414262538304312,0.6018063238508882,-0.011459447268356448,0.4391223209798016,0.585804753664009,-0.01955778107838973,0.4449358294427005,0.5944552007504442,-0.019265798249117994,0.4507347308602547,0.6047310761328012,-0.01699953994112049
0.45834816341926393,0.6699034871196469,3.3167909611745866e-08,0.47131153188585145,0.6558763953539339,-0.008743633107616338,0.4790819461445921,0.6300256345122909,-0.013590761778354525,0.47728808013801943,0.6095440052224909,-0.018074086506020316,0.4724091223177697,0.5941747629336804,-0.022318876801719505,0.4744104473964433,0.5890828679796685,-0.009091098109273483,0.47422336494426265,0.5591145047823015,-0.017022297929801606,0.47298367228579996,0.5425844031441396,-0.022163277867950297,0.4716937229392486,0.5302949204252793,-0.025399802461974912,0.4613349973416762,0.5877875994655501,-0.008850441888204563,0.46371204683149037,0.5735796679495525,-0.0204608546320317,0.4665758374148178,0.5930181117859872,-0.02450162874889184,0.46847035161737155,0.6078806994260753,-0.024870100140375294,0.448964187417583,0.592922086265995,-0.009542718830799936,0.44959846046998203,0.577354175733055,-0.020362669398317223,0.453711932169245,0.5987803820595492,-0.020052361995760635,0.45699212071762846,0.6168480589625231,-0.017154194697517,0.43744506538543043,0.6027455651260535,-0.01092037562939333,0.43468832445295574,0.5868465450510805,-0.018469459209725998,0.44028661257577656,0.5949279145234971,-0.018093237287477595,0.4459752861608611,0.6047897204212157,-0.0158972747572085
0.4554737679536918,0.6699361938493523,2.953233032006052e-08,0.46828227914128284,0.6539702192320054,-0.008143118783878803,0.4749250638645357,0.6273822188265356,-0.012611661930909599,0.47198259822145633,0.607356883452245,-0.01668365326265405,0.4665448096821307,0.5932324087492743,-0.02055830104198817,0.46975676247739395,0.588641725140277,-0.008852683670649716,0.46870707032175,0.5586749194752566,-0.016300173016062847,0.46672537989101437,0.5421276158852066,-0.021139366371702523,0.4648113758790741,0.5300811802859196,-0.024215674676049688,0.4566672576220226,0.5881894951397607,-0.008583392096292884,0.45823641751541677,0.5740127170227652,-0.019385899979121803,0.4612159252050468,0.5923949630996141,-0.023083991592202324,0.46340667018181997,0.6069145631435972,-0.023424849025690808,0.44449393128708653,0.594063435052394,-0.009136547840348171,0.44443275108212466,0.5783277820279537,-0.01914525724341218,0.44853485123746106,0.5982424582807344,-0.018769145842166962,0.452010189184572,0.6156223193663489,-0.0160628642205807,0.43337048118934396,0.6043068335436779,-0.010311187664114796,0.43006688495683354,0.5884440910737729,-0.017303145979400955,0.43538348067261834,0.5958080277148181,-0.016866136329611037,0.4409281583697292,0.6053140898785083,-0.014758161041084105
0.4525116585032936,0.6702912748976002,2.617138355160394e-08,0.4649081721080227,0.6528881800845913,-0.008081422197423601,0.47044406198411465,0.6258023614628025,-0.012311092450863387,0.4662462032692597,0.6064427693697455,-0.01606309888001774,0.46019608649159804,0.5934110767612372,-0.019610198926883194,0.46517891443744047,0.5886619645436834,-0.008678187026742222,0.4631427606361135,0.5588187316401214,-0.015832119000292768,0.46034383391976835,0.5423806963386326,-0.020499014468711066,0.45779058788215915,0.5305222211966935,-0.023488957023618414,0.45214203435812145,0.5889686668617863,-0.008208729531603707,0.4527198874235916,0.574555073822076,-0.018619989151145478,0.45528216600908666,0.5918655869770337,-0.022287406529808783,0.4574842275041852,0.6060072070186788,-0.022698791434618486,0.44019330090313963,0.5953389069755441,-0.008530898660198504,0.43925568333510623,0.5795836500309268,-0.018220135998382625,0.44291531218307295,0.5984240707605926,-0.018093394788313538,0.44637212663477077,0.615304626365784,-0.01563611864441423,0.42945074829798685,0.6058049522463317,-0.009454384936979372,0.42562786494470817,0.5902480528848013,-0.016321025837677416,0.4302712456151882,0.5971474479825962,-0.016128842628613322,0.4354048522086084,0.6063428215440486,-0.01423602505009959
0.4495337524640763,0.6704549900444625,2.5346764865398064e-08,0.46156187373103846,0.6517971405837575,-0.007927275150796262,0.4660712882508636,0.6245320040095209,-0.011924209925781755,0.460857308542458,0.6058364127346031,-0.015363849669835715,0.4542920236380937,0.593702209526563,-0.018604863632314256,0.4604022492257633,0.5890256031543284,-0.008645900884757099,0.4574468025514603,0.5592157112544269,-0.015500375643513132,0.4539010507582228,0.5429010496865957,-0.01997586220088462,0.45076571630046824,0.5313939159015332,-0.022839807249507387,0.44742732997441137,0.5900565337075164,-0.007979558253454465,0.4471730547156549,0.5754573140258491,-0.017894655800079033,0.44927514880740443,0.5916353113374334,-0.02144487258632182,0.4513546218908588,0.6053350032827977,-0.021891556952673544,0.4357267702149058,0.5969935703624206,-0.008052925182827197,0.43405546137816203,0.5813887431728648,-0.017309627857514644,0.4372885679524883,0.5992482858475473,-0.017343586163629392,0.4406569223964505,0.6156272110685003,-0.01510218540790133,0.42539173012256576,0.6077615762356238,-0.008692533588887826,0.42122239590923427,0.592624738749097,-0.01530611855205911,0.4252620838439713,0.5991280829181647,-0.01524882928116785,0.4299890397404633,0.6080184575512697,-0.013507649947210702
0.44683911950448096,0.6706031318007539,2.460058796737459e-08,0.4585338917260615,0.6508098861303094,-0.007787791329951639,0.4621144742777914,0.62338248920986,-0.011574129570711038,0.4559810320060613,0.6052877357270662,-0.01473111648621159,0.44894958430284965,0.5939656483103036,-0.017695160779197392,0.4560799639196357,0.5893546506705096,-0.008616685959509105,0.45229267203516843,0.559574928213897,-0.015200189347662056,0.448071136842205,0.5433719044629356,-0.0195024747517149,0.44440908507985255,0.5321826907155912,-0.022252407797007143,0.4431611114773251,0.5910409173044301,-0.007772186875257508,0.4421538640362552,0.5762737287006378,-0.01723831972743684,0.4438395486483197,0.5914269406500822,-0.020682484618468243,0.44580809453322223,0.6047267428748417,-0.021161110587837127,0.431685117909878,0.5984908340237297,-0.007620418895195762,0.4293499101291119,0.5830221269705229,-0.01648573173250206,0.43219706732779734,0.599994097538667,-0.016665103025862636,0.43548537651535735,0.6159191099265412,-0.014619042528850244,0.4217188257343666,0.6095320765206049,-0.008003153290838136,0.4172359967720121,0.5947753425559985,-0.014387754242794572,0.420729418195389,0.6009203101100311,-0.01445252713473289,0.42508840601076825,0.6095346988140495,-0.012848561469150834
0.4440848191424032,0.6711738989744559,2.809300360237313e-08,0.45549239332318997,0.6500734072785302,-0.007492614941862005,0.4581758227830294,0.6222526753295653,-0.010831460793622549,0.45134918342576236,0.6044255268440647,-0.01345515339045113,0.4440771460625586,0.593672657013237,-0.01587651647348787,0.45162043567278154,0.5900768623316041,-0.008275818003156323,0.44703765699489173,0.5603775322759273,-0.014283598261696187,0.4422715609334595,0.5442934152972807,-0.018220984319749303,0.4381316512687738,0.5333490094518789,-0.020739587906000972,0.4387518007289434,0.5925033392035428,-0.007203325954679203,0.4372492195144777,0.5769138146164234,-0.01579659132437517,0.4383934577122004,0.5900174320321336,-0.01900219760428785,0.43996290466351035,0.6020919792643489,-0.019492720837788288,0.42758826456819554,0.6005282739839882,-0.006760170368621719,0.42473460959112264,0.5848386502062788,-0.014904298361560145,0.42739337417803075,0.6008472025243619,-0.015221111573416131,0.4306807581901724,0.6162862240894003,-0.013411461228872336,0.4181158713695578,0.6118409889199635,-0.006807495551234787,0.413352986209743,0.5973479098870084,-0.01271213033653597,0.4164002420232166,0.6030975987161238,-0.01285633213645252,0.4204527770849572,0.6114337691178158,-0.011398424626866353
0.4413372375518654,0.6719200477553224,2.736822817127772e-08,0.45244333625575806,0.6496451778806379,-0.007339888421378476,0.454339170329731,0.6214459890655,-0.010462566242059403,0.44690300394282295,0.6037729703441695,-0.012772421150493037,0.43933341680600024,0.5935861492764958,-0.014887038259401476,0.4472698938196485,0.5910851555155198,-0.008385309821982143,0.44190223984700394,0.5615059367774434,-0.014071809118518946,0.4366158710996676,0.5455725747549135,-0.017805865218303015,0.43202390222945697,0.5348814238374495,-0.020205152140860955,0.4344157928836218,0.5941733392553312,-0.00711999120648263,0.43251359592029803,0.5783532420230013,-0.015125319048170627,0.43372650988151484,0.5906503337504849,-0.01810578460316485,0.4353809005283081,0.6025350855517667,-0.01856789051169352,0.42350976915000565,0.6027020147985988,-0.006413387917013581,0.42033721072159086,0.5869986143691388,-0.013954828798212044,0.42307931886392824,0.6019924670069042,-0.014226825308540478,0.42643886267043435,0.6168607645340448,-0.012537576680478361,0.4144530205638438,0.6142247771574622,-0.006172258789609581,0.40957367849036,0.5999664627371699,-0.011598612088467361,0.412569803437037,0.6053969268741116,-0.011632238883397242,0.4165433555183764,0.613537153167324,-0.010181195184667617
0.43885960648987987,0.6745463407692007,2.1045096613665118e-08,0.4495188023223522,0.6509034762536616,-0.0069573419586525746,0.45053439027932163,0.622934319761129,-0.009665850708203524,0.4425606883651376,0.6058982054344447,-0.011441387590216392,0.434685188693279,0.5964786079712349,-0.012986377250137635,0.44277417722892337,0.5938780947205634,-0.00828437587564979,0.4366492576039039,0.5645705312876869,-0.013540689967822366,0.4308433517094239,0.5489034694434348,-0.017049299817850933,0.42588378961531353,0.5384942352290043,-0.019306545017578308,0.4300992817402911,0.5978390945110851,-0.006778711962191061,0.42767601403306,0.5820296690746853,-0.01371879128563576,0.4291423162758252,0.5937285879079549,-0.01617302784025688,0.43116193798290386,0.6054161747797309,-0.016506927593890663,0.41958483297935417,0.606993456666546,-0.005770648299160208,0.41589700483132336,0.5911122561779888,-0.012374133346357036,0.4187639472165739,0.6050663132832671,-0.012526625531199796,0.4223146184288985,0.6193941025111018,-0.011004348117633612,0.4110521578901649,0.6186766265237281,-0.005174988099278986,0.4057489961490099,0.6046930624806707,-0.009920014710354886,0.4086571265138779,0.609520034769789,-0.009825455057232835,0.4126238172291195,0.6173704712307193,-0.00843141093880912
0.4367604786776065,0.6777053770338921,1.6154039507158892e-08,0.4470799709823077,0.6524949443212504,-0.006390613253813739,0.4472874314015749,0.6243463108373999,-0.008463598113945366,0.438898177895449,0.60757488708514,-0.009476801591556385,0.43088051974530006,0.5985662635771983,-0.010210804606705303,0.43857557468053315,0.5970537867795024,-0.00780538226813122,0.4319839785455505,0.5679449263695077,-0.01233954756078948,0.4258002593629138,0.5525216962128812,-0.015444971265374736,0.42053770498700915,0.5423302421996637,-0.017452162092817095,0.42603878607366263,0.6019552079548169,-0.005987584382443239,0.4235286652527935,0.5857978110264956,-0.011613370197520448,0.42533979036267694,0.5967062665737264,-0.013487266208296898,0.42771492743595724,0.6082608426012094,-0.013660522720048286,0.41598141344222106,0.6116732662614952,-0.004570400784274211,0.4120918903373712,0.5952887347543696,-0.010027391270169758,0.4151704169705309,0.6081216100535093,-0.010052859445408114,0.41893560338699426,0.6219651375357155,-0.008698483242813963,0.4080364421914739,0.6233786106831126,-0.0034923803159514896,0.4025495040413897,0.6094395454704892,-0.007454280999340737,0.4054260881105496,0.6135565392677942,-0.007268845338338478,0.4093906496304365,0.6210330213347894,-0.005947692888618074
0.4348610302346859,0.6805639102203964,1.1728243826272132e-08,0.444873133283189,0.6539350241130881,-0.0058777945728022765,0.4443493392337218,0.6256239863727147,-0.0073757097039072565,0.435584063448413,0.6090920745246401,-0.007699096682727185,0.42743776963412883,0.600455331106539,-0.007699258094408488,0.4347763638719521,0.5999273913791261,-0.007371952890153181,0.42776248379360293,0.5709983323824658,-0.011252663731503463,0.42123689078236565,0.5557957394432052,-0.013993254341271098,0.4157001662418306,0.5458013493065532,-0.015774177199080936,0.42236454474049184,0.6056797764283838,-0.005271712751989225,0.4197758327016426,0.5892075087691587,-0.009708227126131367,0.42189897943031535,0.5994006937887572,-0.011056987442013855,0.4245958134983273,0.6108349116181321,-0.011084881887732321,0.4127207689073919,0.6159079093338786,-0.0034843267205894373,0.4086487370627527,0.5990679261320524,-0.007903882850869386,0.41191872100874866,0.6108862719568794,-0.007814410165505593,0.4158780168872951,0.6242916030542242,-0.006611963584290671,0.4053075962133121,0.6276333189662197,-0.001969830466723349,0.3996543633708586,0.6137345196362574,-0.0052231000151917815,0.402502401983228,0.617209071590385,-0.004955432919468093,0.40646503684730223,0.6243471716459895,-0.003700238324153151
0.4333519901337179,0.6834705227534387,8.334145552950478e-09,0.44299624385484804,0.6559812685402289,-0.00572248689540281,0.44190197867582137,0.6274911496547808,-0.007064422976050738,0.4327402015854934,0.6111237294890732,-0.007187845049243031,0.4243822771394544,0.6029663155544348,-0.006983398334133182,0.4317813425346866,0.6029844560360276,-0.007308088464267112,0.424224133502903,0.5743027746223727,-0.01092765687871319,0.41734698074414156,0.5593005848973871,-0.013534379701486726,0.41154329423500363,0.549485629919194,-0.015256329499455882,0.41946775856744933,0.6092941626092051,-0.005113579667905345,0.41644850864070787,0.5931271604995982,-0.009093441590852437,0.41870966897777395,0.6028325409325191,-0.010285619678915918,0.42167603889297983,0.6140709982961136,-0.01032731073792491,0.41010136614699133,0.619937894871482,-0.0031877871428241,0.4056077603744354,0.6031864188105136,-0.007175598519536938,0.4089055424903494,0.6141638356541441,-0.00710197094868084,0.41302539561374896,0.6271239040735427,-0.006044803925338511,0.4030659831362009,0.6317626254479735,-0.0015128851683343645,0.39706197426648415,0.618104797221982,-0.004464525460108472,0.3998312317300067,0.6211592598148595,-0.004174589581753977,0.40382541111890613,0.6280407779343591,-0.0029804891888595545
0.43223187873213353,0.6866979099119764,4.200758944812574e-09,0.44161669129864967,0.6582431201528347,-0.005323095799362693,0.44002288764512626,0.6293650498872134,-0.0063813122164984954,0.43044458710934835,0.6131732700322515,-0.006215857653362498,0.422022860578033,0.6054104728496836,-0.005727824154496195,0.42917078842231954,0.6063183640812354,-0.007024173316403519,0.4212517267838625,0.5777512697512797,-0.010215577100231335,0.41413324081831077,0.5629123726495432,-0.012509169057465477,0.4082067967279887,0.5532676538777721,-0.014050347812038271,0.4168625095301151,0.6132306418266329,-0.004799399061167532,0.41390228090737213,0.5970757465503889,-0.00818124304844446,0.4164697627089727,0.606415514151859,-0.00908709343063071,0.4196801167781907,0.6175965750961331,-0.009058833059711363,0.4077801557143766,0.6242786472780438,-0.00277127024207974,0.40326925505469624,0.6073871087435059,-0.006223204070957242,0.40675721877814547,0.6176256797901274,-0.006071805957854536,0.41102729462274623,0.6302405945799273,-0.005113340082359672,0.4010982229269644,0.6362307912246647,-0.0009494591696548634,0.3949265047685689,0.6226693189565627,-0.0035559559643730757,0.39773838033245357,0.625226099384926,-0.003226899085149969,0.40179744471761797,0.631781640291409,-0.0020857473353859753
0.43141316067834135,0.6902625670694268,-1.08337354952997e-09,0.4406978372111166,0.6610771621910089,-0.004776357013952397,0.43874054609493135,0.6320599961126745,-0.0056137751195523096,0.4289174409055518,0.6159273928024976,-0.005281152757407705,0.420408628451395,0.6084587500762886,-0.004648850483383445,0.427375469571178,0.6098945991618328,-0.006834262379258805,0.4190383008562415,0.5812743400691369,-0.00981749783031435,0.41168577258807687,0.5666253636737005,-0.011912005686742078,0.40564954662606734,0.5573472968321039,-0.013298752830467662,0.4150327753344535,0.6169974204015127,-0.004697578163842244,0.41209070676509546,0.601212990833694,-0.007589283763036075,0.4148976126121199,0.6103164698645615,-0.008151653619569524,0.41831773094082686,0.6213437233563993,-0.007994687044772417,0.4060788224175102,0.6283509149868537,-0.0026865647397354676,0.40158424737426474,0.6117885530390376,-0.005741427478883392,0.4052208000122964,0.6214195292343241,-0.0054270649632565445,0.4096357415607231,0.6336696029416291,-0.004469549177901931,0.39953511711195727,0.640500457753016,-0.0008162018801913365,0.39321786002917924,0.6272487186617783,-0.0031442777631146596,0.39609070987904715,0.6294498063294472,-0.002669432564966555,0.4002541807010811,0.635775718359769,-0.0014692409542571856
0.4306723231155336,0.693488136492916,-5.864853352655807e-09,0.43986638904696423,0.6636416162014349,-0.004281626712843597,0.4375801871846408,0.6344985857887185,-0.004919249929064132,0.427535564365232,0.6184195298591214,-0.004435361591747929,0.4189479500298489,0.6112170601695621,-0.003672514098545681,0.4257509302856671,0.6131306451594329,-0.006662416705191706,0.41703542689727735,0.5844622785979044,-0.00945728581988709,0.4094711195822741,0.5699851567164003,-0.01137164743506358,0.40333555474055544,0.5610388640687293,-0.012618653262873883,0.4133770944613846,0.6204058844583694,-0.004605442971430193,0.4104514584717503,0.6049566800773685,-0.007053634558463062,0.41347501317055924,0.6138463474694749,-0.007305197447545506,0.41708494194993867,0.6247344244307883,-0.0070317678364718895,0.4045393283177574,0.6320358085476119,-0.0026099168416923355,0.40005952591795735,0.6157713102893905,-0.005305479847538744,0.40383053296166577,0.6248524890461661,-0.004843654905462162,0.4083765598751455,0.6367724271504809,-0.0038869988329973404,0.39812070161563745,0.6443639725860092,-0.000695620679990295,0.3916717499873028,0.6313925033273544,-0.002771760418628731,0.3945997739489574,0.6332717334804362,-0.0021649950040178714,0.39885771955370025,0.639389860063524,-0.0009113796945288229
0.4304716567922471,0.6967912128492967,-1.0816221121235432e-08,0.43957520393839195,0.6668166184119745,-0.004354390884318604,0.4370058768405208,0.6377588342775207,-0.005056002877866042,0.42653329834523135,0.6222650286071978,-0.0046245533024214715,0.4176486032437796,0.6158418304217741,-0.003910073557795859,0.4248629305874828,0.6163872113706932,-0.0067749736696818,0.41586671609055936,0.5878245960192042,-0.009640443345975207,0.40806122321498367,0.5735949182250837,-0.011612154175028373,0.4017737660454423,0.5650152001366238,-0.01289654889452534,0.4124894322143181,0.6237579584384308,-0.004705361113219115,0.40925580527065586,0.6095535020327884,-0.007178387364230685,0.4122562249571642,0.6187010933299242,-0.007456976692339573,0.4160166095517016,0.6295450720689258,-0.007231820838222006,0.40370723443250334,0.6355716846864261,-0.002706821005794042,0.3990376190223744,0.6203177020738,-0.0053690139802237465,0.4027339508185784,0.6292885000478415,-0.004895618415712169,0.40735038823115494,0.6409579347330234,-0.003974740007880125,0.3973716329464391,0.6481256731251656,-0.0008084815989406965,0.39076022461727244,0.6359293406160467,-0.0028677977130143035,0.39356648156888924,0.6378233394066811,-0.00225839594730785,0.3977921146389403,0.6437516317530916,-0.0010117208622516562
0.4306386238121344,0.7004124638522401,-1.796445816711718e-08,0.4396639453571065,0.6705165518306813,-0.0043373487883081865,0.43705727159513463,0.6417144383365546,-0.005173594455273737,0.42633536101009084,0.6269149496123734,-0.004874500020117993,0.41723326229918545,0.6212421121403471,-0.004289540722913968,0.4246960167242586,0.6197653052932547,-0.007063103198336484,0.41546083028190806,0.5912446026962667,-0.010087932084861036,0.40740476490667016,0.5775039207954002,-0.012157748672232528,0.4009857976920759,0.5695602040650583,-0.013495621206958587,0.4122040735850301,0.6269169417500835,-0.005057957929024695,0.40914812819209373,0.6146175404113186,-0.0074691195344474695,0.4123972308928327,0.6243364742477131,-0.007651455616262938,0.41634940631261297,0.6350341088122644,-0.007446006009414467,0.40334664677130955,0.6389373896068912,-0.003124493916336111,0.39885674210032035,0.6252580727900963,-0.005731580509495328,0.4027510853116724,0.6343816117682075,-0.005115359699862042,0.40745863799487086,0.6457024015393649,-0.004184808877449539,0.3969572083151707,0.6518398097605039,-0.0013023186282422605,0.3903603717412295,0.6407152362089268,-0.0033671465955229067,0.3933573711874556,0.6428830847286016,-0.002632692691818806,0.39770038589777684,0.6487768687739977,-0.0013091228784821351
0.4312877169781548,0.7045031729509326,-2.5150524889146547e-08,0.44038069859646406,0.6751707296315193,-0.0049123447340188075,0.4378892467438556,0.6467574359047541,-0.006161632739136624,0.4268960848427009,0.6324598695153925,-0.006222001639197169,0.4174673517336367,0.6272744632838445,-0.005965312975226797,0.42543824857545476,0.6237827639793818,-0.007706460662683007,0.4160528652212524,0.5955931657158754,-0.011281134629589393,0.407795387586936,0.5822001351489291,-0.013759298561611063,0.40121148561904635,0.5745404142873766,-0.015347996655619877,0.4128234278016813,0.6305663422634721,-0.005666466879289806,0.40966873143483007,0.6207281466052033,-0.00875328147151903,0.41320246872143485,0.6315323611889008,-0.009187487064528464,0.4175019275622472,0.6423805793060525,-0.009049787456622315,0.4037811312708095,0.6425399758456405,-0.003779523597764352,0.3992844006253877,0.6311307732955896,-0.006932292721152632,0.40338546374340944,0.6409153440988631,-0.006288814465408788,0.40833186820217704,0.6520875752549196,-0.005244573575658571,0.3972638736511335,0.6555316134326576,-0.002081555056941693,0.39066321303378865,0.6458839625611013,-0.004510918839651223,0.3938641991051552,0.6487980563278941,-0.0037226586699437244,0.398411529924423,0.6548597807988107,-0.0022784413883727597
0.43196947166395283,0.709326115603508,-2.794869278677238e-08,0.4410137068995356,0.6815500378172528,-0.005806598455132621,0.4384828330350932,0.6539017194073272,-0.007609101004385501,0.4273340477658116,0.6396839870683358,-0.008145657628645593,0.4176266362542593,0.6340095796045231,-0.008296969913957307,0.42717947721733096,0.6288358118417998,-0.00837653438585208,0.41780620249560857,0.6005109242812551,-0.012682812948151634,0.40936273263704537,0.5873154596105239,-0.015606000809417948,0.40255402273490415,0.5797842625688733,-0.017436863010733272,0.41465576060428583,0.6352140807459614,-0.00625830286095036,0.4107197964344928,0.6262076832425576,-0.010416201583844056,0.4142175227154943,0.6382429117432655,-0.011227948069427026,0.4187793757157744,0.6491611025132644,-0.01108785469080172,0.4054197357198582,0.646868073094893,-0.0044391806366971985,0.40041371665095216,0.6368038678898482,-0.008575002678509898,0.404682784639715,0.6475100796608589,-0.007966890655564664,0.40993606099202184,0.6582769199199868,-0.006667524608995355,0.39869127445567476,0.6596239935704402,-0.002894638697165499,0.3917449106615323,0.6508320121501485,-0.005965417459660737,0.3950769695859454,0.654717531200183,-0.005161495990688754,0.3999021047412883,0.6608225743985368,-0.0035320450450315546
0.4325863744884599,0.7136902762125794,-3.0480685181470584e-08,0.4415865003371695,0.6873225148095797,-0.006615786360801862,0.43901995447669295,0.6603664034991686,-0.008918878963844903,0.42773034950003447,0.6462209110027353,-0.009886325992195796,0.4177707688472862,0.6401040185107213,-0.010406828168324429,0.4287550716205124,0.6334081889205819,-0.008982867398388869,0.4193927536985501,0.6049608814468234,-0.013951156726030091,0.41078098411155906,0.5919441892318454,-0.017277035649995755,0.40376885111237076,0.584529290191757,-0.019327026116805517,0.4163137928920149,0.6394197034679554,-0.006793840491034933,0.4116708789580746,0.6311659793848382,-0.011920936550237656,0.4151360197775709,0.6443151216997538,-0.013074310380446676,0.41993530671337337,0.6552966289794575,-0.012932050938355094,0.4069024680485473,0.650784460431021,-0.005036087851272945,0.4014356065777025,0.6419373098034853,-0.010061449979350098,0.40585669798698626,0.6534774915170907,-0.009485339979068046,0.41138765506790376,0.6638775036567287,-0.007955117536315285,0.3999828938700605,0.6633270863669344,-0.0036303778195558964,0.3927237118868389,0.6553093789081216,-0.007281557011932732,0.3961743753693799,0.6600739164871271,-0.006463464023566785,0.4012508887450051,0.6662181577223508,-0.004666399751666236
0.43403196300851177,0.7185531121015953,-3.407785289735848e-08,0.4431695124337698,0.6936612429056047,-0.007464651260115869,0.4409113120155318,0.6670447947029463,-0.010234348659466682,0.4294189243246176,0.6523829398146616,-0.011596129047042361,0.4192415890230839,0.6453692039963316,-0.01242825611135943,0.4310917911823458,0.6381212542828166,-0.009407535266370698,0.42190055717355474,0.6100188439038094,-0.015136869006696198,0.41322963092354603,0.597198397012643,-0.018962124723634247,0.4061191569627021,0.5896400972430237,-0.02130427628198167,0.41861425364179344,0.6436707213432422,-0.0071631202715713065,0.41323666220464866,0.6364079433543864,-0.013293052601376903,0.41686494883423736,0.6511160551649992,-0.014753168947654586,0.42207489620979627,0.66215870582976,-0.014577202372902966,0.4089769091202051,0.6546506404836525,-0.005516739677658516,0.4030113596152391,0.64724355931089,-0.011455892318880325,0.4077078340117406,0.660092633793105,-0.010793719756845184,0.41363902524454105,0.6701540501920564,-0.008965569711084535,0.4018097745733673,0.6670924311924262,-0.004328821764692698,0.39423585354720037,0.6599553808726575,-0.008582524470256717,0.3979751509908843,0.6658632530386662,-0.007709510886675968,0.40344520124880534,0.6719835318431042,-0.005721681406182886
0.4362609459446702,0.72335546816538,-3.5225615363171034e-08,0.44560395427563965,0.699668219039511,-0.008147115889972521,0.4437718136526661,0.673407413947125,-0.011381266710275994,0.43218205568874024,0.6583281085484683,-0.013171492073502412,0.42196633725050703,0.6507400696350157,-0.014369392451839135,0.433947605081692,0.6428990691012229,-0.009880476053184904,0.4247710947395393,0.6146403127684175,-0.016258366371706502,0.4161650915475598,0.6024707598921353,-0.020399363660899457,0.4092147179501646,0.595759769354969,-0.022854464502627195,0.4213632261287979,0.648063286562298,-0.007559799591881348,0.41534944790945644,0.6417427882305373,-0.014439617139179814,0.4191782328146681,0.6575230407311488,-0.01604692092277945,0.4246676947848915,0.6684246646581837,-0.015789992848087048,0.4115428707503648,0.6587109816394239,-0.005971709309853218,0.4050514948454879,0.652721724933846,-0.012584881786249582,0.41001212211125626,0.6664648629588444,-0.011803999183805548,0.4161935743600183,0.676168948574179,-0.009736679402294049,0.40416375366155854,0.6710329018037824,-0.00492681962959962,0.3964248746898013,0.6651913687398837,-0.009689402195740125,0.40048101109407586,0.6720977497271445,-0.008813509124304796,0.40622890445122134,0.6780844503015899,-0.00669338838776191
0.43886700683614055,0.728263827504466,-3.840369634465666e-08,0.4484949402153882,0.7055045863623874,-0.008405768074674629,0.4475683101666067,0.6794155402928489,-0.011912796833281612,0.4362608324844948,0.6642350487483072,-0.01401840330602983,0.4259904552839395,0.6567130763121054,-0.015524475719235004,0.43739831711437865,0.6480266681548026,-0.010091404859186184,0.42850310005928877,0.6195610701355168,-0.016920936102426027,0.42001530139645865,0.6079387419825216,-0.02127701028680532,0.41323528760576456,0.6022446782444778,-0.02377903153079472,0.4247311229043188,0.6528281308161954,-0.007839520020736256,0.4183533943781146,0.6473124523642801,-0.015203555692616078,0.4222130838461221,0.6639136891935009,-0.01689562346602856,0.42780388433820904,0.6749107492321423,-0.01658885499395526,0.41473102202893924,0.663187462914225,-0.0063929952122396905,0.40795637411344643,0.6584580327641987,-0.013441382924195269,0.4130764810451635,0.67299173679434,-0.012547962124995017,0.4193753648245639,0.6826961311891736,-0.01030803004448341,0.4071295236940664,0.6753879708579128,-0.0055334636013102305,0.39935599232289193,0.6704662616752748,-0.01059776982595457,0.4036421295345185,0.6783189477088765,-0.009640564993152925,0.4095454705122305,0.6845130404604081,-0.0073869083411291616
0.44190780379588096,0.7330309521943392,-3.9715196811119966e-08,0.4517921015894152,0.7114043770703364,-0.0085911194556779,0.45198083911757925,0.6858553058883297,-0.012351579993877534,0.4414668791308711,0.6708045775683412,-0.014776931273011763,0.4316026747125573,0.663352558818504,-0.016600536421080607,0.4414481358421584,0.6533212349710141,-0.010178899150933538,0.4331259854991712,0.6248927151026406,-0.017378154671418178,0.424868838592729,0.613806368811775,-0.021943301246749456,0.41826788128992604,0.6091192290546807,-0.024491617929835684,0.4286730451156114,0.6575502648234096,-0.008019839927753306,0.42207191752933515,0.6530535542787377,-0.015765659659574473,0.42594972600691994,0.6702948673020706,-0.01758400627996686,0.43158980310597866,0.6815691788613412,-0.017275744868016665,0.41847151782626607,0.6676020409659196,-0.006722646321010894,0.4116803435016577,0.6644031099484097,-0.014132258410119431,0.41692338413386226,0.6796079183147864,-0.013210207983222023,0.42327523750907464,0.6895566580801925,-0.010855862961999346,0.41062860408365054,0.6796894088221623,-0.0060498887707009326,0.40304341340843414,0.6758812063910538,-0.01136169333130046,0.4074034040201683,0.6846248459675406,-0.010360831683939,0.41329096214850364,0.6911974908233007,-0.00800039585423902
0.4446593451820918,0.737344604520055,-4.090194089804404e-08,0.4547756207450071,0.7167429506475377,-0.008758839301025738,0.4559736265963891,0.6916824892840191,-0.01274862394055892,0.44617770099622567,0.6767491804719734,-0.015463304326320577,0.4366810322059353,0.6693604610695435,-0.01757423693262547,0.44511271587945533,0.6581121565319553,-0.010258070555005386,0.437309119322297,0.6297171877582817,-0.01779188035971057,0.4292606834419135,0.6191158380967319,-0.022546211331117918,0.4228217498925623,0.6153398387554672,-0.02513641960326921,0.43223999228413307,0.6618232062016438,-0.00818300691768527,0.42543671645594294,0.6582485343215462,-0.016274293530535517,0.4293309203737327,0.6760690363409698,-0.018206906732442067,0.43501558664636997,0.687594225891603,-0.01789729439640428,0.4218561992527337,0.6715966826249051,-0.007020939393782086,0.4150500705923874,0.6697826621293521,-0.014757414419352343,0.42040435086641276,0.6855947360843444,-0.01380945775585857,0.42680413510876863,0.695764577886013,-0.011351583315982608,0.4137948347242,0.683581672835693,-0.006517189036148707,0.4063800688509344,0.6807810549132588,-0.012052948672807361,0.4108068875638535,0.6903308961463827,-0.011012583061964657,0.41668016418512765,0.6972460833669942,-0.008555525415533198
0.44754503777638943,0.7418126077490198,-3.995553009957347e-08,0.45781229710397636,0.7224907573924771,-0.008761962692402148,0.46010170689349794,0.6983156249480575,-0.012957877707373743,0.45153754931381623,0.6838297289041393,-0.01599011688033745,0.4427110139220222,0.6766818217517623,-0.018430829914287118,0.4492839119551285,0.6632909985865854,-0.010272969035086036,0.4422007773314261,0.634899678523825,-0.018072321478449192,0.4344286937211042,0.6247243025715024,-0.022921772425460344,0.42827637795252116,0.6219677022064727,-0.025468862892844214,0.4362976203169196,0.6663982955250946,-0.008345145955176232,0.4298024236379239,0.6634494093330533,-0.016688902115485828,0.43358595759319907,0.681545919126795,-0.018694333180203755,0.4391938854924754,0.6934116784199481,-0.018349402914417032,0.4257215962162254,0.6758784532337772,-0.007360063384098357,0.4194693752245382,0.675570871945439,-0.015309994618738046,0.4248377569803933,0.6918509294292766,-0.014375594010278525,0.4311567676550701,0.7023872691517562,-0.01183693117152379,0.417432020168425,0.6877929000149999,-0.007051343841526371,0.41061780664009156,0.6862679362424546,-0.012661826066508192,0.4150643923161947,0.6963770792492865,-0.011585779861698559,0.4208531607970178,0.7036042940278425,-0.009042770495948052
0.45074545226875357,0.745934080767737,-3.4978258554542406e-08,0.4611924525342088,0.7277578189657682,-0.008669863543008156,0.46444163858572274,0.7044736379585201,-0.013070948613524879,0.457479052460099,0.6907468264497455,-0.016448016325646804,0.4500694938308541,0.6845911097645853,-0.019290543308565902,0.45360373812718396,0.6683501405243527,-0.01021179941205827,0.44724220879533083,0.6406568817151898,-0.01810562786389489,0.4404044768113412,0.6308535211236168,-0.023083015890111316,0.43522555440688715,0.628518210838152,-0.02572290349059895,0.44061813719379955,0.6707479032906638,-0.008491625963283095,0.4351436892705151,0.6696676253784225,-0.016963115383346637,0.4390082761544899,0.6878503398326796,-0.01912985285945667,0.4445126071768468,0.6997542494909442,-0.018910745899773866,0.4299198490109551,0.6800457931001505,-0.007707915048418118,0.42473483608236734,0.6816749225643501,-0.015722059911335757,0.43001617939843373,0.698140124312385,-0.014898057943212719,0.43614320822040453,0.7087691187946599,-0.012446694930346558,0.42146547490202946,0.6919749518371935,-0.007622954155961585,0.41558730606652533,0.6921083260041259,-0.013248950484145941,0.42002740352998036,0.7026266405256814,-0.012219602516863525,0.42565238927293714,0.7099800469021595,-0.009715537259802344
0.4544105931377854,0.7499973192649503,-2.3568353647979778e-08,0.46502341163524175,0.732648447488732,-0.008620981399611849,0.4690026336713564,0.7103765779716064,-0.013341626706048427,0.46326966923968754,0.6970985589080786,-0.017184026768425113,0.4568907813735592,0.6911671531002723,-0.02056654298895874,0.4582366319010872,0.6733467531485405,-0.010227334271543582,0.45295592907558296,0.6471567673177459,-0.0183055599672992,0.4472529178870399,0.6377036588936607,-0.02344077305088317,0.44315993139720106,0.635427553599004,-0.026207798504868002,0.4452832315710094,0.6754825456729894,-0.008741580286387857,0.44158063470562303,0.6756260225079,-0.01739208465566282,0.4458426069221446,0.6937450849496759,-0.0196571494349317,0.45142084293665613,0.7054501943950611,-0.019513426133085675,0.4345077506618973,0.6846738772915228,-0.008203072607148042,0.43096574393078335,0.6878427425421443,-0.016378082222621347,0.4362178661361764,0.7044578660510992,-0.015534340664192223,0.44205140750228017,0.7150240782338092,-0.013068303008138561,0.42586783153928565,0.6966989304175638,-0.0083847073351196,0.42141819819721404,0.6982861166876134,-0.014071921651455354,0.4260263342533775,0.7090416080632853,-0.013003519675240903,0.43147937442604717,0.7163700800499593,-0.010486463253426587
0.4577270877676324,0.7536740425171604,-1.3243815055367607e-08,0.46848995105070906,0.7370738553550524,-0.008576749166291964,0.4731297644553522,0.7157180012765394,-0.013586556566141007,0.46850945404994504,0.7028460833119226,-0.01785002427526319,0.46306319447101246,0.6971176508267642,-0.02172116329931727,0.46242882201624097,0.6778680633867257,-0.010241391378732501,0.45812613216000336,0.6530383518095285,-0.018486473544967384,0.4534499015397795,0.6439021778428281,-0.0237644985896515,0.45033955139541093,0.6416796456688487,-0.026646567918739858,0.4495045592095928,0.6797668055681285,-0.008967757724010587,0.44740526620847504,0.6810176275753549,-0.017780248259421327,0.4520268225087919,0.6990790928973701,-0.020134286964808304,0.4576719333088459,0.7106043129846141,-0.020058776456229326,0.4386592285262761,0.6888617153353088,-0.008651128341739688,0.4366039371563009,0.6934238491258103,-0.016971700462733674,0.44182961790689346,0.7101746330998757,-0.0161100970409861,0.4473975897884694,0.7206840351443682,-0.013630780666033121,0.42985141434492774,0.7009735409040766,-0.009073998802547903,0.4266944271689409,0.7038762455143718,-0.01481660775068884,0.431454617159793,0.7148463523144185,-0.013712866775094725,0.4367520680711327,0.7221522617931728,-0.011184054972060748
0.46084029966712275,0.7559841518399724,-5.142813294640323e-09,0.47181031578199145,0.7405108600039594,-0.008575081130327424,0.4772273451219069,0.7204128124323639,-0.013822679724044462,0.47377091483008704,0.7083806781734675,-0.018422412177010794,0.4692720881454969,0.7032271277352492,-0.022705456290177072,0.4667044939679602,0.6821704025905659,-0.01041257410902808,0.4633534388673284,0.6586885390573265,-0.018774218386140535,0.45967665701437743,0.6500338380987002,-0.024188647074970874,0.4575687600256016,0.6480064628879098,-0.027191151152943745,0.4538474768666917,0.6838727477740855,-0.009304812536405168,0.4531488801215899,0.6867382554997844,-0.01835003753019356,0.4580156202134656,0.7050029516627564,-0.020859807854078146,0.463648414639434,0.7167727077085012,-0.02088841816072745,0.44296401593956025,0.692968489508394,-0.009140929667724973,0.442154263087838,0.6988696640895234,-0.017656729445097292,0.44740734711362656,0.7158884550074068,-0.01682544659817148,0.4528104269565959,0.7267195238804313,-0.014343124800888788,0.4340369532636753,0.7051675365748715,-0.00972874798150853,0.43197402443283345,0.7092745461888655,-0.015597936504864003,0.4368575189589426,0.7204617311325746,-0.014509560467142855,0.4420360299355575,0.7278972098858787,-0.01198566436752266
0.4644116893184775,0.7593056771666071,-9.709161450126475e-10,0.47560151091433356,0.7446820279004297,-0.00830113603467637,0.48171794538148927,0.7254608129896392,-0.013638109894103332,0.4792948876221089,0.7141024638304404,-0.018459659043221045,0.4753633829717148,0.7096185397060236,-0.02303566732584397,0.47118501400016144,0.6864597278490449,-0.010203073698595803,0.46866161713887966,0.6644071311585847,-0.01858977363438503,0.4659319511767882,0.6562304345034193,-0.024106882515127423,0.46471836346979956,0.6543505257544607,-0.02723089562375381,0.45837071923246986,0.6878622515933973,-0.009426253601096198,0.45886559693335355,0.6921004943326092,-0.018633895757199113,0.4637458520533038,0.711178837718229,-0.021267331337927665,0.469083247575255,0.7234500570734478,-0.021387308148335366,0.4474127598137992,0.6970137553994799,-0.009574874350912078,0.4477787312026066,0.7041634148678801,-0.01825620405844526,0.4530890463588093,0.7217759227418805,-0.01749125934872873,0.45828349908779575,0.7329646130472312,-0.0150471351149083,0.4383575648245889,0.7095780506583805,-0.010460953349512594,0.43723173908641655,0.7146074364567969,-0.01642235539508214,0.4423712775389221,0.7260739550930871,-0.015374712258501861,0.4475861920420001,0.7336387717231717,-0.01291108907968023
0.467846301584702,0.7614350806591434,3.864351409334973e-09,0.47931090828732437,0.7477357087464376,-0.008183900092138442,0.48616487180119666,0.72979091286762,-0.013706694178920613,0.4847357461915905,0.7195893084480927,-0.018840228960859802,0.4811272193091973,0.7161553213519628,-0.02381298481026742,0.4756738764074179,0.6908038869473306,-0.010251698742903478,0.4738830265559751,0.6699602472911244,-0.01870807694230336,0.47195343948254265,0.6621879848564693,-0.024324753776979617,0.4715056642907538,0.6604406870301385,-0.027558706570977195,0.4628770913354609,0.6919594675788626,-0.009712934726107722,0.4643926469880509,0.6976357926420498,-0.019177185302267162,0.4692859536537263,0.7173013691467941,-0.021960538022392912,0.4743981659913543,0.7300515528018315,-0.022171669244116985,0.4518144292404402,0.7010591273195416,-0.010079157922024112,0.45319652673338934,0.7093603727327066,-0.018988928908411737,0.45854106360269686,0.727505096763655,-0.01830210524451698,0.4635884198662122,0.7391277257950762,-0.015878181083471526,0.44261955069657455,0.7136898118802807,-0.011179520377318834,0.4423270777281732,0.7197103161169233,-0.01728049478382544,0.44761184950878175,0.731446793617911,-0.0162904077575065,0.452817268385084,0.7392137442060757,-0.013882130584047258
0.4709441382472326,0.7640965947725137,8.205488482244298e-09,0.4827467485667923,0.7510403089577268,-0.007943936618511317,0.4903256954580309,0.7340579351318754,-0.013595438606451982,0.4897975872075145,0.7248413234769242,-0.018978046216812282,0.48638434277764353,0.7223919618634599,-0.024264740890289866,0.479723721637497,0.6947628912015755,-0.01025471842671915,0.47866795267179674,0.6751264739723355,-0.018773916499765706,0.47752640110045375,0.6678775303635243,-0.02447749969706634,0.4778004276143258,0.6663163907696973,-0.027830510521047222,0.46695013449651107,0.6956722715772456,-0.010038599114906073,0.46959105046548993,0.7026806122840842,-0.019678640053662235,0.47445127865279024,0.7229746638912207,-0.022538842050234712,0.4792451399189558,0.73599442468415,-0.022834897867811652,0.4558365067580019,0.7048039777641141,-0.010702435383433002,0.45835621467821847,0.7142495947227906,-0.019789936447430365,0.46375940398195875,0.732948913357659,-0.019113996423774083,0.468592922796198,0.7448080880539831,-0.016703589340210774,0.44658409566150503,0.7176523138541372,-0.012086871838457558,0.4472460596490765,0.7246392316505323,-0.018263567996936885,0.4526987436776408,0.7366970929960853,-0.017266004502302743,0.457849230209973,0.7445829081896025,-0.014899717089201594
0.47374729343895644,0.7665049325635208,1.2133675229821178e-08,0.4858557548077658,0.7540305593317668,-0.007726799651589225,0.49409072108916746,0.7379190572361887,-0.013494766211633435,0.4943779209917615,0.7295937409859398,-0.019102753617045817,0.49114138278635405,0.7280353424329302,-0.024673523708449573,0.4833883256560641,0.6983452954850465,-0.010257450863347476,0.4829977130642067,0.6798012637436042,-0.018833493074461742,0.4825692351793053,0.6730258582981616,-0.024615715673423192,0.4834964020679076,0.6716331686494971,-0.02807645914157502,0.4706357297446757,0.6990318953849833,-0.010333284704130757,0.47429495621775597,0.7072455438513048,-0.02013239396095811,0.47912525251435567,0.7281082869157566,-0.023062134952551674,0.4836310458298914,0.7413719813423704,-0.023435036920427435,0.4594759844655382,0.7081925996023479,-0.01126642362495815,0.46302508770989326,0.7186737298525616,-0.020514748206800458,0.46848135013981734,0.7378748873229257,-0.01984865651795419,0.4731213727754578,0.749948106296236,-0.01745048070093224,0.45017151359599,0.7212378831369147,-0.012907911562653822,0.4516971237985697,0.7290992844785978,-0.019153126447357848,0.4573017474356047,0.7414479580555785,-0.018148797682873617,0.4624025270589008,0.7494413308681388,-0.01582050575745285
0.4763019650303265,0.7685333924303182,1.558117505863516e-08,0.48862187763061143,0.7565902493795803,-0.007542283276979761,0.49739825685757627,0.7412193771520313,-0.013378725513261178,0.49844580895914586,0.7337598449012739,-0.01915017925442398,0.4955855363771957,0.7330503168482814,-0.02494068947015491,0.48672145189271177,0.7016009001124857,-0.01022293445064165,0.48708287834881536,0.6840843836176955,-0.0188248010305619,0.4873248740695385,0.6777512375408618,-0.024669321493673315,0.4888440549757193,0.6765249163020538,-0.028219585126972424,0.47397745184874884,0.7020654942483125,-0.010539332394018117,0.47863683149256486,0.7113381747067211,-0.020512990505659308,0.48345517042623676,0.7327976805030474,-0.02354805289094874,0.4877218097844432,0.7465650204261551,-0.023992041030481033,0.4627600265637898,0.7112486165568234,-0.011688892389285317,0.4672887980234552,0.7226591026298176,-0.021107054286260956,0.4728116652228762,0.7423616767641541,-0.020499424848896337,0.47734880400209034,0.7548141431370438,-0.018114591488004796,0.45340903777130676,0.7244861402265308,-0.013532644670700785,0.4557112411275537,0.7329687376490992,-0.01986603335111847,0.4614479930862707,0.7455619854162714,-0.01888250862523308,0.4665480476358411,0.7538051647137806,-0.016585456043456254
0.478559873155403,0.7706513916695906,1.888273320993779e-08,0.49107881107228907,0.7591099243526745,-0.007430598769194618,0.5003319132230268,0.7444491909996169,-0.013382498634002041,0.5021217442304313,0.7377193459222295,-0.019339191641010906,0.49945978962240245,0.7377503216087045,-0.025357452808580202,0.48956620478481283,0.7046169861275488,-0.010320427604078884,0.4905421748355147,0.688066444801414,-0.018966385006433065,0.49139731774405754,0.6821674224800514,-0.02487678157980337,0.4934686797426303,0.6811583954509046,-0.028508207827630395,0.47685680149343496,0.7049512205069293,-0.010829444575657175,0.4824422357669978,0.7154200784084804,-0.020977814604014957,0.4872454286570364,0.7373337038170948,-0.02411625981443125,0.49128574692676,0.751486479066953,-0.024636811219309322,0.46561619865636883,0.7141837489279894,-0.012150518069431378,0.47104855635338033,0.7264975660224299,-0.02170908671963802,0.4766295890206519,0.7465159906229498,-0.021175522588028583,0.48105201148242394,0.7592176387962853,-0.018833178238596822,0.4562507179655496,0.7275886715153982,-0.01415811857901404,0.4592166861524228,0.7365925279228585,-0.020553912844915166,0.4650670103356658,0.7492877506639134,-0.019608246454803132,0.470171228188198,0.7576476128399879,-0.01736285393640683
0.4805352796486848,0.7730805252268587,2.3051304529484865e-08,0.49323363873282866,0.7619064308231958,-0.007441691312042476,0.5029411579979265,0.7476892543898029,-0.013568368123242759,0.5053204396541191,0.7412314508652416,-0.019747918844232607,0.5027829571421986,0.7418849422568262,-0.026014128366664734,0.4920390128863918,0.7074420903471363,-0.01036497362554408,0.4934440342978617,0.6917078824062605,-0.01904964456829884,0.4948496330026939,0.6861423241331926,-0.025026061839828532,0.4974038273550569,0.6853914961937804,-0.028731143444314704,0.47933941512200917,0.707758569347924,-0.010997694263366093,0.48558557247756695,0.7189620048472916,-0.02122762922057616,0.4904196197335659,0.741168958315324,-0.024428474561783625,0.49427015388206397,0.7554319268736446,-0.025005764189731706,0.468096856297285,0.7170669318095696,-0.012441513296494238,0.4741731950265518,0.729876645349675,-0.022046525592830886,0.47982960209357595,0.750025741382201,-0.02151897190697999,0.4841303604740237,0.7628110187191024,-0.019193171322182616,0.4587136696402094,0.7306733265708787,-0.014583197811278209,0.4623071486850114,0.7401504845005872,-0.0209793335283282,0.4682616646854671,0.7529369669442854,-0.020028607964735153,0.4732909801224213,0.7613258407227935,-0.01780502890725182
0.4819944864505634,0.7747294590703129,2.6775065791628798e-08,0.4948474343669317,0.7640797623004526,-0.0074517303608652215,0.5050047052565778,0.7505115817920887,-0.013687880367392461,0.5080263980451238,0.7445219406516486,-0.020015288186002008,0.5055536707035044,0.7457401257827149,-0.02647002683993991,0.4940076612213693,0.7101328330745195,-0.010495911015813415,0.49582667881386644,0.6952883223144576,-0.019208664163939577,0.49769365873080385,0.6900833721168484,-0.02522240035100069,0.5006998152673362,0.6894030424349766,-0.02897968273925968,0.48132493644480745,0.7103052649822125,-0.01120646931675868,0.4879756791966559,0.7221379759875991,-0.02151734332918102,0.4928504767541569,0.7445707392045344,-0.0247989108971856,0.496657272014432,0.7590033966890661,-0.02544193134846497,0.47002659351534537,0.719543392240127,-0.012713601775704773,0.47660240367790774,0.7331028217462181,-0.02239611395067242,0.4822891771686705,0.7534214829197613,-0.021948774502675555,0.4865448840299182,0.7663281505029298,-0.019672463826021253,0.46057131565631476,0.7331488093774221,-0.014922433591680467,0.4646208488214879,0.7433311746888199,-0.021354958252089416,0.4706628160215613,0.756305803392537,-0.020459960751685092,0.4756816341646458,0.7647935319524451,-0.018293106242916916
0.4833148863192716,0.7762215382105707,3.0144604554267056e-08,0.4963077178172611,0.766046355790515,-0.007460814445952025,0.5068719577432633,0.7530654355204511,-0.013796024018642666,0.5104749523553235,0.7474994228538723,-0.020257224039997756,0.508060820353483,0.7492285852765137,-0.026882558006517402,0.49578904203709073,0.7125676191099122,-0.010614392997050097,0.497982674456198,0.6985281731557602,-0.01935255703295289,0.5002671467334395,0.6936495282185691,-0.0254000621766174,0.5036822725866376,0.6930329906529901,-0.029204579753165916,0.4831215852066998,0.7126097063930016,-0.011395384659487492,0.4901384272005856,0.7250118331209979,-0.021779498405810508,0.49505009869033784,0.7476489259520911,-0.025134109505086683,0.49881731572071936,0.7622351307169686,-0.02583660814025676,0.4717727646311103,0.7217842795654597,-0.012959807859560787,0.47880053404584855,0.7360221083647706,-0.022712447743251783,0.48451478535666115,0.7564942048085224,-0.022337692159992,0.48872972622095745,0.7695107154002536,-0.020106163667830235,0.46225225324008556,0.7353888120751488,-0.01522939959494168,0.4667144584130143,0.7462093019710784,-0.0216948517033119,0.4728355580241654,0.7593541795365105,-0.020850281138433797,0.4778448774276404,0.7679313593244514,-0.01873475526011032
0.4845636407348778,0.7785663404078543,3.263135394273784e-08,0.497581771039887,0.7687022490106821,-0.007549325149006772,0.508468227620487,0.7558777875949045,-0.014013107521343531,0.5124273012465689,0.75018001353571,-0.02061727882469069,0.5098358628803292,0.7520161240269535,-0.027390294023532775,0.4971760503870328,0.7149492219934447,-0.01078493144761052,0.49941472980512147,0.7012878374108712,-0.0196299307588666,0.5019647167482366,0.6965375705123037,-0.025701745082832225,0.50559780835018,0.6959332843477213,-0.029518615426238334,0.48441868138954675,0.7148123897074045,-0.011624531457061922,0.4916536123407371,0.7276076711812188,-0.02203041870108154,0.49654495630118506,0.7505739837661213,-0.025290328842733387,0.500253907224457,0.7648428738166297,-0.025948845793957353,0.472992827538911,0.7239183470628338,-0.013267342209959869,0.4803670757905782,0.7387551590216742,-0.023085938532473815,0.48606541326732905,0.759360833562222,-0.022604833118368115,0.4901842383554347,0.7721275526828167,-0.020325885718390026,0.46338213759034713,0.7375773661649749,-0.015637338294731774,0.46810592085379976,0.7489395814844167,-0.022162286093867924,0.47430938402252987,0.7622886007852562,-0.021279920303663186,0.4793045290842711,0.7707908178722593,-0.01915481555982276
0.4851946971012026,0.781332464817706,3.37959187744903e-08,0.4982138168919981,0.7715347053854139,-0.007659846385669351,0.5093842699936793,0.7587702073314982,-0.014234897594192756,0.5135789034294201,0.7527479274064024,-0.020936684249661455,0.5107226933587974,0.7543057098131711,-0.02780007269338651,0.49810006630304365,0.7169127462994545,-0.01085992766869521,0.500679059107527,0.703907980011828,-0.019804924592537833,0.5033139657554768,0.6991291099715219,-0.025938244170555465,0.5068441423134927,0.6981722035412149,-0.029791255497816624,0.4851876550074492,0.7165356960026723,-0.011692804463633731,0.4922156946141529,0.7297620465192435,-0.022026897704721226,0.49707748919690203,0.7528211026567161,-0.025230886115714078,0.5006767568853117,0.7665203207121746,-0.025883844522842574,0.47359395275384314,0.7255875251369194,-0.013348423614440727,0.4810029440570751,0.7412017500749463,-0.02312522856953462,0.4866993921080579,0.7617967320440501,-0.022538367799971315,0.4906993654849943,0.7740244546549572,-0.020227161146133356,0.4638320220866589,0.7393308139929173,-0.015755723400238016,0.4687927077960668,0.751454748374558,-0.022239422473211822,0.4750729336309381,0.7650036006934966,-0.021282257498363433,0.47997095280145335,0.7732062859608876,-0.01911555419589545
0.4852844387412963,0.7836908797357262,3.828883963999301e-08,0.49818015295639695,0.7740351233441163,-0.007733658887978594,0.5094536301506148,0.7615563124271114,-0.014435134718037472,0.5138009691202383,0.7561170051489478,-0.021267082968961463,0.5114195001396474,0.7580785501334706,-0.028272238859782074,0.49805890347785137,0.7188419877947502,-0.01094492968328062,0.5009354359763643,0.7061567013533956,-0.0199284478815386,0.5038766616928285,0.70165321849847,-0.026103905728806165,0.5076108604399511,0.7007862434294545,-0.029979627487044243,0.4850946400058897,0.7183279635371286,-0.011745269773123809,0.49218113649793616,0.7319827628236316,-0.021917972144940907,0.49703331564452846,0.7548441907026038,-0.025112937430096297,0.5005374103561188,0.7680221775014872,-0.025834140659034128,0.47346110706101213,0.7273075385061218,-0.013375298284414682,0.4809539659325251,0.7434554232929794,-0.023042768998969093,0.48664309677079415,0.7640070733703426,-0.02246299266069855,0.49056640523685735,0.7759453814466181,-0.020210921623286842,0.46363678506514566,0.7410329948542941,-0.0157687503928595,0.4687625382247621,0.7536479592360688,-0.022205384186899362,0.47509967722281055,0.7673679966646405,-0.02122752412967512,0.47994861713775133,0.7754656176609096,-0.019052989291642137
0.4848988305632899,0.7854232844708403,3.666556519918825e-08,0.49766821298525465,0.7761418410505868,-0.007658853098484988,0.5090522951524064,0.7637871763174119,-0.014198662869953487,0.513632472320445,0.7585247379556551,-0.02084644161713417,0.5117035591036069,0.7599698227601334,-0.02769275058084963,0.49743692930279443,0.7209886961047283,-0.010846380154970579,0.5003303710658332,0.7090235805367554,-0.0196425757153938,0.5033251484179744,0.7047260444531406,-0.02574658790136524,0.5071070963526626,0.7037164798180571,-0.029576386891186614,0.4844562302371384,0.7201449729876039,-0.011556565882251341,0.4910355996459298,0.7341926074759052,-0.021454214762280394,0.4958010291919555,0.7567235086374529,-0.024658296707506796,0.49933901024590177,0.7698652822582878,-0.025432089019744055,0.4728021683037226,0.7288611518231802,-0.013059276564165985,0.4799152733737908,0.7456333844528414,-0.02250172348596786,0.4855955406082535,0.7660969841730864,-0.021983086259054454,0.48959060039910457,0.7781841915761963,-0.01980518876227487,0.46296517848816443,0.7423732166043296,-0.015318240664417568,0.4678710116475223,0.7555302846701555,-0.0216740628046544,0.47419398698506987,0.7695305504244667,-0.02072568680231953,0.4790277474081675,0.7778737652118501,-0.018553430904862347
0.48454990333312836,0.786990894340702,3.5196704612905e-08,0.4972049712639219,0.7780481573996112,-0.007591163203880052,0.5086891371145873,0.7658058294542163,-0.013984685387967185,0.5134800037655846,0.7607034353669938,-0.020465813741077858,0.5119605969807841,0.761681188225756,-0.027168386079234615,0.49687412037260864,0.722931198954222,-0.010757205142851457,0.49978286290770474,0.7116177480614936,-0.01938389711674763,0.5028260978003576,0.707506568078638,-0.02542325990437902,0.50665125278487,0.7063679776988329,-0.029211504525546085,0.4838785491478261,0.7217891395558795,-0.011385812434274025,0.48999903189758715,0.7361922408280599,-0.021034572264459636,0.49468596389203134,0.7584240566003879,-0.024246903648179146,0.498254607852661,0.7715330618189105,-0.025068282511270367,0.472205911044305,0.730266977794678,-0.012773316385397561,0.47897538636365955,0.7476041672273125,-0.022012144885174445,0.48464763314393633,0.7679880923737897,-0.02154883091642086,0.48870761892040343,0.7802100350668872,-0.01943805120800834,0.4623574584344148,0.7435859498649673,-0.014910585638741529,0.4670642914663789,0.7572335540441978,-0.021193283327437813,0.4733744504605255,0.7714873914266281,-0.020271586711571532,0.4781944753397572,0.7800528379149092,-0.018101392970645693
0.48368698681103967,0.7894849290233886,3.471386178661184e-08,0.4961424389463655,0.7804939539821999,-0.007461020119515167,0.5076269828024196,0.7680542356065828,-0.013685892557220624,0.5126018690176312,0.7630349562125499,-0.019987636348142778,0.5113105074530044,0.7636084349403165,-0.026519596089103297,0.49533449118452194,0.7248872937146139,-0.010537939525158541,0.49829351937185534,0.7136449443940588,-0.018986600321600298,0.5012971755652422,0.7093252325069751,-0.02495959606843731,0.5050155328302746,0.7077977807206389,-0.028719340054691272,0.4824106639082951,0.7235481409707203,-0.0111172884367316,0.48813187795896895,0.7386102365544537,-0.020479024227613513,0.4927734810739035,0.7605426427344186,-0.02368222217086351,0.496378390140104,0.7733751864532461,-0.024570499072614757,0.47083468530865946,0.7319692943800364,-0.012428452050242192,0.4772594572872906,0.7499599566132765,-0.021400293042816827,0.48294196083996976,0.7700596077054196,-0.020948186898274698,0.48706564066436114,0.7819894254929857,-0.018921684433193187,0.4611245020642552,0.7451769480168923,-0.014487255080472708,0.4655619102533487,0.7593335617639788,-0.020662305329765054,0.4718703121469673,0.7737149959398253,-0.01974929358179724,0.47670286975319665,0.7822323825032936,-0.017590080444346973
0.4821381320825174,0.7911454338260653,2.9914905835651286e-08,0.49455162245524614,0.7821708817849953,-0.007406571763041535,0.5060605628553315,0.7699334981085112,-0.01354916914241779,0.5113727011008257,0.7653241942779363,-0.019768070400186737,0.5105644986998374,0.7659834505942618,-0.026188825193872594,0.49374368951515196,0.7264243224395229,-0.010338328718829145,0.4967292258139127,0.7155157101792708,-0.018793353657643928,0.49918271307309137,0.7120039217188625,-0.024742654826523436,0.5021385970468174,0.7110555660630375,-0.028437221478192953,0.48081748849393563,0.7249157208921858,-0.0108816573547647,0.48581432034402755,0.7406457970488916,-0.020040015775059664,0.4904110537972377,0.7621782283183093,-0.023191491448006658,0.493949623266607,0.7744001855275505,-0.02409136538987793,0.4692279372808112,0.7332845100033235,-0.012173569556481348,0.4748774072573792,0.751892706716224,-0.020950353680494523,0.4806759984076047,0.7718670749158035,-0.020489126749566315,0.4848686616677792,0.7833144752859458,-0.01849335050638544,0.4595793167738505,0.7464429339493277,-0.01421500705815314,0.4633329062025823,0.7609498414534649,-0.020273444496953234,0.4696741541995322,0.775470321518393,-0.01932524107922255,0.47463187250834576,0.7838549418100558,-0.017130515972376168
0.48050981938679777,0.7926019494249098,2.5636293816831904e-08,0.4928003366576679,0.783539474432492,-0.00743335982060372,0.5042238007924543,0.7711928219898329,-0.013574786880849534,0.5098548509667543,0.7670763123553681,-0.019788878534576542,0.5097212907871321,0.7676054873665293,-0.026157019879141635,0.49180292949973425,0.727831816565112,-0.010340312121938876,0.49428878438257057,0.7173487301552954,-0.018870563892495668,0.4961341610137046,0.7150946192504655,-0.024837760333736126,0.4984726481149783,0.7151180922804461,-0.028514080337374143,0.47881845148766267,0.7264838890406444,-0.010869411938509554,0.48323770368255126,0.7427752223096501,-0.01999816252021454,0.4880743703751706,0.764251214102235,-0.02315277654328122,0.4918817018845625,0.7759937629815409,-0.024101722978868124,0.46714768710141563,0.7349830686461322,-0.0121667617246972,0.4722153564706302,0.7540279162097939,-0.020863387624268166,0.47822340336722685,0.7739876657973767,-0.020327579586119315,0.48264711896890494,0.7849202035079591,-0.018342780282057516,0.45742100069803987,0.7481764206804362,-0.014229579057417457,0.4606465661170039,0.7629388046789254,-0.02025066029690382,0.4670980566371045,0.7775713827766018,-0.01924824245155219,0.47225028206471753,0.7856559039585019,-0.017039533466237745
0.4790363998092053,0.7939199140910626,2.1764684432453335e-08,0.49121564178493593,0.7847778798111834,-0.007457599666280507,0.5025617605774904,0.7723323527852057,-0.013597967733911847,0.5084813862082525,0.7686617603373976,-0.019807707296806122,0.5089582929613294,0.7690732280173984,-0.02612824004249277,0.49004678412935054,0.7291054229218276,-0.010342106853982555,0.49208048975196333,0.7190073842491267,-0.018940429509781656,0.4933756022310961,0.7178913144205341,-0.024923818936996054,0.4951554222892356,0.7187941710084125,-0.02858362800357283,0.4770095727206316,0.7279028853163412,-0.0108583313665202,0.4809061874799509,0.7447020861586328,-0.01996029055297086,0.4859599637813021,0.7661270072752145,-0.02311774439084696,0.49001049136263025,0.7774357515045633,-0.024111095303013804,0.4652653205580184,0.7365200520305779,-0.01216060148738032,0.4698065330572575,0.7559600140668931,-0.020784694207354598,0.47600411123869507,0.7759065356368046,-0.02018139958399009,0.48063690034591966,0.7863731869581443,-0.01820653303857017,0.4554679942705327,0.7497450096215077,-0.014242764896388772,0.4582157639224578,0.7647385679327577,-0.020230043442106316,0.46476701015429633,0.7794725807465639,-0.019178568312330963,0.4700952402262099,0.7872855497231017,-0.0169572056638966
0.4774609300783176,0.7964179763156274,1.4102510977307149e-08,0.4896805004117596,0.7866516130894352,-0.0077180093749448725,0.5008972704478596,0.7733061915925946,-0.01384369828104756,0.5057490162711638,0.7692808985001355,-0.019947141537862974,0.5052901723979939,0.7702329883233522,-0.0260433091969843,0.487768188309691,0.7302035033551476,-0.010386045407514739,0.48896105579491767,0.7209048222510883,-0.019152483172688594,0.49011795126937835,0.7220215400734175,-0.025052621869881102,0.4917603195095589,0.7242371489294626,-0.028551677226379427,0.4746337021156391,0.7293219167055326,-0.010772769001362948,0.4775237653475657,0.7465992034491444,-0.01998467011231391,0.48290346776194926,0.7683044407866885,-0.02305624374214328,0.48719006916925284,0.7791047364958671,-0.023923812953877025,0.4628848621938087,0.7381412712153025,-0.012001320941621372,0.4664344488288975,0.7578714325805861,-0.020744096267464453,0.4729789356113452,0.7780914689365496,-0.0200304986550238,0.47786377499736127,0.788003212538178,-0.017937802446050453,0.4531048396045238,0.7515273558297763,-0.014026307442043964,0.45516119245433817,0.7666271271941849,-0.020085713828671525,0.46191431687282564,0.7816973149019324,-0.018959392008635518,0.46743561869825884,0.7891762999216695,-0.016634046462596204
0.47554486169667637,0.7983318784011194,1.0004069233765295e-08,0.48773441921423083,0.7883363235103731,-0.007859285026877178,0.49880946660027536,0.7743585339341623,-0.013974132543530655,0.5028296991576071,0.7702205983932057,-0.020023866438963856,0.5015297934205685,0.771481201425573,-0.02603882800872151,0.485300399661853,0.731720346162218,-0.010319575606692988,0.48559987722404696,0.7222390152069591,-0.019137439171017748,0.4859775573514904,0.7237356017714733,-0.024963832331141446,0.48694808440534076,0.7263974718648974,-0.028390279282397388,0.4720686953818213,0.7310701678480348,-0.010655260621639875,0.4740440741840826,0.7481498716581279,-0.019951964241751843,0.4796678571370535,0.7703023471160921,-0.022899801170860268,0.48425950846677723,0.7807059497696199,-0.023622706635378576,0.46029968951466155,0.7400164018708195,-0.011875637683013042,0.46269969415338175,0.7592481961477678,-0.020756197245141394,0.4694993215025803,0.7798380343535362,-0.01980769333648547,0.4746696481819044,0.7891961675434798,-0.017525090319936546,0.4505706083185789,0.7535819824528261,-0.013898814275843305,0.4516546697730116,0.768056143422417,-0.0200789568289699,0.45851704652731284,0.7835585137769426,-0.01876332463813788,0.46422970379449124,0.7908036865566911,-0.016268641069231295
0.47298687302957093,0.7999507992269203,7.152316552541707e-09,0.4851693554384111,0.7898437323030996,-0.008181539617203961,0.4961130714419135,0.775441468862066,-0.014432985832096758,0.4995355402106336,0.771514067789529,-0.020557561856733023,0.49776409433326246,0.7730915358159818,-0.026577546432063698,0.4821472329147921,0.7330598439733418,-0.010444376739548865,0.4814400367506982,0.7239213049704621,-0.019453765646052158,0.48122454506826695,0.7263373456373096,-0.0252663450102818,0.48169338779214554,0.7293211078727011,-0.028639469737923792,0.468842881281737,0.732855966190925,-0.010652395381796667,0.46995295673304144,0.7500647116435976,-0.02011944752852907,0.47602055905612667,0.7726139722380532,-0.022914765041573987,0.480951025118985,0.782283389767982,-0.023480378282567438,0.4570890375634524,0.7419897549755129,-0.01181719037150794,0.4585142304268887,0.7611189868522794,-0.02088547801814774,0.46570391303395314,0.781933964014232,-0.019682807801406625,0.47117158454379454,0.7904758805327565,-0.01719589060630726,0.44741689845870053,0.7556144856599869,-0.013812927162148233,0.4477253418378677,0.7699022597194284,-0.020063222384443108,0.4547840153193109,0.7856714798218771,-0.018573530442870745,0.4607084457933196,0.7924719813308357,-0.015935777289365915
0.4699996054580312,0.8011046703246026,7.019563453218611e-09,0.48199131522083344,0.7908289381194232,-0.008476749976842711,0.49265222242690854,0.7762994077365866,-0.01497326933457814,0.49613525127318786,0.7728382576809815,-0.021303455540603075,0.49454149926391733,0.7748471444646033,-0.027491926375539794,0.47846181605210325,0.7344037923958129,-0.010792405300090225,0.47670825231657354,0.7256534095761367,-0.019998570770577543,0.4759246427606122,0.728835937138945,-0.025850237489340445,0.47595149296910666,0.7323346599405774,-0.029209670405296314,0.4651567045469351,0.734862783967991,-0.010887651275704489,0.46550199740371456,0.7521916695699358,-0.020498627587106247,0.47195045753170145,0.7746841132702634,-0.02318852087230704,0.4771947688931803,0.783675622609046,-0.023655742913809556,0.4534481959702319,0.7442483806788294,-0.01198912336211601,0.4541139796315473,0.7632915875808001,-0.021115465362955114,0.4615756560363592,0.7837652864774486,-0.01973705462863696,0.46725783748832395,0.7914388735035419,-0.01713683350924387,0.44383655210634015,0.7578531360693297,-0.013960816990679331,0.4435633908118008,0.7719881119333586,-0.02019732505018514,0.45076490922154977,0.7876246532068188,-0.018591775036338822,0.4568676409227884,0.7939072928328851,-0.01587851917409668
0.4672965014811452,0.8021487795241516,6.899438482110233e-09,0.4791155858309783,0.7917204263093423,-0.00874387847405535,0.4895205864044145,0.7770757352426112,-0.01546215841104295,0.49305841455560057,0.7740364841123327,-0.021978396145995206,0.49162545329909263,0.7764357509775105,-0.0283193259982395,0.4751269741809138,0.7356198978294614,-0.011107327670965885,0.47242657850753567,0.7272207478663482,-0.02049155135014223,0.471128893246435,0.7310968503189462,-0.026378587241888306,0.4707557954430837,0.7350615481031371,-0.029725630778676355,0.461821175086408,0.7366787033606006,-0.011100528471060757,0.46147443523329273,0.7541163007894922,-0.02084173817219774,0.46826752409720734,0.7765573322983126,-0.023436235701002093,0.47379582624776395,0.7849354194097362,-0.023814425998188032,0.45015368914948073,0.7462921547883528,-0.012144701240407988,0.45013230234977225,0.7652575198345428,-0.021323575179533025,0.4578400991635438,0.7854224045342452,-0.019786141230659752,0.4637163853161251,0.7923102618431214,-0.017083394213930556,0.4405967859213826,0.7598788350331601,-0.014094638810810882,0.43979734505234186,0.7738755476181925,-0.020318671210312157,0.44712812027773735,0.7893920311259193,-0.018608284114276827,0.45339219231587813,0.7952060704402957,-0.015826707732574722
0.4645754129582847,0.803628363016481,5.732367062532876e-09,0.4762465000357859,0.7934902838400457,-0.00934981656908926,0.48630824029753106,0.7785545072589233,-0.016329259558002625,0.48879225807385296,0.7751461361123654,-0.022958179302743575,0.4864254301139002,0.7768660483304501,-0.029327022932241712,0.47158079215466486,0.7368649147915762,-0.011577856346296924,0.4679156403514074,0.7287175438410384,-0.021192482672880597,0.465987427041632,0.7328252656751473,-0.027043378291203398,0.465109647150801,0.736744549981415,-0.030304816043448164,0.4582793802230301,0.7384413424157481,-0.011280499842889655,0.4571399863395064,0.7557796241809924,-0.02127893325412462,0.46423044026586757,0.7783881836599609,-0.02371611227620884,0.47005308032544546,0.7858395108312277,-0.023895766092631263,0.4466698004568855,0.7482080681809377,-0.01211787969186352,0.4458072139480759,0.7669485596847014,-0.0215654080486437,0.45368496635575406,0.7871813944316894,-0.019798526445852293,0.4597361502592302,0.7931912693141758,-0.016884009896876367,0.4371360940399052,0.761780995155093,-0.013908146725584557,0.4356730291187484,0.775525290767825,-0.020311714871208402,0.4430993702960009,0.7911848856562484,-0.018517154238899474,0.4494853438334424,0.7964965310463712,-0.0156298817602827
0.4613073804119901,0.804878388131709,6.524730815206866e-09,0.47299521435826813,0.795166745389691,-0.009941403818614695,0.48294864565845036,0.7800653102962894,-0.01719556525813936,0.4843932177433665,0.7766600234489174,-0.023948693947644453,0.4810616147298395,0.7781967000020281,-0.030413989996932293,0.46781456499233687,0.7383320897354257,-0.012062348330924446,0.46336727517817444,0.7302341953672948,-0.0218610172102267,0.4606417966422381,0.7341597769717032,-0.027790187629209425,0.4591158760878216,0.7379148234738542,-0.031097500605123646,0.45456865933460144,0.7403476554133271,-0.011486984777572241,0.4527138779663465,0.7570504329864662,-0.02175880587413303,0.4598952566016002,0.7797807267245862,-0.024211172482061578,0.4659708831152531,0.7869545212788172,-0.024326954504064045,0.4430241694617222,0.750204739518326,-0.012107545592176546,0.4414362586670512,0.7682457978560162,-0.021835010070309753,0.44926011452344045,0.7885521050488495,-0.019992174541421995,0.4554091378901339,0.7941959605397677,-0.016966605483802924,0.4334983246372389,0.7637029718092397,-0.013717587679162395,0.431513613971203,0.7768786740333455,-0.02034098089981388,0.438839023615524,0.7926918978833964,-0.018534514284615118,0.44518971425350373,0.7978276711860484,-0.015604516390402801
0.4580878735266868,0.806437972409954,6.282754688741757e-09,0.4696827478883418,0.7969493565400071,-0.010312093683393034,0.4794131265815911,0.7814215518184284,-0.017685736076527098,0.479706130983746,0.7777392072548088,-0.024443717771592675,0.4753791000293281,0.7790854597711282,-0.030884763467761204,0.4639978208736339,0.7396859286753322,-0.012247323536711326,0.4587896301686498,0.7316755270334947,-0.022095626289908642,0.45529460586645654,0.7353650807003166,-0.028025740190478574,0.45311224391043586,0.7389087411856443,-0.03134635168591725,0.45079464870391117,0.7420024940312969,-0.011485639155000428,0.44828723818990435,0.758157446497273,-0.021892077820875756,0.45556956893659417,0.7809927973040633,-0.024330328660422278,0.4618694956295636,0.7878431854578712,-0.02438868305294818,0.43932269880184266,0.7519160817986789,-0.011958661345682655,0.4370078473624248,0.7694120500384534,-0.02184654177567753,0.4448322020574417,0.7898085294051065,-0.019913164667256178,0.45111049038557405,0.7950920398503968,-0.016794419787800347,0.42980385150379624,0.7653574691684787,-0.013444538172164589,0.42725407375497965,0.7780825140052584,-0.02020960979686486,0.43450263669737393,0.7940480544292816,-0.01837397309676704,0.4408333443363021,0.7990116390526514,-0.015401738997730808
0.4547384035422914,0.807628342239964,6.4882376396909634e-09,0.4661743809504946,0.798372574790727,-0.010631662940664222,0.4756631137857826,0.7825064327839701,-0.018133697339282263,0.4749494818920005,0.7785867041627369,-0.024928344281901167,0.4696485374379085,0.7798984306423516,-0.031394444664314264,0.4599746494329307,0.7408291616497723,-0.012414321513383817,0.45405330848506825,0.7328858928249758,-0.02236490942458427,0.44976712670916213,0.7361743164952159,-0.028398804823562024,0.4469244352784851,0.7394776488480527,-0.0318016176839159,0.4468247315162873,0.743447277022244,-0.011504705378885607,0.44368721718515985,0.7590950063306481,-0.022077467577632046,0.4509032400985392,0.7819165871761624,-0.024560364534853312,0.45730173363600385,0.7885711405919233,-0.02460074329850076,0.4354567921874803,0.7534189391573334,-0.011867221494070258,0.43255388421789515,0.7705549056311486,-0.021859743787785466,0.44026234137960596,0.7908419837309607,-0.0198699293189278,0.44656650594231717,0.7957549466600174,-0.01669696834173085,0.4259941802887596,0.7668250368134033,-0.013272943382896283,0.42303630771549594,0.7793214217574497,-0.020085999409379347,0.43018668688749373,0.7952064933267807,-0.01822777192073253,0.4364771062954419,0.7998188730534331,-0.015242595778216505
0.4517075516288108,0.808705478232776,6.674174040964446e-09,0.46299974714386105,0.7996604095163974,-0.010920833197272677,0.47226982066457124,0.7834881145323153,-0.018539046321871137,0.4706453086739579,0.7793535829934264,-0.025366870733230757,0.4644630941658563,0.780634067722884,-0.03185564247681436,0.4563341818616064,0.7418636446767224,-0.012565433820555772,0.449767529032074,0.7339811226649842,-0.022608577022085366,0.44476544857541,0.7369065737982681,-0.028736381712532708,0.4413252414598294,0.7399924392134649,-0.032213576539378196,0.4432324523913735,0.74475462514391,-0.0115219579297114,0.43952477281956354,0.7599433808580288,-0.022245222148242393,0.44668079542710226,0.7827525016087591,-0.024768518264678217,0.4531684796456704,0.7892298490506493,-0.024792631329741684,0.4319586296381621,0.7547788373270101,-0.011784479851207667,0.42852360396995726,0.7715890471747628,-0.021871689959521753,0.43612718834217457,0.7917771307947059,-0.01983080672973561,0.44245476766466935,0.7963547945110979,-0.016608786956864824,0.4225469037507943,0.7681530022006151,-0.013117671534568012,0.4192197563414164,0.7804424785063826,-0.019974147450358384,0.4262812914665156,0.7962547358145453,-0.018095478120160588,0.43253525505831214,0.8005493189828771,-0.015098591045040953
0.4489362260848235,0.8095836729480044,7.632826851180954e-09,0.4598737639011307,0.800628812542619,-0.011098868863507963,0.4687097904020432,0.784131446405186,-0.01878962313991195,0.4660948471446708,0.7800522015318849,-0.025606951647706135,0.4591773891551429,0.781388251332126,-0.032055258681523785,0.45269763734637464,0.7425386129418794,-0.01273034941453691,0.4454004345949999,0.7347784628261841,-0.022872653016109783,0.43967656323598114,0.737439969793367,-0.029082881017298817,0.4356113338266597,0.7404424298605189,-0.03263101308588234,0.4396220774972583,0.7457261250855687,-0.011569389094227575,0.4354759259376105,0.7606691306788546,-0.022385018053453214,0.4427916259662493,0.7834726464875282,-0.024856739584879602,0.44945120540491185,0.7895875358614437,-0.02482959587700175,0.4284425640157597,0.7558586980375054,-0.011741594251739932,0.42455456067097286,0.772523727466393,-0.021863056646347835,0.4321820040566718,0.7925669860679248,-0.019683942070383993,0.43856802197054806,0.7966383376304598,-0.01638542811204505,0.4190970145463301,0.7692256153613523,-0.013002950974311669,0.41548449191036185,0.7814677810029388,-0.019857000005098685,0.42251306854776827,0.7971458283602846,-0.01790447825336032,0.4287130088986294,0.8009967249995126,-0.014870203853061403
0.4461990396531051,0.8097775028544132,8.148793456725346e-09,0.4567567350889787,0.8008965189656969,-0.011327867394561979,0.46498839456446667,0.7844154473759668,-0.019083799015272913,0.4614825842758624,0.780614516696171,-0.025886919428363755,0.45406308435021375,0.7819266214510542,-0.03227388386803162,0.44902605628960374,0.7429433595526684,-0.012834866998571462,0.44107412187985207,0.7352998940974961,-0.023051710164578045,0.43472024739156684,0.737713866959844,-0.02928010115843099,0.4301183871546685,0.7405809645878569,-0.03283584630864304,0.4360162444063948,0.7465565635390466,-0.011539333558373468,0.4314939575221128,0.7611409259040014,-0.022451578797936543,0.4389183998658807,0.783878135158713,-0.024848782527170966,0.4456715568082107,0.7895023138280356,-0.024713886275268746,0.4249839842025394,0.7568749252844164,-0.011621022078358757,0.4207103087354713,0.773172978078434,-0.021835230406210264,0.4282826279742639,0.7929288069717234,-0.01958281273450314,0.43463858923830023,0.7964266951189937,-0.016196769927685116,0.41580507159528896,0.7702475597868625,-0.012810686934081272,0.41188516777689926,0.7822097267969612,-0.019717739478154018,0.41874825770954444,0.797569171927559,-0.01775373888629268,0.4248332907747411,0.8010079169564652,-0.014690333875088028
0.44313221940681746,0.809373970875232,6.258831445774469e-09,0.4533651026730405,0.8003870235138364,-0.011287894069928207,0.4610126796895424,0.7841244835393782,-0.018958042409122054,0.4567466721127261,0.780685025375726,-0.0256505717682687,0.44893320888070193,0.7820814500569431,-0.031906395186001156,0.445289849339643,0.743562827505188,-0.012743835852277879,0.4368275531960725,0.7357770199344398,-0.022897283937342902,0.4299585401139553,0.7377699711048483,-0.029112588662691324,0.4248692844861262,0.7403692180675739,-0.03268796701246865,0.43243627927216965,0.7473950563773623,-0.011416815175469998,0.42771281562735264,0.7615473336632266,-0.022403082022980508,0.43521568967429136,0.7841463957146984,-0.024838526491948086,0.44207029409384274,0.7897519371226269,-0.024682370444136143,0.4216030525904011,0.7576801847380272,-0.011462609112055874,0.41695822560764695,0.7732285426406607,-0.021715077158176135,0.42442296193784046,0.7927433457149877,-0.01948687141605334,0.4308312288465941,0.7962554606014849,-0.01607773584794154,0.41265571007940716,0.7707776336613442,-0.012605608500651247,0.408360213503624,0.7823022109135628,-0.019587815116100044,0.4149536688768916,0.797434295106933,-0.017678017545208927,0.42098873087842914,0.8009415178120709,-0.014619450284127112
0.44035713019716166,0.8090088248440839,4.548651923646291e-09,0.45029609902602785,0.7999259937770795,-0.011251723204681204,0.45741515438188024,0.783861197615042,-0.01884424839031882,0.4524612632245768,0.78074882692264,-0.02543670666089857,0.44429131241495606,0.7822215506037776,-0.031573863836174616,0.4419090487842704,0.7441233686170596,-0.012661464036672539,0.4329849390269884,0.7362087592133731,-0.02275754749292401,0.4256497898695824,0.7378207383474368,-0.02896101078003831,0.4201195022993547,0.7401776139185108,-0.0325541547228042,0.42919685804200197,0.7481537876498585,-0.011305951344180418,0.42429135456029854,0.7619150819160664,-0.022359198499958082,0.43186519950076374,0.7843891380062273,-0.02482924606127553,0.43881160121418156,0.7899778150207978,-0.024653852553980928,0.4185437318340618,0.7584088439489458,-0.011319265166811985,0.41356305909459123,0.7732788216282411,-0.021606353478485996,0.4209304463319717,0.792575526445828,-0.019400056508035016,0.4273860433150702,0.7961005147540932,-0.015970024875745642,0.40980593133198684,0.7712572842998762,-0.012420038137199496,0.4051705702305507,0.7823858974857889,-0.019470249798848784,0.4115200400108626,0.7973122484333448,-0.01760949919078742,0.4175098844422725,0.8008814348811062,-0.014555309489225482
0.4371495151807636,0.8079715257859468,1.2672315261661415e-10,0.4469332015230706,0.7986613017315369,-0.011025689094870943,0.45367303537966264,0.7831022002854628,-0.018423364103291325,0.4482820753101988,0.7803952884156428,-0.024869312385566562,0.43988048426157644,0.7819834214976733,-0.030842573114076056,0.4384020757824494,0.7448638531280167,-0.012124374804901425,0.4294889554969264,0.7373958443604227,-0.02212457062936091,0.42238748156480926,0.7398747122651543,-0.028252265266345774,0.41708318338900047,0.7425077917946943,-0.03178605462138839,0.4258389019785425,0.7490849662819036,-0.010825760508538784,0.42086932418756956,0.7618165568366653,-0.02182421624333322,0.42822276341918625,0.7840431841903421,-0.024335005543214664,0.43500615427734846,0.7895900092647663,-0.024160731426193512,0.4154602708818092,0.7592582157782348,-0.010907473271398578,0.41024505658199634,0.7730287692917261,-0.021149865422331257,0.41738413874137476,0.792100198237849,-0.019046848754361544,0.42370556666098314,0.7955454708225668,-0.015654653468261004,0.40706807249253973,0.7719307645542627,-0.012045916265531711,0.4021674653054924,0.7825426063780032,-0.01902964033804911,0.4081929694915456,0.7970554943314024,-0.017258278137215696,0.41408083298569215,0.800482797454369,-0.014274721694964167
0.4340743337036281,0.8069341869839132,-4.654022937639909e-09,0.44366529480272104,0.7975849860836703,-0.01088303557322406,0.45001397647574143,0.7824177668605927,-0.018098699313327655,0.44445252177338423,0.7796947833844611,-0.02437581773335749,0.43596045524503263,0.7811741201098213,-0.03016099041993986,0.43488322007803665,0.7455233757970348,-0.011802046297144046,0.42618041770469245,0.7388643941381915,-0.021732630568529362,0.4198017832998601,0.7424200444797631,-0.027760742140511895,0.41515222303619786,0.7454907216836566,-0.031186203744831057,0.42248480798252425,0.7498486531294135,-0.010493310054683095,0.4172475359937533,0.7618783817036756,-0.021381314976594422,0.42435239184521534,0.7838599172519413,-0.023867830826550893,0.43091597584164537,0.7893834204792728,-0.023662887351413454,0.4123719955740515,0.759898470291801,-0.010570041076501722,0.4068929658279281,0.7729833839051379,-0.020724433138296722,0.41389580670232057,0.7918357086630815,-0.018700630902960397,0.4200820562241658,0.7951735137393069,-0.015347941260459028,0.40430800838547143,0.772403246606633,-0.011675935652963342,0.39926685912675675,0.7828342974866551,-0.018581637150001194,0.4051441740911027,0.7969628869732354,-0.01690306165010697,0.41092642200203033,0.8000882028058244,-0.013998776461913663
0.43161647527691716,0.8059418991615009,-7.1178507130739105e-09,0.4406006840244008,0.7964564257145577,-0.010618927845834283,0.44633606985524543,0.7816266141807641,-0.017546594012274756,0.4407269440274689,0.7786299457148973,-0.023565615926860402,0.4324642087552326,0.7796450425568857,-0.029038754711230512,0.43099176548202794,0.7463952189906672,-0.011132203192511183,0.42215828522276,0.74134852176589,-0.02080390832911568,0.41670914222657374,0.745635400936589,-0.02659260904637336,0.4126619035859519,0.7482652023713655,-0.0298496925079122,0.41908305211797037,0.7505216243946891,-0.0098180382846835,0.41361119899888993,0.7623536873507857,-0.020435823270167085,0.4206757379763624,0.7835562089201158,-0.022802930758805972,0.4268992752151429,0.7883665933886114,-0.022525870073295217,0.40947090967469923,0.7601498233410459,-0.009893364764057864,0.4039154859411295,0.7727464608869293,-0.019872277298831783,0.41092463074371766,0.7909686200692981,-0.01788916111999693,0.41684736066686606,0.7937693559867959,-0.014564552177774026,0.4018686200096883,0.7721143539057979,-0.010967769982236678,0.39691035571328026,0.7824684134233564,-0.01774722032094201,0.4027064184576773,0.796043829452357,-0.016171717586667588,0.408218070877089,0.7986518412278518,-0.013351128347360384
0.4293701519593535,0.8042857402782901,-1.1267429837018593e-08,0.4366283534341276,0.7960652404166624,-0.009455239750332908,0.4409773197009677,0.7822867504283131,-0.0157682272430632,0.4354066896605816,0.7791872855137677,-0.021355326176722547,0.4276736448561552,0.7794908653839496,-0.02642114091177187,0.42625084710856487,0.7496491966698492,-0.009939634268018483,0.4175228109111806,0.7447847609703737,-0.01895487621745654,0.4128190678495851,0.7490835418136612,-0.02434328851924081,0.409535755204045,0.7517303203268001,-0.027341301879948727,0.4156683603656583,0.7527109129561876,-0.008972724780101459,0.41008938018097174,0.7626441245940856,-0.01883494248168497,0.4168272440930669,0.7822948077701872,-0.021033189451137076,0.4228540128382307,0.7869818276312627,-0.02075144418929536,0.40740976451846617,0.7607646331434675,-0.009277366645883373,0.4018957170358072,0.770947188597611,-0.018535266670540087,0.4086042362761089,0.78749272755018,-0.016675020515727643,0.4143415783559748,0.7900924571704957,-0.013566406295161381,0.40107702357802927,0.7710356108534312,-0.010470584587534797,0.39640672361591,0.779361850568194,-0.016724953772843505,0.4018218419683538,0.7914904889291058,-0.015205881448298937,0.4069838342416235,0.7937917417953789,-0.01253974535190204
0.42733750997209813,0.8027871233796189,-1.5022280570579307e-08,0.43303389048130314,0.7957112665897061,-0.008402247394116432,0.43612832023698583,0.7828840912668228,-0.014159027474011389,0.4305925240752183,0.7796916084077584,-0.019355290066603182,0.4233387829741818,0.779351354302559,-0.02405252742074088,0.4219609082254555,0.7525936399761987,-0.008860508369414986,0.4133282857317957,0.7478941281886522,-0.017281733141143635,0.40929903649417476,0.7522036785588517,-0.022307934431742896,0.40670698144304146,0.7548658192070984,-0.02507152171474684,0.41257849089984505,0.7546919456140984,-0.008207821656685087,0.4069025741033093,0.7629069340172787,-0.017386345353294495,0.41334483789013154,0.7811533973062217,-0.0194317946472717,0.4191935557292806,0.785728787608532,-0.019145810429056984,0.4055446856343938,0.761320959211406,-0.00871996530063544,0.4000680784900061,0.7693190719444214,-0.01732543907394105,0.40650456915117694,0.7843474790357278,-0.015576374941703122,0.4120741583918871,0.7867653230671969,-0.012663208961749441,0.4003607276951655,0.7700594831497493,-0.010020693914709802,0.39595099948250495,0.7765507992622315,-0.015799930250367973,0.4010214107485559,0.7873702845678431,-0.01433192039723083,0.4058670042698022,0.7893939589421987,-0.011805545100576489
0.427251147896465,0.8025507742970384,-1.7917144985812308e-08,0.43273396696673355,0.7945190832636704,-0.0088429480182495,0.4349223690690625,0.7811330174716272,-0.014574472689244835,0.42852988837897776,0.7778621142583624,-0.019637288597896676,0.42075524102841505,0.777702210853859,-0.02413861060121333,0.42082371992680623,0.7505954806850935,-0.008981173896897355,0.41152136679960927,0.744838079783977,-0.01730703380210335,0.4068198877133651,0.7486467905500367,-0.02235753157440977,0.4037605005315629,0.7512912960989733,-0.025166978211682147,0.4113274645458468,0.7535602883801319,-0.00806597619343895,0.4051550361941166,0.7610896477458552,-0.017213180073268705,0.4114267511858059,0.7788103829028875,-0.019474291459166064,0.41752180463025956,0.7835618724657045,-0.019361233769448365,0.4042227016075384,0.7609323101151927,-0.00835440061375046,0.3981344934905954,0.7679370015467385,-0.016899204015658312,0.40412097147631826,0.7825490584354589,-0.015568439558852447,0.4097656912483516,0.7854428515555307,-0.012966660518659136,0.39906146223766886,0.7701963923186348,-0.009469622150016104,0.3939984267328371,0.7758684879064309,-0.015327115884110471,0.39849358607189955,0.7862519597835841,-0.014254042871214215,0.403264600339982,0.7887389227823944,-0.012027383376349742
0.42706733698898697,0.8022858902576199,-1.898933551761313e-08,0.43245001485297374,0.7934774100252292,-0.009174008732323047,0.43401410400624435,0.779446842017594,-0.014849029101233972,0.4268267875126065,0.7760865623866311,-0.019763023654841436,0.41861776124812566,0.7759643962427841,-0.024073046349080245,0.41994217467208855,0.7486207808358702,-0.008987860639214685,0.410257640461728,0.7418228034484067,-0.017204614728078223,0.4048807855637166,0.7449557398473172,-0.02231133273716289,0.40129131779178945,0.7474049039436794,-0.025201259138985153,0.4103482879599062,0.7523111740912884,-0.007854349604200887,0.40380262603777595,0.7588049303295746,-0.016996005377303922,0.40961199905392054,0.7761975230258341,-0.019530253490847544,0.4157366576545868,0.7813553463763412,-0.019617115914248178,0.4031728705301071,0.7602343655537503,-0.00794309549348855,0.39653379138463385,0.7661276501155275,-0.016463511533189798,0.4019020082350303,0.7805107250120841,-0.015563822880787037,0.40753797266437247,0.7840007873259226,-0.013261728028609705,0.39802843799708676,0.7699160774260912,-0.008879210165610978,0.3923168645819226,0.7747593717389009,-0.014828455652518082,0.39631337855319404,0.7848514128293878,-0.014097495514955748,0.4011029994807443,0.7877299024293969,-0.012114863927103892
0.42681408887427447,0.8016791914943976,-2.037725487371954e-08,0.4323532819941351,0.792007463995495,-0.009534531886927884,0.4333817734103693,0.7773312481879112,-0.015149427024920822,0.42546919704700914,0.7737262286545209,-0.019866856735864816,0.4168613968826222,0.7737475197723648,-0.023944570541881822,0.41928907413400646,0.7463051164576711,-0.009188422809774487,0.4092939521350428,0.738579960194151,-0.017336286482760983,0.4033626341841158,0.7410377040273524,-0.022498311875052385,0.39927474804014834,0.7432088046372674,-0.02544878462377353,0.40948921578385783,0.7504727524817024,-0.0077949126490211235,0.40278385856314997,0.7565856672112636,-0.016881723147664403,0.4084958790158204,0.7736957731753835,-0.01954250717958386,0.4147764951193944,0.7790066556041764,-0.019726389539374004,0.4021566774347543,0.7587871599537057,-0.007637803399801699,0.39528781910809363,0.7640918030193726,-0.016117147878856198,0.40042580035989694,0.7783954430556952,-0.015456540237270933,0.40615199087992754,0.7822487436909119,-0.013314944168447328,0.3969549011131398,0.7686828070378195,-0.008354715518057249,0.3908232474625433,0.7730376972979165,-0.014379081566120121,0.3945914074184162,0.7831334898507972,-0.013830743132386008,0.39944524546065274,0.786555590987446,-0.01195415690252546
0.426637680762125,0.8004717835846215,-2.1017441227437095e-08,0.4324906327413595,0.7896783633744024,-0.00976289707728332,0.4330869924435384,0.7742707266921793,-0.015259637813038593,0.42460022662078434,0.7703027957750307,-0.019702704732296808,0.4157911450227778,0.7705644549239309,-0.02349991594296865,0.41903528508950627,0.744145024720225,-0.009751256132701527,0.40883029403491,0.7353068504115369,-0.01780740415339685,0.4023860185693149,0.7368870822527771,-0.022961059856651637,0.39780775720039885,0.7386231322836502,-0.025928422668548858,0.4089451871439549,0.7486317034262283,-0.00809969816760629,0.4022321796944331,0.754053738485685,-0.016947703252303502,0.40782952780751763,0.7705464734340521,-0.019531708409503263,0.41422011844346196,0.7760422915842842,-0.019741854556664842,0.40138405073534217,0.7572378798336653,-0.007655959357162935,0.3944476375162327,0.7615847874278039,-0.01594228769336127,0.39941418393858424,0.7755234156713894,-0.015399164991562651,0.40525173934808234,0.7797845872554099,-0.013390575109162159,0.3960753535235465,0.767295740073439,-0.008093604590729378,0.389588093494373,0.7709383624669829,-0.014094138969966937,0.39316200746129654,0.7807355714332991,-0.013675032760768929,0.39809349523637333,0.7846715949434018,-0.01190521122605887
0.42647805345787904,0.7993792302580517,-2.1596729904209406e-08,0.4326149180094714,0.7875708182681574,-0.009969539046724958,0.43282025249317624,0.7715013370649242,-0.015359364808536132,0.4238139169385506,0.7672050166810801,-0.019554167675259835,0.41482270078759204,0.7676841788708377,-0.02309755907808181,0.4188056377080617,0.7421904115407569,-0.010260549979701607,0.4084107413753742,0.7323450949416014,-0.01823370679237361,0.40150230343866905,0.7331312880506456,-0.02337978897260833,0.3964803137498149,0.7344736716548623,-0.02636243518173989,0.40845290918597355,0.7469657840185038,-0.008375490987517694,0.4017329792350568,0.751762659282567,-0.01700740700463707,0.40722656320591094,0.767696750584883,-0.019521936871583982,0.41371666705541493,0.7733599124604823,-0.01975584846539259,0.4006849200904255,0.7558359748641573,-0.007672388230496847,0.3936873781327403,0.759316251498767,-0.015784061069367646,0.39849879745041505,0.7729245896679185,-0.015347247561625523,0.4044371241729596,0.777554833508563,-0.013459011662542784,0.3952794728297844,0.7660406177458158,-0.00785733181998974,0.388470433451049,0.769038726698036,-0.013836301516039467,0.39186857906356537,0.7785657548181618,-0.013534134326102234,0.3968703301467048,0.7829668138760437,-0.011860921503247057
0.42623534303877403,0.798052108046683,-2.073485620249756e-08,0.43273324614944303,0.7855583670326186,-0.01015720734776083,0.4327214894923304,0.768893514546848,-0.01547862287805349,0.4233715572830279,0.7641640958337066,-0.019517421343158967,0.41424864425540675,0.7644123064659754,-0.022908190054083247,0.4187170278842288,0.7397818273199471,-0.010503179189519153,0.4083227888109367,0.7289913405452965,-0.0184343060198174,0.40105697990062766,0.7290516285918136,-0.0235846110552473,0.39566024755587037,0.7300611305131398,-0.026585181019742193,0.40812840916373144,0.7446599242308257,-0.008453135754160335,0.40150739445602157,0.7489503129382222,-0.01696688961708377,0.40688386665256226,0.7647587216002607,-0.01943201085694005,0.4134023490009999,0.7705814449305176,-0.019655808553707254,0.40017396997251214,0.7537605273407472,-0.007587535256289697,0.3931927021383168,0.756487171910151,-0.015641350228424493,0.3978217624555059,0.7701522257971379,-0.015225832368008042,0.40376854813885593,0.7751053946544466,-0.013356501189132211,0.3946704838776398,0.7641331661570204,-0.007617343231614834,0.38771294575605925,0.7664928802768892,-0.013635926938671179,0.39097930094780126,0.776057873912781,-0.013350871871318473,0.3960199873826634,0.7808627734156796,-0.011667534542508708
0.42616983646782547,0.7966666507247485,-1.8058727887221063e-08,0.4331957380473714,0.7837658015577205,-0.010329109260275613,0.4331749903325012,0.7668612366163768,-0.015650083388277787,0.4237411598514828,0.7617819318827485,-0.01961075374653024,0.41461760375894224,0.7619578441767456,-0.022938639494557884,0.4190830926988045,0.7375341564122763,-0.010926868704677522,0.4087450047527262,0.7255787648224622,-0.018826039998616727,0.4011392013154578,0.7245981553304002,-0.023955051602375724,0.39540516819999355,0.7250728018717782,-0.026937875753150927,0.40825114251115885,0.7422371395064535,-0.008706397707599543,0.4017943883694342,0.7455616812001392,-0.017116147181940846,0.4068467429656151,0.7609987571189567,-0.01948139267012808,0.41325677178939063,0.767371345614872,-0.01962256478890204,0.40011040411997123,0.7514861361278383,-0.00765044248221205,0.39309566829347925,0.7531963995279187,-0.015634344203614356,0.3974103858421805,0.7665480982506416,-0.015219085820743133,0.4033063863011496,0.7719800245357116,-0.013320257680111146,0.3944932689634914,0.7620637130055248,-0.007485320394426499,0.3873172962830099,0.7637438206499859,-0.013525150626317923,0.3903599412758896,0.7728986605195101,-0.01326036580855887,0.39542020478166634,0.777950042283269,-0.011549308817146107
0.42629970580582366,0.7948143412239682,-1.2209607048876933e-08,0.4338961649099066,0.7818045017040176,-0.010585169638428583,0.4340180238665495,0.7650034039110345,-0.016117340112585993,0.4246847823533305,0.7596377562252153,-0.02022138442834462,0.4156058532128281,0.7596753271356612,-0.023734275218648723,0.4201526002968405,0.7355357148095525,-0.011679460299939179,0.4099244051657763,0.7222924831151976,-0.019677435704116664,0.40204068204278676,0.7201024690947181,-0.02485537504343386,0.3960180636452193,0.7198588926133348,-0.027881953443901045,0.40903522213705246,0.7399501065245437,-0.009333060451034856,0.40266819599489795,0.7418835666055423,-0.01795332311441661,0.4074165117111198,0.7569882274878378,-0.020368170104148695,0.4136938541857519,0.7640237772173487,-0.02048082832410403,0.4005695137445757,0.7491103273743954,-0.008113310183867406,0.393456179930213,0.7494417283108006,-0.016178527815148662,0.397487029200357,0.762523975094348,-0.01578502286637445,0.403307660000744,0.7685073625414306,-0.013855631658777406,0.39468720017476927,0.7596815920118495,-0.007784534287820866,0.3872891569715465,0.7606016312711619,-0.013891312835105491,0.39015175973031885,0.7693401725679245,-0.013650215790131277,0.39523144184076564,0.774601424508672,-0.011921221973732592
0.42673671097113525,0.7926645871542741,-6.669841083842983e-09,0.4347374078841769,0.7794081182451814,-0.010536972730982905,0.4349615717108188,0.7624527578284835,-0.016176032643395063,0.42583425941628955,0.7565157591843779,-0.02034273222205567,0.41677186738194477,0.7561980190435862,-0.023980979454864947,0.42158385883081967,0.7333825209300822,-0.012458158441378726,0.4114233232516527,0.7187597805021759,-0.020519825221036684,0.4032599693764386,0.7152550689788416,-0.02571381689416505,0.39693280302304673,0.714118238825782,-0.02878024965701853,0.41014453401434137,0.7376798906907435,-0.010099533753466314,0.4038552050173506,0.7378736248290337,-0.018791035310780406,0.40856938223847383,0.7523922225953575,-0.021125919154096767,0.414827411202878,0.7598309640267917,-0.021185066055864312,0.40130807747254815,0.7468185602778332,-0.00878807765696574,0.3940977740604377,0.7453363741745989,-0.016748730653814995,0.39812431745457266,0.7579906823671516,-0.016222797226138994,0.40402992013153033,0.7644295568921066,-0.014233489488783183,0.3951711425671479,0.7574690763858585,-0.008350874774592057,0.38743753031599154,0.7572812951138667,-0.014419681862728666,0.3902898790565425,0.7652723219154338,-0.014155837051492287,0.395487923327922,0.7704485870086437,-0.01242038974948887
0.4325405380407517,0.7814067937188135,-1.8933146684561285e-09,0.441319435926667,0.768566101278568,-0.010213544619326678,0.44314073414353417,0.7511539619594952,-0.015736345490488066,0.43599611840384683,0.7439065634190735,-0.01999140506891177,0.4282627349335342,0.7416029327900266,-0.023753391900129723,0.4311521083486971,0.7202893851832602,-0.011821124666011052,0.42315311236580594,0.7041556644694582,-0.019927408337853045,0.41669293222328524,0.6997597107633365,-0.02509754492693463,0.411730735851814,0.6976349699285612,-0.02814132710106975,0.41974157535167284,0.7234817001647359,-0.009840891591172622,0.41521913306227554,0.7217329858414033,-0.01907509483992724,0.4195842449858521,0.7381512359296964,-0.021588215446210434,0.42499068919284905,0.7472394758423477,-0.021564733797275804,0.41055950879588504,0.7315629616829972,-0.008909425421180265,0.4049616834112627,0.7283215340770818,-0.01735623048557803,0.40892991661820827,0.7428335067459253,-0.016796694712296556,0.4141810126265471,0.7509347332903015,-0.014584289044145334,0.40366380227283266,0.7414019241064259,-0.008827098033072921,0.3973111051246594,0.7392642598264868,-0.015150936115849938,0.4005906488449419,0.7482434278605452,-0.01482462006317048,0.4055854803254366,0.7546352185773788,-0.012959591241593486
0.43779227651322905,0.7712198970054835,2.4288450443674476e-09,0.4472753490651944,0.7587554303299282,-0.009920882581555464,0.45054185438803707,0.7409299631659277,-0.015338483543693658,0.4451913313481171,0.7324968164170796,-0.019673497883797502,0.4386605346058823,0.728396202977519,-0.0235474535937806,0.439810178877773,0.7084417329527302,-0.011244688678819078,0.43376710620572145,0.6909407638348302,-0.019391345064457444,0.42884808552746606,0.6857383472890174,-0.024539895782500844,0.4251210164748905,0.6827196706990405,-0.02756318200340207,0.42842569888062376,0.7106341114046655,-0.009606852744385917,0.4255020683386258,0.7071277238780576,-0.019332133228528434,0.4295513197738482,0.7252649220094178,-0.022006535839608612,0.4341871861570392,0.7358457519889666,-0.02190828567441005,0.41893089843645553,0.7177585507141387,-0.009019229988792343,0.4147921642327741,0.7129252293162156,-0.017905941943246295,0.4187076340045369,0.7291181562729917,-0.017316000244863166,0.4233664832400397,0.7387236037306507,-0.014901718819175671,0.41134859838667515,0.7268631584338947,-0.009258020591249302,0.40624545690006303,0.7229610936149948,-0.015812629865200985,0.4099115587109631,0.7328344060239059,-0.015429785143046248,0.4147225080014498,0.7403260955842604,-0.013447501233834192
0.44238344165683047,0.7616038999089031,6.43270746364096e-09,0.4524990209878693,0.7498291866310133,-0.009710617689386487,0.45711271494840716,0.7319631327867934,-0.015078433255739543,0.45345358094795873,0.7225663814795448,-0.01952746608544041,0.44798868663860997,0.7166124966803419,-0.023541124779564767,0.447680280694399,0.6977666962886904,-0.010726530354914865,0.4434775793279855,0.6791408756392151,-0.01893282463499638,0.4399985709257598,0.6733192284093905,-0.024091522480905528,0.43740204813536054,0.6696256934360781,-0.02710714010308644,0.43638760682991024,0.6989369641392712,-0.009370183007775385,0.43498699519453216,0.6939322376024338,-0.019505636029235038,0.43872976560692556,0.7135188023988488,-0.022334708738597067,0.44261103843213634,0.725387117077631,-0.022187950855716548,0.426659968601286,0.7050919986992927,-0.0090725208633766,0.4239103252199482,0.6989359134701565,-0.018345459658823227,0.4276896514631057,0.7167279740857897,-0.017706636009268587,0.43171980365006973,0.7277011306288589,-0.01509903897756538,0.4184884447225697,0.7134823538892282,-0.009588197265228422,0.4145634831528175,0.7082209267252844,-0.01635494925579414,0.41856842319397597,0.7189898392338033,-0.015907904790004312,0.4231948951333161,0.7274703701939451,-0.013804720028382702
0.446344946158136,0.7524910466751754,9.924016557760592e-09,0.4569965806672114,0.7415384211581669,-0.009543904991015002,0.4629944531855068,0.7237855986147446,-0.014886782260496055,0.46091789855779225,0.7134491674153449,-0.019454636645677918,0.4561880467913692,0.7055997010496214,-0.023616985543669658,0.4548411624153894,0.6880699385342219,-0.01033510417671667,0.4523768293440107,0.6683626232837088,-0.018639764497791436,0.45023538177536515,0.6621685723811805,-0.02381208906400374,0.448690716178043,0.6581558977950146,-0.026807316109344448,0.44364324159995305,0.68826994786752,-0.009232291759529929,0.44368983104243453,0.6820017968436569,-0.019754023757393078,0.4469462880436865,0.7030047673367592,-0.022687553711614895,0.4500395942365365,0.7160136632893461,-0.022467553296010655,0.4337161519793491,0.6934703982691871,-0.009200131233505101,0.43229173904572993,0.6862193839553876,-0.018826297514124617,0.4357894614247992,0.7054755441354392,-0.018094646973979847,0.4391582397910616,0.7176575432062062,-0.015281794887286971,0.42500352480522263,0.7010949909622888,-0.009974601014045476,0.42223730633141643,0.6946640140564403,-0.016940215825970554,0.4264739080738278,0.7063137357641304,-0.016412389495481128,0.43086165894413786,0.7157144060684331,-0.014183016384019566
0.4499137655181834,0.744292986120502,1.314735025174167e-08,0.4610781207079925,0.7339144738983321,-0.00937798943420498,0.46822850210648814,0.7162625296385299,-0.014724829398049607,0.46758401246159675,0.7050933594941191,-0.019423814515510215,0.46348903919532064,0.6956077292065793,-0.023753997380982456,0.4611673592958113,0.6792619219843253,-0.01003590444178596,0.46032152187591563,0.6586693722642233,-0.018382416935806976,0.4593946578561972,0.6520056898787554,-0.023543664206747913,0.45883318011398216,0.6473795987499309,-0.02653559646727261,0.4501034742520583,0.6785537764168386,-0.009180800608768712,0.4514868210111572,0.6713116245242352,-0.020044808395438686,0.4543213971149798,0.6935678647677441,-0.023070767273250782,0.45669453654226366,0.7076068938482705,-0.022802836789483263,0.4400560295212674,0.6828826513088536,-0.009396505765801082,0.43989505843354376,0.6747566703998569,-0.019308304454467528,0.44314167260034126,0.6952223209424158,-0.01850200912181415,0.44589501463676373,0.7084806231889235,-0.01553347193777505,0.4309150289216158,0.6898136839056305,-0.010414217020313666,0.42922663300907526,0.6823290542234223,-0.017541331574017577,0.4336868330884474,0.6946556476446349,-0.01697424120451641,0.4378582196797868,0.7048589580861297,-0.014677201989543939
0.4531431012150723,0.7368747654364177,1.6064064579591457e-08,0.46477140457086663,0.7270157540267115,-0.009227856581790537,0.4729646625322608,0.7094550920116713,-0.014578282289006601,0.473616012800442,0.6975323971494172,-0.01939592433806974,0.4700955252665243,0.6865662429054581,-0.023877975977961565,0.46689177719160035,0.6712917673214702,-0.009765166058294729,0.4675104761506276,0.6498981909916263,-0.018149549540576102,0.4676826585145155,0.6428095507813891,-0.023300773243094024,0.46801084295940615,0.6376283943106631,-0.026289724134951255,0.45594917777720784,0.6697618550172747,-0.00913420754970593,0.45854212291748475,0.6616383540125711,-0.020307932167479403,0.46099494951132763,0.6850286468192687,-0.023417527674737253,0.46271642798042706,0.6999998176943181,-0.02310622646680062,0.44579282670669546,0.6733020629519865,-0.00957420018603502,0.44677511265785974,0.6643843465768892,-0.019744460522220113,0.4497945052614845,0.6859444348055953,-0.01887062097712116,0.4519909543009221,0.7001766569722326,-0.01576120822847318,0.43626420167019697,0.6796055103024846,-0.01081201458828773,0.43555110053188145,0.671167456482054,-0.018085266233435184,0.4402136291738578,0.6841065342478551,-0.017482646813569588,0.4441892331213812,0.6950361337461196,-0.015124378227902871
0.45620829785941025,0.7299463724905563,1.758214213578841e-08,0.46837859107713037,0.720374562207961,-0.008901298095463979,0.47747537924849154,0.7028729408400253,-0.01420437073363582,0.4791608497839926,0.690339086723433,-0.01911726026414308,0.4759354173945802,0.678157719952113,-0.023746938021044262,0.4720635920322524,0.6636481188178641,-0.009439037317757965,0.4739660779258949,0.6417055253338125,-0.017844262311910084,0.47508957244122807,0.6342721823361928,-0.022985217730541675,0.4761967482352605,0.6286395065611952,-0.025968006555124212,0.4611806928670227,0.6614493620662956,-0.009096403605683496,0.46477828304544344,0.652816981491972,-0.02048496906799672,0.4668352460450468,0.6772016421331729,-0.023645570636563744,0.46797348240582765,0.6928644509783882,-0.023305139951497685,0.45088639228287575,0.6644044782785904,-0.009802224783446733,0.4527903437765276,0.6548934561421298,-0.020149348667179875,0.455619182800919,0.6773969270916057,-0.019192612188086253,0.45735982223900856,0.6924331955886369,-0.01596352127834982,0.4409936686394102,0.6703461000903016,-0.01128353939263611,0.4410330202240328,0.6609174435627552,-0.018631098764148705,0.44588880838737716,0.6743718987505625,-0.017945217022207326,0.4497429799859837,0.6860119847154921,-0.01550678346199387
0.45902255115862545,0.7234991099834734,1.9223493001959235e-08,0.47165328095680165,0.7139517274381149,-0.008564071096678722,0.48160866139140485,0.6964080098909549,-0.013791335847126928,0.4841262076973373,0.6831599494435548,-0.01875610165909909,0.48082245588558453,0.6700793126053467,-0.0234872039845553,0.4765411084655895,0.6564697080421809,-0.009142344422766313,0.47954127081511017,0.6340723081324707,-0.01758086116801617,0.4814814382461004,0.6262333516176279,-0.022753008952874666,0.4833110635385774,0.6201310709414167,-0.025764134180331365,0.4656613433305077,0.6536884952161489,-0.009085771592755207,0.47013032969598756,0.6447540134903671,-0.020739541505254602,0.47187070823667887,0.6698528603862263,-0.024015345959568665,0.47255234043333844,0.686310653598232,-0.023686978727110914,0.45518578328230985,0.6561598020926337,-0.010050960278571408,0.45791527882373206,0.6463403691233485,-0.020583822696719288,0.4606021039380983,0.6695350639976333,-0.019615752819414484,0.4620425734034964,0.6854237845856075,-0.016319659963658355,0.44493197492263314,0.6618278469006226,-0.01176911542626362,0.4454830297997436,0.6516002840318641,-0.019149491236458264,0.4505022235057932,0.6651458355912728,-0.018426387563338,0.4543762892109972,0.6772269353802222,-0.015961412029670247
0.4611169508439535,0.7173691690384495,1.9910005626041293e-08,0.4741264972463394,0.7080300329399619,-0.008326434313717348,0.48491579012810565,0.6905109098820419,-0.013478792785923201,0.4881599981442981,0.6765109462572095,-0.01847083910958914,0.4848362472669541,0.6625659502545098,-0.02327715103204037,0.4802871796266942,0.6498782255499385,-0.008815115470650642,0.4841402950166347,0.627226094710156,-0.017216314536757395,0.4866925856901732,0.6188790871982401,-0.022384540053437003,0.4890699163084827,0.6120816175778017,-0.025423795443312996,0.4694003110851544,0.6464886565558681,-0.008975377386555915,0.47460428407826755,0.6374820976919883,-0.020876611105452546,0.47599834757277715,0.6632389419370016,-0.024285778017178516,0.4762704897975819,0.6802288429958164,-0.023965585311887798,0.45875790742651934,0.6484558047224918,-0.010132887984737673,0.46218352713016775,0.6385397441065792,-0.02088853401051532,0.464677471497538,0.6623522275866264,-0.019932502111289312,0.46583297772104554,0.67880582487546,-0.016559487203291128,0.44814613276748,0.6537953928976701,-0.012018016256501046,0.4491923379471452,0.6431069931164646,-0.019462268113462126,0.4543317865757041,0.6569341302995532,-0.018678661841140684,0.4582031276895686,0.6693940850290017,-0.01614196943940187
0.46292045869148407,0.7114311784006174,2.018509524019468e-08,0.47618220468051936,0.7022367928412426,-0.008114599242980629,0.48762548050974075,0.6847439957026904,-0.013204882967827427,0.4914302658569801,0.6700476758894268,-0.018199889245017677,0.4880107238595238,0.6554434036056924,-0.023058816734473728,0.4833728980498927,0.6434371579385866,-0.008679773654376525,0.4878909973745262,0.6206808638548008,-0.0170352960376599,0.4909689867659647,0.612097629270264,-0.022224649335293264,0.4938764802461061,0.6049049153073455,-0.025322742063531724,0.47242549407948825,0.6395489423880123,-0.00901834980825696,0.4780718476656128,0.6305735904895012,-0.021015950134470267,0.47914217475191523,0.6568392212706706,-0.024528115056382714,0.4790842003322172,0.674298842773093,-0.024273716280046122,0.46159802759914986,0.641218057075582,-0.010314814587107915,0.4654294050583859,0.6312198675247915,-0.02112522959846324,0.46780628075137254,0.655503801110134,-0.02017266602550781,0.4687849223426115,0.6724923661136787,-0.016803246816415172,0.45066933479782795,0.6464981770690068,-0.012319296369954139,0.4519215926912755,0.6352653694157933,-0.019747256907539232,0.45714514479893414,0.6493482079241427,-0.018911180155116863,0.4610494743025559,0.6622916943075555,-0.016353340910374055
0.46455240799574155,0.7060580386588825,2.043401697626628e-08,0.4780423631054247,0.696994634254882,-0.00792291496681878,0.49007741180525316,0.6795256587846719,-0.012957028799805516,0.494389449608664,0.6641992236110666,-0.017954713465172037,0.49088322861392175,0.6489983886510893,-0.022861251469927034,0.4861650877488553,0.6376087963811842,-0.008557306217815102,0.49128491446328115,0.6147582475738533,-0.016871496909164636,0.4948385955230984,0.6059612569985464,-0.022079968209237077,0.4982258201642072,0.5984108962803864,-0.025231301378617205,0.47516290677753353,0.6332693679888853,-0.009057234481696723,0.48120955953727707,0.6243222544955972,-0.021142034549224954,0.48198694561594274,0.6510482735333701,-0.024747399803641563,0.4816302568717921,0.6689329333588532,-0.024552536313901075,0.46416798156196637,0.6346687996088411,-0.010479435435622964,0.46836651910195004,0.6245962936316948,-0.021339409537076377,0.47063746226906916,0.6493068306678522,-0.020389984366125664,0.4714560634623838,0.6667794746239885,-0.017023818815360744,0.45295251743191817,0.6398951083266616,-0.01259191723612314,0.45439122729082737,0.628169679557786,-0.020005136164816716,0.45969088254069873,0.6424838958227826,-0.01912158018261888,0.46362506241607604,0.6558649179493052,-0.016544605686662796
0.4658793935389149,0.7012707135095824,1.9799443477184838e-08,0.47950356967263613,0.6921386847225068,-0.007734421457260602,0.491972766671187,0.6745031890585341,-0.012692982442736577,0.49654402043565926,0.6584781779339168,-0.01765523146061735,0.49274144933247555,0.6428178478975667,-0.022567221233169617,0.48813973545269795,0.632187060312946,-0.008423542586057287,0.4936725202430316,0.609229501417493,-0.01665865112810997,0.4976076380034634,0.6001694678286335,-0.021883732940838424,0.501339738071566,0.5923209392683716,-0.025078554479321908,0.4770354226143192,0.6275478169468786,-0.009044093501753322,0.4833044596924199,0.6186630305709918,-0.021107317232894558,0.48391585770236095,0.6457939521610095,-0.02476584392853943,0.48333239469952716,0.6640736568345414,-0.024624128639367217,0.4658758593834773,0.6288251273243162,-0.010548520519823254,0.4702873818629336,0.6186280687153091,-0.021361997967230574,0.4725042677357592,0.6436134420946419,-0.02041229758658338,0.47317473264256854,0.6614131516687083,-0.017074423597989243,0.4544441869437304,0.6341316881342516,-0.012723268484359796,0.45588706674348395,0.6218633566177891,-0.020064562305986577,0.4612405379495183,0.6363253942230093,-0.019109044382489265,0.46518694445153624,0.6500770551821542,-0.016504172207354544
0.4663090506987721,0.696579118667971,1.902417339236685e-08,0.48007371390336767,0.6877948808711724,-0.007711533646208192,0.49294929489830736,0.6700686983101637,-0.012623940570234849,0.4976889618218889,0.6532997133528982,-0.01753344100538675,0.49371829873010653,0.6371118895561735,-0.022406933939804478,0.4893043768873742,0.6272291756576516,-0.00842149540410867,0.4950507252046933,0.6040842549117009,-0.016606816271082347,0.4991917374302434,0.5946922842441216,-0.021844349078445964,0.5031132670174785,0.5864358325826836,-0.025080785683589152,0.47807336449496834,0.6221805187420123,-0.00905823442603273,0.4844058561768802,0.6135453376970109,-0.021081765770654775,0.4848311993536342,0.6410575743285387,-0.024743762514567103,0.4841358007850041,0.6595222616017652,-0.024620138916971658,0.4667254045365655,0.6232597135538387,-0.010557903858558986,0.471163138532942,0.6130927181316375,-0.021338348631990297,0.47327020054430746,0.6384500077266041,-0.02031686083688204,0.4738913230619403,0.6564364631301746,-0.01695087066663864,0.45506075154366316,0.6286117167126181,-0.012721535934307434,0.4563990048808466,0.6162022188841014,-0.020040430935845868,0.4617712754892947,0.6309591545298444,-0.01898066146628816,0.46579352685706266,0.6449273168070029,-0.016294456106159514
0.4660788381613433,0.6922347925098226,1.8976038010732592e-08,0.4797564644714082,0.6839213881259717,-0.0077727779777296176,0.4928911541880158,0.6662661584973516,-0.012640623329659977,0.4976200913278191,0.6488329285819678,-0.017485165554836226,0.4936540331616578,0.6323206263065826,-0.022278316436572815,0.48948908355032433,0.6228748306584382,-0.008339784193859948,0.49536970201430586,0.5992785604407198,-0.01644910967079003,0.4995108012353918,0.5892150716982173,-0.021631309337750933,0.503409569917048,0.580457091713378,-0.024852697057351245,0.47810692966022583,0.6174938979852524,-0.008962503239782817,0.4842539446997167,0.6083760524714056,-0.020974137347005088,0.4844813063342397,0.635846458168684,-0.024652948933080822,0.4837393288032088,0.6543158058240776,-0.024510821643350944,0.4666023514025475,0.6183715006133466,-0.010446816067086605,0.47083388962205314,0.6081989253319574,-0.02128043291543427,0.4728231958189054,0.6336754428754849,-0.020260284468900335,0.473469636046126,0.6515524998051658,-0.016861189636880804,0.45476272230525994,0.623768671720531,-0.012592904160730592,0.45586270053126615,0.6111834517591458,-0.01991525020389797,0.46120152308945106,0.6261646240901333,-0.018783529582776848,0.4653028343435065,0.6402208744396418,-0.016024348791769172
0.4651050642893154,0.68836441618079,2.8342970552942954e-08,0.47882569390991525,0.6807430316259943,-0.008181911650197935,0.4920782094020089,0.6630060229522929,-0.01307954808241928,0.4965959835013068,0.6448446267977239,-0.017869922543803183,0.4925890336241292,0.6278528474618815,-0.02260467105643606,0.4888011386503491,0.6196686762930765,-0.008720977434037162,0.4946349130383481,0.5954255554211486,-0.016860124663409765,0.4985920549463821,0.5842637660111211,-0.022072586066614438,0.5022621146427577,0.574665239550389,-0.025314475502413288,0.47729236117896034,0.6138580913043178,-0.009167412822946284,0.4833340308538172,0.6032344715324454,-0.021046787516940925,0.4837543813002649,0.627214863619198,-0.024868877695868413,0.4832759022353958,0.6433084988628993,-0.024930520305797614,0.46562462224712037,0.6144725219862734,-0.010507448393133887,0.4694945184452081,0.6034815296333504,-0.02150020351406735,0.47136128976318803,0.6283648463560133,-0.020741945212273846,0.47211948081712496,0.6462549426339552,-0.017481620008387804,0.4536408647011188,0.6198376270155671,-0.012522538656349455,0.4543762716062791,0.6067496295456711,-0.020069199239449418,0.45956883047042946,0.6215927267193899,-0.019082782568109125,0.46373453131751985,0.6358772878434308,-0.016397820229600464
0.464223920580883,0.684862209098061,3.6818874367953845e-08,0.47798346282545867,0.677867016040078,-0.00855212651399638,0.49134259592533885,0.6600560075465778,-0.013476720152320553,0.49566929385188285,0.641235711909509,-0.018218079554216282,0.49162534208450875,0.623810065731173,-0.02289998121854945,0.48817863445530535,0.6167675071115517,-0.009065909696986072,0.49397002080639457,0.5919390672034238,-0.017232041886927018,0.49776070432642694,0.579783452891172,-0.02247188638107652,0.5012238109619012,0.5694243368724805,-0.025732327308920222,0.4765552784609165,0.6105681404502141,-0.009352830397999909,0.4825016237407303,0.598581983079119,-0.021112526845130326,0.48309660495342677,0.6194043488277301,-0.025064266251944214,0.482856559083686,0.6333482611175306,-0.02531029516572708,0.46473989950131345,0.6109444333968731,-0.01056231307389691,0.4682825548470527,0.5992128758324868,-0.021699068451653612,0.4700384474069519,0.6235594199160839,-0.021177788015016734,0.4708977589989334,0.6414613151753009,-0.01804303198921583,0.45262572371403587,0.6162805226314334,-0.012458866665082129,0.4530312391167991,0.6027375743242933,-0.020208503885006293,0.45809144760939735,0.6174557307293048,-0.01935356913656163,0.4623154129945094,0.6319468845832651,-0.016735765226049096
0.4633418676398358,0.680963122866502,3.673966871459178e-08,0.47713763585787367,0.6736231318630912,-0.00858487791546665,0.4900853247402503,0.655365569499831,-0.013504222819123337,0.49328048642452127,0.6363101956062734,-0.018217784013976137,0.48864596630848856,0.6192347150259027,-0.02285970166641813,0.4868127790623114,0.6123717814211572,-0.009114738197157865,0.4924682988154134,0.5869864570965604,-0.01742304815274364,0.4954809569223289,0.5746164154013653,-0.02278023378074214,0.498095631346209,0.5646694271925367,-0.026064810196739143,0.4749595718184891,0.6064325668372199,-0.009374509905222686,0.48005186415112167,0.5943472791500145,-0.021184102164618142,0.4804264079273885,0.6150199069894344,-0.025217389620519063,0.48032583732141476,0.6291171555473638,-0.02551693256542217,0.46300857292751946,0.6070952052569044,-0.010574049624698741,0.46588413546304247,0.5958032333386701,-0.02175660953753319,0.4676686610170031,0.6198742252769515,-0.02129407131208667,0.46878804264464563,0.6375019760274967,-0.018194904517245553,0.4508672618757675,0.6128068580567458,-0.012458599983892957,0.45073065147189056,0.5995586926785402,-0.02020827763685817,0.4556980852397533,0.6142982886895978,-0.01932337409694282,0.46003682966847687,0.6287053228595842,-0.016674431125775647
0.46217108642545374,0.6783435363296332,4.1327575630131485e-08,0.4758280241486731,0.6700941556050262,-0.008746872131798146,0.4878339778078539,0.6509382056695954,-0.013603881111308294,0.48992590748513626,0.6318029947963864,-0.01818163346564994,0.4849022281137912,0.6153534075397312,-0.022690397970161456,0.48437235106352233,0.6092816892252392,-0.009164156879178872,0.4894728831147897,0.583283178335151,-0.017334478889066283,0.4919083664614849,0.5701853207860844,-0.022678349294849066,0.49398041024288103,0.559997979084051,-0.025979108891370613,0.47240349977004753,0.603777828344163,-0.009262202785195421,0.47670220073893255,0.5908642409107049,-0.020846879733188516,0.477057397148754,0.6093512171508568,-0.02502032631924411,0.4771380945074029,0.6227997706045608,-0.025527149372947158,0.4604019594469459,0.6049189189016736,-0.010319403622183313,0.46253273731728434,0.5925991770339744,-0.021304068235370902,0.46423429898028373,0.6144483033015734,-0.021232716845297418,0.4655443299557884,0.6313720605502472,-0.018504292368467744,0.44833885540594837,0.6111603453627117,-0.012068096083478306,0.4474672430243468,0.5975384229046475,-0.01981023429091374,0.45222157573071714,0.610880610661835,-0.0192651598637125,0.45668093253716807,0.6247647342462782,-0.016922303879091136
0.4602194990898144,0.6754416708825428,4.944348682837205e-08,0.47366772886635944,0.6677858516092953,-0.010068761285168993,0.4847273614706833,0.6492858821617904,-0.015722711917063228,0.48577460164284997,0.6308663786871621,-0.020766864569912565,0.48019652837932425,0.6151946051431482,-0.025735022733630052,0.48134451757970825,0.6066813967213238,-0.01131715244020349,0.4856336506283675,0.5802434278037861,-0.020057753434306342,0.4871070781194879,0.5662671889806041,-0.025824015094958387,0.48828199478158024,0.5557659466309853,-0.029404939442205114,0.4691742860876002,0.6012554994132469,-0.010854558307753254,0.47240216516255285,0.5877529583776421,-0.02298061113078821,0.47226887977387133,0.6048879727349166,-0.02757103077498966,0.47221666433446713,0.6182464017092293,-0.028370612685174885,0.4570654512820601,0.6027133533979162,-0.01138073622574913,0.458215307368602,0.5901257432121718,-0.0227097681861572,0.4596016206532031,0.6107294872035046,-0.023079092916947097,0.4610038883745435,0.6274636744339857,-0.02066261247477298,0.4450978213494232,0.6094067335976601,-0.01268179284510741,0.44344834710485515,0.5960455915645176,-0.020805290003285338,0.44783965696799394,0.608327891628076,-0.020699521199985887,0.4523306313766362,0.6217129123916473,-0.01866394248848176
0.4584535563472003,0.6728158451596816,5.678737260714421e-08,0.47171293150421345,0.665697124851047,-0.01126490583596914,0.48191626177018454,0.6477907357987387,-0.017639989107747785,0.48201818844489513,0.630018858112246,-0.023106175767101316,0.4759384579649245,0.6150509088121491,-0.028490027804038146,0.4786047065197877,0.6043284568389491,-0.013265344466478495,0.4821596248326505,0.5774928333045333,-0.022521976700920734,0.48276251195639086,0.5627217691573981,-0.028670449681280734,0.4831256406464026,0.5519364859348027,-0.032504888129200465,0.46625225110472823,0.5989731068250731,-0.012295441135475286,0.46851117013485527,0.5849376363527713,-0.024911371495680956,0.46793586974063833,0.6008492940957868,-0.029879099668407495,0.467763384822725,0.6141261716747782,-0.030943591771695273,0.4540463281960197,0.6007175921406089,-0.012341109648213874,0.4543085726069098,0.5878875945896724,-0.023981751038808195,0.45540962549050973,0.6073644231965947,-0.024749832608849203,0.45689535594443514,0.623927073242072,-0.02261562254937425,0.44216509040463525,0.6078199340149291,-0.013237111750171768,0.4398117483461207,0.5946947656891357,-0.021705691118659293,0.4438745678856646,0.606017999793221,-0.02199743902606589,0.4483941522745568,0.6189513948528121,-0.020239907861049802
0.45573064212400255,0.6695671372276406,7.167500882374863e-08,0.4686513242962929,0.663274084648131,-0.012370842797799386,0.47821690578912796,0.6463741763030627,-0.019494167478730555,0.47783656860978013,0.6297929104622882,-0.025474906212968374,0.47191000135216105,0.615842703181485,-0.03137046174934067,0.4752743874935603,0.6019964375965441,-0.015031515461343308,0.4776452029814087,0.5752298849256453,-0.0248202225618325,0.4771869351827549,0.5601268054171253,-0.03130613386425213,0.4766270783122514,0.5492600914236166,-0.035343382322220535,0.4627411324885649,0.5966786554836918,-0.013660676846161872,0.46463770676139793,0.5813648245766848,-0.026548893963647915,0.46343734915326174,0.5942464984707757,-0.03180138464472307,0.4627562402965182,0.6053221498351341,-0.03314068398133041,0.4504395495402747,0.5986263574543328,-0.013349020192375742,0.4497865424418895,0.5856209995925129,-0.025382572758862552,0.4505194291274187,0.6048150314601575,-0.026461203502175325,0.45210726902900766,0.6213519449955786,-0.024484048839467906,0.438620383364846,0.6060009700115924,-0.013950211289391942,0.43553848080683216,0.5934777326943773,-0.022808787836135505,0.4392552881045733,0.6046823281264243,-0.023334340812274507,0.4438582649473912,0.6174518670608072,-0.021702635670135084
0.453005459492749,0.6665813151723603,7.808823090467492e-08,0.46556159583952805,0.6596390259377869,-0.01259098136714967,0.473843430807343,0.6422667332819085,-0.019760428486371585,0.47193758779612816,0.6260618032464533,-0.02568174225661916,0.46545627763694336,0.6130670776472664,-0.031510445521504116,0.4711681613119068,0.5997460295226771,-0.015394209034648347,0.4721011632429929,0.5730888446422512,-0.025283015139221696,0.47061869245438587,0.5579281456263234,-0.03181449902523052,0.46918678618126963,0.5470461864848306,-0.035867449657850235,0.4586612748339425,0.5949251312568524,-0.013916459270813157,0.45977759758237047,0.5781805919127012,-0.026685971120305248,0.457911632973932,0.5882854350129576,-0.03198026030498279,0.45670342368118544,0.5972193114680272,-0.033421448425660666,0.4464467406104856,0.5972740286802187,-0.013514763814896955,0.4447183353150877,0.5837073786243951,-0.025691506309660057,0.44525996934512024,0.6025241168160348,-0.026911246641187835,0.44700694294822396,0.618800678371883,-0.0249526872287537,0.4347921809207153,0.6049389254691835,-0.01402198937546336,0.43099235296623856,0.592781356512054,-0.023078620650475536,0.4343902536102605,0.6037576147137627,-0.023701013863524856,0.4389447549773317,0.6161606843856944,-0.022101626728884567
0.4502910920445419,0.6634862671718421,7.982205143952252e-08,0.4620534157703431,0.6554479733567623,-0.012476648154188185,0.46886470236785943,0.6375419498755268,-0.019436702864539086,0.4655607600903286,0.6219614026234527,-0.025091759419403985,0.45851882759177864,0.610253805588045,-0.030616180173211598,0.46615032241124177,0.5968082813370426,-0.015044208574273955,0.46573237350603125,0.5704390890133637,-0.024607422319488585,0.4633590541971123,0.5555121385927387,-0.03094866949326009,0.46124738175237806,0.5448252291212898,-0.034903151141579734,0.4537276776197925,0.5930198029147681,-0.013450041384684336,0.4538688887032408,0.5759892787327611,-0.0257389306342774,0.45169613892363925,0.5847955127847094,-0.030919395440554834,0.4503877307511333,0.5928774684205951,-0.03239597854412888,0.4417744706455443,0.596112601106385,-0.012923662426287976,0.43916269312233575,0.5825101832384826,-0.024810162315599515,0.4395697942742144,0.6008088044117612,-0.026115545211468687,0.4414087201034361,0.6168686776837613,-0.02425651386077035,0.4305519538944545,0.6042586636346658,-0.013290368134207206,0.42613149744872236,0.5925533541383373,-0.02222130711012999,0.42921524204366135,0.6032022384136936,-0.022928250865880972,0.4336392319448962,0.6152938839815433,-0.02142238487558932
0.44709101387508815,0.6611533330248633,7.460497038883787e-08,0.4581225172326418,0.652238061835847,-0.012409168350983267,0.46363469985090405,0.6338496229415405,-0.019137960868780734,0.45928528964544457,0.618582576263275,-0.024490158207971586,0.45174772692175397,0.60773366030627,-0.02966004378509522,0.4606285063298577,0.5943268243297062,-0.014701672266358844,0.45918971985982415,0.5682334019113882,-0.02391572225980059,0.4561192861679049,0.5535853286988033,-0.030074646033545132,0.45342749062456567,0.5430204668861318,-0.03397175867029096,0.44838340212020444,0.5915733107891714,-0.012942705463526466,0.4476015973637827,0.5754535790431242,-0.024851246689237397,0.4455427482035614,0.5843995526195657,-0.02992959224445421,0.44465536854044757,0.5926188458764268,-0.03141706640088622,0.4367695182494262,0.595476599263523,-0.012237919173011678,0.43338663525082377,0.5822481994878621,-0.023701161977688373,0.43369918522818673,0.5995296830436477,-0.025067024035331082,0.43571860876431634,0.6149573811151774,-0.02338095655441061,0.42606352304752537,0.6041955060828131,-0.012429074475744295,0.42105981354335803,0.5932692136036962,-0.021139547312011748,0.42375886678696406,0.6031919291665531,-0.02197432451449555,0.4280520567331322,0.6145406542390656,-0.02062538499243717
0.4441953428918096,0.659042319056583,6.988416376602382e-08,0.45456554511162117,0.6493334928978974,-0.012348107558792938,0.45890220091529005,0.6305085283190465,-0.018867636682058805,0.4536067728369709,0.6155251604969678,-0.023945784264835256,0.44562072667463337,0.6054532436477832,-0.02879485979629348,0.4556319525723618,0.5920814157265708,-0.014391719698006908,0.45326943563120564,0.5662375306228838,-0.023289820114318793,0.4495682005075749,0.5518418064456843,-0.029283763987237695,0.4463514660301199,0.5413873825177721,-0.03312896483515931,0.4435475004105143,0.5902644161141559,-0.012483629832282588,0.4419304816239694,0.5749688377446648,-0.024048003610205565,0.4399746982955972,0.5840412581342355,-0.029033944000150788,0.43946829683777144,0.5923848247815928,-0.03053127319888746,0.43224066155946494,0.5949010970463376,-0.011617407193196459,0.4281600244336481,0.5820111369210775,-0.02269765521038851,0.42838701740959356,0.5983722379958694,-0.024118243354260084,0.4305697688223452,0.6132278964835464,-0.022588686568500795,0.42200205383468936,0.6041383563881524,-0.01164971130933808,0.4164705731737607,0.5939169769932696,-0.020160689830282495,0.4188215288008128,0.6031826005857424,-0.021111140332853183,0.42299636112743394,0.6138590754170684,-0.019904199660981968
0.44108895223844075,0.6577132218647507,6.468247529649247e-08,0.4509032184898115,0.6471145583587438,-0.012474026226564162,0.454111410758936,0.6278957832433383,-0.018807712120548874,0.4479212888884499,0.6132426251056071,-0.023569044351991558,0.4395416285066787,0.603868856913002,-0.02806842966176431,0.4506194622454915,0.5903473272176085,-0.01432214589804289,0.44738538701249486,0.5647957159683078,-0.022909334190595466,0.4430633356493918,0.5506034680190061,-0.02870257697153426,0.4393226261973657,0.5403755114529559,-0.03244926929059474,0.438702263047522,0.589468281137746,-0.01211184394858235,0.43603815542692664,0.5750029909671908,-0.023292034428283367,0.43413172052495497,0.5842853164967148,-0.028113112152778088,0.4339476096670067,0.5929256403907797,-0.029559916722377653,0.4277065664999735,0.5948077695478692,-0.010943291715904394,0.4229436561464907,0.5827507648674676,-0.021699301678344128,0.4231837816573662,0.5986581914686873,-0.023177315954111634,0.4255397623440689,0.6131629429560331,-0.021763916206299853,0.41794287041567224,0.6043891088554257,-0.010678241907125182,0.411963246667627,0.5950537813842106,-0.01905276677687383,0.41411617586955907,0.6040702000064911,-0.020150812287096524,0.41823245774496587,0.6143099544743155,-0.019083688435517197
0.4381172672578976,0.657406346085587,5.760290999580566e-08,0.4472353617140351,0.6455539858546179,-0.012563899725858769,0.4492363440870393,0.6259067801234561,-0.018465337390030465,0.4421993310788318,0.6118466196057897,-0.022673682108818913,0.4334941050505542,0.6027952510283265,-0.02652847848126657,0.4458455388453474,0.5890841181756253,-0.01354398607997108,0.4416856179748379,0.5638865171115189,-0.021686135915892576,0.4367893147071365,0.5499476133824358,-0.02729959232647913,0.4325906949063427,0.5399725147143702,-0.030957178625915426,0.43420156825090017,0.5894067476790004,-0.010998304104101604,0.43054655887878424,0.5753572717127102,-0.021741766430047393,0.42850227864428475,0.5849413963763702,-0.026638939596187978,0.4284539013000518,0.5940558839755745,-0.028169501016976562,0.42351464058282096,0.5954447505957464,-0.00953430410820886,0.4180364817617135,0.5835841960067912,-0.020005585004415107,0.41807609093237885,0.5993019403192468,-0.021912015734784317,0.42039965802576296,0.6135958380647571,-0.02081172296411395,0.4141885670193222,0.6051939854735227,-0.008965615767079748,0.40776900220537704,0.5963571080211064,-0.01723484926283738,0.40956000743639137,0.6052784857107436,-0.018692777149105007,0.4134609342385272,0.615239913510532,-0.017900567523693563
0.4353911995267372,0.6577471671542663,4.94938987091368e-08,0.44395969344661923,0.6444296604917245,-0.01257279040944902,0.44480084135296716,0.6242185301306032,-0.018032765568637907,0.4368292607679258,0.6107232114284981,-0.021658782155798105,0.4277879235859053,0.602118855428236,-0.02484090478824309,0.4413342624459593,0.5883248437790952,-0.012878405702858736,0.43618642548440245,0.5634681934187382,-0.020558745193003054,0.4306757521648846,0.5498093537595186,-0.02590249269580588,0.4260552879456071,0.5401529899822385,-0.029376880210897363,0.4298998815545455,0.5897500972360268,-0.009990976857357501,0.4251695036989079,0.576638715971162,-0.020171591642900537,0.42327537245892277,0.5866768289004601,-0.024898351774156127,0.42368357773250176,0.5960718583944667,-0.02634842145555437,0.41947453919978167,0.5964823615139719,-0.008215999606278121,0.41329769579492825,0.5851449112054129,-0.01828191705671724,0.41342628799581527,0.6006792290465681,-0.02036031877340713,0.4159548952930315,0.6145655820487335,-0.019407829673113164,0.4105350133168931,0.606477839482248,-0.007324840990240396,0.40365633180085864,0.5982076343785918,-0.015343113708540749,0.40534672158609486,0.6070014969829303,-0.016960825561114425,0.4092454955799231,0.6166082108239802,-0.016295204911273762
0.4330143023129351,0.6586802134464952,4.2148186203904165e-08,0.44088300473336767,0.6441191513264097,-0.012666060061854929,0.4406707577935932,0.6234909242176124,-0.01774560947287488,0.43196158685408975,0.6102536130335668,-0.02087696617321842,0.4225817146950018,0.6017893097056295,-0.02348074878185722,0.4371647195511264,0.5881546678858219,-0.012164606876543754,0.431133791268724,0.5636465250344287,-0.01938577385468563,0.42505910170656375,0.5502549995958789,-0.02452031720979825,0.4200189979457688,0.5408494427160805,-0.027887408294749883,0.42598171071553426,0.5906572918442546,-0.008959025101346175,0.42032009114710117,0.5780439845152732,-0.018643389731809845,0.41842259624056605,0.5883178933740596,-0.023374237581966995,0.41911148617179644,0.5980964258773523,-0.02488382695150293,0.4158525191586861,0.59809688219157,-0.006903124391683507,0.4089965465099302,0.5869411906213671,-0.016623068266248837,0.4090127875198561,0.6021431362408193,-0.01904068018837147,0.41159337072502006,0.615813430572837,-0.018370086307298257,0.40732321447077025,0.6083630502530656,-0.005729101197230156,0.399994939962603,0.6004233769912463,-0.013582865237506701,0.4014243191303915,0.6089529347859518,-0.015495448886263152,0.40519975565198024,0.6183135816854914,-0.015074369427975102
0.43086350726113254,0.6595245037829791,3.550123402756423e-08,0.4380989857938979,0.6438381793212173,-0.012750457445853325,0.43693354811054463,0.6228325317603215,-0.01748576907831524,0.42755695004149497,0.6098286851493119,-0.020169520374978482,0.417870746018618,0.6014911119941724,-0.02224997750944924,0.4333918040988255,0.5880006799611179,-0.01151870810788605,0.4265617884885675,0.5638078928690914,-0.018324381323401636,0.4199767346848375,0.5506582534068281,-0.023269621059049405,0.41455690956116853,0.5414796454379582,-0.02653962227840617,0.4224362555718589,0.591478189636161,-0.008025237675604814,0.4159319785858976,0.5793155769987753,-0.017260557908269886,0.4140314399813305,0.589802851717656,-0.02199510463338704,0.4149743144640544,0.5999284065364003,-0.023558551885370742,0.4125750434913826,0.5995578217156885,-0.005715136329436839,0.4051045437150597,0.5885665990980379,-0.015122017337537923,0.40501912093229814,0.6034677893774423,-0.01784657212076923,0.4076467358412219,0.6169425776034517,-0.017431058198183975,0.4044169377392762,0.6100689304964075,-0.0042851560275184355,0.3966818377372722,0.6024283472607608,-0.011990060264931988,0.3978750349022317,0.6107187422202267,-0.014169466053267434,0.401538866419004,0.6198567292768673,-0.013969665824766492
0.4289218905245994,0.6609492667291046,2.9455389863161735e-08,0.4356482291421759,0.6441094539195813,-0.012724782829291894,0.4335733205745855,0.6227464633425146,-0.017140024887408352,0.42344168750605804,0.6100611699503073,-0.01941134584289305,0.4134790058198179,0.601839025865162,-0.021011694309021608,0.43002002192416316,0.5882978534002161,-0.010934403407561006,0.4223873807536336,0.5644450929277758,-0.017329025751316333,0.4153278700535151,0.5515760581189448,-0.022059027468082196,0.40955906664399333,0.5426150291704401,-0.02521204987192748,0.4191707134981656,0.5927206527278198,-0.007202105793680316,0.4118879137145875,0.5810029492167256,-0.015934692514509137,0.4101989256693995,0.5916590999762956,-0.020537318055462824,0.4115259616070511,0.6019354816167845,-0.022067308879753503,0.4095153590611323,0.6014401330921354,-0.004669085562421328,0.4015041175423027,0.5906048273596252,-0.013651577352301353,0.401530664578851,0.6051691838843606,-0.016468231658058854,0.40431540871470034,0.6182877760048128,-0.016188030162499402,0.40168636078995884,0.6122384435307762,-0.0030134716267492274,0.3935993390750461,0.6049845109675603,-0.010451787077189842,0.3947699444238905,0.6129884646612247,-0.012736650882661703,0.39846625366257626,0.6216850284194316,-0.012648644394434277
0.4273076072805037,0.6626048816510584,2.4113040759819376e-08,0.43359552620411496,0.6447298561727233,-0.012560768627334087,0.43065526068282883,0.6229763549923284,-0.016640973236930777,0.41976961821391917,0.6108499418539943,-0.018518214237947923,0.4095825766117603,0.6031958733325581,-0.019666484430401053,0.4269605378037577,0.5889293985534746,-0.010257992864527636,0.41858857435634134,0.565418599832875,-0.016176941997815244,0.4111251348597774,0.5529612814818035,-0.020609188688083056,0.40510188086627813,0.5443428391271693,-0.023580562831926645,0.41613448833744515,0.5941168430643752,-0.006365459879907503,0.40828208094328594,0.5835011413370517,-0.014440122202422197,0.40704436215180984,0.5944582409595597,-0.01875576966102106,0.4088269651980503,0.6043792279792038,-0.020164432306905566,0.4066356112594922,0.6034003830522473,-0.0036815429777256187,0.39832223749497586,0.5934495131825315,-0.012072879163447348,0.3986909401934571,0.6077235694688694,-0.014802094083044427,0.40165037211400384,0.6199221461132939,-0.01457843659520409,0.39907047136618357,0.6144760723853577,-0.0018743628959933052,0.3908471155702884,0.6079429910979409,-0.008807461330334372,0.39226759001923434,0.6158973499483736,-0.010951056146524567,0.396089026419107,0.6240487363149164,-0.010828180361274135
0.4259732332049839,0.6648206326137807,1.901505993462375e-08,0.43171219776799014,0.6461554072252359,-0.012645455425138397,0.4279221293841217,0.6242731553129566,-0.01651547631222875,0.4163396366600335,0.6127063852849559,-0.018110275411243198,0.40588989612895826,0.6052845607905386,-0.01890853569560763,0.4242872247435767,0.5902325499546709,-0.00972532619085494,0.41525479166855533,0.5670241985999406,-0.015319927457656441,0.4073925931824593,0.5548791329605133,-0.01958533261061043,0.4010725599057749,0.5465126970706264,-0.022469729649153933,0.413592648453009,0.5961277331604868,-0.005622323735295711,0.4050416034282775,0.5861367675038195,-0.01335401242040656,0.40402888830094474,0.5973529774150234,-0.017599765259557795,0.4061945794499932,0.6073628425121593,-0.018979832715459367,0.4042835862280588,0.605887067652869,-0.002763593498705894,0.39548827073377,0.5962984122503925,-0.010881436660462608,0.3959988407861614,0.610384818372845,-0.013695650482309949,0.3991287206932381,0.6222054961562077,-0.013558288358377212,0.396985784271357,0.6171162848740722,-0.0007918280945783036,0.3884270434019569,0.6110299902199002,-0.0075385089873370665,0.3898701542707754,0.6189067793631942,-0.00975170353729943,0.39376574959769634,0.6267167785918839,-0.009690942384489191
0.4248822848613514,0.6674382247395746,1.4856262026052551e-08,0.43022793871658505,0.6482097330158612,-0.012698671004129612,0.4258162284147609,0.6261527253540989,-0.016505880235500682,0.4136800682716265,0.6148721950400079,-0.018026015558604544,0.4029497621844742,0.6075861221180394,-0.018714245529127333,0.4218746655462119,0.5920331474760426,-0.009294123077285717,0.412300339131108,0.5691073976075293,-0.014706968547432656,0.4041288018187579,0.5572880011569455,-0.018913100264869902,0.39758473464932176,0.5492339618879131,-0.021780816784368218,0.4112868119344322,0.5985571792187889,-0.005081110615290675,0.4021852079901731,0.5892248876950532,-0.012691108023070257,0.4013325965314606,0.6006757471552355,-0.01698474515045483,0.40378060968733254,0.6108854946627451,-0.018394250293191583,0.40219401138390654,0.6088107891722812,-0.00213471214355408,0.39297603646191004,0.5996046637243028,-0.010141018992385625,0.39353635442166734,0.6134592413242804,-0.013052601403036608,0.3968080542458669,0.625089580629539,-0.012994422129095289,0.3951787642846698,0.6202847527275938,-8.385378275250685e-05,0.38633094333415857,0.614541373304167,-0.006774722010566174,0.3876620916055136,0.6222684570548004,-0.009085228214960939,0.39155165845749795,0.6297367772924547,-0.00909471955930579
0.42389511289378295,0.6698068186186465,1.1093069444033598e-08,0.42888486969163186,0.650068641225947,-0.012746824455321566,0.42391065111079235,0.6278535014417358,-0.01649719698482261,0.4112734911186473,0.6168319823111033,-0.01794977091787356,0.4002893082520479,0.6096687476038468,-0.018538437199573498,0.41969160085425045,0.5936624632986901,-0.008903938126249067,0.4096269286607568,0.5709924324720679,-0.014152317305716259,0.4011754783538631,0.5594677259541502,-0.018304813968565335,0.3944286884982425,0.5516963666017888,-0.0211574367020911,0.4092003179347663,0.6007555244103586,-0.0045913803510966135,0.39960052694524095,0.592019250694054,-0.0120912623548058,0.3988927893061637,0.6036824386831774,-0.016428228781241807,0.4015962686099889,0.6140730548023702,-0.017864371353150492,0.40030320718375995,0.6114563919102899,-0.0015656530782410451,0.3907027782791374,0.6025964082847358,-0.009471033497211529,0.3913081118804541,0.6162412100323501,-0.012470722317253633,0.39470814101322604,0.6276993167923826,-0.012484193630876739,0.393543636933219,0.6231518203237767,0.0005567745279023239,0.38443423462175613,0.6177187363465274,-0.006083590210364228,0.3856640707289952,0.6253103554182958,-0.008482151305656495,0.38954818256425094,0.6324694988522765,-0.008555212383846185
0.42339404868874425,0.6725412482974218,8.039849339892103e-09,0.4279523768105355,0.6523119660602233,-0.01292698569280356,0.42240755801752616,0.6300227106369591,-0.016697539756904082,0.40920668572400265,0.619448139681451,-0.018150213144704688,0.39794717318417516,0.6125211189149222,-0.018691637252469286,0.4179919039549556,0.5959413419022851,-0.008639715025743644,0.4075204637320941,0.573546397014283,-0.013889210886549945,0.39883334630684447,0.5622668988889653,-0.01809546965524561,0.3918903576636383,0.5546204742219515,-0.020992628968366924,0.40756456329963753,0.6036125964591861,-0.004241156747442782,0.3975617894272727,0.5951038062776836,-0.011863348385184706,0.39705919605860157,0.607132232386598,-0.016335141518150288,0.40003292284534503,0.6176269611798124,-0.017793859335487463,0.3987900312505766,0.614647007742423,-0.0011675838588044705,0.3888892398990564,0.6059612192615925,-0.009133898658059818,0.3896342579036674,0.6194834279207655,-0.012205961696997085,0.3932258979075075,0.6306355414604924,-0.012220079757565238,0.39223401148170134,0.6265099885302767,0.0009760343713726931,0.3829123621043155,0.6213514009340996,-0.005655023936231152,0.38416661996911355,0.628709022440968,-0.008084527954418632,0.3881601771647768,0.6354028977916191,-0.008157141577925861
0.42303063212165815,0.6758826897627663,3.6847516114113906e-09,0.42734898478868477,0.655178690764538,-0.013030227056453049,0.4214241566768869,0.6326955175606471,-0.01679501691849306,0.40779588764029556,0.6224545619790575,-0.01821338871378689,0.39628031037372796,0.6158929774822821,-0.018676865541722702,0.4167167012013107,0.5987408508739472,-0.008547950925272324,0.4059350110705764,0.5766114031462428,-0.013853629985158848,0.39704432284063806,0.5656065803038772,-0.018103879108440135,0.38992772520108104,0.5580343785325833,-0.02103019429923896,0.40627592431088083,0.6067123809852132,-0.004099640515484523,0.3960230358270123,0.598960281534549,-0.01175931877162946,0.39591239392075067,0.6114196332272887,-0.01619702681832078,0.3992543750230859,0.6217071087528748,-0.017600006691883475,0.39754211180108884,0.6179745646686655,-0.0010059180723273695,0.38755270700223154,0.6099565888215507,-0.008956667153502846,0.3885914431479001,0.623468410159679,-0.011913636880448497,0.39239311720440284,0.6340485147625199,-0.011845632901719997,0.3910837544768302,0.6299724105776083,0.0011271795283913967,0.38175447810940977,0.6253111783317848,-0.005417524236449868,0.3831483401909181,0.6325626232334379,-0.00774616186298702,0.3872025409595007,0.6387735569131774,-0.0077450806375102986
0.42278825130670733,0.6792602365865332,-8.987929469319744e-10,0.4269802027097504,0.6580253516682715,-0.01269571914830066,0.4209545675247994,0.6352552541251398,-0.016407897477481025,0.4070378311465832,0.6254596212569101,-0.017872016215456636,0.39535659864117023,0.6196887145503231,-0.018396264625789728,0.41591080551070814,0.6019876801138031,-0.00821735744067805,0.4049730474497692,0.5800666037138809,-0.013565702577801101,0.39590139908246663,0.5693178516299012,-0.017871914440293693,0.38864188454169263,0.5619029124843956,-0.020845090096031787,0.40536087007604843,0.6101587274172477,-0.003954504361509133,0.39501843947199344,0.6031668217587671,-0.011659379711206522,0.39517797485199824,0.6161035255933891,-0.01608362206531731,0.39875237234771027,0.6263462305615382,-0.017470081467357696,0.3966085003599165,0.6215197707530424,-0.001023251233651902,0.38662454093217397,0.6142236016666204,-0.008902924142127825,0.38789294379217865,0.6278601619677942,-0.0116650284339656,0.39190282173734714,0.6381294053657212,-0.011494215555104981,0.3901740827498979,0.6336079807591471,0.0009528127633518148,0.3808654832405351,0.6294967530858268,-0.005437458332326319,0.38244766141005243,0.6369303144382071,-0.007557153164454828,0.38665658658465657,0.6429397166505268,-0.007424166085078289
0.42256892694786635,0.6823164945322308,-5.0463281868054325e-09,0.4266465009972995,0.660601224175655,-0.012393031278810451,0.42052964800416337,0.637571495948665,-0.0160576027430893,0.406351884717686,0.6281788245054343,-0.017563116749393603,0.39452075491509714,0.6231233824259386,-0.018142355850090292,0.4151815705847921,0.6049256549755596,-0.007918211635510423,0.4041025905433317,0.583193128597123,-0.013305164242602006,0.39486719585761176,0.5726760885606184,-0.017662015393105062,0.3874783593746976,0.5654034524458937,-0.02067759391571148,0.40453286030390506,0.6132772404138448,-0.0038231742728560406,0.39410940526685956,0.6069732151723822,-0.011568947346108322,0.394513417339856,0.6203418630636367,-0.015981004930594605,0.39829812263765974,0.6305440562701314,-0.01735251536967719,0.3957636986342383,0.6247277393852666,-0.0010389355793579017,0.38578466658710814,0.6180847152477471,-0.00885429343051642,0.38726088913316803,0.6318341487278397,-0.011440068846556094,0.39145916558833854,0.6418221015687146,-0.011176226756166502,0.3893509434750106,0.6368977176108416,0.0007950326232312212,0.3800610539391961,0.6332841753679803,-0.00545549619888793,0.3818136346435444,0.6408825293579227,-0.007386123903622635,0.38616256607712,0.6467095707679359,-0.007133778504406216
0.42277885360065326,0.6858292889606598,-7.838400890071378e-09,0.42698187197295134,0.6634852722343655,-0.012079221538027842,0.4207329631337431,0.6400155535321838,-0.015620107013730913,0.40634167698213225,0.6306489742158912,-0.01703954554531657,0.3945467773063138,0.6260801515859121,-0.017548194794338803,0.4149946803932603,0.6083622565055691,-0.007804692343251072,0.40380960792446385,0.5867608252288676,-0.013027237063931005,0.39442712905948496,0.576485819365445,-0.017231643968660892,0.3869193247678385,0.569449660563626,-0.02017513361579288,0.40412967362602803,0.6167443779556582,-0.003799684473571345,0.393806879252139,0.6111181763483392,-0.01124081134058735,0.3945327725338936,0.6242353041132054,-0.015388438342674726,0.3985422501996567,0.6339397640104535,-0.016666384824332872,0.3953327358564362,0.6284083000163895,-0.0010686564117961144,0.38552357576191226,0.6223283946205289,-0.008514758998024884,0.38729973871628537,0.6354969979665195,-0.010829826916321662,0.3916763620913049,0.6447142598128872,-0.010519074419635644,0.38898820746154344,0.6408639535039321,0.0007127512123180234,0.3798097679687952,0.6377474515946338,-0.005275629819434161,0.38168035929508354,0.6448419894670757,-0.0070703732769709805,0.38605467219391987,0.6499279565940334,-0.006798893697005682
0.42308976953520216,0.6897478493706203,-1.083021563541143e-08,0.4277612512962868,0.6669755202658915,-0.011703412878187061,0.42158936953778225,0.6431774727991421,-0.01514240730701836,0.40713650963766146,0.6337198981686093,-0.01649213523853214,0.3953895691536779,0.6295157803957284,-0.016969239984060466,0.41532885565245503,0.6122638987454224,-0.008009366890445095,0.4040791287614885,0.5905367200215256,-0.013110313643014994,0.39462459625879953,0.5805173126313508,-0.017149305971040328,0.3871121996663338,0.5739486822715688,-0.019981552968266734,0.4041254278646308,0.6204199070104539,-0.004100447657991642,0.3942193631166644,0.6152827104910363,-0.011167694223204919,0.3952840805309482,0.6280690123259622,-0.014960416800239221,0.3994485963128064,0.6375249904387718,-0.01610989182544329,0.3951971535376186,0.6321657127891248,-0.0013974064740721864,0.3858781574449303,0.6267107473826322,-0.008366684768521548,0.38800955544674326,0.639332651685948,-0.01032553177005922,0.39252744657999383,0.6480663969331989,-0.009952307654859093,0.38882255786309605,0.6448288490567542,0.00036516632774530084,0.3800308906425945,0.642237907279827,-0.005299753339150092,0.3821441116666474,0.649099777962047,-0.006886446522151432,0.3865619364570512,0.6538850802189238,-0.006549756637645732
0.42390771624361034,0.694025293599605,-8.755168765329805e-09,0.42917710201794934,0.6720284252366396,-0.0121335882915697,0.4236455801154039,0.6488547683281506,-0.01605164476397515,0.4097233805623653,0.6399166504613096,-0.01787901911172156,0.39834292150226686,0.6361457142916426,-0.0188427728150506,0.4166076282735647,0.6169899669928106,-0.008764654846583684,0.40536870307327916,0.5952005134628827,-0.01439878557568819,0.3957838211908636,0.585275672771477,-0.01879518677357937,0.3881333662491676,0.5788115006164378,-0.02183305169292812,0.40516610960755334,0.625031987208836,-0.004892178908487315,0.39514392096604545,0.6193782688183918,-0.012474888984398002,0.3961226659147681,0.6325074369655326,-0.016432033252607905,0.40023473251405417,0.6422070388629059,-0.017616190852780322,0.39602624408835047,0.6367701787789659,-0.002271019964762273,0.3865519402055835,0.6311250687894013,-0.009616613580650604,0.38875573458907686,0.6441589277337773,-0.01148735833567203,0.3934164749272285,0.6530292269379998,-0.010974350092456328,0.3895567371589692,0.649511881695811,-0.0006392111628867347,0.3806065268518422,0.6468123887371443,-0.006487773055955722,0.38276414612266385,0.6538110279469933,-0.007951064614340699,0.38735244287080084,0.6587138666840197,-0.00748779414504531
0.4250097789088416,0.698140779736504,-7.296179259375151e-09,0.4305600672046808,0.6771942705152088,-0.012487740676399081,0.42518457797661935,0.6548809534852313,-0.016921626377357918,0.41104776893614836,0.6462662161261935,-0.0192475655757864,0.39979653749018285,0.642039181818069,-0.020710243246806852,0.4188377668886785,0.622245459437461,-0.009700348666883955,0.40779938489326545,0.6004990821292158,-0.01588330854600086,0.3980815307396064,0.5904451732375205,-0.0205886424203446,0.39024960728844127,0.5839145376018486,-0.023830722623618836,0.40721168392629115,0.6299011578632573,-0.005937953356092495,0.3971737183906935,0.6239968568505859,-0.014227827446932814,0.39787271612128927,0.6372881447061901,-0.018341728742386012,0.40183404293241265,0.6472127939731357,-0.019535542909786065,0.39780349381988583,0.641554782071426,-0.0034499142371517857,0.38833644423283353,0.6359688726759694,-0.011395312275997367,0.39046526833804795,0.6488681462633683,-0.013168184954665943,0.3951604801876975,0.6576561701557523,-0.012474844036595639,0.39105091105500517,0.6544598043760367,-0.001970151730990579,0.38216170936655064,0.6516515118187264,-0.008227814365868629,0.3841435289967327,0.6584995889789753,-0.009650014183482918,0.38864625384789553,0.6633020764706007,-0.009093474325049979
0.42600700794903396,0.7018647805757516,-5.975976016333134e-09,0.4318114779359338,0.6818687151647319,-0.012808204343255193,0.4265771787863708,0.660333898249453,-0.017708851057650136,0.412246174969214,0.6520117798526459,-0.020485929164241325,0.40111187837067036,0.6473720337058965,-0.02240007069945633,0.4208557637420418,0.6270010235733869,-0.01054703468553801,0.40999884829478556,0.6052936248645979,-0.017226616384596147,0.40016067084680956,0.5951229253750949,-0.02221149573865014,0.392164541063979,0.5885321485921995,-0.025638365262900857,0.40906267314757006,0.6343071490391059,-0.006884248590968393,0.3990104314937019,0.6281761020565945,-0.0158140177749964,0.39945629293846713,0.6416140879960442,-0.02006976459770773,0.403281219072015,0.6517423770190914,-0.021272316752131374,0.3994116828093833,0.6458842503490215,-0.004516666283866414,0.3899511974537318,0.6403519100957775,-0.013004812396736674,0.3920121828225388,0.6531294007477805,-0.014689123072678752,0.3967385870838448,0.6618429757609449,-0.013832603611378483,0.39240295177576734,0.65893705629738,-0.0031744866814035055,0.38356895526589446,0.6560303136947576,-0.009802334381947136,0.38539169818253555,0.6627421510086267,-0.011187351307425266,0.38981699115674695,0.6674538331592398,-0.010546414303218909
0.4272032374024771,0.7055290754251465,-4.816753464145117e-09,0.43346961695754277,0.6867258879883283,-0.012714191528042812,0.42924423719340266,0.6658553282647253,-0.017845860157422327,0.4155686601247628,0.657862613178429,-0.02095353300399823,0.40474836754289356,0.6535630377151853,-0.023249452333123897,0.42300387390870087,0.6316364987803342,-0.010708008695213395,0.41243191177076993,0.6097912238199611,-0.01767826963119621,0.4026290845276896,0.5998553314942949,-0.022803980526778397,0.3946975562857787,0.5936880776262425,-0.026267502581932622,0.4110270263994876,0.6386017991341201,-0.00725656256218543,0.40090532652699207,0.6325765176574851,-0.016461730068909507,0.40138047966487905,0.6466230582995498,-0.02072678265102277,0.4052506253490475,0.6569781967155367,-0.021865162619764542,0.40119104039701603,0.6500028190963101,-0.005099689576583175,0.39170053926119164,0.6450277395512132,-0.013795811006014421,0.3939306227970499,0.6582223540476576,-0.015281420058831954,0.3988129806778127,0.6668934586000517,-0.01423432424043516,0.39404103842279475,0.6630563295576248,-0.003963742319884259,0.3852605790718984,0.660422036648935,-0.010650574097840614,0.3872393569911206,0.6676305960846917,-0.011784158582740012,0.3918146547907725,0.6724417625908546,-0.0109240604939987
0.4286615381137789,0.7093083177901561,-4.150535319575525e-09,0.4355383637855971,0.6922677799884763,-0.01271633889132544,0.4326180565917293,0.6724744925277855,-0.01816168470621634,0.4201393026153076,0.6649672077097676,-0.02168179061169662,0.41004340551243584,0.6611403415492604,-0.02443808559036709,0.4258145341594522,0.6365348902347568,-0.011037321342922478,0.4157719387269726,0.6146602333326735,-0.01839079323711054,0.4061165889353453,0.6049003207637929,-0.023697813466919137,0.3982682660753706,0.5988816085861706,-0.02723915857839533,0.4135341161144703,0.6426862366179625,-0.007801705229887005,0.40333880945498757,0.6376727207043928,-0.01730276214699357,0.40405446079805174,0.6524944038339504,-0.02152997307468615,0.40815640411359105,0.6627931132992344,-0.02260390997531598,0.4034080811462916,0.6537954763922846,-0.0058769205477165005,0.3939283538592422,0.6500669611437867,-0.014846241656346333,0.39648519813505506,0.663845121010636,-0.01607898113164586,0.401603863460372,0.6722450065434353,-0.014820348429088519,0.3960559427471279,0.6668880321655964,-0.0049785562773063995,0.38735302002827615,0.6649747963931202,-0.011774512391669044,0.38963191707038625,0.6728324696952949,-0.012636004742692856,0.39443774250703967,0.6775804567637513,-0.011545731673822886
0.43116817700420873,0.7141497558818951,-5.5470943884054535e-09,0.4384851475717021,0.6977760012550912,-0.012703076855481112,0.4365626901994807,0.6780605628143728,-0.018320507064373236,0.42431094575358985,0.6702369285628494,-0.022082390874001382,0.41400943895997266,0.6663066899274042,-0.025082291386282738,0.42904160479276665,0.6413311308954133,-0.011171319421178324,0.41967696226573703,0.6193972568057916,-0.01891999447182457,0.41024788853746824,0.6100905562437514,-0.024363282858247147,0.40248296976252484,0.6047518122846397,-0.027897773398645652,0.4165586001257998,0.6469839157810693,-0.008062584694417339,0.4063865505611694,0.6429259450439517,-0.01784627315702311,0.40756683987638687,0.6586973196521255,-0.021937303390231675,0.41195943187697665,0.6688438908874197,-0.02286359191337691,0.4062077466232126,0.6578459478205136,-0.006309080288941657,0.39683307345708074,0.6553225053233133,-0.015562884159187834,0.3998335028949677,0.6698265005370223,-0.016505294409458825,0.4051519441222299,0.6779396502703975,-0.015010767341754733,0.39857485476763194,0.6708853164448573,-0.005591477451772022,0.39005296482368046,0.6697015897318234,-0.012523063972730838,0.3927666115336712,0.6782585082084257,-0.013163857527161437,0.39780628369147186,0.6829119272023958,-0.011879954780565777
0.43397553864770977,0.7187023991055969,-5.088056330975159e-09,0.441812228675603,0.7025454553974539,-0.012418076440213432,0.440851602361609,0.6827014872438284,-0.018047078112897377,0.42906298089463285,0.6744382825245372,-0.02190685376650404,0.41871114027062595,0.6706823558532001,-0.025047506690142524,0.4325976436352147,0.6461718883036192,-0.011217251895574602,0.42415743442886705,0.6243049208293389,-0.019081060961505487,0.4151176982832866,0.6153909479830213,-0.02455831849247449,0.40759323783344514,0.6108696898354271,-0.028042706869264376,0.41979465925714543,0.6514425171627524,-0.008277088982960798,0.41040841451122617,0.6476503589670806,-0.017992426557323655,0.4119092255608599,0.663354682859164,-0.02198533795190531,0.41631214829551333,0.6737876161846273,-0.022867009359538296,0.4092363134264699,0.6621961485697987,-0.006663393986193739,0.40077926566922784,0.6604342362169451,-0.015795050657674104,0.4040542432190773,0.6748550844596761,-0.01661103896378212,0.4093443200574947,0.6831558050293796,-0.015072039446681807,0.40142065375183433,0.6752200536886336,-0.006069162062948648,0.3937012659658641,0.6745146025908237,-0.0128120499230929,0.39664103096887077,0.6832345174557086,-0.013301070002552862,0.40162916289758815,0.6881323629297506,-0.011939009462607775
0.43651585023392414,0.7228219724978754,-4.6726842329403314e-09,0.4448228214490991,0.7068612155866729,-0.012160186667210221,0.4447325320889679,0.6869009440990517,-0.01779965906909568,0.43336297906367355,0.6782399830184405,-0.021748014612660665,0.42296559261096534,0.674641786899227,-0.025016030885508484,0.43581541456024364,0.6505521690410817,-0.01125881504692793,0.42821170202707937,0.6287457436955789,-0.01922680601392312,0.419524267757013,0.6201871403716694,-0.0247348013772141,0.41221739205286057,0.6164056047615585,-0.02817385355479929,0.4227228885161234,0.6554769944358964,-0.008471188567793794,0.4140476989668498,0.6519253633844059,-0.018124677126824595,0.4158385421459229,0.6675690147545353,-0.022028803229647755,0.4202508129043683,0.6782610699986846,-0.022870101721400235,0.41197678804887883,0.6661325368122433,-0.006984003620640927,0.4043500766551059,0.6650597141081758,-0.016005132336107238,0.40787348594918976,0.6794053247290553,-0.016706724575626396,0.4131378965590381,0.6878757734739169,-0.015127483047408602,0.403995746329715,0.6791424493903243,-0.006501406962759633,0.3970025227465653,0.678869777977159,-0.01307354610747562,0.4001468965576082,0.6877371842116093,-0.013425230151929023,0.4050883910175123,0.6928562051158782,-0.011992446572628419
0.4390219221868285,0.7262498594981665,-2.8488449937425646e-09,0.44778964345756206,0.711383272121216,-0.011696984435346197,0.4487916028886502,0.6921698879899725,-0.017278997014870366,0.43849236267090036,0.683663838517021,-0.02130210023302761,0.4285331575641408,0.6804055901992571,-0.024701345889375517,0.4395255372951091,0.6550583387595349,-0.010991809817820565,0.4328548847997155,0.6336868624131845,-0.018866448116266865,0.42469964293055523,0.6252765977203636,-0.02434784036995939,0.41781390678307223,0.621873332260965,-0.02773667770925943,0.4262530611507606,0.6594005840433725,-0.008447017974787547,0.4185074696137314,0.6562438860426932,-0.01773228479904503,0.42030318116864784,0.6712914569678988,-0.021534201486090084,0.4244921455773967,0.682008085954906,-0.02241319804980877,0.4153240963251685,0.6699520707447907,-0.0071513270600868884,0.40867856449006024,0.6694743195868883,-0.015766542332800518,0.4121039556163589,0.6833226334291496,-0.016367524113612874,0.417079688717473,0.6918121865855335,-0.014839155796898595,0.4071314468233606,0.6831367512820888,-0.006839275578049124,0.4008701139515102,0.6832050366477379,-0.01302692162907415,0.40387484502616,0.691754184234826,-0.013216044261249218,0.4084793949874878,0.6968460638460304,-0.011744623293661521
0.4416592185163578,0.7294686104381831,3.214997985876846e-09,0.4506601028208938,0.7155685797721029,-0.011642944970682178,0.4525717271027736,0.6973117231607564,-0.0175110410661319,0.4437724644851802,0.6894154690866177,-0.021912974058968165,0.43535073567044563,0.6867512057240778,-0.02578621251824579,0.4431359719005305,0.6594221093594694,-0.01133661081351152,0.4373038275549174,0.6391173195194235,-0.019296004579789403,0.430242064560553,0.6308493396666711,-0.02491986266094443,0.4244194491713443,0.6272984831867631,-0.02843450306851195,0.42994992864544324,0.6632842468136649,-0.008929277982073163,0.4230682547696579,0.6615329188254829,-0.018259338922910602,0.4249668830514144,0.6766669308793386,-0.022130411316223546,0.4290653636543844,0.6874405978013639,-0.02312265312370187,0.41898872826330336,0.6737229335390535,-0.007732342994141734,0.4131283256816853,0.6744749431178751,-0.016377451244414698,0.4165845239879833,0.6884765925240859,-0.01697091588228592,0.4214217788886606,0.6972482675467889,-0.015480611022892252,0.4106594761557693,0.6869209766778555,-0.007519090069462739,0.4049411100172427,0.6876336581123119,-0.013667378566968131,0.4079138628019587,0.6962980240683124,-0.013766028503232781,0.4123191642567921,0.7015258303565651,-0.01226641156174562
0.4445895488459442,0.7335433687414983,6.000884696335949e-09,0.4537000928499733,0.7206251800609982,-0.011400491295256313,0.45644005797607007,0.7031356872672725,-0.01740508193321329,0.44903654655122316,0.6955164817988536,-0.022052635540845637,0.4419422895047093,0.693083016421266,-0.026221002424900323,0.447078242089487,0.6639791838658002,-0.011366876035837298,0.4420215832132424,0.6442540937522255,-0.019398773131829923,0.43595076184158515,0.6362135482916602,-0.025077975900129303,0.4310667099576305,0.6326519841512693,-0.028633635602470082,0.43400148645346664,0.6673286789562652,-0.009167142752288943,0.42801327526575883,0.6665466998735157,-0.018487918840676316,0.43000455972810875,0.6819380534263032,-0.0223242720047385,0.43394798255638756,0.6924861487794908,-0.02332844187917577,0.42301147128752936,0.677595987093612,-0.008146370552925946,0.41799891097654157,0.6796811933792889,-0.016769576711050088,0.4214118940517956,0.6939005398250352,-0.017259673653154693,0.4259743143803018,0.7024762392424928,-0.015733281969159227,0.4145606605506969,0.6908086221377402,-0.00809862523057748,0.4094576317546604,0.6924353358204762,-0.01412302629394746,0.41228788601137983,0.7011834350154325,-0.014069714521847496,0.416302199450615,0.7060869802554925,-0.01249360897992307
0.44724113173157504,0.7372305159791538,8.521764150838392e-09,0.4564509040647394,0.7252007716419662,-0.011181101006787281,0.4599404141768804,0.7084056472425856,-0.017309202154545837,0.4537998832214769,0.7010371361528849,-0.022179011735156948,0.4479068222948111,0.6988125141199395,-0.026614432975609913,0.45064550413432447,0.6681027670152935,-0.011394262281250855,0.4462905627326839,0.6489022327369418,-0.019491765833376362,0.4411164197391945,0.641067486989753,-0.025221048629773896,0.43708165058029036,0.6374962337542472,-0.02881382566967326,0.43766764014113474,0.6709883848068776,-0.009382380654797939,0.43248790107301566,0.6710835453905671,-0.018694755111600084,0.43456302780400985,0.6867077608522804,-0.022499691710384934,0.4383661427163162,0.697051742114515,-0.023514654995342395,0.42665155119546044,0.6811006167309978,-0.008521013772486345,0.42240618222526427,0.6843921994908163,-0.017124401273268353,0.42578006091495535,0.6988085345621987,-0.01752096336360062,0.43009379028852357,0.7072069005385684,-0.015961917611377836,0.41809074508445665,0.6943264556265967,-0.00862303215471086,0.41354451971421907,0.6967802543113143,-0.014535330566450932,0.41624583060429887,0.705604121627404,-0.014344512431637346,0.4199063487324117,0.7102142511261795,-0.012699194261424036
0.4500028313172834,0.7409059205083379,1.0452889998130073e-08,0.4593759313292861,0.7295385302326574,-0.010894293591728882,0.46357721206207475,0.7133981725120004,-0.017037725892592673,0.4585375861718972,0.7063696908057596,-0.022009168447109644,0.45367549305646093,0.7041785435846994,-0.02661595393986033,0.4539624790686511,0.6731743028826594,-0.011507813292158237,0.4504166577413796,0.6542102511557196,-0.019559647122586638,0.446195323496261,0.6463553615564142,-0.025273595836667585,0.4430261544323018,0.6424538526270209,-0.028894151339602887,0.4411903323457449,0.6759159076207296,-0.009662940801485324,0.4364349480526604,0.6766466879039672,-0.01889784794982474,0.4385749930108848,0.6924181966155422,-0.022652574901301757,0.4423016371321464,0.7025376775157716,-0.023723910815541954,0.43034160601704824,0.685952156824064,-0.008912992043645694,0.4264563796183636,0.6896322085309955,-0.017448757281658723,0.42986524552889466,0.7040177336201424,-0.017739412142662357,0.43402475187624284,0.7122350362850333,-0.016194026444737938,0.42185836108954666,0.6990517230460344,-0.009100479598379016,0.4175115740294566,0.7013553099167492,-0.014975473777578107,0.41994928349400223,0.7097638017064792,-0.014717986222236997,0.42316633251128655,0.7137821416157188,-0.013086560598580163
0.4528524927929687,0.7444407115197098,1.2712355064450347e-08,0.46238719012639595,0.7336155051245337,-0.01049813271187852,0.4672160661677565,0.7177007707429454,-0.016560053766273286,0.4631734609776793,0.7107234617855276,-0.021573346662048715,0.45901389742460924,0.7088776013398482,-0.026286908864874347,0.4575793819351552,0.6767349371203797,-0.011110193987785184,0.45459051084939955,0.6587430045156752,-0.019158846591256135,0.45117492277755844,0.6510694616055844,-0.024925410289036838,0.44879331711142545,0.6471025701341947,-0.028579003350221337,0.444848656937947,0.6790623934830106,-0.009519909420678041,0.4407353312900756,0.6807000469411406,-0.018859568085030882,0.4431140756835461,0.6970862337451015,-0.022675409212014153,0.44685592523240714,0.7076885978625066,-0.023716194872361016,0.4339301962412074,0.6888399522651865,-0.008981452180911351,0.4307781417210131,0.6937611534894685,-0.017634291540840445,0.43440685308629434,0.708859417067101,-0.017895045872554503,0.4385645284204442,0.7176421012542156,-0.01623997702725716,0.4252990196056188,0.7018791837887564,-0.009352089031301365,0.42168823768316394,0.7052493230763097,-0.01529228842218945,0.4244845081016704,0.7144812237617105,-0.014950503035758508,0.42781226662030075,0.7190396059294347,-0.01319300861561702
0.4556159074255377,0.7481154129376026,1.4530043404749525e-08,0.4653018536678426,0.7374991862573137,-0.010139511491137383,0.47078644027571426,0.7216757877272063,-0.016122876907994365,0.4675625818795308,0.7146074930666124,-0.021145442881387772,0.46362637727360656,0.7132449077195852,-0.025910173080571655,0.4609476173806754,0.6800105487959172,-0.010838098143237367,0.45860080112063484,0.6630452146938184,-0.018865125803440706,0.45590862578336355,0.6555971954410262,-0.024636291799759843,0.4542186369967267,0.6514718271929404,-0.028313942752371538,0.44815062627505736,0.6818616539065671,-0.009476501127125996,0.44482585239377054,0.6848959861772027,-0.018849161978474856,0.44741883796219484,0.7021480067371745,-0.022621999827353072,0.4511182636114405,0.7130584206281709,-0.0236115313825406,0.4371314506550186,0.6914649588232721,-0.009131056597409629,0.43486188969174455,0.697924694957504,-0.017809132402196583,0.4386755602930832,0.713548790510455,-0.01798971303797832,0.44277691824163024,0.7224904583927807,-0.0162614825058106,0.42838122121391164,0.7045725408156052,-0.00967507981266266,0.42563462857418805,0.7091541617521229,-0.015604099113680884,0.42876493113828384,0.7190065375156114,-0.015184876646307768,0.4321400585963564,0.7238014846003947,-0.013356593087956411
0.4581237977956521,0.751466917975362,1.763724431960281e-08,0.4679519124205829,0.740963798332968,-0.009887267551221988,0.4740349352420113,0.7249885578143498,-0.015822033379802546,0.4715976964044077,0.7177798954932851,-0.020876924252710264,0.46784276690781096,0.7171368096938673,-0.025715275093616864,0.46400866619928016,0.6829842296541675,-0.010548944326903318,0.46214352127573816,0.6668135136549537,-0.018588577535334612,0.4601334033567363,0.6595927209584139,-0.024387953319711966,0.45907928281810056,0.6554293769069388,-0.028090452407446634,0.4511431963730946,0.6845478522621106,-0.009384040982905852,0.4483745275757017,0.6884760045542606,-0.018870946255243704,0.451263426943444,0.7064837083846756,-0.02266174242696497,0.4550060482698977,0.7176853992892622,-0.023605564997986783,0.43998716152378603,0.6940583256984183,-0.00921507339623381,0.4383839110428527,0.7015856143386502,-0.01803473133874555,0.4425241769240673,0.7177655072397942,-0.01820201901427935,0.44670471559444463,0.7268719120303384,-0.016399702139683586,0.4310749433456505,0.7072390223923402,-0.009916507166310635,0.4290397411201912,0.7127086279242449,-0.015914437567526436,0.43255323868763473,0.7232331890191251,-0.015433782997353443,0.4360475061107602,0.7282914861309767,-0.013523806864852946
0.46039312528999377,0.7544996113579141,2.044887298987778e-08,0.4703498845412463,0.7440988394552607,-0.009659018296409083,0.47697441737811125,0.7279862009054409,-0.015549807568755908,0.47524897097495555,0.7206505233866553,-0.02063394843763387,0.47165807280705596,0.7206584947965212,-0.025538916762463743,0.4667785329878611,0.6856750393528057,-0.010287296244786097,0.46534924045251685,0.6702233534714419,-0.01833833589965374,0.4639562992930908,0.663208172422721,-0.024163238018201413,0.46347756008498026,0.6590104650131908,-0.02788822156414432,0.45385109847405875,0.6869785262086803,-0.009300376102690217,0.45158563530784585,0.6917154739625407,-0.018890658304384685,0.4547422996978355,0.7104069767512621,-0.0226977045148898,0.4585240077160733,0.7218722369662488,-0.023600166165298104,0.4425712231189859,0.6964049987519201,-0.009291098103625463,0.4415709003877512,0.7048982890493173,-0.018238870194058218,0.446006694198327,0.7215811091192746,-0.018394129401150445,0.45025888153054877,0.7308365802324973,-0.01652477364166934,0.4335124253697921,0.7096518551171471,-0.010134968761780818,0.43212094260094824,0.7159249757790901,-0.01619525510016486,0.4359811837769458,0.7270577806281623,-0.01565901215117744,0.43958325798524467,0.7323543766163056,-0.01367511444426947
0.4622022705797145,0.7572335235039592,2.2682838566287245e-08,0.47225002754783507,0.7469897904483551,-0.009513300342127752,0.4793538432153941,0.7309157140332245,-0.01541296415572835,0.4783002284747747,0.7238536836757216,-0.02055588920209815,0.47505756499257396,0.7242724569068316,-0.025552996238055077,0.46910581885289654,0.6881501195082719,-0.010246414742815489,0.46809547456272277,0.6731603098466772,-0.01835995817052526,0.46719698257558623,0.6663266627537346,-0.02421628430765801,0.46715039315972723,0.6620869519349621,-0.027958523568145502,0.4561198051124734,0.6890831422828243,-0.009357868156270533,0.4540544785589109,0.694936191477744,-0.018965551321116353,0.4574074682339597,0.7140680268923288,-0.022731027802070182,0.4612395955410041,0.7253967043607822,-0.023612753007871457,0.4447445475432342,0.6983821162658819,-0.009434172424424953,0.4440318164047621,0.7080768002860719,-0.018418363960992383,0.4487088000103108,0.7250605537244077,-0.018514324803209296,0.45303266681978366,0.7341447033107654,-0.016607925851335283,0.43559650240491327,0.7116004283179919,-0.010359295647174454,0.4345781135609734,0.7188792877413297,-0.016448288632612825,0.4387129609808714,0.7305556790102031,-0.01585265915079678,0.44241010061678604,0.7359160151048674,-0.013810677962786694
0.4638450703305177,0.7595203625814602,2.5075079924384294e-08,0.47394844385155027,0.7495130543080171,-0.00943004660136595,0.4813658142033442,0.7338159474410747,-0.015421017677142986,0.48085374015163973,0.727132933215466,-0.02069745158182881,0.4778720438051177,0.7277021747690682,-0.025872810407126468,0.47102935558024406,0.6906223593088878,-0.01041191520111214,0.47034084692544265,0.675999778456727,-0.018617734543829596,0.4698017163237031,0.6692146008102361,-0.024559309002097525,0.4700726102034527,0.6649750858530902,-0.02835678990170707,0.4580082688107229,0.6913602499414764,-0.009606382463370537,0.4559794956212371,0.6980429120928656,-0.01926036918308093,0.4594605349808417,0.7174624946492669,-0.023012628485049782,0.4634045097280817,0.7288488650972104,-0.023907649998814146,0.44655789461029766,0.700577799269508,-0.009747161226040068,0.44597437818373126,0.7111025785423257,-0.018752160698623687,0.4508247057522762,0.7283118738563649,-0.01873821280036608,0.45526417902461147,0.737514361133509,-0.016780006520142852,0.43735841355534577,0.7137742795545232,-0.010739665698449195,0.4364820623570832,0.7217175590558302,-0.016850538297074683,0.44078726307796945,0.7337719881338666,-0.016162335883836403,0.4446051786236066,0.7393187245111184,-0.014051000335062805
0.4648091556335203,0.7611361716835556,2.5413700836285153e-08,0.47511476847451517,0.7512750431514759,-0.009202337736118081,0.4829716297863759,0.7356353935178502,-0.015094575193975172,0.48287396028749907,0.7292009492623328,-0.020325724970830752,0.4797692475946009,0.7302420258518001,-0.02549532361378299,0.4723529808724558,0.6927825268115037,-0.010236553579808523,0.4718474891363149,0.6786632459543862,-0.01839550648302892,0.47157176227536274,0.6720567740289195,-0.02433375971661915,0.47208158607909806,0.6678914283298223,-0.028124200027816366,0.4593368670775622,0.6932124532663174,-0.009533516206941373,0.45727216475428123,0.7008813102705896,-0.019069039199975237,0.4607905082904321,0.7204550427080122,-0.02278202126681283,0.46479701386342437,0.7318669469459624,-0.02368256896865963,0.4478204976653148,0.70231833520915,-0.00975212816471495,0.44728625131739336,0.71386323210633,-0.018660307708327793,0.45225281161125414,0.7312570705416231,-0.018601082965099193,0.4567905298423292,0.7405484496478667,-0.016635918402924423,0.4385442246831643,0.7154698011248095,-0.010812000857922227,0.4377197656154452,0.7242350378438384,-0.01684967419506256,0.44214773196729495,0.7366727526539877,-0.016096803858257826,0.44608098722823447,0.7424297466239809,-0.013945671219250246
0.4655397625381648,0.7622673937946396,3.1788840700762e-08,0.4758433824555125,0.75236330613414,-0.008975023816811943,0.4839294191370637,0.7368651246086373,-0.014832844280259884,0.48443404260239015,0.7311732204649537,-0.020103525901185353,0.48181557056361796,0.7329999769115257,-0.025365308026069993,0.472720984966203,0.6947744710475553,-0.010126175253740217,0.47235657841654694,0.6813092639800836,-0.01820465801979328,0.4724296597782006,0.6748530112164389,-0.024165689949094883,0.47345938715264035,0.670803183257391,-0.02799071512863694,0.459794546972327,0.6953624514532813,-0.009561595695882096,0.4581527045905519,0.7031330258342732,-0.01892431825913222,0.4618163587767004,0.7217994984349386,-0.022731775517769573,0.46598576015515775,0.7328893928700309,-0.023794455262027545,0.4483403570421897,0.7045750386985078,-0.009882908729709,0.44813534781162856,0.7163299695984381,-0.018627270264826808,0.4531886910878557,0.7332817882527132,-0.018690887532901063,0.45785843956544076,0.7425075357261287,-0.0168789234448087,0.4390694366348016,0.7178392787587892,-0.011036786501168596,0.4383253857971394,0.7267090326488403,-0.016926040142200557,0.4427722445083398,0.7388145871658616,-0.016216501773673182,0.4467909842438987,0.7444963511940144,-0.014165938323017373
0.4662008705180124,0.7632910084906731,3.755754588306669e-08,0.47650268708841936,0.7533480481854927,-0.008769333116343066,0.48479609885050123,0.737977877625366,-0.014596010499289555,0.4858457222088065,0.7329578795233167,-0.019902463500702336,0.48366723721987676,0.735495578091891,-0.025247660160993404,0.473053982699247,0.6965769317435789,-0.010026296657326616,0.4728172406187198,0.6837035797475487,-0.0180319640017315,0.4732059498480206,0.6773832565596789,-0.024013607805092298,0.47470612500656834,0.6734379577246716,-0.027869927970076466,0.46020869010281396,0.6973079312304693,-0.009587004125628304,0.4589494831436037,0.705170547130657,-0.018793363886494684,0.462744625315507,0.7230160629157457,-0.022686309391683507,0.4670614270486449,0.7338145787053512,-0.023895698380469045,0.44881076483640275,0.7066170734445254,-0.010001248803662472,0.4489036740681025,0.7185620588790828,-0.018597375505561026,0.45403554510226984,0.7351139048495193,-0.018772149448198005,0.4588247644594677,0.7442802638940587,-0.017098812651044813,0.43954468784052037,0.7199833600177209,-0.011240189427640617,0.438873396406305,0.7289476888910561,-0.016995141784575698,0.4433373503426469,0.7407526798369155,-0.016324813434224383,0.4474334428488471,0.7463663701655754,-0.01436525253572554
0.46648785637064366,0.7647369821272881,3.7939826150269374e-08,0.47703119141426586,0.7543737028381212,-0.008807680004259794,0.48526997743917477,0.7384543961715144,-0.014526757439740995,0.48587044788276584,0.7327347373503079,-0.019683669157820927,0.483438966365745,0.734179494194135,-0.02486331687633798,0.47278673343204813,0.6979252102520188,-0.010011472023162903,0.4725506540083665,0.6861044104829894,-0.017940713553443757,0.47307959679153544,0.680226244530162,-0.02390004288431578,0.4747249479220905,0.6764713469179405,-0.02774165994676938,0.45984192721953165,0.6989954893453457,-0.009475222273534681,0.458864726201213,0.7069482688955511,-0.018408848011750592,0.4626312869255928,0.7238005334301789,-0.022253933254389013,0.4668751658860599,0.733988657334284,-0.023542214866148513,0.448467367298219,0.708516070215704,-0.009799988084456654,0.44876713239473587,0.7203064457603443,-0.01818430979288125,0.4537677795098961,0.7361742714661658,-0.018386302286571923,0.45847188100328046,0.7449444699048212,-0.016834618119709537,0.43927045711565893,0.7220586047956631,-0.010959210150854262,0.4387817610041401,0.7308039655640918,-0.016637871248588575,0.4431891395621692,0.7421652658218056,-0.016041120633135206,0.44719338256803093,0.7475207999773363,-0.0141830413681803
0.4661046852376885,0.7663998776414813,3.2365493878555074e-08,0.4768352523766358,0.7559073021038178,-0.008896541276327453,0.48511377357920504,0.7395009841432602,-0.014576186273247232,0.48499845635954403,0.7331965045334679,-0.019651793333396613,0.4816915895672606,0.7343208277165234,-0.02469827698396057,0.4722907875568634,0.6992599697095906,-0.009920925587619362,0.47197810657095657,0.6881255444329001,-0.01794993292335836,0.4721587017632374,0.6834150705394157,-0.023908513018899968,0.4733899078270955,0.6804641783989512,-0.027691617827950526,0.45913331697299914,0.7005850858312899,-0.009304523857375539,0.45803984194845554,0.7089743984987991,-0.018193888587381853,0.4619216011565146,0.7258695779435298,-0.021919362878519307,0.46621715278125875,0.7356707130227722,-0.023118328897183692,0.4476829928933596,0.7103340903441089,-0.009594394158554597,0.44785728495267946,0.7223473509839803,-0.017964541602238843,0.4529780319765486,0.7381635073519651,-0.018032914984124,0.4577241290381412,0.7464098733416417,-0.0163971379907119,0.43847692611892564,0.7240521247842338,-0.010724641487653548,0.4379358286845166,0.7327672434709261,-0.01635545264225494,0.442417275575281,0.744136612043507,-0.015658012900649318,0.44645431009116143,0.7492346655469174,-0.013721519044483146
0.4653035784699755,0.7682063871046395,2.6436766975364195e-08,0.47620047717727443,0.7575615649254095,-0.009126933203463592,0.4845098650280823,0.7409461377844717,-0.014905115490565937,0.4835756216327881,0.734619174895787,-0.02002482545077581,0.47942714524107927,0.7359411559428266,-0.02503216485937235,0.4713337017685868,0.7006914826863937,-0.010034982833410455,0.4707596186651397,0.6901789627156559,-0.01836171399776046,0.47065974220270795,0.6872217009349543,-0.024362333236148136,0.47149682187757447,0.685365140989927,-0.0280832805020536,0.4579750251796328,0.7021559943486798,-0.009354066585811045,0.4563030627165998,0.711222023299481,-0.018476709902820927,0.4605735062268429,0.7287774039831619,-0.022077764051345178,0.4650796777322522,0.7381434899780618,-0.023117527260370835,0.4464142265253682,0.71202318678386,-0.009649240901145427,0.4460292344746058,0.7244680218374103,-0.018274368541620987,0.45159265012211136,0.7407280392472733,-0.01813341825024216,0.4565275669258432,0.7484072574021567,-0.016297098868502682,0.43716849418853104,0.7258601163377618,-0.010794561197535892,0.4362652730148651,0.7347462137118351,-0.016548884958400203,0.44108085938403624,0.7464734805754498,-0.015703111065287944,0.4453480108067567,0.7512645088668408,-0.013612576690466399
0.4638390968368226,0.7700264521370841,2.3336432900098092e-08,0.47473005280301533,0.7593991469664805,-0.00916211433026466,0.4832367334796701,0.7426408534673548,-0.015036735020765947,0.48246286286172724,0.7364195535926932,-0.020266071300756836,0.47808831607333696,0.738299756796386,-0.025367299633662414,0.46975277663560194,0.7025626058163431,-0.010081430569473466,0.4688162659305711,0.692088730766165,-0.01856201691245296,0.4682371402637338,0.6896128912798578,-0.02462674540166938,0.4684957873098228,0.6880739238694423,-0.02836395384162156,0.45617459831696394,0.704069208291574,-0.009433703826305095,0.4542500501781925,0.713752105511994,-0.018686158707628905,0.4589125938680537,0.7319177167979799,-0.022195802717952406,0.46366098004710654,0.7411782416961926,-0.023143677144446845,0.44451335486789845,0.7139187219119303,-0.009787094416345373,0.4439426291902512,0.7265489980773073,-0.01845636467247042,0.4498380812215544,0.7431792204275279,-0.01806066991337064,0.454950220752551,0.7506285762434817,-0.016050483700051257,0.4352562240648192,0.727751074982925,-0.011009764172670687,0.4341427098186968,0.7365518860554945,-0.016728478819172228,0.4392226709351648,0.7486347575313618,-0.015668929519829785,0.4437130604382358,0.7533902122899835,-0.013423131591596941
0.46251392390475354,0.7716733836253326,2.0531017861830374e-08,0.47339950243262413,0.7610619291592765,-0.009193948855123871,0.48208470847046136,0.7441743594531379,-0.015155834253425622,0.48145595518193773,0.7380486714065352,-0.020484368658082227,0.47687684292571064,0.7404339959277864,-0.02567055473869786,0.4683222368825366,0.7042557385045551,-0.010123459968267683,0.46705777447324337,0.6938168322798838,-0.018743266028014474,0.46604498814517503,0.691776619829781,-0.024866005380576837,0.46578022592116525,0.6905250339889034,-0.02861792815166336,0.45454543691912364,0.7058004279074337,-0.009505765580511043,0.4523923302973097,0.7160415138514575,-0.018875683711222287,0.45740967566779756,0.7347593076013191,-0.022302612965608884,0.462377235868563,0.7439243128939304,-0.023167339522840533,0.44279330347852525,0.7156339444088468,-0.009911834626668288,0.4420545120707582,0.7284320216147575,-0.018621048435573502,0.4482504155507583,0.7453972331892704,-0.017994841756367657,0.45352291951091683,0.7526385923033495,-0.01582732778025601,0.43352585848741576,0.7294621563345138,-0.011204495981587534,0.43222205528094565,0.7381857939583554,-0.016890988827951574,0.4375412425175025,0.7505904431854816,-0.015637999491216234,0.44223363459594933,0.755313708340863,-0.013251707442975514
0.4607133604867444,0.7728233952845008,1.7774089630940568e-08,0.4715828835823371,0.7622437469784841,-0.009324125175811127,0.4802891074514058,0.7451719479225547,-0.015372783174108276,0.47928310952168685,0.7390794967064641,-0.020778639048345548,0.47416925747862126,0.7415718397545347,-0.026019546016196028,0.46649329669168077,0.7058967306107061,-0.010237901469816934,0.4646759162903988,0.6954369863289737,-0.019114374261071286,0.46305181823328256,0.6938233936819366,-0.025301403993071212,0.46215294701348053,0.6928594532720272,-0.029050403193165573,0.4525693679683154,0.7075289937584591,-0.009616292937332176,0.449941939194009,0.7182109649648427,-0.019294747991407814,0.4553783312580734,0.7375532997998919,-0.02263387131148432,0.4607655547897619,0.7464273873006599,-0.023357541257395708,0.44074294529125513,0.7172997387665916,-0.01006871301724021,0.43946339612157537,0.7301596341533365,-0.01906065671436027,0.44595244404637086,0.7475873326473848,-0.018192572674656828,0.4515109289638968,0.754404868567717,-0.015801596078112254,0.4314575064957743,0.7310293009013804,-0.01142082539296556,0.4297054402396684,0.7396098682620339,-0.017277998746812667,0.43523099632628953,0.7525284843738121,-0.01585801307611752,0.44019024575310406,0.7571996532464695,-0.013307476229977366
0.45875045369161804,0.7740542312194411,1.4204743742096474e-08,0.46958301855297774,0.7637144137256016,-0.009674665935559488,0.47794171406708585,0.7466756829274271,-0.015878470467964603,0.4758958267622278,0.7406888751473207,-0.021361810706243173,0.469917411612607,0.7428820943518535,-0.026658059404648972,0.4640187917906139,0.7075420812780939,-0.01050140230088252,0.46153279041692175,0.6970228053871982,-0.01959734206552597,0.45923521660525124,0.6955681940655994,-0.025846550031539316,0.45774108126069635,0.6947996109593441,-0.029599055769882053,0.4501106977000211,0.709256082475434,-0.009742207761493715,0.44663427952367907,0.7199568224925713,-0.019708643917418656,0.4520461123357875,0.7400637953111354,-0.023030236268421357,0.45760321922246894,0.7488272832550628,-0.023654044911021712,0.4383439956484712,0.7189564364041076,-0.010110531068130955,0.4361513693935259,0.7316478894066601,-0.019409708408148058,0.4426232253207478,0.7496156601789845,-0.018412216116075707,0.4483328189567156,0.7562119385454471,-0.015859055902402913,0.42914266289538255,0.732542800834789,-0.011395074015497306,0.42666760264216663,0.7409560496431528,-0.017500570709543084,0.43218855224036834,0.7543938096239655,-0.016004996406673515,0.4373223043586419,0.7591298408201501,-0.013339386727131093
0.45688804060793137,0.7747784854121543,1.0366855605825423e-08,0.46740451900811036,0.7644949151921101,-0.009854548825223531,0.4750486463508624,0.7475672998207191,-0.016125108270997508,0.4718053825933815,0.74224160070067,-0.021591858618792367,0.46509221335378254,0.7443674383290173,-0.026830481619223315,0.46102563284370995,0.7085396960757158,-0.010729143697173382,0.4576061507810124,0.698608944063332,-0.0199616069961452,0.4546308774221524,0.6975306109964184,-0.026289786394682806,0.4525904849128339,0.6970247119761539,-0.03009363151245602,0.44715039630899833,0.710682305770492,-0.009882655214093856,0.4429037076218587,0.7220824284886895,-0.0200665125549776,0.44848174757464865,0.7425658363092491,-0.02342836601036104,0.4543106474061432,0.7512832908351831,-0.024035397684490638,0.435488714753727,0.7205209996556557,-0.010185839123581775,0.4325772214439385,0.7336366892186629,-0.01967543318944237,0.43934690676541865,0.7516415060626729,-0.018631917465698537,0.44538013424094913,0.7578494527959535,-0.01601187569733506,0.42646226823682076,0.7340097718862615,-0.011413256674115078,0.4234421935961535,0.7426316618126035,-0.017697034717708334,0.42919568134792224,0.7562763261725912,-0.01618303989753245,0.4345849720600449,0.7608773493129901,-0.013467017000750849
0.45520278942351095,0.7754338449812975,6.894046279056355e-09,0.46543324906246564,0.7652011715175177,-0.010017320369044094,0.4724307814754059,0.7483741017266073,-0.01634828467226144,0.4681040416069296,0.7436466233569123,-0.02180002324161038,0.46072601170283056,0.7457114890762512,-0.026986502184089947,0.45831719790808156,0.7094424128435552,-0.010935221210912165,0.4540530324340831,0.7000442014216609,-0.020291221253661958,0.4504645256445808,0.6993063531698158,-0.026690859933366895,0.44792983864067365,0.6990381504323587,-0.030541160776108148,0.4444716933568117,0.7119728596858921,-0.010009742613724172,0.43952800608111187,0.7240058363802827,-0.020390338966312344,0.4452564427332947,0.7448298708526452,-0.02378862369166378,0.4513312812269343,0.7535056708858806,-0.024380474305139337,0.432905042231305,0.7219367339499794,-0.010253983506133935,0.42934306403917377,0.7354363046037299,-0.019915880921649903,0.4363822477570223,0.7534746435147471,-0.018830719741581244,0.44270832342837935,0.7593311986311516,-0.01615015852119843,0.4240368459110102,0.7353371974309267,-0.011429709708750582,0.42052360133397176,0.7441478815051792,-0.017874810102426458,0.42648750706559385,0.7579797684814169,-0.016344147015215717,0.43210802828276484,0.7624586261968024,-0.013582506454551195
0.4533084091174129,0.77598408989365,5.047457884516757e-09,0.46297150791685077,0.7657815846122782,-0.010312691383789365,0.468947212622258,0.7493559733636296,-0.016651260497731447,0.4637580837599711,0.7452679501193473,-0.02198939386618828,0.4559834724705334,0.7471594777589743,-0.027009240728130615,0.4551043924764644,0.7105634085074729,-0.011061606064273982,0.45004199944917384,0.7015107076674141,-0.02038290183043367,0.4458031546352544,0.7008877032044102,-0.02677989571074174,0.44271633963830415,0.7007808070294703,-0.03064340782916552,0.44144785971128325,0.7135162400974823,-0.009936599980099856,0.43573541970034496,0.725685618123291,-0.0203999652162852,0.44155289218389043,0.7463088460322254,-0.023853866534821543,0.44787289729349056,0.7548691744407473,-0.024427775431954766,0.43011747961312236,0.7235916916704476,-0.010016204255480657,0.42580903853325097,0.7368807211970599,-0.01973650072457179,0.43274668928104326,0.7547009672841327,-0.018774119617692677,0.439114660100498,0.7604571331345763,-0.01612359840702095,0.4215311795670596,0.7368086068968309,-0.011045640467685516,0.4173877438301915,0.7455675943582285,-0.017644810756474442,0.42321754689458096,0.7592147249110394,-0.016278080583649226,0.4288488822961211,0.7637112456669259,-0.013580857026341629
0.4508165385242612,0.7761330112455073,3.5761485076265827e-09,0.46006619541104155,0.7660484602267222,-0.010499469422500567,0.46511236073261975,0.7501382759002828,-0.01678744721729745,0.4591617157624354,0.7465533851146557,-0.021938706857368692,0.45105997371473017,0.7482991424054347,-0.026737612786872984,0.45161081667349867,0.7118160295455521,-0.011319946937106378,0.44574552714538274,0.7029216496308317,-0.020480850354998945,0.44089494127881734,0.7023477309712652,-0.026764477864084084,0.4373198903798275,0.7024388182995777,-0.030572723948830618,0.4382168484460124,0.7151934319641041,-0.009956899772024911,0.4317951981940998,0.7274207432884667,-0.02022626965221751,0.4375481133850926,0.7475078927237974,-0.023582795769986686,0.44400358859408695,0.755900168631683,-0.02413119744057602,0.42717381388870046,0.7254183132587908,-0.009797977435926041,0.4222310691862181,0.7384121745889236,-0.019314392570349708,0.42903007438043206,0.755548450177505,-0.018389182964345024,0.4354088133253435,0.7611557563275309,-0.015815865903560745,0.4188812775610882,0.7384705407061379,-0.010594608238409886,0.414308278790093,0.7470142571535139,-0.017158359127979337,0.4200130474313938,0.760233879023119,-0.01590248263361638,0.425607011867154,0.7647607331086186,-0.013303842976580707
0.44793866003391997,0.7759828319548716,2.6485173570568294e-09,0.4568093757287878,0.7661941112161039,-0.010671557546122016,0.4610128648089186,0.7507671577611638,-0.01694498607848238,0.45431247226337484,0.7477042168715979,-0.021974908102137355,0.4458905895403478,0.7493942791602218,-0.026623333984977703,0.44784870920675895,0.7129544789359572,-0.011460171090039635,0.4412292551098477,0.7042716421322561,-0.020547366847584448,0.4357967082058603,0.7037460125258514,-0.02675668307326411,0.43179656829455904,0.7039909341458434,-0.030515088803434412,0.43469653897704025,0.7166463479833072,-0.009908106076379364,0.4275922309820158,0.7286701089789346,-0.020123871873368365,0.4332124968899234,0.748567501777359,-0.023421153474972034,0.439739668378206,0.756891631165821,-0.023911562670355966,0.4238920954046458,0.7269782368203583,-0.009572097620877558,0.41836680945779525,0.7396068393789762,-0.019071247865163343,0.42495537180690396,0.7565465853550983,-0.018198925039924367,0.43128825564645723,0.7621410152681172,-0.015635162372882386,0.415824070581613,0.7399134999429352,-0.010185024538328844,0.41089968161920504,0.748317148765796,-0.01681137772846664,0.416398890566067,0.7613428069045348,-0.01565797506462804,0.4219137904115835,0.7658924765662058,-0.013114408712606777
0.4461242782515975,0.7771898228875057,-2.680972243284672e-09,0.45402951754368615,0.7669062541390355,-0.010885300451335223,0.4568025941935355,0.7514278823501934,-0.016920319034111453,0.4493665419110076,0.7483764038230554,-0.021659461987828248,0.4405826893126607,0.7497416635622407,-0.025967564472679516,0.4439380461008493,0.7139674423189901,-0.010976430223641073,0.43635883325415575,0.7052425963490359,-0.01968092408681067,0.4303346535399716,0.7046433523375532,-0.025714752384653324,0.4258906448737423,0.7049032929051398,-0.02939893845669728,0.43127258069253305,0.7183839666946779,-0.00919471319527276,0.423098056032494,0.7293236212468373,-0.019184682445986753,0.42794602141854743,0.7490241790536378,-0.022720328659674237,0.4341731041150332,0.7580313500172432,-0.023374152609160426,0.42096325709035615,0.7290032659078731,-0.008652743291980798,0.41436315283223685,0.7403807126455894,-0.0180376732807456,0.4202494359600868,0.7571237374790947,-0.017712577446646283,0.42637471597278737,0.7633338436638993,-0.015488686085262278,0.4133716218308623,0.7419508627166248,-0.00905834595624383,0.4075824562167781,0.749553425474546,-0.015731278404825022,0.41235504691592706,0.7621504102044412,-0.015041469209935886,0.4175851814067565,0.7669471123678416,-0.012830895914628014
0.4444824893947468,0.7782819989018515,-7.503494561240417e-09,0.4515140931515369,0.7675506545219899,-0.011078711079367849,0.45299282524192386,0.7520257555642463,-0.016897998440411604,0.44489109279749073,0.7489846490432045,-0.02137402266052932,0.4357797026799702,0.750056003050123,-0.02537417498407064,0.44039938451775007,0.7148840476392511,-0.010538705169413584,0.4319517098974597,0.7061211886217055,-0.018896901626049137,0.42539217639798504,0.7054553327696839,-0.024771935271497396,0.4205465219575063,0.7057288636086471,-0.028388961824603102,0.4281743261726767,0.7199562945617114,-0.00854918175631716,0.41903138912437626,0.7299149682112477,-0.018334833339602216,0.42318051901545617,0.749437414939644,-0.022086169750248037,0.4291360588430496,0.7590626532018533,-0.02288786363810335,0.4183130242921834,0.7308356642614461,-0.007820842471885428,0.4107403437307894,0.7410809712780994,-0.01710241739802336,0.4159911518935057,0.7576459880523296,-0.01727249363023029,0.4219285763771841,0.7644132043516061,-0.015356143343072856,0.41115246207616823,0.7437944215154375,-0.008038842586367743,0.4045807816219222,0.7506721014578396,-0.014753923445067367,0.40869587357747567,0.7628811903034592,-0.014483608426566916,0.4136683309957631,0.7679014260211374,-0.012574352249435186
0.4430486359748972,0.778853448661986,-6.924353140754359e-09,0.449199823986997,0.7677761679239105,-0.011602047208544793,0.4492389915225272,0.7522571689554719,-0.017211422037287802,0.44037406683485925,0.7493324612549562,-0.021278603236312418,0.4309311967425103,0.75022406091442,-0.02480254484913236,0.4370891535592263,0.7158638660472582,-0.010544450403089574,0.4279131788787007,0.7068233548004755,-0.01853494979368879,0.4208548495868661,0.7058038522514022,-0.024226704482770783,0.41564142410126587,0.7058221809808094,-0.027771500864571228,0.4253072220971717,0.7216967556516289,-0.008119767179462532,0.4151397621178997,0.7305581087119778,-0.01766553288970375,0.41857244592406284,0.7496316573995067,-0.021586821174264158,0.4243308387956494,0.7595258881426349,-0.02253031590564347,0.41588065139850133,0.7328770742575377,-0.0069989524605985134,0.4072952042343215,0.7418643539134593,-0.016195030858608184,0.41187229121217556,0.757984937349283,-0.01698301197512428,0.41764316302606175,0.7649429961002016,-0.01547874195262009,0.4091624894950428,0.7457042908685563,-0.006837083995949582,0.40182555855633323,0.7518488639123636,-0.013682959746202126,0.40528451820226324,0.7634324762008816,-0.014012148968094761,0.4100127594493078,0.7683845112326162,-0.012552872243302421
0.44130243169365235,0.7791610709961709,-6.526969713203851e-09,0.4467273309147436,0.7678283047539888,-0.011896819652663374,0.44558725761131507,0.7524334513548752,-0.01732236439272922,0.43617750357765595,0.7494471032083869,-0.021108468326822047,0.4264970769557863,0.7500629957581209,-0.024294030054166665,0.4338228810081123,0.7163021953453834,-0.010373651659862482,0.4240282581854437,0.707077093039847,-0.018126055620570364,0.41654312311875125,0.7058687118890766,-0.02367227741180847,0.4109989434345557,0.7057777166601101,-0.027138529543435947,0.4224249880658884,0.7227188131663488,-0.007709290082588473,0.41142988712621814,0.7307669806063127,-0.01716533380281405,0.41423065702946266,0.7497215067600402,-0.021187815378053802,0.4197799484248641,0.7599001467194395,-0.0221512975466695,0.4133888662825608,0.7341149184921079,-0.006388709902145396,0.40405981569090044,0.7422840474205123,-0.015636481238099,0.4080809913400968,0.7582502652841461,-0.016810638434349205,0.4136515422810538,0.7653325010586437,-0.0154884971160037,0.4070582669852272,0.7468234134274605,-0.006030842501896057,0.39919615863625163,0.7524806946556817,-0.013048197346503263,0.40212378911093793,0.7637162509096842,-0.013747509961280628,0.40660139172100407,0.7686220119432046,-0.012510975857655513
0.4394777757145249,0.7792244683470331,-6.3286724152349014e-09,0.44434826652887427,0.7674532569133963,-0.0117753998306948,0.4422708064039962,0.7519967705975622,-0.016965265494846414,0.43233570883687716,0.7490029019575334,-0.020538896949784856,0.4224582259006034,0.7495012636293712,-0.023493868630233394,0.43064438091934115,0.7166918206226676,-0.009864053924537439,0.4203979701616242,0.7070578941294995,-0.0173278217916127,0.4125164687482719,0.7055446787040075,-0.022694963447271718,0.4066823871659903,0.7053589943554034,-0.02606847758532341,0.4195585438931001,0.723680133263755,-0.007182925446342715,0.4079632750951815,0.7307575828856733,-0.01649653332762476,0.41030025887694793,0.7493705426781841,-0.020559613536156034,0.415717942776611,0.7597363329062428,-0.021523713979292196,0.41089261169159774,0.735288712391965,-0.005842692167548073,0.4009404659951144,0.7425486168476612,-0.01499329996577839,0.40456578921484415,0.7580955426656625,-0.01635660551189073,0.4101041106098396,0.7652645606030887,-0.015133885792059798,0.40492606922686974,0.7480224147126685,-0.005449006545810812,0.39655755087840533,0.7531588009721779,-0.01246028738951124,0.3991283754159013,0.7638580235798249,-0.013341729209852306,0.4035900501440148,0.76857880447309,-0.012225616102284238
0.43754648700337573,0.7790022925820351,-6.021578136098155e-09,0.44216545722006245,0.7666850492221424,-0.011812784914658163,0.4393654323267994,0.7510919799139562,-0.01689967295163223,0.42888445377183615,0.7481211127636713,-0.020330345505052968,0.4187979116894942,0.748530978147943,-0.02312642863624897,0.4279461734729824,0.716912121367523,-0.009871087928729575,0.41719999474208974,0.7066702948905824,-0.017132545032027532,0.40891814345435973,0.7048483061523176,-0.022330811270998903,0.40279982842535034,0.7046444796753224,-0.0255995728946223,0.4171161418116672,0.7243365366094477,-0.0070546998429102305,0.40498240569446664,0.7303573466169713,-0.016202777200443563,0.4068481136602287,0.7484425893321561,-0.020244108859776986,0.41214441574755084,0.7589361498914545,-0.02119934363977944,0.40874883812511437,0.7360310392521034,-0.005559125411441412,0.3982638154412831,0.7422238540141677,-0.014556820865388623,0.40154226726266085,0.7572535776414415,-0.01603004530873617,0.4070873181655544,0.7645492769471682,-0.0148866797620427,0.4030448623055295,0.7486637434510552,-0.005000012932492586,0.3942110131403972,0.7532940794556575,-0.011970195655935722,0.3964185012229218,0.7633830511491223,-0.01301323068309075,0.40082474724372547,0.7679011133866132,-0.012019091229436665
0.435798911980181,0.7788012512693469,-5.743696176302494e-09,0.4401902874764322,0.7659899172275778,-0.011846613745426575,0.43673643173199694,0.7502732573735296,-0.016840319893973273,0.4257614990755644,0.7473232036980716,-0.020141632500228455,0.41548578458211166,0.7476529909972267,-0.022793941343021894,0.4255046327994242,0.7171114660212136,-0.00987745282382178,0.41430622648480847,0.706319565999024,-0.016955843958960947,0.4056621085732626,0.704218175985271,-0.022001299042080157,0.3992865977819674,0.7039979331484324,-0.025175272726036677,0.41490607303765603,0.724930499638099,-0.006938671689999138,0.402285091262905,0.7299951827921001,-0.01593696460193942,0.4037243534878877,0.7476029074757632,-0.019958616541120456,0.40891082019829667,0.7582120842235117,-0.020905829003503032,0.40680899085186945,0.7367027523275932,-0.005302532920883393,0.39584178106253265,0.7419299842198699,-0.014161861805366062,0.3988063576002611,0.7564917044744532,-0.01573454911942601,0.40435749786713904,0.7639020345932054,-0.01466298918634211,0.4013426050457959,0.7492440658432442,-0.0045937298016074084,0.3920876896216226,0.7534164895839515,-0.011526723860275945,0.3939664036011048,0.7629532604338294,-0.01271598055305547,0.3983224935660565,0.7672878876118588,-0.011832212019004099
0.4340056118322424,0.7781953058129392,-4.106934931051094e-09,0.438239446364966,0.7651541628434991,-0.011765951126308639,0.4343943830550512,0.749293169191285,-0.016699852531979635,0.4230795764716307,0.7461210412739471,-0.019949714507157865,0.41263544297802823,0.7465249118137277,-0.022546559367614388,0.42300877321896097,0.7169327740749478,-0.009707574214459275,0.4116390177064145,0.7055433532058129,-0.01666726638469473,0.4027908503829299,0.7031259887376522,-0.021599160790735535,0.3962853649215937,0.7027981204518235,-0.024695484103492406,0.41262402108371354,0.724971795822458,-0.006734322666181254,0.3998532291946795,0.729097940945007,-0.015670371605865124,0.4012387532879069,0.7464661435109363,-0.019653272267993887,0.40643782431470904,0.7569965856544913,-0.020547990112040733,0.40473812800265313,0.7368115733179472,-0.005049788032497475,0.39357868492690246,0.7411968076941488,-0.013842704801428601,0.3963687630836835,0.755578156783004,-0.015420418723390821,0.40188387587076596,0.7630404133783288,-0.01434143608559099,0.39945780654912777,0.7494099864203109,-0.00427558886005653,0.38999858646490965,0.7531687258121841,-0.011147901864852105,0.3917380815228613,0.7623107338031899,-0.012354367626411362,0.39611311706284397,0.76643300683009,-0.011481572116962133
0.43324512746976895,0.7781622065094911,-4.9183899830163715e-09,0.43726556754035784,0.7646522946883672,-0.012110690293597681,0.43296643107542954,0.7483647175285247,-0.01704984792435021,0.4213280324301336,0.7445220430980423,-0.020209466139049705,0.41067801106494056,0.7444892312686988,-0.022663477599135624,0.4219538563592275,0.715788845940127,-0.00989135568352046,0.4101329413696774,0.7036758611368868,-0.016696949040631036,0.4010129943225207,0.7009465374678058,-0.02154892804390598,0.3942763075016562,0.7004029056908083,-0.024624833043850262,0.4115945973390138,0.7240004114021443,-0.006659464970428102,0.39849676541611245,0.7270355442005232,-0.015477146422810974,0.39933299516521387,0.7437440378954967,-0.01957738575264114,0.40420167087977177,0.7544213272684503,-0.020609498608981827,0.4037322049853716,0.7359605464026815,-0.004727839226014964,0.39219523750025564,0.7391724088280348,-0.013373456247023153,0.39449444095633834,0.7531525566995895,-0.015272019833539416,0.3998095981497792,0.7610465077847395,-0.014469583354948818,0.39848002087755513,0.7485680920043767,-0.0037325274792369047,0.3887844707020605,0.7515875847996927,-0.010590116570979212,0.3900722011449115,0.7603269999409579,-0.0121427602404375,0.39420314851643146,0.7646716331009934,-0.011565515223083913
0.43231381116646933,0.7775227939314638,-5.748035857740717e-09,0.43639350274041405,0.7626163418866813,-0.01191046472276926,0.431705809139754,0.7456137704081555,-0.016586172452075963,0.4196567033030702,0.741519893774545,-0.01944930205794115,0.40896925903167,0.7415474406790246,-0.02159704590271929,0.4208036602659728,0.7138636806597012,-0.00957481693006856,0.40882905189456753,0.701144058538107,-0.016105170466513843,0.39953347341004725,0.6981285555502565,-0.020802851659602314,0.3926569975046702,0.6975464061189902,-0.023770108966181074,0.41028728315046775,0.7222670061999071,-0.006209238148964354,0.3975058771720468,0.7245245305353832,-0.014619668969774529,0.39842093759020936,0.74079056320025,-0.01860994744160747,0.4033350499430616,0.7515091282740279,-0.01962270545226207,0.4023870842997609,0.7343288659601543,-0.004108186671812178,0.39110356188011075,0.7365703832711002,-0.012361741550728236,0.3933355276578843,0.7503112394476242,-0.014316174001526412,0.398627364376796,0.7584371710046586,-0.013620891534406798,0.3971667566075812,0.7469604886482494,-0.00292029209955837,0.3876193341598689,0.7494761570667191,-0.00949041002356782,0.38893570869252786,0.7579680586379797,-0.011070103168158141,0.39310949038152365,0.7624650085036535,-0.010543703228928787
0.43147108625385283,0.7769442054250296,-6.498761733367099e-09,0.4356043930365199,0.7607740589363954,-0.011729285593742794,0.4305651037673464,0.7431245069179618,-0.016166604072922367,0.4181443592288091,0.7388033236711952,-0.018761448525734345,0.4074230519022346,0.7388854876896526,-0.020632058438213564,0.4197628764863421,0.71212164657636,-0.009288388900840047,0.4076491948040383,0.6988530934639858,-0.015569684783084549,0.3981946918089295,0.6955786339427341,-0.02012774573314106,0.39119172424479676,0.6949616308460558,-0.02299669044970819,0.40910432712210065,0.7206984910322795,-0.005801839118762272,0.3966092470948813,0.7222523768492115,-0.013843758992551356,0.3975956394208616,0.7381180375549365,-0.01773453662442409,0.40255086625533565,0.7488739519817184,-0.01872978091757828,0.4011699181144125,0.7328523989924066,-0.0035474785184779947,0.3901157318181514,0.7342158751922396,-0.01144626613597681,0.3922868558965186,0.7477402022775513,-0.013451252929701387,0.3975575904992212,0.7560760471821829,-0.01285293145707254,0.3959784164988178,0.7455058084359365,-0.002185320546995063,0.3865650311403405,0.7475655787320953,-0.00849531297567159,0.38790732499599956,0.755833511442385,-0.010099482516182612,0.39211986639136354,0.7604682888989581,-0.009619091020988237
0.4309200519639465,0.7755529072211319,-6.408911025900282e-09,0.4352040196653433,0.7582994666463541,-0.011341980029163099,0.43016219450825677,0.7402358844208322,-0.015562126331155182,0.4175853325404668,0.7357518700920823,-0.017983496420369786,0.4068506651953344,0.7360220108089142,-0.019683077809423837,0.41916194245057253,0.7104482605505765,-0.008911017321211624,0.40710740253446537,0.6965100505662187,-0.014971122346648566,0.39751228485692175,0.6928616864489174,-0.01939699628413553,0.39036923592302053,0.6920711201349714,-0.022191952611172586,0.4083409637738234,0.7191089650644505,-0.005483145916752053,0.3960499268643184,0.7196472046819926,-0.013220589839873866,0.3972566344665422,0.7350213620510382,-0.016962858006308815,0.40236422584936504,0.7456196575852202,-0.017894143365421944,0.400352125514728,0.7312773270463319,-0.0032409687230188,0.38942091323827693,0.7314704799348285,-0.010761462594522792,0.39164002487387506,0.7445351801287061,-0.012640703234756683,0.3969670004885329,0.7527939357134443,-0.01203711805054476,0.3951865689851964,0.7439632080280486,-0.0018627924634363816,0.38577981682461887,0.7455075787120392,-0.007829836270478792,0.38713319557080933,0.7532193754749911,-0.009322333114688448,0.39141874120375486,0.7576625750271044,-0.008816970190759953
0.43035163562169976,0.7740813013616177,-4.361592194022366e-09,0.4350700694765119,0.7570256814455439,-0.01132711063270342,0.43042336055517155,0.7390670807007006,-0.015597608315749594,0.41836914158626504,0.7346829940338935,-0.01811303028659725,0.4082313876756728,0.73556174492499,-0.01992920939550085,0.4191341432915352,0.7084552899661544,-0.008933011345841554,0.407180607425835,0.6937527075196029,-0.014922897899417835,0.3974813189625572,0.6896552905647451,-0.019297371212904223,0.39022480126887094,0.6886120315640207,-0.022073647077400605,0.40820756237967804,0.7169413363816508,-0.005528869428685052,0.39609925675508567,0.7165181152994777,-0.013161247272486654,0.397461839795281,0.7317993287083538,-0.016833523884514572,0.4027649846579406,0.7424725920952355,-0.017717350423912693,0.4001415766025258,0.729026049172245,-0.003299273265426633,0.3892564083998001,0.7280829251007681,-0.01065736546135566,0.3913705788420624,0.7411016011356958,-0.012536076120155783,0.3967079483775937,0.7496467601493966,-0.011959352350424063,0.394927101180268,0.7416935383702044,-0.001942223469778895,0.38542775473198093,0.7426354368179673,-0.007761196733293744,0.38658163890837843,0.7502369855727505,-0.009236368414742643,0.39085010103084367,0.7550719827285158,-0.008742343874970882
0.43020970503952816,0.7722169903238909,-5.339626925071153e-09,0.435271304938121,0.7547369272988622,-0.01112668885315556,0.43074323465978714,0.7359509784518573,-0.015242547187373568,0.41865843932372315,0.7307346190752606,-0.017618890123438192,0.4085751179579896,0.7312660270444082,-0.019302454339017235,0.41939893238117626,0.7061124334671116,-0.008880200253962365,0.407595878457808,0.6903800883865538,-0.014781077931778783,0.3979037598934292,0.6857147996244168,-0.019025364703886407,0.39068238509464714,0.6845775054404238,-0.02168059631646142,0.40833291821661666,0.7145443141252985,-0.005475961421715038,0.3966191922816013,0.7130174465063945,-0.012939398083767945,0.398242531448998,0.7281684213700482,-0.016381402682789977,0.40366199967833066,0.7390419755329839,-0.017108399299252494,0.4001825179436586,0.7265257791956883,-0.0032226632608381035,0.3895589062754302,0.7242329894879797,-0.010398524920737864,0.3917877592908492,0.7370695763029521,-0.012112978131941034,0.39714694257444294,0.7459493041413228,-0.01145918419988461,0.3949102798680879,0.7391260847525318,-0.0018242492792338138,0.38539031253465206,0.7393164201853895,-0.0075444982486625,0.3866227220173363,0.7466478281553158,-0.008949004617249488,0.39096308731864543,0.7516730738870031,-0.008408620582496211
0.4303037534611593,0.7701246871633022,-6.778255382527377e-09,0.43579892648699353,0.7521888831030535,-0.011032164021387791,0.4315000297210874,0.7330611019829624,-0.01515528528307508,0.41951949069244715,0.7270583235160647,-0.01755231278275353,0.4095207303674812,0.7273071128611927,-0.019248038435770852,0.4201372170167727,0.7035121108470992,-0.009041217748382667,0.40855658644643567,0.686615726313598,-0.015047940068550507,0.3988699748543999,0.6813771073889852,-0.01926564709876454,0.3916637135074055,0.6802030135403361,-0.021842526253771435,0.408964415686131,0.7118712497835515,-0.005634490465822709,0.39746958827728474,0.7092613009683338,-0.013177604848072535,0.3993731326350959,0.7246151036975392,-0.016439226035328228,0.40495907108195583,0.735836539646294,-0.01698309568999694,0.4007184779607883,0.7237364275799415,-0.0033672048241389953,0.39023664254538865,0.7201868485709066,-0.010604701410158712,0.3925974227879506,0.7330424227624928,-0.012167456336340508,0.39802400019030143,0.7423287659253931,-0.011368157851512233,0.3953602360710524,0.7362154199584919,-0.001934987535873507,0.3857487995562922,0.7356748882303179,-0.007693722032896119,0.3870369701109524,0.7428880472155107,-0.009028864575957975,0.39146817411396434,0.7482206482719568,-0.008402101576412437
0.4303888555340211,0.7682314141776073,-8.080034420220653e-09,0.43627635807719856,0.7498832214125536,-0.010946630856866398,0.43218483471123237,0.7304461247876812,-0.015076324160614158,0.420298634616907,0.7237317352850852,-0.017492068606406633,0.4103763914703037,0.7237247900807513,-0.019198798841074845,0.42080527238401455,0.7011591437134188,-0.00918691846621003,0.4094259071626068,0.6832094488891083,-0.015289416965384404,0.3997442786925996,0.6774520377889897,-0.01948307264957852,0.39255169313147076,0.6762446448409135,-0.021989052618429823,0.409535842008132,0.7094524604787408,-0.005777939446979263,0.3982390904202331,0.7058624584814985,-0.013393152212509326,0.4003961854715842,0.7213997950913712,-0.01649154894596809,0.4061327586695184,0.7329360205982134,-0.016869711576794698,0.4012034548231081,0.7212124128189965,-0.003497996882509106,0.39084990920554935,0.71652559649286,-0.010791265377110837,0.3933300671080663,0.7293983518883409,-0.012216752305797277,0.39881762776888596,0.7390526311247522,-0.01128579037742622,0.39576739022531887,0.7335816319258732,-0.0020351918244909785,0.3860731855279707,0.7323797567183329,-0.007828750916298075,0.387411812886986,0.7394859151442382,-0.00910112786232559,0.3919252145672892,0.7450966343741576,-0.00839620269027372
0.4307548620984703,0.7660466004113677,-4.599319709064919e-09,0.4367966598379717,0.7483244799526526,-0.01128235201902746,0.43321704434147895,0.7291685834719313,-0.0158081740797999,0.4220434036131061,0.7220382837210779,-0.018623577901254365,0.41270085322748373,0.7214329812677193,-0.02072723269574601,0.42196916443620697,0.6984334565545005,-0.009698420730314255,0.4108524372810081,0.6797347634372112,-0.01609232876273436,0.40127484427861015,0.673222289659935,-0.020514025404402746,0.3941631910361623,0.6717330165258338,-0.02317657846596554,0.41060704652994046,0.706578796256846,-0.006300418289317576,0.3995670418436617,0.7018881401046986,-0.014423275593787631,0.401891627916078,0.7178131764993877,-0.01777543077172166,0.4076898088174458,0.7300161821726185,-0.018237342505884383,0.4021177920481076,0.718247711411126,-0.004050496686720628,0.3918187066675832,0.7122690948068598,-0.01165794546460184,0.3941848394826445,0.7250446173195897,-0.01323691119536891,0.39958843767286034,0.7352778718236672,-0.012366767201932423,0.39652859814200764,0.730712904354153,-0.0026423330376697547,0.3868035762819461,0.7288205056064845,-0.008630118836306546,0.38799213340522276,0.7355490350603077,-0.010025855487411405,0.39236403843055556,0.7412926493673176,-0.009398371374459822
0.43123221917368076,0.7638220072409774,-2.664197829359195e-09,0.437390790815533,0.7463568111594329,-0.011452788098125619,0.4341669974941746,0.727072767363839,-0.016184931733703875,0.42335139077313827,0.7192687805709664,-0.019254913770129535,0.4142276214088673,0.7178904756927486,-0.02161174053226321,0.4235711495728422,0.6952290746677584,-0.00982147500370346,0.41294565142280293,0.6758760879849455,-0.016463158481589055,0.40353083717651844,0.6686427571072984,-0.021098093855661165,0.3964681674647683,0.6668485339504334,-0.023892062270618394,0.412015034811523,0.7031489902947815,-0.006471053754426887,0.40116357396399405,0.6975969487307451,-0.015005971827027505,0.40359900869718845,0.7139118648512781,-0.01856401414411205,0.4094222344349093,0.7266436869426833,-0.0190709159061333,0.40333339003597896,0.7146771283303086,-0.004291430507243648,0.39319101171915544,0.7077418290656252,-0.012154889492809325,0.39560499485921397,0.7207203635859054,-0.013736981320854996,0.4010442547459894,0.7315125412736206,-0.012799577404665714,0.39756202329780144,0.7272094400682996,-0.0029776174313603343,0.38799546510234023,0.7244643140028129,-0.009016436463063746,0.3889134258415565,0.730796314271881,-0.010371865813750271,0.3930022963642482,0.7365692994004791,-0.009700836430005418
0.43224454301634474,0.7609826195858033,-1.6642819695965072e-08,0.4368026773793727,0.7447183360408072,-0.010940530084728802,0.4331405154654268,0.7254219974810441,-0.015454125700592859,0.42284825787269115,0.7164870052480676,-0.018550767182314597,0.4141986268671184,0.7136609690588517,-0.02090331012617564,0.4236909930271047,0.6932575394824896,-0.008849802427219687,0.4131641184685297,0.674045842066829,-0.015678881009691916,0.4041506946560112,0.6684523284871347,-0.020396898484257457,0.3975550758642168,0.6681300481261072,-0.023079361769019098,0.4133902391050347,0.6996048430940999,-0.005828746498454352,0.40259351706382496,0.6932017956921263,-0.014543913534927334,0.4049629893808788,0.7101738411244629,-0.018171032366861666,0.4106663989718158,0.7234014691694354,-0.018593248815942577,0.405945564300917,0.7095165356318682,-0.00402123624868577,0.39584586816778966,0.7015997562943573,-0.012054503501076865,0.39815915458455897,0.7155128828299513,-0.013581250571179215,0.4035151088714438,0.7270518317414665,-0.012445324750293835,0.401316206204014,0.7204898704928779,-0.003056766299288388,0.3923385237003704,0.7154700683163585,-0.008909926043528832,0.3925928308034708,0.7201859106965147,-0.010111736872098811,0.39581421502833913,0.7247830087456086,-0.009311802985464607
0.43307650788508245,0.7573817775350549,-1.4788358648348096e-08,0.43836507791125107,0.7410085323554605,-0.010746479283013491,0.43538725086361935,0.7216290666726678,-0.015214783185416556,0.4255319682372519,0.7124067942665177,-0.01835307694537636,0.4171377782801061,0.7091455659974967,-0.02076099876247013,0.42571863365991663,0.6885329671680416,-0.008550164658926182,0.41584857668303243,0.6685948313172012,-0.015463386910377165,0.40714173590728636,0.6623457800409931,-0.020195997993386516,0.40068271672427286,0.6616267944975958,-0.022849663299210524,0.4151901032098496,0.694879986810669,-0.005686206562605326,0.4047853939807651,0.6874708820505657,-0.014576482230938687,0.40723351812875613,0.7050169997490421,-0.018147686479027737,0.41278645268633973,0.7185727397831893,-0.018416746211494927,0.4074653553542255,0.7047734528914962,-0.004049675823016701,0.39773162086216324,0.6961643549106094,-0.012271586243398427,0.4001038655674481,0.7106531194123235,-0.013668545681537376,0.40527609565388667,0.7224770570481082,-0.012327210661785432,0.402543908714109,0.7157489932864375,-0.0032380808466730185,0.39369821561934615,0.7103591816737552,-0.00916509663704949,0.3941086001722179,0.7154730688094727,-0.010225515845440417,0.39731906782899756,0.7204178754856707,-0.009247183075493888
0.4338293321605976,0.7541234653034192,-1.3110303063186732e-08,0.4397788552144447,0.7376516234562157,-0.01057088754867005,0.437420265732366,0.7181969381114854,-0.014998208108321103,0.42796039086278703,0.7087147130362189,-0.018174191976801597,0.419797343144268,0.7050596903000276,-0.020632224756132907,0.42755339513574403,0.6842578194263589,-0.008279029909961612,0.4182776760193422,0.663662347539803,-0.015268391670445264,0.4098482545929174,0.656820116539312,-0.02001420814603391,0.4035128409915581,0.6557421623630638,-0.022641814878419694,0.4168187553821329,0.6906045821125307,-0.005557225727031905,0.40676876877700796,0.6822851211219898,-0.014605952832283213,0.40928806300665527,0.7003507025070828,-0.018126561366952388,0.41470483645669204,0.7142033429030361,-0.018257033403523304,0.4088405764021736,0.7004815555267112,-0.0040754100850584705,0.3994379914786251,0.6912459956593796,-0.012468019006795074,0.4018635860698308,0.7062556406106022,-0.013747536851334136,0.40686956870605506,0.7183374574404973,-0.012220332166730243,0.4036548261187258,0.711459091654341,-0.003402147861885206,0.3949285669506226,0.7057344677242399,-0.009395994147771819,0.3954801820980346,0.7112085356392043,-0.01032847160282079,0.3986807716244133,0.716467975186484,-0.009188710129417004
0.434688626737247,0.7509410128063237,-9.526454053778454e-09,0.4413637341365688,0.735212854049187,-0.010760583982761982,0.4399466694801684,0.7157548374089652,-0.015373774761633869,0.43127735471441797,0.7054353987100194,-0.018750540080431158,0.42342103493565186,0.7009119483039847,-0.021425108455909257,0.42982652002927185,0.6805542534487556,-0.008605617212230446,0.42109288319557214,0.6590884180484753,-0.01574064377455535,0.41302810482389296,0.6512908030483862,-0.02055695841908871,0.4068414951575394,0.6492298382487858,-0.023248000624853903,0.4188332958277708,0.6865561622085369,-0.005929641486049257,0.40919079435343736,0.6767217889751695,-0.01527223487980498,0.411566026709146,0.6950062214224462,-0.01887490824268566,0.4166240075538944,0.7093316978638188,-0.018989614335585315,0.4105466473842101,0.6962361347325761,-0.004495530895481835,0.4014719616652008,0.6858451311380134,-0.013122693286120658,0.403801935171763,0.7011939144069457,-0.014346489621199682,0.4085049930177036,0.713681285506269,-0.01271821012074059,0.4050393150058376,0.7072059229890739,-0.0038836629024165724,0.39648904820001046,0.7006362775127237,-0.010001287392985737,0.3969453379922334,0.7062591481025764,-0.01087779348975242,0.3998563636483367,0.7117552217900848,-0.009673864978492305
0.4357510644658741,0.7477916423600247,-2.9207145010013486e-09,0.4431443071962916,0.7326471571932236,-0.011170866137868354,0.4425638111462886,0.713072087705813,-0.016016907322548596,0.43477911765826316,0.701595506974222,-0.019577074519524097,0.42750522952154313,0.6959706180727224,-0.022439320596938806,0.43219137685198217,0.6768257996509124,-0.009144166031422336,0.42412609844753624,0.6543688223688034,-0.016330662373561088,0.4164901054570234,0.6454567302113874,-0.021124872743965347,0.4105099170298808,0.642307466012853,-0.02384193950453311,0.420937293597714,0.6824438438960772,-0.006359098580180169,0.411696085929826,0.6708524146041788,-0.015940505737618543,0.4140500829348464,0.689192985326772,-0.01956468595107938,0.4189517969422375,0.7039882594771337,-0.019622916536516044,0.4124310101154804,0.6919553811387672,-0.004824552362966856,0.4036714933674331,0.6799718826345561,-0.013639479350517224,0.4058966988755545,0.6952746215874537,-0.014864229528145088,0.41038702699195523,0.7080760062217896,-0.013194082145604445,0.406756102548193,0.7029726858448133,-0.004143554293001255,0.3984217403576497,0.695437109096079,-0.010457317431962068,0.39849850620192445,0.7002692905898672,-0.011491153927680124,0.40087902656052,0.7053143598178747,-0.01039463047875527
0.4368436872719312,0.7449410447378252,4.667819298815791e-09,0.444862409105486,0.7304437221886023,-0.011399052503235252,0.44510571992398573,0.7106337388936477,-0.016386254468206747,0.43821066849940066,0.6980907095005849,-0.02003531092993979,0.43161332316525053,0.691072729182466,-0.023015824535275384,0.4346710448434247,0.6739324582900444,-0.00976629196514821,0.42729336453194533,0.6501905233124591,-0.017015896305258904,0.4201325149126822,0.639926730589922,-0.021869777614851905,0.414389809216728,0.6354679145801043,-0.024675509697387625,0.4232392655424347,0.6788813132963991,-0.006918017799165743,0.4144719512248692,0.664910333918173,-0.016663645301233394,0.4165321374190402,0.682297497708187,-0.020457820083488162,0.42103254183129474,0.6972915835598612,-0.020630472481480706,0.4144863122310826,0.6879265130070493,-0.005277478485414739,0.40614999475415886,0.6739223106116878,-0.014159625814290037,0.4080820769976135,0.6885720749840619,-0.015520794763050823,0.4122705873536702,0.7016652399784301,-0.01395856846470267,0.4085281889797838,0.6987370499637695,-0.004496095958511989,0.400706454867136,0.6897592523548003,-0.010909167211434374,0.4004513570144213,0.6933453029098174,-0.012138959749245708,0.4024167735684527,0.6979958828414708,-0.011216586450006434
0.4385068471884993,0.7421329491117907,1.5947697038829953e-08,0.4470953029396255,0.7279597667090675,-0.011589792254252267,0.44805668751710664,0.707933700434128,-0.016731472746476496,0.4419096714928436,0.6944442200961679,-0.02052675165268633,0.43592557598380477,0.6860445799630461,-0.02369545216994391,0.43723440646198486,0.6705898135967436,-0.010179953720702378,0.43048321997290234,0.6456464157549645,-0.017502438579162175,0.4238148914586733,0.6340988464250051,-0.02247788143978701,0.41837196184865694,0.6284166928309753,-0.025398013960383947,0.4256470649077789,0.6751244039126615,-0.007318047471385874,0.4173044712140167,0.6594692987310867,-0.0171532610646643,0.41908561567503716,0.6746313991959244,-0.021250736171726046,0.4232030092465577,0.6887423149737611,-0.021704606637446677,0.4166774634400839,0.6838820537678526,-0.0056424139191685535,0.4086978000047132,0.6684056624919245,-0.014530128804931267,0.41030051872207945,0.6812595793360201,-0.01618130238099804,0.4141373370723321,0.6936808351591789,-0.014894015619925972,0.41050380918391705,0.6947554090285404,-0.0048396770113078354,0.402956582220988,0.684418088420413,-0.011319581720580313,0.4022202744193157,0.686402288431517,-0.012774311291132632,0.4036117270574073,0.69018346042671,-0.012070169184516581
