0,1,2,3,4,5,6,7,8,9,10,11,12,13,14,15,16,17,18,19,20,21,22,23,24,25,26,27,28,29,30,31,32,33,34,35,36,37,38,39,40,41,42,43,44,45,46,47,48,49,50,51,52,53,54,55,56,57,58,59,60,61,62
0.31912724971771245,0.354292106628418,1.2251727241618942e-07,0.33305547237396244,0.34263705015182494,-0.00803659558296202,0.3424093723297119,0.3216666102409363,-0.01137497127056118,0.3475000262260437,0.300516152381897,-0.0140463653951883,0.3522555112838745,0.28183892369270325,-0.016627516597509343,0.3300015211105347,0.284561026096344,-0.00553607270121572,0.3340314030647278,0.25639297962188723,-0.01013318635523318,0.3361886143684387,0.23858404159545898,-0.01404812745749946,0.3377433896064759,0.2229898929595947,-0.016908533498644802,0.32096564769744873,0.28176258206367494,-0.0048823300749063206,0.3227298617362976,0.25120623111724855,-0.00876447428017852,0.3237789273262024,0.2310267984867096,-0.01254137903451916,0.324717378616333,0.21408278942108155,-0.015387838333845102,0.3127945065498352,0.2854288339614868,-0.0053516549989580595,0.31143057346343994,0.25681112408638,-0.0096113547682762,0.3112815022468567,0.23766890168190002,-0.013274256885051683,0.3118454337120056,0.2210004389286041,-0.01582943983376022,0.30548001527786256,0.2942534863948822,-0.0065801868215203,0.3003466010093689,0.2738875687122345,-0.011217502504587121,0.29748560190200807,0.2596929848194123,-0.01395198106765742,0.29575489163398744,0.24584859609603882,-0.01566769964992996
0.4255168199539185,0.47223825454711915,1.633005183521164e-07,0.4440586805343628,0.4568918704986572,-0.01083716768771408,0.4564907193183899,0.4290355682373047,-0.015368762612342782,0.4632856249809265,0.40081067085266114,-0.018996445834636642,0.4696428537368774,0.3759055435657501,-0.02250781767070288,0.44003803730010993,0.3795524537563324,-0.007636569440364801,0.44538315534591677,0.3419427335262299,-0.01386874727904794,0.44824870824813845,0.31813628077507017,-0.01913365498185152,0.45032519102096563,0.2973063290119171,-0.022975829616188964,0.4279885768890381,0.37581634521484375,-0.006737195886671501,0.43032375574111936,0.33507687449455265,-0.01202039662748572,0.43169342279434203,0.3081598997116089,-0.017111162096261942,0.43293213844299316,0.28548694849014283,-0.020949572324752763,0.4170937895774841,0.38068893551826477,-0.00733661167323584,0.4152737855911255,0.3425812184810639,-0.013105747103691081,0.4150288820266724,0.31702736020088196,-0.01804391220211978,0.4157508492469788,0.2947840511798858,-0.0214889127761125,0.40732884407043457,0.3924464166164398,-0.008955021947622259,0.40045485496520994,0.365304833650589,-0.015198009461164421,0.3966350078582764,0.3463629603385926,-0.01889442652463906,0.39433130621910095,0.32791043519973756,-0.02122553102672096
0.532019865512848,0.5900220513343811,2.0442669494968874e-07,0.5550702452659607,0.5710939526557922,-0.01364040207117792,0.5705577611923218,0.5363661050796509,-0.019373419508337923,0.5790401697158813,0.5011073470115661,-0.023959305137395803,0.5870473623275757,0.47003045678138733,-0.02839812338352196,0.5500564813613893,0.4744356572628021,-0.009749378636479341,0.5567024230957032,0.42745920419692995,-0.01762884929776188,0.5602773427963257,0.3977058231830597,-0.02424349524080746,0.5628759980201722,0.3716771245002747,-0.029063972458243326,0.5349964141845703,0.4697488009929657,-0.00861077699810262,0.5379119873046875,0.4188294351100922,-0.0153025826439261,0.5396117210388184,0.38519790172576907,-0.02168073356151576,0.5411659955978394,0.3568597316741943,-0.026482542604207942,0.5213910818099976,0.47583290934562683,-0.00934842955321068,0.5191054701805115,0.4281825423240662,-0.01664205640554426,0.5187793254852295,0.3962556064128876,-0.022825249284505782,0.5196876764297486,0.3684871613979339,-0.02712979987263672,0.5091995239257813,0.4905788123607635,-0.01136493701487774,0.5005397439002991,0.4567448675632477,-0.01924287453293794,0.49577820897102354,0.4330703854560853,-0.02389872297644608,0.4929471671581268,0.4099944531917572,-0.026832339912652922
0.53214350938797,0.5896824955940247,2.0475932842600745e-07,0.5550522685050965,0.5711000323295593,-0.013753238879144142,0.570479691028595,0.536468768119812,-0.019566125422716102,0.5789571166038514,0.5012366056442261,-0.024209582433104466,0.5870248198509216,0.4702324748039246,-0.02870651520788662,0.5500574111938477,0.4744738042354584,-0.01004438325762746,0.5566763043403626,0.42748052477836607,-0.01803574897348876,0.560250437259674,0.3977071106433869,-0.024683990329503944,0.562856137752533,0.3716832101345062,-0.029521684721112204,0.5349927306175232,0.4697804987430572,-0.008888404257595501,0.5379203915596008,0.41883228421211244,-0.01570011731237168,0.5396105647087097,0.38520372509956363,-0.02210501842200752,0.5411727905273438,0.35685989260673523,-0.026917750388383822,0.5214015722274781,0.4758700609207153,-0.009606680460274181,0.5191139698028564,0.42816741466522223,-0.0170123767107725,0.518761932849884,0.3962355077266693,-0.023226629942655504,0.519670033454895,0.36849403381347656,-0.027542581036686817,0.5092337012290955,0.49068030118942263,-0.01160709559917444,0.5005102276802063,0.45692735314369204,-0.01958750113844866,0.4957570016384125,0.43324686288833625,-0.024302146956324523,0.49296808838844297,0.4101599335670471,-0.027272053807973824
0.5320942282676697,0.5897061228752136,2.0551706825244767e-07,0.5549826979637146,0.5713848114013672,-0.014048586599528741,0.5704330682754517,0.5367302417755127,-0.02000763192772862,0.5789687871932984,0.5014163494110108,-0.024753036350011783,0.587084436416626,0.47036489248275754,-0.02935671173036092,0.5500129818916322,0.4748885929584503,-0.01051553431898352,0.5565229058265686,0.4278444707393646,-0.01870647743344302,0.5601118922233581,0.3979296267032624,-0.025469164177775325,0.562788760662079,0.37183046340942383,-0.030380506440997067,0.5349599838256835,0.4700766682624817,-0.009268276393413502,0.5378279566764832,0.41916152834892273,-0.01626243833452458,0.53949054479599,0.3854960083961487,-0.022773402184247938,0.5410819411277771,0.35706939101219176,-0.02766388095915314,0.521386218070984,0.4760613739490509,-0.00991157330572602,0.5191181063652038,0.42828796505928046,-0.01747901625931262,0.5186879158020019,0.3962730705738068,-0.023803716152906364,0.5195538640022278,0.3685706317424774,-0.028190059214830317,0.5092401742935181,0.49081377983093266,-0.01185715980827802,0.5004600524902344,0.45705364346504207,-0.019975677505135483,0.4956995606422424,0.43330230712890627,-0.02481044866144652,0.49291974902153013,0.4102154016494751,-0.027869006618857342
0.5320359587669373,0.5896222829818726,2.0512794662863603e-07,0.5549602150917053,0.5713846445083618,-0.014010537043213782,0.5703855514526367,0.5367238998413086,-0.019921986386179903,0.5790239810943604,0.5014741659164429,-0.02463131137192244,0.5872025847434998,0.4705518364906311,-0.02920042760670178,0.5500767827033997,0.4748998641967773,-0.01042927578091618,0.5565085172653198,0.4280629694461822,-0.018619327619671777,0.5600692391395569,0.39812054038047795,-0.025381778925657225,0.5627265810966492,0.3720516085624695,-0.030283953249454446,0.535037612915039,0.47002923488616943,-0.009182062745094262,0.5378551602363586,0.4192959010601044,-0.01614571176469322,0.5394416332244873,0.3856240451335907,-0.022613301500678022,0.5409667253494262,0.35716508030891414,-0.02747384831309316,0.5214624762535095,0.4759881079196929,-0.00983102992177006,0.5191781997680665,0.42838659286499026,-0.01736221387982366,0.5186707139015198,0.396480929851532,-0.023625643178820564,0.5194679856300355,0.3688764035701752,-0.02796895727515212,0.5092669010162354,0.490751188993454,-0.011787135712802339,0.5004161834716797,0.45717697143554686,-0.01987520195543762,0.49568517208099366,0.43345150947570804,-0.024683458358049342,0.49296222925186156,0.41037085056304934,-0.027722321823239283
0.5321913480758668,0.5897461414337158,2.0500539790191402e-07,0.5550184488296509,0.5713868618011475,-0.0138328876346349,0.5703892469406129,0.5366387486457825,-0.019663346558809264,0.5790331602096558,0.5014802694320679,-0.024324729293584785,0.5872497797012329,0.4706483483314514,-0.02884023860096924,0.550045371055603,0.4747603297233582,-0.010137993842363321,0.5564616918563844,0.4279820084571838,-0.018255828320980043,0.5600415587425233,0.3980709910392761,-0.024984815716743426,0.562724494934082,0.37202495932579044,-0.029874416068196245,0.5350382328033447,0.46992229223251336,-0.00897382125258442,0.537753427028656,0.419210684299469,-0.0158678704872727,0.5393404722213746,0.38555970788002014,-0.022280507162213282,0.5408902645111084,0.3571633636951446,-0.02709792703390118,0.5215004920959473,0.4759445786476135,-0.009706245735287621,0.5191035985946656,0.42826043963432314,-0.017194891348481157,0.5186305522918702,0.396361255645752,-0.023405329883098545,0.5194794297218324,0.36873353719711305,-0.02771121598780148,0.5093787431716919,0.49080473780632017,-0.011735337600111901,0.5004153966903687,0.45740089416503904,-0.01983303427696224,0.495691704750061,0.4336541175842285,-0.02463946081697936,0.49301450252532963,0.41043521165847774,-0.027668143063783582
0.5320681929588318,0.5903793096542359,2.0445069139896083e-07,0.5549978137016297,0.5717414975166321,-0.01382856331765646,0.5704170584678651,0.5367130637168884,-0.01963620148599144,0.5790864109992981,0.501499605178833,-0.02428731508553024,0.5872860312461853,0.4705831825733185,-0.02879406325519078,0.5500954031944275,0.47502663135528567,-0.01003734115511174,0.5564054369926453,0.4282396733760834,-0.018170783668756463,0.5599862813949585,0.39827378988265993,-0.024950257316231683,0.5627233862876893,0.372141832113266,-0.029884888231754243,0.5351045370101929,0.47011724710464475,-0.008883044309914061,0.537665593624115,0.4195004642009735,-0.015774373523890942,0.5392196893692016,0.3858295500278473,-0.0222224179655313,0.5407814145088196,0.3573980391025543,-0.027076462283730462,0.5215606689453126,0.4760909557342529,-0.00963937435299152,0.51910959482193,0.4283770799636841,-0.01711974814534184,0.5185887575149537,0.396464604139328,-0.023339790478348686,0.519405198097229,0.36879767179489137,-0.0276608228683471,0.509427809715271,0.49092372059822076,-0.01169993747025722,0.5004513621330262,0.45751321911811826,-0.019797044247388804,0.4956950783729553,0.4337175905704498,-0.024615607783198303,0.49295920729637144,0.41042203903198243,-0.027659044042229585
0.5319450378417969,0.5910124778747559,2.0389598489600763e-07,0.5549771785736084,0.5720961332321167,-0.01382423900067802,0.5704448699951172,0.5367873787879944,-0.019609056413173623,0.5791396617889405,0.5015189409255982,-0.0242499008774757,0.5873222827911377,0.47051801681518557,-0.02874788790941232,0.550145435333252,0.4752929329872131,-0.00993668846786016,0.5563491821289063,0.42849733829498293,-0.01808573901653288,0.5599310040473938,0.3984765887260437,-0.024915698915719937,0.5627222776412963,0.3722587049007416,-0.02989536039531224,0.5351708412170411,0.47031220197677615,-0.0087922673672437,0.537577760219574,0.419790244102478,-0.01568087656050918,0.5390989065170289,0.38609939217567446,-0.02216432876884932,0.5406725645065308,0.357632714509964,-0.027054997533559742,0.5216208457946777,0.4762373328208923,-0.00957250297069542,0.5191155910491945,0.42849372029304506,-0.01704460494220252,0.5185469627380371,0.396567952632904,-0.023274251073598824,0.5193309664726258,0.3688618063926697,-0.02761042974889272,0.5094768762588501,0.49104270339012146,-0.01166453734040254,0.5004873275756836,0.4576255440711975,-0.019761054217815363,0.4956984519958496,0.43378106355667106,-0.024591754749417244,0.49290391206741335,0.41040886640548707,-0.02764994502067558
0.5319860100746155,0.5912843346595764,2.025869065391817e-07,0.5549687147140503,0.5721161127090454,-0.01343305017799134,0.5704548478126527,0.536460292339325,-0.018976360559463442,0.5791201710700989,0.5012944340705872,-0.02343712784349914,0.5872443675994873,0.4704305171966553,-0.02775573506951326,0.5501831889152526,0.47507471442222593,-0.00936018973588938,0.5565009355545044,0.4283145368099213,-0.017307844012975658,0.5601053714752198,0.39837508797645566,-0.024023634195327704,0.5628638386726379,0.37221808433532716,-0.028936982154846143,0.5352318763732911,0.47021466493606573,-0.00836530318483704,0.5377041935920716,0.4196085631847382,-0.01509436536580322,0.5392911672592163,0.38593044877052307,-0.02149550020694728,0.5408737540245057,0.35759536027908323,-0.02631525993347162,0.5216696619987488,0.4762509822845459,-0.009275946766138,0.519117569923401,0.428387850522995,-0.01662875413894648,0.5186262011528016,0.3964994192123413,-0.022774763032793962,0.5194469571113587,0.36871047019958497,-0.027052346244454323,0.5094934105873108,0.49116302728652955,-0.01146988552063698,0.5005460739135743,0.4577823877334595,-0.01950508691370484,0.49573355317115786,0.4339908421039581,-0.02426696717739098,0.4928865849971772,0.41054196357727046,-0.027264188602566644
0.5320168137550354,0.5917796254158021,2.0255466495200384e-07,0.5549755454063416,0.5723720669746399,-0.01341346260160204,0.5705693006515503,0.536486804485321,-0.01893492937088006,0.5791276097297668,0.5012482643127443,-0.0233770795166492,0.5871268272399902,0.4702280759811401,-0.027670860663056324,0.550142502784729,0.47522619366645813,-0.009249864704906881,0.5564985156059266,0.42827978134155276,-0.01715916357934472,0.5601312398910523,0.39834271073341365,-0.02387091964483254,0.5629217505455018,0.3721297740936279,-0.02879395000636572,0.535201346874237,0.47040988206863404,-0.0082738948054611,0.5376829028129578,0.4196275770664215,-0.01499129794538018,0.5393539071083069,0.38594630956649784,-0.021430859714746443,0.5410067439079285,0.3576596736907959,-0.026279455050826003,0.5216345667839051,0.47642226219177247,-0.00920809432864182,0.5190504193305969,0.4283323109149933,-0.0165592167526483,0.5186342477798462,0.39636045098304745,-0.022758639231324165,0.5195153236389161,0.3684860169887543,-0.02707866877317422,0.5094731569290162,0.49126260876655575,-0.01142307203263038,0.5005538105964661,0.4577388107776642,-0.01946644261479374,0.49571743607521057,0.43393906354904177,-0.02425523251295084,0.4928183078765869,0.4104572236537933,-0.02727584131062022
0.5319343924522401,0.592028796672821,2.0237559965607947e-07,0.554923665523529,0.5725311756134033,-0.01344599183648822,0.5705999732017517,0.5364169120788574,-0.01893822140991682,0.5791378021240234,0.5011701703071594,-0.023343550041317898,0.5870279312133789,0.47006560564041133,-0.027593989670276604,0.550194787979126,0.47519914507865907,-0.00920159369707102,0.556549608707428,0.42823776602745056,-0.01709078252315518,0.5601638436317444,0.3982943832874298,-0.02379845604300492,0.5629233002662659,0.3720781564712524,-0.028714727982878642,0.5352461695671082,0.47036429643630984,-0.0081992047838866,0.5378406524658204,0.41959497332572937,-0.014892917685210661,0.5395490765571594,0.38594442009925845,-0.02133635133504864,0.5412083864212036,0.3577285826206207,-0.026186628639697958,0.5216411590576172,0.4763529479503632,-0.009114378876984061,0.5191484689712524,0.42819934487342837,-0.016427719220519,0.5187428593635559,0.3963172256946564,-0.02262014299631116,0.519618010520935,0.3685195028781891,-0.026939228922128605,0.5094015955924988,0.4912211298942566,-0.01131796631962054,0.5005767703056336,0.4576508462429047,-0.01931549347937102,0.49570510983467103,0.4338828444480896,-0.024079353362321802,0.492739462852478,0.4104617416858673,-0.027085844054818082
0.5320170402526856,0.5919310092926026,2.0228576147474087e-07,0.5549422979354859,0.5723906040191651,-0.013302533701062182,0.5706208348274231,0.5362259745597839,-0.01869915314018722,0.5791349768638612,0.5010766863822937,-0.023028073832392658,0.5869228124618531,0.47000651955604555,-0.02719310037791726,0.5501837015151978,0.474874484539032,-0.00895038098096842,0.5566426157951355,0.427890408039093,-0.0167194057255983,0.5602555036544801,0.39797640442848203,-0.02333927489817136,0.5629548668861389,0.3718286573886871,-0.028194649890065163,0.5352403998374939,0.4701381206512451,-0.00798833491280668,0.537990164756775,0.4193054556846619,-0.014583929441869202,0.5397600650787353,0.38570345044136045,-0.020967349410057044,0.5414233207702637,0.3575924754142761,-0.02576810941100114,0.5216275811195374,0.47620985507965086,-0.0089358894154429,0.5191774487495423,0.4279923558235168,-0.01616212539374822,0.518850040435791,0.39618119001388546,-0.022315191105008104,0.5197749614715577,0.3684264898300171,-0.026611026749014784,0.5093709588050842,0.4911747515201569,-0.011161382682621422,0.5005863428115844,0.45765171051025394,-0.019094008579850143,0.4957021474838257,0.4339283108711243,-0.02382147870957846,0.49272873997688293,0.4105216145515442,-0.026801789551973283
0.5320465803146363,0.5920827507972718,2.0165156513485275e-07,0.5549673914909363,0.5723891496658325,-0.0131312347948551,0.5706294775009155,0.5361084818840027,-0.018431559577584238,0.5791268467903137,0.5010074973106384,-0.02268987074494358,0.5868573784828186,0.4700307428836822,-0.026783980801701524,0.550146746635437,0.4749077677726746,-0.008769176527857721,0.5567229270935059,0.4277987539768219,-0.01645698845386502,0.5603441596031189,0.3978788912296295,-0.023006978631019543,0.5630000829696655,0.37177290320396417,-0.02781210616230962,0.5351893901824951,0.47022126317024227,-0.00786230983212584,0.5381021142005921,0.41924551725387577,-0.014409082941710883,0.5399190783500671,0.3856242835521698,-0.02077018246054646,0.5415743947029115,0.3575227320194244,-0.025546873733401244,0.5215772151947022,0.47631151080131534,-0.00884533282369372,0.5192160964012147,0.42798824310302735,-0.01601493582129472,0.5189427733421326,0.3961523592472076,-0.022164691239595382,0.5198893904685975,0.3683808922767639,-0.02646114155650132,0.5093329548835754,0.4912919461727142,-0.011087930388748602,0.5006067991256714,0.45772808194160464,-0.0189687974750995,0.495709490776062,0.4339763462543488,-0.02367717735469336,0.49271899461746216,0.4105546951293945,-0.026644233614206262
0.5320095539093017,0.5922205805778504,2.017371173224092e-07,0.554949164390564,0.5726274371147156,-0.013195519521832462,0.5706435203552246,0.5364829540252686,-0.0185518868267536,0.579138708114624,0.5012316107749939,-0.02284964360296722,0.5868439674377441,0.47011456489562986,-0.02697277665138242,0.5500902891159057,0.47489147782325747,-0.00883852764964098,0.5567185759544373,0.4277521133422852,-0.01653896644711492,0.5603277921676636,0.39783360362052916,-0.02310417480766768,0.5629598736763001,0.3716911315917969,-0.02791280709207054,0.5351200819015504,0.4702480733394623,-0.00788982640951866,0.5380423903465271,0.4192763566970825,-0.01442049611359826,0.5398380637168885,0.3856642246246338,-0.02075688280165192,0.5414581537246704,0.3575139224529267,-0.025528224185109083,0.5215073347091674,0.47633775472640993,-0.00883323252201078,0.519194221496582,0.4280566215515137,-0.01596195697784418,0.5189228773117066,0.39630262255668636,-0.02205915153026578,0.5198747277259828,0.3686180770397186,-0.026325422152876803,0.5092442154884338,0.49133076071739196,-0.01104579959064718,0.5004942536354066,0.45768164396286015,-0.01885478124022478,0.4956477463245392,0.4339176714420319,-0.023501494154334023,0.49273401498794556,0.4105192899703979,-0.026431062072515443
0.5320025682449341,0.5924880266189576,2.0102960434087437e-07,0.554899549484253,0.5729621052742004,-0.013232427835464461,0.5705673575401307,0.5367770910263061,-0.01864101141691206,0.5790963172912598,0.5014260888099671,-0.022990996390581102,0.5868626952171325,0.4702871024608612,-0.027170492336153963,0.5500702023506165,0.4750916838645935,-0.00897825416177506,0.556708014011383,0.4278944432735443,-0.01677516140043732,0.5603259325027465,0.39790357351303096,-0.023403350263833958,0.5629666328430176,0.37169935703277585,-0.028245371952652903,0.5351255655288697,0.470479679107666,-0.0080395938828587,0.5380170226097107,0.41947785615921024,-0.014633470959961342,0.5397757768630982,0.3858309507369996,-0.020990688353776883,0.5413638710975647,0.3576024413108826,-0.025784078240394543,0.5215322971343994,0.4765619158744812,-0.00899303704500196,0.5192535161972046,0.42826163172721865,-0.016145639121532378,0.5189805746078492,0.39651027917861936,-0.02220714576542374,0.519944429397583,0.36885885596275325,-0.02645258642733092,0.5092520475387574,0.49158490300178526,-0.01122384425252672,0.5004645586013794,0.45785526633262635,-0.01902260929346078,0.495635187625885,0.4339985668659211,-0.02363600395619864,0.49275804758071906,0.4105426013469696,-0.026546613872051202
0.531832504272461,0.5929836392402649,2.0096262289825976e-07,0.554770302772522,0.573474109172821,-0.013303482905030223,0.5705074191093444,0.5372026562690735,-0.01877349838614462,0.5790683269500733,0.5015948653221131,-0.023181028664112063,0.5868805170059205,0.4702596008777618,-0.02742071375250814,0.5499867916107178,0.47561086416244513,-0.009079836308956101,0.5566413640975952,0.42832895517349245,-0.0169564642012119,0.5602632164955139,0.398248541355133,-0.0236460734158754,0.5629200100898744,0.3719325482845306,-0.028530006483197184,0.5350985646247864,0.4709831893444061,-0.008133896254003,0.5379622578620911,0.4198783695697785,-0.014798039011657181,0.5396863579750061,0.3860797643661499,-0.021207704395055718,0.5412437200546265,0.35768746733665463,-0.02604243308305736,0.521545159816742,0.4770036995410919,-0.00908370558172462,0.5192676544189453,0.42858276963233954,-0.016284002736210758,0.5189467668533325,0.39669126868247984,-0.022348470240831343,0.5198682188987732,0.36891710162162783,-0.02659498937427992,0.5092707872390747,0.4919599831104278,-0.01131855659186836,0.500447428226471,0.45811877250671384,-0.01914748959243292,0.49562869071960447,0.43413170576095583,-0.023767071589827483,0.4927657127380371,0.41056821346282957,-0.026680895313620525
0.5316624402999878,0.5934792518615724,2.008956414556451e-07,0.5546410560607911,0.5739861130714417,-0.013374537974595983,0.5704474806785583,0.5376282215118409,-0.01890598535537718,0.5790403366088868,0.501763641834259,-0.023371060937643025,0.5868983387947083,0.4702320992946625,-0.02767093516886232,0.5499033808708191,0.4761300444602966,-0.00918141845613714,0.5565747141838073,0.4287634670734406,-0.01713776700198648,0.5602005004882813,0.398593509197235,-0.02388879656791684,0.562873387336731,0.3721657395362854,-0.028814641013741465,0.5350715637207032,0.4714866995811462,-0.008228198625147301,0.5379074931144714,0.4202788829803467,-0.01496260706335302,0.5395969390869141,0.3863285779953003,-0.02142472043633456,0.5411235690116882,0.3577724933624267,-0.02630078792572018,0.5215580224990845,0.47744548320770264,-0.00917437411844728,0.5192817926406861,0.4289039075374603,-0.016422366350889138,0.518912959098816,0.3968722581863403,-0.022489794716238937,0.5197920083999634,0.36897534728050235,-0.02673739232122892,0.5092895269393921,0.4923350632190704,-0.01141326893121,0.5004302978515626,0.4583822786808014,-0.01927236989140506,0.49562219381332395,0.4342648446559906,-0.02389813922345632,0.4927733778953552,0.41059382557868956,-0.026815176755189844
0.5315536737442017,0.5933543801307679,2.0152342585788575e-07,0.5545092940330505,0.5740470170974732,-0.013460416533052862,0.5704291224479676,0.5378085017204285,-0.01907816454768178,0.5789759874343873,0.5018356442451477,-0.023614802956581082,0.5867706775665283,0.4700920879840851,-0.02798248976469038,0.5498288631439209,0.47595861554145813,-0.00929092857986686,0.5564616203308106,0.42860925197601324,-0.0172977469861507,0.5600475192070007,0.3984126925468444,-0.024080138280987703,0.5626852750778198,0.3719658374786377,-0.029017193987965546,0.5350581526756287,0.4714273393154144,-0.00831627175211902,0.5378975987434388,0.4202437162399292,-0.015067198686301679,0.5396041512489318,0.38626943826675414,-0.02150716409087178,0.5411416172981263,0.3577688574790954,-0.026368553563952422,0.5215695261955261,0.47743718028068544,-0.009249859675765,0.5192442655563354,0.4288451790809632,-0.01649509519338602,0.5189012408256531,0.39681074023246765,-0.02249109037220474,0.5198066115379334,0.36894117593765263,-0.02669319286942476,0.5092918157577515,0.4923658072948456,-0.01148963309824462,0.5003901958465576,0.45841103196144106,-0.01935238689184184,0.4956103980541229,0.43429419994354246,-0.023943991586565905,0.49278568625450125,0.41065579652786255,-0.026831513643264724
0.5316526293754578,0.5932078480720521,2.0116713699280815e-07,0.5545461416244507,0.5737320303916932,-0.0133586019277572,0.5703809618949891,0.5374794602394104,-0.01896436400711532,0.5789479136466981,0.5016396164894104,-0.023505239561200104,0.586723291873932,0.4700139582157135,-0.02788569219410416,0.5498113512992859,0.47610845565795895,-0.009401157870888681,0.5564053297042847,0.4286162912845612,-0.01742577515542504,0.5599950313568115,0.39840356111526487,-0.024168207496404623,0.5626403570175171,0.3720030784606934,-0.0290676929056644,0.5350310206413269,0.4715441405773163,-0.00848133340477938,0.5378789186477662,0.4202715575695038,-0.015255357138812521,0.5396032214164734,0.3862596571445465,-0.021670842915773363,0.5411515831947327,0.3577920794486999,-0.026507026702165582,0.5215726733207702,0.4775202989578247,-0.009449142590165101,0.5192087888717651,0.42882367968559265,-0.016696639358997283,0.5188516974449158,0.39672417044639585,-0.022699971124529802,0.5197352647781373,0.36884018778800964,-0.02691438198089592,0.5094142079353333,0.49239139556884765,-0.01170997023582454,0.5004980802536011,0.45852318406105047,-0.01959129683673376,0.49566241502761843,0.43441018462181086,-0.024214674904942446,0.4927653789520264,0.41082450151443484,-0.027125249430537183
0.5316903829574585,0.5929064750671387,2.0196692673835062e-07,0.5545539498329163,0.5734556436538696,-0.013447341881692361,0.5702984213829041,0.5373653531074524,-0.019126578047871542,0.5788313984870911,0.5015985369682312,-0.023723578825592943,0.5865901231765747,0.46998512744903564,-0.028157371655106504,0.5497825860977174,0.4759866178035736,-0.00956511888653036,0.5563542127609253,0.4285367727279663,-0.01764818280935284,0.5599127650260924,0.3983793020248413,-0.0244345154613256,0.5625324487686157,0.3719560086727143,-0.029367819055914842,0.5349836111068726,0.4714069426059723,-0.008618849143385841,0.5378349304199219,0.4202612221240998,-0.015450589731335621,0.5395344495773315,0.3862886548042297,-0.021902183070778822,0.5410632967948914,0.35780397057533264,-0.02676312662661074,0.5215233922004701,0.4774314284324646,-0.009558994881808721,0.5191808462142945,0.4288450539112091,-0.016852873191237402,0.5187756180763246,0.39673311114311216,-0.022875245660543404,0.5196081757545471,0.3687914609909057,-0.027098565176129283,0.5094039916992188,0.4923707485198974,-0.011796764656901321,0.5005617022514344,0.4585699558258056,-0.019721718505024858,0.4956926107406617,0.434483653306961,-0.024360368400812082,0.49272975921630857,0.41091796159744265,-0.027274773642420723
0.5317696571350098,0.5925146102905274,2.0215337599438503e-07,0.5546125650405884,0.5730866074562073,-0.01344464644789692,0.5702700257301331,0.5371369361877442,-0.0191309787333011,0.5787829756736755,0.5015535950660706,-0.023722697794437343,0.58652423620224,0.4701333105564117,-0.028155834600329343,0.5497493624687195,0.4757546246051788,-0.009710160456597762,0.5563269853591919,0.42832471728324895,-0.01781275346875186,0.5598870873451233,0.3982317507266998,-0.02461051233112806,0.562494444847107,0.3718391120433807,-0.02954542562365528,0.5348900198936463,0.4712054550647736,-0.00875269602984186,0.5377465486526489,0.4201592445373535,-0.01558990590274332,0.5394381523132324,0.38627502918243406,-0.022033897042274445,0.5409419655799865,0.357845550775528,-0.0268902152776718,0.5214043855667114,0.47729088068008424,-0.009667651355266522,0.5191085457801818,0.4288606345653534,-0.01695189028978344,0.5187118887901306,0.39681426286697385,-0.022966491430997802,0.5195264339447022,0.3689403176307678,-0.027183666452765425,0.5093072414398193,0.49225282669067383,-0.011876796372234781,0.5005639910697937,0.4584258437156677,-0.019785603508353178,0.4956994116306306,0.43441702723503106,-0.02439844645559782,0.4926998794078827,0.4109606325626374,-0.027290390431880904
0.5317992091178894,0.5919635891914368,2.0140941501267664e-07,0.5546845078468323,0.5726946353912354,-0.013414412736892662,0.5702829360961914,0.5369031429290771,-0.019054957479238438,0.5788259267807008,0.5015427112579346,-0.023584754019975583,0.5865890622138977,0.4703915476799011,-0.02796684056520456,0.5497499108314514,0.47546094655990595,-0.00982972104102368,0.5563181400299072,0.4281385183334351,-0.0178874816745519,0.5598662853240967,0.3981316149234771,-0.02464112080633634,0.5624425649642945,0.3718457341194153,-0.02954386137425894,0.5348070859909058,0.47089959383010865,-0.00885002613067622,0.5376879334449769,0.4199805200099945,-0.01564354356378314,0.539374589920044,0.38621299266815184,-0.022057430073618847,0.5408610343933106,0.3578987896442414,-0.026898431032896023,0.5212929368019104,0.4770162463188171,-0.00972335524857038,0.5190868496894836,0.42874523997306824,-0.01698516607284542,0.5186976671218873,0.3968049049377441,-0.02303280346095556,0.5194950819015504,0.36906252503395076,-0.027273938432335824,0.5092215418815613,0.49195895791053773,-0.01187993232160802,0.5005569219589233,0.45808103084564206,-0.019792894646525318,0.49565751552581794,0.4342148005962371,-0.02442698962986464,0.49260095357894895,0.4109707355499268,-0.027330445498228023
0.5318382501602172,0.5917168736457825,2.0102923485865177e-07,0.5547694921493531,0.5726083278656007,-0.013393238373100719,0.5702625513076782,0.5369291782379151,-0.01900800950825208,0.5788871288299561,0.5016444563865662,-0.023496028035879066,0.5867309331893921,0.47066437602043154,-0.02784567289054388,0.5497714877128601,0.47559605240821834,-0.009966421313583801,0.5563867926597595,0.428287011384964,-0.017998252063989584,0.5599674463272095,0.39830781817436217,-0.02471541017293924,0.562560796737671,0.3720820605754852,-0.02959201335906978,0.534739327430725,0.4709026277065277,-0.008955050259828519,0.5376246333122253,0.41995171308517454,-0.015726750157773462,0.5392954468727112,0.3862549424171448,-0.022116759419441162,0.5407585620880128,0.35797658562660223,-0.0269386827945709,0.5211810588836671,0.47695067524909973,-0.00977450553327794,0.5190617203712463,0.428746098279953,-0.01702258214354512,0.518675172328949,0.3968612253665924,-0.023100658506154958,0.5194534659385681,0.3691916823387146,-0.027359081432223282,0.5091217041015625,0.491783344745636,-0.01186405941843982,0.5005703449249268,0.4578511416912079,-0.01976985037326808,0.49570143222808843,0.4340908944606781,-0.024413980543613382,0.4926594138145447,0.4109971702098847,-0.027320088818669264
0.5317573547363281,0.5915890216827393,2.0188988969493948e-07,0.554836094379425,0.5726762533187867,-0.013533565029501881,0.570313322544098,0.5372055053710938,-0.01923144049942488,0.5788802385330201,0.5019043803215028,-0.023769403994083345,0.5868003487586975,0.470913428068161,-0.028174661472439723,0.5498250603675843,0.4757037699222565,-0.010141460597515061,0.5564126253128052,0.42838479280471803,-0.0181958578526973,0.5599738359451294,0.3984043538570404,-0.024926575273275322,0.5625519037246705,0.3721784770488739,-0.029812712967395745,0.5347347140312195,0.47099900245666504,-0.00903992205858226,0.5376654028892517,0.4200208783149719,-0.01583737041801212,0.539327609539032,0.3863331139087677,-0.022241648659110002,0.5407860398292541,0.35801027417182923,-0.027075607702136,0.5211321473121643,0.4770207524299622,-0.00977191943675274,0.5191379308700562,0.42886664867401125,-0.01703894995152948,0.518779742717743,0.39694338440895083,-0.02314278297126288,0.5195693969726562,0.369251525402069,-0.027415253221988643,0.5090272545814515,0.49176086783409123,-0.011776813305914341,0.50056471824646,0.45767701864242555,-0.019682962074875802,0.4957514703273773,0.43395579457283023,-0.02433137334883208,0.49274654984474187,0.41096839308738714,-0.027241116762161205
0.5318090796470643,0.5914152503013611,2.018447332829965e-07,0.5549488425254823,0.5725579977035522,-0.01347323879599566,0.5704038262367248,0.5372189164161681,-0.019144720956683122,0.5789653301239014,0.5019728779792786,-0.023661192134022666,0.5869216918945312,0.47106502652168275,-0.028049908205866784,0.5498939752578735,0.47579568028450014,-0.0101131290197372,0.556471335887909,0.42849573493003845,-0.018117604777216842,0.5600367784500122,0.39853330850601193,-0.024788729846477463,0.562627387046814,0.3723792910575866,-0.029633036255836444,0.5347863435745239,0.4710686683654785,-0.009006735309958401,0.5377735257148744,0.42005689144134517,-0.01577753238379952,0.5394750952720643,0.38636389970779417,-0.022147027030587144,0.540979540348053,0.3580376327037811,-0.02695624865591522,0.5211803436279298,0.47704040408134457,-0.0097250690683722,0.5192174911499023,0.428895753622055,-0.01698119826614854,0.5188864588737488,0.3969907402992249,-0.0230941746383905,0.5196957230567932,0.3693390667438507,-0.02737449966371054,0.5090876817703247,0.4916652739048004,-0.0117038451135158,0.5006216287612916,0.457543557882309,-0.019608887657523118,0.4958290994167328,0.4338684856891632,-0.024280591681599562,0.4928462982177734,0.41096416711807254,-0.027210811525583224
0.5318608045578003,0.5912414789199829,2.017995768710535e-07,0.5550615906715393,0.5724397420883178,-0.01341291256248944,0.5704943299293518,0.5372323274612426,-0.019058001413941362,0.5790504217147827,0.5020413756370544,-0.023552980273961983,0.587043035030365,0.47121662497520445,-0.027925154939293845,0.5499628901481628,0.4758875906467438,-0.01008479744195934,0.5565300464630127,0.4286066770553589,-0.018039351701736383,0.560099720954895,0.3986622631549835,-0.024650884419679605,0.5627028703689575,0.3725801050662994,-0.029453359544277143,0.5348379731178284,0.47113833427429197,-0.008973548561334541,0.5378816485404969,0.42009290456771853,-0.01571769434958692,0.5396225810050964,0.3863946855068207,-0.022052405402064282,0.5411730408668518,0.358064991235733,-0.02683688960969444,0.5212285399436951,0.47706005573272703,-0.00967821869999166,0.5192970514297486,0.4289248585700989,-0.0169234465807676,0.5189931750297546,0.3970380961894989,-0.023045566305518118,0.5198220491409302,0.36942660808563227,-0.02733374610543244,0.509148108959198,0.4915696799755096,-0.01163087692111726,0.500678539276123,0.4574100971221924,-0.019534813240170437,0.49590672850608825,0.4337811768054962,-0.024229810014367043,0.49294604659080504,0.41095994114875795,-0.027180506289005243
0.5319772005081177,0.5913511276245117,2.0314021753620187e-07,0.555155348777771,0.572478997707367,-0.01341998260468238,0.5705294609069824,0.5373790383338929,-0.01912292689085004,0.5790149092674255,0.5021760940551758,-0.023674104362726184,0.5870447039604187,0.4713360667228699,-0.028098957613110525,0.5500326156616211,0.47604014277458184,-0.010102550685405701,0.5565820217132569,0.42873370051383974,-0.018105016276240282,0.5601511836051941,0.3987574517726898,-0.024746645987033807,0.5627780556678772,0.3726592600345611,-0.029565719142556145,0.5348911881446838,0.47129068970680243,-0.008998290076851781,0.5379249691963196,0.42014551162719727,-0.015786930546164483,0.5396984100341796,0.386473149061203,-0.02212908193469044,0.5413035154342651,0.3581453382968902,-0.02690521366894242,0.5212394952774048,0.4772005915641785,-0.00970997791737314,0.5192713260650635,0.42900991439819336,-0.0169835679233074,0.5190055012702942,0.39709907174110415,-0.02308183982968328,0.5198858499526977,0.36947067379951476,-0.02734514847397796,0.509116792678833,0.49169080853462216,-0.01166740171611304,0.5006831526756286,0.4575212895870209,-0.019565691053867303,0.49601145982742306,0.43385016918182373,-0.024229663237929286,0.4931503713130951,0.41095643639564516,-0.027155049517750704
0.5319516420364381,0.5917207479476929,2.0401081144427737e-07,0.5552167057991028,0.5726214408874511,-0.013511123321950381,0.5705889344215394,0.5373890042304993,-0.019232296571135482,0.5790383815765381,0.5021658182144165,-0.023787274584174123,0.5870610237121582,0.47137908935546874,-0.02822118774056432,0.5500368356704712,0.47640377283096313,-0.01020135134458538,0.5565614700317383,0.4290210366249085,-0.01822897605597966,0.5601556301116943,0.3990051329135894,-0.024901171028614003,0.5628277778625488,0.3728500783443451,-0.029748263210058162,0.5348790287971497,0.47167795300483706,-0.009055441059172081,0.5379257678985596,0.4204980373382568,-0.01588560715317722,0.5396908164024353,0.38673334717750557,-0.02230781726539132,0.5413113236427307,0.35831004381179804,-0.02715181037783618,0.5212246656417847,0.47757961153984074,-0.00972868036478754,0.5192968606948853,0.42935618758201605,-0.0170461233705282,0.5189859747886657,0.39735488295555116,-0.023244157060980777,0.5198375344276429,0.36969991922378537,-0.027580388635396882,0.5091036438941956,0.4920366048812866,-0.01165005620568986,0.5006731629371644,0.45776757001876833,-0.019582975655794102,0.49600804448127744,0.43399475812911986,-0.024317988008260686,0.49316805601119995,0.4110351026058197,-0.027305060252547225
0.5319815039634705,0.5918872237205506,2.0344888582712885e-07,0.555170476436615,0.5727655172348023,-0.013502858020365181,0.5706288456916809,0.537310802936554,-0.019175311550497964,0.5791097640991212,0.5021744847297669,-0.023698675259947743,0.5871092796325683,0.47145002484321596,-0.028099872544407822,0.5500743746757508,0.4763941586017608,-0.010091193579137282,0.556581723690033,0.4292004525661468,-0.018146123364567703,0.5601811051368714,0.3992416977882385,-0.0248700469732284,0.5628636479377747,0.37308775782585146,-0.0297592651098966,0.5349618673324585,0.4716891407966614,-0.00899793487042182,0.5379429817199708,0.4206597745418549,-0.01586574576795096,0.5396833658218384,0.38693937659263616,-0.022354653477668743,0.541291105747223,0.3585433602333069,-0.027243743836879702,0.5213087916374207,0.4776459336280823,-0.00973435714840886,0.5193221807479859,0.42950947284698493,-0.01710615158081052,0.5189772963523865,0.3976082265377045,-0.02333165332674978,0.5198068141937257,0.3699929893016815,-0.027676802873611385,0.5091209411621094,0.492230612039566,-0.011726162768900362,0.5007235407829285,0.45804376006126407,-0.019715043157339043,0.4960233092308044,0.4342409789562225,-0.02447156943380828,0.4931393086910248,0.4111437380313873,-0.027468403056263885
0.5319400191307068,0.5920868277549743,2.0316313964485744e-07,0.5551092982292175,0.5729607224464417,-0.01352846063673492,0.5706759929656983,0.5372921466827393,-0.019180434197187363,0.5791741728782654,0.502178955078125,-0.023686015978455502,0.5871659874916078,0.47147057652473445,-0.02807232961058614,0.5500926852226258,0.4764634966850281,-0.010068876482546282,0.5565900564193725,0.4293541669845582,-0.018145617470145183,0.5601959109306336,0.399428915977478,-0.02490083239972586,0.5628782272338867,0.3732933878898621,-0.029811939224600723,0.5349840521812439,0.47176678180694576,-0.00899984370917076,0.5379215002059937,0.42075926065444946,-0.015892790444195223,0.5396475553512573,0.3870764076709748,-0.02242501117289064,0.5412375330924988,0.3587442278862,-0.027337510511279084,0.521311593055725,0.47773533463478085,-0.0097676023840904,0.5193076014518738,0.4295845210552216,-0.01717268936336038,0.5189517974853516,0.3977197408676148,-0.02342736199498174,0.5197723865509034,0.37013472318649293,-0.027783316746354043,0.5090654253959657,0.49238469004631036,-0.01179669126868244,0.500714111328125,0.45821306705474857,-0.01981548257172102,0.49599940776824947,0.43441001176834104,-0.02458099760115142,0.4930943071842193,0.41126922369003294,-0.027578381076455084
0.5319943904876709,0.592134952545166,2.0248943144451914e-07,0.5551307439804077,0.5730220317840576,-0.013487066142261002,0.5707470536231996,0.537235164642334,-0.01908875703811638,0.5792264342308044,0.502156925201416,-0.02355092465877528,0.587211287021637,0.4714780509471893,-0.02789925672113892,0.5501247048377991,0.47646130919456486,-0.009982406534254501,0.5566346168518066,0.4293736040592193,-0.018015147745609243,0.5602345228195191,0.39943455457687377,-0.024740602076053563,0.5628843545913697,0.3733148038387299,-0.029633612558245582,0.5350311398506165,0.4718331754207611,-0.008934212662279561,0.5379137635231018,0.4207945644855499,-0.01579376775771374,0.5396246910095215,0.3871637880802155,-0.022314853221178023,0.5411829710006714,0.3589267849922181,-0.027212197706103305,0.5213611602783202,0.4778547346591949,-0.009720050916075682,0.5193118333816528,0.42965208888053896,-0.0171062398701906,0.5189742326736451,0.3977576911449433,-0.02337117604911324,0.5197963237762452,0.3701271414756775,-0.027732050046324685,0.5090898633003236,0.4925649642944335,-0.01176297143101688,0.5007587075233461,0.45843611955642705,-0.01977280154824252,0.49605100750923153,0.4346011281013489,-0.024539455771446183,0.49314229488372796,0.41139637827873227,-0.027536046132445303
0.5320287346839905,0.5919664740562439,2.0130424331910036e-07,0.5551378726959229,0.5729355573654175,-0.01344218775629994,0.5707629203796387,0.5371326327323913,-0.019013649970292982,0.5792578935623169,0.5020702242851257,-0.023460825532674742,0.5872362852096558,0.47142647504806523,-0.027806716412305803,0.550124478340149,0.47649045586586003,-0.00999283716082568,0.5566511034965516,0.42939592003822324,-0.018016902357339822,0.5602550148963928,0.3995027899742127,-0.024718720465898462,0.5628897905349732,0.3733584344387055,-0.029605373740196162,0.5350757241249084,0.47192950844764703,-0.00897781327366824,0.53791663646698,0.4209141552448273,-0.015855489112436703,0.5396369218826295,0.3872834146022797,-0.022366603091359103,0.5411822557449342,0.3589842796325684,-0.027260567620396584,0.5214679837226868,0.47804157733917235,-0.00979421306401488,0.5192819356918336,0.42988499402999886,-0.017216039076447462,0.5189310908317566,0.39794553518295295,-0.02348862253129478,0.5197262525558473,0.37019037008285516,-0.027854202315211265,0.5092570900917054,0.49283131361007687,-0.01186230946332212,0.5008391499519349,0.4587160587310792,-0.01991470344364638,0.4960765361785888,0.43483433723449705,-0.024709866940975142,0.4931005895137787,0.41151836514472956,-0.027733305841684323
0.5322498321533203,0.5916213750839234,2.0001363907340421e-07,0.5551967740058898,0.5728278636932373,-0.01334966458380218,0.5707651615142822,0.5371166229248048,-0.01891308389604086,0.5792805552482605,0.5021038293838501,-0.02338368780910964,0.5872642755508424,0.47148093581199646,-0.027766580879688224,0.5502042889595032,0.4764981865882874,-0.00999599918723102,0.556711220741272,0.42948720455169676,-0.01807706542313096,0.560295844078064,0.39964996576309203,-0.02478523366153234,0.562910830974579,0.37349919676780696,-0.02967937253415578,0.5352022767066955,0.47198693752288823,-0.00908387508243318,0.5379552721977234,0.4209303975105286,-0.016038939543068342,0.5396932721138,0.38735273480415344,-0.022535486146807643,0.5412545442581177,0.35896517634391784,-0.02740537747740744,0.5216458559036254,0.47819836139678956,-0.01000156030058856,0.5192828059196473,0.4300471425056458,-0.01751737222075458,0.5189267754554748,0.3980362832546234,-0.02376285381615158,0.5197193980216981,0.3700999915599823,-0.028093380853533703,0.5094824790954591,0.4931362986564636,-0.01216263063251968,0.5009882807731629,0.4590949773788453,-0.02029550261795516,0.49616274833679197,0.43512995243072505,-0.02509189955890172,0.4931100606918335,0.411618161201477,-0.02811197489500044
0.5322694778442383,0.591432785987854,2.0058507459452813e-07,0.555219542980194,0.5728317618370056,-0.013435476087033701,0.5706477761268616,0.5373607993125916,-0.01906091086566444,0.5791706442832947,0.5022629022598266,-0.02357927225530142,0.5872420430183412,0.47155563235282905,-0.028007404506206465,0.550261914730072,0.4764844357967377,-0.010073874332010702,0.556767463684082,0.42951399087905884,-0.0181681919842958,0.560311245918274,0.39964681267738345,-0.024878402426838822,0.5628971934318543,0.3734576106071473,-0.0297842346131801,0.5352528929710388,0.47193549275398256,-0.00910901408642526,0.5379767537117005,0.421001946926117,-0.01606884729117148,0.53967787027359,0.38744684457778933,-0.022542271390557263,0.5412379622459411,0.35900222659111025,-0.027403256297111482,0.5216967463493347,0.4781902253627778,-0.00998147632926696,0.519267201423645,0.430154025554657,-0.01750745251774784,0.5188462018966675,0.39815873503685,-0.023739004135131803,0.5196217536926271,0.3701558470726013,-0.02806507572531696,0.5095464944839478,0.4932146608829498,-0.01210305169224734,0.5009978771209717,0.4593043982982636,-0.020260238274931862,0.4962115466594696,0.4353293240070342,-0.02508033961057656,0.4932365119457245,0.4117549359798431,-0.02812117189168928
0.5322891235351563,0.5912441968917846,2.0115651011565208e-07,0.5552423119544982,0.572835659980774,-0.013521287590265219,0.570530390739441,0.5376049757003785,-0.019208737835288023,0.5790607333183289,0.5024219751358032,-0.0237748567014932,0.5872198104858399,0.4716303288936615,-0.028248228132724703,0.5503195405006409,0.476470685005188,-0.010151749476790381,0.5568237066268922,0.42954077720642087,-0.018259318545460642,0.5603266477584838,0.39964365959167486,-0.0249715711921453,0.5628835558891296,0.3734160244464874,-0.029889096692204423,0.5353035092353821,0.47188404798507694,-0.009134153090417341,0.5379982352256776,0.4210734963417053,-0.01609875503927462,0.5396624684333802,0.38754095435142516,-0.022549056634306883,0.5412213802337646,0.3590392768383026,-0.027401135116815523,0.521747636795044,0.4781820893287658,-0.00996139235794536,0.5192515969276428,0.4302609086036683,-0.0174975328147411,0.5187656283378601,0.39828118681907654,-0.023715154454112024,0.5195241093635559,0.37021170258522035,-0.02803677059710022,0.5096105098724366,0.493293023109436,-0.012043472751975,0.5010074734687806,0.4595138192176819,-0.020224973931908564,0.4962603449821472,0.4355286955833435,-0.0250687796622514,0.4933629631996154,0.4118917107582092,-0.028130368888378117
0.5323284268379211,0.5914560556411743,2.0199800587761274e-07,0.5551280975341797,0.5731532573699951,-0.0136148110032081,0.5704027533531189,0.5379285097122193,-0.0193918529897928,0.5790332198143006,0.5026079058647156,-0.024051544070243784,0.5872706890106202,0.471711266040802,-0.028615189716219843,0.5502952218055726,0.47675247788429265,-0.01020450443029398,0.5567384123802186,0.42984397411346437,-0.018416100367903643,0.5602300882339477,0.3999222576618195,-0.025217323005199403,0.5628082990646363,0.3736551105976105,-0.03018806800246234,0.5353042840957642,0.47210471034049994,-0.0091967355459928,0.5379497051239014,0.42133058309555055,-0.016235157847404418,0.5396037101745605,0.38772203922271725,-0.02272431366145608,0.5411871194839478,0.3591196954250335,-0.027597656473517362,0.5217622041702271,0.47834296822547917,-0.010053291544318119,0.5191961407661438,0.43048486709594724,-0.01763164810836312,0.5186631202697753,0.39846123456954957,-0.023804362490773164,0.5194111585617066,0.370394229888916,-0.028086357936263042,0.5096535563468934,0.4934558868408203,-0.01218332406133406,0.5010014533996583,0.45964145064353945,-0.020360961556434583,0.49624155163764955,0.4356158137321472,-0.02514753676950924,0.4933559477329254,0.4119254112243652,-0.02816609032452104
0.5322715163230897,0.5917840123176575,2.021619451397783e-07,0.5550337195396424,0.5734912991523743,-0.01359475590288634,0.570377266407013,0.5380739688873292,-0.01931947693228718,0.5790622234344482,0.5027417063713074,-0.02392252236604684,0.5872458696365357,0.4718181371688843,-0.028419587761163646,0.5502670764923097,0.47701058387756345,-0.010136384703218879,0.5567375302314759,0.4300706386566162,-0.018299092724919263,0.5602212309837341,0.4000839412212372,-0.02507200539112088,0.5627681016921997,0.37381752133369445,-0.0300132859498262,0.535250759124756,0.4722612798213959,-0.009111805073916861,0.5379447937011719,0.4214513599872589,-0.01608462333679194,0.5395708918571474,0.38777872920036316,-0.0225485574454069,0.541096591949463,0.35918789505958554,-0.027402968704700423,0.5216889142990112,0.47835758924484256,-0.0099472384899854,0.5192320346832275,0.4305002629756927,-0.017435934767127,0.5186986446380616,0.39855873584747314,-0.023574836924672105,0.51941237449646,0.370581978559494,-0.02784039489924902,0.5095421552658081,0.4933560907840729,-0.01205927114933722,0.5009489059448242,0.45959015488624577,-0.02015084549784656,0.4962035655975342,0.4356361448764801,-0.02488868497312062,0.4933297097682953,0.41205358505249023,-0.027871248871087998
0.5321580886840821,0.5920840620994567,2.0217477185724423e-07,0.5549030542373657,0.5736246466636659,-0.013473162241280041,0.5703361868858338,0.5380971550941467,-0.0191079672425985,0.5790574431419373,0.5027730822563172,-0.02363230995833868,0.5872167348861694,0.4718067944049835,-0.028033883124589862,0.5501315116882325,0.4769978761672974,-0.009843121841549821,0.5566709280014038,0.43002771139144896,-0.01788638420402998,0.5601652026176454,0.4000168323516845,-0.02460260167717932,0.5626800417900085,0.3737652957439423,-0.02949211485683914,0.5351550579071045,0.47219579219818114,-0.008822536095976781,0.5379026055335999,0.4213737308979034,-0.0156387889757752,0.5395345330238343,0.38770627379417416,-0.02201724387705324,0.5410059452056886,0.3592649817466736,-0.026809751242399163,0.5215959072113038,0.4781683683395386,-0.00965864360332484,0.5192176699638367,0.43031072020530703,-0.01697190217673776,0.518736970424652,0.39852497577667234,-0.02298585809767242,0.5194538235664368,0.37071784138679503,-0.027171225473284683,0.509409773349762,0.4930284142494201,-0.011772949434816762,0.5008322834968567,0.4592271745204926,-0.019687929749488783,0.4961334824562073,0.43539832234382625,-0.0242854986339807,0.4932962954044342,0.411991560459137,-0.0271631848067045
0.532178270816803,0.5923455834388733,2.0111083358642646e-07,0.5548486232757569,0.5736826419830323,-0.013267602026462523,0.5703739285469056,0.5379579782485963,-0.01879884935915466,0.5791271686553955,0.5026699542999268,-0.023246554657816842,0.5871780514717102,0.4717415332794189,-0.02757521793246264,0.5499729514122009,0.47724346518516536,-0.00969419013708826,0.5565573453903199,0.4300994873046875,-0.017679267376661263,0.5600948691368103,0.40004999637603755,-0.02434192337095736,0.5626147150993347,0.3737936675548554,-0.02917562536895272,0.5350435018539429,0.4724301040172577,-0.00875241160392756,0.5378241181373596,0.42132489085197444,-0.01549602299928662,0.5395124673843384,0.3876108348369598,-0.02181590534746644,0.5409652471542359,0.35923631191253663,-0.02655551135540004,0.5215330362319947,0.47828367352485657,-0.009645031206309761,0.5191855072975159,0.43022685050964354,-0.0168640602380037,0.5187996864318848,0.39839631915092466,-0.02280120961368078,0.5195342659950256,0.37064273953437804,-0.0269307758659124,0.5093937993049622,0.4929762184619903,-0.011800500564277101,0.5007967710494995,0.458999103307724,-0.019596478343009902,0.49608579277992254,0.43516111373901367,-0.02408285401761528,0.49320279955863955,0.4118432939052582,-0.02687751129269598
0.5321557760238648,0.5926051855087281,1.9974666827238254e-07,0.554758095741272,0.5737923622131349,-0.01313636042177674,0.5703662276268006,0.5378273367881775,-0.01858461983501906,0.5791803598403931,0.5025709033012391,-0.02297291606664654,0.5871573805809022,0.47167593240737915,-0.02723968289792534,0.5498737692832947,0.47719082832336424,-0.00948181524872776,0.5564812660217285,0.43005714416503904,-0.017418294399976702,0.5600365400314331,0.400043922662735,-0.02408243902027606,0.5625510811805725,0.373753422498703,-0.02892035916447636,0.5349949479103089,0.4724124789237976,-0.00861408915370698,0.537753462791443,0.4212292194366455,-0.015303270891308762,0.5394701123237611,0.3875286519527435,-0.02162079513072964,0.5408969759941101,0.3591696977615357,-0.02636266909539696,0.5215193390846252,0.47823554873466495,-0.00957908201962706,0.519175398349762,0.43013806343078614,-0.016740270331501918,0.5188628673553467,0.3983101367950439,-0.02264142408967012,0.5196024775505066,0.3705484390258789,-0.026748822256922686,0.5093987226486206,0.4928486585617065,-0.01180537845939392,0.5007970333099365,0.4587261199951172,-0.01953614167869086,0.49603522419929513,0.4348830103874206,-0.023956592008471462,0.4930659413337708,0.41156378388404846,-0.02670611031353472
0.5320320725440979,0.5925927758216858,1.9905855026536305e-07,0.5547341942787171,0.573638916015625,-0.01310874745249746,0.5703675389289856,0.5375660181045533,-0.01850786283612246,0.5791499733924865,0.5024317026138305,-0.02283999435603614,0.5869955658912659,0.4715030491352081,-0.0270502962172031,0.5498096466064453,0.47700544595718386,-0.0094955578446388,0.5564603686332703,0.4298642039299011,-0.0174065753817558,0.5600368618965149,0.39986453056335447,-0.02405319437384604,0.5625401496887207,0.3735124707221985,-0.02889145649969574,0.5349223494529725,0.47223634719848634,-0.0086346667259931,0.5377201557159424,0.42102167606353763,-0.01531027890741822,0.5394721388816834,0.3873603522777557,-0.021629614010453203,0.5408891439437866,0.3590202331542969,-0.026382705569267244,0.5214593172073364,0.4781129121780396,-0.009600841626524881,0.5191381931304933,0.42997135519981383,-0.01676278635859484,0.5188764214515686,0.3981627404689788,-0.022698022797703683,0.5196200489997864,0.37034392952919004,-0.026836408674716903,0.5093670964241028,0.4927582204341888,-0.01182379368692632,0.5008143424987793,0.45864236950874326,-0.01958227828145022,0.4960353016853333,0.434795606136322,-0.024044617637991882,0.4930085837841034,0.4114749312400818,-0.026829322800040224
0.53200364112854,0.5924138903617859,1.9949721377088284e-07,0.5547159790992737,0.5733818292617798,-0.0131645245477557,0.5703471422195435,0.5373906612396241,-0.018606262654066043,0.5791259169578552,0.502292549610138,-0.02298242002725598,0.5869299650192261,0.4712593734264373,-0.02723506093025204,0.549721109867096,0.47666885852813723,-0.00946206711232658,0.5563552498817443,0.42962860465049746,-0.017399194464087442,0.5599464416503906,0.399690967798233,-0.024084754288196543,0.5624740719795227,0.37334585189819336,-0.028949313983321137,0.5348865866661072,0.4719485938549042,-0.00859591923654074,0.5376899600028993,0.42081747651100165,-0.015269597992300963,0.5394759535789491,0.38721129298210144,-0.02158998288214204,0.540943443775177,0.35893285274505615,-0.026345347613096204,0.5214451670646667,0.477909117937088,-0.00957448258996004,0.5190989732742309,0.4297598242759705,-0.016735568642616223,0.5188557147979737,0.3979333579540253,-0.02264569699764244,0.5196400284767151,0.37010834813117977,-0.026767290011048283,0.5093748688697816,0.492658269405365,-0.011821603588759862,0.5008185148239136,0.4585548281669617,-0.01957569085061544,0.4960365891456604,0.43467612266540523,-0.02401540651917454,0.49301007986068723,0.4113283276557922,-0.026785745844244924
0.5319575905799866,0.5923527836799621,2.0020653437313743e-07,0.5547188639640809,0.5732074141502381,-0.013154074177145942,0.5703284025192261,0.5372145652770997,-0.01860563084483142,0.5790866136550903,0.5021610021591186,-0.02299156785011288,0.5868775010108949,0.47108964323997493,-0.027249970287084542,0.549711275100708,0.47646508216857913,-0.00942138340324158,0.5563320398330689,0.42947740554809566,-0.017343568056821763,0.5599147319793701,0.39957538247108465,-0.024020874500274625,0.562449061870575,0.37323941588401793,-0.028884229436516702,0.5348690986633301,0.4717525601387024,-0.008558370918035461,0.5376967191696168,0.42061189413070676,-0.0152156829833984,0.5395227074623108,0.3870040357112885,-0.021519374474883064,0.541049063205719,0.35870428681373595,-0.026262021437287283,0.5214148283004761,0.47774825096130374,-0.00954491924494498,0.5190354824066163,0.42956328988075254,-0.01669664308428758,0.5188261508941652,0.3977296710014343,-0.022600766643881724,0.519667422771454,0.369869863986969,-0.026722051575779882,0.5093506813049317,0.49251661896705623,-0.011799169145524462,0.500782310962677,0.4584358692169189,-0.01954568549990648,0.4960177958011627,0.43456060290336607,-0.02398642934858794,0.4930254340171814,0.41117941141128533,-0.026763788983225782
0.5319115400314331,0.5922916769981384,2.0091585497539203e-07,0.5547217488288879,0.5730329990386963,-0.013143623806536182,0.5703096628189087,0.5370384693145752,-0.0186049990355968,0.5790473103523254,0.5020294547080993,-0.023000715672969782,0.5868250370025635,0.47091991305351255,-0.027264879643917043,0.5497014403343201,0.47626130580902104,-0.00938069969415658,0.5563088297843933,0.4293262064456939,-0.017287941649556084,0.5598830223083496,0.3994597971439362,-0.0239569947123527,0.5624240517616272,0.3731329798698425,-0.02881914488971226,0.534851610660553,0.4715565264225007,-0.008520822599530182,0.5377034783363343,0.420406311750412,-0.01516176797449584,0.5395694613456726,0.3867967784404755,-0.021448766067624084,0.541154682636261,0.35847572088241575,-0.026178695261478365,0.5213844895362854,0.4775873839855194,-0.00951535589992992,0.5189719915390015,0.42936675548553466,-0.016657717525958942,0.5187965869903565,0.3975259840488434,-0.022555836290121,0.5196948170661927,0.3696313798427582,-0.026676813140511485,0.5093264937400818,0.4923749685287475,-0.011776734702289062,0.5007461071014405,0.4583169102668762,-0.01951568014919752,0.49599900245666506,0.4344450831413269,-0.02395745217800134,0.4930407881736755,0.4110304951667786,-0.02674183212220664
0.5318267583847046,0.5924198269844055,2.0144593406712378e-07,0.5547150850296021,0.5729379296302796,-0.013095445372164222,0.5703685641288757,0.5368576169013977,-0.01854761615395542,0.5790363788604735,0.5019036054611207,-0.02293546162545676,0.5866701364517212,0.47074587345123287,-0.027195867523550944,0.5496094584465027,0.476351273059845,-0.00947202518582338,0.5562316656112671,0.4291939795017242,-0.017418660596012984,0.5598596096038818,0.39925308823585515,-0.024082657322287503,0.5624567389488221,0.3729290127754211,-0.028918189927935545,0.5347577929496765,0.471646136045456,-0.008624720759689761,0.5376840233802795,0.42032450437545776,-0.015292411670088721,0.5395974397659302,0.38661171197891236,-0.02157081961631774,0.5412162065505981,0.3582978427410126,-0.026280026510357782,0.5213102340698241,0.47764230370521543,-0.009618398919701501,0.5188917517662048,0.4292612075805664,-0.01675714291632168,0.5187415719032288,0.39733492732048037,-0.022654490917920978,0.5196718215942383,0.3694676280021667,-0.026772475615143745,0.5092921257019043,0.4924055755138397,-0.011868759244680362,0.5006880044937134,0.45835238695144653,-0.01958440393209452,0.49597594738006584,0.4344215214252472,-0.02401502020657056,0.4930631041526794,0.4110250890254975,-0.026789862290024703
0.5317589640617371,0.5926452040672302,2.0112285028517366e-07,0.5546958446502686,0.5731008768081666,-0.013158707320690122,0.5703922510147095,0.5369801998138428,-0.01866832487285134,0.5790005087852479,0.5019075632095338,-0.023102552443742704,0.5866083264350891,0.470699030160904,-0.027405415847897484,0.5495447516441345,0.476426899433136,-0.00961409583687776,0.5561557412147522,0.42918769717216493,-0.017641707509756,0.5597579717636109,0.39918222427368166,-0.024360322952270443,0.562354874610901,0.37280802130699153,-0.0292281668633222,0.5347190737724304,0.4716841399669648,-0.00874961204826828,0.5376737594604493,0.42032544016838075,-0.01548802554607386,0.5395978450775147,0.38654735684394836,-0.021801656857132902,0.5412437319755554,0.3581986963748932,-0.026531361415982186,0.5212947726249695,0.4776508092880249,-0.009724546596407821,0.5188772439956665,0.42916075587272645,-0.0169101879000663,0.5187405824661255,0.39720381498336793,-0.02282392829656594,0.5197247385978699,0.36935811638832095,-0.026951693743467304,0.5092942118644714,0.4924442946910858,-0.01195964533835644,0.5005830764770508,0.4584178447723389,-0.01971588656306262,0.49588668346405035,0.4344083905220032,-0.02417882755398744,0.49305206537246704,0.41094595193862915,-0.0269720740616321
0.5316857099533082,0.5927589535713196,2.0179663806629838e-07,0.5546209454536437,0.5731827259063721,-0.01321868915110822,0.5703413724899291,0.5371434926986695,-0.018787318468093842,0.5788578629493714,0.5019447207450867,-0.023268190771341263,0.5865081071853637,0.4706781327724457,-0.0276049174368381,0.5495043992996216,0.47642531991004944,-0.00967854484915728,0.556143617630005,0.4290954828262329,-0.01775378696620456,0.5597338080406189,0.3990580558776856,-0.02451276779174798,0.5623173952102661,0.3726359665393829,-0.02940333411097522,0.5347021818161011,0.47171133756637573,-0.008796692639589281,0.537707245349884,0.4203109204769135,-0.01558211669325822,0.5396310210227967,0.38644896745681767,-0.02192967794835566,0.5412570118904114,0.3580537021160126,-0.02668118029832834,0.5212755560874939,0.4776400446891785,-0.00975605174899094,0.5188529610633851,0.4291370749473572,-0.01697072163224214,0.5187168717384338,0.39713952541351316,-0.0228848755359649,0.519716453552246,0.3692986488342285,-0.02700762674212452,0.5092252373695374,0.49236896038055417,-0.01198113095015282,0.5004581332206726,0.45828497409820557,-0.01974707432091232,0.4958030581474304,0.43423332571983336,-0.02420667074620718,0.49304466843605044,0.4107405304908753,-0.02699185758829112
0.5316241145133973,0.5927661299705506,2.0241215565874888e-07,0.5545248746871948,0.573310947418213,-0.013413969054818101,0.570297646522522,0.5373920321464538,-0.0190852519124746,0.578737473487854,0.5020612359046936,-0.023643089458346297,0.5864101767539978,0.47068649530410767,-0.028042615577578502,0.5494741797447205,0.47627596259117133,-0.00980647522956128,0.5561258435249329,0.4289575099945068,-0.01796943023800842,0.559696090221405,0.39890224933624274,-0.024818395823240223,0.5622542977333069,0.3724192142486572,-0.029770241305232016,0.5347090721130372,0.4716175258159637,-0.008865732327103582,0.5377451896667481,0.42035580277442935,-0.01572983805090182,0.5396350264549256,0.38644865751266483,-0.022151982784271218,0.5412159562110901,0.35803098678588874,-0.026962054148316338,0.5212855577468872,0.4775780439376831,-0.009784978441893981,0.5188666105270386,0.4291736125946045,-0.01706040464341636,0.5186928749084473,0.39715268611907956,-0.02299908585846418,0.519671392440796,0.36930044889450075,-0.02713543623685832,0.5091708302497864,0.4923624098300934,-0.01199224255979056,0.5003751516342163,0.4583054602146149,-0.019808100536465603,0.4957282543182373,0.43419734239578245,-0.0242917157709598,0.49300304651260374,0.4106417417526245,-0.02708822451531882
0.5314918041229248,0.5928576469421387,2.027003006332962e-07,0.5543754935264588,0.5735079765319825,-0.013575646653771341,0.5701937913894654,0.5376030921936036,-0.01929579712450502,0.57865070104599,0.5022346258163453,-0.02387615740299218,0.586364495754242,0.4709164142608642,-0.028289819881319962,0.5494093179702759,0.476133131980896,-0.0099327696487307,0.5560733437538148,0.42881022691726683,-0.01814847551286214,0.5596509575843811,0.3987447261810303,-0.02505980581045146,0.5622164368629456,0.3722439408302307,-0.030059752240777005,0.534652316570282,0.471531879901886,-0.00892806239426132,0.5377188801765442,0.4204194962978363,-0.01585657913237804,0.5395697236061097,0.3864731013774872,-0.022366335615515678,0.541100287437439,0.3580270886421204,-0.027246437221765476,0.521232807636261,0.47756822705268864,-0.009795401245355542,0.5188341975212097,0.4292622208595276,-0.01714362315833564,0.5186013460159301,0.3972177743911743,-0.02317280620336528,0.5195216894149781,0.3693723320960999,-0.027370305359363502,0.5090985417366027,0.492423278093338,-0.011963407136499841,0.5003196477890015,0.458394193649292,-0.01986118964850898,0.49565126895904543,0.4342435538768768,-0.024428815022110903,0.4929168224334717,0.4106241047382355,-0.027282289043068838
0.531410849094391,0.5928021430969239,2.035628028806969e-07,0.5542541027069092,0.5735915899276733,-0.013683794625103421,0.5700777888298035,0.5378076195716858,-0.01943940743803976,0.5785535573959351,0.5023082137107849,-0.02403146214783186,0.5863290786743164,0.47092634439468384,-0.028446781262755343,0.5493446111679077,0.4762012481689453,-0.00995464883744712,0.5560158491134645,0.4288866281509399,-0.018156617507338463,0.5595752835273743,0.3988056123256683,-0.02506375089287752,0.5621231317520141,0.37232431173324587,-0.0300630275160074,0.5345807313919068,0.4715648055076599,-0.00887908842414614,0.5376996159553529,0.42047476172447207,-0.01580977234989398,0.539575707912445,0.38648570775985724,-0.02234308347105976,0.5411351323127747,0.35804889798164363,-0.027240344136953323,0.5211485981941223,0.47756065726280217,-0.0096836501732468,0.5187817573547364,0.4293079197406769,-0.01704525016248222,0.5185403347015382,0.39721494913101196,-0.02310969792306418,0.5194672822952271,0.36937742233276366,-0.0273292183876037,0.5090095639228821,0.49233733415603637,-0.01179633103311056,0.5002404689788819,0.4583130717277527,-0.01970771476626392,0.49558013677597046,0.43415359854698177,-0.024303545057773542,0.4928729295730591,0.4105352759361267,-0.02717590332031246
0.5313973903656006,0.592641317844391,2.0508103943939209e-07,0.5542174458503724,0.5734337687492371,-0.01368965264409774,0.5700280070304871,0.5377665758132935,-0.01943899393081662,0.5784978985786439,0.5022602915763855,-0.024017645046114863,0.5862883806228638,0.47085462212562557,-0.02841687761247154,0.5493216514587402,0.4762379229068756,-0.009876411221921401,0.5560052156448364,0.4289388835430145,-0.018025160208344403,0.5596042394638061,0.3988967537879944,-0.02490056417882438,0.5621907591819764,0.3724837720394134,-0.02987352833151814,0.534537398815155,0.4716045081615448,-0.00876535996794696,0.5376825451850892,0.42052917480468743,-0.015659852139651723,0.5395832538604736,0.386499285697937,-0.02219889201223846,0.5411667585372925,0.35806766152381897,-0.02710285559296604,0.521074914932251,0.47755244970321653,-0.009535779058933202,0.5186873555183411,0.4294002115726471,-0.016870022565126378,0.5184164285659791,0.39725444912910457,-0.0229575984179973,0.5193175435066223,0.3694234549999237,-0.027195438742637582,0.5089062094688417,0.492192143201828,-0.01161172743886704,0.5001683950424194,0.4581099569797516,-0.01948323585093016,0.4955222129821777,0.4339902281761169,-0.02406863942742342,0.4928215086460114,0.4104434072971344,-0.026939778402447663
0.5313777804374695,0.5925347447395325,2.0466627290716135e-07,0.55422922372818,0.5734005928039552,-0.01371707823127502,0.5700466513633728,0.5376972079277039,-0.019466195255517918,0.5785446047782898,0.5022559523582459,-0.024043568223714784,0.5862618923187256,0.4708235919475556,-0.02846130691468712,0.549318027496338,0.4764978229999542,-0.010012316703796341,0.5559655785560609,0.4292161166667938,-0.01821098737418646,0.5595717906951905,0.3991537034511566,-0.025099190697073902,0.5621740460395813,0.37273269295692446,-0.03007833100855346,0.534487795829773,0.4718305170536041,-0.00889886617660518,0.5375872731208802,0.42074356079101555,-0.01586053092032666,0.5394542336463928,0.3866939187049866,-0.022447169944643918,0.5410254359245301,0.3581535279750824,-0.0273862853646278,0.5210257530212403,0.47773376703262327,-0.00966289993375534,0.5186652183532716,0.4296648263931275,-0.01706306785345072,0.5183570981025696,0.3974710047245026,-0.023225585371255825,0.5192171216011048,0.36958312392234804,-0.027514627575874282,0.5089050889015199,0.49230189919471734,-0.01172950211912388,0.5002198457717895,0.45824596881866453,-0.01966758780181402,0.4955544054508209,0.4341084837913513,-0.02432094924151892,0.49281437993049626,0.4105635702610016,-0.027244952321052524
0.5313581705093384,0.5924281716346741,2.0425150637493061e-07,0.5542410016059875,0.5733674168586731,-0.0137445038184523,0.5700652956962586,0.5376278400421143,-0.01949339658021922,0.5785913109779358,0.5022516131401062,-0.024069491401314702,0.5862354040145874,0.4707925617694855,-0.028505736216902704,0.5493144035339356,0.4767577230930328,-0.01014822218567128,0.5559259414672852,0.42949334979057313,-0.01839681454002852,0.5595393419265747,0.39941065311431884,-0.025297817215323423,0.5621573328971863,0.37298161387443546,-0.030283133685588777,0.5344381928443909,0.47205652594566344,-0.009032372385263401,0.5374920010566712,0.4209579467773437,-0.0160612097010016,0.5393252134323121,0.3868885517120361,-0.022695447877049378,0.5408841133117677,0.3582393944263458,-0.02766971513628956,0.5209765911102295,0.47791508436203,-0.00979002080857748,0.5186430811882019,0.4299294412136078,-0.01725611314177506,0.5182977676391602,0.3976875603199005,-0.023493572324514343,0.5191166996955872,0.36974279284477235,-0.027833816409110982,0.508903968334198,0.49241165518760677,-0.01184727679938072,0.5002712965011598,0.4583819806575775,-0.01985193975269788,0.49558659791946413,0.4342267394065856,-0.024573259055614423,0.49280725121498115,0.4106837332248688,-0.027550126239657382
0.5314798116683961,0.5921454548835754,2.0485012726112477e-07,0.5543660879135133,0.5731325626373291,-0.01369127929210658,0.570152735710144,0.5374809265136719,-0.01942863762378686,0.5786385774612427,0.5021458506584168,-0.024004986882209742,0.5862873792648315,0.47061305642127993,-0.028443264961242644,0.5493583202362061,0.4768562853336334,-0.0100595964118838,0.5559394359588623,0.42964251041412355,-0.018262930214405,0.5595305919647218,0.3995446979999542,-0.0251074198633432,0.5621211051940918,0.37318226099014284,-0.03003695085644716,0.5344645261764527,0.47210929989814754,-0.008939654193818522,0.5374784946441651,0.4209781765937805,-0.01591305844485754,0.5392566323280334,0.38689313530921937,-0.0224728059023618,0.5407796025276185,0.3582664728164673,-0.027385042235255203,0.5209822297096253,0.47784081697463987,-0.00969141665846104,0.5187015771865845,0.4298746109008789,-0.01708756946027272,0.5183144688606263,0.39768874049186703,-0.02324745580554004,0.5190935492515565,0.3698242664337158,-0.02752949744462962,0.5088764071464539,0.49218884110450745,-0.011740156635641982,0.5002606630325318,0.4581836223602294,-0.01966565512120718,0.49561356306076054,0.43408894538879395,-0.024319555237889225,0.4928727984428406,0.4106619954109192,-0.0272449821233749
0.5316067695617677,0.592056143283844,2.0533072131456725e-07,0.554473090171814,0.5731446385383606,-0.013704678229987579,0.5701403498649598,0.5376118540763855,-0.01947826929390422,0.5785948038101196,0.5022954940795898,-0.024096159264445263,0.5863442301750184,0.47081156373023986,-0.028579618409275982,0.5494571328163147,0.4768785655498504,-0.01006667166948314,0.5559956192970276,0.42970524430274964,-0.01826128661632532,0.5595372676849365,0.39961572289466857,-0.025097048282623262,0.5620843291282653,0.3732253611087799,-0.0300265815109014,0.5345427632331848,0.47214768528938295,-0.008946735970675902,0.5374725103378296,0.42101576924324036,-0.015900136902928304,0.5391911506652832,0.38697035908699035,-0.02243193536996834,0.5406763315200805,0.35827561616897585,-0.027327461913228,0.5210275292396546,0.4778946876525879,-0.00970077663660044,0.5187190532684326,0.42996026277542115,-0.01707559786736958,0.5183151006698609,0.3977899789810181,-0.023200843855738604,0.5190781950950623,0.36987633109092716,-0.02746062576770778,0.5088807463645935,0.4922489583492279,-0.011753685399889881,0.5002811789512634,0.4582041382789612,-0.01964348144829268,0.4956533432006836,0.43413609862327573,-0.024259886518120704,0.49292063117027285,0.410720556974411,-0.027164153754711103
0.5315676927566528,0.5921095371246339,2.053706367632913e-07,0.5544271111488343,0.5732546567916871,-0.0136522118002176,0.5700500369071961,0.5377466559410096,-0.01937320344150058,0.578581714630127,0.5024999141693116,-0.02394611872732636,0.5864336371421814,0.47116494774818424,-0.028378711640834782,0.5494585275650025,0.4768009662628173,-0.00991950947791334,0.5560286641120911,0.42968363761901857,-0.01803587377071376,0.5595444440841675,0.3995992660522461,-0.024828623607754664,0.5620399832725524,0.3732076525688171,-0.0297328762710094,0.5345304846763611,0.47205896973609923,-0.00879749394953248,0.5374571681022644,0.42097995877265926,-0.015656347759067962,0.539131259918213,0.38700450658798213,-0.022130801528692158,0.5405505061149597,0.3583335816860199,-0.02698623351752754,0.5209923386573792,0.47780601978302006,-0.00954880714416498,0.5187373399734497,0.42995591163635255,-0.01683866418898098,0.5183349132537842,0.3979066550731659,-0.022909927740693063,0.5190768480300904,0.3700532495975494,-0.027131033688783602,0.5087926506996155,0.4921775162220002,-0.011598941124975622,0.5002357482910156,0.4581800758838654,-0.01940499246120448,0.49563450217247007,0.4342074036598205,-0.023958341777324622,0.49292880296707153,0.41086908578872683,-0.026816018298268282
0.5315462470054626,0.5923630237579346,2.0595355181285414e-07,0.5543828129768372,0.5734175324440003,-0.013575272262096382,0.5699546813964844,0.5378788113594055,-0.01923477910459034,0.578560221195221,0.5026440262794495,-0.0237508866935968,0.5865359902381897,0.4714777052402497,-0.028110299259424185,0.5494421362876892,0.4767219483852386,-0.009686429426073999,0.5560431480407715,0.4295973598957062,-0.01768729574978348,0.5595633149147035,0.3995051443576813,-0.024427304044365824,0.5620505452156067,0.3731298148632049,-0.02930371873080726,0.5345103740692139,0.47196221351623535,-0.008555022813379741,0.5374539732933045,0.4209084630012512,-0.01529396884143348,0.5391512632369996,0.386965274810791,-0.02171445265412322,0.5405747890472412,0.35838084220886235,-0.0265317134559154,0.5209507942199707,0.4777202725410462,-0.00929518844932312,0.5186926126480103,0.4298655390739441,-0.01647715084254734,0.51831955909729,0.39787098169326784,-0.02250149287283418,0.519076955318451,0.3700916528701782,-0.0266932681202888,0.5087263345718385,0.4921105027198791,-0.011330073513090563,0.5001722812652588,0.45809709429740914,-0.019023853912949522,0.4955855548381805,0.43419508934021,-0.023507338389754242,0.49290357232093807,0.41093215942382816,-0.026317483186721762
0.5315198183059693,0.5927563190460206,2.0696438980394307e-07,0.5543553709983826,0.5736160516738892,-0.013528483361005761,0.5699198484420777,0.5380164384841919,-0.01915051825344556,0.5785336136817931,0.5028195381164551,-0.02361855693161482,0.586577868461609,0.4717991292476654,-0.027913978323340385,0.549368965625763,0.4768165171146393,-0.00955690946429966,0.5560262799263,0.4295348525047303,-0.01742817014455792,0.5595656394958497,0.39941949248313907,-0.024090255051851205,0.562053918838501,0.37306376695632937,-0.028919101879000618,0.5344068884849549,0.472054398059845,-0.008387549780309181,0.5373979210853577,0.4209083080291748,-0.014992405101656881,0.5391235828399659,0.3869753956794739,-0.02135344147682182,0.5405471086502076,0.35849947929382325,-0.026129357516765542,0.5208300590515137,0.47780435681343086,-0.00907837171107526,0.5186070442199708,0.42981752753257746,-0.01612447798252098,0.5182918667793274,0.3978489398956299,-0.022107844427227942,0.5190757751464844,0.3701421082019806,-0.026284513622522303,0.5086236000061035,0.49216332435607907,-0.01105689331889148,0.5001129627227784,0.4581357300281525,-0.018619962781667682,0.4955506205558776,0.4342993199825287,-0.0230357684195041,0.4928773403167725,0.4111375629901886,-0.025802239403128584
0.5313123106956482,0.5931941866874695,2.0718038342693038e-07,0.5542150855064393,0.5740323066711426,-0.013667502813041181,0.5698397517204284,0.53838609457016,-0.01932905241847032,0.5784735918045044,0.5030814290046692,-0.023804995790123885,0.5865367174148559,0.47206329703330996,-0.028102935105562183,0.549280083179474,0.47697481513023376,-0.00964377112686632,0.5559680581092835,0.4296221673488617,-0.01751804202795026,0.559522294998169,0.39951896667480474,-0.024216354638338024,0.5620324492454529,0.3730649054050445,-0.02909539565443988,0.5343063712120056,0.47219104766845704,-0.00841199792921542,0.5373427510261537,0.4210580945014954,-0.0150182820856571,0.5391207337379456,0.38716037273406984,-0.0214352395385503,0.5405821800231934,0.35867063999176024,-0.026269260793924283,0.5207383275032044,0.4779917120933533,-0.009049339033663222,0.518487310409546,0.429984176158905,-0.0161109518259763,0.5182164430618287,0.3979971289634705,-0.0221618819981813,0.5190421104431153,0.3702090859413147,-0.026399577781557985,0.5085734963417053,0.49242637157440183,-0.010985627025365801,0.5000556468963624,0.45837404727935793,-0.01858022138476368,0.4954647362232208,0.4345654368400574,-0.02304391413927072,0.49275455474853513,0.4113882601261139,-0.02585564665496346
0.5312103271484375,0.5935352802276611,2.0669360480951585e-07,0.5541907787322998,0.5741662144660951,-0.013578426837921102,0.569918978214264,0.538397467136383,-0.0191825676709413,0.5785579681396484,0.5031857490539551,-0.02360385097563262,0.5865874290466309,0.47226840853691104,-0.02784695923328396,0.5491648197174073,0.47710613608360286,-0.00960220247507094,0.5559203028678894,0.42967857122421266,-0.01741516590118406,0.5595266699790955,0.399590539932251,-0.024063961207866604,0.5620616912841797,0.37318665385246275,-0.028911084681749303,0.534179413318634,0.4723719239234925,-0.008388534188270541,0.5373015522956849,0.4211848855018616,-0.01495836488902566,0.5391042709350586,0.3872434973716736,-0.02136877439916128,0.5405463695526124,0.3588047504425048,-0.0262013122439384,0.5206411123275758,0.47818737626075747,-0.00902757365256542,0.5184229612350464,0.4300828874111175,-0.016058443114161422,0.518193793296814,0.3981074094772339,-0.022135003283619843,0.5190348625183105,0.3703704237937927,-0.026399423554539624,0.508550786972046,0.49259410500526424,-0.01095263697206972,0.5000257015228272,0.45854957103729244,-0.018539147078990882,0.4954389691352844,0.434758198261261,-0.02302736975252622,0.49273585677146914,0.4116417586803436,-0.025858595594763722
0.5311081409454346,0.5935849547386169,2.0625035688226492e-07,0.5541930913925172,0.5741835951805114,-0.013519742526113944,0.5700096845626832,0.5384263753890991,-0.01907681226730342,0.5786279916763305,0.503185486793518,-0.023448365181684444,0.5865708231925965,0.4722194135189057,-0.02764119058847424,0.5491069555282593,0.47704397439956664,-0.00951907858252524,0.555893349647522,0.42958574891090395,-0.01724145077168938,0.5595080494880676,0.39958047270774844,-0.023827607184648464,0.5620483994483949,0.3732542872428894,-0.02863435558974738,0.5340894579887391,0.4723426759243012,-0.008291551470756501,0.5372398138046265,0.4211438477039337,-0.014767900668084581,0.539053475856781,0.3872703373432159,-0.02112473435699934,0.5404982089996339,0.3589502930641174,-0.025927816703915557,0.5205425739288331,0.4781912207603455,-0.00890811774879688,0.5183432221412659,0.43004985451698297,-0.01585433799773448,0.5181527495384217,0.3981772243976593,-0.021894841268658583,0.5190142154693604,0.37053419351577754,-0.026149858534336025,0.5084702134132385,0.4926149785518646,-0.01080508586019274,0.5000097632408143,0.45864452123641974,-0.01833872571587558,0.49544256925582886,0.43493475317955016,-0.02280394807457918,0.4927256584167481,0.4118948459625244,-0.025623100996017424
0.5310059547424316,0.5936346292495728,2.0580710895501398e-07,0.5541954040527344,0.574200975894928,-0.013461058214306782,0.5701003909111023,0.5384552836418152,-0.018971056863665542,0.5786980152130127,0.503185224533081,-0.023292879387736262,0.5865542173385621,0.47217041850090036,-0.027435421943664523,0.5490490913391114,0.4769818127155304,-0.00943595468997954,0.5558663964271546,0.4294929265975952,-0.0170677356421947,0.5594894289970398,0.39957040548324585,-0.023591253161430323,0.5620351076126099,0.37332192063331604,-0.02835762649774546,0.533999502658844,0.4723134279251099,-0.00819456875324246,0.5371780753135681,0.42110280990600585,-0.014577436447143502,0.5390026807785034,0.3872971773147583,-0.020880694314837397,0.5404500484466553,0.35909583568572995,-0.02565432116389272,0.5204440355300903,0.4781950652599335,-0.00878866184502834,0.5182634830474854,0.43001682162284843,-0.01565023288130754,0.5181117057800293,0.3982470393180847,-0.021654679253697323,0.5189935684204101,0.3706979632377625,-0.025900293514132422,0.5083896398544312,0.49263585209846494,-0.01065753474831576,0.4999938249588013,0.45873947143554694,-0.01813830435276028,0.4954461693763733,0.4351113080978393,-0.02258052639663214,0.492715460062027,0.41214793324470517,-0.025387606397271126
0.5309619903564453,0.593704628944397,2.0470594108701337e-07,0.5542339205741883,0.5743672966957093,-0.013458019122481301,0.5701658010482789,0.5385685682296752,-0.01899074837565418,0.5787973642349243,0.5032432794570922,-0.023336220532655664,0.5866321563720703,0.4722232758998871,-0.027512565255165062,0.5490821480751038,0.4772078514099121,-0.009631411731243121,0.555817186832428,0.4296726584434509,-0.01733590513467784,0.5594231367111206,0.3996908366680145,-0.023869090527296022,0.5619620800018311,0.37344701886177056,-0.028626535832881883,0.5339715480804444,0.47248250246047974,-0.00840188134461638,0.537097179889679,0.4211648404598236,-0.014845797792077002,0.5389145135879516,0.38736713528633115,-0.02111517712473864,0.5403541445732117,0.35921036005020135,-0.02585401125252244,0.5203898429870606,0.4783001840114594,-0.009000690281391081,0.5181866168975829,0.430045735836029,-0.01590832546353334,0.5180309414863586,0.39828985333442685,-0.02187595553696148,0.5188979625701904,0.3708256185054779,-0.026084889471530846,0.5083475232124329,0.4926531374454498,-0.010871651768684341,0.4998926043510437,0.45861319303512577,-0.01837233603000636,0.4953851938247681,0.43500338792800897,-0.022797445580363222,0.492704838514328,0.41214769482612607,-0.02558689862489696
0.5311612844467163,0.5937342882156372,2.0397812932060334e-07,0.55438871383667,0.5743220090866089,-0.013310397602617702,0.5702761650085449,0.5383936524391175,-0.01879734881222244,0.5788568377494813,0.5031669735908508,-0.023114827275276143,0.5866143584251404,0.4722616374492646,-0.027272333577275237,0.5491433024406434,0.47736113071441655,-0.009728255122899982,0.5558576345443726,0.4297391593456269,-0.01746090836822982,0.5594593644142151,0.3997091174125671,-0.023960390314459762,0.5619845509529114,0.3735149145126343,-0.02867542952299114,0.5339659094810486,0.4726439893245697,-0.0085713196545839,0.5370823979377748,0.42122647166252136,-0.015055532380938463,0.538915753364563,0.3874125897884369,-0.02127976343035692,0.5403510451316833,0.3593239068984985,-0.025968510657548884,0.5203498601913452,0.47844299077987673,-0.009215632267296261,0.5181202650070191,0.4301209688186645,-0.01612832583487028,0.5179867029190064,0.39836556315422056,-0.02203489467501632,0.5188626050949097,0.3709762990474701,-0.026193924620747506,0.508318293094635,0.4927808403968811,-0.0111160254105925,0.49985063076019287,0.45871500372886664,-0.0185924712568521,0.49535692930221553,0.43508835434913634,-0.02296872846782202,0.49268780350685115,0.4122745811939239,-0.025716985389590226
0.5313685059547425,0.5937645435333252,2.039774813056283e-07,0.5544823408126831,0.5744494318962097,-0.013417285867035361,0.5702839612960815,0.5384800910949707,-0.018985931202769243,0.5788256287574768,0.5031983494758605,-0.02337529510259624,0.5865499973297119,0.4722346961498261,-0.02760926894843576,0.5492429971694947,0.4774769723415375,-0.009953935816884,0.5558328628540039,0.42988560795784003,-0.01782533004879946,0.5593956589698792,0.39981971979141234,-0.02441034950315948,0.5619336366653442,0.373564738035202,-0.02917653359472746,0.5340201735496521,0.4726998925209045,-0.00878936778753994,0.536999249458313,0.42136440277099607,-0.015382932126522001,0.5388000965118409,0.3876253426074982,-0.02163275703787796,0.5402642488479614,0.35955920219421383,-0.02633681409060952,0.5203542828559876,0.4784892976284027,-0.009435066021978801,0.5180779337882996,0.43021154403686523,-0.01642587631940836,0.5178869366645813,0.3984948575496674,-0.02230008579790584,0.518751335144043,0.37113118171691895,-0.0264289360493421,0.5082602143287659,0.49289962053298947,-0.011350381001830041,0.49975326657295227,0.4588000655174255,-0.01887543573975558,0.4952471435070037,0.4351512908935547,-0.02323889359831804,0.49258449673652643,0.41228157877922056,-0.025972772389650324
0.5316431760787964,0.5939746499061584,2.0401326423780118e-07,0.5546179056167603,0.5746622204780578,-0.01350615397095678,0.570304524898529,0.5385769009590149,-0.019178453087806663,0.5787748694419861,0.503311026096344,-0.023668706044554684,0.58651202917099,0.4723755598068238,-0.028014805540442445,0.5493468642234802,0.4778406858444214,-0.01028793640434736,0.5558124542236328,0.4301722884178162,-0.01834668591618532,0.5593575477600098,0.40000649094581603,-0.0250256441533565,0.5619238138198853,0.37367166876792907,-0.029845762252807564,0.5340935826301575,0.47303549647331233,-0.00915221646428106,0.5369535326957703,0.42165219187736513,-0.015929701924323983,0.538725221157074,0.38786456584930423,-0.0222438592463731,0.5402078032493591,0.35971634984016415,-0.026983262598514517,0.5204070806503296,0.4787925124168396,-0.00982763990759844,0.5180745482444763,0.430440503358841,-0.01696586664766068,0.5178188800811768,0.39862409234046936,-0.022863525524735383,0.5186664581298829,0.37119644880294794,-0.02699356377124782,0.5083079218864441,0.493200135231018,-0.011777517385780761,0.49969210624694826,0.458941102027893,-0.01940770298242562,0.4951610565185547,0.4351687371730804,-0.0238075736910104,0.49251421093940734,0.4121865391731262,-0.026561042666435223
0.5317868709564209,0.594292974472046,2.037377839769761e-07,0.554688036441803,0.5749736309051514,-0.0135544918477535,0.570320188999176,0.5387078881263734,-0.0192595317959785,0.5787407517433167,0.5033944487571717,-0.023795397207140905,0.5864533185958862,0.47248396277427673,-0.0281992275267839,0.5494250535964966,0.47822015881538393,-0.01039294954389326,0.5557735085487365,0.4305587649345398,-0.01857570819556708,0.5592926621437073,0.4003141105175018,-0.02533766441047186,0.5618729114532471,0.3739285826683044,-0.030212509259581525,0.5341372013092041,0.47334837913513184,-0.00928890760987994,0.5368801474571229,0.42198247909545894,-0.01619620826095338,0.5385879039764405,0.3881405293941498,-0.022587966918945237,0.5400590300559998,0.3599395155906677,-0.027374867722392043,0.5204378008842468,0.4790341079235077,-0.01000523958355184,0.5180795550346374,0.4306067287921906,-0.01725597828626628,0.517743992805481,0.3987318336963654,-0.02319072745740408,0.5185526967048646,0.3713143348693847,-0.0273298770189285,0.5083329081535339,0.49342799186706543,-0.01200122758746142,0.49962401986122135,0.459037446975708,-0.01972604468464844,0.4950746417045593,0.4351821362972259,-0.02416932694613926,0.49244509339332576,0.4121549129486084,-0.026942838728427863
0.5319320797920227,0.5941044449806214,2.0385234620334815e-07,0.5546982288360596,0.5749123334884644,-0.013587941601872421,0.5702622413635254,0.5387322783470154,-0.0192740492522716,0.5786734700202942,0.5034887433052063,-0.023798399791121465,0.5864120602607727,0.47260154485702516,-0.02818686962127682,0.5494749903678894,0.47775074243545534,-0.01021280456334344,0.5558242917060852,0.43036715388298036,-0.01839712336659426,0.5593313455581665,0.40029263496398926,-0.02521034777164454,0.5619200110435486,0.37394492626190184,-0.030137737467884965,0.5342406749725342,0.4729694426059723,-0.00912342369556424,0.5369552612304688,0.4219661891460419,-0.016042720712721302,0.5386537075042724,0.3882229447364807,-0.022497255355119636,0.5401482343673707,0.36000156998634336,-0.027340904250740962,0.5205450296401978,0.4788223922252655,-0.0098783571273088,0.5181285262107849,0.4306653022766114,-0.01718521453440186,0.5177580118179322,0.3988670527935029,-0.02316631823778148,0.5185830354690552,0.37137172222137455,-0.027333194389939284,0.5083701252937317,0.4934760570526123,-0.01192227639257902,0.4996555328369141,0.4592980861663818,-0.01972780972719186,0.49504851698875424,0.43549417257308964,-0.024216879159212036,0.4923865139484405,0.4123420774936676,-0.02701904177665708
0.5319401264190674,0.5941428542137146,2.0464494241423383e-07,0.5546664237976074,0.575024688243866,-0.013725395500659921,0.5702155709266663,0.5389482617378235,-0.019469461590051602,0.5786421418190002,0.503603720664978,-0.024041146412491783,0.5863724350929261,0.472578102350235,-0.028473358601331662,0.5494954943656921,0.4777152121067047,-0.01021372359246008,0.5558036804199219,0.43040917515754706,-0.018433526158332762,0.5592900156974793,0.40034952759742737,-0.02530530095100398,0.5618725180625915,0.37395150065422056,-0.030278401076793606,0.5342794775962829,0.4729544401168823,-0.00907818134874102,0.5369490027427675,0.4220913589000702,-0.016026175208389722,0.5386154174804688,0.3883527398109436,-0.0225383393466472,0.5401206612586975,0.36001987457275386,-0.02742729708552356,0.5205748796463013,0.47883031964302064,-0.0098095783963799,0.5181719660758972,0.430790388584137,-0.01716411896049972,0.5177708745002747,0.39895114302635193,-0.023190773278474783,0.5185859322547913,0.37138245701789857,-0.027380535006523102,0.5083470106124878,0.49350236058235175,-0.011843306943774161,0.4996691465377808,0.45930521488189696,-0.019691896066069543,0.4950541496276855,0.43545518517494197,-0.02420704104006284,0.4923843443393707,0.4122316896915436,-0.027023090794682483
0.5318495154380799,0.5939805746078491,2.0446238977456237e-07,0.5546278953552246,0.5748781919479371,-0.013699803128838521,0.5702155232429504,0.5388063430786133,-0.019389602169394442,0.5786738753318786,0.5035032033920289,-0.023917562142014483,0.5863962173461914,0.47252473235130305,-0.02831394225358958,0.5494225740432739,0.4775410950183868,-0.0101119497790932,0.5557560563087464,0.43041321635246277,-0.01831049844622606,0.5592414975166321,0.4003880977630615,-0.02519031353294844,0.5618077039718629,0.37396641969680783,-0.030177192762494025,0.5342412471771241,0.47282148599624635,-0.008989777043461761,0.5369624972343445,0.4221059381961823,-0.01592612061649556,0.5386231064796448,0.3883648097515106,-0.022455950453877403,0.5401110410690307,0.35996617078781123,-0.02735840007662768,0.5205565452575684,0.47876142859458926,-0.00973957572132344,0.5181933879852296,0.43079355955123905,-0.01712609753012652,0.5177895426750183,0.39892463088035585,-0.023188828304409957,0.5185927391052245,0.371267968416214,-0.027393927425146063,0.5083051323890686,0.493499219417572,-0.01178841851651662,0.49967679977416996,0.45934935808181765,-0.019681173563003484,0.49507007002830505,0.43554730415344234,-0.0242207378149032,0.4924042224884033,0.412348085641861,-0.027049570158123943
0.5317589044570923,0.5938182950019837,2.042798371348909e-07,0.5545893669128419,0.5747316956520081,-0.013674210757017122,0.5702154755592347,0.5386644244194031,-0.019309742748737282,0.5787056088447571,0.5034026861190796,-0.023793977871537184,0.5864199995994568,0.4724713623523712,-0.0281545259058475,0.5493496537208558,0.477366977930069,-0.01001017596572632,0.5557084321975708,0.4304172575473786,-0.01818747073411936,0.5591929793357849,0.4004266679286957,-0.025075326114892903,0.5617428898811341,0.3739813387393951,-0.03007598444819444,0.5342030167579651,0.4726885318756104,-0.0089013727381825,0.5369759917259216,0.42212051749229434,-0.0158260660246014,0.5386307954788209,0.3883768796920776,-0.0223735615611076,0.5401014208793641,0.3599124670028686,-0.027289503067731802,0.5205382108688354,0.47869253754615787,-0.00966957304626698,0.5182148098945618,0.43079673051834105,-0.01708807609975332,0.517808210849762,0.39889811873435976,-0.02318688333034514,0.518599545955658,0.3711534798145294,-0.02740731984376902,0.5082632541656494,0.4934960782527923,-0.011733530089259082,0.4996844530105591,0.4593935012817383,-0.01967045105993742,0.49508599042892454,0.43563942313194276,-0.024234434589743566,0.4924241006374359,0.4124644815921783,-0.027076049521565403
0.5318057537078857,0.5933839678764343,2.0482702609569974e-07,0.5546108961105347,0.5742987871170044,-0.013663805462419982,0.5701954603195191,0.5384204864501954,-0.01930549442768092,0.5786909580230714,0.5032923817634583,-0.02379718050360676,0.5864738821983337,0.47246953248977663,-0.028161412850022282,0.5493343830108643,0.4769299566745758,-0.00995673611760134,0.5557004928588868,0.43020467162132264,-0.01810853332281106,0.5591755032539368,0.40032459497451783,-0.024995790421962684,0.5617055058479309,0.3738924264907837,-0.029999195039272245,0.5342350125312805,0.47237075567245485,-0.00884658638387914,0.5370387434959412,0.4220093846321107,-0.015741525217890677,0.5386920213699341,0.3883463501930237,-0.02226524874567982,0.5401472687721253,0.3598197400569916,-0.027169220522046022,0.5205770373344422,0.4784895896911621,-0.0096168210729956,0.5182587027549743,0.4308520078659057,-0.01702859029173844,0.5178396940231323,0.39901206493377683,-0.023107417300343505,0.5186084747314453,0.37118849754333494,-0.02731087580323214,0.5082528829574585,0.4933543145656585,-0.0116838321089744,0.499717366695404,0.45935233235359196,-0.019596967473626083,0.4951315701007843,0.4356541931629181,-0.024132833257317483,0.492473554611206,0.4124487042427063,-0.026958945021033243
0.5318248748779297,0.5933403611183167,2.0581485955517569e-07,0.5546542167663575,0.5742113709449769,-0.013609283789992321,0.570167350769043,0.5383718132972717,-0.019268679246306382,0.5786709189414979,0.5031828045845032,-0.02378057576715942,0.5864626288414002,0.4723047971725464,-0.028176499530673003,0.5493454575538635,0.47724146246910093,-0.010045431181788399,0.5556659817695618,0.43039038181304934,-0.01817729435861104,0.5591275691986084,0.40040664076805116,-0.025016200169920864,0.5616544365882874,0.3739609241485596,-0.029984782263636524,0.5342114210128784,0.47262175679206847,-0.00894473753869528,0.5370015025138856,0.4220548212528229,-0.0158286958932876,0.5386497855186463,0.38832100033760075,-0.02231904007494446,0.5401139616966247,0.35976171493530273,-0.027199015393853124,0.5205385446548463,0.47865402698516846,-0.00970631651580328,0.5182254314422607,0.43090071082115167,-0.01708808243274682,0.5177925109863282,0.39899054169654846,-0.023159309104084962,0.5185364246368408,0.37117329239845276,-0.027367316931486082,0.508259153366089,0.49336908459663387,-0.0117529204115271,0.49970431923866265,0.45923931598663337,-0.019629113376140542,0.4951446413993835,0.4355003297328949,-0.02416190169751638,0.4925127804279327,0.41232107281684877,-0.0269979596138
0.5317995667457581,0.5932864546775819,2.060498189848659e-07,0.5546710968017579,0.5741652846336365,-0.013565391115844221,0.5701322674751282,0.5383652091026306,-0.019248174130916562,0.5786451101303101,0.503165888786316,-0.023792901635169943,0.5864924907684327,0.4722626328468323,-0.028240198269486403,0.5493751049041748,0.477413696050644,-0.01009434815496202,0.5556328892707826,0.4305371820926666,-0.01823067925870412,0.5590829253196716,0.4005082786083221,-0.02506082244217388,0.5616346597671509,0.3740686535835266,-0.030030620470642984,0.5342331647872924,0.4727503657341003,-0.00902608614414924,0.5369875073432923,0.4220767498016358,-0.01592076271772378,0.5386269927024842,0.3883229792118073,-0.02242860570549962,0.5401149988174438,0.35977069735527034,-0.02733325064182274,0.5205356478691101,0.4787289083003998,-0.00981129668653004,0.5182331800460815,0.43089598417282104,-0.017206050828099197,0.5177810668945313,0.39892768263816836,-0.02332412004470824,0.5185182809829711,0.3711095929145813,-0.027580539137124962,0.508251965045929,0.4933631896972656,-0.011871606856584501,0.4996603190898895,0.4591387748718262,-0.019768825918436,0.49513429999351505,0.4354173719882965,-0.024345085397362642,0.492556631565094,0.41230599880218505,-0.02722858786582942
0.531784200668335,0.593295693397522,2.0725867386772739e-07,0.5546756267547608,0.5742231011390686,-0.013608445972204161,0.5700735807418823,0.5385383486747741,-0.019360384717583622,0.5785920977592469,0.5032489776611329,-0.023961652442812884,0.5864829301834107,0.47222138047218326,-0.028469777479767762,0.5494537353515625,0.47765874862670904,-0.01018569916486736,0.5556603193283081,0.4306308150291443,-0.0183029975742101,0.5590924978256226,0.40053879022598265,-0.025101921707391662,0.5616514801979064,0.3741335511207581,-0.030051794275641384,0.5342747330665588,0.4729203939437866,-0.009088154323399,0.5370119690895081,0.42207008600234985,-0.01596821323037142,0.5386534094810486,0.38828098773956304,-0.0224784433841705,0.5401725769042969,0.3597464740276336,-0.02739415206015102,0.5205285549163818,0.4787860572338104,-0.009839681908488199,0.5182392835617066,0.4308821260929107,-0.01720499396324154,0.5177771091461182,0.3988725006580353,-0.023358871415257443,0.5185052514076233,0.37111322283744813,-0.02765806354582304,0.5082390666007995,0.4932579636573792,-0.01186376009136434,0.4996289491653443,0.45892221927642823,-0.0197344601154327,0.4951235473155975,0.43519884943962095,-0.024335948377847604,0.49257240295410154,0.4121598541736603,-0.02725341878831382
0.5316900372505188,0.593585216999054,2.074888072911563e-07,0.5546455144882203,0.5743736386299134,-0.013565607182681502,0.5700332283973695,0.5386283159255981,-0.01934059523046014,0.5785725951194763,0.5032282114028931,-0.023976490646600682,0.5865082025527955,0.4721670746803284,-0.028527587652206383,0.5494487404823303,0.4782111644744873,-0.010258942097425422,0.5556570768356324,0.43099517226219175,-0.01842700019478792,0.5590949416160583,0.4007755517959594,-0.025235652923583922,0.5616596102714538,0.3742975294589997,-0.030186745524406384,0.5342642664909363,0.4733656823635101,-0.009200002998113561,0.5370010375976563,0.422333562374115,-0.0161493200808763,0.5386611342430114,0.3884314358234406,-0.02267545275390144,0.5402051925659179,0.3598057687282562,-0.027590956166386526,0.5205137968063355,0.4790754735469818,-0.00997889246791594,0.5182306885719299,0.4311142802238464,-0.01737939864397046,0.5178004622459411,0.3990051865577698,-0.02352305985987184,0.5185487270355225,0.37124731540679934,-0.027808905765414182,0.5082376837730408,0.49335534572601314,-0.01202468313276764,0.4996175289154053,0.45895189642906187,-0.01991256810724732,0.4951296627521515,0.43514622449874873,-0.024508770927786763,0.4925790131092072,0.4121147215366364,-0.02741657979786392
0.5316608786582947,0.5937891960144043,2.0831515712416154e-07,0.5546090245246887,0.5747838616371155,-0.013736944831907683,0.570009195804596,0.5389797687530518,-0.01961313076317308,0.5785582304000855,0.5033902645111085,-0.024323945119976962,0.5864962220191956,0.47202880978584294,-0.0289471354335546,0.549453341960907,0.47844458222389225,-0.010494327917695018,0.5556538939476013,0.43115827441215515,-0.01877441443502898,0.559092664718628,0.40082901716232294,-0.02564526312053196,0.5616699099540711,0.3742695510387421,-0.030636243149638122,0.5342726469039917,0.47351170182228086,-0.00940385870635502,0.5369997262954713,0.4224271118640899,-0.01645176708698268,0.538683044910431,0.38843939900398256,-0.0230228595435619,0.5402599930763246,0.35973438024520876,-0.02797030806541436,0.5205179810523987,0.47918803095817564,-0.01016557440161698,0.5182000637054444,0.4312249064445495,-0.017650893703103042,0.517794954776764,0.3990877747535706,-0.023818557336926442,0.5185729742050171,0.3713075578212738,-0.02812124080955976,0.5082532405853272,0.4934952855110169,-0.01221039891242978,0.49960224628448485,0.4591383397579193,-0.020181084424257242,0.49511203169822693,0.43532043099403384,-0.02481716945767396,0.492547869682312,0.41229193806648257,-0.02775210253894326
0.5315526723861694,0.5938926219940186,2.073428476023764e-07,0.5546156764030457,0.5747573494911193,-0.013674059696495463,0.5700750827789307,0.5388445973396301,-0.019487303122878042,0.5786148667335511,0.5032400965690613,-0.024142428860068302,0.5864986419677735,0.47203730940818783,-0.02871575504541392,0.5493387818336487,0.4786422073841095,-0.010495285689830741,0.5556210279464722,0.4313576340675354,-0.018786187469959203,0.5590869188308716,0.40106436610221863,-0.02565151080489152,0.5616719841957093,0.3744965314865113,-0.03064022399485106,0.5341860175132751,0.47366597056388854,-0.00943127647042268,0.5369846582412721,0.42255454063415526,-0.01650867164134974,0.5387071967124939,0.38855789899826054,-0.023072338104248,0.5403011679649353,0.35978744029998777,-0.028007199987769064,0.5204662322998047,0.4793270766735077,-0.01021082233637564,0.5181745290756226,0.4313229441642761,-0.01773686408996578,0.5178210377693176,0.39917217493057255,-0.023898346349596943,0.5186294198036194,0.3713419198989868,-0.028186585381627022,0.5081984043121337,0.4936628699302674,-0.012265642359852762,0.4996253252029419,0.4593284904956817,-0.020287562161684,0.49515318870544434,0.43545554280281074,-0.024936965480446764,0.49257041811943053,0.41236767768859867,-0.027872244641184783
0.5315710544586183,0.5940255641937255,2.06275501568598e-07,0.554632842540741,0.5748055696487426,-0.01361631955951446,0.5701093435287476,0.5387845993041992,-0.019368879124522183,0.5786682486534119,0.5032238483428956,-0.02396746054291722,0.586492669582367,0.4721443235874176,-0.028481720015406563,0.5492612719535828,0.4788010537624359,-0.010495473444461782,0.5556004762649536,0.43156654238700864,-0.01880568228662008,0.5590880632400512,0.4013180732727051,-0.02567775733768934,0.5616551280021668,0.37472305893898006,-0.030667597427964162,0.5341347455978394,0.47382062673568726,-0.009457237832248161,0.5369649767875672,0.42273098826408384,-0.016569869965314822,0.538717257976532,0.38872500658035275,-0.02311999015510078,0.5402862548828126,0.35987263917922974,-0.02803454808890814,0.5204668879508972,0.47950725555419926,-0.0102562211453914,0.5181316018104554,0.4315491795539856,-0.01781166978180404,0.5178147077560425,0.3994243085384369,-0.023942751437425563,0.5186238884925842,0.3715316474437714,-0.028195125609636263,0.5082346916198731,0.49387845993041996,-0.01232720781117674,0.49968326687812803,0.4595598816871642,-0.020371592789888343,0.49519783854484556,0.43560195565223697,-0.025010470673441844,0.49257163405418397,0.4123763918876648,-0.0279287155717611
0.5315894365310669,0.5941585063934327,2.0520815553481954e-07,0.5546500086784363,0.5748537898063659,-0.01355857942253346,0.5701436042785645,0.5387246012687683,-0.01925045512616632,0.5787216305732727,0.5032076001167298,-0.023792492225766144,0.5864866971969604,0.4722513377666473,-0.028247684985399205,0.5491837620735169,0.4789599001407624,-0.010495661199092822,0.5555799245834351,0.43177545070648193,-0.01882517710328096,0.559089207649231,0.4015717804431915,-0.02570400387048716,0.5616382718086244,0.37494958639144893,-0.030694970861077267,0.5340834736824036,0.473975282907486,-0.00948319919407364,0.5369452953338624,0.4229074358940125,-0.0166310682892799,0.5387273192405702,0.38889211416244507,-0.023167642205953562,0.5402713418006897,0.3599578380584717,-0.028061896190047224,0.5204675436019898,0.4796874344348908,-0.01030161995440716,0.5180886745452882,0.4317754149436951,-0.0178864754736423,0.5178083777427673,0.39967644214630127,-0.023987156525254183,0.518618357181549,0.3717213749885559,-0.028203665837645504,0.5082709789276123,0.4940940499305725,-0.012388773262500721,0.49974120855331416,0.45979127287864685,-0.020455623418092685,0.4952424883842469,0.43574836850166326,-0.025083975866436924,0.49257284998893736,0.4123851060867309,-0.02798518650233742
0.531836760044098,0.5942064762115479,2.0558534856718326e-07,0.5547961115837098,0.5748195648193359,-0.013602459244430022,0.5701990365982057,0.5386575460433961,-0.019311699271202062,0.5787628173828125,0.5032263994216919,-0.02386337257921692,0.5865193843841553,0.47228140234947197,-0.028325542062520925,0.5492454051971436,0.47886169552803043,-0.010501381196081601,0.5555848717689514,0.43179600238800053,-0.0188285864889621,0.5590812802314759,0.4016866326332092,-0.02572392784059042,0.5616320610046388,0.37510008811950685,-0.03073458150029178,0.5341577887535095,0.47394670844078063,-0.00947842746973034,0.5369890809059144,0.42296327352523805,-0.01662323251366612,0.5387554168701172,0.3889718294143677,-0.023181663453578923,0.5402875542640686,0.3600117683410644,-0.02810039371252056,0.5205662608146667,0.47975561022758484,-0.01029558014124628,0.5181213378906251,0.4318799078464508,-0.01788863427937026,0.5177991628646851,0.3998071849346161,-0.02402745820581906,0.5185830116271973,0.3717913448810577,-0.028276850655674923,0.5084173679351807,0.4942860364913941,-0.01238734927028412,0.49985832571983335,0.4600335717201233,-0.020471346750855404,0.49532089829444886,0.4359581351280213,-0.02513896115124222,0.4926217913627624,0.41246699690818783,-0.02807954214513298
0.5319496750831605,0.5945693969726562,2.0522807062661743e-07,0.5548369646072389,0.5749194741249084,-0.013484070077538442,0.5702126622200012,0.5385509610176087,-0.01914209611713882,0.5787866711616516,0.5031927108764649,-0.023669193312525705,0.5865093469619751,0.4723523437976837,-0.028111517801880783,0.5493200659751892,0.4790649175643921,-0.010361942462623081,0.5556169033050538,0.43189681768417354,-0.01866995729506008,0.5591033816337586,0.4017743945121765,-0.025566161796450562,0.561654555797577,0.3751689076423645,-0.03058175556361672,0.5342094540596009,0.4742285072803497,-0.00939626432955262,0.53694828748703,0.4231870830059052,-0.016534558683633762,0.5387132287025452,0.38918035030364995,-0.0231128022074699,0.5402622580528259,0.3602221250534058,-0.028041779622435523,0.5206127405166626,0.4800962090492249,-0.01026243884116408,0.5180670619010925,0.43210645914077767,-0.017830618098378142,0.5177434682846069,0.399942421913147,-0.023962597176432544,0.5185434937477112,0.37182484269142146,-0.02820820473134516,0.508494758605957,0.4946982622146607,-0.01239500846713774,0.49995478391647336,0.46034095287323,-0.0204413946717977,0.4954086005687714,0.4361565291881562,-0.02508247867226598,0.4926986217498779,0.4125199615955353,-0.02800855971872802
0.5319890379905702,0.595001220703125,2.0631159429740365e-07,0.5548343062400818,0.575399887561798,-0.013708457164466342,0.5702484965324403,0.5388214230537415,-0.0194619111716747,0.5787963271141052,0.5033481001853943,-0.02405388690531248,0.5864242315292358,0.47215322852134706,-0.02854668088257306,0.5494200348854066,0.47902778387069705,-0.01039597950875756,0.5556466937065125,0.4318060994148254,-0.01872798092663282,0.5591142416000366,0.4016015112400055,-0.025702630728483142,0.5616859316825866,0.3749445736408234,-0.030785149708390202,0.5343097448348999,0.4742544710636139,-0.009333455003797961,0.536981725692749,0.4233861923217774,-0.01648749150335784,0.5387059688568115,0.38932129144668576,-0.023191240802407222,0.5402580142021179,0.3603502452373505,-0.02823560200631614,0.5207203149795533,0.4801287412643433,-0.01013119053095576,0.5181635379791261,0.4322125196456909,-0.01768469326198098,0.5178076148033142,0.4000505208969116,-0.023933942243456782,0.5185923457145691,0.3719296336174011,-0.028292356058955165,0.5086851835250854,0.49468518495559693,-0.012221417948603562,0.5001922845840454,0.46035081148147583,-0.020276676490902843,0.495622330904007,0.43621469736099244,-0.025011288747191402,0.49287626147270197,0.41260065436363214,-0.028026823326945262
0.5319506883621216,0.5952744603157044,2.0730046799144477e-07,0.5548261404037476,0.5757173299789429,-0.013886092603206602,0.5703032970428468,0.538954246044159,-0.01970676220953462,0.578818166255951,0.5033487558364869,-0.024341582134365984,0.586352813243866,0.47187272310256956,-0.028866531327366763,0.5494685292243957,0.4788986563682556,-0.01039789989590642,0.5556674361228944,0.4316119015216827,-0.01872914955019946,0.5591217994689942,0.40135395526885986,-0.025749249383807123,0.5617231607437134,0.37468804121017457,-0.03087695166468616,0.534356439113617,0.4741666972637177,-0.00924755018204444,0.536993396282196,0.4234441339969635,-0.01639528870582574,0.5386920809745789,0.38935385942459105,-0.023189895227551403,0.5402745366096496,0.3604113936424256,-0.02832169644534584,0.5207820057868958,0.4800524950027466,-0.00997973419725892,0.5182309985160828,0.4321836948394775,-0.01750878766179082,0.5178722977638245,0.4000436723232269,-0.023848132416605904,0.5186763167381286,0.37194277048110963,-0.028300697728991464,0.508837080001831,0.49461103677749635,-0.012024596892297202,0.5004171311855317,0.4603988170623779,-0.020092837885022103,0.4958498716354371,0.436360764503479,-0.024909544736146903,0.49308909177780147,0.41282169818878167,-0.0280024733394384
0.5321303367614747,0.5957155585289002,2.0754069112172148e-07,0.5550226092338563,0.576086437702179,-0.014056548662483662,0.570491087436676,0.5389258861541748,-0.02001314312219616,0.5789334535598756,0.5031646728515625,-0.02477502860128874,0.586306655406952,0.47119534611701963,-0.02946514487266534,0.5496222972869873,0.4792764604091644,-0.010819950886070701,0.5556832790374756,0.4316733777523041,-0.01936126984655852,0.5591245174407959,0.4012247383594513,-0.0265267957001924,0.5617950797080994,0.37442962527275087,-0.03175620399415488,0.5345529913902283,0.4747708916664124,-0.009685594961047102,0.5371078848838806,0.4239221453666687,-0.017057709395885398,0.5387964129447937,0.38961282968521116,-0.024092450737953124,0.5404293179512024,0.36047847270965583,-0.02942355722188946,0.5210267663002015,0.48076293468475345,-0.010433254577219461,0.5184904694557191,0.4326956450939178,-0.018130786344408963,0.5181467175483704,0.4003544747829437,-0.024687970429658864,0.5189792513847351,0.37213363051414494,-0.029324852302670422,0.5091921567916871,0.49530286788940436,-0.012498669698834362,0.5009714365005494,0.46089964509010317,-0.020730629563331538,0.49652773737907413,0.43672170042991637,-0.025731930136680584,0.4938229799270629,0.41307786703109745,-0.028991977870464286
0.5324479341506958,0.5963227033615113,2.0793592057088974e-07,0.555340313911438,0.5760903477668762,-0.013769594207406002,0.5707087874412536,0.5385443210601807,-0.01977405995130534,0.5789819002151488,0.5028558492660523,-0.024662187322974143,0.5862396597862244,0.470487517118454,-0.029549152404069842,0.549815011024475,0.479672622680664,-0.011146890930831401,0.5557785987854004,0.4314980208873749,-0.01998415850102898,0.5592185616493225,0.4007790386676789,-0.02725972644984716,0.5619746208190918,0.37382444739341736,-0.03254707604646676,0.5348426580429078,0.47575038671493536,-0.01031316425651306,0.5372661709785461,0.42455124855041504,-0.01806295365095132,0.5390010356903077,0.3898460149765015,-0.02532179020345204,0.5407504200935364,0.3604916453361511,-0.030806368216872184,0.5213868618011475,0.4822979748249054,-0.01131866406649348,0.5187455892562867,0.43379046916961667,-0.01936672180891034,0.5186041355133056,0.40105897188186646,-0.026111976429820043,0.5196652054786682,0.3725312173366547,-0.03086195029318326,0.5096500158309937,0.49720373749732977,-0.013588869012892201,0.5018175840377808,0.462217628955841,-0.02217203006148332,0.4976781070232391,0.43742547631263734,-0.027398351207375504,0.4951751470565796,0.413226330280304,-0.030812299251556347
0.5330451488494874,0.5975181460380554,2.070397243869593e-07,0.5559088826179506,0.5764023184776306,-0.013166477531194662,0.571107280254364,0.5380508184432984,-0.019144774228334382,0.5791956901550293,0.502235221862793,-0.02411905638873572,0.5862648367881775,0.4695411205291748,-0.02918819822371,0.5502214550971984,0.48118709921836855,-0.01166614945977922,0.5559802412986755,0.4320403754711151,-0.02087954804301258,0.5594357848167419,0.4008386909961701,-0.0282147198915481,0.5623568415641785,0.37367739081382756,-0.03349370732903472,0.5353954792022706,0.47773824930191044,-0.0112938862293958,0.5377375721931458,0.42556714415550234,-0.01953993998467916,0.5396059393882752,0.3901356279850006,-0.02697872072458262,0.5415987133979797,0.3603932738304138,-0.032542736828327146,0.5220837473869324,0.4846557319164276,-0.01265663634985682,0.5194395661354065,0.43506941199302673,-0.021138794347643822,0.5196047425270081,0.4016748309135437,-0.028028664737939805,0.5210701942443848,0.37278566956520076,-0.03283369392156594,0.5105156064033509,0.4997222483158112,-0.015188094601035082,0.5031341910362245,0.4638997793197631,-0.024175887927412938,0.4994435727596283,0.4382263600826264,-0.029618974402546842,0.49736726284027105,0.41339346766471863,-0.03315785676240916
0.5338256239891053,0.5986846923828125,2.0664297153416559e-07,0.5564857959747316,0.5761890053749085,-0.012457620538771122,0.5714080691337586,0.5372893929481506,-0.01855481453239912,0.5793190717697143,0.501822566986084,-0.023799041286110822,0.586336362361908,0.46890227198600776,-0.02924296446144576,0.5509046077728272,0.4827014207839966,-0.012435952760279142,0.5563968181610108,0.4327399015426636,-0.02232078649103636,0.5598807096481323,0.4011352419853211,-0.029881013557314817,0.5629922151565552,0.3736892223358154,-0.03523185029625884,0.5363096952438355,0.48007990717887883,-0.01272177267819638,0.5386413216590882,0.42692068219184875,-0.02172953262925142,0.5407807469367981,0.39090740084648135,-0.029412201046943625,0.5431657075881958,0.36067501902580257,-0.035080613568425144,0.5231072306632996,0.4876592993736267,-0.014629152044653862,0.5206317186355591,0.4371484041213989,-0.02377615682780738,0.5213826298713684,0.4030990958213806,-0.03071843124926086,0.5235315442085267,0.3737632036209106,-0.03546792790293688,0.5115375995635987,0.5030972242355347,-0.017603995651006663,0.5048927426338197,0.46618497967720035,-0.02706529870629306,0.5019815802574158,0.4394611597061157,-0.032599145546555484,0.5006320595741272,0.4138594448566436,-0.036159108951687766
0.5346060991287231,0.5998512387275696,2.0624621868137186e-07,0.5570627093315125,0.5759756922721864,-0.011748763546347582,0.5717088580131531,0.536527967453003,-0.01796485483646386,0.5794424533843994,0.501409912109375,-0.02347902618348592,0.5864078879356385,0.46826342344284066,-0.02929773069918152,0.5515877604484558,0.4842157423496246,-0.013205756060779061,0.556813395023346,0.43343942761421206,-0.02376202493906014,0.5603256344795227,0.40143179297447207,-0.03154730722308154,0.5636275887489319,0.37370105385780333,-0.036969993263482964,0.5372239112854005,0.4824215650558472,-0.01414965912699696,0.5395450711250306,0.4282742202281953,-0.02391912527382368,0.5419555544853211,0.39167917370796207,-0.03184568136930462,0.5447327017784118,0.3609567642211914,-0.03761849030852314,0.5241307139396667,0.49066286683082583,-0.0166016677394509,0.5218238711357117,0.4392273962497711,-0.026413519307970944,0.5231605172157288,0.4045233607292175,-0.03340819776058192,0.5259928941726685,0.3747407376766205,-0.038102161884307824,0.5125595927238464,0.5064722001552582,-0.02001989670097824,0.5066512942314148,0.4684701800346374,-0.02995470948517318,0.5045195877552032,0.4406959593296051,-0.035579316690564126,0.5038968563079834,0.4143254220485687,-0.03916036114096637
0.5352098345756531,0.6001494526863098,2.0689433881671e-07,0.5573839068412781,0.5752571940422059,-0.010789080709218942,0.5717851161956787,0.5356148481369019,-0.01682568993419402,0.5794107794761658,0.5010203123092651,-0.022362318634986823,0.5863210558891296,0.46819385290145876,-0.02820393703877922,0.5522467970848084,0.48493297100067134,-0.012638988904654942,0.5574826240539551,0.43358403444290167,-0.023365261033177317,0.56119384765625,0.4014986872673035,-0.03111473023891444,0.5648831248283386,0.37394535541534424,-0.03642361983656876,0.5382630109786988,0.4834323525428772,-0.01414142213761802,0.5406950235366822,0.4285032153129577,-0.02414336949586862,0.5435895681381226,0.39180560708045964,-0.032022492960095364,0.5471025466918945,0.36145719885826105,-0.03766911700367924,0.5253906965255737,0.4917596936225891,-0.017083692736923662,0.5235939025878906,0.4399016201496124,-0.027075718343257844,0.5260240316390992,0.4055079042911529,-0.0338640853762626,0.5301191329956055,0.37649065852165225,-0.038320155441760984,0.5138766169548035,0.5074251174926758,-0.02091670893132682,0.508818793296814,0.4690137147903442,-0.03087593913078304,0.5078589677810669,0.4410369038581848,-0.036328058689832646,0.5085754692554474,0.41502819061279295,-0.03972240462899204
0.5362760305404664,0.5993877649307251,2.0903565314256417e-07,0.557948124408722,0.5740734100341798,-0.01050948891788718,0.5719295978546143,0.5348594903945922,-0.016561191715300023,0.5793830156326294,0.5009827256202698,-0.02220879197120662,0.5860959053039552,0.46832911372184755,-0.028079187497496577,0.5530082941055298,0.4838707506656647,-0.012020860984921422,0.5584855198860168,0.4332785785198212,-0.02292634621262544,0.562517237663269,0.40170145630836485,-0.030809427052736246,0.5666505217552186,0.374619460105896,-0.03620322197675699,0.5395408630371095,0.48218497633934027,-0.0137929312884807,0.5421464443206787,0.42726642489433286,-0.02410727702081196,0.5459234714508057,0.39158480763435366,-0.032080333679914426,0.5506117463111877,0.362259167432785,-0.03773671835660932,0.5270085573196411,0.490490460395813,-0.0170377682894468,0.5257017731666564,0.43900585770607,-0.02750365026295178,0.5298970460891723,0.40682907104492183,-0.034216484427452024,0.5359220623970031,0.3804281115531921,-0.038489765673875784,0.515637767314911,0.5061853110790253,-0.02116310149431224,0.5118180990219117,0.46831782460212706,-0.03140920288860794,0.5126238703727722,0.44117324352264403,-0.036853824555873826,0.515346908569336,0.4165763854980469,-0.04019390717148778
0.5373017430305481,0.5976539373397828,2.0559332938319136e-07,0.5585171341896058,0.5725462675094605,-0.010158800892531841,0.5721086025238038,0.5338939309120179,-0.01608653906732792,0.5793325185775757,0.5010341882705689,-0.0217240266501903,0.5858964204788208,0.46895163059234624,-0.02751635834574696,0.5539133429527283,0.4815946459770203,-0.011142966337501982,0.559813380241394,0.43212425112724306,-0.021930943429470003,0.5642269015312195,0.40144174098968505,-0.02980652451515194,0.5686735391616822,0.3751149892807007,-0.03521692678332322,0.5411458730697633,0.4798160076141358,-0.013052880950272041,0.5440737485885621,0.42518668174743646,-0.0234156057238578,0.5490369319915772,0.3913193821907044,-0.031403934583067825,0.5549061894416809,0.3637350559234619,-0.03703481703996656,0.5291211605072021,0.48816029429435737,-0.0164380909875035,0.5281809329986573,0.4374442398548126,-0.02712350487709038,0.5345463633537293,0.408935958147049,-0.03366978056728834,0.5425343990325928,0.38681580424308776,-0.03768933862447736,0.5179544925689697,0.5038428783416748,-0.020698080956935844,0.5153720736503601,0.4664342880249024,-0.030950770899653385,0.5182773470878601,0.4410167217254639,-0.03627575188875194,0.523167634010315,0.4191368341445923,-0.03950392380356787
0.5382697701454163,0.59593665599823,2.014087300494794e-07,0.5590632557868958,0.571443271636963,-0.00977850835770366,0.5723196625709535,0.5331273555755616,-0.01540102306753392,0.5793299674987793,0.5008995056152344,-0.020848010107874824,0.5857248783111573,0.46943309903144836,-0.02637312635779376,0.5546033024787903,0.4792334198951721,-0.009836361370980722,0.5609486818313599,0.4308514952659608,-0.02023725174367422,0.5657146811485291,0.40102989673614503,-0.02796237878501412,0.5704253554344177,0.3755037307739258,-0.03331737965345376,0.5424529790878296,0.4770766079425812,-0.011792694404721221,0.5455317378044129,0.4227757155895233,-0.02194390557706348,0.5515287160873413,0.390624737739563,-0.029840468615293422,0.5584153890609741,0.364874666929245,-0.03537157252430912,0.530937659740448,0.48528071641922,-0.015237359702587099,0.5300772428512573,0.4352255702018738,-0.025922362133860524,0.5383087873458863,0.41038112640380864,-0.03227352946996684,0.547982931137085,0.3925697863101959,-0.036037553101778,0.5200412631034851,0.5009486496448516,-0.019554626569151842,0.5183321952819824,0.46424868106842043,-0.029702837392687743,0.5229962468147278,0.4406435310840607,-0.03490519821643825,0.5297622919082642,0.4214762508869171,-0.038015776127576804
0.5389855861663818,0.5940158486366272,1.9450127695108681e-07,0.5596848607063294,0.5703300952911377,-0.008865728136152,0.5723284840583802,0.531900155544281,-0.013810194469988301,0.5791427493095398,0.4999359726905823,-0.018810951896011778,0.5853444576263429,0.4693038761615753,-0.023801449313759743,0.5554117321968078,0.4766235530376434,-0.00768346344120798,0.5621074438095093,0.42951918840408326,-0.01733067519962782,0.5676250457763672,0.4010588228702545,-0.02472233586013314,0.572939395904541,0.3769138932228088,-0.02990323603153222,0.5440859317779541,0.47415974736213684,-0.009807968232780639,0.547250783443451,0.41998156905174255,-0.0193884948268532,0.5547504425048828,0.38998888731002807,-0.02697243615984908,0.563023602962494,0.3665992796421051,-0.032283714041113805,0.5332528710365295,0.4820747435092927,-0.01341104917228218,0.5326988101005554,0.43281605243682864,-0.02387052476406092,0.5434972882270813,0.41325423717498777,-0.029862279072403863,0.555259919166565,0.4014835059642792,-0.03326004147529599,0.5228819251060486,0.4973157227039337,-0.017851267196238,0.5226171970367431,0.46119681596755985,-0.027739015966653763,0.5297682523727417,0.441231369972229,-0.032619258016347824,0.5387984871864319,0.42697753310203557,-0.0354613937437534
0.5397343754768372,0.5927953958511353,1.824234715286366e-07,0.5603464245796204,0.5694266080856323,-0.00775073012337086,0.5722806215286255,0.5308877110481263,-0.012134844809770541,0.5788155913352967,0.4990989148616791,-0.01684267278760666,0.5849779725074769,0.46918982267379766,-0.021472032926976622,0.5560829162597657,0.47481751441955566,-0.00613155500032006,0.5629909396171571,0.428643798828125,-0.01514210868626826,0.5692911982536316,0.401855218410492,-0.02206554468721148,0.5750509262084962,0.379072368144989,-0.02695739418268196,0.5456859827041626,0.4725559830665588,-0.008639216236770098,0.5491839766502381,0.4183186113834382,-0.017910553142428322,0.5583581686019897,0.39076331853866575,-0.025056206807494083,0.5676534175872803,0.3697376847267151,-0.03000762909650796,0.5357429504394531,0.480535900592804,-0.01256662774831052,0.535759437084198,0.4315002977848053,-0.02315778136253352,0.5493566393852234,0.41790018677711493,-0.028707804158329922,0.5628955602645874,0.41246823668479915,-0.03159113936126228,0.5262808918952943,0.495514041185379,-0.017240573279559582,0.5276768684387207,0.45931044816970823,-0.027128779515623983,0.5372112035751343,0.4427289366722107,-0.03171910755336278,0.5479437470436097,0.432844740152359,-0.034291447699069943
0.5399889707565307,0.5924866199493408,1.6929498656281796e-07,0.5609079480171204,0.5689710140228272,-0.005957290134392661,0.5725441813468933,0.5300030708312988,-0.00948965093120928,0.578899347782135,0.4978062212467194,-0.0138408788479864,0.5847806215286255,0.46802761554718025,-0.01804920099675648,0.5573269724845886,0.47495732903480536,-0.0034875591751188,0.5643333673477173,0.429466712474823,-0.01157016097567968,0.5712465047836304,0.4037459075450897,-0.0178084681741893,0.5774145126342773,0.3817625999450684,-0.02220643404871218,0.5476636290550232,0.472792136669159,-0.006636698660440699,0.5512171030044556,0.4182092547416687,-0.015218714997172282,0.5616785287857056,0.39187104701995845,-0.021655561774969023,0.5715802431106568,0.37232089042663574,-0.026027962192892964,0.538389241695404,0.48037046790122984,-0.01113484855741256,0.5399816989898683,0.4312827706336975,-0.021602745726704564,0.5557958006858825,0.42382118105888367,-0.026487522572278918,0.5698292851448059,0.42473725080490116,-0.028593327850103323,0.5297881364822388,0.4943554818630218,-0.01624165568500754,0.5333248376846315,0.4577906668186188,-0.025867782160639702,0.5450716376304627,0.44588997364044186,-0.029853508993983202,0.5567219257354736,0.44163289070129397,-0.0318169273436069
0.5401618838310241,0.5918709278106689,1.5985667687345997e-07,0.5616401314735413,0.5680729389190674,-0.00412829591950866,0.5728991985321046,0.5293612122535706,-0.006840174680110021,0.5788482308387757,0.4970266044139863,-0.01087143709883088,0.583980143070221,0.4673860013484955,-0.014685863163322141,0.5586963653564454,0.4749554753303528,-0.00075981845147908,0.5662795782089234,0.4304340541362762,-0.0079349894309416,0.5738102316856385,0.40579026341438296,-0.013576230825856298,0.5803253293037415,0.3846116900444031,-0.017578547727316558,0.5495518445968628,0.47301205396652224,-0.004680647797067599,0.553774619102478,0.41877506375312806,-0.012552155181765482,0.5649744749069214,0.39337521195411684,-0.018382003158330842,0.574911105632782,0.37472767829895015,-0.022314612567424723,0.540785026550293,0.48031189441680905,-0.0098997927270829,0.5449217081069947,0.43239217400550845,-0.02029210142791268,0.5620705485343934,0.4306518375873566,-0.024631336703896462,0.5756992936134339,0.43672128319740294,-0.02611146382987494,0.5331573843955993,0.4936317920684814,-0.015579094551503619,0.5395211577415466,0.45776496529579164,-0.02509378604590888,0.5528193831443786,0.45082036852836604,-0.0285476800054311,0.5645397305488586,0.4516665816307068,-0.029969067126512483
0.5374950647354126,0.5905854940414429,1.6003352527604877e-07,0.5597217559814454,0.5677195191383362,-0.005031988947303021,0.5718578457832337,0.5297229170799256,-0.00787856433307746,0.5788531184196473,0.4967681288719178,-0.01179745001718396,0.5851736307144165,0.4676732957363129,-0.015445183869451222,0.5564117550849915,0.47387419939041137,-0.00100688305683434,0.5635286211967468,0.42930888533592226,-0.007688972377218261,0.5704102039337159,0.4045746147632599,-0.0131231166888028,0.5762148380279541,0.3831268668174744,-0.017029382567852684,0.5464661002159119,0.47157480120658873,-0.00424256306432648,0.5500786423683167,0.4181232154369354,-0.01134037561714642,0.559691631793976,0.39198215603828424,-0.01681547984480852,0.5678929448127747,0.37233747243881227,-0.020575837418436962,0.5371280431747437,0.4785436153411866,-0.00885233478620642,0.5407323718070984,0.431260472536087,-0.018439333885908103,0.5552752137184143,0.4268900096416473,-0.022695729881524983,0.566269338130951,0.4293751835823059,-0.024278179928660343,0.5292078495025635,0.4916610479354858,-0.014014995843172041,0.5338773250579834,0.456352561712265,-0.02296996302902694,0.5445990860462189,0.44883268475532523,-0.026226808130741037,0.5536167919635773,0.44788396954536436,-0.027538536489009804
0.5350804567337036,0.5895035862922668,1.6293322744331817e-07,0.5577278971672058,0.5673762798309326,-0.006468169661820861,0.5710187315940858,0.5305452466011047,-0.009822266583796521,0.5790426731109619,0.497338503599167,-0.0138845046050846,0.5865759968757629,0.46857128143310545,-0.01763294963166112,0.5540086746215821,0.4730415642261505,-0.0021002406254410797,0.5607542037963867,0.4282432675361634,-0.00865584018174554,0.5665875911712647,0.4029181957244873,-0.014065899746492461,0.571342122554779,0.3806206226348877,-0.017994813900440883,0.5430545091629028,0.47031500935554504,-0.00452901795797512,0.5461216092109681,0.4178545475006104,-0.01121230665594332,0.553678846359253,0.3905303061008453,-0.016553523018956143,0.5597757697105408,0.36936226487159723,-0.02026167623698708,0.5329723477363587,0.47710173130035394,-0.00843045609071846,0.5358177781105041,0.43031961917877204,-0.01743726097047326,0.5470538020133973,0.42170023918151855,-0.021775122359394983,0.5550109267234802,0.41886934638023376,-0.0235706221312284,0.5245044231414795,0.4904290020465851,-0.013010802119970301,0.5269086122512817,0.4558064162731171,-0.02156202793121334,0.5343256831169129,0.44588397145271297,-0.024821322783827697,0.5402523159980774,0.44093949198722837,-0.026174240559339465
0.532717502117157,0.5884621620178223,1.7132140897047066e-07,0.5558380722999573,0.5671357274055481,-0.00827392553037496,0.5703241944313049,0.5314319968223571,-0.012219089304562602,0.5793456435203552,0.4978746771812439,-0.016435445565730282,0.588009238243103,0.4692741453647613,-0.02033078158274288,0.5516830205917359,0.4717250764369965,-0.00329825412482024,0.5580258965492249,0.4272718131542206,-0.0098458728054538,0.5625800371170044,0.4008318901062011,-0.015497080469503939,0.5661767005920411,0.3773324012756348,-0.019683095719665242,0.5393771290779115,0.46846213340759274,-0.00475642849050924,0.5416229367256165,0.41728036999702456,-0.01102933995425694,0.5467561602592469,0.3882472574710846,-0.016461949422955483,0.5507813572883606,0.3648379683494568,-0.02034668028354642,0.5281878709793091,0.47523780465126036,-0.00781696792691942,0.5296647906303406,0.4293258130550385,-0.01616725288331506,0.5368619680404664,0.4150581181049347,-0.020741241425275767,0.5415550827980041,0.40549308061599737,-0.022954411804676,0.5186967372894288,0.4891842246055603,-0.011726230382919282,0.5183663725852966,0.4556343197822571,-0.0198968984186649,0.5221266508102418,0.4429538190364838,-0.02324755564332,0.524932461977005,0.4335388958454132,-0.024741627275943683
0.5300620317459106,0.5871794700622559,1.790682233604457e-07,0.5535470962524415,0.5674614191055298,-0.010627068966277842,0.5691596031188966,0.5327051639556886,-0.01536024300148706,0.5792338013648987,0.4989721059799195,-0.019679611362516822,0.5893326163291932,0.4711491763591767,-0.023705450352281283,0.5484939694404602,0.4702488601207733,-0.00586837185546754,0.5543511629104614,0.42516611814498906,-0.012578773754648841,0.5576895117759705,0.3978068113327027,-0.01850928193889552,0.5601001143455505,0.37350867390632625,-0.0229616967029869,0.5348378419876099,0.46665630936622615,-0.0060040078853489404,0.5365060925483705,0.41633068919181826,-0.011995145864784661,0.5392104864120484,0.3859019696712494,-0.01763778589665886,0.5411152958869935,0.360639488697052,-0.02181142568588254,0.522628927230835,0.47356051206588745,-0.007820772845298021,0.5218428015708924,0.4282144427299499,-0.01527171749621626,0.5247738599777222,0.4064271509647369,-0.0202233679592609,0.5266388416290283,0.38852285742759707,-0.02314626462757582,0.5121096968650818,0.4882516205310822,-0.0106938691809773,0.5079806983470916,0.4553473472595214,-0.01827291063964362,0.5074837863445283,0.4380625128746033,-0.0218367334455251,0.5071352422237396,0.4223649799823761,-0.023701695725321704
0.5271835327148438,0.5870082378387451,1.8903650129686868e-07,0.5508103013038635,0.5684968113899231,-0.013341657631099181,0.5676139712333679,0.5341921210289001,-0.01903621032834048,0.5791307091712952,0.4999547719955444,-0.02358708642423148,0.591195285320282,0.4724989712238312,-0.027858142554759945,0.54474436044693,0.4696088910102844,-0.00876160115003582,0.5495569229125976,0.4235287666320801,-0.01590657792985434,0.5516154289245606,0.3949578642845154,-0.022237734869122443,0.5529691100120545,0.3695430755615234,-0.0269980046898126,0.52975412607193,0.4654110431671143,-0.00747132236137982,0.5301191568374635,0.41542736291885374,-0.013416203297674602,0.5305333375930786,0.38333677053451537,-0.01929189339280126,0.5307180285453797,0.35613196492195126,-0.023710442706942524,0.5164858222007751,0.4722614824771881,-0.007997847162187061,0.5125513434410096,0.426384848356247,-0.01472935751080508,0.5115580320358276,0.3962629199028015,-0.02008979171514508,0.5112486720085144,0.3695915281772613,-0.023698821663856444,0.5047271966934205,0.4874388813972473,-0.00982896741479632,0.49596852064132685,0.454457288980484,-0.016945332288742,0.49135320186614995,0.4316483914852143,-0.02079921737313264,0.48829284310340887,0.4090075135231018,-0.02306604869663708
0.5271447658538818,0.5875067472457887,1.8938962114134484e-07,0.5507240653038025,0.5689875483512878,-0.013323559053242161,0.5674647092819214,0.5346755146980285,-0.0190243117511272,0.5789716124534607,0.5004162967205048,-0.02359910681843754,0.5910639882087707,0.47291985750198373,-0.027888176217675184,0.5446487545967102,0.4700483441352844,-0.00868002511560912,0.5494598507881165,0.4239839255809784,-0.0158452276140451,0.5515051007270814,0.39536892175674443,-0.022187064588069863,0.5528594136238099,0.369911390542984,-0.02695559151470656,0.5296443700790405,0.46582294702529914,-0.0074206707067787205,0.5299857139587403,0.4157416939735412,-0.013382480479776802,0.5304349780082702,0.38366879224777223,-0.0192389655858278,0.5306697845458984,0.35642143487930295,-0.023634885251522027,0.5163954854011537,0.4726721584796905,-0.007987323589622921,0.5123892307281495,0.4267963588237763,-0.0147291207686066,0.5114122867584229,0.3966911733150482,-0.02003563642501828,0.5111584663391113,0.36999033093452455,-0.023602798581123283,0.5046634793281556,0.4878731966018677,-0.009865603223442999,0.4957964956760406,0.454953932762146,-0.0169675808399915,0.49119065999984746,0.4321523487567902,-0.020776744186878138,0.48819118738174444,0.40946635007858273,-0.023013072088360724
0.5272643685340881,0.5880632638931275,1.8887411386003807e-07,0.5507878422737121,0.5692206740379334,-0.013176866993308022,0.5674379587173461,0.5349199771881104,-0.01884957589209076,0.5789154648780823,0.5006325244903564,-0.023435951769351922,0.5909543991088868,0.47306946516036985,-0.027753570303320863,0.544568955898285,0.4705484330654144,-0.008598092384636342,0.5493141174316407,0.424570894241333,-0.0158050429075956,0.5513318657875061,0.39588511586189273,-0.02216950356960292,0.5526861548423767,0.370335167646408,-0.02695162557065482,0.5295432686805726,0.4663825392723084,-0.0074460363015532004,0.5298012018203736,0.4161869287490845,-0.013438183814287142,0.5302982330322266,0.38408657312393185,-0.01928414851427074,0.5306073188781739,0.35673969984054565,-0.0236746463924646,0.5163158178329468,0.47331351637840263,-0.0081121958792209,0.5121919274330139,0.42741112709045415,-0.01486614216119044,0.5112539052963256,0.39722524881362914,-0.020121327415108643,0.5110926747322083,0.37038270235061643,-0.02366462945938104,0.5046086788177491,0.48859923481941225,-0.01008347049355502,0.49565082192420956,0.4557037949562073,-0.01716756224632256,0.491115003824234,0.4328332781791687,-0.02092025801539416,0.48823348879814155,0.41003658175468444,-0.023130753263831082
0.5272183775901794,0.5883809804916382,1.8837575055385974e-07,0.5507622957229614,0.5695676326751709,-0.013137782551348183,0.5674052715301514,0.5352006673812867,-0.0187783163040876,0.5788551330566406,0.5009377360343933,-0.023330772668123202,0.5908139109611511,0.4733094990253448,-0.027627303451299642,0.5444305181503297,0.47091820240020754,-0.00868056882172816,0.5491536140441895,0.4247590422630311,-0.0159291740506887,0.5511600375175476,0.39605165719985963,-0.022316335886716804,0.5525072813034058,0.37045844793319693,-0.027102178335189762,0.5294254660606384,0.4667879164218903,-0.007530898228287661,0.5295913457870484,0.4163911879062652,-0.013539621792733623,0.5300756335258484,0.38418967723846437,-0.019395947083830783,0.5303789138793946,0.3568536102771759,-0.0237981844693422,0.516230583190918,0.4737610816955566,-0.00818931451067322,0.5120134592056275,0.4277915537357331,-0.014935607835650361,0.5111104011535644,0.397563910484314,-0.020204732567071882,0.5109947562217713,0.370723408460617,-0.023763068765401782,0.5045624136924745,0.4890520632266998,-0.0101474534720182,0.49558489918708803,0.4560794889926911,-0.01721477881073944,0.4910533487796783,0.4332103788852692,-0.0209674090147018,0.48817678689956673,0.41042189598083495,-0.023183302581310218
0.5271260738372804,0.5887348771095277,1.8763415994271786e-07,0.5507636189460754,0.5696887493133544,-0.013055006042122824,0.5674125194549561,0.5352493882179261,-0.0186745479702949,0.5788508892059326,0.5009492635726929,-0.023216350749134983,0.590778148174286,0.47330873608589175,-0.02752397581934926,0.5442994713783265,0.471353942155838,-0.00879560802131884,0.549065113067627,0.4250374555587769,-0.01608320027589792,0.5510843873023987,0.396230685710907,-0.02248546667397018,0.5524160504341126,0.3705762922763824,-0.0272789623588323,0.5293108224868776,0.46726014614105227,-0.0076906279660761,0.5295048475265502,0.4166985392570496,-0.013742206431925242,0.5299712538719177,0.38437817096710203,-0.019621274992823564,0.530220127105713,0.3570105493068695,-0.02404027543961998,0.5161435246467592,0.47425217628479005,-0.00837230850011104,0.5119324922561646,0.4281665563583374,-0.01514400187879792,0.5110795855522156,0.39785223007202153,-0.0204336907714605,0.5109922647476197,0.3709764719009399,-0.024011411145329422,0.5045080661773682,0.4895131051540374,-0.010340702161192861,0.49556955099105826,0.45644029378890993,-0.0174370035529136,0.4910646140575409,0.43349230885505685,-0.02121092528104778,0.48819662332534797,0.4106698393821716,-0.02344464622437948
0.5272444725036621,0.5885491371154785,1.8856853500892617e-07,0.5509058475494385,0.5694114446640015,-0.013050412759184822,0.5675341367721558,0.534957480430603,-0.01864623427391048,0.5788946151733398,0.5006229877471924,-0.023150737211108163,0.5907440662384034,0.47294132113456727,-0.027438075840473142,0.5442139267921449,0.47141384482383725,-0.00889406017959112,0.5490007758140564,0.42502526640892024,-0.016169153153896283,0.5510058283805848,0.39617252945899967,-0.02254952713847156,0.5522920846939087,0.3704854369163513,-0.027320590615272464,0.5292359352111817,0.467430716753006,-0.00775763280689712,0.5294706702232361,0.41671977639198304,-0.013808070495724621,0.5299433112144469,0.38422544002532955,-0.01969500891864296,0.5301652908325196,0.3567924320697784,-0.0241264037787914,0.5160746932029724,0.474476408958435,-0.0083961315453052,0.5118739843368532,0.4282686591148376,-0.0151781924068927,0.5110528469085693,0.3978542566299439,-0.02052797041833396,0.5109668016433717,0.370950710773468,-0.0241525992751121,0.5044476985931396,0.4896880865097046,-0.01031023748219008,0.4956097066402435,0.45649362802505494,-0.01743903011083598,0.4911167860031128,0.43351443409919743,-0.021270508319139438,0.4882186174392701,0.41068912148475645,-0.02355090864002698
0.527362871170044,0.5883633971214295,1.8950291007513446e-07,0.5510480761528016,0.5691341400146485,-0.013045819476246822,0.5676557540893555,0.5346655726432801,-0.018617920577526058,0.578938341140747,0.5002967119216919,-0.023085123673081343,0.5907099843025208,0.47257390618324285,-0.027352175861597026,0.5441283822059632,0.4714737474918365,-0.0089925123378634,0.5489364385604858,0.4250130772590637,-0.01625510603189464,0.5509272694587708,0.3961143732070923,-0.022613587602972943,0.5521681189537048,0.37039458155632016,-0.02736221887171262,0.5291610479354859,0.4676012873649597,-0.00782463764771814,0.5294364929199219,0.4167410135269165,-0.013873934559524001,0.5299153685569764,0.38407270908355706,-0.01976874284446236,0.5301104545593261,0.3565743148326874,-0.02421253211796282,0.5160058617591858,0.47470064163208003,-0.00841995459049936,0.5118154764175415,0.42837076187133794,-0.01521238293498748,0.5110261082649231,0.39785628318786626,-0.02062225006520742,0.5109413385391236,0.37092494964599604,-0.02429378740489478,0.5043873310089112,0.4898630678653717,-0.0102797728031873,0.49564986228942876,0.45654696226119995,-0.01744105666875836,0.4911689579486847,0.433536559343338,-0.0213300913572311,0.4882406115531922,0.4107084035873413,-0.02365717105567448
0.527300488948822,0.5882174134254456,1.9064794969381186e-07,0.5510161519050598,0.5691415786743165,-0.01309335809201,0.5676165461540222,0.5346009373664856,-0.01865830570459362,0.5788250923156739,0.5002183794975281,-0.02310410402715202,0.5905722260475159,0.47247722148895266,-0.027345322817563966,0.5440447688102723,0.4714029014110565,-0.00903792344033714,0.5489238381385803,0.42476151585578914,-0.01626655198633666,0.5509128451347352,0.3958266019821167,-0.02259549051523204,0.5521010041236878,0.37011852860450745,-0.02732068300247186,0.5290903329849244,0.46760076880455015,-0.007824972365051459,0.5294335842132569,0.4166386485099792,-0.01385596208274358,0.5298935413360596,0.3838712155818939,-0.019749940559267962,0.5300249814987184,0.3563872933387756,-0.024191083386540378,0.515943169593811,0.4747179985046387,-0.00837538987398144,0.5118154048919679,0.4283026218414307,-0.01516314651817078,0.5110573291778565,0.39778632521629337,-0.0206094074994325,0.5109657645225525,0.37093209624290463,-0.02429889924824232,0.504338800907135,0.4898339807987213,-0.01019021365791554,0.4956651031970978,0.4564111828804016,-0.017376893386244742,0.491166365146637,0.4334073722362518,-0.02131453864276404,0.48819996714591984,0.41061487197875973,-0.02366832718253128
0.5274583697319031,0.5880446791648866,1.913774667627877e-07,0.5510838866233826,0.5688565135002137,-0.013076235726475682,0.5676476836204529,0.5342300653457641,-0.01862706579267974,0.5788689494132996,0.4998809039592743,-0.02306596674025054,0.590618896484375,0.4721258103847504,-0.027296940982341703,0.5440361261367798,0.4711569428443909,-0.00898343902081248,0.5489328980445862,0.4244420528411866,-0.01619323361665006,0.5509471416473389,0.3955165803432465,-0.02251460589468476,0.5521429181098938,0.3698397517204285,-0.027226997911930024,0.5290943861007691,0.46743124127387997,-0.0077821281738578805,0.529441499710083,0.4163978338241577,-0.013793262839317262,0.5299426317214966,0.3836393892765045,-0.01968979537487026,0.5301051259040833,0.3562286376953125,-0.024130454286932904,0.5159582257270814,0.47457910776138307,-0.008344863355159719,0.5118491053581238,0.42813141345977784,-0.01510878838598724,0.5111222743988038,0.39762674570083617,-0.020563151314854537,0.5110725402832031,0.37080969810485837,-0.024257689341902682,0.5043357372283935,0.48971256017684933,-0.01016966998577112,0.4956889927387238,0.45623443126678465,-0.0173378765583038,0.4912256598472595,0.4332609176635742,-0.02126430161297316,0.4883093595504761,0.4105235278606414,-0.02360834851860992
0.5276329278945923,0.587852430343628,1.9179321100182281e-07,0.551158332824707,0.5686956524848938,-0.013004794903099502,0.5677117109298706,0.5339117646217346,-0.018498298153281162,0.5789227604866028,0.4995800733566284,-0.02289409898221488,0.5906215071678161,0.47183077931404116,-0.027080257236957502,0.5441247224807739,0.4708109438419342,-0.008816166408359982,0.5490454196929931,0.4240702211856842,-0.015976708196103542,0.5510666966438295,0.39516615867614746,-0.02226990014314648,0.5522637009620667,0.36955825686454774,-0.0269530657678842,0.5291687250137329,0.46710178852081297,-0.00764367952942844,0.529567539691925,0.41605547666549675,-0.013592288084328122,0.5300928115844727,0.3833367168903351,-0.01944960653781886,0.5302788138389588,0.3560374259948731,-0.023862613365054082,0.516001856327057,0.47421891093254087,-0.0082407739013433,0.5120028138160706,0.42772482037544246,-0.014936151914298501,0.5112838029861451,0.3972350180149078,-0.0203723341226577,0.5112464904785157,0.37046549320220945,-0.02406415864825244,0.504307222366333,0.4893429458141327,-0.010096838325262019,0.4957509994506836,0.4558533549308777,-0.01720556356012818,0.4913593947887421,0.43298518061637875,-0.02109761200845236,0.4885229825973511,0.41036322712898254,-0.023421619087457584
0.5277252793312073,0.5877135396003723,1.9121619061479585e-07,0.5512283802032472,0.568495261669159,-0.012889974005520301,0.5677859902381897,0.5336455464363098,-0.01833825595676892,0.5789540529251098,0.49935019612312315,-0.02271166592836376,0.590639054775238,0.4716823577880859,-0.02687662467360492,0.5441911697387696,0.47050648927688604,-0.00865723174065348,0.549169921875,0.4237452030181884,-0.01576743405312296,0.5512252688407898,0.39491043686866767,-0.022034344449639278,0.5524488806724549,0.36941641569137573,-0.02669959962368006,0.5292102217674255,0.466839337348938,-0.00754808476194736,0.5296513319015503,0.4158190429210662,-0.013455588370561562,0.5302076101303101,0.3832064807415009,-0.01928770653903478,0.5304194688796997,0.35609161853790283,-0.023686883971095023,0.5160286068916321,0.4739787817001343,-0.0082044063135981,0.5121537446975708,0.42747425436973574,-0.0148465201258659,0.5114832520484924,0.39698274135589595,-0.020261835679411817,0.5115027785301208,0.3702472925186157,-0.02395501099526878,0.5042981505393982,0.489138126373291,-0.010110650770366159,0.4958167135715485,0.455620390176773,-0.017171230167150463,0.4915340840816498,0.4327843964099884,-0.021029533073306038,0.4888298869132996,0.41021400690078735,-0.02333831042051308
0.528011429309845,0.5876128911972046,1.911626469563999e-07,0.5513897061347962,0.5682164192199708,-0.01277898456901306,0.5679166555404663,0.533246672153473,-0.01818157210946076,0.5790318965911865,0.4989780068397522,-0.0225382354110479,0.5906566500663758,0.4713910341262817,-0.026685342937707864,0.5443508982658386,0.4699929893016816,-0.00842904243618246,0.5493242502212524,0.4232223868370055,-0.015485004708170842,0.5513787746429444,0.3944332718849182,-0.021747332066297483,0.5526039481163025,0.3689994812011719,-0.026414801552891682,0.5293639779090882,0.4664505779743195,-0.00739455856382844,0.529764997959137,0.4154525995254516,-0.01325171794742342,0.5303068399429322,0.38289386630058286,-0.019075049832463203,0.5305110931396484,0.3558708071708679,-0.023475148528814244,0.5161766290664673,0.473684972524643,-0.008127843588590561,0.5123165130615235,0.4271056890487671,-0.01471320278942582,0.5116267919540405,0.39660262465476986,-0.02010568343102926,0.5116459727287292,0.36986149549484254,-0.0237984515726566,0.504407298564911,0.4889713525772095,-0.01010665670037268,0.49594221115112314,0.45542563796043395,-0.0171246007084846,0.4917271256446838,0.4325894117355346,-0.02094668745994564,0.48912568688392644,0.41000766158103946,-0.0232373267412185
0.5283177256584168,0.5874014139175415,1.9098578718512732e-07,0.5515674471855164,0.5678532958030701,-0.01270160507410758,0.5680190443992615,0.5327587008476258,-0.01803437396883958,0.5791171193122864,0.49845171570777896,-0.02233724817633624,0.5907321095466614,0.47094821929931635,-0.02642214149236676,0.5444933533668518,0.4693780243396759,-0.0081012235023081,0.5494763135910035,0.4227022349834442,-0.015052435174584341,0.5515366554260254,0.3940130591392517,-0.02128377482295032,0.5527915239334107,0.36868956685066223,-0.0259355496615171,0.5294960498809815,0.46593931317329407,-0.00708312317728992,0.5298967599868775,0.41501941084861754,-0.012823793292045561,0.5304408431053163,0.38257656097412107,-0.01859744973480696,0.5306786179542542,0.35568901896476746,-0.02297404967248432,0.5163161158561707,0.4732381939888,-0.007850138936191721,0.512504780292511,0.426664674282074,-0.01432934906333682,0.5117734670639038,0.3961738705635071,-0.01969469971954818,0.511791455745697,0.36942622661590574,-0.02338862195610996,0.5045348286628724,0.48860788345336914,-0.009865344688296302,0.49609900712966926,0.4550808072090149,-0.016797155141830403,0.491912430524826,0.43230415582656856,-0.020585650578141185,0.4893772184848786,0.4097089290618897,-0.02286810837686056
0.5283945560455323,0.5872604489326477,1.8977363538397188e-07,0.5517033934593201,0.5675332307815553,-0.012462724186479982,0.5681501388549806,0.5323763966560364,-0.0176864352077245,0.579235053062439,0.4980459034442902,-0.02192338816821572,0.5907903194427491,0.4706028401851654,-0.025944250077009182,0.5446670174598693,0.46902883648872373,-0.007724644802510701,0.5496594309806824,0.4223862051963806,-0.014496404863893942,0.5516755819320679,0.39374437332153317,-0.0206109300255775,0.5529049038887024,0.3685459494590759,-0.02519382722675796,0.5296558380126953,0.46560882925987246,-0.0067860627546906,0.5300710916519165,0.4147575199604034,-0.012356768921017619,0.5305996417999268,0.3823714792728424,-0.01803208030760284,0.5308362603187561,0.35552667975425717,-0.02235573902726166,0.5164545893669129,0.4728623211383819,-0.007626611087471181,0.5126976728439332,0.4262361288070679,-0.013956996798515281,0.5119578957557679,0.395713746547699,-0.01927865780889984,0.5119622588157653,0.36898188591003417,-0.02297191433608528,0.5046868443489074,0.4881434977054596,-0.00970059856772422,0.4962221920490265,0.4546054363250732,-0.01652787756174798,0.49201242923736577,0.4318352937698364,-0.02028976678848264,0.48946437239646917,0.40927185416221623,-0.02257206104695792
0.5286462545394898,0.5872171759605408,1.8952201514821358e-07,0.551925015449524,0.5671227931976319,-0.01231635063886636,0.5682776808738709,0.531847870349884,-0.0174665313214063,0.5793942809104919,0.4974810540676117,-0.021661661937832803,0.5908249855041504,0.4699663877487183,-0.025643807649612403,0.5447456240653992,0.46880137324333193,-0.0075472027994692,0.5496727228164673,0.42218285202980044,-0.014272211305797061,0.5516751408576965,0.39350360035896303,-0.020364096388220742,0.5529015064239502,0.3682652235031128,-0.02493081092834468,0.5297500491142273,0.4654007852077484,-0.006675668433308539,0.5300995469093324,0.41450845599174496,-0.01218427680432794,0.530631148815155,0.38205856680870054,-0.017832055687904323,0.530891215801239,0.35508677959442136,-0.022140020132064762,0.5165776014328003,0.47267767786979675,-0.00757588883861894,0.512695574760437,0.4260254442691803,-0.01384727749973532,0.5119678020477295,0.39552046060562135,-0.01912282779812808,0.5119959354400635,0.368783164024353,-0.02278724238276478,0.5048778057098389,0.4879969596862794,-0.009703784808516481,0.49633537530899047,0.4544807732105255,-0.016472875513136344,0.49207023382186893,0.4316442012786865,-0.02018431127071378,0.4894754409790039,0.4090479016304016,-0.022434614971280062
0.5288979530334473,0.5871739029884339,1.8927039491245526e-07,0.5521466374397278,0.5667123556137086,-0.01216997709125274,0.5684052228927613,0.5313193440437317,-0.0172466274350881,0.5795535087585449,0.4969162046909333,-0.021399935707449885,0.5908596515655518,0.46932993531227113,-0.025343365222215624,0.544824230670929,0.4685739099979401,-0.0073697607964277,0.5496860146522522,0.4219794988632203,-0.01404801774770018,0.5516746997833253,0.39326282739639284,-0.02011726275086398,0.552898108959198,0.3679844975471497,-0.024667794629931402,0.5298442602157593,0.46519274115562437,-0.00656527411192648,0.530128002166748,0.41425939202308654,-0.01201178468763826,0.5306626558303833,0.38174565434455865,-0.0176320310682058,0.5309461712837219,0.35464687943458556,-0.021924301236867866,0.5167006134986878,0.4724930346012115,-0.0075251665897667,0.5126934766769409,0.4258147597312928,-0.01373755820095536,0.5119777083396911,0.39532717466354367,-0.018966997787356322,0.5120296120643616,0.36858444213867186,-0.02260257042944428,0.5050687670707703,0.487850421667099,-0.009706971049308741,0.4964485585689544,0.45435611009597776,-0.016417873464524703,0.49212803840637204,0.4314531087875366,-0.020078855752944918,0.4894865095615387,0.40882394909858705,-0.022297168895602203
0.5290733814239502,0.5868505239486694,1.873385855333254e-07,0.552326500415802,0.5663677334785462,-0.0119615072384476,0.5684665560722352,0.530788779258728,-0.016933058574795663,0.5796383619308472,0.4963788151741028,-0.02101672925055024,0.5908707022666931,0.46880548596382143,-0.024897037073969803,0.5449459552764893,0.4681392848491669,-0.0072147685103118,0.5497292160987854,0.4216602146625519,-0.013828391395509222,0.5516992330551148,0.39301490783691406,-0.01983546242117878,0.5529439210891725,0.3678021907806396,-0.024348890408873503,0.5299414992332458,0.4647490203380585,-0.0065063699148594605,0.5301775217056275,0.4138812303543091,-0.011887340992689122,0.5307178378105164,0.38145249485969546,-0.017429256811737983,0.5310660481452942,0.35444024205207825,-0.021675405651330904,0.5167835354804993,0.47207913994789125,-0.00755201922729608,0.5127504944801331,0.42544431686401374,-0.013694849796593158,0.5120796084403991,0.3950051605701446,-0.01887255124747748,0.512240743637085,0.3682590246200561,-0.02249458245933052,0.5051499605178833,0.4874961137771607,-0.009807338193058922,0.49649375677108765,0.4540620684623718,-0.016470794193446603,0.49218239188194274,0.43115851283073425,-0.020121542364358883,0.4896127402782441,0.40848023891448976,-0.022350604832172362
0.5293264389038086,0.586481237411499,1.866066924094412e-07,0.5525495529174805,0.5659875512123109,-0.011869061365723561,0.5686609387397766,0.5303592205047607,-0.016823505610227524,0.5798080801963806,0.49602596759796147,-0.020901372283697102,0.5909608125686646,0.46843418478965765,-0.024788394570350602,0.5450855135917664,0.46781405210495,-0.007235446665435981,0.5498081684112549,0.4213945388793946,-0.0138418676331639,0.5517723798751832,0.3928040325641632,-0.01982823871076102,0.5530209183692932,0.3676868736743926,-0.024319817125797203,0.5300760388374328,0.4643948316574097,-0.006571962963789641,0.5303212404251099,0.41349472403526305,-0.011944838799536202,0.5308827042579651,0.3810972452163696,-0.01745429411530492,0.5312674283981323,0.35427054166793825,-0.0216737642884254,0.5168900966644288,0.47174553275108333,-0.007649466674774861,0.5128567218780518,0.42498223185539247,-0.01376355513930318,0.5122532486915589,0.39455421566963195,-0.01890807226300234,0.5125004291534424,0.3679458618164062,-0.0225144278258085,0.5052377820014954,0.48721112608909606,-0.009925978258252081,0.4965615093708038,0.453643923997879,-0.01655991580337282,0.4922465920448303,0.4306442201137543,-0.020189819112420064,0.4896830320358277,0.4079601526260376,-0.022409359738230657
0.5295810222625733,0.5862033128738403,1.868656823944548e-07,0.55266854763031,0.5659836053848266,-0.01207350697368378,0.5687217354774475,0.5302549481391907,-0.017127605155110304,0.5798437118530274,0.49588801860809323,-0.021263194084167443,0.5910044550895691,0.4682049930095673,-0.02520655207335944,0.5451519727706909,0.4673801362514496,-0.007535812258720341,0.5498554229736328,0.42104235887527464,-0.014272203855216482,0.5518356323242187,0.3924970030784607,-0.02034592963755124,0.5530996203422547,0.3674115180969238,-0.024888762831687863,0.5301277160644531,0.4640011489391327,-0.00680952183902258,0.5304191946983338,0.41311017870903016,-0.01229734607040878,0.5309677004814148,0.38069517016410825,-0.01785016357898708,0.531362009048462,0.35397928953170776,-0.0220918100327253,0.5169474482536316,0.47151129841804507,-0.007838314026594139,0.5129814863204956,0.4246263861656189,-0.01403514444828032,0.5123672842979432,0.39418890476226803,-0.01919694468379016,0.5126433968544006,0.3676310658454895,-0.022807966917753202,0.505317783355713,0.4872270345687866,-0.010082092322409081,0.49669195413589473,0.45356218218803407,-0.01678584888577458,0.49237274527549746,0.430436909198761,-0.0204555336385965,0.48981804847717286,0.40761029720306396,-0.02269982546567912
0.529726529121399,0.5858391642570496,1.8629916951340424e-07,0.5527109265327455,0.5659777402877808,-0.012176103331148562,0.5687342524528504,0.5302477478981018,-0.01728234887123102,0.5798175215721131,0.49590206146240234,-0.02144731618463988,0.591037368774414,0.46824290156364445,-0.02541464082896704,0.5453024506568909,0.4667832195758819,-0.007596297282725499,0.5499765634536744,0.4205800712108612,-0.01434031184762714,0.5519203305244447,0.3921476662158966,-0.020429429039359022,0.5531662583351136,0.3671790778636932,-0.024984207376837667,0.5302504181861878,0.46348196268081665,-0.006826429907232481,0.5305664420127868,0.4126983225345612,-0.0123104646801948,0.5310715079307556,0.38038329482078553,-0.017842854186892458,0.5314589142799377,0.35388463139534,-0.02207478657364842,0.5170481562614441,0.47112476229667666,-0.00782878166064618,0.5131967186927796,0.4241756677627563,-0.01400878597050904,0.5125461101531983,0.3937562525272369,-0.019168399274349178,0.5128368020057679,0.3672848105430602,-0.022790211811661704,0.5053949236869812,0.48701446056365966,-0.010057822242379121,0.4967960715293884,0.4532623648643494,-0.016765604168176622,0.4924714267253876,0.43010647892951964,-0.020468911156058263,0.48994315862655646,0.4071941137313843,-0.02274504825472826
0.5298601865768433,0.5853821635246277,1.8541300050856085e-07,0.5527807235717774,0.5657807230949402,-0.012209018506109642,0.5687853097915649,0.5301170349121094,-0.01736323796212668,0.579808259010315,0.4958105325698853,-0.02155917361378664,0.59108624458313,0.468156510591507,-0.0255519170314073,0.5454305768013001,0.4661623537540435,-0.007637175265699541,0.5501028418540954,0.42005518078804016,-0.01436450798064468,0.5520149946212769,0.391735178232193,-0.02043787799775594,0.5532373309135438,0.36689878106117246,-0.024979836493730485,0.530378544330597,0.4629593551158905,-0.006844982318580121,0.5307047009468079,0.41227845549583436,-0.012305334396660261,0.5312025666236878,0.38014597296714786,-0.017788079380989023,0.5316143155097962,0.3539298415184021,-0.02198856100440022,0.5171661496162414,0.47072246670722967,-0.00782977649942038,0.5133840680122376,0.42378802895545964,-0.01397260557860134,0.5127745985984802,0.3934376418590545,-0.01909048892557618,0.5131483674049377,0.36710232496261597,-0.022695706039667106,0.5054828763008118,0.48672962188720703,-0.010044746287167002,0.49688619375228876,0.45288457274436955,-0.01672412790358064,0.4925870418548584,0.4297029435634613,-0.020421772077679583,0.49012072086334235,0.40674759745597844,-0.02270192503929132
0.5299125552177429,0.5852114677429199,1.8560603507467026e-07,0.5528585553169252,0.5656053423881531,-0.012318091839551862,0.5688927531242371,0.530162513256073,-0.017545182257890642,0.5798467874526977,0.49581538438796996,-0.021793917566537802,0.5911731123924255,0.4680469810962677,-0.0258326038718223,0.5455030083656311,0.46613664031028745,-0.007664237357675961,0.5502391934394837,0.4199993014335633,-0.014404854923486681,0.5521583437919617,0.3916436016559601,-0.02049252726137632,0.5533512949943543,0.36685127019882197,-0.025032288581132826,0.5304789304733277,0.46291390657424925,-0.006806443352252221,0.5308477640151978,0.4122361660003662,-0.01227776519954198,0.5313846111297608,0.3801267683506012,-0.01776452958583826,0.5318012714385987,0.3540106654167175,-0.021958449482917766,0.5172902345657349,0.4706260025501251,-0.00773624498397108,0.5135377883911133,0.4236714005470276,-0.01388733237981794,0.5129868268966675,0.3933333456516266,-0.018992095440626102,0.5133925318717957,0.3671270370483398,-0.022574503347277605,0.505646800994873,0.4865222096443177,-0.009903950616717262,0.49702608585357666,0.45255551338195804,-0.01656559668481346,0.4927317500114441,0.4293465435504913,-0.020236262679099982,0.4902459859848023,0.40646306276321414,-0.02248976975679392
0.5298993587493896,0.5852257013320923,1.8544775457485232e-07,0.5528756856918335,0.5655734419822693,-0.012292868830263542,0.568878209590912,0.5302115201950073,-0.01753194406628604,0.5798319458961487,0.4957860708236694,-0.02179893665015692,0.5912199735641479,0.4679775774478912,-0.025855187699198662,0.5455430388450623,0.46628199219703675,-0.00768874138593666,0.5503177046775818,0.42000226378440864,-0.01445091459900138,0.5522478342056275,0.3915594577789307,-0.020539936423301642,0.5534598708152771,0.36668804883956907,-0.025083369016647282,0.5305347204208375,0.46303980946540835,-0.00684814164415,0.5308635592460632,0.4123577177524567,-0.0123553460463881,0.5314140439033509,0.38021935820579533,-0.0178615387529134,0.5318438410758972,0.3539944291114807,-0.022071133926510805,0.5173630833625794,0.47069736123085026,-0.00778691293671724,0.5135636687278748,0.42380577921867374,-0.013972142897546261,0.5129997372627259,0.39345645308494565,-0.019088182225823362,0.5133929491043091,0.3671639978885651,-0.02267810106277462,0.5057650566101074,0.4864797472953797,-0.00995833668857806,0.497134804725647,0.45260298848152164,-0.016655550897121403,0.49287543892860414,0.42945076227188106,-0.020343789085745762,0.4904357075691223,0.4065961003303528,-0.02260663285851474
0.529949963092804,0.5852987170219421,1.8531372347752045e-07,0.5529902577400208,0.5654329657554626,-0.012111564166843822,0.5689430117607117,0.5300788640975953,-0.0172719974070787,0.5798895239830018,0.4956201076507568,-0.021497942879795978,0.5912473201751709,0.4678193211555481,-0.025531445443630164,0.545656931400299,0.46648081541061404,-0.007533863000571661,0.5503890156745911,0.42002537250518807,-0.01423671245574948,0.5523115992546082,0.39146845936775204,-0.02027524448931212,0.553526759147644,0.3665368914604187,-0.024785122275352425,0.5306293487548829,0.46326850056648256,-0.006765490304678661,0.5308803439140319,0.41255747675895693,-0.012231021746993021,0.5314519286155701,0.38038983941078186,-0.017732903361320423,0.5319088459014892,0.35415396094322205,-0.021942424774169904,0.5174289822578431,0.4708618760108948,-0.00775662763044234,0.5135575890541078,0.4239741325378418,-0.01390815991908308,0.5130003809928895,0.39355116486549374,-0.01902755312621588,0.5134124159812927,0.36720290780067444,-0.022624006122350646,0.5058017015457154,0.48651272654533395,-0.009962126612663201,0.4971480071544647,0.45260528922080995,-0.01663029417395588,0.4929474234580994,0.42949829101562503,-0.020300639048218685,0.4906065344810485,0.4067337572574616,-0.0225515533238649
0.5300005674362183,0.585371732711792,1.8517969238018856e-07,0.553104829788208,0.565292489528656,-0.011930259503424101,0.5690078139305115,0.5299462080001831,-0.01701205074787136,0.5799471020698548,0.49545414447784425,-0.021196949109435044,0.5912746667861939,0.4676610648632049,-0.025207703188061665,0.5457708239555359,0.46667963862419126,-0.0073789846152066615,0.5504603266716004,0.42004848122596744,-0.01402251031249758,0.5523753643035889,0.39137746095657344,-0.0200105525553226,0.5535936474800109,0.3663857340812683,-0.024486875534057564,0.5307239770889283,0.46349719166755676,-0.00668283896520732,0.5308971285820008,0.41275723576545714,-0.012106697447597941,0.5314898133277893,0.38056032061576844,-0.01760426796972744,0.5319738507270813,0.3543134927749634,-0.021813715621829002,0.5174948811531067,0.47102639079093933,-0.00772634232416744,0.5135515093803407,0.42414248585700987,-0.013844176940619901,0.513001024723053,0.39364587664604184,-0.018966924026608403,0.5134318828582765,0.36724181771278375,-0.022569911181926666,0.5058383464813232,0.4865457057952881,-0.00996591653674834,0.4971612095832824,0.45260758996009826,-0.01660503745079036,0.4930194079875946,0.4295458197593689,-0.020257489010691604,0.4907773613929749,0.40687141418457035,-0.022496473789215057
0.5300473093986512,0.5855387091636659,1.849228993933139e-07,0.5531927704811097,0.5653843760490418,-0.011818007193505703,0.5690998315811158,0.5299092411994935,-0.01681523956358428,0.5800159215927123,0.49536806941032413,-0.020943386480212184,0.5912907242774964,0.4676526069641113,-0.024912952259182886,0.5458913207054139,0.46690928339958193,-0.007257449906319321,0.5505490064620973,0.4202061235904694,-0.01386920306831594,0.5524605870246887,0.3914650440216064,-0.01984167024493212,0.5536972880363464,0.36644115447998044,-0.024312233179807605,0.5308049440383911,0.4637545883655548,-0.0066114231944084,0.5309203386306763,0.41300865411758425,-0.01202980186790224,0.5315248727798462,0.38070390224456785,-0.01755025163292878,0.5320253968238831,0.3543770909309387,-0.021776701509952503,0.5175560832023621,0.47125890851020813,-0.0076974271796643205,0.5135911464691162,0.4243329107761383,-0.013817317970097021,0.512985098361969,0.39368234872817987,-0.01898851431906218,0.5133727073669434,0.36713246703147884,-0.02262716181576246,0.5059074640274048,0.48672026991844175,-0.0099681900814175,0.49725400209426873,0.4527630865573883,-0.016629358753561918,0.4931071817874908,0.4297017931938171,-0.02031510397791858,0.49086628556251527,0.40704030990600587,-0.022577274218201597
0.5300021529197694,0.5858597159385681,1.8537017183462017e-07,0.553168272972107,0.5657767057418823,-0.011843904852867062,0.5691083669662476,0.5301814436912538,-0.016828789561986877,0.5800665974617004,0.49558794498443604,-0.020938571542501422,0.5913057923316956,0.4678671777248382,-0.024889269098639446,0.5458822011947632,0.4672207772731781,-0.0073240112513303,0.5505040645599365,0.42037053108215333,-0.01395405307412144,0.5524339914321901,0.39157631993293757,-0.019939116761088317,0.5537184357643127,0.3664792120456696,-0.024422122910618724,0.5307488441467285,0.46407262086868284,-0.00666818646714088,0.5308486104011536,0.41330869793891906,-0.01211302038282152,0.5314618706703186,0.3809412598609924,-0.01767501309514038,0.5319951176643372,0.3545254945755005,-0.021934070065617522,0.5174898147583008,0.47158982753753664,-0.00774129675701256,0.5135485172271729,0.4247192442417144,-0.013881970942020361,0.5129229187965393,0.3939892888069152,-0.019107367098331402,0.5132884144783021,0.367340874671936,-0.02278348617255682,0.5058845996856689,0.4870507299900054,-0.010000638850033241,0.4973310053348541,0.4530783116817474,-0.0166915994137525,0.49317064285278317,0.43001926541328434,-0.02041864208877082,0.49089894890785213,0.4073618292808533,-0.0227083723992109
0.5300704717636109,0.5863642811775208,1.858773885032861e-07,0.5532118797302246,0.5662556171417237,-0.011866225488483841,0.5691335439682007,0.5305021405220032,-0.01685934215784068,0.5801048636436462,0.4958427727222443,-0.020980443432927105,0.5912928462028504,0.4680666625499725,-0.024946917220950084,0.5459355831146241,0.4676681041717529,-0.0073982625268399,0.5504856228828431,0.4207095801830292,-0.014085002429783321,0.5524056553840637,0.39182463288307184,-0.02010410279035562,0.5536934614181519,0.3666442036628723,-0.024607157334685263,0.530778682231903,0.4645381927490234,-0.00676094004884358,0.5308331012725831,0.413686853647232,-0.01226828433573242,0.5314454317092896,0.3812088370323181,-0.0178778871893882,0.5319972634315491,0.3546706199645996,-0.022165434062480883,0.5175018906593323,0.47208034396171566,-0.00785334790125484,0.513570809364319,0.42514844536781315,-0.01404758300632232,0.5129343748092651,0.394302761554718,-0.019314356148242902,0.5132910251617432,0.3675737202167511,-0.023012169077992382,0.5058942675590515,0.4875729978084564,-0.010133153758943041,0.49739937186241145,0.45354440808296204,-0.0168623518198728,0.49321387410163886,0.43042248487472534,-0.020613305270671803,0.4908982813358307,0.4077474415302277,-0.022917851805686923
0.5301223754882813,0.5868733763694763,1.8618879380483124e-07,0.553200650215149,0.5667436242103576,-0.011956938914954602,0.5691234946250916,0.5308772563934326,-0.01701091602444644,0.5801072955131531,0.49613844156265263,-0.02118143960833546,0.5912978887557984,0.46828730106353755,-0.025189441069960544,0.5459193229675293,0.4681804835796356,-0.007567249331623239,0.550449538230896,0.42112575173378,-0.014369138702750181,0.5523924708366394,0.39217006564140316,-0.020460250601172382,0.5537196159362794,0.3668971717357636,-0.025009514763951243,0.5307907104492188,0.46500180363655097,-0.00693062907084818,0.5308127880096436,0.41407176256179806,-0.012556689418852301,0.5314370274543763,0.3815179884433746,-0.01822865158319466,0.5320085048675537,0.3548287451267242,-0.02255166471004482,0.5175333023071289,0.4725324332714081,-0.00802972540259356,0.5135787367820741,0.42558555603027337,-0.014326380938291482,0.5129355549812317,0.3946769833564758,-0.01963019631803032,0.5132706880569459,0.36784583926200864,-0.023341912776231724,0.50596262216568,0.48802295327186584,-0.010323001258075202,0.4975062251091003,0.45401425361633296,-0.017131114378571462,0.49327926039695735,0.4308308124542236,-0.020916892960667583,0.49087656736373897,0.4080975532531738,-0.023239893838763202
0.5301537156105042,0.5874725103378295,1.870699151140798e-07,0.553138816356659,0.5672859311103821,-0.011998293362557842,0.5690816760063171,0.5312450289726257,-0.017074377834796862,0.5800701498985291,0.49644790887832646,-0.021261716634035085,0.5912158608436584,0.4685352325439453,-0.02527111805975432,0.5459005117416382,0.46861878633499143,-0.007563597150146879,0.550441873073578,0.4214984893798828,-0.014401819743215999,0.5523944973945618,0.3925093412399292,-0.020530189201235702,0.5537374734878541,0.3672195672988892,-0.025097207725048004,0.530815851688385,0.4654300332069397,-0.00692190993577236,0.5308610320091248,0.41435985565185546,-0.012564010918140382,0.5315042018890381,0.3817340791225433,-0.01824373453855508,0.5320992827415466,0.3550059020519256,-0.022566211223602257,0.5175715088844299,0.47295082807540895,-0.00802758503705258,0.5136435031890869,0.4258926928043365,-0.01431665159761898,0.5129879474639893,0.39494332075119015,-0.01961273141205308,0.5133036971092224,0.36809489130973816,-0.023320177569985362,0.5060047507286072,0.4884495913982392,-0.010335781052708581,0.4976300776004791,0.4544628500938416,-0.01712239980697626,0.4933628976345062,0.43122145533561707,-0.020895762369036643,0.4908697366714477,0.408424699306488,-0.0232116144150495
0.530277419090271,0.5883790135383606,1.8647332638010998e-07,0.5531474709510804,0.5679361701011658,-0.01186740323901172,0.5689765334129334,0.5316919684410096,-0.01692337915301318,0.5800258040428162,0.49689548015594487,-0.02113554961979386,0.591137433052063,0.4689112961292267,-0.025179509818553866,0.5459314465522767,0.4693616807460784,-0.007515858300030159,0.5504406094551086,0.42207596302032474,-0.014428823441266978,0.5524152755737305,0.39298822879791256,-0.02060659229755394,0.5537926435470581,0.36764960885047915,-0.02519756853580468,0.530863356590271,0.4661438286304474,-0.0069925516843795206,0.5309139013290405,0.4148648619651794,-0.01269574686884878,0.5315972566604614,0.38213454484939574,-0.0184150040149688,0.5322357654571533,0.35535332560539235,-0.02275684513151642,0.5176113009452821,0.47365368604660035,-0.00821124427020544,0.513676106929779,0.42637706995010377,-0.01453092470765106,0.513054609298706,0.39536446928977964,-0.01982365325093266,0.513411831855774,0.36851628422737126,-0.023525553196668582,0.506071400642395,0.4891771256923676,-0.010625756531953762,0.4977265179157257,0.45506255030632015,-0.017411368340253763,0.4934313535690308,0.43169767260551456,-0.021159113198518723,0.49088291525840755,0.40883772969245913,-0.023456682264804803
0.5304502964019776,0.5888873934745789,1.85555350640243e-07,0.5532373547554017,0.5680118441581726,-0.01161814033985134,0.5690188407897949,0.5316819190979004,-0.016595975682139358,0.5800552606582642,0.49700334668159485,-0.020788378268480262,0.5911157250404357,0.46913055181503294,-0.02483141124248498,0.546083950996399,0.46972579956054683,-0.00726829841732972,0.5505675315856934,0.42253263592720036,-0.014124240353703459,0.5525253057479859,0.39350156188011165,-0.020281649753451262,0.5538645029067993,0.36820066571235655,-0.02485744506120676,0.5310800671577454,0.4665427267551422,-0.0068750050850212,0.5311463117599488,0.41515161395072936,-0.01250856854021546,0.5318130493164063,0.3823784351348877,-0.0181888107210397,0.5323998212814331,0.355575031042099,-0.02250130288302894,0.5178245067596436,0.47402610778808596,-0.008208430837839781,0.5138909220695496,0.4264023065567017,-0.01445240993052714,0.5132123231887817,0.3954486668109894,-0.01967926733195778,0.5135076999664308,0.36870512962341306,-0.02334303408861156,0.5062307119369507,0.4895533144474029,-0.010720476694405021,0.4978393971920013,0.4553862035274505,-0.017437498271465242,0.49348846077919006,0.4320093512535095,-0.02111661657690998,0.4908515870571137,0.40917692780494686,-0.023367255926132164
0.5305783271789551,0.5894155979156495,1.845484177920298e-07,0.5532967567443848,0.568365728855133,-0.011434172466397241,0.5690658330917359,0.5318523406982422,-0.01631932742893692,0.5801174879074097,0.4972161591053009,-0.02045112662017342,0.5910956978797912,0.4693647265434265,-0.0244417935609817,0.5461884617805481,0.47014163732528685,-0.0070766155607997795,0.5507420897483826,0.42298244237899785,-0.01386785730719562,0.5527197480201722,0.3939567923545837,-0.01998690813779824,0.5540408968925477,0.36871562600135804,-0.024531600996851862,0.5312032580375672,0.4669423818588257,-0.006756796408444581,0.5313536882400512,0.41552784442901614,-0.012318049743771521,0.5320701599121094,0.3827646434307098,-0.01794192716479294,0.5326713442802429,0.3560643374919891,-0.02220979295670982,0.5179440379142761,0.4743649959564209,-0.0081537104211747,0.5140340924263,0.426628315448761,-0.01432201936841004,0.5134317636489869,0.39565597772598265,-0.01949231140315528,0.513798713684082,0.3689710259437561,-0.023123189806938123,0.5063435316085816,0.4898523151874542,-0.01071669179946178,0.49791254997253415,0.4556021690368652,-0.017367783933877882,0.4935572862625122,0.43216537833213803,-0.02099023126065726,0.4909278810024261,0.40931329131126404,-0.023202020674943882
0.5307063579559327,0.5899438023567201,1.8354148494381662e-07,0.553356158733368,0.5687196135520936,-0.01125020459294314,0.5691128253936768,0.532022762298584,-0.01604267917573448,0.5801797151565552,0.49742897152900695,-0.02011387497186658,0.5910756707191467,0.46959890127182,-0.02405217587947842,0.5462929725646972,0.4705574750900269,-0.00688493270426984,0.5509166479110718,0.42343224883079533,-0.01361147426068778,0.5529141902923584,0.3944120228290558,-0.01969216652214522,0.554217290878296,0.3692305862903595,-0.024205756932496963,0.531326448917389,0.46734203696250914,-0.00663858773186796,0.5315610647201539,0.41590407490730286,-0.012127530947327578,0.5323272705078125,0.38315085172653196,-0.01769504360854618,0.5329428672790528,0.3565536439418793,-0.0219182830303907,0.5180635690689087,0.47470388412475584,-0.00809899000450962,0.5141772627830505,0.4268543243408204,-0.014191628806292942,0.513651204109192,0.3958632886409759,-0.019305355474352782,0.5140897274017334,0.3692369222640991,-0.022903345525264678,0.5064563512802124,0.4901513159275055,-0.01071290690451854,0.49798570275306697,0.45581813454627984,-0.017298069596290523,0.4936261117458344,0.4323214054107666,-0.02086384594440454,0.4910041749477386,0.40944965481758117,-0.0230367854237556
0.5308366417884827,0.5901759624481202,1.8280925075941923e-07,0.553497064113617,0.568819272518158,-0.011176017113029901,0.5692441225051881,0.5321038722991943,-0.015937484428286502,0.5802708506584168,0.4975610673427582,-0.01999414600431916,0.5911636114120483,0.46983653306961054,-0.023923980444669677,0.5464470028877259,0.4707872807979584,-0.006788356043398339,0.5510220766067505,0.4238490700721741,-0.01348805632442232,0.5530254721641541,0.39488114714622496,-0.019556191563606218,0.5543383479118347,0.36975650787353515,-0.024061533063650085,0.531477975845337,0.4675532400608063,-0.00656909430399532,0.531720209121704,0.4161842167377472,-0.0120186552405357,0.5324881076812744,0.38348463773727415,-0.01754932850599282,0.5331111669540406,0.35688382387161255,-0.02174225896596904,0.5182080745697021,0.4748636603355408,-0.0080531309358775,0.5143172860145568,0.4269450068473817,-0.014114066213369303,0.5137893795967102,0.396052747964859,-0.0191790603101253,0.5142500162124634,0.36952662467956543,-0.02273876294493668,0.5065924286842347,0.4903017938137054,-0.010687437467277001,0.4980681717395782,0.45599205493927,-0.017250007390975902,0.4936904788017273,0.4325596928596497,-0.02078130766749376,0.49105617403984075,0.40978196263313293,-0.022924369946122146
0.5310394883155823,0.5903391599655152,1.8323457027236145e-07,0.5536562442779541,0.5691369056701661,-0.01130373999476428,0.5693570613861084,0.53232182264328,-0.01608400084078308,0.5803033232688904,0.49763603806495665,-0.020109948143362963,0.5911380410194398,0.4698747992515564,-0.023992406576871843,0.5465408444404601,0.47096833586692816,-0.0069118120707571,0.5511098384857178,0.4240793943405151,-0.01356228999793524,0.5530898571014404,0.3951394855976105,-0.019589476287364918,0.5543631315231323,0.3700311601161957,-0.0240653675049543,0.531542980670929,0.46767898797988894,-0.00657699014991516,0.5318440675735474,0.41641985774040224,-0.01195478979498144,0.5326065182685852,0.3838040351867676,-0.01742260493338102,0.533217465877533,0.3572334051132202,-0.021574318781495058,0.5182746291160584,0.4749303698539734,-0.007944425288587761,0.5144199728965759,0.4271064281463624,-0.013921983912587102,0.5139092922210693,0.39635032415390015,-0.018923885002732222,0.5143804550170898,0.36995671987533574,-0.0224483355879783,0.5066827297210693,0.49035689830780027,-0.01047345902770754,0.49811329841613766,0.4560733437538147,-0.016960057243704762,0.49374216198921206,0.43272225260734554,-0.020443329960107743,0.4911454558372498,0.410029399394989,-0.022555679455399484
0.5312581300735474,0.5908254265785218,1.8371984822351808e-07,0.5538135051727295,0.5697208523750306,-0.01132894922047848,0.5694364428520203,0.5326769590377809,-0.0160931665450334,0.5802544593811035,0.49785067439079284,-0.020081679895520184,0.5910059928894043,0.4700403690338134,-0.02391505353152748,0.5466492533683778,0.4712279319763184,-0.00697712162509556,0.5512332677841187,0.4243315815925598,-0.0136573858559131,0.5532235622406007,0.39536731839179995,-0.01970050074160096,0.5545245409011841,0.3702295541763306,-0.024186756089329683,0.5316214799880982,0.4679131805896759,-0.00662107719108458,0.5319574117660523,0.41663264632225033,-0.0120195925235748,0.5327466607093811,0.38397192358970644,-0.017495956644415802,0.5333915114402771,0.35729835033416746,-0.02164778597652908,0.5183552861213685,0.47514998316764834,-0.007964172679930881,0.5144511580467225,0.4274085640907288,-0.013946887850761341,0.5139323353767395,0.39671159386634824,-0.01894881725311274,0.5144240021705628,0.3703018546104431,-0.022470205649733482,0.5067950248718263,0.49060370326042174,-0.01046983171254392,0.49818392992019656,0.45640971660614016,-0.01695465594530102,0.4938293039798737,0.4331574618816376,-0.02043272033333772,0.49128612875938416,0.41049182415008545,-0.022536622732877702
0.531398344039917,0.5909823536872865,1.8416681655253344e-07,0.5539583802223206,0.569889235496521,-0.0113535644486546,0.5695500254631043,0.5327993512153626,-0.0161103937774896,0.5802003860473633,0.49792649149894713,-0.020076818764209726,0.590885329246521,0.4701648712158203,-0.023875818029046,0.5467572569847107,0.4711910963058472,-0.0069587792269885,0.5513038396835327,0.42440844178199777,-0.01362284850329154,0.5532742381095886,0.395539265871048,-0.01967204138636586,0.5545759439468384,0.3704085469245911,-0.02416943199932572,0.5317237138748169,0.46788409948348997,-0.00657366355881092,0.5320743441581727,0.416581791639328,-0.01194706335663792,0.5328393459320068,0.3838852643966675,-0.01742288433015342,0.5334575057029725,0.35706018209457396,-0.02157479710876936,0.518470597267151,0.47512458562850957,-0.00788698503747578,0.5145189523696899,0.4273471295833588,-0.013837916217744281,0.5138991355895997,0.39685954451560973,-0.0188258428126573,0.5143041014671326,0.3705439925193787,-0.022335901111364305,0.5069211840629578,0.49061065912246704,-0.01036636959761376,0.49827880859375007,0.45653644800186155,-0.016821173951029743,0.4938917458057404,0.4334862649440766,-0.0202835883945226,0.49130694270133973,0.410945600271225,-0.02237333953380582
0.5316199779510498,0.5912065267562866,1.8470995257757753e-07,0.5540920019149781,0.5701522350311279,-0.011505895666778041,0.5695859909057618,0.5329644799232484,-0.016323131322860663,0.5800932407379151,0.497931581735611,-0.0203207321465015,0.5907472968101501,0.4700932204723358,-0.02413369715213768,0.5467857480049133,0.4711805880069733,-0.00703991465270514,0.5512519955635071,0.4244850635528565,-0.01373424343764776,0.5531466841697694,0.39565505385398864,-0.01981553360819812,0.554420304298401,0.37055477499961853,-0.0243384778499603,0.531760537624359,0.4679064452648163,-0.00658293394371864,0.5320808172225953,0.4165775775909424,-0.01198517009615894,0.5328186392784118,0.3838529109954834,-0.01747797876596448,0.5334471940994263,0.35695754289627074,-0.02163488529622548,0.5185372233390808,0.4752269446849823,-0.007839598227292261,0.5145168066024781,0.42744287848472595,-0.013818498887121621,0.5138323068618775,0.3971646547317505,-0.018802434951066923,0.5142152190208436,0.37097058296203617,-0.022301324829459124,0.5070568084716798,0.49082943797111517,-0.010277734883129542,0.49844006896018983,0.45689902305603025,-0.0167497262358665,0.4940119922161103,0.43403821587562563,-0.020219437405466962,0.49138495326042175,0.41163119673728943,-0.02231178507208822
0.5321474671363831,0.5922096490859986,1.8252783320349411e-07,0.5544307231903076,0.5706345200538636,-0.01131161693483586,0.5696964144706725,0.5330026626586915,-0.0161747964099049,0.5800094127655029,0.49789516925811766,-0.02027453370392318,0.5904991507530213,0.4698101580142975,-0.024230341613292624,0.5467975735664368,0.472040867805481,-0.00735327163711184,0.5512202382087708,0.42507273554801944,-0.01429396960884326,0.553082299232483,0.3961344599723816,-0.020495797693729362,0.5543522357940673,0.370863264799118,-0.025099960714578602,0.5319450855255128,0.468987375497818,-0.007139445655047861,0.532197141647339,0.41732860803604127,-0.0128391586244106,0.5329825639724732,0.38426132202148433,-0.01847219392657276,0.533652412891388,0.35697445273399353,-0.02272667624056332,0.5188892960548401,0.47655875682830817,-0.0086082693189382,0.5147140383720399,0.428504604101181,-0.014846836961805762,0.5140143990516663,0.39807795882225033,-0.0199156187474727,0.5143846392631531,0.3717032909393311,-0.023463109135627682,0.5076194643974304,0.49241750240325927,-0.011229509487748082,0.49894358515739445,0.45825939774513247,-0.01791895627975458,0.4944451808929444,0.4351345956325532,-0.021491884067654544,0.49169443845748906,0.4124681055545807,-0.0236624479293823
0.5326741814613343,0.5937259554862977,1.8045918181996972e-07,0.5547929525375367,0.5712156534194947,-0.01106370389461512,0.5698573231697083,0.5330274939537049,-0.01605414804071182,0.5798502564430237,0.49794465899467466,-0.02038103416562076,0.5900206089019776,0.4694567322731018,-0.024645178392529422,0.5470233321189881,0.47342374324798586,-0.00787094868719572,0.5510848522186279,0.4260928213596344,-0.01530444081872696,0.552816641330719,0.3969190239906311,-0.021741734072566,0.5541004180908203,0.3713175296783447,-0.026516930386424022,0.5324183940887451,0.4707774817943573,-0.00807223245501516,0.5324327349662781,0.41868350505828855,-0.01438361518085,0.5332458853721619,0.3851186394691467,-0.020333516597747764,0.5340515851974488,0.3571398317813873,-0.024801688268780642,0.5194888830184937,0.4787992656230927,-0.009929963760077902,0.5150006651878357,0.43013394474983213,-0.016788921691477242,0.5143358588218689,0.39935485124588016,-0.022140881419181763,0.5148141980171204,0.3725180745124817,-0.025846002250909744,0.5083028316497803,0.4951074004173279,-0.01289086416363708,0.49979802370071413,0.4606510758399963,-0.02016607224941248,0.4953551828861237,0.43703997135162354,-0.024088972806930484,0.4925546646118164,0.41380772590637205,-0.02650407403707502
0.5331719517707825,0.5964968562126161,1.7828980389822396e-07,0.5551223635673523,0.572568702697754,-0.01053555402904744,0.569882333278656,0.5334136366844178,-0.01572289597243066,0.5796159148216248,0.49806914925575263,-0.02034658193588252,0.589377510547638,0.46882572770118713,-0.025014562532305662,0.5475309610366822,0.47717909812927245,-0.009029009472578701,0.5509482979774475,0.42822042107582087,-0.017085989564657164,0.552413296699524,0.39818169474601744,-0.023642823100089985,0.5536546230316162,0.3719715595245361,-0.028442640602588602,0.5330993056297303,0.47506006956100466,-0.009734927117824522,0.5328049898147583,0.421716421842575,-0.01682941392064092,0.5336053967475891,0.3870805084705352,-0.02304855883121486,0.5345844626426697,0.358130794763565,-0.027672468870878163,0.5202035903930664,0.48335841298103327,-0.011967211961746162,0.5155670762062073,0.43356823921203613,-0.01947164032608266,0.515128219127655,0.40180814266204834,-0.02503924444317812,0.5159138202667236,0.37427667379379276,-0.0288601748645305,0.5090508818626405,0.4996021866798401,-0.015197129361331382,0.5010463535785675,0.4641441226005554,-0.022997134923934882,0.4969501793384552,0.43960335254669186,-0.027196603268384884,0.4943661093711853,0.4156890988349915,-0.02980868294835088
0.5336697220802308,0.5992677569389344,1.761204259764782e-07,0.555451774597168,0.5739217519760133,-0.01000740416347976,0.5699073433876037,0.5337997794151306,-0.0153916439041495,0.5793815732002258,0.4981936395168305,-0.02031212970614428,0.5887344121932984,0.46819472312927246,-0.0253839466720819,0.5480385899543763,0.48093445301055904,-0.010187070257961681,0.5508117437362671,0.4303480207920074,-0.01886753831058736,0.5520099520683289,0.3994443655014038,-0.025543912127613963,0.5532088279724121,0.3726255893707275,-0.030368350818753182,0.5337802171707153,0.47934265732765197,-0.01139762178063388,0.5331772446632386,0.42474933862686154,-0.01927521266043184,0.5339649081230164,0.38904237747192383,-0.02576360106468196,0.5351173400878907,0.35912175774574273,-0.030543249472975684,0.5209182977676392,0.48791756033897393,-0.014004460163414422,0.5161334872245789,0.4370025336742401,-0.02215435896068808,0.5159205794334412,0.4042614340782166,-0.027937607467174483,0.5170134425163269,0.37603527307510376,-0.03187434747815126,0.5097989320755005,0.5040969729423523,-0.017503394559025682,0.5022946834564209,0.46763716936111444,-0.025828197598457284,0.4985451757907867,0.4421667337417602,-0.03030423372983928,0.4961775541305542,0.4175704717636109,-0.03311329185962674
0.5342429041862488,0.6026288270950317,1.7564932761615642e-07,0.5559760093688965,0.5749690413475037,-0.00930038094520564,0.5700148940086365,0.5338521599769592,-0.01505846958607432,0.5791538238525391,0.49825814366340637,-0.020506564900279002,0.5880527615547181,0.467352020740509,-0.02629509456455704,0.5490263462066651,0.48576624393463136,-0.01225145645439616,0.5510384678840637,0.43327969908714287,-0.022137314826250025,0.5519910335540772,0.4012058019638061,-0.029203090816736166,0.5532130002975464,0.373356556892395,-0.03420586772263044,0.5348657727241517,0.485088050365448,-0.014278708770871121,0.5338374257087708,0.4292286038398742,-0.023609267175197582,0.5345493435859681,0.39211468696594237,-0.03067556321620936,0.5359174609184266,0.3608522295951843,-0.035809355229139285,0.5219131112098694,0.49416108131408687,-0.017515120655298182,0.5171645164489747,0.4421618998050689,-0.026895688101649242,0.5173867821693421,0.408251827955246,-0.03308222144842142,0.5190363287925721,0.37915552854537965,-0.037215115129947615,0.5106162309646607,0.5103684067726135,-0.0214944859966635,0.5039270639419556,0.47262640595436095,-0.030808992683887444,0.5009961068630219,0.4460110783576965,-0.035744290426373435,0.49939551353454587,0.4207220733165742,-0.03884778246283528
0.5346728086471557,0.604611611366272,1.822325970124439e-07,0.5563383579254151,0.5757496356964111,-0.009135010279715021,0.5700714588165283,0.5341830134391785,-0.015205140411853762,0.5786956191062927,0.4985211908817292,-0.021005573868751484,0.5871715307235718,0.46689157485961913,-0.02724955379962918,0.5496665239334106,0.4890093505382538,-0.013659991323947821,0.5510424971580505,0.43528966903686517,-0.024351739883422804,0.5517612218856812,0.40236039757728576,-0.03164437785744661,0.5530423521995544,0.37389637827873223,-0.0367431886494159,0.5355597257614136,0.48895887136459354,-0.016077859327197023,0.5342298984527588,0.43224107027053826,-0.02644418403506276,0.5349238395690918,0.39407993555068965,-0.03393653072416778,0.5366867780685425,0.36214919686317437,-0.03931083679199215,0.522537100315094,0.4983747720718384,-0.01961530968546864,0.5178953766822816,0.44565218091011044,-0.0300080846995115,0.5190667033195495,0.41173292398452765,-0.036488304659724184,0.5219287872314453,0.38325480222702024,-0.04070190787315364,0.5110355854034424,0.5146251559257508,-0.02381668128073208,0.5049425959587097,0.47641851902008053,-0.034024178981780985,0.5033825397491455,0.44971231818199153,-0.0393413312733173,0.5034788131713867,0.4250654757022858,-0.04263078942894932
0.5353901863098145,0.6047599077224732,1.9065960827902022e-07,0.5567030549049378,0.5753705263137818,-0.009044877439737281,0.570190179347992,0.5340051770210267,-0.015111824125051462,0.5784209489822387,0.49840823411941526,-0.02095611542463298,0.5865954041481019,0.46644442081451415,-0.0272260401397943,0.5496519446372986,0.48956655263900756,-0.0135908553376793,0.5508969664573671,0.43590214252471926,-0.024244820326566642,0.551645815372467,0.4028135657310486,-0.03145874440670006,0.5530903935432434,0.3743158042430877,-0.03647015132009976,0.5357213020324708,0.48964391946792596,-0.016060971468687,0.5337089776992798,0.4325210988521576,-0.026491219550371144,0.5349451661109925,0.39481264948844913,-0.033931618928909266,0.5375629425048829,0.36432291865348815,-0.039251381903886745,0.5229258060455322,0.4994072794914246,-0.01961077172309156,0.5177153110504151,0.4466116487979889,-0.03036659285426136,0.5207531452178955,0.4154154300689698,-0.03670667856931682,0.5255874633789063,0.3915732026100159,-0.040634598582982955,0.5115277647972107,0.5157996773719788,-0.0238048050552606,0.505654239654541,0.47670967578887935,-0.03428127765655514,0.5066011428833008,0.45201303958892824,-0.03943041414022442,0.5094995021820069,0.43190480470657355,-0.04245449304580684
0.5361271977424622,0.6035301923751831,1.9882221806710738e-07,0.5570761442184449,0.5742183089256288,-0.00929982457309958,0.5703678250312805,0.5334351658821106,-0.015321757271885821,0.5782271742820739,0.498132836818695,-0.021153527870774222,0.5862201571464539,0.46613535881042484,-0.02736930511891836,0.5492682695388794,0.4877907156944275,-0.01301182787865392,0.5506525635719299,0.4353439927101136,-0.023491827771067564,0.5515527486801148,0.4026686728000641,-0.030715458467602662,0.553199601173401,0.3744519591331481,-0.035757168382406154,0.535542094707489,0.4878671288490296,-0.015401526540517761,0.53292156457901,0.43119711875915523,-0.025708606094121903,0.5347648024559022,0.39459962844848634,-0.03311387859284874,0.5382444620132447,0.3660027325153351,-0.038419613242149306,0.5230520725250245,0.4981773793697357,-0.01893306151032444,0.5171896934509277,0.44589542746543886,-0.02999452427029604,0.5220009326934815,0.41796658039093026,-0.03623464331030842,0.5287033915519714,0.3990346312522888,-0.03990995809435838,0.5118481636047364,0.5152653574943543,-0.023151092603802638,0.5059042692184449,0.4758431315422058,-0.033916228264570206,0.5090909600257874,0.4534367144107818,-0.03894650638103482,0.5145665884017945,0.43792350292205817,-0.04174560159444804
0.5365321516990662,0.6023330330848694,2.0143311303399973e-07,0.5573478102684022,0.5731711626052857,-0.009430685453116861,0.5703557252883912,0.5326637506484986,-0.015137505158781941,0.5777387857437134,0.4975832402706146,-0.02076850607991214,0.5852087855339051,0.4657981038093567,-0.02672920674085612,0.5488955259323121,0.485743248462677,-0.01170423077419392,0.5506678938865662,0.4345643043518067,-0.02175178248435252,0.551873791217804,0.40275161862373354,-0.02884637340903276,0.5536560535430908,0.37504712343215935,-0.033884200826287195,0.5354828834533691,0.4860444903373719,-0.013989855814725121,0.532522976398468,0.4298195362091064,-0.02409958355128762,0.5351069450378418,0.3949142515659333,-0.03155557289719578,0.5392434716224671,0.36806251406669616,-0.0369377769529819,0.523300290107727,0.4969230115413666,-0.01749335452914234,0.5172102570533752,0.44538905620574953,-0.029064869880676202,0.524671733379364,0.42333720326423646,-0.03528829552233216,0.5334727168083191,0.41126404404640193,-0.03867335394024842,0.5121518969535828,0.5144661784172058,-0.02169878780841824,0.506767225265503,0.4749100267887116,-0.03287354074418543,0.5126743912696838,0.4570997953414917,-0.037744860351085624,0.5206767916679382,0.44812614917755134,-0.04027122110128398
0.5366266369819641,0.5994515419006348,1.9969239417605427e-07,0.5572311878204346,0.5713174104690553,-0.00911522163078186,0.5702146887779236,0.5320444345474243,-0.014040125161409301,0.5770821690559388,0.49740664362907416,-0.01905878912657494,0.5838428258895875,0.4662760436534882,-0.024170953780412622,0.5483010649681092,0.47991134524345397,-0.008041572221554761,0.5507984042167664,0.4319031119346619,-0.01645848220214242,0.5525536060333252,0.40241103768348696,-0.02284601479768748,0.5545992970466614,0.37638258337974545,-0.02752980273216956,0.535462248325348,0.48013369441032405,-0.010020127845928041,0.5324908614158631,0.4261116743087769,-0.01866856217384334,0.5360761880874634,0.39414578676223755,-0.025431132875382866,0.5407943964004517,0.3700892567634583,-0.030363368242979,0.5238346815109254,0.49163568615913394,-0.0133449024520814,0.5178481817245484,0.44300541877746585,-0.02443462889641516,0.5275784254074097,0.4304493129253387,-0.02982723638415334,0.5376593351364136,0.4275349020957947,-0.03228809684514992,0.5131320238113404,0.5099502444267273,-0.0173991203308105,0.5081475615501404,0.4721549332141876,-0.028166298195719683,0.5164319396018981,0.46031258106231693,-0.032281364127993546,0.5263449311256408,0.45824626684188846,-0.03403357602655882
0.5361005902290344,0.5973750829696656,1.9176314083324547e-07,0.5568435668945313,0.570308268070221,-0.008837838564068041,0.5698201894760132,0.531964898109436,-0.01309987436980002,0.5764476299285889,0.49756034016609196,-0.01762705668807024,0.5824214339256287,0.4668477296829224,-0.02204517535865302,0.5486164093017578,0.4763915538787842,-0.005183032259810661,0.5519134521484376,0.43059055805206303,-0.012342453282326402,0.5541227698326111,0.4031499803066254,-0.018161794357001743,0.5562636494636536,0.37848712205886836,-0.02260204348713154,0.5362794637680053,0.47643180489540105,-0.0068794534076005,0.5335460782051087,0.4243005335330964,-0.014623295143246602,0.5382544279098511,0.3953678488731384,-0.0209763484075665,0.5435352444648743,0.37364604473114016,-0.02568084150552746,0.5249435424804688,0.4880994975566864,-0.0100185663439333,0.5192978501319885,0.44153336286544803,-0.02107110377401106,0.5310851097106934,0.4377641379833221,-0.0260239705443382,0.5420616626739502,0.4430977046489716,-0.027856929600238743,0.5144017577171326,0.5064518809318543,-0.01387667581439014,0.5109333872795105,0.4699800431728363,-0.024526987597346266,0.5211816668510437,0.46373570561409005,-0.02827851809561248,0.532136607170105,0.4677907943725586,-0.029622840508818558
0.5353935718536378,0.5962751030921937,1.898534378597106e-07,0.556470000743866,0.5700944662094116,-0.00902039511129256,0.5692323088645934,0.532401716709137,-0.01318506095558398,0.5755378246307373,0.49829364418983463,-0.01770701669156546,0.5804538607597352,0.46738469004631045,-0.02196067832410332,0.5495905041694642,0.4758731186389923,-0.0038449902669526206,0.5534224271774292,0.4319472789764405,-0.010647720191627682,0.5560858607292176,0.40593483448028567,-0.01633233856409784,0.5584948539733887,0.3820681810379028,-0.02077544946223492,0.5376270771026612,0.47585008144378665,-0.00532742096111176,0.5359305739402771,0.4253000438213349,-0.01304576881229872,0.5415821552276612,0.39808716773986813,-0.01934427153319116,0.5472797155380249,0.3765771746635438,-0.0240130346268415,0.5263631582260132,0.4872151374816895,-0.00839846814051266,0.5225733876228332,0.44247040152549744,-0.020015580020844883,0.5357339501380921,0.445284903049469,-0.02488501705229278,0.5468569397926331,0.45544187426567073,-0.026369941234588582,0.515863561630249,0.5050006866455079,-0.0121942695230245,0.5148544192314148,0.47097932696342465,-0.02326595708727832,0.5261557936668396,0.46876662969589233,-0.02717718631029124,0.5371304273605347,0.4755132973194123,-0.02854169830679888
0.534686553478241,0.5951751232147218,1.8794373488617568e-07,0.5560964345932007,0.5698806643486023,-0.009202951658517082,0.5686444282531739,0.5328385353088378,-0.013270247541367939,0.5746280193328858,0.49902694821357724,-0.017786976695060682,0.5784862875938416,0.4679216504096985,-0.021876181289553622,0.5505645990371704,0.4753546833992004,-0.0025069482740945805,0.5549314022064209,0.4333039999008179,-0.00895298710092896,0.558048951625824,0.4087196886539459,-0.014502882771193938,0.5607260584831237,0.38564924001693723,-0.0189488554373383,0.5389746904373169,0.47526835799217226,-0.00377538851462302,0.5383150696754456,0.42629955410957343,-0.01146824248135084,0.5449098825454712,0.4008064866065979,-0.017712194658815822,0.5510241866111756,0.3795083045959473,-0.022345227748155543,0.5277827739715576,0.48633077740669256,-0.0067783699370920205,0.525848925113678,0.4434074401855469,-0.0189600562676787,0.5403827905654908,0.45280566811561584,-0.023746063560247364,0.5516522169113159,0.46778604388237,-0.02488295286893842,0.5173253655433655,0.5035494923591615,-0.010511863231658862,0.5187754511833191,0.47197861075401304,-0.022004926577210378,0.5311299204826355,0.4737975537776947,-0.026075854524970004,0.5421242475509643,0.4832358002662659,-0.0274605561047792
0.5349039435386658,0.593844485282898,1.88374241361089e-07,0.5562641263008118,0.5694067716598511,-0.008558550942689142,0.5685496926307678,0.5326200008392334,-0.012306697666644979,0.5743812561035156,0.4994005560874939,-0.01668553743511432,0.5768613576889039,0.46880445480346683,-0.020545872300863244,0.5516287207603455,0.4758035182952881,-0.0013787107192911002,0.5563084363937377,0.4356332004070282,-0.00765830976888532,0.5600846886634827,0.4121126890182495,-0.01307930350303646,0.5634274959564208,0.3898786664009094,-0.017396521754562803,0.5405081272125245,0.47544560432434085,-0.002897934615612,0.5407979607582093,0.4279019594192505,-0.01060823500156396,0.5486961126327515,0.4034703910350799,-0.016501377709209883,0.5557507634162904,0.3830502629280091,-0.020759798586368502,0.52954922914505,0.4861902296543122,-0.00619547562673684,0.5299296259880066,0.4449469804763794,-0.018774720095097983,0.5450921297073363,0.45926507711410525,-0.02306095957756036,0.5559536695480347,0.47754508256912226,-0.023545597493648523,0.5195124745368958,0.5033464550971986,-0.010170940868556421,0.523502790927887,0.47412670254707334,-0.021937488019466343,0.5365360736846925,0.47838630676269533,-0.025872277095913842,0.5473073363304138,0.4889825344085693,-0.027006710320711082
0.5357131361961365,0.5933184504508973,1.9264743968960832e-07,0.5570275068283081,0.5689764142036439,-0.008008277695625982,0.5689905405044555,0.5316140651702881,-0.01179004823788994,0.5745904088020325,0.4989177346229553,-0.01633468419313426,0.5755608677864075,0.4697954416275025,-0.02034516669809816,0.5521993041038513,0.4780829906463623,-0.0017016155528835602,0.5572626709938049,0.4390070199966431,-0.00871717203408474,0.5621989727020263,0.4153046548366547,-0.01443961635231968,0.5667186021804809,0.39350289702415464,-0.018773845583200402,0.541281270980835,0.47771677970886234,-0.00367083265446124,0.542423951625824,0.43009608387947085,-0.0120560565963387,0.5518287181854249,0.4069168150424957,-0.01773267984390254,0.5601372599601746,0.3879442691802979,-0.021549425646662665,0.5307775139808655,0.48804703354835516,-0.0073983512818812805,0.5347261905670166,0.4484751522541046,-0.0209220081567764,0.5505926966667176,0.4657806217670441,-0.02487840950489038,0.5609674572944641,0.48602893948555,-0.024740603566169722,0.5216838717460632,0.5052031397819519,-0.0117356935515999,0.5292490959167481,0.47806490063667295,-0.024059456214308682,0.543082344532013,0.48511238098144527,-0.027753185108303983,0.5533632636070251,0.4976658463478088,-0.028494709357619243
0.537671959400177,0.5928116321563721,2.000880385821802e-07,0.5585809707641602,0.5674514651298523,-0.007036437094211541,0.5699111700057984,0.5297251582145691,-0.01074795760214322,0.5754182696342468,0.49777816534042363,-0.01544973887503142,0.5750573515892029,0.469839745759964,-0.019641284272074663,0.5520536541938782,0.47920958399772645,-0.0016619795234873603,0.5580706000328064,0.44141718149185183,-0.009371097944676821,0.5646372199058532,0.418031644821167,-0.01539842095226046,0.570647656917572,0.39695341587066646,-0.01967893503606314,0.5415174841880799,0.47912926077842716,-0.00427274913527068,0.5441948294639588,0.43141850233078005,-0.013043416105210742,0.5551817059516907,0.40917876958847044,-0.0183226320892572,0.5647054314613342,0.3916079640388489,-0.021550590917468027,0.5318384408950807,0.4895016193389893,-0.0085911134257912,0.5397348880767823,0.4520236909389496,-0.0227419167757034,0.5558911561965942,0.47223493456840515,-0.0260155595839023,0.565438735485077,0.49412035942077637,-0.024988943338394142,0.524099326133728,0.5071666836738586,-0.01343198586255304,0.5346943259239196,0.48147599101066585,-0.02603210434317582,0.5490736365318298,0.4913010239601135,-0.029009458050131765,0.5586618304252625,0.5059116244316101,-0.028937737643718684
0.5393758416175842,0.5924101233482362,2.0031445160384468e-07,0.5600049734115601,0.5658249139785767,-0.005554016400128561,0.5709284663200379,0.5276537537574768,-0.00886619864031666,0.5764508843421936,0.49629379510879523,-0.01344461608678096,0.5751305460929871,0.47002158164978025,-0.01757438592612738,0.5517162680625916,0.4792354166507721,-0.00118551366031166,0.5587265491485596,0.44203298091888427,-0.00926537029445166,0.5667651295661926,0.41906473636627195,-0.01536722574383018,0.5739926934242249,0.3988869369029999,-0.01945321559906002,0.5415393114089966,0.4796727776527405,-0.0045561568811535395,0.5454637765884399,0.4318427801132202,-0.01346184369176622,0.5576310992240906,0.41050945520401,-0.0182863168418407,0.5679404377937317,0.3946384906768799,-0.0209080874919891,0.5326401591300964,0.49033322334289553,-0.00949449092149728,0.5437909126281739,0.4547932028770447,-0.02395718097686764,0.5598724722862244,0.4775995790958405,-0.02643166668713088,0.5684059143066406,0.5008009672164917,-0.02449023649096486,0.526107144355774,0.5087886095046997,-0.01481436695903532,0.5389564752578736,0.48404886722564694,-0.027422532439231803,0.5535266876220704,0.4964282035827636,-0.029478242248296704,0.5622422814369201,0.51297886967659,-0.028454906493425323
0.5413332462310791,0.5918637633323669,1.7322901726402054e-07,0.5615633845329285,0.563295078277588,-0.00374595671892162,0.572164011001587,0.5247404932975769,-0.0067746764980256,0.5777178406715393,0.49409400224685673,-0.01140143610537046,0.5755766391754151,0.469597315788269,-0.01563400551676744,0.5513997673988342,0.47793659567832947,-0.0006633094861171599,0.559844720363617,0.4412960648536682,-0.0090886708348989,0.5697605967521668,0.41916818022727964,-0.0152284853160381,0.5783290624618531,0.40029013752937315,-0.019171068072319,0.5415457963943482,0.4794070661067963,-0.00485767875798042,0.5482290387153625,0.43444503545761104,-0.014527090080082381,0.5616940379142761,0.42271103858947756,-0.018887410312890963,0.5715965509414672,0.4156494796276093,-0.020598977059125882,0.5337973833084106,0.49049893021583557,-0.010382762178778579,0.5484503746032715,0.45807420611381533,-0.024775427952408738,0.5646255254745484,0.4830674469470978,-0.026052518561482402,0.5720094561576843,0.5070635080337524,-0.0230758290737867,0.5288475155830383,0.5096693873405457,-0.016161342523992,0.5440480351448059,0.48648706674575803,-0.028093588724732322,0.5587942481040955,0.5005941390991211,-0.028974730521440464,0.5665929913520813,0.5181267738342286,-0.026951406896114305
0.5428193092346192,0.5910622715950012,1.4973206816648598e-07,0.5630218029022217,0.5603069067001343,-0.0022043192759156,0.5732828378677368,0.5225925445556641,-0.00534863851498808,0.5790363550186157,0.49284114837646487,-0.010433021932840302,0.5772981643676758,0.46868881583213806,-0.01515145879238838,0.5505503058433533,0.47599357962608335,-0.00023802145151417993,0.5606156468391419,0.43965254426002504,-0.00903136786073442,0.5723166108131409,0.4183953821659088,-0.01527870129793878,0.5819763302803039,0.40081599950790403,-0.019178519025444964,0.5410682916641235,0.4784416913986206,-0.0052237175405025005,0.5516669988632201,0.4369544565677643,-0.0156043658033013,0.56612286567688,0.4347164392471314,-0.01965521611273284,0.5752459287643432,0.43551333546638493,-0.020697927102446542,0.5346864700317383,0.48968292474746705,-0.01133781224489206,0.5529551267623901,0.4604704678058624,-0.025409374386072117,0.5690383553504944,0.486460679769516,-0.02569209635257718,0.5756062984466552,0.5105375289916991,-0.021997993439435922,0.5316418290138245,0.5088057279586793,-0.01763514988124364,0.5490470767021179,0.48670245409011836,-0.02869866751134388,0.5639998912811279,0.501142144203186,-0.028597574681043583,0.5714486956596374,0.5186722755432129,-0.025822501629590947
0.5437379479408264,0.5901862144470216,1.2334125898405546e-07,0.5643107414245606,0.5586662054061889,-0.00038399798795580014,0.5740142822265626,0.5225387454032899,-0.0032797074643894798,0.5798827528953552,0.494042980670929,-0.008578294049948402,0.5795147895812989,0.4699238002300262,-0.013673136942088542,0.5501803874969483,0.47570220232009885,0.00074749576160686,0.5619250178337099,0.43842671513557435,-0.00785540640354152,0.5747180700302125,0.4181348383426666,-0.01388034354895348,0.5846565365791321,0.40144932866096494,-0.0176996590569615,0.5414376258850098,0.47852297425270074,-0.005142525862902341,0.5563337802886963,0.4390680253505707,-0.01589392982423302,0.5715867519378662,0.4450447380542756,-0.019790726155042623,0.5795298099517823,0.4523338735103607,-0.02050429023802278,0.5364110946655274,0.48921098113059996,-0.01193794813007112,0.5568965911865235,0.4590843319892884,-0.02537655010819432,0.5730501532554626,0.4848593473434449,-0.025007220357656443,0.5790921330451966,0.5084465503692628,-0.02107620164752004,0.5348136186599731,0.5070443749427795,-0.018805630505084922,0.5534572601318359,0.4836714386940002,-0.028940324112772864,0.568218731880188,0.49756985902786255,-0.028161723166704143,0.5751600861549377,0.5146531581878662,-0.025053361430764143
0.5443179368972779,0.5885559558868408,1.2065568313346376e-07,0.5657640337944031,0.5568487882614136,0.0011962875723838802,0.5750326037406921,0.5220864534378052,-0.0014223872916773,0.5808228373527526,0.4945590078830719,-0.006798713514581281,0.5819892048835755,0.47102174162864685,-0.012051476072519959,0.5504682540893555,0.4746907114982605,0.00172369432402774,0.5638168334960938,0.43748969435691837,-0.006570004485547499,0.5775228381156922,0.41759862899780276,-0.01225024107843632,0.5878117322921753,0.40161006450653075,-0.015820361860096423,0.5424795985221863,0.4775036692619324,-0.0048314819578080806,0.5601077198982238,0.4387157022953033,-0.0152676165103912,0.576044750213623,0.4472435176372529,-0.018765793740749322,0.5836593389511109,0.4565427124500275,-0.019132620655000182,0.5388232707977295,0.48760556578636166,-0.0121149398386478,0.5610212445259095,0.45698480010032655,-0.02467522509396072,0.5773163437843323,0.4819332540035248,-0.023795288801193203,0.5831215262413024,0.5049894750118256,-0.01968786381185052,0.5388244032859801,0.5040909588336945,-0.0193793732672929,0.5583801507949829,0.48051802515983577,-0.028432132676243702,0.5729746699333191,0.4932782053947449,-0.027116691693663562,0.5797008872032166,0.5095071792602539,-0.023761045187711664
0.5448979258537292,0.5869256973266601,1.1797010728287206e-07,0.5672173261642457,0.5550313711166381,0.0027765731327235605,0.5760509252548218,0.5216341614723206,0.00043493288103488,0.5817629218101501,0.4950750350952149,-0.005019132979214161,0.5844636201858521,0.4721196830272675,-0.01042981520295138,0.5507561206817627,0.4736792206764221,0.00269989288644862,0.5657086491584777,0.4365526735782624,-0.005284602567553479,0.5803276062011719,0.4170624196529389,-0.01062013860791916,0.5909669280052186,0.4017708003520965,-0.013941064663231341,0.5435215711593628,0.4764843642711639,-0.00452043805271382,0.5638816595077515,0.438363379240036,-0.014641303196549379,0.5805027484893799,0.4494422972202302,-0.017740861326456022,0.5877888679504395,0.4607515513896942,-0.01776095107197758,0.5412354469299316,0.4860001504421234,-0.01229193154722448,0.5651458978652955,0.45488526821136477,-0.023973900079727124,0.581582534313202,0.47900716066360477,-0.022583357244729964,0.5871509194374084,0.5015323996543884,-0.018299525976181,0.5428351879119874,0.5011375427246093,-0.01995311602950088,0.5633030414581299,0.47736461162567134,-0.027923941239714537,0.5777306079864503,0.4889865517616272,-0.02607166022062298,0.5842416882514954,0.5043612003326416,-0.022468728944659185
0.5457840204238892,0.5850423693656921,1.4643720618323642e-07,0.5689873933792114,0.5544865727424622,0.004354339931160181,0.5773919701576233,0.5228773474693299,0.0025299531640484403,0.5829919576644897,0.49736512899398805,-0.0028039483353495404,0.5871345520019531,0.47486730217933654,-0.00820269398391242,0.55304274559021,0.4746805846691131,0.00408829562366002,0.5689210891723633,0.4378927648067475,-0.0033066223026253,0.5833826422691345,0.41820068955421447,-0.00825652857311066,0.5937828183174134,0.4027089774608612,-0.0113487476482987,0.5465717792510987,0.4762154817581177,-0.004003115044906681,0.567597496509552,0.4352810561656952,-0.013136392273008779,0.58460453748703,0.4370898067951202,-0.01620917618274684,0.5931953310966491,0.44077850580215455,-0.01659745611250396,0.5447414994239806,0.4845909416675568,-0.01251577772200104,0.5695785641670228,0.45141631364822393,-0.02366069592535492,0.5854776859283447,0.4753358483314515,-0.02234191522002216,0.5907514810562134,0.4979775130748749,-0.01823450103402134,0.5470043301582337,0.4982826471328735,-0.02080150544643394,0.5680106163024903,0.4735048353672027,-0.0284855116158723,0.5821563720703126,0.48510246872901913,-0.026482403278350802,0.5884881734848022,0.5006718456745148,-0.02285420484840864
0.5477074384689331,0.5837237238883972,1.6904426871633408e-07,0.5708859682083129,0.5555127024650575,0.00469253184273836,0.5791520476341248,0.5252183675765991,0.0031458409270271,0.5841713309288025,0.5001026272773743,-0.0019855457358062,0.5889289021492005,0.4780700862407684,-0.007208742015063701,0.5571158766746521,0.4762384116649627,0.004675075039267481,0.573323667049408,0.43984227776527407,-0.00217056897236032,0.5871284484863282,0.41982516646385193,-0.00678184931166466,0.59712735414505,0.4039347589015961,-0.00963295735418792,0.5511455655097961,0.47636501789093016,-0.0035271857865154205,0.5710605025291443,0.4321473121643066,-0.011612815968692262,0.5879847884178162,0.425045371055603,-0.01454799678176636,0.5978182077407836,0.4220125675201416,-0.015203889645636041,0.5491262197494508,0.4834455013275147,-0.01215401999652382,0.573516583442688,0.4481421947479248,-0.022863427549600558,0.5887644529342652,0.47136810421943665,-0.021858007460832562,0.5938538789749146,0.49433621168136593,-0.01806812882423396,0.551052474975586,0.49580028057098385,-0.02051075622439378,0.571799123287201,0.4705435156822204,-0.028067248687148022,0.5856075286865234,0.48228169679641725,-0.026210475713014582,0.5918091058731079,0.49848612546920773,-0.02276228033006186
0.5509070158004761,0.582501494884491,1.8545906073086373e-07,0.5731611371040344,0.5556071996688843,0.004647451266646341,0.5810464382171631,0.5255605578422546,0.00342133191879832,0.5859325051307679,0.5001688718795776,-0.0013279279344715201,0.5911605477333068,0.4783071935176849,-0.00611900701187544,0.5612019658088685,0.4771616518497467,0.00560931293293828,0.5772436022758485,0.44157661199569703,-0.00051400474039838,0.5903331756591796,0.42157284617424007,-0.00477328437846152,0.6000282764434814,0.4056066632270813,-0.007350915647111801,0.5557543277740479,0.47621395587921145,-0.0022942045703530003,0.5738445401191712,0.4302748620510101,-0.00904686492867762,0.5901964783668519,0.41453175544738763,-0.01182250045239918,0.6012508273124695,0.4047897160053253,-0.01279816590249534,0.5534786939620973,0.4823445022106171,-0.01072178743779654,0.5769115209579468,0.4471761226654053,-0.02064455244690174,0.5915107011795043,0.4684503018856048,-0.020275425538420645,0.5969422817230225,0.49083860516548156,-0.01716633047908538,0.5549084782600403,0.49373317956924434,-0.018890691176056802,0.5748724222183228,0.46904212832450864,-0.026063159853219924,0.588378643989563,0.4799525618553162,-0.0246864717453718,0.5949430346488953,0.49576535224914553,-0.02176494710147376
0.5537718772888184,0.5820145606994629,1.760162263053644e-07,0.5746787548065186,0.5563757300376893,0.00471438383683556,0.5823516249656677,0.5265895605087281,0.00374223592225456,0.5871770143508912,0.5011572539806366,-0.000740004866384,0.5926816582679748,0.47933268547058105,-0.00526066124439232,0.5647539734840393,0.47862377762794495,0.00649328464642162,0.5799861788749695,0.4431242346763611,0.0010799436946399201,0.5921369552612306,0.4232171297073364,-0.0028903965838253396,0.6012460350990295,0.40710428953170774,-0.0053557099308818214,0.5595919609069825,0.4768530905246735,-0.0012973916251212201,0.5764267325401307,0.4307477474212646,-0.0073541953228413405,0.5920306801795959,0.4121533811092377,-0.010175527818500923,0.6033051609992981,0.4003328800201416,-0.011456174403428982,0.5567901134490967,0.48204123973846436,-0.0096647666767239,0.5791464924812317,0.44695990681648257,-0.0189717181026935,0.5931720852851868,0.4667426168918609,-0.019116989150643304,0.5987634301185608,0.48852171301841735,-0.01667748615145676,0.5573657035827637,0.49255095124244686,-0.01778584048151964,0.5765768766403198,0.46787266135215766,-0.024671063199639263,0.5899132251739503,0.4782039880752563,-0.02372292205691336,0.5967939734458924,0.49366847276687625,-0.02134561911225314
0.5572022438049317,0.5808306217193604,1.6964734754765233e-07,0.5768308877944947,0.5573373436927795,0.0040623342851176195,0.5844224810600281,0.52804753780365,0.0031221597542753004,0.5890042543411256,0.5026422142982483,-0.0011454084189609,0.5945044040679931,0.48056271076202395,-0.0054334073327481,0.569966173171997,0.48000791072845467,0.0066885324195026805,0.5841580629348755,0.4446151375770569,0.0018660129047929801,0.5948890328407288,0.4243536829948425,-0.00197719251736996,0.602965247631073,0.40756940841674805,-0.0045226529706269,0.5648697137832642,0.4773141562938691,-0.0007223276072181599,0.580189597606659,0.4313502728939056,-0.00626243920996778,0.5945405125617981,0.4092535316944122,-0.009480004943907201,0.6055638790130615,0.3945316851139069,-0.01137436535209412,0.5611181735992432,0.48147380352020264,-0.008794926293194241,0.5816970825195313,0.44594430923461914,-0.017654220759868583,0.5953389883041382,0.4624280214309692,-0.018734398111700964,0.6014734864234925,0.482225102186203,-0.01734588295221322,0.5602660298347473,0.491033387184143,-0.01667635980993504,0.5786964893341064,0.4664606630802155,-0.023621570691466285,0.5918527603149415,0.47588981389999396,-0.0234625197947025,0.599139940738678,0.4907649874687195,-0.02191356308758254
0.5609547972679139,0.5799415826797485,1.516342393870218e-07,0.5794093012809753,0.5579095244407655,0.0035702406661584397,0.5866711974143983,0.529166305065155,0.0029115359386196003,0.5908008337020874,0.5034988164901734,-0.0008640444371849599,0.5960754275321961,0.48114191889762875,-0.00459885408636176,0.5733007550239564,0.48100224733352664,0.00759254880249496,0.5868767142295838,0.44638899564743045,0.0035086027928627602,0.5969408869743347,0.42670971751213077,-4.883124493061967e-05,0.604581356048584,0.41044622063636776,-0.00245162826031444,0.5683812975883484,0.478061991930008,0.0007374174776486999,0.5826237916946411,0.4332684874534607,-0.00394492417108262,0.5958460569381714,0.41133223772048955,-0.00705233002081506,0.6063187122344971,0.39666705131530766,-0.00906333094462748,0.5645617604255677,0.48151811361312863,-0.006923630088567681,0.5842692494392395,0.44678744673728943,-0.01508358791470522,0.5981732726097108,0.46010481119155877,-0.016940310224890662,0.6052032470703125,0.4779487490653992,-0.01640071943402284,0.5634495973587036,0.4900448203086853,-0.014424514584243238,0.581269383430481,0.46576418280601506,-0.021041199192404703,0.594364893436432,0.4737959861755371,-0.021504323184490182,0.602238428592682,0.48773016929626467,-0.02061375007033344
0.5641677856445313,0.5789667010307312,1.4338186815621157e-07,0.5820216536521912,0.5576854705810548,0.00347435709554696,0.5890780448913574,0.5286853194236756,0.00326395815645806,0.5933250546455384,0.50271235704422,8.422413375224001e-05,0.599169945716858,0.4803606390953064,-0.003051138453884,0.5757877826690674,0.4818127930164337,0.0088573605753481,0.5890872836112977,0.44789479374885566,0.00552176962373772,0.5986158013343812,0.4283542811870575,0.00219836528412996,0.605836021900177,0.4123139083385467,-0.0001567288767546401,0.5710468173027039,0.47884103655815125,0.00235982615267856,0.5848697423934937,0.4355708718299866,-0.0014774864306672996,0.5971060991287231,0.4133937001228333,-0.00472723720595234,0.6070435047149658,0.3980912327766419,-0.0070149717852472804,0.5674790859222412,0.4820373833179474,-0.0050006765406578205,0.5865263342857361,0.44786511063575746,-0.0123129642568528,0.6006132602691651,0.4573113918304444,-0.01487483903765672,0.6084527611732483,0.47179592847824103,-0.015167793445289082,0.5665743231773377,0.4898653566837311,-0.01220418326556676,0.5839794397354127,0.46577842235565187,-0.01832702029496426,0.5969311475753785,0.4725165247917176,-0.019191943667829003,0.6051849126815796,0.4851876378059387,-0.0187996597960591
0.5659788966178895,0.578916609287262,1.2588876217023428e-07,0.5840722680091859,0.5588449478149414,0.00319510831031944,0.5921251893043519,0.5298722147941589,0.00308857237396292,0.5965200543403626,0.503843116760254,0.00023018211359154004,0.6023752450942994,0.4811430096626282,-0.00255340597941536,0.5788060665130615,0.4835975348949433,0.008881845232099261,0.5921590685844421,0.45062659382820136,0.00584896364016454,0.601516604423523,0.43326640129089355,0.00257970651146022,0.6084462761878968,0.42000618577003473,0.00022348549682645996,0.573918092250824,0.48009126782417294,0.0029160060337744403,0.588145411014557,0.44019709825515746,-0.0005968679673969599,0.6001904129981994,0.42281806468963623,-0.00407033874653274,0.6096165537834168,0.41218625307083134,-0.006515864934772221,0.5703871726989747,0.48281962871551515,-0.0038524381816386604,0.5888113379478455,0.45009628534317014,-0.01012826305814082,0.602794635295868,0.45740059614181516,-0.01268259333446616,0.6109300374984742,0.4699812829494477,-0.013312281575053882,0.5693982958793641,0.490023821592331,-0.0104915833100676,0.5862107038497926,0.4664483904838562,-0.01563833914697164,0.5989356637001038,0.4716527700424194,-0.01633269861340518,0.6072292566299439,0.48302369713783266,-0.01600534273311492
0.5677900075912475,0.5788665175437928,1.0839565618425697e-07,0.5861228823661804,0.5600044250488281,0.0029158595250919203,0.5951723337173462,0.5310591101646424,0.00291318659146778,0.5997150540351868,0.5049738764762879,0.0003761400934308401,0.6055805444717407,0.48192538022995,-0.00205567350494672,0.5818243503570557,0.4853822767734528,0.008906329888850421,0.5952308535575866,0.453358393907547,0.00617615765659136,0.6044174075126648,0.43817852139472957,0.0029610477387904803,0.6110565304756165,0.42769846320152277,0.00060369987040756,0.5767893671989441,0.48134149909019464,0.00347218591487032,0.5914210796356202,0.44482332468032837,0.00028375049587338016,0.6032747268676758,0.43224242925643924,-0.0034134402871131403,0.6121896028518677,0.4262812733650208,-0.006016758084297162,0.573295259475708,0.48360187411308286,-0.0027041998226195003,0.5910963416099548,0.45232746005058283,-0.00794356185942884,0.6049760103225708,0.4574898004531861,-0.010490347631275602,0.6134073138237,0.46816663742065434,-0.011456769704818681,0.5722222685813905,0.49018228650093076,-0.00877898335456844,0.5884419679641724,0.4671183586120605,-0.012949657998979021,0.6009401798248291,0.47078901529312134,-0.013473453558981361,0.6092736005783081,0.48085975646972656,-0.01321102567017074
0.5687747716903686,0.5791501045227051,9.934712466019847e-08,0.5880472540855408,0.5626133799552917,0.00364463208243248,0.5981756687164307,0.5338987708091736,0.00430343863554294,0.6032553911209106,0.508091151714325,0.0024389666039496202,0.6091981768608093,0.4849721789360047,0.0007561807346064801,0.5829904198646546,0.4879047811031342,0.01058034580200908,0.5975934863090515,0.45862940549850467,0.008829253539442979,0.6076956868171692,0.44706061482429504,0.006212056986987541,0.6145716547966004,0.44071007966995235,0.00434992266818876,0.578145718574524,0.4829312264919281,0.0054050824604928,0.5937862634658814,0.4490624010562897,0.00356728376355018,0.6060667991638184,0.4401211202144623,0.00046416483819488,0.6152105212211609,0.4376119494438172,-0.0017561059445142801,0.5755796194076538,0.48420373201370237,-0.00046274056658143986,0.593994140625,0.45475278496742244,-0.00395028744824228,0.6078730702400208,0.4597322940826416,-0.005913447495549879,0.6163815498352051,0.4696002781391144,-0.0067805600352585016,0.5758527159690857,0.48970216512680054,-0.0062100045150145595,0.5919065356254578,0.4671617448329925,-0.00871605153661214,0.6043606877326966,0.46988370418548586,-0.00862232095096258,0.6127859711647033,0.47876617312431335,-0.00811357046477494
0.567386794090271,0.5868222832679748,1.0719325302943616e-07,0.5866027116775513,0.5631910562515259,0.0018932304345071198,0.596001398563385,0.5282663702964783,0.00125764138065276,0.5999397277832031,0.4988736510276795,-0.00149123857263478,0.6048554897308349,0.4725087225437165,-0.003992955986177521,0.5781663298606873,0.48833845853805546,0.0063023161143064416,0.593706488609314,0.4611439049243927,0.00248962100595234,0.6043406963348389,0.4494101762771606,-0.0010348784737289202,0.611687171459198,0.442473292350769,-0.0033915232401341604,0.5728849172592164,0.4874471485614777,0.0015996613539755004,0.5939093351364135,0.460627692937851,-0.0028256025630981002,0.60669424533844,0.4616426289081574,-0.005991418007761221,0.6144609808921815,0.46638302206993104,-0.0076650257222354405,0.5707908987998962,0.4933627128601074,-0.0037398704327642395,0.5935925126075745,0.47023954987525934,-0.009097614930942641,0.6059934735298157,0.47927556037902835,-0.009860443603247362,0.6117761492729188,0.49020234942436214,-0.00939641604200002,0.5713938474655151,0.502976393699646,-0.00906746794935312,0.5906584024429322,0.4851390957832336,-0.01243960883002722,0.602037250995636,0.49038750529289243,-0.0116462176898494,0.6080416321754456,0.4994966983795166,-0.0103341452311724
0.5671541452407837,0.5952723622322083,9.101819813395197e-08,0.5846346855163574,0.5649397969245911,0.0002880324609577799,0.5923598885536194,0.5240353107452393,-0.0014606285840272999,0.5951849818229675,0.491198068857193,-0.004857433540746581,0.5983045935630799,0.46141176819801333,-0.00795652051456268,0.5723308086395265,0.4907405555248261,0.0017676064744591813,0.587589955329895,0.46680147051811216,-0.0038350339978933208,0.5986448526382446,0.45520090460777285,-0.00806859955191614,0.6066818118095397,0.4482207238674164,-0.0108284801244736,0.5665030837059021,0.4940946698188782,-0.0024556759744882805,0.5929847121238709,0.47563188672065737,-0.009379250137135399,0.6062645196914673,0.48600192070007325,-0.012406178284436442,0.6128544449806214,0.4978205978870392,-0.01354519966989756,0.5645729422569274,0.5046912908554078,-0.00727168633602554,0.5921859622001648,0.4891740500926971,-0.01443228214047848,0.603011155128479,0.502520489692688,-0.014263985957950323,0.6061869859695436,0.5150858998298645,-0.012854546960443221,0.565444815158844,0.5191258251667022,-0.012181139527820021,0.5873764514923095,0.5069884955883026,-0.01670221358072006,0.5972519636154174,0.5144195199012757,-0.01577410029713062,0.600579559803009,0.5234352648258209,-0.01414156272076066
0.5671764731407166,0.6029981136322021,9.188448331087786e-08,0.5826303124427796,0.5658633828163148,-0.0014325662516057201,0.5879195809364319,0.5189673781394959,-0.0042262262199074,0.589408564567566,0.4824359774589539,-0.008243294036947181,0.5907965898513794,0.4490578293800354,-0.01191133286338294,0.5657861709594727,0.4920024394989014,-0.00233257953077552,0.5806231617927552,0.4710635662078857,-0.009678440913557981,0.5917752385139465,0.4572705745697021,-0.014636264927685261,0.6004121541976929,0.4474107027053833,-0.01785691073164346,0.5594161629676819,0.5000049412250519,-0.006281695887446401,0.5907934784889222,0.4876923680305481,-0.0156914429506287,0.6040590167045593,0.5022804141044617,-0.01864828546531496,0.6095526337623596,0.5158935189247131,-0.01936997948214412,0.5575815081596375,0.5155918657779693,-0.01087393807247276,0.5901299595832825,0.5064357697963715,-0.02048920188099144,0.5995616674423218,0.5233355343341828,-0.019883770681917642,0.6004111528396606,0.5367402076721192,-0.017704614251852,0.5588718056678772,0.5350883185863495,-0.01566175629850474,0.5838905811309815,0.5282684862613678,-0.02215195025783026,0.5924672842025757,0.5384733438491821,-0.021519578085280943,0.5934564590454101,0.5477388143539429,-0.01976465997286138
0.5677776217460633,0.6113017797470093,8.825440360737957e-08,0.5815831661224365,0.5687236309051513,-0.0037706802599131607,0.5848145365715027,0.5168817162513734,-0.0076883674599230005,0.5843308210372926,0.477427327632904,-0.01226220782846208,0.5824298620224,0.44206238389015196,-0.01640243837609882,0.5591830849647522,0.4953905284404755,-0.007152051478624301,0.573470962047577,0.47859444618225094,-0.016619667410850483,0.584487521648407,0.4635726034641266,-0.02289633601903912,0.5933187246322632,0.45135818719863896,-0.027050628326833262,0.551670491695404,0.5089988827705384,-0.010648481175303441,0.5877636075019836,0.5041621863842011,-0.02264627404510974,0.6007434725761414,0.5213900446891785,-0.02597385607659814,0.6049423456192017,0.5354103147983551,-0.02672472558915614,0.5497681498527527,0.5305120587348938,-0.01487565641291436,0.5880081415176392,0.52927365899086,-0.02663801037706432,0.5957138180732727,0.5475871205329896,-0.02549553187564012,0.5939248204231262,0.5598295569419861,-0.022689483407884802,0.5514656186103821,0.5558777630329133,-0.01953841613139954,0.5808677554130555,0.5545862138271332,-0.02775162241887296,0.588140892982483,0.5660112619400025,-0.027147329994477325,0.5867436528205872,0.5740728795528413,-0.0251685186754912
0.5659870743751527,0.6173808574676514,7.957826184679107e-08,0.5772249579429627,0.5693873882293701,-0.0070957696065306,0.5796539545059204,0.5166087865829468,-0.01350671518594022,0.5790360450744629,0.47783551216125486,-0.019976134225726083,0.5747549891471864,0.4471209943294525,-0.025853575766086517,0.552060890197754,0.5000100672245026,-0.014685905911028321,0.5652049064636231,0.4849718153476715,-0.02776176519691938,0.5752145528793335,0.4691904306411744,-0.03597784526646133,0.5834453463554383,0.4557160258293152,-0.041268528252840025,0.542909848690033,0.5209267377853394,-0.017571735009551004,0.5852038145065307,0.5278470456600189,-0.0332631409168243,0.5963318705558778,0.5484028220176698,-0.03681591302156444,0.5970112681388855,0.5625194549560547,-0.0373876295983791,0.5407713294029236,0.550160026550293,-0.02134385406970974,0.5852380752563476,0.5594723939895629,-0.03570653647184366,0.5900742650032043,0.5757861733436584,-0.033233425766229584,0.5847725868225098,0.5842405200004578,-0.029222728312015483,0.5424200773239136,0.5824173212051392,-0.025946098193526224,0.5763613104820251,0.5884041547775268,-0.03624098449945444,0.5814845085144043,0.5979587316513062,-0.035217881202697726,0.5770514607429504,0.6024596214294433,-0.032496552914381
0.5634386539459229,0.6165258884429932,5.121298656263207e-08,0.5731027364730835,0.5709673285484315,-0.00890111494809382,0.5761279702186585,0.5204609990119935,-0.0159183386713266,0.5769608855247498,0.483490788936615,-0.022539359703659962,0.572140669822693,0.45532874464988715,-0.028232717141508996,0.5491493701934815,0.5104553937911988,-0.017669537104666164,0.5626225233078004,0.4997985720634461,-0.0315539795905351,0.5729414820671082,0.4884134650230407,-0.04009852856397624,0.5805903673171997,0.48033449053764343,-0.04528391063213347,0.5398022294044496,0.5349081039428711,-0.0196902092546224,0.5838217854499818,0.548360025882721,-0.03491697162389752,0.5922715067863464,0.5627506971359253,-0.03815149366855616,0.5902783870697021,0.5711460828781127,-0.03897518366575238,0.5378705024719239,0.5658865094184876,-0.022789677605032883,0.583892822265625,0.5799146413803101,-0.03578353151679032,0.5865843892097473,0.5883250713348389,-0.0324641484767198,0.5798374056816101,0.5904891967773438,-0.028550112619996022,0.5398097634315491,0.5989155650138855,-0.0271180439740419,0.5746340155601501,0.6079875707626343,-0.03709081858396524,0.578223991394043,0.6115797281265258,-0.035935048013925525,0.5727545738220214,0.6112377882003784,-0.03321112617850302
0.5587656021118164,0.6167618155479431,3.420286240896076e-08,0.5687446594238281,0.5723603487014771,-0.0111593766137957,0.5723882555961608,0.5239251255989075,-0.01913497745990748,0.5734121322631837,0.4891022384166718,-0.02615316156297916,0.5683846712112427,0.46238494515419004,-0.0320243719965219,0.5462922096252442,0.52205148935318,-0.021734457649290502,0.5624518275260926,0.5180295884609223,-0.0369382914155721,0.572246539592743,0.5111718952655793,-0.046479035541415165,0.5776392459869385,0.5067145586013795,-0.05216487646102902,0.5368780016899108,0.5502980947494507,-0.02279942221939558,0.5817172646522523,0.568330705165863,-0.03740391470491882,0.5870823860168457,0.5761031985282898,-0.04051799625158305,0.5823489189147949,0.5794881701469421,-0.04200954809784886,0.5354720234870911,0.5828660488128663,-0.025079823657870263,0.5820976495742798,0.5999518156051635,-0.03685257658362382,0.5825555682182313,0.6016055226325989,-0.032612011209130216,0.5743245840072633,0.5985935449600219,-0.028762223944067904,0.5377975940704346,0.6153812527656556,-0.029003171250224065,0.5738751888275146,0.6262596726417542,-0.03851841762661928,0.5757057309150696,0.6250826358795166,-0.03699555397033688,0.5689816236495971,0.62116756439209,-0.03428337424993512
0.55409255027771,0.6169977426528931,1.719273825528944e-08,0.5643865823745727,0.5737533688545228,-0.01341763827949758,0.5686485409736634,0.5273892521858216,-0.022351616248488363,0.5698633790016174,0.49471368789672854,-0.02976696342229836,0.5646286725997925,0.46944114565849304,-0.0358160268515348,0.5434350490570069,0.5336475849151612,-0.02579937819391484,0.5622811317443848,0.5362606048583984,-0.0423226032406091,0.5715515971183777,0.5339303255081177,-0.05285954251885408,0.5746881246566773,0.5330946266651153,-0.059045842289924585,0.5339537739753724,0.5656880855560302,-0.02590863518416876,0.5796127438545228,0.5883013844490051,-0.03989085778594012,0.581893265247345,0.5894556999206543,-0.04288449883460992,0.5744194507598877,0.5878302574157714,-0.045043912529945336,0.5330735445022583,0.5998455882072449,-0.027369969710707643,0.5803024768829346,0.6199889898300172,-0.03792162165045732,0.578526747226715,0.6148859739303589,-0.03275987394154064,0.5688117623329163,0.6066978931427003,-0.028974335268139785,0.5357854247093201,0.6318469405174256,-0.030888298526406222,0.5731163620948792,0.644531774520874,-0.03994601666927332,0.5731874704360962,0.6385855436325073,-0.038056059926748244,0.5652086734771729,0.6310973405838012,-0.03535562232136722
0.5489946722984314,0.6205758213996888,6.713762168431004e-09,0.5589086174964905,0.5764878153800964,-0.014869156666099979,0.5628713250160218,0.5308911323547363,-0.02460158430039876,0.5648549675941468,0.4991705536842346,-0.03243697285652154,0.560846209526062,0.4736640393733978,-0.0387229703366756,0.5401925444602967,0.5470258593559265,-0.029022849351167643,0.5609129786491394,0.555352246761322,-0.04632089212536806,0.569417405128479,0.5561691701412201,-0.057120907306671104,0.5708051562309265,0.5585144221782684,-0.06318879500031466,0.5310292840003967,0.5821390748023987,-0.02829534970223898,0.5776902914047242,0.6078742980957031,-0.04136874154210086,0.5774762511253357,0.6028186798095703,-0.04352875128388399,0.5680949926376343,0.5971722602844238,-0.045581562072038624,0.5307958245277405,0.6169662952423096,-0.028972740098834004,0.5778529167175293,0.6379593491554262,-0.03829885274171824,0.574483859539032,0.6269585251808167,-0.03182706311345094,0.5640962839126586,0.6153709650039674,-0.027516867220401704,0.53409184217453,0.6474970817565918,-0.03201446868479244,0.5713691353797913,0.6606353282928467,-0.040641865879297204,0.5701897144317627,0.649650490283966,-0.0383371755480766,0.5616316318511964,0.6389413833618165,-0.03536436110734934
0.5472078919410706,0.6315922856330871,-1.6807152825037978e-08,0.5571363568305969,0.5846446394920349,-0.0159745359793305,0.558308732509613,0.5347721219062805,-0.02537776827812188,0.558839511871338,0.4992752313613891,-0.032527700811624455,0.5550736546516419,0.4670578181743622,-0.03788305968046184,0.536831796169281,0.5603749394416809,-0.030376609414815865,0.5589436650276184,0.5757920622825623,-0.04762820601463313,0.5673387885093689,0.5810729265213013,-0.05819541141390798,0.5683369994163513,0.5872973442077637,-0.06390317305922504,0.5283066391944885,0.5976618647575379,-0.028862776607274963,0.5746305823326111,0.6247718095779419,-0.040852066129446,0.5737823486328125,0.614467453956604,-0.04244992211461061,0.5645330429077149,0.6064144611358643,-0.04440493732690808,0.5285416603088379,0.632789146900177,-0.028833235055208163,0.5744121313095093,0.6533974766731262,-0.037119493633508645,0.5704762935638428,0.6393077015876771,-0.029846622049808445,0.5600952506065369,0.6266695976257325,-0.025173467770218783,0.5322250127792358,0.6623464822769165,-0.03140270039439194,0.56865394115448,0.6738705396652223,-0.03979018479585642,0.5672334432601929,0.6601741313934327,-0.03741103783249852,0.5589178681373597,0.6481322646141052,-0.03434981629252428
0.5487735748291016,0.6488700985908509,5.740531072717654e-09,0.5596365809440613,0.6060889720916748,-0.016531033813953364,0.5619787693023682,0.5594467878341676,-0.02674910463392728,0.5615888357162475,0.53053560256958,-0.03473381921648974,0.5566663384437561,0.5055567622184753,-0.04135575592517848,0.538293182849884,0.5710525155067444,-0.030322271585464442,0.5560408949851989,0.5782150268554688,-0.04760087132453914,0.5618056774139405,0.5775919198989868,-0.05860513001680373,0.5616442680358887,0.5777909398078919,-0.0649548932909965,0.5273901700973511,0.6063788175582886,-0.02884577885270114,0.5669063448905944,0.6284144401550293,-0.04218186363577841,0.5690747618675233,0.6225754618644714,-0.0447824984788894,0.5633618712425232,0.6185816049575806,-0.04681501686573024,0.5258308529853821,0.6416726350784302,-0.028816623240709265,0.5677531242370606,0.6621830224990846,-0.03852354735136028,0.5669303297996522,0.651551365852356,-0.0325012426823377,0.5591348886489869,0.6409570455551148,-0.02819521203637116,0.5284725666046143,0.6723726630210878,-0.03126149177551262,0.5628928780555725,0.6837043285369873,-0.04010504409670824,0.5641533493995667,0.6722434759140015,-0.038046763092279404,0.5580003261566162,0.6610611081123353,-0.03511713817715638
0.5506897926330567,0.6642535090446473,3.667656667261099e-08,0.562393856048584,0.6263878226280213,-0.016622075438499403,0.5665659308433533,0.5837015628814698,-0.02750430405139918,0.5661528706550598,0.5611804962158203,-0.03641256168484684,0.559980046749115,0.5449126601219177,-0.04425284564495082,0.5402046918869019,0.5781867861747743,-0.028910985589027362,0.5524933695793152,0.5739049673080444,-0.04599266722798344,0.5566741585731507,0.5673998713493347,-0.05692910999059676,0.5568729758262635,0.563030195236206,-0.06338899284601207,0.526911997795105,0.611092460155487,-0.027722526341676657,0.5602334499359132,0.6283712625503541,-0.042783236503601066,0.5659732460975647,0.6282742023468018,-0.04630448073148722,0.5637650489807129,0.6280272006988527,-0.04793405756354327,0.5234938740730286,0.6466571092605592,-0.027996278181672045,0.5621620535850526,0.6675689339637757,-0.0393039651215076,0.564885425567627,0.6604349732398986,-0.0342977631837129,0.5595614671707153,0.6516758918762207,-0.02990482300519936,0.5250293970108032,0.6791357040405275,-0.030588794872164666,0.5576523542404175,0.690508770942688,-0.03996675536036486,0.5622496128082276,0.6808457136154176,-0.03796564489603039,0.5586167573928833,0.6700286030769349,-0.03469521850347512
0.5498710036277772,0.683245623111725,6.420358875658393e-08,0.5633400440216065,0.6527570486068726,-0.016704145073890623,0.570244550704956,0.6147772908210755,-0.02793331257998938,0.5705591678619385,0.5953673958778382,-0.037439813464879956,0.563856303691864,0.5842257022857666,-0.04614172950386996,0.543230164051056,0.5877771258354187,-0.02666200026869768,0.5499277472496032,0.5719343185424804,-0.04310882613062856,0.5522560477256775,0.5595053195953369,-0.05348270684480667,0.5521983504295349,0.5502063870429993,-0.059718353301286636,0.527862799167633,0.6143598198890686,-0.02575332336127752,0.5534488439559937,0.6229001522064208,-0.04233032539486885,0.5620099663734437,0.6290019392967224,-0.04671639502048488,0.5629476070404054,0.6336025357246399,-0.047765397280454584,0.5217347025871277,0.6470089554786682,-0.026312571763992244,0.5550641298294068,0.6645761728286744,-0.03984761834144588,0.5616169929504394,0.665402889251709,-0.03608167357742782,0.5593702316284179,0.6629381299018859,-0.031359326839446956,0.5209645628929138,0.6794693112373353,-0.028936666622757866,0.5504735589027405,0.6897553563117982,-0.03935853019356722,0.5584593653678894,0.6853659510612488,-0.03762955218553538,0.5577742457389832,0.6784698128700257,-0.03396590501070016
0.5473246097564698,0.7015682816505433,1.1465008000755006e-07,0.5633538246154786,0.6800479173660279,-0.01744884625077242,0.5736636877059936,0.6465846896171571,-0.028402462974190662,0.5752004027366638,0.6295448541641235,-0.03786418065428732,0.5675976037979126,0.621296501159668,-0.04657849371433252,0.5473642468452454,0.5964120507240296,-0.0229553304612636,0.5493942022323608,0.5698699474334716,-0.03812559247016904,0.5498037695884704,0.5519353866577149,-0.047609865665435784,0.5491847157478332,0.5372269988059998,-0.05335887819528574,0.5306562066078186,0.6146350622177124,-0.02219151463359588,0.5468321084976197,0.6103138446807861,-0.039252720028161985,0.5560911297798157,0.6136026263237,-0.04468861743807791,0.5590269804000855,0.6154139637947083,-0.045680742710828726,0.5217071175575256,0.6420320987701418,-0.023225080966949405,0.5485764384269715,0.6555099606513978,-0.039669769257307,0.5586205959320069,0.6679809212684631,-0.038510451465845065,0.5596879839897155,0.6740937948226928,-0.034067062661051695,0.5180363535881043,0.6717785835266115,-0.02611381933093066,0.5433391213417054,0.6810685396194458,-0.03839335739612574,0.5533483743667603,0.6845000386238098,-0.03806231841444964,0.5550113320350648,0.6835387349128723,-0.034842368215322446
0.5430525541305542,0.7162510514259339,1.6630677066586943e-07,0.5620737671852112,0.7037785053253174,-0.01763305999338622,0.5771039724349976,0.6766483664512636,-0.02835784517228598,0.5795363068580628,0.6629121541976928,-0.037875682860612846,0.571899664402008,0.6568870067596435,-0.04684620499610895,0.5524289369583131,0.6039682149887086,-0.018228769488632623,0.5498989224433899,0.5672395348548889,-0.031450016610324344,0.5476725697517395,0.5412826418876647,-0.04009741879999636,0.5458195328712463,0.5187318086624145,-0.0455872863531112,0.5347765684127808,0.6124270915985108,-0.017492381948977644,0.5409969329833985,0.5950888395309448,-0.03438070714473722,0.5501861572265625,0.5954362392425537,-0.04116376675665376,0.554727840423584,0.5943413853645325,-0.0425734750926494,0.5230436682701112,0.6323823809623719,-0.018736601807177,0.5437405467033386,0.6440412163734437,-0.03766565211117262,0.5566934108734131,0.6691929817199708,-0.039970078319311104,0.5606357097625733,0.685032618045807,-0.0365603562444448,0.5162327408790588,0.657306969165802,-0.021529107540845825,0.5379488706588745,0.6685697078704834,-0.0353558056056499,0.5497985363006592,0.6817868590354919,-0.03688552603125567,0.5536443829536438,0.6889738321304322,-0.034596837684512084
0.5373472332954407,0.7253423810005188,1.9127309656141735e-07,0.5587455630302429,0.7163027644157409,-0.01770681776106352,0.5749468564987182,0.6911083698272706,-0.02779116928577418,0.5777738571166993,0.6727666258811951,-0.03695695549249646,0.5706867218017578,0.660387897491455,-0.04535077810287468,0.5535089850425721,0.6107882261276245,-0.014521139860153144,0.5507322192192078,0.5761983394622803,-0.02626452278345818,0.5476204514503479,0.5498459219932557,-0.033938756212592104,0.5451343536376954,0.526807677745819,-0.03868911005556578,0.5372848987579346,0.6128676772117615,-0.0136131446808576,0.5402959942817688,0.5898360252380371,-0.02888587825000282,0.5465833306312561,0.5801903009414673,-0.03566112779080864,0.549836254119873,0.5715542316436768,-0.03721164800226684,0.5248297333717347,0.626314663887024,-0.0149854198098182,0.5425394654273986,0.6358170509338379,-0.0348208881914615,0.5555317759513856,0.6685888409614564,-0.038942326605319946,0.56056866645813,0.6918639302253724,-0.035950975492596585,0.5165133833885194,0.6456174492836,-0.017841650173068,0.5361078143119812,0.6575873613357544,-0.032963396608829444,0.5475909352302551,0.6769341349601746,-0.03623925819993014,0.5523227214813233,0.6909201145172119,-0.03479907177388662
0.5316419124603271,0.7344337105751038,2.1623942245696528e-07,0.5554173588752747,0.7288270235061647,-0.017780575528740822,0.572789740562439,0.7055683732032777,-0.027224493399262382,0.5760114073753357,0.6826210975646972,-0.03603822812438008,0.5694737792015077,0.6638887882232667,-0.043855351209640424,0.5545890331268312,0.6176082372665406,-0.010813510231673661,0.5515655159950257,0.5851571440696717,-0.02107902895659202,0.5475683331489564,0.5584092020988465,-0.02778009362518784,0.5444491744041443,0.5348835468292237,-0.03179093375802036,0.5397932291030884,0.6133082628250123,-0.009733907412737561,0.5395950555801392,0.5845832109451294,-0.023391049355268423,0.5429805040359497,0.564944362640381,-0.030158488824963525,0.5449446678161621,0.5487670779228211,-0.031849820911884284,0.5266157984733582,0.620246946811676,-0.011234237812459401,0.5413383841514587,0.6275928854942321,-0.03197612427175038,0.5543701410293579,0.667984700202942,-0.03791457489132879,0.5605016231536866,0.6986952424049377,-0.03534159474074836,0.5167940258979797,0.6339279294013977,-0.01415419280529018,0.5342667579650879,0.6466050148010254,-0.030570987612008983,0.5453833341598511,0.6720814108848572,-0.035592990368604624,0.5510010600090027,0.6928663969039918,-0.03500130586326116
0.528233003616333,0.740089750289917,2.498978687981435e-07,0.5536749958992004,0.7359126448631287,-0.01885958984494204,0.5714410424232483,0.7139890909194947,-0.02850468978285786,0.5744752168655396,0.6897218942642211,-0.03767582178115842,0.5677845001220704,0.6672446131706239,-0.04562561362981789,0.5546306014060974,0.6235753893852234,-0.009296194277703722,0.5515790820121766,0.5931733012199402,-0.019209594838321138,0.5469468832015991,0.5659294128417969,-0.02586205117404458,0.5436897516250611,0.5421474337577821,-0.029719756543636282,0.5408398032188415,0.6167677879333496,-0.00782570624724026,0.5390462040901185,0.5858971476554871,-0.02089724801480764,0.5401382803916931,0.5555419206619263,-0.028097842261195143,0.5410599708557129,0.530306601524353,-0.030316379666328407,0.5277637720108033,0.6202080488204956,-0.009326452948152961,0.5416043996810913,0.6286447167396546,-0.031060261651873523,0.5543137192726135,0.6725664258003237,-0.03837088420987127,0.5608924508094788,0.7061612129211426,-0.036187335476279205,0.517680299282074,0.6296650409698487,-0.0123709619045257,0.5339537858963013,0.6423577070236206,-0.029962406307458823,0.5444728016853333,0.6700195670127869,-0.036262406408786745,0.5504944205284119,0.6937215209007264,-0.03634824566543096
0.5265077471733094,0.7426483273506165,2.47950126208707e-07,0.552688491344452,0.7392966389656068,-0.01799858361482614,0.5711894989013673,0.7190395951271058,-0.027628019452095004,0.5737586259841919,0.6942888140678406,-0.037084218859672516,0.5674203634262085,0.6702158331871033,-0.045333595573902055,0.5541293859481812,0.6269506216049194,-0.00789963817223902,0.5509893894195557,0.5973503112792968,-0.01751624662429088,0.5462064743041993,0.5699937462806701,-0.0240031901746988,0.5430139780044556,0.5464572429656982,-0.027719223871827084,0.5409380435943604,0.6190222501754761,-0.0066456805914639995,0.5392967581748963,0.5900636076927186,-0.0195226483047008,0.5398714065551757,0.5593730330467225,-0.02684485912322992,0.5402246952056885,0.5333877325057983,-0.029132562130689602,0.5280652642250061,0.6210229635238649,-0.008299294859170862,0.5427971482276917,0.6325986862182618,-0.029999058693647322,0.5550032973289489,0.67795969247818,-0.03771481141448018,0.5609760522842407,0.7127809286117555,-0.03575402162969107,0.5178950905799866,0.6294087290763856,-0.011401233822107263,0.5347285389900207,0.6450416803359985,-0.02919756174087518,0.5455845832824706,0.6749362587928772,-0.03586676418781276,0.5518172264099122,0.7011491060256959,-0.036084331199526726
0.5262739300727843,0.7447424292564393,2.5219258930064826e-07,0.5522323846817017,0.7418066143989563,-0.01751116029918186,0.5710699200630188,0.7216531395912171,-0.02722829543054102,0.5736455082893371,0.6960681796073914,-0.03699086010456084,0.5668959379196167,0.6711261987686158,-0.04562125727534288,0.5533840417861939,0.630151915550232,-0.00794818047434088,0.5504387974739074,0.599987530708313,-0.01808423884212966,0.5458982825279236,0.5720950961112976,-0.02482609190046784,0.5427933931350708,0.5484051585197449,-0.028664468973875,0.5404901266098023,0.6222639560699463,-0.00711905146017668,0.5392682552337648,0.5933630824089051,-0.02067057788372034,0.539691174030304,0.5622274637222291,-0.0283714454621076,0.5397098422050476,0.5361086130142212,-0.03084392026066778,0.5276736497879029,0.6242118239402772,-0.00915358867496248,0.5428976178169251,0.6350269913673402,-0.03131446056067938,0.5550479650497437,0.681358289718628,-0.03901995271444317,0.5609750270843505,0.7169302821159363,-0.036995982378721176,0.5175760865211487,0.6325351357460023,-0.01258736848831172,0.534595501422882,0.6478602409362793,-0.03073867186903948,0.5456197142601014,0.6781343221664429,-0.03750227987766262,0.5519651651382447,0.7050045609474183,-0.0377453871071338
0.5263697147369385,0.7458150982856752,2.476546939078617e-07,0.5518074035644531,0.7433706045150756,-0.017205720394849702,0.5711392879486084,0.7229091882705689,-0.02658306770026682,0.5740097165107727,0.6968620777130127,-0.03603043854236602,0.5671033501625061,0.6709893703460693,-0.04435669705271716,0.553438663482666,0.6327255010604859,-0.008150778058916302,0.5507294297218324,0.602152156829834,-0.01847402341663834,0.5461812734603881,0.5743281960487365,-0.02527908608317372,0.542949664592743,0.5504003047943116,-0.029121220856904922,0.540585470199585,0.6244552731513977,-0.00749625954777,0.5397248506546021,0.595027244091034,-0.02133900485932822,0.53998281955719,0.5634261131286622,-0.02923919893801208,0.539774763584137,0.5369261026382446,-0.03181656934320924,0.5277013421058655,0.6259803533554078,-0.00962118469178674,0.5435230851173402,0.6365575432777405,-0.03200005739927288,0.5554243803024292,0.6836885929107667,-0.03939694836735721,0.561083447933197,0.7196878075599671,-0.03709521666169162,0.5175383806228637,0.634103262424469,-0.013118106499314261,0.5348253130912781,0.6489898204803466,-0.031330952048301663,0.5457275748252869,0.6791769146919251,-0.0377380788326263,0.5519045352935791,0.7059893846511841,-0.03768287599086756
0.5265636205673219,0.7466989159584045,2.464576908778327e-07,0.5518940210342408,0.7445082426071167,-0.017241971194744042,0.5715237259864807,0.7236257791519165,-0.02647143229842184,0.5744428157806397,0.6971818447113037,-0.03577075004577636,0.5671483993530273,0.6699829936027527,-0.04393306076526638,0.5539523005485535,0.6351956844329835,-0.00830876072868702,0.551346492767334,0.6043198108673096,-0.018971839919686283,0.5466323137283325,0.5764504909515381,-0.02602373734116552,0.5432376742362977,0.5522529363632203,-0.03001471273601048,0.5409773945808412,0.6267679691314697,-0.007766692712903001,0.5402746081352234,0.59682936668396,-0.02208970971405502,0.5404978275299073,0.564906919002533,-0.03034376651048656,0.5403001546859741,0.5380659580230713,-0.033139473199844324,0.5279897332191468,0.6279298186302186,-0.010000056214630581,0.5439440608024597,0.6378470659255981,-0.032860160246491396,0.555804181098938,0.6854870676994325,-0.04000233337283131,0.5614358305931091,0.721614384651184,-0.037414100021123844,0.5176307320594787,0.6358305096626281,-0.013609291799366421,0.5346955299377442,0.6491696596145631,-0.03204787746071812,0.5455142378807069,0.6791351914405823,-0.03808396905660624,0.5516614794731141,0.7058684825897217,-0.03770611509680744
0.5281216859817505,0.7475809693336487,2.403009233375997e-07,0.5526584625244141,0.7449175119400024,-0.016041283681988643,0.572183120250702,0.7233268022537231,-0.024408595636486983,0.5750390529632569,0.6966719388961793,-0.0330049119889736,0.5673350930213928,0.6700607299804687,-0.040488537400960894,0.5543391466140747,0.635916018486023,-0.006828048825263941,0.5517943739891052,0.604965329170227,-0.016912006959319083,0.5470767974853517,0.577389919757843,-0.02368282526731488,0.5437299966812135,0.5531196355819703,-0.02757499888539308,0.5413835167884826,0.6274889826774597,-0.006707074400037501,0.5407533288002014,0.5971704125404358,-0.020521286129951438,0.5410430073738098,0.5651134371757507,-0.02869281023740764,0.5408693432807923,0.5383277297019959,-0.03153162449598308,0.528335702419281,0.6286003708839416,-0.00924445800483224,0.5443389773368836,0.6372361660003663,-0.031698933616280525,0.5562657475471496,0.6848657846450806,-0.038761876523494665,0.5618969798088074,0.7211516737937927,-0.036212804168462724,0.5177594900131226,0.6368183374404908,-0.01305138301104302,0.5350513935089112,0.6497333526611329,-0.03125468678772446,0.5459916591644288,0.6798569679260255,-0.03715796396136278,0.5521663784980775,0.7067022323608398,-0.03672854453325268
0.5299400091171265,0.7488270282745362,2.388663148167325e-07,0.5539368510246278,0.7450130224227907,-0.016271419823169642,0.5728803157806397,0.7225276112556458,-0.024425340071320502,0.5755788922309876,0.695936143398285,-0.03271796740591524,0.5675770878791809,0.6701106786727906,-0.039892970025539376,0.5547666549682617,0.6363430142402648,-0.006667135003954121,0.5522058248519899,0.605188250541687,-0.016557883098721464,0.5473999977111816,0.5776834130287171,-0.02338728979229924,0.5441397905349732,0.5530802726745606,-0.02738212682306762,0.5417001485824585,0.6285401105880738,-0.0063649425283074,0.5409260153770448,0.597694742679596,-0.0199363091960549,0.5413379549980164,0.5655972242355347,-0.02817896418273446,0.5414723277091981,0.5386856555938722,-0.031202631443738905,0.5286314964294434,0.6301309823989869,-0.0087441416457295,0.543786346912384,0.6364105463027954,-0.03103421404957768,0.5560697913169861,0.6834519028663636,-0.038139466196298544,0.5622239470481873,0.7196623444557191,-0.03569446355104444,0.5180554628372194,0.6386130809783935,-0.01240127906203266,0.5346048474311829,0.6481476545333863,-0.030321463942527743,0.5455151200294495,0.6769043564796449,-0.03601580075919622,0.5519446730613708,0.7029828667640687,-0.035551080480217906
0.5312952280044556,0.749071764945984,2.3848965327033514e-07,0.5553917288780212,0.7442328453063966,-0.01638315133750432,0.5739207983016968,0.7210798144340516,-0.024329801276326144,0.5763189196586609,0.6947124361991883,-0.03233558870851991,0.5676888704299927,0.66990168094635,-0.039204648137092554,0.5557310581207275,0.635003125667572,-0.005880276067182361,0.5529983162879945,0.604517674446106,-0.015231578238308383,0.5479643106460572,0.5775761365890503,-0.02186635583639142,0.544744622707367,0.5531367659568787,-0.025817160308361023,0.5424070954322815,0.6278568148612977,-0.005437512928619942,0.5413037776947022,0.5971590518951416,-0.01849665306508538,0.5417589426040649,0.5655772686004639,-0.02663686908781524,0.5422513008117676,0.5387983798980713,-0.029706178978085484,0.5292510151863099,0.6300268650054931,-0.00772111760452384,0.5438031673431397,0.6352878212928772,-0.02984826900064942,0.5563576340675354,0.6815604686737061,-0.03713749721646304,0.5628602266311646,0.7175064086914062,-0.034846877306699726,0.518531894683838,0.638969612121582,-0.0112686019390821,0.5347944736480713,0.6468679428100585,-0.02905745394527908,0.5457757949829102,0.6751696348190308,-0.034725755453109686,0.5523941159248352,0.7009666442871094,-0.03429031819105144
0.531648325920105,0.7190312623977662,2.271789469432406e-07,0.5554207801818848,0.7101157069206238,-0.015503257885575241,0.5729579448699951,0.683207380771637,-0.022797140479087784,0.5767608165740967,0.6547350645065307,-0.029925764352083165,0.5716468572616578,0.6293537259101869,-0.03612253032624718,0.5539005041122437,0.6038615047931671,-0.00630498067475848,0.5523427248001099,0.5697368264198303,-0.015172644890844762,0.548612928390503,0.5421716570854187,-0.02172862663865086,0.5464103817939758,0.5173819363117218,-0.025827714800834643,0.5401763677597046,0.5977238178253172,-0.005839624488726201,0.5391896724700928,0.5623813509941101,-0.017417383566498724,0.5398110151290894,0.5303463280200958,-0.02505440488457674,0.5406387925148011,0.5032623946666718,-0.028407224640250164,0.5270209908485413,0.6009580790996552,-0.00790654150769108,0.5375167608261109,0.5943016707897186,-0.02691813930869098,0.5476405382156372,0.6244652688503266,-0.033810273557901345,0.553227996826172,0.6475743293762207,-0.03273612968623635,0.5160660862922668,0.6111896753311157,-0.0112097635865211,0.526983392238617,0.6090512692928314,-0.026802285760641042,0.534934401512146,0.6265380203723907,-0.0320218034088611,0.5398535251617431,0.6424040853977204,-0.032115015760064085
0.5319033026695252,0.6891796112060548,2.1252734825338848e-07,0.5549382328987121,0.6764249205589294,-0.014281673729419662,0.5716800212860108,0.6458744049072267,-0.020730887353420203,0.5771338224411011,0.6152318239212037,-0.026815206930041264,0.575767207145691,0.5896753191947937,-0.032199488580226865,0.5516109347343445,0.5728232860565186,-0.0067743001971393,0.5513607025146485,0.5349529504776002,-0.01500567961484188,0.549093496799469,0.5068779826164246,-0.021299240365624382,0.5479444026947021,0.4817696213722229,-0.02540152929723262,0.5376490592956543,0.5674694418907167,-0.0063485109712927805,0.5369824051856995,0.5274656891822815,-0.01625583618879314,0.5376397252082825,0.49483323097229004,-0.023235126584768243,0.5385658144950867,0.46740404367446897,-0.026758015528321223,0.5245302677154541,0.5717083573341369,-0.00818068990483874,0.5314348459243775,0.5535565495491027,-0.02381350360810752,0.5389200568199158,0.56790189743042,-0.030254660546779583,0.5433518052101136,0.5784731984138489,-0.03040573298931118,0.5134702205657959,0.583250617980957,-0.01119047794491048,0.5195319056510925,0.5721843361854553,-0.024422472342848722,0.5244142055511475,0.5789907217025757,-0.029207760095596263,0.5274953603744508,0.5849472522735596,-0.0298539631068706
0.5314126014709473,0.6604100584983826,1.9761294254294628e-07,0.554258382320404,0.6433225274085999,-0.013069094531238043,0.570274555683136,0.6091683387756348,-0.019043270871043162,0.5769942522048951,0.5761724531650543,-0.024502481520175885,0.5792609572410583,0.5490946292877197,-0.02954564280807968,0.5497009634971619,0.5438128113746643,-0.00810467167757444,0.5505263090133667,0.5014873921871185,-0.01635479982942336,0.5495509266853333,0.4723114490509033,-0.0226247657090425,0.5494154214859008,0.4464149594306946,-0.02680362612009048,0.5355169653892518,0.5394063532352449,-0.00794179481454188,0.5351412296295166,0.4945243835449219,-0.01686762534081932,0.5359731554985047,0.4608784794807434,-0.0234403889626264,0.537243938446045,0.43259220123291015,-0.027208213880658104,0.522397541999817,0.5447331249713898,-0.009747038688510599,0.5256274342536926,0.5155811488628387,-0.02265337035059924,0.5306299924850464,0.5136674165725709,-0.02884571179747578,0.5341468572616577,0.5112285614013672,-0.030231904983520456,0.5111865758895875,0.5574600219726562,-0.01264081653207536,0.5125213205814362,0.5375921308994294,-0.024019477143883642,0.5144425153732299,0.5332054793834686,-0.028612487763166383,0.5157632112503052,0.5288286328315736,-0.029904497414827303
0.530786681175232,0.6310430049896241,1.8960217573749108e-07,0.5535519003868103,0.609638774394989,-0.011703635379672022,0.5687027335166931,0.5721022129058838,-0.01761077456176278,0.5764471411705018,0.5370160222053527,-0.022970678284764245,0.5821079373359681,0.508282744884491,-0.02823907062411304,0.548029613494873,0.5153284966945648,-0.010259221447631662,0.5498891234397889,0.46860356330871583,-0.0192297721281647,0.5503167629241944,0.43806434273719785,-0.02581523172557348,0.5511564135551452,0.4114127576351166,-0.030298923701047878,0.5337292432785035,0.5123381793498993,-0.010784100042656019,0.5337610244750977,0.4626863241195679,-0.01973105687648054,0.5347899436950684,0.427505362033844,-0.026336447522044122,0.5363073945045471,0.3980348944664001,-0.030607714131474444,0.5206668257713318,0.5188580930233002,-0.012959038000553803,0.5207138061523438,0.4790898144245147,-0.02390201389789576,0.5235184788703919,0.46102261543273926,-0.029919085651636076,0.5263367652893066,0.4452919244766235,-0.0325330719351768,0.5092594146728516,0.5325969934463501,-0.016122631356120062,0.5064923465251923,0.5045944452285767,-0.02631812393665308,0.5058845639228821,0.48937841057777404,-0.031014723703265162,0.5057851076126099,0.47479932308197026,-0.03312150724232192
0.5302541255950928,0.6019249439239502,1.8045857359538788e-07,0.552595067024231,0.5759767770767212,-0.01035070139914748,0.5667701601982117,0.535271680355072,-0.016200168058276142,0.5755334854125977,0.49818516373634336,-0.021441339701414062,0.5848382115364075,0.46710950136184687,-0.02693924270570274,0.5459936022758485,0.48872060179710386,-0.013098196685314121,0.5488766551017762,0.4369994938373566,-0.02303833514451974,0.55078604221344,0.40488523840904234,-0.030063946545124003,0.5527789235115051,0.377214628458023,-0.03496941700577734,0.53185955286026,0.4867948710918427,-0.014380554482340758,0.5322161555290221,0.4314736127853394,-0.02360098287463184,0.5339055180549622,0.3947946548461914,-0.030448692664504,0.5363096952438355,0.3645126044750213,-0.035409981012344306,0.5189893245697021,0.49435897469520573,-0.01694902293384072,0.5158981204032898,0.4431325733661652,-0.02621840648353094,0.5175100803375244,0.4098324060440064,-0.03224335685372348,0.5207653403282165,0.38202592134475705,-0.03622950166463848,0.5075286507606507,0.5090746760368348,-0.02037045359611506,0.5005931437015533,0.47175722718238833,-0.02959594987332816,0.4980193138122559,0.4455143630504608,-0.03451390564441678,0.497313678264618,0.42123891115188605,-0.037574876099824864
0.5307236909866333,0.6030921220779419,1.8224901623398185e-07,0.5530640602111816,0.575651741027832,-0.009989392384886699,0.5668409228324891,0.5348657846450806,-0.0162266835570335,0.5749179601669312,0.4981079697608948,-0.021939446777105284,0.5837222814559937,0.4662752151489258,-0.028033210709691,0.5467525482177735,0.4919144392013549,-0.0147256083786487,0.5493122696876526,0.4395056962966919,-0.02557952664792532,0.5511710166931152,0.4070033371448517,-0.03292945660650726,0.5533405065536499,0.3788278222084045,-0.03806438930332658,0.5329275369644165,0.4907012641429901,-0.01664746776223178,0.5331631541252136,0.43450291156768805,-0.02711052224040028,0.5353900074958802,0.3972949326038361,-0.03460130691528317,0.53870347738266,0.3666390240192413,-0.04001474976539607,0.5201613664627076,0.4988245248794555,-0.019730559922754742,0.5173856616020203,0.44703875780105595,-0.0302789837121963,0.5205066204071045,0.41384596228599546,-0.03689288273453708,0.5254624247550964,0.38653606176376337,-0.041189092770218816,0.5087401270866394,0.5136888265609741,-0.0235444370657205,0.5026946485042573,0.47545697093009953,-0.03386493399739262,0.5012561321258545,0.4485472083091736,-0.03942699432373044,0.5018322825431825,0.42422483563423163,-0.0429427850991487
0.5313366293907166,0.6042298674583435,1.891996959102471e-07,0.5535616874694824,0.5752590537071228,-0.009654347971081681,0.5668638229370118,0.534340500831604,-0.01613374091684814,0.5740485310554505,0.49798920154571535,-0.022200463712215384,0.5824253916740417,0.4655359506607056,-0.02871205620467658,0.5474697351455688,0.4948304295539856,-0.01541550438851114,0.549848997592926,0.4420122146606445,-0.02697147019207472,0.5520216703414917,0.4092338979244232,-0.03457883000373836,0.5546493411064148,0.3808449864387512,-0.03983632549643512,0.5341969013214112,0.4944372892379761,-0.0177836004644632,0.5342557549476624,0.43759879469871527,-0.029191523417830444,0.537485682964325,0.400710666179657,-0.03712061755359171,0.5421253919601441,0.3707064390182495,-0.04278408959507938,0.5217177748680115,0.50304417014122,-0.021252647414803483,0.5192005634307861,0.45114187598228456,-0.03280653990805144,0.5244629621505738,0.4192237257957459,-0.039653188735246626,0.5316480278968811,0.393966382741928,-0.04394819140434262,0.5103129625320435,0.517823326587677,-0.02537545710802072,0.5055710852146149,0.478855413198471,-0.03641607798635956,0.5064543604850769,0.4521986246109009,-0.04227489456534382,0.509460735321045,0.42909723520278936,-0.04595831409096712
0.532037615776062,0.6027974009513856,1.953329871184906e-07,0.5539007782936096,0.5738988876342773,-0.00941980015486472,0.5667446851730348,0.533013117313385,-0.0155477119609713,0.5733607649803162,0.49715526700019835,-0.02141253426671024,0.5812204003334045,0.46467795372009274,-0.027595818787813118,0.5477287650108338,0.4932742714881897,-0.01368895368650552,0.5503790259361268,0.4428770363330841,-0.025025254487991283,0.5532431483268738,0.41133130192756656,-0.03261179104447362,0.556570291519165,0.38415021896362306,-0.03782421648502344,0.5351764798164368,0.4932051181793213,-0.01605140864849086,0.5352117657661438,0.4375758349895477,-0.027526676282286625,0.5398346424102783,0.4024713099002838,-0.0355536255985498,0.5459391593933105,0.37437572479248044,-0.04119855798780914,0.5232777714729309,0.5021488010883332,-0.019598571397364123,0.5213957071304322,0.4521816849708557,-0.03168157972395416,0.5297866225242615,0.42596590518951416,-0.038432281464338254,0.5395673274993896,0.4071072816848754,-0.042325868085026724,0.5121877551078797,0.5170033335685731,-0.02379220072180026,0.5092113494873047,0.47898290753364564,-0.03506055735051628,0.5131736397743225,0.45574645400047303,-0.04077914431691166,0.5190750718116761,0.43737290501594545,-0.0442084658890962
0.5333926677703857,0.6023141503334046,1.952063939825166e-07,0.5545242071151734,0.573058819770813,-0.00879185153171412,0.5666540265083313,0.5322506904602051,-0.01441167946904892,0.5727978587150574,0.49678194522857666,-0.02006499450653786,0.5800323605537414,0.46434883475303645,-0.02592130675911896,0.5478702068328858,0.49219059348106386,-0.011140040634199941,0.5509521961212158,0.44435982704162597,-0.022027311287820282,0.5549339771270752,0.41455966234207153,-0.02958273366093632,0.5592404007911682,0.3886080324649811,-0.03480935320258134,0.5361963033676148,0.4919120132923126,-0.01365889869630332,0.5362309098243714,0.43751127123832706,-0.02483891323208806,0.5427770018577576,0.40528007149696343,-0.032711702585220305,0.5503919363021851,0.37990092039108275,-0.03821095451712604,0.5250728011131286,0.5010189414024353,-0.01746790446341036,0.5240051627159119,0.45274420976638796,-0.02990709133446212,0.5355300903320312,0.43448197841644287,-0.036328046396374665,0.5472794055938721,0.42393676638603206,-0.0396436911076307,0.5146478891372681,0.516119408607483,-0.0219033690169453,0.5133668422698975,0.4797015428543091,-0.03330842778086658,0.5205274105072022,0.4613495945930481,-0.038784614950418426,0.5290199875831604,0.4490785002708435,-0.04188250489532942
0.5342905879020691,0.6017237424850463,1.925115128642574e-07,0.5551736116409303,0.5723892450332642,-0.00761813628487282,0.566492223739624,0.5318204283714294,-0.01251797955483192,0.5723786115646362,0.4970576763153076,-0.01788836475461716,0.5787674784660339,0.46524785161018367,-0.023369080573320322,0.5483142137527466,0.48994226455688483,-0.007715492835268341,0.5522227644920349,0.44511109590530396,-0.017783747240900923,0.5575006127357482,0.41725376844406126,-0.02516148872673508,0.5627240061759949,0.3928243815898896,-0.030273624137043882,0.5372913718223572,0.489860874414444,-0.01054748566821214,0.5378122448921203,0.43722551465034487,-0.0209293847903609,0.5461155533790589,0.4080992043018341,-0.028319482877850504,0.5546661615371704,0.3853231370449066,-0.0334475670009851,0.5269275903701782,0.49930338263511653,-0.014745041728019681,0.5274500489234926,0.4532445192337036,-0.02705911472439762,0.5412206411361694,0.44301234483718865,-0.03280884325504298,0.5534992337226867,0.4404369235038757,-0.0353202477097511,0.5174009799957275,0.5149060726165772,-0.019526193477213318,0.518431568145752,0.4801194250583649,-0.030638733878731682,0.5284801006317139,0.4670934855937958,-0.0354763194918632,0.538668191432953,0.46101283431053164,-0.03793528564274305
0.5351885080337524,0.6011333346366883,1.898166317459982e-07,0.5558230161666871,0.5717196702957154,-0.00644442103803152,0.5663304209709168,0.5313901662826539,-0.01062427964061492,0.571959364414215,0.4973334074020386,-0.01571173500269646,0.5775025963783263,0.4661468684673309,-0.02081685438752168,0.5487582206726075,0.48769393563270574,-0.004290945036336741,0.5534933328628541,0.44586236476898194,-0.01354018319398156,0.5600672483444213,0.41994787454605104,-0.02074024379253384,0.5662076115608216,0.397040730714798,-0.025737895071506423,0.5383864402770996,0.48780973553657536,-0.007436072640120961,0.5393935799598695,0.4369397580623627,-0.017019856348633743,0.5494541049003601,0.4109183371067047,-0.023927263170480703,0.5589403867721559,0.3907453536987305,-0.02868417948484416,0.5287823796272278,0.4975878238677978,-0.012022178992629001,0.530894935131073,0.4537448287010193,-0.02421113811433312,0.5469111919403076,0.45154271125793455,-0.029289640113711303,0.5597190618515014,0.45693708062171934,-0.030996804311871504,0.520154070854187,0.5136927366256714,-0.017149017937481338,0.5234962940216065,0.4805373072624206,-0.027969039976596784,0.5364327907562256,0.4728373765945435,-0.03216802403330798,0.5483163952827455,0.4729471683502197,-0.0339880663901567
0.5365797877311707,0.6002162575721741,1.7508859571080395e-07,0.5572968840599061,0.570091187953949,-0.004486966374679428,0.566934323310852,0.530186116695404,-0.007907960144802861,0.5724938988685607,0.4971389830112457,-0.01275503821671002,0.5768880367279052,0.46727053523063655,-0.017576875351369318,0.5492278933525085,0.484615969657898,-0.0014236203860491204,0.5549977660179138,0.4459986865520478,-0.009973399899899881,0.5629304170608521,0.4221547245979309,-0.01698047537356612,0.5700262427330017,0.4009722709655762,-0.02191204093396656,0.5393577098846436,0.4854618549346924,-0.005414883978664841,0.5411311030387879,0.43706076145172124,-0.014482410624623281,0.5526396751403809,0.4157836258411407,-0.02090226411819454,0.5624807953834534,0.39947890043258666,-0.025250601768493596,0.5307154536247254,0.496023279428482,-0.010759794712066601,0.5351023197174072,0.45486063957214357,-0.022918333858251542,0.5527536869049072,0.46017087101936344,-0.027258151397108958,0.565233325958252,0.47224026918411255,-0.02818975709378716,0.5236320376396179,0.5132203459739686,-0.0165048817172646,0.5295591473579407,0.4817204773426056,-0.027161906659603084,0.5442234992980957,0.47908554673194886,-0.03069589100778098,0.556319510936737,0.4845382034778595,-0.03188085146248336
0.5377231121063233,0.6001738905906677,1.6131900508753462e-07,0.5586264133453369,0.5686264991760255,-0.0024981806374853276,0.5675808548927307,0.5295867323875428,-0.00571134886704378,0.5733117818832398,0.49775514006614685,-0.010821203142404479,0.5772708773612977,0.4694424271583557,-0.01598609685897822,0.5491975188255311,0.48416693210601813,-0.0003888684790581202,0.5563973665237427,0.4466422736644745,-0.0087940722703933,0.5658015131950378,0.42378758192062377,-0.01571918148547406,0.5737853646278381,0.4035690426826477,-0.020644510537385863,0.5398454666137695,0.4860606789588928,-0.005490380898117981,0.5433635115623475,0.4392320156097413,-0.01449705902487036,0.5564076066017152,0.423123961687088,-0.02045157775282856,0.5663064241409301,0.4109917998313904,-0.0244010422378778,0.5324101567268371,0.49729793667793276,-0.011730082891881401,0.5396626234054566,0.457745224237442,-0.02389657646417614,0.5580166101455689,0.4673592448234558,-0.027410349249839698,0.569354808330536,0.4825867891311646,-0.02767337821424004,0.5271491527557374,0.5152009725570679,-0.01819899976253506,0.5355100035667419,0.4845276236534119,-0.028649083897471405,0.5510064244270325,0.48503545522689817,-0.031439484283328004,0.5624128818511963,0.493412184715271,-0.03203000538051124
0.5376732587814331,0.598430073261261,1.6725089153624139e-07,0.5597090005874634,0.5670959830284119,-0.0009600229881471078,0.5685432672500611,0.5297800183296204,-0.00397937155794344,0.5745035648345947,0.49964243769645694,-0.00922011984512202,0.5785114884376525,0.47314501404762266,-0.01456648577004666,0.5493717193603516,0.4828025579452515,0.00035857987822966004,0.5590282678604126,0.44707579612731935,-0.00788929536938662,0.5693776369094848,0.42501709461212156,-0.014633769169449761,0.5778309941291808,0.4058952987194061,-0.01941648945212358,0.5402729153633118,0.48528773188591007,-0.0056225242093205,0.5465444087982179,0.43903039693832396,-0.01459185946732756,0.5604138135910035,0.42362722754478455,-0.02026328407227988,0.5705698966979981,0.4120454013347626,-0.0239031203091144,0.5337414383888245,0.49693409204483036,-0.012548175081610602,0.5447370171546936,0.4588301837444305,-0.02488459721207616,0.5632280468940736,0.47134504914283754,-0.0278605788946151,0.5736866593360901,0.48836619853973384,-0.0275466978549957,0.5301655054092408,0.5151974678039551,-0.01954567134380336,0.5416811227798463,0.485485577583313,-0.029881361126899684,0.557451355457306,0.48832273483276367,-0.03196027316153044,0.568159019947052,0.49834138751029966,-0.03190669752657409
0.5380259394645691,0.596799635887146,1.7499502007467528e-07,0.560699999332428,0.565814757347107,9.13811061763922e-05,0.5695602297782898,0.5299612522125244,-0.0028745122253894,0.5757159113883973,0.5010929942131043,-0.00826352760195724,0.580259656906128,0.47608701586723334,-0.013769824430346439,0.5492140173912048,0.4818839728832245,0.00059794515836982,0.5608735084533691,0.44728325605392455,-0.007707857713103261,0.5719840049743652,0.42571647167205806,-0.014330943860113562,0.5808417439460755,0.40738047361373897,-0.01898082382977004,0.5404239058494569,0.4848112046718598,-0.006006433349102679,0.5490171909332275,0.4387081980705261,-0.015163012966513602,0.5634880542755127,0.42358341813087463,-0.020630705356597837,0.5738612055778504,0.412272584438324,-0.023980591818690243,0.5347319841384888,0.4967283189296723,-0.013404558226466102,0.5484601259231567,0.459445184469223,-0.02593935467302796,0.5670163631439209,0.47392969131469725,-0.028392681479453983,0.5769830226898194,0.49194236993789675,-0.027535446733236282,0.532484269142151,0.5150435924530029,-0.02077117934823032,0.5461437940597534,0.4861925005912781,-0.031009396538138348,0.5618505120277405,0.49059315919876095,-0.0324773591011762,0.5719560027122498,0.5014124989509583,-0.03186358474194998
0.5387134075164796,0.5959151864051819,1.5611384753810854e-07,0.5621784448623658,0.564085328578949,0.0020034244895213923,0.5708692789077758,0.5295536637306213,-0.0005452133715152201,0.5770878791809082,0.5021748363971711,-0.0058874246984486605,0.5818371415138245,0.4792728841304779,-0.0112929842434823,0.5479108095169067,0.481191086769104,0.0014294861583038602,0.5610371708869935,0.44616048932075497,-0.006686821905896041,0.5734723567962646,0.42626081705093377,-0.01286479085683816,0.5830087780952454,0.41042078733444215,-0.017136947251856282,0.539866578578949,0.48486808538436893,-0.00598019938915962,0.5527508974075317,0.44136818647384635,-0.015509494207799401,0.568312406539917,0.4344910979270935,-0.020308533683419158,0.5779716730117799,0.4305624604225159,-0.022753131762146904,0.5358456611633301,0.4968052268028259,-0.01394718084484332,0.553173828125,0.46166675686836245,-0.02600991427898402,0.5716280221939087,0.4784477770328522,-0.027298603579401923,0.5806311011314392,0.4973814070224762,-0.025585094094276378,0.5357277035713196,0.5146277904510499,-0.021763218939304323,0.5522745490074158,0.48751576542854314,-0.031035430356860107,0.5676815152168274,0.4938316822052002,-0.03140041977167124,0.5766935825347901,0.5055916249752045,-0.0299623634666204
0.5390522718429566,0.5953816056251526,1.458360173955953e-07,0.5632995486259461,0.5630113244056701,0.0033046441385522,0.5718137145042419,0.5294173955917358,0.0010949633549899199,0.5780649065971375,0.5031379580497741,-0.00419933861994646,0.5834418416023255,0.4812840759754181,-0.00958524984307582,0.5472731351852418,0.4814825534820557,0.00212393093388522,0.5617589354515076,0.44594919085502627,-0.00582682266831394,0.5749414801597595,0.4265250265598297,-0.01168914595618838,0.5846460819244385,0.41156858801841734,-0.01572484169155356,0.5399410128593445,0.4852553486824036,-0.00588051239028568,0.5568708658218384,0.4428094267845153,-0.0156801706179976,0.5735134601593018,0.4409367918968201,-0.020053664967417666,0.5826800227165222,0.44158076047897343,-0.02186879925429816,0.5372827887535094,0.49682049751281737,-0.01429240014404052,0.5576151609420776,0.46158248782157896,-0.026078515499830198,0.5760298371315002,0.47986828684806826,-0.026534667611122102,0.5842432975769043,0.4994024395942688,-0.024163835495710342,0.5387011051177979,0.5138330817222596,-0.022475451976060823,0.557286262512207,0.4873753845691681,-0.031142629310488647,0.5724120616912842,0.4949060499668121,-0.030706127360463104,0.58060941696167,0.5073629140853883,-0.028639303147792783
0.5393599629402162,0.5943368077278137,1.356506928118506e-07,0.5648515224456787,0.5623693704605103,0.0045001269318162805,0.5733253479003907,0.5296733021736145,0.00287827453576028,0.579513704776764,0.5043990969657899,-0.00206924091035034,0.5851158618927002,0.48343431353569033,-0.007118381652980999,0.5474676609039307,0.48182532787323,0.0030031343689187803,0.5629557132720947,0.44536452889442446,-0.004529498366173321,0.576544225215912,0.4265133202075958,-0.00998296476900572,0.5862529873847961,0.4122658789157867,-0.01370656136423346,0.5407896995544434,0.48547556400299074,-0.005328068509697879,0.5610066056251526,0.4434174060821533,-0.01518317051231858,0.5779026985168458,0.4451807737350464,-0.019216535612940743,0.5864559054374695,0.44960742592811587,-0.020470280013978423,0.5393902897834778,0.4964567184448242,-0.013913775607943482,0.5621587038040161,0.46086184382438655,-0.02510203123092646,0.5801190495491028,0.4797474384307861,-0.024963146820664382,0.5876788377761841,0.4995922088623047,-0.0221370173618197,0.5422151923179627,0.5124681353569032,-0.0222086183726787,0.5624501585960389,0.4864238977432251,-0.03008210361003868,0.5772701501846315,0.4938987553119659,-0.02913060672581192,0.585175621509552,0.5059099078178406,-0.02667090818285938
0.5407962918281555,0.5933215022087098,1.1107541979527015e-07,0.5663360238075257,0.5616646528244018,0.00561528978869314,0.574486529827118,0.5289161920547486,0.00466253568883982,0.5804997086524963,0.5039124369621277,0.00021169659739824008,0.5862195253372192,0.4838697910308838,-0.0043478088336996595,0.5477628588676453,0.4819025456905365,0.004050721565727101,0.5632739663124086,0.44342628717422483,-0.0027323176153004006,0.5773066282272339,0.4247170925140381,-0.007613616529852101,0.5871292471885681,0.41104303598403935,-0.01096448097378012,0.5419895410537721,0.485539036989212,-0.00437059313990172,0.5645716786384584,0.4452912211418152,-0.013934290595352618,0.5818800687789917,0.4538799226284027,-0.017462290078401523,0.5895591735839845,0.46494862437248224,-0.018125055357813783,0.5419477820396423,0.49578144550323483,-0.012895893678069061,0.5659938335418702,0.4603707253932953,-0.02294281087815756,0.5836273431777954,0.4788148999214172,-0.022162518277764283,0.5905668377876282,0.49840763807296756,-0.01910508740693326,0.5460129499435425,0.5105879783630372,-0.02108593657612796,0.5669634938240051,0.48441920280456546,-0.02777309194207184,0.581488847732544,0.4918020069599152,-0.026285969838499977,0.5889204382896424,0.5038159489631653,-0.023575767502188642
0.542232620716095,0.5923061966896057,8.650014677868968e-08,0.5678205251693726,0.5609599351882935,0.00673045264557,0.5756477117538452,0.5281590819358826,0.006446796841919361,0.5814857125282288,0.5034257769584656,0.00249263410514682,0.5873231887817383,0.48430526852607725,-0.00157723601441832,0.5480580568313599,0.481979763507843,0.005098308762535421,0.5635922193527222,0.44148804545402526,-0.00093513686442748,0.5780690312385559,0.42292086482048036,-0.005244268290698481,0.5880055069923401,0.4098201930522919,-0.00822240058332678,0.5431893825531007,0.4856025099754333,-0.0034131177701055603,0.5681367516517639,0.4471650362014771,-0.01268541067838666,0.5858574390411377,0.46257907152175903,-0.015708044543862303,0.5926624417304993,0.48028982281684873,-0.01577983070164914,0.544505274295807,0.49510617256164546,-0.01187801174819464,0.5698289632797242,0.459879606962204,-0.02078359052538866,0.5871356368064881,0.4778823614120483,-0.019361889734864184,0.5934548377990723,0.4972230672836304,-0.01607315745204682,0.5498107075691223,0.5087078213691711,-0.01996325477957722,0.5714768290519715,0.4824145078659058,-0.025464080274105003,0.5857075452804565,0.4897052586078644,-0.02344133295118804,0.5926652550697327,0.5017219901084901,-0.020480626821517904
0.5444950342178345,0.5899124264717102,9.035816503910612e-08,0.5698061943054199,0.5599112033843995,0.0072113299742340604,0.5772793531417847,0.5276584386825561,0.007297181710600801,0.5829650521278381,0.5031705617904664,0.00365046181250358,0.5892434597015381,0.48416734337806705,-0.00020195504184815995,0.5504231810569763,0.48193010687828064,0.00591915557160972,0.5666890025138855,0.44104765057563783,0.0005532051320187401,0.5809455633163452,0.42112768292427066,-0.0034141138137783605,0.5907366275787354,0.4063378155231476,-0.00621838150545952,0.5459472179412842,0.484978586435318,-0.0025979195488616403,0.5709303259849549,0.4456370770931244,-0.01121373660862442,0.5885413885116577,0.45941947102546693,-0.014179335348308043,0.5955895185470581,0.47631286978721615,-0.0142859056591987,0.5476903676986695,0.49370120167732234,-0.010988667607307379,0.5733909487724305,0.45738477110862735,-0.019274170696735343,0.5904424905776978,0.47470458149909966,-0.0178743071854114,0.5965991139411926,0.4939714014530182,-0.014702138677239381,0.5533466100692749,0.5063241243362426,-0.018956970423459958,0.5749496698379517,0.4792167663574219,-0.023989688605070062,0.5891364216804506,0.4861096799373627,-0.02189651206135744,0.5961021423339844,0.4980154871940613,-0.01895313560962672
0.5469190120697022,0.5864212870597839,1.1460844859811916e-07,0.5716649174690247,0.5587196111679078,0.00735000474378464,0.5788825511932373,0.5276302218437194,0.007589983381330901,0.5845048546791076,0.503400230407715,0.00412906068377192,0.5913257360458375,0.48466619849205017,0.0004990223795175001,0.5527943491935731,0.4819900810718536,0.006224217265844319,0.5696958541870116,0.44067232608795165,0.00142944756662466,0.5838111519813538,0.4202388942241669,-0.00205494559486394,0.593718433380127,0.4049805760383606,-0.00441080597229298,0.548883593082428,0.48424959778785703,-0.0020450722193345,0.5730290293693543,0.44275919795036317,-0.00949019435793158,0.5900615692138673,0.4490961074829101,-0.012065505143254942,0.5980016827583314,0.4597659170627594,-0.012207749485969482,0.5509602546691895,0.49215515255928033,-0.010173435136675782,0.5770571112632752,0.4556676328182221,-0.017753832787275284,0.5933649778366089,0.47232146859169005,-0.01642307527363294,0.599415159225464,0.49155400991439824,-0.01338360253721472,0.5570333361625671,0.5036810278892517,-0.017852115258574438,0.5788284301757812,0.47641199827194214,-0.02228468954563136,0.592673695087433,0.48325455784797666,-0.02006143741309636,0.5995420455932619,0.49521951079368587,-0.017099040560424283
0.5505203008651733,0.5833709597587585,1.3657200810257568e-07,0.5735998749732971,0.5567656636238099,0.007995334453880761,0.5804079651832581,0.5263022422790528,0.008301999606192061,0.5862821102142334,0.5020382106304169,0.00484238550998266,0.5936343550682068,0.48319141864776616,0.0012516996357589201,0.5555344700813294,0.48209532499313357,0.00654784347862002,0.5726917147636414,0.44046227931976323,0.00223362960387012,0.586503303050995,0.4194443285465241,-0.0007748411328066199,0.5964600443840028,0.40388441681861875,-0.0027050379780120997,0.5521238923072815,0.4837760508060455,-0.0019277406623586404,0.5748621225357056,0.4398062646389007,-0.00837451629340644,0.591640853881836,0.438215035200119,-0.010694724600762082,0.6007044076919557,0.4422799229621887,-0.011041690222918921,0.5541865825653076,0.49103997945785527,-0.01019056476652616,0.5801378488540649,0.4536664485931397,-0.0171042703092098,0.5961669921875,0.4694296896457672,-0.015849807672202523,0.6024486422538757,0.488237339258194,-0.01307000443339344,0.5603654265403748,0.5015612542629242,-0.017929857224225958,0.5818984389305114,0.47347702383995055,-0.0217083893716335,0.5955222129821778,0.4806883633136749,-0.019235779717564523,0.6022157549858094,0.493268758058548,-0.01626675054430956
0.5532969832420349,0.5811237215995789,1.5851006196498932e-07,0.5754168033599854,0.5548172235488892,0.008589538093656259,0.5819325923919678,0.5251084446907044,0.00887554557994004,0.5881937861442567,0.5009596467018127,0.005295007349923201,0.5959250807762146,0.48173246979713447,0.0016469763009808202,0.5576856136322023,0.4823151111602783,0.006852915417402941,0.575084924697876,0.4408422350883484,0.00278082959121084,0.5886847734451294,0.4194516658782959,7.228364120234006e-05,0.5987201690673829,0.4036923527717591,-0.0015371896093711198,0.5545429587364197,0.4836194336414337,-0.0018987678224220202,0.5757886171340942,0.4369665443897247,-0.007590306550264301,0.5922853469848633,0.42786072492599486,-0.009696507360786161,0.6023409962654114,0.4255106031894684,-0.010177732259035042,0.5565555334091187,0.49046313762664795,-0.01038587298244232,0.582235598564148,0.4521052598953247,-0.01683867797255514,0.5980549693107605,0.46733089685440066,-0.01554678641259664,0.6044772386550903,0.4858412146568299,-0.01283432319760318,0.5628550171852111,0.5002766251564026,-0.01829731836915012,0.5840975880622864,0.47154111266136167,-0.0215654995292425,0.5975734829902649,0.4788966357707978,-0.018812787160277324,0.6041848182678222,0.49179266095161445,-0.015731024183332862
0.5568549036979675,0.5789798974990845,1.7304760859815363e-07,0.5779924750328065,0.5531686425209046,0.00920526981353754,0.5841774463653565,0.5248219609260559,0.009526428580284081,0.5905585646629334,0.5009625792503357,0.005853720055893,0.5985476732254029,0.48145025372505196,0.00211321830283844,0.5607471585273743,0.48273609280586244,0.007479066960513541,0.5777926325798035,0.44172004461288455,0.0037851171568035204,0.590889573097229,0.4199775457382202,0.0014541698328684402,0.6008496165275574,0.40381863713264465,0.00017847700510174012,0.5580000281333923,0.4835054159164429,-0.0016034935717470402,0.5774585962295532,0.4345242798328399,-0.0063393566757440015,0.5932575225830079,0.41776003241539,-0.008163765631616079,0.6040895700454713,0.4086832642555237,-0.00879068616777652,0.5598976016044617,0.48987260460853577,-0.01041959077119822,0.5851195931434632,0.4510229229927063,-0.016362669318914398,0.6006390810012818,0.46540330648422246,-0.015175750479102081,0.6073832988739014,0.4832938075065613,-0.0126619884744286,0.566179645061493,0.4991467595100403,-0.018609897419810242,0.5866552948951722,0.4698520541191101,-0.02139023058116434,0.5999939441680908,0.4767057418823242,-0.01853127032518384,0.6068525910377502,0.48931699395179756,-0.015504754520952643
0.5598941087722779,0.5773351192474366,1.8069800660214242e-07,0.5803269743919373,0.5518180847167969,0.01028520204126828,0.5864978909492493,0.5241436123847962,0.011028100363910161,0.5932243943214417,0.5005926012992858,0.0075730459298937805,0.6013050794601441,0.4813498079776764,0.0039973794249817,0.5635562777519226,0.4831364572048187,0.008797578793019,0.5799740195274354,0.44281808733940126,0.00577735500410192,0.5925053477287293,0.421075177192688,0.003939386794809201,0.6021437764167786,0.40506922602653506,0.00302003764081744,0.5611188292503357,0.4836426436901093,-0.00074865034548562,0.5789766311645508,0.4329639077186584,-0.00420955265872178,0.5939485192298889,0.4093437552452087,-0.00566868875175714,0.6052515149116516,0.3940392971038818,-0.0064502970606554,0.5628987550735474,0.4896923124790191,-0.01002636123448604,0.5875304222106934,0.45066636800765997,-0.01519515719264744,0.6030804514884949,0.4631973803043366,-0.01438851393759244,0.6105274319648744,0.47965288162231445,-0.01241243407130236,0.5691612601280213,0.4983995079994201,-0.01859410665929312,0.5888612627983094,0.4688843727111816,-0.02088742479681966,0.602071225643158,0.4747621476650238,-0.01826798804104326,0.6094242930412292,0.48647091388702396,-0.015644867904484203
0.5628926277160645,0.5772288799285888,1.6457548781545487e-07,0.5825095415115357,0.5527035474777222,0.01039555538445704,0.5889753341674805,0.5246963858604432,0.011460536159574961,0.5957260012626648,0.5006971716880799,0.00835562003776424,0.6033891916275025,0.4808971583843231,0.0050813791807740195,0.5672776818275452,0.4843930184841156,0.0097759729251265,0.5831059694290162,0.44557701945304873,0.00726182721555226,0.5948338150978089,0.42402270436286926,0.005525320768356261,0.6038250684738159,0.4081720888614655,0.00451743646990504,0.5645819187164307,0.48418176770210264,0.00022770824143664007,0.5814200639724731,0.4344151318073272,-0.00281325420364736,0.5954843759536743,0.41020777225494387,-0.004475826630368819,0.606312644481659,0.3942768335342407,-0.0055706304323393605,0.5657782435417175,0.48956121802330016,-0.00910469731315964,0.5891236424446107,0.4504535436630249,-0.013791438564658141,0.604969072341919,0.4598011434078217,-0.013593107275664741,0.6133045434951783,0.4737738490104676,-0.01236518081277602,0.5713951230049134,0.497525155544281,-0.01773967333137984,0.5902158737182618,0.4681980669498444,-0.019931961223483043,0.6035474181175232,0.47244678139686586,-0.017898802831768982,0.6116044759750366,0.48273879289627075,-0.015906810015439924
0.5647400498390198,0.57774475812912,1.5568956257538957e-07,0.5843928575515747,0.5508665680885315,0.00834179584926456,0.5908273100852967,0.5206120848655701,0.0085152270272374,0.5965520262718201,0.4955807030200958,0.00499542839825148,0.6029652476310731,0.4749742567539215,0.0013226547744124599,0.5686102151870728,0.4800882875919342,0.006544621102511861,0.5839754819869996,0.4429125130176544,0.0025998929049819205,0.5952256441116334,0.42117313146591184,-7.257703691723998e-05,0.6037644147872925,0.40448054671287537,-0.0017370577552356,0.5647763609886169,0.48115639686584477,-0.0022745345137082005,0.5848569035530091,0.4397243976593017,-0.00726694399490952,0.5980382323265077,0.426290112733841,-0.0090785613749176,0.6065409302711486,0.41789186000823975,-0.00975229710456914,0.5650769829750061,0.4888773262500763,-0.010978473816066921,0.5902159214019775,0.4565585017204285,-0.017217509448528262,0.6047688126564026,0.4692665636539459,-0.016448869928717563,0.6113720774650574,0.4841222167015076,-0.0144305551424622,0.5694388151168823,0.49948371052742,-0.01915969103574748,0.589512574672699,0.4749155819416046,-0.02264396697282786,0.6023190259933472,0.48123592138290405,-0.020579604431986802,0.609386157989502,0.49206930398941046,-0.0182084878906607
0.5665874719619751,0.578260636329651,1.4680363733532433e-07,0.5862761735916138,0.5490295886993408,0.006288036314072081,0.5926792860031128,0.516527783870697,0.005569917894899841,0.5973780512809753,0.49046423435211184,0.0016352367587387203,0.6025413036346435,0.46905135512351986,-0.0024360696319491006,0.5699427485466003,0.4757835566997528,0.00331326927989722,0.584844994544983,0.4402480065822601,-0.0020620414055884193,0.5956174731254578,0.4183235585689544,-0.005670474842190741,0.6037037611007691,0.4007890045642853,-0.007991551980376242,0.5649708032608033,0.47813102602958685,-0.004776777268853041,0.588293743133545,0.44503366351127616,-0.011720633786171681,0.6005920886993409,0.4423724532127381,-0.01368129611946638,0.6067692160606384,0.4415068864822388,-0.01393396377679892,0.5643757224082947,0.48819343447685243,-0.012852250318974202,0.5913082003593445,0.462663459777832,-0.02064358033239838,0.6045685529708862,0.4787319839000702,-0.01930463258177038,0.6094396114349365,0.49447058439254765,-0.016495929472148382,0.5674825072288513,0.5014422655105591,-0.02057970874011512,0.5888092756271363,0.48163309693336487,-0.025355972722172684,0.6010906338691712,0.49002506136894225,-0.02326040603220462,0.6071678400039673,0.50139981508255,-0.02051016576588148
0.5676474571228027,0.5801622390747071,1.2743130497483435e-07,0.5869667887687683,0.5482497572898865,0.0035978049330879203,0.5933645129203796,0.5128593206405639,0.0017030805349350197,0.5968891382217407,0.48536286950111396,-0.0027627263218164607,0.5996067643165588,0.46409164071083064,-0.007303549628704801,0.5696245312690734,0.4718079447746277,-0.00012113936245437915,0.5849691390991211,0.43801243305206294,-0.006969477608799939,0.5959329605102539,0.41608855724334715,-0.01158388061448928,0.604247510433197,0.39842017889022824,-0.01458764802664516,0.5634185910224916,0.47604842782020573,-0.007118475437164301,0.590590524673462,0.4519435763359069,-0.016017259377986183,0.6020282030105591,0.4607600569725037,-0.01798371220938856,0.6059992671012879,0.46761935949325567,-0.01778670147177764,0.5619455575942993,0.4888745725154877,-0.014259863737970542,0.5913588404655457,0.47069859504699707,-0.02370392270386214,0.6026326417922974,0.49066412448883057,-0.02176905367523428,0.6053551077842713,0.5072655260562897,-0.018254664540290802,0.5639816403388977,0.5053789854049683,-0.0212879195809364,0.5873692750930787,0.49123985767364503,-0.027497104182839342,0.5986133575439454,0.5029821336269379,-0.02535836994647978,0.6032253026962281,0.5153053164482118,-0.022241153940558384
0.5676604628562927,0.5840053558349609,1.0650505473108753e-07,0.5852295875549317,0.5468159556388855,0.0001915238157380797,0.5906057596206665,0.5060734927654267,-0.0030544114299118196,0.5927307963371277,0.4746761620044708,-0.00807578638195992,0.593665587902069,0.44940128922462463,-0.0130275991745293,0.5674099206924438,0.46875853538513185,-0.00414236504584546,0.5843215227127075,0.4378780543804168,-0.012882373481988901,0.5958144068717957,0.4162239670753479,-0.0185341239906847,0.6047563314437866,0.3988071322441101,-0.022175214812159484,0.5604823112487793,0.4760363399982453,-0.009672621404752101,0.592508852481842,0.4615549981594086,-0.02122665620408948,0.6030169725418091,0.48122546076774597,-0.02339110164903096,0.6047712802886963,0.4954442977905274,-0.022792203305289117,0.558499538898468,0.49250569343566897,-0.015587234962731561,0.5912740349769593,0.48199822902679446,-0.02730429600924248,0.5998608469963074,0.506138700246811,-0.02478296887129542,0.5996387362480163,0.5237564444541931,-0.020369827747344943,0.5598095297813416,0.5129747152328492,-0.02164387740194794,0.5852967381477356,0.5048052608966828,-0.029680836945772122,0.5949451684951782,0.519507783651352,-0.027697044610977137,0.5971587181091309,0.5324131429195404,-0.02422006204724308
0.5671411037445069,0.588651192188263,8.884478504000984e-08,0.5829018473625184,0.5447987437248231,-0.00232854063506232,0.5868278503417969,0.4987484633922577,-0.00678089903667564,0.5876663684844972,0.4638873338699341,-0.012359959259629242,0.5867612957954407,0.4349883139133453,-0.01774458587169644,0.5630596280097961,0.46635298132896424,-0.008282882347702901,0.5801798105239868,0.4388322174549102,-0.01861212290823456,0.5924187660217286,0.4185249149799347,-0.024792046099901145,0.6023527145385743,0.4022586524486541,-0.028673280775546962,0.5557291746139527,0.4779350936412811,-0.012774137780070242,0.593013346195221,0.4730254173278809,-0.02663860283792014,0.6034621477127076,0.5032907605171204,-0.02875715643167488,0.603671145439148,0.5248956799507142,-0.027661450207233398,0.553665828704834,0.49891059994697573,-0.017736857384443243,0.5906188011169434,0.4972980856895447,-0.03134944997727866,0.5969446063041688,0.5266675472259522,-0.028217574954032862,0.5938520073890686,0.5460741639137269,-0.02298744879662988,0.554678463935852,0.5239632606506348,-0.02300213165581224,0.5827999234199525,0.5225829124450684,-0.032440683245658845,0.5907793045043945,0.5407375812530518,-0.03052040860056874,0.5902437210083008,0.5542153716087341,-0.026738772541284525
0.5666067242622376,0.5931870698928833,6.594054795527883e-08,0.580413854122162,0.5461462020874024,-0.00324789356382092,0.5832381129264832,0.4967725217342377,-0.00771725205704564,0.5833842039108277,0.4591152727603912,-0.013007675856351842,0.5813788414001465,0.4269567787647247,-0.018069772049784622,0.560526967048645,0.46937425732612614,-0.008425879105925481,0.5778074264526367,0.44535939097404476,-0.01851257532835002,0.5905064463615417,0.426713103055954,-0.024295961484312963,0.6012452960014344,0.41234403252601626,-0.027932205796241706,0.5535631775856018,0.4831591784954071,-0.012306501343846261,0.592080545425415,0.4809626042842865,-0.026053176075220064,0.6023726582527161,0.5109206497669221,-0.0280778739601373,0.6027875185012818,0.5318941831588745,-0.027132967114448518,0.5516655445098877,0.5057005226612091,-0.016788245737552603,0.5900058746337891,0.5067284941673279,-0.030505284294486002,0.5953687071800232,0.5352808237075806,-0.02795588560402388,0.5917730927467346,0.5534958600997925,-0.023347413539886442,0.5528778195381164,0.5322610497474671,-0.021613101288676242,0.5818493962287903,0.5337092638015748,-0.031403846666216824,0.5887161493301392,0.5518230199813843,-0.03028593622148034,0.5870368599891663,0.5639724016189576,-0.027202196046709985
0.566268789768219,0.5998140931129455,4.333989735982869e-08,0.5781296730041504,0.5496332287788391,-0.0041545733343809396,0.5799783349037171,0.49584461450576783,-0.008591145556420019,0.5791167378425598,0.4549755215644836,-0.013551412522792803,0.5756350874900819,0.4196508288383483,-0.01828178800642486,0.5577449440956116,0.47422284483909605,-0.00872342698276036,0.5744740247726441,0.4546666622161865,-0.01859349347651,0.5869078636169434,0.43692793846130373,-0.024296024069189983,0.5977380990982055,0.423099285364151,-0.02803659476339812,0.5507127642631531,0.4907358705997467,-0.012098649889230682,0.5903647780418396,0.49254999160766605,-0.02569898478686804,0.6007529377937317,0.5208579301834106,-0.028006614372134163,0.6016017198562622,0.5405423521995545,-0.02761360332369802,0.5487728714942932,0.5155912458896637,-0.016180538758635482,0.5891371011734009,0.5204813599586487,-0.02974882051348682,0.5930208683013917,0.5469116926193238,-0.0280397187918424,0.588421380519867,0.5627322196960449,-0.0244415875524282,0.550096070766449,0.5444672465324402,-0.02067257724702356,0.5807602643966675,0.5490602970123292,-0.030585566908121083,0.5862795352935791,0.5661409974098205,-0.03038173504173752,0.5832432985305787,0.5762229561805725,-0.028257177025079704
0.5659045577049255,0.6057669878005982,3.316620009741201e-08,0.5767529606819153,0.5529220819473267,-0.00503500746563072,0.57778879404068,0.4950822234153748,-0.00945517783984536,0.575944972038269,0.4513523638248444,-0.014175548590719683,0.5711779356002809,0.4123905539512634,-0.01860571354627604,0.5552767157554627,0.48067876100540163,-0.00969075113534922,0.5711387038230896,0.4664186298847198,-0.01969298906624312,0.5828232288360595,0.45049629807472236,-0.02575843855738636,0.5929039359092713,0.437316220998764,-0.029891769587993583,0.5478060364723206,0.5002457678318024,-0.012635280564427321,0.5888137817382812,0.5065840423107147,-0.02626436762511726,0.5988430857658387,0.5313289403915405,-0.029221914708614304,0.5993998169898986,0.5483059644699098,-0.029602792114019363,0.5457273721694946,0.527474045753479,-0.01634099073708052,0.5879977464675903,0.5357743620872497,-0.029383761808276142,0.5913390040397645,0.5573946237564087,-0.02816033028066152,0.5860081911087036,0.569336211681366,-0.025326066836714702,0.5471767783164978,0.5579969882965088,-0.020575354248285257,0.5797945141792298,0.5642767906188966,-0.030225561931729303,0.5845775008201599,0.578396201133728,-0.030444673448801002,0.5803886771202088,0.5858335971832276,-0.02887997962534424
0.5657023191452026,0.6113879919052124,1.1675204802941156e-08,0.5764051914215088,0.5603689670562745,-0.006690531969070381,0.5781487345695496,0.5046385943889617,-0.01208187323063606,0.576519000530243,0.4630971729755402,-0.01740344967693088,0.5705894470214844,0.42831935882568356,-0.02209804654121394,0.5529052019119263,0.4879346549510956,-0.012739623337984021,0.5701881408691407,0.4778010070323944,-0.024015755206346457,0.5810436487197876,0.4705187857151032,-0.030823710188269585,0.5882038354873658,0.4640372335910797,-0.035248424112796745,0.5447834491729737,0.510883092880249,-0.015177996084093998,0.5872044801712036,0.5213018536567688,-0.02876327522099014,0.5963782668113708,0.5420832514762879,-0.032111823558807324,0.5954177498817445,0.5549121260643006,-0.03324773013591764,0.5425817131996155,0.5406754851341248,-0.01847939342260354,0.5865135192871094,0.5520465254783631,-0.030760200694203342,0.5893022537231446,0.5691278219223023,-0.02936072461307042,0.582815408706665,0.576910436153412,-0.026961660757660825,0.5440266013145447,0.5730144739151002,-0.022568108886480302,0.5785325646400452,0.580564022064209,-0.03179807737469672,0.582654333114624,0.5914458870887758,-0.03182771168649194,0.5774475693702698,0.5957235932350159,-0.03034478724002834
0.5632468342781067,0.6120975971221925,1.928744381984871e-08,0.5746843218803406,0.5649983525276184,-0.008600539341568899,0.5783910989761353,0.5147645533084869,-0.01564846392720932,0.5785524010658265,0.47795374393463136,-0.02243387214839456,0.5715065956115722,0.45101730823516845,-0.028401540592312764,0.5509401321411134,0.49703280925750737,-0.016297741793096,0.5679558277130128,0.48994781374931334,-0.02930952161550516,0.5776387691497803,0.48535357713699334,-0.03741963617503641,0.5826912999153138,0.48095786571502686,-0.04253684468567366,0.5415138244628906,0.5226513624191285,-0.0184209348633885,0.5849615335464478,0.5390268206596375,-0.032388713583350145,0.5922597646713257,0.5546281456947327,-0.03589123822748656,0.5886122226715088,0.5614789724349976,-0.037418407201766944,0.5390608906745911,0.5545007944107055,-0.02157852128148072,0.5843814849853516,0.5706591486930848,-0.03334881551563736,0.586154854297638,0.5811059951782227,-0.03097962290048594,0.5783763408660889,0.5831563353538514,-0.0283121813088655,0.5405719161033631,0.588091242313385,-0.02591295018792148,0.5764755368232727,0.5983372807502747,-0.03505156747996806,0.5802561521530152,0.6041809916496277,-0.03443902432918544,0.5747861266136169,0.6044715642929078,-0.032508990168571415
0.5607913494110108,0.6128072023391724,2.689968283675626e-08,0.5729634523391723,0.5696277379989624,-0.01051054671406742,0.578633463382721,0.5248905122280121,-0.01921505462378258,0.5805858016014099,0.49281031489372257,-0.02746429461985824,0.5724237442016602,0.47371525764465333,-0.034705034643411584,0.5489750623703004,0.5061309635639191,-0.01985586024820798,0.5657235145568849,0.5020946204662323,-0.034603288024663864,0.574233889579773,0.5001883685588836,-0.04401556216180323,0.5771787643432618,0.497878497838974,-0.04982526525855058,0.5382441997528077,0.5344196319580078,-0.021663873642683,0.582718586921692,0.5567517876625061,-0.03601415194571014,0.5881412625312805,0.5671730399131775,-0.03967065289616581,0.5818066954612733,0.5680458188056946,-0.04158908426761624,0.5355400681495667,0.5683261036872864,-0.024677649140357902,0.5822494506835938,0.5892717719078064,-0.03593743033707138,0.5830074548721313,0.5930841684341431,-0.032598521187901464,0.5739372730255128,0.5894022345542907,-0.02966270186007018,0.5371172308921814,0.6031680107116699,-0.02925779148936266,0.5744185090065003,0.6161105394363403,-0.038305057585239395,0.5778579711914062,0.6169160962104798,-0.03705033697187894,0.5721246838569641,0.6132195353507996,-0.0346731930971145
0.5572243571281433,0.6112639546394348,1.5511562523329307e-08,0.5692818880081176,0.570187473297119,-0.01275406768545504,0.5752377271652223,0.5278599858283997,-0.02222964018583292,0.5777174830436707,0.49810686707496643,-0.03067298904061314,0.5700004816055299,0.4809069097042084,-0.03784082531929011,0.5460719227790832,0.5167702555656434,-0.02352140527218574,0.5656713128089905,0.5198925256729126,-0.03954877704381936,0.5740195989608765,0.5227039635181426,-0.04973969385027883,0.5747768998146057,0.5240079045295716,-0.055771104246377885,0.5350754857063293,0.5486621737480163,-0.02414700035005804,0.5798431754112244,0.5756612658500672,-0.037955055758357004,0.5830275774002076,0.5794856786727905,-0.04136229231953617,0.5742963194847107,0.5749954581260681,-0.04367842376232144,0.532586669921875,0.5834848761558533,-0.02614124417304986,0.5787551522254945,0.6070985436439514,-0.03648060932755466,0.5789836406707763,0.6039417028427124,-0.032336275652050946,0.5692808508872986,0.5954218029975892,-0.029283510148525205,0.5343479514122009,0.6170657277107239,-0.030059486627578683,0.5715569019317627,0.631325101852417,-0.03876192308962344,0.5744149684906006,0.6273222327232362,-0.03718938715755932,0.5682380557060243,0.6204710125923159,-0.03471165075898164
0.5548869132995606,0.6115618348121643,2.617905892066152e-10,0.5662102818489074,0.572563374042511,-0.01413926053792234,0.5710394024848938,0.5326099157333374,-0.02417151220142836,0.5739074945449829,0.5043052911758423,-0.03278297074139114,0.5675854802131653,0.4876193642616272,-0.03981706202030176,0.5435731172561646,0.5282849311828615,-0.0264305550605058,0.5649202823638917,0.5363879680633545,-0.043645965307950924,0.5727748513221741,0.542194700241089,-0.05413409173488615,0.5717866659164429,0.5459987282752992,-0.05995867997407906,0.5322885036468507,0.5620483875274658,-0.026287114992737743,0.5776791572570801,0.5928649783134461,-0.039623852074146225,0.5791608810424805,0.5909664750099182,-0.042157591134309724,0.5688676834106445,0.5826358199119568,-0.04410515055060384,0.53025221824646,0.5976905107498169,-0.02764109522104258,0.5762642621994019,0.6234720945358276,-0.03747740611433978,0.5754697680473327,0.6159901022911072,-0.03200244754552838,0.5649271726608277,0.6046496629714966,-0.028098782151937444,0.5323971033096313,0.6305553793907166,-0.031184275075793223,0.5691642880439759,0.6467306971549988,-0.039910993725061406,0.5711669802665711,0.6389354348182679,-0.03796700760722154,0.5642894387245179,0.6294445991516114,-0.03503870442509646
0.5524881958961487,0.6123858332633972,2.7718069617321843e-09,0.5633010506629944,0.5744724869728088,-0.014969301410019363,0.566463828086853,0.5339938402175903,-0.02501465715467924,0.5687285900115967,0.5040435433387757,-0.0333694744855165,0.5632138013839723,0.483852481842041,-0.040128078311681685,0.5406584143638611,0.5401576876640319,-0.028325348347425405,0.5616848230361939,0.5534627079963684,-0.04562888666987414,0.5688898921012878,0.555327296257019,-0.05593838915228841,0.56775461435318,0.5551162600517273,-0.06162408366799348,0.5295129895210267,0.5750099897384644,-0.02765603773295876,0.5754096508026123,0.6086347103118898,-0.04042155668139454,0.5756932616233826,0.6016311407089234,-0.041943540424108465,0.5645976066589355,0.5908034443855286,-0.043216703087091426,0.5280927777290345,0.6107254266738892,-0.02849999554455276,0.5739129304885865,0.6378345489501953,-0.03770607709884638,0.5724456191062928,0.6263266801834106,-0.03062626756727692,0.5616363167762757,0.6131609916687012,-0.02558879628777498,0.5308858156204224,0.6427678227424622,-0.03177586309611794,0.5674807786941529,0.6599852442741394,-0.0404966205358505,0.5689362764358521,0.6492299318313599,-0.0379966996610164,0.5618123173713684,0.6383586287498475,-0.03443729095160956
0.5524660825729371,0.6168825745582581,-2.543716455249978e-08,0.56213858127594,0.5780604839324952,-0.015265945717692343,0.5625432014465332,0.534265685081482,-0.024575047567486703,0.5627952218055725,0.5004431724548339,-0.03189550377428526,0.5583143115043641,0.4736095070838928,-0.03749430105090134,0.5379051804542542,0.5487016320228577,-0.028978897258639284,0.5614714980125428,0.5666616797447205,-0.046015519648790325,0.568462586402893,0.5693826913833618,-0.05579823628067966,0.5662570714950562,0.5687655448913574,-0.06108800694346422,0.5275691986083985,0.5847697019577026,-0.027750540524721104,0.5742690443992615,0.6186220169067383,-0.03964080363512036,0.5739069223403931,0.6082891702651978,-0.04036300480365748,0.5627466678619385,0.5970916867256164,-0.04122477173805234,0.5269469618797302,0.6206110954284668,-0.0280266165733337,0.5726757764816285,0.6464282989501953,-0.03650472313165658,0.5707117795944214,0.6333952307701112,-0.02845407575368876,0.5596102833747864,0.6202724695205689,-0.022761644423007904,0.5304187178611756,0.6520322799682616,-0.03084001205861566,0.5668080449104309,0.6678668260574341,-0.03928253874182698,0.5674719810485841,0.6558074831962586,-0.036555963754653885,0.5596494317054749,0.6445604562759399,-0.03273566961288448
0.5528671145439148,0.6245509147644044,-5.832179859055486e-08,0.5616704344749451,0.5847843647003175,-0.015525928698480101,0.5585502743721009,0.5371714472770692,-0.023839668929576823,0.5564391732215882,0.499168074131012,-0.02988152429461472,0.5529259324073792,0.46558185219764703,-0.03399313837289804,0.5354993343353271,0.5596808910369874,-0.029699320718646005,0.5605207085609436,0.5821511507034303,-0.04631431177258488,0.5668811678886414,0.5872720360755921,-0.05529062747955318,0.563986599445343,0.5883267879486085,-0.05993109941482538,0.5251261830329895,0.5967392921447754,-0.027786530181765502,0.5730629444122315,0.6318653702735901,-0.03870412930846211,0.5714773297309876,0.6177651286125183,-0.03836487606167788,0.5600086569786072,0.6061951279640198,-0.0385562218725681,0.5250942587852478,0.6328855395317078,-0.02736864164471622,0.5710687756538392,0.6583716034889221,-0.03495766520500176,0.5682746171951294,0.6439623594284059,-0.025649692118167818,0.5569216012954712,0.631644332408905,-0.019029582291841443,0.5292425513267518,0.664076280593872,-0.02961916774511336,0.5656516075134278,0.6789445757865906,-0.03784405738115306,0.5652345895767212,0.6656296372413636,-0.03493711277842518,0.5565109729766846,0.6541954159736634,-0.030781871452927566
0.5539130330085755,0.6359360098838807,-7.995464557097876e-08,0.5628309607505798,0.5959639072418214,-0.01572361122816798,0.557570254802704,0.5485851049423218,-0.02408764027059074,0.5546077609062195,0.5094855844974517,-0.030276713892817442,0.5507827043533325,0.47446351647377016,-0.03442728593945496,0.5340172290802002,0.5682796716690064,-0.030541086941957424,0.5564122676849366,0.5898368120193482,-0.04726904109120365,0.5624800443649292,0.5990331292152404,-0.055869515985250445,0.5610158324241639,0.6047800302505494,-0.060130885243415755,0.522924280166626,0.6050696730613709,-0.02862803749740118,0.5721882462501526,0.6424470543861389,-0.03968951553106304,0.5703960776329041,0.6272670388221742,-0.03860865831375116,0.5596056461334229,0.6150172352790833,-0.03797540962696072,0.5230625629425049,0.6423070073127747,-0.0282485563308,0.5704380154609681,0.6696118354797362,-0.0355554431676864,0.567304813861847,0.6544963836669923,-0.02491528950631612,0.5565032362937927,0.6417808890342713,-0.01719508394598954,0.5278049588203431,0.6754066944122314,-0.03071733638644216,0.5647651314735412,0.6911915779113771,-0.03915207982063288,0.5644217252731324,0.6765126705169678,-0.03573935627937314,0.5560943007469178,0.6631490826606752,-0.03081809394061562
0.5546348929405213,0.6502993106842041,-4.322529179034973e-08,0.5638931393623352,0.6120577335357666,-0.015310583636164641,0.5607432246208192,0.5688914656639099,-0.024263944476842846,0.5589329481124878,0.538292920589447,-0.031325914338231044,0.554542922973633,0.5124593198299408,-0.036680468171834874,0.534795880317688,0.5750442743301392,-0.03007363937795156,0.5531967878341675,0.5853957891464233,-0.046678406000137285,0.5578896284103394,0.5885591030120849,-0.0555362798273563,0.5570113658905029,0.5905514121055603,-0.06028820946812622,0.5220501303672791,0.6108360886573792,-0.02883475124835962,0.5677123546600342,0.6460994601249695,-0.04119959995150562,0.5671946525573731,0.6352950930595399,-0.04106607660651203,0.5582794785499574,0.6262199640274049,-0.04058686345815654,0.5215562582015991,0.6491408228874206,-0.0290414530783891,0.5682993292808534,0.6782493710517883,-0.0372628584504127,0.566359281539917,0.6638158202171326,-0.027420253679156237,0.5566968441009522,0.6509722709655762,-0.020014044269919342,0.5263221025466919,0.6841431260108948,-0.032013243064284304,0.5632934451103211,0.7006020665168762,-0.041306522488594004,0.5643307089805604,0.6860604524612427,-0.03820311054587361,0.5570330858230591,0.6713463544845581,-0.033319710567593544
0.5537085413932801,0.6680300593376161,1.9447710997155823e-09,0.564156687259674,0.6331936597824097,-0.015021377615630601,0.564385986328125,0.5944278836250306,-0.024853423610329606,0.5640460014343263,0.5696828842163086,-0.033159620687365485,0.5589773893356323,0.5510484755039216,-0.04011169970035548,0.5378512024879456,0.5817453384399414,-0.028584941849112463,0.5507225394248962,0.5789743542671204,-0.04503643736243242,0.5540807127952576,0.5763723373413085,-0.05432534292340274,0.55373694896698,0.5744686841964721,-0.05971584022045128,0.5233709812164307,0.6144315361976624,-0.02811437807977194,0.5627394437789918,0.641528058052063,-0.042406429350376085,0.5647385478019715,0.6373932242393494,-0.044136998802423444,0.5586162567138673,0.6331695079803468,-0.04428230375051495,0.521050786972046,0.6525123119354248,-0.0290081858634948,0.5650596141815185,0.6810572743415833,-0.038979930430650664,0.5653731942176818,0.6718051075935364,-0.03112803921103472,0.5574893236160279,0.6619077563285829,-0.02464256696403022,0.5244896054267885,0.6888544201850891,-0.03242254741489884,0.5602914690971375,0.7058373212814332,-0.042260026186704575,0.5636494636535645,0.6941894173622132,-0.03968357667326922,0.5580870747566223,0.6806345701217652,-0.0352118000388145
0.5527821898460388,0.6857608079910279,4.7114833989780894e-08,0.5644202351570129,0.6543295860290528,-0.014732171595096561,0.5680287480354309,0.6199643015861512,-0.025442902743816366,0.5691590547561646,0.6010728478431702,-0.03499332703649992,0.5634118556976319,0.5896376311779022,-0.04354293122887608,0.5409065246582032,0.5884464025497437,-0.027096244320273362,0.548248291015625,0.5725529193878174,-0.04339446872472756,0.5502717971801758,0.5641855716705322,-0.05311440601944919,0.550462532043457,0.558385956287384,-0.05914347097277634,0.5246918320655822,0.6180269837379456,-0.02739400491118426,0.5577665328979493,0.6369566559791565,-0.04361325874924654,0.5622824430465698,0.6394913554191589,-0.04720792099833487,0.5589530348777771,0.6401190519332884,-0.047977744042873346,0.5205453157424927,0.6558838009834289,-0.028974918648600502,0.5618198990821839,0.6838651776313782,-0.040697002410888625,0.5643871068954468,0.6797943949699403,-0.0348358247429132,0.5582818031311035,0.6728432416915893,-0.029271089658141104,0.5226571083068848,0.6935657143592835,-0.03283185176551338,0.5572894930839538,0.71107257604599,-0.04321352988481515,0.5629682183265686,0.7023183822631835,-0.041164042800664845,0.5591410636901856,0.6899227857589721,-0.037103889510035466
0.5487041711807251,0.7020398855209351,1.1713508172306322e-07,0.5627659440040589,0.6766981840133667,-0.014781292527914021,0.5714630722999573,0.6467975735664369,-0.025497180595993985,0.574532973766327,0.631687068939209,-0.035323168337345084,0.5680550932884216,0.6235664367675782,-0.044400078803300824,0.5455959558486939,0.5950459003448487,-0.02338369246572252,0.5480233430862427,0.5663490295410156,-0.03827791996300214,0.5485175371170044,0.5506804585456848,-0.047419660910963966,0.5482458114624023,0.5382628321647644,-0.053207062557339604,0.5288846015930176,0.6163730263710022,-0.02395791988819832,0.5515141844749452,0.6187713265419007,-0.04022206515073772,0.5576211094856263,0.6192572116851807,-0.04522214792668817,0.5575188517570495,0.6182781696319579,-0.04643782563507553,0.5220054030418396,0.6483759760856628,-0.025911076553165838,0.5565605759620667,0.6712218284606934,-0.03976610153913493,0.5625158548355103,0.6774632930755616,-0.03695671893656248,0.5599953532218933,0.6778433561325073,-0.03239045329391954,0.5209809184074402,0.6824093937873841,-0.029811102524399696,0.5518540024757386,0.6987825989723206,-0.04107022508978838,0.5602614641189576,0.6979925155639648,-0.040091490000486306,0.5595696091651917,0.691679859161377,-0.0365998595952987
0.543695342540741,0.7157942056655884,1.7939433689662111e-07,0.5608176469802857,0.6986557841300964,-0.014703156426548921,0.5749231219291687,0.674055027961731,-0.02513405717909334,0.5795210719108582,0.6620991230010986,-0.035046617314219417,0.5731440901756287,0.6564738512039184,-0.04435909986495968,0.5507974386215211,0.6015999794006348,-0.01809463333338494,0.5499070048332214,0.5618412852287293,-0.03128842525184148,0.5478829383850098,0.5354992032051087,-0.03990717716515058,0.5459264993667603,0.513088357448578,-0.04553815387189382,0.5340503096580506,0.6138011932373048,-0.018952570762485223,0.5468416810035706,0.600258469581604,-0.035144328698515866,0.5532747745513916,0.598048985004425,-0.041704440116882305,0.5546226501464844,0.594787883758545,-0.04347833469510073,0.5246941924095154,0.6381598591804505,-0.021382883097976382,0.5521549344062806,0.6552361130714417,-0.037880690395832,0.560950756072998,0.6734957098960876,-0.0385115578770637,0.5609854698181153,0.6836868405342102,-0.03494714610278604,0.5205585837364197,0.6667424440383912,-0.02540665231645102,0.5469377040863037,0.6805535078048707,-0.03797297663986678,0.557179594039917,0.688172459602356,-0.03845950365066521,0.5588384628295899,0.6902734279632569,-0.035676910728216105
0.538240122795105,0.7244268298149108,1.9289453518922532e-07,0.5583265066146851,0.7128524780273438,-0.01532176360487934,0.5749640107154846,0.6891469240188599,-0.025070660933852164,0.5792830348014832,0.6710701584815979,-0.03443445488810534,0.5723216891288757,0.6586125016212464,-0.0430855073034763,0.5535835385322572,0.6073435306549073,-0.01463916935026642,0.5519104361534118,0.568285357952118,-0.02645025476813308,0.548922598361969,0.5419090867042542,-0.034121498838067005,0.5461174488067627,0.5182807803153993,-0.03898617848753924,0.5381155133247375,0.6119532108306885,-0.015068788919597821,0.5451848030090332,0.5873147606849671,-0.030301297828555077,0.5504897952079774,0.5773072957992554,-0.03733197376132008,0.5518649816513062,0.5675757765769959,-0.03933583535253997,0.5270210146903992,0.6283429145812988,-0.01732275756075972,0.5493497967720031,0.6404842495918274,-0.03562526851892464,0.5596777319908142,0.6703473091125488,-0.03857045173645014,0.5617360591888428,0.6906145095825196,-0.03546957261860369,0.5202258706092835,0.6508477330207825,-0.02100100312381976,0.5429499387741089,0.6632100105285644,-0.03456318341195578,0.5538420081138611,0.6792442798614503,-0.03634851649403564,0.5574444293975831,0.6905126571655273,-0.034183175861835405
0.5347372174263001,0.7276896953582763,1.981446104082352e-07,0.5571230530738831,0.7194639921188355,-0.015571115352213342,0.5749687194824219,0.6958975911140443,-0.024180851131677582,0.5785956740379334,0.6746462941169739,-0.032499416545033424,0.5711389541625976,0.6573264598846436,-0.039976914972066846,0.5556365489959717,0.6109881520271302,-0.011608742363750901,0.553473436832428,0.5740110874176025,-0.02206766419112674,0.5495428681373596,0.5471455454826355,-0.02889139167964454,0.5463451743125916,0.5225208401679993,-0.0329891618341207,0.5409627676010131,0.6094056129455566,-0.011492188181728081,0.5442297101020813,0.5801812648773194,-0.025112638249993297,0.5473872184753419,0.5601734042167663,-0.03200216293334956,0.5484676718711854,0.5426066637039184,-0.03402298539876932,0.5288781881332397,0.6189271688461303,-0.013444208260625541,0.5477421641349793,0.6290008187294007,-0.03287268802523606,0.5586671471595764,0.6660383105278015,-0.0375689342617988,0.5623903512954712,0.6931461453437806,-0.03475556187331674,0.5203855633735658,0.6354914665222169,-0.01672287285327904,0.5404362440109254,0.6470187425613403,-0.03153756968677038,0.5511905670166016,0.668973994255066,-0.0346839100122451,0.5561376333236694,0.6871137619018555,-0.03306158632040016
0.5315464615821838,0.7312107563018799,2.1319039547051947e-07,0.5559219002723694,0.7265419244766236,-0.0168066937476396,0.574960482120514,0.7032433509826661,-0.024755013734102202,0.5780306696891785,0.6787815451622009,-0.03230178542435166,0.570117461681366,0.6560248732566833,-0.038798777014017065,0.5576868414878846,0.6154104471206665,-0.00946884825825686,0.5551195859909057,0.5802785158157349,-0.01885787695646278,0.5503403186798096,0.5527819514274598,-0.02498966120183464,0.54683598279953,0.5272219300270081,-0.0284139651805162,0.5437592506408692,0.60786691904068,-0.00842067571356888,0.5432515025138855,0.5732418894767761,-0.0206163544207811,0.5443304061889649,0.5432382941246032,-0.02740656062960618,0.5452138900756837,0.5179372072219849,-0.029473107308149282,0.5307057976722718,0.6107174038887023,-0.0097769333980977,0.5455619812011719,0.6166502952575684,-0.03045258149504656,0.5571609735488892,0.6605354189872743,-0.03671303093433374,0.5627013802528381,0.6941768527030945,-0.03406474553048608,0.5204691410064698,0.6213636636734009,-0.012449968978762563,0.5373927831649781,0.6303908944129943,-0.028684752434492058,0.5480551362037659,0.6578938722610475,-0.03314908742904656,0.5544049978256226,0.6824273586273194,-0.03202031552791588
0.5309654831886291,0.733381474018097,2.0586151663337663e-07,0.5559754014015198,0.7297219038009644,-0.0173586290329694,0.575458836555481,0.7069175124168396,-0.025533394515514323,0.577839481830597,0.6814536571502686,-0.03335752524435516,0.5693604946136475,0.6575975060462953,-0.04011380225419994,0.5580254554748536,0.6180211663246155,-0.00901668611913914,0.5555259108543396,0.584282374382019,-0.018557958677411,0.5504753828048705,0.5559866666793823,-0.02519924566149706,0.5473127603530884,0.5300301671028137,-0.029036880657076797,0.5444357514381409,0.6098543882369996,-0.0077916056849062,0.5438644170761109,0.5772403001785278,-0.02040904313325878,0.5443436980247498,0.5464165091514588,-0.02786760292947286,0.5448419094085694,0.5198140144348145,-0.030463476851582485,0.5314263224601745,0.6114314913749695,-0.00908251246437424,0.54593163728714,0.617329478263855,-0.03062034882605072,0.5574813961982727,0.6626922965049744,-0.037620792537927585,0.5629756927490235,0.6976692438125611,-0.03530636020004747,0.5210792660713196,0.6208334088325501,-0.011713556572794862,0.5372146368026735,0.6284023880958557,-0.02879135534167286,0.5478748679161072,0.6561388373374939,-0.03385159224271768,0.5545530676841736,0.6819775104522705,-0.033042055368423404
0.5321947932243348,0.7346578478813172,2.1714806734962625e-07,0.5568520188331604,0.7304755806922913,-0.01748120076954358,0.5761327981948854,0.707679033279419,-0.02603942900896068,0.5782984495162964,0.6819244265556336,-0.03425906673073764,0.5690895915031433,0.65809166431427,-0.041421024501323664,0.557988452911377,0.6187498807907104,-0.009172511193901261,0.5555332064628601,0.5854391574859619,-0.018790730088949142,0.5506292462348938,0.5571184277534486,-0.025494918227195698,0.5477309465408325,0.5313106298446656,-0.029400711879134137,0.5444984436035156,0.6107572436332702,-0.0079355483874678,0.5440884113311768,0.5790360927581788,-0.0206611536443233,0.5443427085876466,0.5482165455818176,-0.02820862010121338,0.5447421908378601,0.5214991927146911,-0.030876315385103183,0.5315682411193847,0.6125491738319397,-0.009207089152187039,0.5462034821510315,0.618278968334198,-0.03088954314589496,0.5576518177986145,0.6642068147659302,-0.037940102070569935,0.5631226181983948,0.6996536374092103,-0.03566087335348126,0.5212402582168579,0.6222096681594849,-0.01179957687854762,0.5374318361282349,0.6299548268318177,-0.02915034890174862,0.5482362151145935,0.6587234139442445,-0.03431138992309564,0.5550517916679383,0.6855415463447571,-0.0335181381553411
0.5329465508460999,0.7351990580558778,2.243370971655168e-07,0.5571210980415344,0.7310678362846376,-0.018202787265181482,0.5763935565948486,0.7082110881805421,-0.026905840262770618,0.578825831413269,0.6825257301330567,-0.03504192344844336,0.5695050239562989,0.6585295081138611,-0.042042127251625025,0.5583211541175843,0.6195810079574585,-0.00972526120021934,0.5558335185050964,0.585923182964325,-0.0192995518445968,0.5509946584701538,0.5577750444412232,-0.026019403710961304,0.5481811046600342,0.5320043802261353,-0.0299489680677652,0.5446925759315491,0.6119574189186097,-0.008087935112416681,0.5441285729408265,0.5793471097946168,-0.020677443593740397,0.5445418238639832,0.5488058686256408,-0.028217868506908342,0.5451508164405824,0.5224868893623352,-0.030916754901409105,0.531691038608551,0.6141376733779909,-0.00899551352486008,0.5455264329910279,0.6183502197265625,-0.030419768765568702,0.5570977926254272,0.6633590817451478,-0.03726548254489894,0.562827730178833,0.6980368614196777,-0.03491524979472156,0.5212645173072815,0.6240379691123963,-0.01128461509943004,0.5369311451911927,0.6301569223403931,-0.028397408127784702,0.5477679252624512,0.6580481290817262,-0.03335206657648081,0.5546474575996398,0.6837956428527832,-0.03245399110019202
0.533698308467865,0.7357402682304381,2.315261269814073e-07,0.5573901772499085,0.7316600918769838,-0.018924373760819378,0.576654314994812,0.7087431430816651,-0.02777225151658056,0.5793532133102417,0.6831270337104799,-0.03582478016614908,0.5699204564094543,0.6589673519134522,-0.042663230001926386,0.5586538553237915,0.6204121351242066,-0.01027801120653742,0.5561338305473328,0.586407208442688,-0.019808373600244462,0.5513600707054138,0.5584316611289979,-0.026543889194726902,0.5486312627792358,0.5326981306076051,-0.03049722425639626,0.5448867082595825,0.613157594203949,-0.00824032183736556,0.5441687345504761,0.5796581268310548,-0.020693733543157497,0.5447409391403198,0.5493951916694642,-0.028227116912603302,0.5455594420433045,0.5234745860099793,-0.030957194417715026,0.5318138360977174,0.6157261729240417,-0.008783937897533121,0.5448493838310242,0.6184214711189271,-0.029949994385242443,0.55654376745224,0.6625113487243653,-0.03659086301922794,0.5625328421592712,0.6964200854301453,-0.03416962623596186,0.5212887763977051,0.6258662700653077,-0.01076965332031246,0.5364304542541505,0.6303590178489684,-0.027644467353820784,0.5472996354103088,0.6573728442192078,-0.03239274322986596,0.5542431235313416,0.6820497393608094,-0.03138984404504294
0.5345230817794799,0.7361318588256837,2.3207828121485365e-07,0.5578709721565247,0.731757390499115,-0.01885028332471844,0.5769301295280457,0.7085355639457702,-0.02751191370189188,0.5797141671180726,0.683197820186615,-0.035334473848342846,0.5703669548034669,0.659380877017975,-0.041934843361377684,0.5590157270431519,0.6203846096992494,-0.0101599582470953,0.556384038925171,0.5862173080444335,-0.019517597183585124,0.5516340494155885,0.5585577011108399,-0.02622678242623802,0.5489058732986449,0.5328561186790467,-0.030187844857573462,0.5450495958328246,0.6135618805885314,-0.008133140578865942,0.5442432165145874,0.579737389087677,-0.02042259424924844,0.5450112104415894,0.54987131357193,-0.02796887718141072,0.5459829807281494,0.5242946982383728,-0.030734864622354467,0.5318284749984742,0.6165796399116517,-0.00866541629657144,0.5445836424827577,0.6189422965049745,-0.02965184375643728,0.5564427256584168,0.6626376867294312,-0.036275699734687764,0.5626380920410157,0.696143388748169,-0.03388196453452104,0.5212693572044373,0.6271756649017334,-0.0106234703212976,0.5363706946372986,0.6307068705558777,-0.027238214388489702,0.5472896575927735,0.6569374918937684,-0.031817896664142545,0.5542747974395752,0.6808202266693115,-0.030755500122904716
0.5348919868469239,0.73566232919693,2.3668928292863713e-07,0.5580408930778504,0.7315473914146423,-0.0197283539921045,0.5768112897872926,0.7085189938545228,-0.02875406220555304,0.5798579931259156,0.6836357831954956,-0.03671018555760378,0.57091383934021,0.6599023818969727,-0.043396826088428465,0.5591042518615723,0.6199834942817688,-0.01128855245187874,0.5564995527267457,0.5861645579338074,-0.020906006172299343,0.5517688274383545,0.5587737679481506,-0.02778526134788986,0.5489176392555237,0.5331591129302979,-0.03186789378523822,0.5450019717216491,0.6132572531700134,-0.00889060441404576,0.5442159652709961,0.5796332359313965,-0.021579734236001902,0.5452052593231201,0.5500150680541992,-0.029260546341538362,0.5463496208190918,0.5245855927467347,-0.03207896053791041,0.531792938709259,0.6165175557136536,-0.009101533796638202,0.5445282459259033,0.6190190672874452,-0.030403935536742182,0.556405508518219,0.6622433423995973,-0.03709311261773104,0.5627380132675172,0.6951842427253724,-0.03470761552453035,0.5214500784873962,0.6272538423538208,-0.01079225149005646,0.5366957545280457,0.6306745886802674,-0.027535625174641584,0.5473666548728943,0.6563036918640136,-0.0321507088840007,0.5541607975959778,0.6792277693748474,-0.03113017417490476
0.5348970651626587,0.7343550562858583,2.3819927719159753e-07,0.55771484375,0.7310850381851197,-0.02081719599664208,0.576548194885254,0.7086893677711488,-0.03033782579004762,0.5797717809677124,0.6844009876251222,-0.038486216962337436,0.5714378476142884,0.6605415344238281,-0.04534377381205556,0.5592499256134034,0.6204788327217102,-0.0133273476734757,0.5567693233489991,0.5864954471588135,-0.02369637675583358,0.552143931388855,0.5591554522514344,-0.031042926385998683,0.5492688417434692,0.5333056688308716,-0.03541412949562068,0.5449144721031189,0.6136653184890747,-0.010528246127068961,0.5441016793251038,0.5793604850769043,-0.023910304158925942,0.5453177332878113,0.5501052379608155,-0.03178499676287168,0.546594214439392,0.5249046087265015,-0.034693688154220526,0.5316102981567383,0.6169360399246216,-0.01036767400801178,0.5443781018257141,0.6187309741973878,-0.0321708336472511,0.5562531471252442,0.661637830734253,-0.03875993713736528,0.5626302003860474,0.6938063979148865,-0.03628040775656692,0.5213873624801636,0.6276932954788208,-0.01175540871918196,0.5369671940803529,0.6303960084915161,-0.0287957392632961,0.5474750876426697,0.6552919507026673,-0.03334918543696396,0.5540660500526429,0.6770126938819886,-0.03229245319962494
0.5349530935287475,0.7332702994346618,2.435252611121542e-07,0.557554054260254,0.7306557297706605,-0.0214906200766563,0.5761433482170105,0.7090929388999939,-0.031571536138653725,0.5793944954872131,0.685471785068512,-0.040149166435003214,0.5721673369407654,0.6611852288246156,-0.04740027412772176,0.5592027425765992,0.6205034375190734,-0.01464947834610936,0.5568649649620057,0.5866049408912659,-0.025646046176552743,0.5523920416831971,0.5591944813728333,-0.03334373310208316,0.549553120136261,0.5333897352218628,-0.037915162369608825,0.5448515176773072,0.6135539293289185,-0.011696046032011482,0.5442772030830384,0.5791936397552491,-0.0256936285644769,0.5456221222877502,0.5501526713371276,-0.03372696228325362,0.5469357013702393,0.5250167131423951,-0.03667763434350484,0.5315730214118958,0.6166819095611572,-0.011412255093455281,0.5446068406105042,0.6181940197944641,-0.0336681958287954,0.5563724875450134,0.6611091256141662,-0.04017142951488488,0.5626250624656678,0.6930194973945618,-0.03759266808629028,0.5214456558227539,0.6274540424346924,-0.01272330358624454,0.5373989701271058,0.6302260994911194,-0.03008668571710584,0.5478971242904663,0.6550703883171081,-0.03461992517113678,0.5543303489685059,0.6765606760978699,-0.03350516930222504
0.5350001573562622,0.732621967792511,2.45074502913667e-07,0.5574796795845032,0.7303501367568971,-0.02151935473084444,0.5758358478546143,0.7091333985328674,-0.03166132085025306,0.5792842030525208,0.68579398393631,-0.040284918248653344,0.5726235032081605,0.6614223003387452,-0.04754428416490552,0.5593305587768556,0.6201353907585144,-0.014656375907361479,0.557010018825531,0.5863662838935851,-0.025600813701748822,0.5526151537895203,0.5588370323181152,-0.03324294425547118,0.5498896837234497,0.5332341909408569,-0.0377565655857324,0.5450254678726196,0.6132319927215577,-0.01165280211716888,0.5444779992103577,0.5788692474365235,-0.02547592818737024,0.5458649039268494,0.5499610781669617,-0.0333536501973867,0.5472170114517212,0.5248933076858521,-0.036200794577598505,0.5317865610122681,0.616381311416626,-0.011320373602211442,0.5448496580123902,0.617951500415802,-0.033323833346366835,0.5565606832504273,0.6605645656585694,-0.039649965614080365,0.5626774907112122,0.6923086524009705,-0.03699847236275666,0.521673321723938,0.6273049116134644,-0.012602644786238642,0.5376515746116639,0.6299175858497619,-0.029745345190167402,0.5481215000152588,0.6544686675071716,-0.03412944376468652,0.5543856859207154,0.6758369207382202,-0.0329294849187135
0.5348547101020813,0.7315183758735656,2.4391104886944963e-07,0.5572011828422546,0.7296524524688721,-0.02144548743963234,0.5753676533699036,0.7089265823364258,-0.03160489350557322,0.5789967298507691,0.6861108779907228,-0.040229028463363584,0.5731029391288758,0.6618724822998048,-0.04746168628334996,0.559221374988556,0.6196453094482421,-0.014766848273575259,0.5570662379264831,0.5859156489372254,-0.02572502531111236,0.5528354048728943,0.5584709167480469,-0.03334847763180728,0.5501850962638855,0.5329541325569154,-0.037851143255829764,0.5450183987617493,0.6127199530601501,-0.011772748827934242,0.5445610523223877,0.5783872604370117,-0.02558862902224058,0.5460686445236206,0.549700438976288,-0.033397164568304986,0.5474991798400879,0.5248160600662232,-0.0361933730542659,0.5318863034248351,0.615825068950653,-0.011424905620515301,0.5452123165130616,0.6177905917167663,-0.03328866809606548,0.5567591071128846,0.6599585056304932,-0.03949918374419206,0.562646472454071,0.6912168383598328,-0.03681934550404542,0.5219320178031922,0.6268033981323242,-0.012689803726971122,0.5382352948188782,0.6302783608436584,-0.029706272855401,0.5486168146133423,0.6548997282981873,-0.03401495665311806,0.554639184474945,0.6760394811630249,-0.03277559094130986
0.5350862264633178,0.7305890083312988,2.423145105012737e-07,0.5571962356567384,0.7286352753639221,-0.02103498466312878,0.5752025127410889,0.7079674124717713,-0.030995815619826263,0.5788604021072388,0.6852796792984008,-0.03947334885597222,0.5731432557106019,0.6613004565238954,-0.04658117517828938,0.5592314839363098,0.6191123485565185,-0.014300237037241419,0.5571476697921753,0.5853602886199951,-0.025060528516769362,0.5529677391052247,0.5580625772476198,-0.03256868906319138,0.5503945827484131,0.5326252341270448,-0.036989543214440285,0.545068097114563,0.6123329639434816,-0.011413148790597882,0.5446465373039246,0.5775780320167542,-0.024886057525873122,0.5462278604507447,0.5489377856254578,-0.03250318653881547,0.5477570533752442,0.5241774916648866,-0.03520019203424449,0.5319458484649658,0.6154778242111206,-0.01113190874457356,0.5452411055564881,0.6168599486351013,-0.03258242942392822,0.556638240814209,0.6586013913154602,-0.038657119125127745,0.562406849861145,0.6896226525306702,-0.035971804708242364,0.5219859004020692,0.6265219688415528,-0.012433173507451982,0.5383187174797058,0.6298686265945436,-0.02910094223916526,0.5486518502235412,0.6546296954154969,-0.03321809098124498,0.5545564293861389,0.6759120821952821,-0.031888856738805704
0.5352631449699402,0.7301478505134582,2.39329543205713e-07,0.557366406917572,0.7281562685966492,-0.02048059701919548,0.5754383325576783,0.706762731075287,-0.02997214756906028,0.5791932821273804,0.6838552117347718,-0.03804087489843362,0.5730244636535644,0.6603915452957154,-0.04474862962961194,0.5589731454849244,0.6186094880104065,-0.013336008228361559,0.5571583390235901,0.5848972916603089,-0.023559647798538162,0.5531533002853394,0.5575567841529847,-0.03073805421590802,0.5507293701171876,0.5321381092071533,-0.03497488982975478,0.5448195815086365,0.6120397806167603,-0.010604806989431342,0.5443282485008241,0.5767055034637452,-0.0235297985374927,0.546122407913208,0.5480823636054992,-0.030878444015979726,0.5478755235671997,0.5234419226646423,-0.033444231003522826,0.5318134546279907,0.6153842329978944,-0.0104491930454969,0.5454465866088868,0.6161115646362305,-0.03144865036010738,0.5569090127944947,0.6577354431152344,-0.037396825850009884,0.5625869750976562,0.6885189175605775,-0.03470288440585132,0.5220727920532227,0.6264974355697632,-0.01183594595640894,0.5386171221733094,0.6291291475296021,-0.02811870686709876,0.5487990260124207,0.653752875328064,-0.03208709135651584,0.5545021295547485,0.6747259974479676,-0.03074087388813488
0.5354400634765626,0.7297066926956176,2.3634457591015237e-07,0.5575365781784057,0.7276772618293762,-0.019926209375262183,0.5756741523742676,0.7055580496788026,-0.028948479518294302,0.5795261621475221,0.6824307441711426,-0.03660840094089502,0.572905671596527,0.6594826340675355,-0.042916084080934495,0.5587148070335388,0.6181066274642945,-0.012371779419481699,0.5571690082550049,0.5844342947006226,-0.022058767080306962,0.5533388614654542,0.5570509910583497,-0.028907419368624662,0.5510641574859619,0.531650984287262,-0.03296023644506928,0.54457106590271,0.6117465972900391,-0.009796465188264802,0.5440099596977235,0.5758329749107362,-0.022173539549112282,0.5460169553756714,0.5472269415855409,-0.029253701493143984,0.5479939937591553,0.5227063536643982,-0.031688269972801164,0.5316810607910156,0.615290641784668,-0.00976647734642024,0.5456520676612855,0.6153631806373596,-0.03031487129628654,0.5571797847747804,0.6568694949150086,-0.03613653257489202,0.5627671003341674,0.6874151825904847,-0.033433964103460286,0.5221596837043763,0.6264729022979737,-0.0112387184053659,0.5389155268669128,0.6283896684646606,-0.02713647149503226,0.5489462018013,0.6528760552406311,-0.0309560917317867,0.5544478297233582,0.6735399127006532,-0.029592891037464063
0.5348959684371949,0.7282431364059447,2.4166440653061733e-07,0.5569636821746826,0.7268154740333558,-0.02052688561379902,0.5751411199569701,0.704807984828949,-0.0299839239567518,0.5791074514389039,0.6822312593460084,-0.03794740512967104,0.5731370210647584,0.6593645691871644,-0.044540927559137314,0.5578460812568665,0.6185188055038453,-0.01384325940161938,0.5569666743278503,0.5849593758583069,-0.02418224737048144,0.5534817814826966,0.5574447393417359,-0.031289707496762256,0.551182746887207,0.5317778944969177,-0.03552133589982982,0.5438235759735108,0.611861538887024,-0.011181457713246301,0.5438151955604553,0.5756864190101625,-0.024505906924605345,0.5462346553802491,0.5468636393547058,-0.03179652430117124,0.5484160304069519,0.5220471620559692,-0.034256718307733504,0.5312874436378479,0.6152391910552979,-0.01108354032039638,0.5465106487274171,0.614959192276001,-0.03247073553502556,0.557973849773407,0.6562781214714051,-0.038319720327854134,0.563267171382904,0.686078667640686,-0.03551313206553457,0.5223759293556214,0.6262735009193421,-0.012506848014891101,0.5407024025917053,0.629577350616455,-0.02912941053509706,0.5507652521133424,0.6548745036125183,-0.03321995213627812,0.5560531616210938,0.6752604365348815,-0.0319597300142049
0.5346163153648377,0.7267442464828491,2.5243617756132154e-07,0.5568944811820984,0.7239357590675355,-0.019511694833636222,0.574984896183014,0.701379132270813,-0.02918495200574396,0.5790229678153992,0.6805574297904968,-0.03755715489387507,0.5733491659164429,0.6593895435333252,-0.04447499886155126,0.5569773077964784,0.6171770453453065,-0.01493848785758014,0.5566940665245056,0.5850298404693604,-0.026347620040178262,0.5534903883934021,0.5571479201316835,-0.03402378000319002,0.5511945128440857,0.531044316291809,-0.03882755860686298,0.5424780368804932,0.6117261648178101,-0.013424819149076901,0.5435803532600404,0.5767288088798523,-0.028186462819576225,0.54648494720459,0.5470614790916444,-0.035844072699546745,0.5490955948829651,0.5212512850761414,-0.03856344670057292,0.5302769541740417,0.6174277663230896,-0.01434289328753944,0.5491406679153443,0.623426866531372,-0.035935995355248405,0.5596339702606201,0.662382447719574,-0.04085978195071218,0.5634184956550599,0.6883784651756286,-0.037739569693803765,0.5222516775131225,0.6314294934272766,-0.016852741315960842,0.5439926028251648,0.6421028971672058,-0.03353185951709742,0.5530257105827332,0.6665320873260498,-0.03734109699726102,0.5565423011779785,0.6830268979072571,-0.03610024191439144
0.5339433789253235,0.72489093542099,2.6706790094976897e-07,0.5559358239173888,0.7185628175735473,-0.018309648521244462,0.573703408241272,0.6961478114128113,-0.028781934082508058,0.5791425704956055,0.6782565474510193,-0.03818669095635409,0.5737892270088196,0.6602261185646058,-0.04601246491074561,0.5552561283111572,0.6161617517471314,-0.01780568920075888,0.5555526971817017,0.5831097602844239,-0.03101264424622056,0.5530032753944397,0.5550670266151428,-0.039702367037534686,0.5509276866912842,0.5287501215934753,-0.045395699143409705,0.5395045757293702,0.6151154398918153,-0.017810050956904862,0.5424639701843261,0.5822334170341492,-0.034646260738372764,0.5464115977287293,0.5544434785842896,-0.042649024724960266,0.5497822284698487,0.5298190593719483,-0.04566008225083346,0.5279388070106507,0.6258684277534485,-0.0199569951742887,0.5515404701232911,0.6369825601577759,-0.04106259495019908,0.560860025882721,0.6709396123886108,-0.04395668804645536,0.5625544071197509,0.6914735078811646,-0.04017270803451534,0.5213403701782227,0.6445991516113281,-0.023881356418132743,0.5470755696296692,0.6608150482177735,-0.03978160396218296,0.5550451278686523,0.6814470767974854,-0.04241751879453656,0.5564088344573975,0.6920631170272827,-0.040764438360929425
0.5330795645713806,0.7232512116432189,2.827796095061786e-07,0.5548971176147461,0.7132157802581788,-0.01733879633247846,0.5722591161727906,0.6910640716552736,-0.02877275347709652,0.5791210532188416,0.6759603023529053,-0.039369831234216626,0.5739360094070435,0.6612531900405884,-0.048268493264913545,0.5538735032081604,0.6151593565940857,-0.02084550671279424,0.5545568108558655,0.5812372207641602,-0.03596422150731084,0.5523995280265808,0.5530878663063049,-0.04575341455638404,0.5503467082977295,0.5265790700912476,-0.05238271504640577,0.5368524670600892,0.618513035774231,-0.02225460745394228,0.5417315006256104,0.5883270263671876,-0.041344675794243765,0.5465608477592468,0.5622230052947998,-0.0498417612165212,0.5505920886993408,0.5385456204414367,-0.053230450302362405,0.5257935643196107,0.6342982769012452,-0.025532885454595044,0.5537443280220031,0.6509593844413757,-0.04626790992915626,0.5618344306945801,0.679631769657135,-0.04724255874752996,0.5615489602088929,0.6948083996772766,-0.04282779619097704,0.5203918933868409,0.657738983631134,-0.030793087929487185,0.549755859375,0.6796661734580993,-0.04597866684198376,0.5567482233047485,0.6965369224548339,-0.04748544767498966,0.5561267971992493,0.70161452293396,-0.04541102163493628
0.5319584250450134,0.7215835571289062,2.844715709215962e-07,0.5535899639129639,0.7075605988502502,-0.01613158304244274,0.5705196976661683,0.68567111492157,-0.028231186047196342,0.5787640452384949,0.6734826564788818,-0.039734091609716346,0.5742438673973084,0.6620966911315919,-0.04948248267173764,0.5527985215187072,0.6136223435401917,-0.023479925841093,0.553674328327179,0.5788027167320251,-0.04021219201385972,0.5519110321998597,0.550665020942688,-0.05083151683211322,0.5497844099998475,0.5238484025001526,-0.058243156969547245,0.5346401095390321,0.6210783720016481,-0.02627048809081314,0.5407735466957093,0.5943923473358155,-0.047385679185390425,0.5468193292617798,0.5723883152008057,-0.05613975971937175,0.5515945076942443,0.5516403913497925,-0.0596784062683582,0.5239366292953491,0.6417593359947205,-0.030643015354871704,0.555577528476715,0.6642948389053345,-0.050987163186073256,0.5629249572753907,0.6885615944862366,-0.05016660466790196,0.5610563874244691,0.6988576769828796,-0.04515887498855584,0.5195736050605775,0.6698826432228089,-0.037143111974000886,0.55218323469162,0.6978180885314942,-0.0515221573412418,0.5584124326705933,0.7114915251731873,-0.05195276364684101,0.5560442328453064,0.7114113926887512,-0.04950302317738528
0.5314722418785095,0.7202342271804809,3.0027996444914606e-07,0.55298490524292,0.7023365378379822,-0.015055627562105602,0.5693867444992066,0.6808528184890748,-0.0277962669730186,0.5788519382476807,0.6712216496467589,-0.040130615234374924,0.5745735526084901,0.6623612999916078,-0.050610688328742964,0.5519975781440735,0.6112549781799317,-0.02551559619605534,0.5529640078544618,0.5760857939720153,-0.04362639188766478,0.5513355731964111,0.5481965184211731,-0.05521042570471758,0.549111831188202,0.5211676955223083,-0.06351239606738088,0.5328446865081786,0.6228864669799805,-0.0295951075851917,0.540150249004364,0.596929144859314,-0.05234191194176669,0.5471711516380311,0.5755519747734069,-0.061744659394025764,0.5528776526451111,0.5549566984176636,-0.0659386962652206,0.522329068183899,0.6485556244850158,-0.03497611284255976,0.5572410583496095,0.6763045191764833,-0.05458275079727168,0.5635043144226074,0.6960238099098206,-0.05218500718474384,0.5602310419082642,0.7013162136077881,-0.04684669151902192,0.518834674358368,0.6815639257431031,-0.042642787843942584,0.5535644412040711,0.7136688590049745,-0.05583550482988354,0.558762288093567,0.7229034185409546,-0.05506182760000225,0.554654598236084,0.7168246746063233,-0.05229144841432566
0.5299863815307617,0.7169930219650269,2.939153830538999e-07,0.550987958908081,0.6948069572448731,-0.014974223449826182,0.5673320889472961,0.6746591687202453,-0.02879055887460704,0.5789624214172363,0.6687174201011659,-0.04211482107639306,0.5753143072128296,0.6635976314544678,-0.05367049127817152,0.5505527138710022,0.6098313927650452,-0.02899905368685716,0.5520452618598938,0.5727107644081116,-0.04789728522300719,0.5509976983070374,0.5448199033737182,-0.06014496013522143,0.5490710020065308,0.5177545189857483,-0.06907293051481245,0.5308839797973632,0.6253699183464051,-0.03325481265783306,0.5407642483711244,0.6047500848770142,-0.05680413693189617,0.5486513614654541,0.5904356241226196,-0.06582188829779623,0.5545357227325439,0.5758822917938233,-0.06990972906351087,0.5209678053855896,0.6546223998069763,-0.03852005302906032,0.5582889080047608,0.6820876836776735,-0.05680379122495648,0.564040744304657,0.696728515625,-0.05284703671932218,0.5597128033638001,0.6986353397369385,-0.04725140705704682,0.518265450000763,0.6896447777748109,-0.04622330069541924,0.5542879939079285,0.7186500430107117,-0.0581898711621761,0.5589388251304627,0.7236042380332947,-0.05622253641486164,0.5539940357208252,0.7148569583892823,-0.05299774333834644
0.5283655881881715,0.7138755917549133,2.772484322122182e-07,0.548896336555481,0.6879899621009827,-0.014723938331007902,0.5652963042259217,0.6682931661605835,-0.029147765412926643,0.577972948551178,0.6661627173423768,-0.04296059235930436,0.5768605470657349,0.6648069620132447,-0.05522351413965222,0.5489804387092589,0.6072510719299317,-0.031107756868004738,0.5516595244407654,0.5707860827445984,-0.05015985891222951,0.5513784170150757,0.5430176734924317,-0.06269539147615429,0.5497104287147522,0.516001570224762,-0.07196970582008358,0.5304166197776794,0.6244239926338196,-0.03537103608250614,0.5440518140792847,0.6105071306228638,-0.059105923771858186,0.5520233035087585,0.602485454082489,-0.06747708693146702,0.5568776607513428,0.5927034258842468,-0.07115267515182493,0.5213460445404052,0.6554130554199219,-0.04043347537517544,0.5602781176567078,0.6840676903724672,-0.057985337078571286,0.5653138160705566,0.695704996585846,-0.053199228644371,0.5602180361747742,0.6952852845191956,-0.0474280565977096,0.5191786289215088,0.6914069652557374,-0.0479329086840152,0.5559216380119324,0.7189922451972962,-0.05949256941676136,0.5604446053504943,0.7217851758003235,-0.05688672885298726,0.5554209589958191,0.7118959784507751,-0.05331705063581462
0.5267447948455811,0.7107581615447999,2.605814813705365e-07,0.5468047142028809,0.6811729669570924,-0.014473653212189621,0.5632605195045471,0.6619271636009216,-0.02950497195124624,0.5769834756851197,0.6636080145835878,-0.043806363642215664,0.5784067869186402,0.6660162925720216,-0.056776537001132915,0.5474081635475159,0.6046707510948182,-0.03321646004915232,0.5512737870216371,0.5688614010810853,-0.05242243260145183,0.551759135723114,0.541215443611145,-0.06524582281708714,0.5503498554229737,0.5142486214637756,-0.07486648112535471,0.5299492597579956,0.6234780669212341,-0.037487259507179224,0.5473393797874451,0.6162641763687134,-0.0614077106118202,0.555395245552063,0.6145352840423585,-0.06913228556513783,0.5592195987701416,0.6095245599746704,-0.07239562124013899,0.521724283695221,0.6562037110328676,-0.04234689772129056,0.5622673273086548,0.6860476970672607,-0.05916688293218608,0.5665868878364563,0.694681477546692,-0.05355142056941983,0.5607232689857483,0.6919352293014527,-0.04760470613837238,0.5200918078422547,0.6931691527366639,-0.04964251667261116,0.5575552821159363,0.7193344473838807,-0.06079526767134662,0.5619503855705261,0.7199661135673523,-0.05755092129111288,0.5568478822708129,0.708934998512268,-0.0536363579332828
0.525935435295105,0.7056990623474122,2.6282588692083666e-07,0.5463111400604248,0.6710843801498414,-0.014925836585462041,0.5628237247467042,0.6509467005729676,-0.0310703035444021,0.577032744884491,0.6566916108131409,-0.04623813927173609,0.5794894695281984,0.6636227726936341,-0.06024188250303264,0.543898344039917,0.6000527024269104,-0.03618468865752214,0.5502177119255066,0.5683143377304077,-0.056180147081613487,0.551830804347992,0.5421730756759644,-0.06997502669692036,0.5508631706237793,0.5177626252174378,-0.0801637560129165,0.5279546260833741,0.6221249580383301,-0.04005513042211528,0.5524612903594971,0.625459098815918,-0.06382906064391133,0.5596212506294251,0.6251976251602173,-0.0710802629590034,0.5616217494010926,0.6203621983528138,-0.07441241443157193,0.5212321162223816,0.6575464487075806,-0.04441141262650489,0.5651000499725343,0.6892326951026917,-0.060173846781253766,0.567907738685608,0.6915142297744752,-0.053862929344177204,0.5611450672149658,0.6841465830802917,-0.04806117266416546,0.5207599759101867,0.6959931731224062,-0.051297675818204796,0.5598154306411744,0.7201895952224733,-0.06208159923553462,0.5639121890068055,0.716300117969513,-0.05832925811409949,0.5588742136955261,0.7026072025299073,-0.0542240127921104
0.5254361867904663,0.6979220390319826,2.1151974607391825e-07,0.5447659134864806,0.6553901672363281,-0.013631585240364022,0.5600121021270752,0.6294009208679199,-0.0287882316857576,0.5723681211471559,0.6307918429374695,-0.04279089272022243,0.5745722889900208,0.6352891683578492,-0.055742029100656454,0.539195203781128,0.5967673063278198,-0.03656698726117606,0.5496026873588563,0.5745304584503175,-0.055703948438167505,0.5536731362342835,0.555428957939148,-0.06871766597032544,0.5537495970726014,0.5378769516944886,-0.07810185924172397,0.525627076625824,0.6240116953849792,-0.04011569246649738,0.5574177861213684,0.63993159532547,-0.06146025359630582,0.5650335907936096,0.6435822367668151,-0.06677096113562578,0.5659494996070862,0.6424567937850951,-0.06936474815011022,0.5211167693138122,0.661810052394867,-0.04397152811288832,0.5673239350318909,0.6927505493164062,-0.057615660876035646,0.5705100059509277,0.688617503643036,-0.050628493726253464,0.5642656207084656,0.6782049417495728,-0.04508747607469554,0.5223910450935364,0.7003141522407532,-0.05018312856554978,0.5626205801963806,0.7209096074104311,-0.0599158443510532,0.567100203037262,0.712813949584961,-0.055755421519279466,0.5628404140472413,0.6984658002853394,-0.05156720057129856
0.5261400818824769,0.6976276278495789,1.621867161460955e-07,0.5450082421302795,0.6472273945808411,-0.012473841570317702,0.5584142446517945,0.6131107091903687,-0.02587377205491062,0.5678790211677551,0.6052201509475709,-0.03810852989554398,0.570282804965973,0.600722348690033,-0.04932188615202898,0.5354907512664795,0.5935534834861755,-0.033666956797242104,0.5500777482986451,0.5808347463607788,-0.051371789723634646,0.5564483165740968,0.5685878634452821,-0.0632009908556938,0.5579186916351319,0.5574641466140747,-0.07151260972023003,0.5242011904716493,0.6245384335517884,-0.03676024749875066,0.5614457607269288,0.6461641192436218,-0.05531810522079466,0.5695772171020508,0.6485927939414978,-0.05974739044904702,0.570253336429596,0.6466458439826965,-0.06239084228873251,0.5212546110153199,0.6634369730949403,-0.04017857834696769,0.5683028817176818,0.69267475605011,-0.05235765874385828,0.5721051931381227,0.6854560971260071,-0.0461490307003259,0.5671064138412476,0.6736240267753602,-0.04154800139367576,0.523733103275299,0.7018044471740723,-0.0457027800381183,0.5638390064239502,0.7202144145965577,-0.05460530966520304,0.5692193508148193,0.7107082009315491,-0.05082682147622106,0.5662106513977052,0.6970755934715271,-0.04711215868592258
0.5275698423385621,0.6978811740875244,1.1787048173061976e-07,0.5462408900260926,0.6410014510154726,-0.011438286304473841,0.5577885270118713,0.599097490310669,-0.0228773601353168,0.5641397714614869,0.5810205101966859,-0.033169090002775126,0.565314245223999,0.5658559679985047,-0.042360978573560665,0.532650351524353,0.5910642266273499,-0.030169392004609042,0.5507260322570801,0.5874023318290711,-0.046310374140739366,0.5589895844459534,0.5818247437477112,-0.0568735897541046,0.5617641568183899,0.5768768548965455,-0.06407870873808855,0.5228109121322633,0.6250671267509461,-0.03275309801101682,0.5635348200798035,0.6499290704727174,-0.04840911775827406,0.5724518775939942,0.6494884133338928,-0.05219367370009416,0.5737236618995667,0.6460952043533326,-0.05514617934823033,0.5209193944931031,0.6643611669540406,-0.03574660420417784,0.5685338258743287,0.6915998816490174,-0.04650444537401194,0.5734151601791382,0.6820038557052613,-0.04143668562173836,0.5699313759803772,0.6693151712417603,-0.0380666315555572,0.5244107007980348,0.7021013975143433,-0.04061799496412272,0.5645219564437867,0.7188119649887085,-0.04872353002429002,0.5704670429229737,0.7086496114730836,-0.04570798724889752,0.568318247795105,0.6959632515907288,-0.042829527705907776
0.5287366032600402,0.6988459706306458,5.991861335985505e-08,0.5470787644386292,0.6358787417411805,-0.010598924197256521,0.5567830562591553,0.5859020590782166,-0.020034532621502822,0.5603963613510132,0.5573251485824585,-0.028299004957079824,0.5606956839561462,0.5313303709030152,-0.03532272614538664,0.5299910545349121,0.5867837309837342,-0.0266617696732282,0.5531407833099365,0.5930278301239014,-0.04134152457118029,0.5632337808609009,0.5960706114768982,-0.050378992408514005,0.5666327238082886,0.5983410000801087,-0.05617830827832217,0.5216199636459351,0.6239240765571594,-0.028587067127227743,0.5658428430557252,0.6519631028175356,-0.04146499857306478,0.5755646586418152,0.6500676274299622,-0.04452015236020082,0.5773130059242249,0.6462013483047486,-0.047595629096031156,0.5205845594406129,0.6635862350463867,-0.031044571846723542,0.5686487078666688,0.6891355633735659,-0.040578178316354706,0.5747215270996094,0.6782631874084474,-0.036830503493547356,0.5725555419921875,0.6651888370513916,-0.0346929937601089,0.524803912639618,0.7006750583648683,-0.035132120922207785,0.5650561690330507,0.7161939144134521,-0.04253293946385378,0.5716429233551026,0.7058975219726562,-0.04048784598708149,0.5701295137405396,0.6941294074058533,-0.03852713257074352
0.5292054891586304,0.7017179369926453,6.1231155257246405e-09,0.5464694499969482,0.6339392542839051,-0.00894214566797014,0.5546430110931397,0.5770371794700623,-0.016189665533602182,0.5564251184463502,0.5374305605888368,-0.022436916828155462,0.5568472385406494,0.49993699789047236,-0.02732121422886844,0.5287598490715028,0.5845750570297241,-0.022727985680103244,0.5555051445960999,0.595999002456665,-0.03563928008079523,0.5669207930564881,0.6055904984474182,-0.04284490570425984,0.5707233905792237,0.6121487975120544,-0.04728533476591107,0.5212854385375977,0.6235728740692139,-0.024657402560114824,0.5663866758346557,0.6491993069648744,-0.03538709133863446,0.5778374552726746,0.6486238598823547,-0.037799791246652545,0.580900776386261,0.6469573974609376,-0.04076402187347409,0.520753574371338,0.6631053566932679,-0.027102146297693225,0.5684441208839417,0.6850081562995912,-0.03578627780079838,0.5762831568717957,0.6756381630897523,-0.0330192103981971,0.5752036571502686,0.6642925143241882,-0.031716825813055,0.5254367709159851,0.6994321107864381,-0.030845892056822723,0.565663754940033,0.7132224559783935,-0.03752397894859308,0.5729685783386231,0.7041935205459594,-0.03615706562995906,0.5716493844985963,0.694216525554657,-0.034870693087577787
0.5297185778617859,0.707006311416626,-1.2477029187607517e-08,0.5468298316001892,0.6371525883674622,-0.00802221968770024,0.5548592805862427,0.5783656120300293,-0.014503746666014141,0.5573775410652161,0.5361307621002198,-0.020391710102558084,0.5591208219528199,0.4949652075767517,-0.02498402893543238,0.5293933868408203,0.5797121047973633,-0.01948551796376698,0.5572674393653869,0.5899449110031129,-0.03191795982420438,0.5689159631729126,0.5999094605445863,-0.03873294591903682,0.5728457093238831,0.6062922596931458,-0.04291916191577906,0.5213388919830322,0.6179076552391053,-0.021688498184084845,0.5663804411888123,0.6421459436416627,-0.03254293911159036,0.5791648149490356,0.6456245541572572,-0.0354504525661468,0.5832348585128784,0.646903932094574,-0.038453885167837105,0.5201032519340515,0.6571540713310242,-0.02446454018354412,0.5673869609832763,0.6787736892700196,-0.03363053798675534,0.5764564037322999,0.6732708096504212,-0.031783892214298184,0.5758828520774841,0.6642463207244873,-0.03081547096371648,0.5240695476531982,0.6937629222869874,-0.028381621092557843,0.5642430305480958,0.7081408381462098,-0.0351654835045337,0.572778844833374,0.7016354560852051,-0.034339866042137096,0.5720474600791932,0.6930133104324341,-0.03331082612276075
0.5298754692077637,0.7048949718475341,-7.513444622020417e-09,0.546551787853241,0.6364089608192445,-0.00770794730633494,0.5548326373100281,0.5783693194389344,-0.01394240166991944,0.5582698225975037,0.5359752297401429,-0.019794805720448443,0.5603647947311401,0.495011842250824,-0.024412807449698398,0.5302392482757569,0.5748321175575256,-0.01828177310526364,0.5575974464416504,0.5837114691734314,-0.031224276125431008,0.5690040111541748,0.5936564207077026,-0.03825686872005458,0.5727864861488342,0.5996612548828125,-0.04241865798830983,0.5217021226882934,0.6115466833114624,-0.020772170647978722,0.5652787804603576,0.6347361445426941,-0.0329263728111982,0.5797479271888732,0.6417719483375549,-0.03638036027550692,0.5853689193725586,0.645536732673645,-0.039096578210592245,0.5199237942695618,0.6504150390625001,-0.0238866444677114,0.5658285856246948,0.6720873475074768,-0.03466067090630528,0.5766505360603333,0.6702254056930542,-0.03338968046009534,0.5774694561958313,0.6640316367149354,-0.03206278793513772,0.5232213735580444,0.6871580243110658,-0.028019240871071743,0.5627445697784424,0.7023150205612183,-0.0358188889920711,0.5730716228485109,0.697468638420105,-0.03541899323463436,0.5739629149436951,0.6897503852844239,-0.034238115698099106
0.5300323605537415,0.7027836322784424,-2.5498600564333167e-09,0.5462737441062928,0.6356653332710267,-0.00739367492496964,0.5548059940338135,0.5783730268478394,-0.01338105667382474,0.5591621041297913,0.535819697380066,-0.0191979013383388,0.5616087675094605,0.4950584769248963,-0.02384158596396442,0.5310851097106934,0.569952130317688,-0.0170780282467603,0.5579274535179138,0.5774780273437501,-0.030530592426657628,0.569092059135437,0.5874033808708191,-0.03778079152107234,0.5727272629737854,0.5930302500724792,-0.04191815406084059,0.5220653533935546,0.6051857113838196,-0.019855843111872603,0.5641771197319031,0.6273263454437257,-0.03330980651080604,0.5803310394287109,0.6379193425178528,-0.03731026798486704,0.5875029802322388,0.6441695332527161,-0.039739271253347384,0.519744336605072,0.6436760067939759,-0.02330874875187868,0.5642702102661132,0.6654010057449341,-0.03569080382585522,0.5768446683883668,0.6671800017356874,-0.034995468705892506,0.5790560603141784,0.6638169527053833,-0.03331010490655896,0.5223731994628906,0.6805531263351441,-0.027656860649585644,0.5612461090087891,0.6964892029762267,-0.0364722944796085,0.5733644008636475,0.6933018207550049,-0.036498120427131624,0.5758783698081971,0.6864874601364136,-0.035165405273437464
0.5307047009468079,0.6976529479026795,1.8798714052081783e-08,0.5464660644531251,0.6326915860176088,-0.0067447347566485195,0.5553068757057189,0.5769802689552308,-0.0124880844727158,0.5602865099906922,0.5351723432540894,-0.01837180294096466,0.5629484176635743,0.49530168771743777,-0.023294591903686483,0.5319504022598267,0.5660927414894105,-0.015672800689935623,0.5563746213912965,0.569964623451233,-0.029444247484207084,0.5676384687423707,0.5775413274765014,-0.0371903352439403,0.5722797751426697,0.5817974328994752,-0.04163234159350393,0.5223546147346496,0.5992067933082581,-0.018990761041641185,0.5622008800506593,0.6189249396324158,-0.03375436775386328,0.5804896950721741,0.6324220895767213,-0.038458890467882104,0.5898962259292603,0.6412326455116272,-0.04072465449571608,0.519602918624878,0.6369947075843811,-0.02297878153622144,0.5619595766067506,0.6573508977890015,-0.03702638596296308,0.5768299579620362,0.6625020503997804,-0.03684447333216662,0.5814900398254395,0.662651252746582,-0.03475334197282788,0.5217026591300965,0.6736418724060058,-0.027709487080573962,0.5587908148765565,0.689185631275177,-0.0376540713012218,0.5730385780334473,0.6877949357032777,-0.037914328277111026,0.5781274318695069,0.682811176776886,-0.03630323484539982
0.5329732775688172,0.6913058519363404,3.9646529970127636e-08,0.5475812911987306,0.6306000471115113,-0.0060007499530911204,0.5560845017433167,0.5769653677940368,-0.01140493303537364,0.5614764571189881,0.5364488363265991,-0.017197369597852178,0.5642827749252319,0.4977173328399659,-0.0223255936056375,0.5330990076065063,0.5623542785644532,-0.014220559597015322,0.5542773723602296,0.5638460993766785,-0.02791279591619962,0.5661359548568725,0.5677203655242921,-0.03588115945458408,0.573031485080719,0.569821584224701,-0.040521258115768406,0.5231090664863587,0.592590367794037,-0.018063621595501844,0.5605010390281677,0.6098969340324403,-0.033998116478323875,0.5810051679611206,0.6260815501213074,-0.03934916257858272,0.5929076552391053,0.6378796696662903,-0.04137108251452444,0.5197848439216615,0.628896164894104,-0.022513544186949678,0.5594319939613343,0.6484479427337647,-0.03819610401988026,0.5766710758209229,0.6569596648216248,-0.03862549215555186,0.5842846035957336,0.6606430768966676,-0.03618013486266132,0.5210605740547181,0.665116286277771,-0.027522501349449103,0.555639135837555,0.6806446433067321,-0.03876608088612552,0.5722177505493165,0.6816865921020508,-0.039345000684261285,0.5804074525833129,0.6790554761886598,-0.03747132718563076
0.5353232622146606,0.6802908658981324,6.997131336561326e-08,0.5487616419792176,0.625508713722229,-0.00685679558664558,0.5571144700050354,0.5749751091003419,-0.01297635287046428,0.5630829930305481,0.5374947428703308,-0.019339025579392863,0.5669400095939636,0.5017471790313721,-0.025381479039788202,0.5341156125068665,0.5599363684654236,-0.016155603155493678,0.5525551915168763,0.5576793313026429,-0.030432747304439484,0.5647773981094361,0.5567526817321777,-0.03899098709225652,0.5735269665718079,0.5553190469741822,-0.04414272531867025,0.5236486792564392,0.5887232303619385,-0.02003715671598906,0.5584596157073975,0.603226613998413,-0.037648104131221716,0.5805188655853272,0.6209789633750915,-0.04338143095374102,0.5942534446716309,0.6344367146492005,-0.04514347463846205,0.5200310111045838,0.6243108272552491,-0.02451283074915404,0.5572348356246949,0.6425581336021423,-0.04188779518008228,0.5763941049575806,0.652590274810791,-0.04239652752876276,0.5864237666130067,0.6582723379135133,-0.039511464536189984,0.5209744334220887,0.6601929426193238,-0.029536524787545163,0.5526467084884644,0.675263261795044,-0.04211550503969188,0.5704899072647095,0.6777560710906982,-0.0428040541708469,0.5806742668151855,0.676760733127594,-0.04075523614883418
0.5373688817024231,0.671466875076294,9.103415266054073e-08,0.5496711611747742,0.6215869784355164,-0.00750404782593248,0.5578770637512207,0.5734999656677247,-0.014269780740141819,0.5644385814666748,0.5387625813484191,-0.0211364651098847,0.5693917155265809,0.5057038068771362,-0.02799650803208346,0.534775722026825,0.5584770917892456,-0.0179394125938415,0.551509702205658,0.5530606746673584,-0.03233978711068624,0.5642069578170776,0.5481919527053833,-0.0411237299442291,0.5743500113487244,0.5439103126525879,-0.046572098881006205,0.5240032196044923,0.5864638924598694,-0.021771956607699344,0.5573514580726624,0.598874843120575,-0.0402543187141418,0.580406665802002,0.6178060650825501,-0.045988120138645124,0.5950314164161683,0.6325622081756592,-0.04747063294053075,0.5201752185821533,0.6214241027832031,-0.02615159749984736,0.5556694746017456,0.6384046077728271,-0.044345286488532976,0.5763125777244569,0.6495067477226257,-0.044695230573415706,0.5880034923553467,0.6567542791366578,-0.04149950668215747,0.5209178090095521,0.6569238543510438,-0.03107403516769406,0.5502307891845704,0.6711945414543152,-0.044325526803731856,0.5688350677490235,0.6746429443359376,-0.04492236003279682,0.5801984548568726,0.67495436668396,-0.042726763337850526
0.5401176571846008,0.6611448168754579,9.9990645452408e-08,0.5518879413604737,0.6177726149559021,-0.00840490683913228,0.5598678946495056,0.5718244433403016,-0.01563349664211268,0.5663142442703247,0.5390828371047974,-0.022819118760526145,0.5716986417770387,0.5079337239265442,-0.030281702056527082,0.5361695647239686,0.5552591443061828,-0.01891404874622818,0.5505519866943359,0.5471586585044861,-0.03338017314672464,0.5634296059608459,0.5386493086814881,-0.042400203645229305,0.5748672485351564,0.5316511988639832,-0.04809708371758456,0.524673593044281,0.5820178747177124,-0.022536569461226424,0.5558474183082581,0.5925383687019349,-0.0420516356825828,0.5800974249839783,0.6131247639656068,-0.04799380451440806,0.5958169579505921,0.6294904708862306,-0.049159856885671566,0.5202219367027283,0.6160427808761596,-0.02674813754856582,0.5535739302635193,0.631696343421936,-0.04609403833746906,0.5757678508758546,0.6448037624359132,-0.04651811495423312,0.589177930355072,0.6541186451911927,-0.04296547248959537,0.5203750252723695,0.6513864517211916,-0.03150694444775578,0.5475705862045288,0.6647413969039918,-0.04579286947846406,0.5672439455986023,0.6696586251258851,-0.04649795517325396,0.5798849105834961,0.6714396476745607,-0.04413138329982752
0.543073570728302,0.6547346711158752,1.004257384806806e-07,0.5550773620605469,0.615238630771637,-0.00906688421964642,0.5626061201095581,0.5697118520736694,-0.0166626892983913,0.5682164311408997,0.5377405881881714,-0.024080787412822203,0.5734093666076661,0.5071605026721955,-0.03194599673151964,0.5375719666481018,0.5517900824546814,-0.01944712586700912,0.549702787399292,0.5426992416381836,-0.0341731328517198,0.5626012206077575,0.5314298748970032,-0.043612164258956886,0.5750587582588196,0.5219571113586425,-0.04964555799961086,0.5255366921424866,0.5774071216583252,-0.02289680987596506,0.5551853179931641,0.5859544157981873,-0.04319924935698504,0.5799925923347473,0.6071680307388305,-0.04934838637709615,0.5962425589561463,0.6240556478500368,-0.05035928785800929,0.5204895615577698,0.6104695558547975,-0.02700378932058806,0.5522961378097535,0.624033522605896,-0.0471090212464332,0.5751393437385559,0.6385845184326173,-0.04745343253016466,0.5892519116401672,0.6490546464920044,-0.04361718818545337,0.5200616002082825,0.6459295511245728,-0.03170296289026735,0.5461112141609192,0.6579670190811159,-0.046796471625566424,0.5661750197410583,0.6638554930686952,-0.04758170172572132,0.5791384458541871,0.6665035128593446,-0.04507934823632234
0.5448941826820374,0.6479668617248536,9.664565254752235e-08,0.557667076587677,0.6112384080886841,-0.0101370386779308,0.5651779651641846,0.5658565998077393,-0.01803689822554584,0.5697291254997254,0.5341398596763611,-0.025617323815822563,0.5746638655662537,0.5040313065052032,-0.03377755582332606,0.539118766784668,0.5476040840148926,-0.019922403618693303,0.5503709554672241,0.5368632197380067,-0.03507150337100024,0.5626082181930542,0.5249509692192078,-0.044906160980463,0.5746928691864014,0.5147189974784852,-0.05119744688272472,0.5261867761611938,0.5724333763122559,-0.02301655039191242,0.5534016609191894,0.5792395353317261,-0.04402090162038798,0.5784992575645447,0.6008241057395936,-0.05047734752297397,0.5951852560043336,0.6176981925964355,-0.05147881433367724,0.5203214406967164,0.6048741579055786,-0.02691845372319216,0.5498875975608826,0.6161299228668212,-0.047768024355173064,0.5733526825904847,0.6317873954772948,-0.048210198432207044,0.5880586862564087,0.6431547284126282,-0.044222690910100886,0.5192283749580383,0.6404254317283631,-0.03149557821452614,0.5435703516006469,0.6510778903961182,-0.047426720708608566,0.5636979460716248,0.65777086019516,-0.04847647324204442,0.5767535686492921,0.6613644123077392,-0.04598578140139574
0.5455682873725891,0.6468659520149231,8.624930671885524e-08,0.5594847798347473,0.6102101802825928,-0.009347630105912639,0.5669683694839478,0.5633834123611451,-0.016738349758088543,0.5709026813507081,0.5299436807632446,-0.02406855076551432,0.5752078294754028,0.4985408782958985,-0.03198883533477778,0.5400769352912903,0.5428634047508241,-0.017821473442017982,0.5506219148635865,0.5306468963623048,-0.032739599421620316,0.5625164985656739,0.5192442655563355,-0.042621476948261225,0.5745485544204711,0.5094551146030426,-0.04896551221609112,0.5267821073532105,0.5659316062927247,-0.02127971090376374,0.5523378849029541,0.569706916809082,-0.0421286910772323,0.5776259303092957,0.5905973792076111,-0.04899713471531863,0.594814431667328,0.607397997379303,-0.050254350155591924,0.5202906012535096,0.5972578287124634,-0.02558189444243902,0.5477507948875427,0.6043906092643737,-0.04638661593198773,0.5712966442108155,0.6210828423500061,-0.04712382107973092,0.5862697958946228,0.6334311008453369,-0.04330743178725238,0.5185440182685852,0.6327458262443544,-0.030501442030072164,0.5422487378120422,0.6408071994781495,-0.046663389354944164,0.562254786491394,0.6480838656425476,-0.04794048517942424,0.5751572489738465,0.6525024175643921,-0.04553498774766916
0.546242392063141,0.6457650423049927,7.585296089018814e-08,0.5613024830818176,0.6091819524765014,-0.00855822153389448,0.568758773803711,0.5609102249145508,-0.015439801290631244,0.5720762372016908,0.5257475018501282,-0.02251977771520608,0.5757517933845521,0.49305045008659365,-0.030200114846229503,0.5410351037979126,0.5381227254867554,-0.01572054326534266,0.5508728742599487,0.5244305729866028,-0.030407695472240398,0.5624247789382935,0.5135375618934631,-0.04033679291605944,0.574404239654541,0.5041912317276,-0.04673357754945752,0.5273774385452271,0.5594298362731934,-0.01954287141561506,0.5512741088867188,0.5601742982864379,-0.04023648053407662,0.5767526030540466,0.5803706526756287,-0.04751692190766329,0.5944436073303223,0.5970978021621705,-0.04902988597750661,0.5202597618103028,0.5896414995193482,-0.02424533516168588,0.5456139922142029,0.5926512956619263,-0.04500520750880239,0.5692406058311463,0.6103782892227173,-0.046037443727254795,0.5844809055328369,0.6237074732780457,-0.04239217266440388,0.5178596615791321,0.6250662207603455,-0.02950730584561818,0.5409271240234375,0.6305365085601806,-0.04590005800127977,0.5608116269111634,0.6383968710899353,-0.047404497116804056,0.5735609292984009,0.6436404228210448,-0.045084194093942584
0.5444344282150269,0.6423542022705079,7.26319655086627e-08,0.557912039756775,0.613984489440918,-0.01086112465709442,0.5653083801269532,0.5721992373466492,-0.019366955757141063,0.570556366443634,0.5395863294601441,-0.027442932873964262,0.5753519058227539,0.5091691434383392,-0.035778720676898905,0.5387863755226135,0.5407201647758484,-0.01886288262903684,0.5506721496582032,0.5285860180854798,-0.03404099941253658,0.5634354233741761,0.5229394912719727,-0.044152187556028316,0.5755723237991333,0.5182970404624939,-0.050418314337730384,0.5283853888511658,0.5534952998161317,-0.02126135714352128,0.5508304595947267,0.5502921342849731,-0.04141529947519296,0.575442373752594,0.5690318584442139,-0.04902637600898736,0.5929229497909546,0.5853408098220826,-0.05106118619441985,0.5236469268798829,0.5756496071815491,-0.024588647484779277,0.5463199019432068,0.5721240401268005,-0.044216956943273523,0.5687233090400696,0.5883934497833252,-0.04589400291442864,0.5834542393684388,0.6017147302627563,-0.043088651448488204,0.5228839874267578,0.6040425300598146,-0.02860327139496798,0.5436004400253296,0.6016184687614441,-0.043447326868772444,0.5612349629402161,0.6051336169242859,-0.04500563517212862,0.5726364254951477,0.6075026988983154,-0.04317447692155832
0.5441561341285706,0.6372448682785035,8.496126753243517e-08,0.5523069381713868,0.6181197881698609,-0.014404546841978961,0.5575600504875183,0.5836096405982971,-0.024755275249481144,0.5640716195106507,0.5550867557525635,-0.03379914686083788,0.570248556137085,0.5298553943634033,-0.04282383024692531,0.5362586736679077,0.5418222308158874,-0.022194252908229763,0.5499209403991699,0.530495572090149,-0.037525980174541444,0.5635471820831299,0.5294140934944153,-0.04803126901388165,0.5755775094032288,0.5290800094604492,-0.0545590370893478,0.5313424587249757,0.5468681693077088,-0.0225727133452892,0.5517043948173523,0.5416590213775635,-0.04155606552958482,0.5742188096046448,0.5574779152870177,-0.04997071474790567,0.5906038045883178,0.5718678951263428,-0.05317197442054747,0.5304796814918519,0.5622583508491517,-0.024060545861720958,0.5495387554168701,0.5537301182746888,-0.041877153515815724,0.5693530082702637,0.5646826505661011,-0.04495649039745324,0.5829322338104248,0.5745372414588928,-0.04388479143381114,0.5322225689888,0.584640109539032,-0.026492888107895803,0.549303674697876,0.576193904876709,-0.0394847679883241,0.5639652848243714,0.5748027801513672,-0.041502670943736955,0.5737763166427613,0.5734760522842407,-0.04068835675716395
0.5435678124427796,0.63316388130188,1.199243655491955e-07,0.5524999141693115,0.6159269332885743,-0.014790895208716322,0.5584935069084168,0.5830711841583253,-0.02533705122768872,0.5665136098861695,0.554996657371521,-0.034512415900826404,0.5743383049964905,0.529758769273758,-0.04373371452093118,0.5388433694839478,0.536786425113678,-0.0225586168467998,0.5514135479927064,0.5190237283706666,-0.037926907092332804,0.5640203714370728,0.5138468325138092,-0.04857162088155742,0.5752278804779053,0.5101371765136719,-0.05528746023774142,0.5343557238578797,0.5381293773651123,-0.02281410172581668,0.5507931828498841,0.5236737668514252,-0.040669090300798356,0.5700061440467834,0.5298607826232911,-0.049654009938239985,0.5851768970489502,0.5368383288383484,-0.05397500246763227,0.5325615406036377,0.5501269698143005,-0.024290234968066142,0.5463611245155335,0.5318076908588409,-0.04099408835172652,0.5630556344985962,0.5339562952518463,-0.04550423026084894,0.575958788394928,0.5376945436000824,-0.04615512415766712,0.5324935197830201,0.569480049610138,-0.026738227158784822,0.5441235542297364,0.5525889873504639,-0.03934643380343908,0.555625355243683,0.5446561813354492,-0.04258435145020478,0.5644593119621277,0.538824588060379,-0.04318954348564142
0.5437852978706361,0.6286530494689943,1.5173746135133117e-07,0.553436291217804,0.6140426278114319,-0.015804726071655683,0.5600396156311036,0.582831859588623,-0.02660363335162394,0.5687080740928651,0.555428147315979,-0.03578050211071964,0.5775949001312256,0.5301223456859588,-0.045080751925706805,0.5416386246681214,0.5326143383979798,-0.0234847908839583,0.5531007409095764,0.5098850011825562,-0.038964005932211845,0.5645241022109986,0.5010993599891663,-0.04972395375370976,0.5747823357582093,0.4943864285945892,-0.056574606895446716,0.537428653240204,0.5308031558990478,-0.02326691485941404,0.5497357010841369,0.5081206560134888,-0.040043310075998255,0.5655794620513916,0.5054703235626221,-0.049531550705432824,0.5795331239700318,0.5053316354751587,-0.054863088577985726,0.534645426273346,0.539721953868866,-0.02441992014646524,0.5435452342033387,0.5131689786911011,-0.040234197676181783,0.5571717143058776,0.5066450715065003,-0.04627018496394152,0.5694618344306945,0.5040884494781495,-0.0485986620187759,0.5327187538146974,0.5563696384429933,-0.026590601727366422,0.5387851119041444,0.5319639086723328,-0.039053142443299244,0.5472878456115723,0.5176559567451477,-0.0436316162347793,0.5554052829742432,0.5072877168655395,-0.04565718993544574
0.543236255645752,0.6258710980415344,1.8496952236546352e-07,0.5539316654205323,0.6131940841674804,-0.016521650925278603,0.5616941213607789,0.5830281257629395,-0.02779879122972482,0.5711393356323242,0.5554434776306152,-0.037051288411021205,0.5812347888946533,0.5300823211669922,-0.046461991965770666,0.5448807120323181,0.5317591667175292,-0.02563066147267814,0.5551072716712953,0.5014582812786101,-0.0409688405692577,0.5651195764541627,0.4881956517696381,-0.05128621533513067,0.5740648627281189,0.4778715789318084,-0.05779474750161164,0.5406377196311951,0.5269392371177674,-0.024772858992218903,0.548916506767273,0.49340298771858215,-0.040183040499687156,0.5611311078071595,0.4803743362426758,-0.049530339986085824,0.5733667135238647,0.4721856236457824,-0.05537579357624049,0.5366401195526124,0.5322794556617737,-0.025243701413273763,0.540771996974945,0.4952759981155396,-0.03957484439015386,0.5510057926177979,0.4784794807434082,-0.04669268503785128,0.5621562480926514,0.46802787780761723,-0.05045439079403872,0.5328241467475892,0.5450541973114014,-0.02670974321663378,0.5336138367652893,0.5120868921279907,-0.03844995908439154,0.5386323094367982,0.49036673307418827,-0.04409616589546198,0.5452534079551697,0.47396689057350155,-0.04737783297896383
0.5447559118270875,0.6259812355041503,2.2115173408110423e-07,0.5584279537200928,0.6057071685791016,-0.014040879905223782,0.5671780347824097,0.5693256974220277,-0.023690469563007282,0.5753804802894593,0.5387307405471802,-0.03195910453796382,0.5855355501174927,0.5105246722698211,-0.040790475159883446,0.5503970384597778,0.521993350982666,-0.022153368592262218,0.5574780941009522,0.4820881485939026,-0.036705278605222665,0.5647477746009827,0.4600647330284119,-0.046733313798904386,0.5723196506500244,0.4419424712657929,-0.05345377251505844,0.5430007696151734,0.5213145613670349,-0.022831034660339283,0.547529923915863,0.4794481217861175,-0.03718359693884846,0.5567455172538758,0.4568942189216614,-0.04667495191097252,0.5676807880401612,0.4405948281288147,-0.05314656421542161,0.5353616595268249,0.5309495210647583,-0.024865660816431004,0.5354746460914612,0.4873872041702271,-0.03882547989487644,0.5432968139648438,0.46226860284805293,-0.046786694973707146,0.5538774132728577,0.44431720376014716,-0.05158431529998774,0.5280030131340028,0.5478061676025391,-0.027730530872941,0.5248384237289428,0.5126145005226135,-0.04055060930550092,0.5277458310127259,0.4879828095436096,-0.04744573682546611,0.5334836840629578,0.4687764704227448,-0.0517555624246597
0.5441064834594727,0.6257933616638184,2.4355673531317736e-07,0.5640421867370606,0.5981928467750549,-0.010453417338430821,0.5761395335197449,0.5559831976890565,-0.018277410045266083,0.5845724105834961,0.5215281605720521,-0.025586507469415622,0.5949267506599426,0.4886659681797027,-0.0338545531034469,0.5560124754905701,0.5142661571502686,-0.01911854222416874,0.5605016112327575,0.46547335386276245,-0.033095002919435464,0.5652776718139649,0.4347496747970581,-0.042412182688713024,0.5714378714561463,0.4088598549365997,-0.04885033741593354,0.5431001663208008,0.5171262502670289,-0.021922048926353382,0.5447077870368958,0.4664139688014984,-0.03595435544848438,0.5521050095558167,0.4356111764907837,-0.045100586861371916,0.5622694849967956,0.4122252404689789,-0.05153986737132067,0.5303199291229248,0.5300182580947876,-0.025940213724970785,0.5276840090751648,0.4803031206130982,-0.04037059471011158,0.5344961404800415,0.45027489662170406,-0.0486299149692058,0.5449727296829223,0.4277877509593964,-0.05369910597801204,0.5186211943626404,0.5499085664749146,-0.03047276735305784,0.5127930641174316,0.5116803169250489,-0.04477526172995561,0.5144467949867249,0.48457636237144475,-0.05269552841782565,0.5195859551429749,0.4629740536212921,-0.057669863104820224
0.5429771661758422,0.6256000041961671,2.412491795666938e-07,0.563480043411255,0.5979019284248352,-0.01030619088560338,0.5761190891265869,0.5556288123130799,-0.0180076722055673,0.5847124338150025,0.521033251285553,-0.025212022662162742,0.5952255487442016,0.48850709199905396,-0.03329577594995492,0.5561025857925415,0.512739360332489,-0.018385561741888483,0.5608712077140808,0.4634212732315063,-0.03182955756783482,0.5654703617095949,0.4325479567050934,-0.040832532942295025,0.5712200164794923,0.40625955462455754,-0.04711591526865952,0.5428259611129761,0.5149599075317384,-0.021125410869717545,0.5445331692695619,0.46377207636833184,-0.034600263461470555,0.5512232303619385,0.43164477348327634,-0.04351414591073984,0.5603512287139893,0.40672323107719427,-0.049838322401046714,0.5298759341239929,0.527454423904419,-0.025085823982953982,0.5271594047546387,0.47710658907890324,-0.0389724731445312,0.5331065893173218,0.44598076939582826,-0.04718768224120134,0.5424589276313782,0.4216303169727325,-0.05231677070260042,0.518336033821106,0.5471001505851746,-0.029563989490270587,0.5125858306884766,0.5092013478279114,-0.043450700491666716,0.5130873799324036,0.48156485557556156,-0.051280821859836526,0.5166336178779602,0.4581914246082306,-0.0562417663633823
0.5401299357414245,0.6497745513916017,2.2005854702911167e-07,0.5616255044937134,0.6268547296524047,-0.01219031456857916,0.5761403322219849,0.5887593507766724,-0.02092353515326972,0.5846973061561584,0.556110155582428,-0.028984462842345203,0.5918986558914184,0.525293618440628,-0.0374285846948623,0.55704265832901,0.536754596233368,-0.01923415232449764,0.5605207085609436,0.48938645124435426,-0.0327592201530933,0.5635060906410218,0.4587818145751953,-0.04140467867255204,0.5676769971847535,0.43252089619636536,-0.0472935073077678,0.5431194424629211,0.536560606956482,-0.021116979792714062,0.5466906309127808,0.4948599100112915,-0.035509024187922414,0.5535714745521546,0.4706347346305847,-0.043549732863903,0.5617985844612122,0.45116040110588074,-0.0485408596694469,0.530025863647461,0.5472270369529724,-0.02444671541452402,0.5323838829994203,0.5111969709396362,-0.03989963829517358,0.5386250376701356,0.49380308389663696,-0.04674684405326838,0.546424412727356,0.47861347198486326,-0.049881784617900785,0.5189838528633117,0.56498863697052,-0.02853454723954196,0.5186539769172669,0.5373272418975831,-0.04286711364984506,0.520129919052124,0.5188458681106567,-0.049639348685741366,0.5230096817016602,0.5017597198486328,-0.053205054253339726
0.5380492329597473,0.6722202181816102,1.9744894927953285e-07,0.5602119684219361,0.6547717690467834,-0.01437134426087138,0.5760531783103944,0.6214542984962464,-0.02391082234680648,0.5844453811645508,0.5916032195091248,-0.03275420293211934,0.5881884694099426,0.5624837458133698,-0.041527190804481445,0.5575358986854553,0.557452917098999,-0.018863046355545462,0.5598508715629578,0.5146396219730378,-0.032721146941184956,0.5614500761032105,0.48517190814018246,-0.0415668956935405,0.564405906200409,0.45954633951187135,-0.047538105398416464,0.5432767868041992,0.5546990036964418,-0.020055417716503078,0.5486098051071167,0.5251123011112213,-0.035652274265885284,0.555941390991211,0.5103302240371704,-0.043464071303605994,0.5637685775756835,0.49723688960075385,-0.047618778049945805,0.5302649855613708,0.5640371322631836,-0.02311351075768464,0.5375657081604004,0.5445416212081909,-0.04072626605629914,0.5444254875183105,0.5424797654151917,-0.04664946049451824,0.5511985301971436,0.5380511045455932,-0.048034607619047105,0.519751513004303,0.5810821533203125,-0.02723833806812758,0.5245549559593201,0.5647050738334656,-0.04259341880679126,0.5274904847145081,0.5564158797264099,-0.048580590635538046,0.5304835915565491,0.5471119701862335,-0.05091534554958338
0.5358646988868714,0.6969045400619507,1.9686404186813892e-07,0.5587661862373352,0.6845194697380066,-0.015811701305210563,0.5762708306312562,0.6555236577987671,-0.02569014318287368,0.5844798803329467,0.6274912357330322,-0.03490088395774362,0.5845803499221802,0.6005444049835206,-0.043694274872541364,0.558111023902893,0.582373857498169,-0.017655037343501982,0.5591263175010681,0.543082880973816,-0.031002928689122158,0.5593990206718445,0.5139346122741699,-0.03933374956250184,0.5611436724662782,0.4888630628585815,-0.04465342685580249,0.5435762524604798,0.5773834705352784,-0.01812394391745322,0.5489685416221619,0.5527121603488921,-0.03341975286602966,0.5556338548660279,0.538874340057373,-0.0405039198696613,0.5624675035476685,0.5259958684444428,-0.04357678294181822,0.5302928328514099,0.5848174691200256,-0.020753320306539483,0.5419702529907227,0.5781942009925842,-0.03952547833323472,0.5499325513839722,0.5914734363555909,-0.0448123253881931,0.5560868501663209,0.5990540325641631,-0.044509496539831106,0.5198393106460572,0.6001498579978943,-0.0246565014123916,0.528968095779419,0.5926589131355285,-0.04011067450046536,0.5334928512573243,0.5936004519462585,-0.04532673209905618,0.5369267463684082,0.5927507817745209,-0.046471358090639056
0.5328270673751831,0.7223978757858276,2.012676560525506e-07,0.5568114638328553,0.7152892470359802,-0.01766856424510476,0.5761326074600219,0.6906825780868531,-0.02810883894562716,0.5841042041778565,0.6640877366065978,-0.03775816671550272,0.5803313493728638,0.6387129426002502,-0.04656689614057534,0.5586429119110108,0.6089470028877259,-0.01704173944890492,0.5582842946052552,0.5727599024772644,-0.03006412573158736,0.5570830821990967,0.5440638303756714,-0.037887766212224894,0.5575623035430909,0.519403088092804,-0.04251616597175592,0.5440012931823731,0.601596736907959,-0.0164311366155743,0.5494257211685181,0.5819994390010834,-0.03159023821353906,0.5554521918296814,0.5692711353302002,-0.03786029666662212,0.5614848136901855,0.5570522427558899,-0.03968319222331044,0.5306654214859009,0.6068996310234069,-0.018260856159031343,0.546953558921814,0.6145856857299805,-0.038162144273519445,0.5558421969413758,0.6429606556892395,-0.04254945591092106,0.5613064765930177,0.6627247869968416,-0.04031509533524506,0.5204362154006958,0.6203872680664063,-0.02162278182804578,0.5346766233444215,0.6246101498603821,-0.03726389855146406,0.5411054730415344,0.6365117728710175,-0.041580387204885425,0.54515540599823,0.6455133378505706,-0.041290991008281666
0.5302291870117188,0.7486136555671692,1.9823848731448382e-07,0.55501606464386,0.7456361413002014,-0.01758391596376892,0.5757609128952027,0.7259140253067016,-0.02792195677757258,0.5834227561950684,0.7015022873878479,-0.037791425362229326,0.5766391277313233,0.6777416229248048,-0.0465603314340114,0.5590889692306519,0.6367868542671203,-0.01499792430549852,0.5575263738632202,0.6042585134506226,-0.02748909965157502,0.5548790693283082,0.5763043880462647,-0.03480115942656988,0.5539857387542725,0.5519729971885681,-0.038837017863988826,0.5448785424232484,0.6272636651992798,-0.01436695987358682,0.5503591060638429,0.6132055640220642,-0.02959363125264638,0.5553114533424378,0.6007509708404541,-0.03551736585795874,0.5598376870155335,0.5885292410850526,-0.03648353517055508,0.5316609859466553,0.6304522633552552,-0.01627747304737562,0.5528083443641663,0.6537713170051576,-0.037674269080161985,0.5628446221351624,0.697014570236206,-0.04182464927434918,0.5677763462066651,0.7286757946014405,-0.03810811713337892,0.5215681910514831,0.6419910669326783,-0.01975421458482736,0.5411036849021912,0.6591689825057984,-0.0359397083520889,0.5498408794403077,0.6824532389640808,-0.03979885503649706,0.5548250675201416,0.7018219590187074,-0.03841421753168102
0.5293492197990417,0.7504615306854249,2.140923953675156e-07,0.5545130610466005,0.7467393159866333,-0.01546791754662986,0.5753475308418274,0.7276605486869812,-0.024549473822116804,0.5828964591026307,0.7033450245857239,-0.033677759021520585,0.576572597026825,0.6798249006271363,-0.0418621808290481,0.5586850643157959,0.6390846729278565,-0.0113725380972027,0.5574885487556458,0.6077398657798767,-0.02271896563470356,0.5548320174217225,0.5801093697547913,-0.029562757164239846,0.5537343382835389,0.5556812644004823,-0.03324585556983942,0.5451881051063537,0.6291635513305665,-0.011514576151966981,0.5489604115486145,0.6106819629669189,-0.02533417157828802,0.5519406914710999,0.5892744421958923,-0.03155240714550012,0.554824948310852,0.570067059993744,-0.03287979587912556,0.5320626258850099,0.6316684484481812,-0.014078808762133063,0.552914047241211,0.6556700348854065,-0.03486110717058176,0.5629390478134156,0.6989520430564882,-0.0400984480977058,0.5677669286727905,0.7314862132072449,-0.0369537897408008,0.5217671871185302,0.6428979635238649,-0.0180063117295503,0.5412553668022155,0.6631229519844055,-0.03387454375624652,0.5501743316650392,0.6881021857261658,-0.03824408948421475,0.5551663279533386,0.7097796559333802,-0.03714605942368504
0.528026568889618,0.7514082431793213,2.3081753965925603e-07,0.5537786960601807,0.748050093650818,-0.01425282135605806,0.5748864769935609,0.7301167368888856,-0.022709252312779378,0.5824436902999878,0.7054712533950805,-0.031548702716827345,0.5765060663223266,0.681817638874054,-0.03956257551908488,0.5583931565284729,0.6419244408607484,-0.00949669089168304,0.557482922077179,0.611690104007721,-0.020586448907852103,0.5547301888465882,0.5838928461074829,-0.027379851043224303,0.5534161567687989,0.5593318223953248,-0.03090002909302706,0.5455978155136109,0.6314645409584045,-0.01011378597468132,0.5477475166320801,0.6090385675430298,-0.023166155815124462,0.5488914132118226,0.5791784763336182,-0.0296501122415065,0.5504210233688355,0.5534058809280396,-0.03125776797533032,0.5327287197113038,0.6331193327903748,-0.01309682112187142,0.5529593825340271,0.6579402804374695,-0.033494252711534465,0.5626302599906922,0.7008303880691529,-0.03925961628556246,0.5671786069869995,0.7340036869049072,-0.0362942405045032,0.5223766922950746,0.6439308285713197,-0.01735903657972806,0.5413040637969971,0.6663413643836975,-0.03288801163434976,0.5500599145889282,0.6921944499015809,-0.03741717413067814,0.5548189640045167,0.7156894683837891,-0.036344496160745574
0.5266497611999512,0.7513345360755921,2.309849435278011e-07,0.5527054309844971,0.7482760787010193,-0.01340677291154856,0.5739820241928101,0.7313376545906067,-0.021698549762368163,0.5816376209259033,0.7065696120262146,-0.03054558038711542,0.5764706373214721,0.6823687553405762,-0.038602473586797664,0.5577438950538635,0.6441507935523987,-0.00940759722143406,0.5570470333099365,0.6147647261619568,-0.02104072980582708,0.5545092821121216,0.5869075298309326,-0.028350843489170042,0.5531015157699586,0.5620646953582764,-0.032293134182691516,0.5456890225410461,0.6330198645591737,-0.01043307781219478,0.5481454372406006,0.6115152835845947,-0.0244017574936151,0.5489349484443665,0.5801802635192871,-0.03163593113422386,0.5496930241584778,0.5533371567726135,-0.03375185057520862,0.5332736492156982,0.6338608980178834,-0.013676957599818641,0.553917920589447,0.6610841035842895,-0.03449381589889522,0.5633081197738647,0.7034507870674134,-0.0403169840574264,0.5674605369567871,0.736031424999237,-0.03737981840968126,0.5231282114982605,0.6441539406776429,-0.01812533251941198,0.5428263187408447,0.6693406343460083,-0.03400869220495218,0.5518165946006774,0.6973007559776307,-0.03852913975715634,0.5564703345298767,0.7224183440208436,-0.03736557811498638
0.526688051223755,0.7506707549095155,2.332951055450394e-07,0.5524113059043885,0.7483479857444763,-0.012849347665905899,0.5737257242202759,0.7324195861816407,-0.02117296606302258,0.5813566803932191,0.7080502510070801,-0.03026130199432366,0.5772043466567993,0.6841128706932067,-0.038602203130722004,0.5575502753257752,0.6452495455741882,-0.009192841127514782,0.5568471074104309,0.6166116118431091,-0.02133390121161932,0.5544500708580018,0.5884191274642945,-0.029103137552738165,0.5529489040374757,0.5636138677597046,-0.03337768688797946,0.545885443687439,0.6340256929397583,-0.01075497828423972,0.5484363436698914,0.6131142854690552,-0.02551945261657232,0.548943817615509,0.5808963060379029,-0.03335899040102952,0.5490583896636962,0.5532855510711671,-0.03584706410765644,0.5337568998336792,0.6345180869102478,-0.01449894905090324,0.5544381499290467,0.6625447273254395,-0.0358953312039375,0.5638805508613587,0.704794991016388,-0.04184292629361148,0.5679901123046875,0.7368260145187379,-0.0389253124594688,0.5237405896186829,0.6446124672889709,-0.019393258914351404,0.5435150384902955,0.6700864672660828,-0.035555994510650564,0.5525826930999757,0.6980398058891296,-0.040053020417690266,0.55715571641922,0.7230356693267823,-0.038860516995191545
0.5274015903472901,0.7503275275230408,2.412646750826753e-07,0.5526272416114808,0.7491244912147522,-0.015045362338423681,0.5737583994865417,0.7336693406105042,-0.02454289272427556,0.5813463807106019,0.7088324785232544,-0.03436022587120526,0.5767513751983643,0.684493339061737,-0.04333955794572826,0.5571498632431031,0.6468585968017578,-0.012621084973216,0.5564268231391907,0.6180381178855896,-0.026439668983221,0.5541886687278748,0.58915776014328,-0.035250153020024266,0.5526832222938538,0.5641306042671205,-0.04015066102147098,0.5456515669822692,0.6359417915344239,-0.013513693306595041,0.5481369495391846,0.6146700620651245,-0.03005931861698622,0.5489576816558838,0.582497751712799,-0.03849569223821158,0.5493205070495606,0.554643976688385,-0.041318608820438335,0.533976697921753,0.6366644859313966,-0.01675544474273912,0.5536702036857606,0.662592351436615,-0.03935993537306782,0.5629265427589417,0.704518485069275,-0.04493088126182552,0.5670112013816834,0.7355897188186646,-0.04165198206901546,0.5245968461036683,0.6466750979423522,-0.02134364992380136,0.543280565738678,0.6675265192985536,-0.03805748373270028,0.5517260193824769,0.6927332401275634,-0.04232612699270246,0.555891215801239,0.715242648124695,-0.04101435840129848
0.5281151294708253,0.7499843001365663,2.492342446203111e-07,0.552843177318573,0.7499009966850281,-0.01724137701094146,0.5737910747528077,0.7349190950393677,-0.027912819385528538,0.5813360810279846,0.7096147060394287,-0.03845914974808686,0.5762984037399292,0.6848738074302673,-0.048076912760734516,0.556749451160431,0.6484676480293275,-0.01604932881891722,0.5560065388679505,0.6194646239280701,-0.03154543675482269,0.5539272665977478,0.5898963928222656,-0.041397168487310364,0.552417540550232,0.5646473407745362,-0.046923635154962506,0.5454176902770996,0.6378578901290893,-0.01627240832895036,0.5478375554084778,0.6162258386611938,-0.03459918461740012,0.5489715456962586,0.5840991973876953,-0.04363239407539364,0.5495826244354248,0.556002402305603,-0.04679015353322024,0.5341964960098267,0.6388108849525452,-0.019011940434575002,0.5529022574424743,0.6626399755477905,-0.042824539542198135,0.5619725346565246,0.7042419791221619,-0.04801883623003956,0.5660322904586792,0.7343534231185914,-0.044378651678562114,0.5254531025886535,0.6487377285957336,-0.023294040933251322,0.5430460929870606,0.6649665713310243,-0.04055897295475,0.550869345664978,0.6874266743659974,-0.044599233567714655,0.5546267151832581,0.7074496269226075,-0.043168199807405425
0.528904926776886,0.7495210886001586,2.550058638917108e-07,0.5530416369438171,0.7500611066818237,-0.01789070144295688,0.5741838216781616,0.7349668979644776,-0.02871024124324318,0.5817082762718201,0.7093848943710327,-0.03921928405761712,0.5759182214736939,0.685057008266449,-0.048805583268403965,0.5563911318778991,0.6497507095336915,-0.01684646196663374,0.5556550741195679,0.619760799407959,-0.032423031330108584,0.5537983059883118,0.5901571631431579,-0.042261835932731584,0.5524179220199585,0.5648253083229064,-0.0477736428380012,0.5452440023422241,0.6395380020141601,-0.016733988374471622,0.5473584175109864,0.6166062116622925,-0.03533657193183894,0.5486985683441162,0.5845821380615235,-0.0445104897022247,0.549462115764618,0.5562551736831666,-0.047778931260108896,0.5341937065124511,0.6407411336898803,-0.01915082782506934,0.5525990247726441,0.6624274492263795,-0.0431340135633945,0.5617089867591858,0.7037716507911683,-0.04847865030169484,0.565893828868866,0.7333171010017396,-0.0449783712625503,0.5256880640983582,0.6505760192871093,-0.023119606822729063,0.5431799530982973,0.6652050137519837,-0.04045349881052966,0.5508647561073303,0.6868410587310791,-0.044606417417526224,0.5546429991722108,0.7058465003967287,-0.043337764590978586
0.5355426907539368,0.7265757441520692,2.329234973785788e-07,0.5540214776992798,0.7205147385597228,-0.018918668851256322,0.5708104968070984,0.7047865271568299,-0.0312906917184591,0.5767770409584045,0.6811994314193726,-0.04256424978375428,0.5717841386795044,0.6565518021583556,-0.05297477096319194,0.5512917876243592,0.6442390441894531,-0.023220788501203002,0.5543139100074769,0.627717137336731,-0.04007881134748452,0.555120062828064,0.6051558971405029,-0.050911336392164185,0.555743944644928,0.5854374051094056,-0.057195004820823625,0.5425362110137939,0.6459084033966065,-0.022642383724451022,0.5500335574150086,0.6328098893165589,-0.04115195795893666,0.5524217128753662,0.604246747493744,-0.04917558282613752,0.5539482235908508,0.5780128479003906,-0.05257613435387608,0.5349621415138245,0.6539349913597107,-0.02426488511264316,0.5549931049346924,0.6752825379371643,-0.046539041399955725,0.5627678275108338,0.704642367362976,-0.04986250102519986,0.5661794066429138,0.7242766737937928,-0.046470556408166844,0.529872739315033,0.6658269047737122,-0.02752974964678282,0.5474408149719239,0.6813375234603882,-0.04333616942167276,0.5537541270256043,0.6949583768844605,-0.0459611617028713,0.5564087986946107,0.7057791233062745,-0.044620685279369326
0.5390404582023621,0.7091628193855286,1.6114063328132039e-07,0.5535950779914856,0.6955321788787843,-0.02031350135803218,0.5665066719055176,0.67766832113266,-0.03426801487803456,0.5712198376655578,0.6545667171478272,-0.04623511880636211,0.5663880467414856,0.6282965540885925,-0.0571304507553577,0.5451413154602051,0.6401836872100831,-0.030695845931768363,0.5561004638671875,0.6361917853355408,-0.048203004151582664,0.5591819286346437,0.6189615726470947,-0.05802142173051828,0.559098482131958,0.603397786617279,-0.06361161097884173,0.5377079963684082,0.6521905660629272,-0.02890276797115798,0.5545909881591797,0.6490180850028991,-0.04727923795580862,0.55844407081604,0.6243616342544556,-0.05320238173007963,0.5584724187850952,0.6018282771110535,-0.055719652771949735,0.5326396346092225,0.6670706272125244,-0.028848525136709144,0.5575380444526673,0.6875539541244509,-0.048928231745958305,0.564734935760498,0.7053490996360778,-0.0498673431575298,0.5660544872283936,0.7164069533348084,-0.0462970726191997,0.530481231212616,0.6826954126358034,-0.03061529770493502,0.5509727358818054,0.6958829045295716,-0.044934114813804577,0.5572263479232789,0.7014011502265931,-0.0464891657233238,0.5583733081817627,0.7051143050193788,-0.045056874305009806
0.5418959736824036,0.6913205385208131,8.887786293598767e-08,0.5526719808578491,0.6703531980514527,-0.02065141946077342,0.5621678471565247,0.6502284407615663,-0.035790091753005945,0.5656714677810669,0.6277741789817811,-0.04828998818993564,0.5615150451660156,0.6004655957221985,-0.059533487260341605,0.5394704937934875,0.6353853344917298,-0.03670042864978308,0.5580677509307862,0.6439043045043946,-0.05417160391807552,0.5632743597030639,0.6319855809211731,-0.06244500279426568,0.5624957084655762,0.6208402752876282,-0.06696547344326967,0.5331542015075683,0.6576465845108033,-0.034098546579480124,0.5594006299972535,0.664456307888031,-0.05150244161486624,0.564559257030487,0.6435097932815552,-0.054920735210180247,0.562992537021637,0.6248062252998352,-0.056243996322154974,0.5303014159202576,0.6791813492774963,-0.03269105032086366,0.5608244419097901,0.7002782702445984,-0.04991349354386328,0.5675348162651062,0.7066585540771484,-0.04842646643519398,0.566701602935791,0.7097536444664003,-0.04468730315566058,0.5306482672691345,0.6986743807792664,-0.0332080472260713,0.5550854563713075,0.7127434492111206,-0.04571170583367344,0.5616654276847839,0.7120972633361817,-0.046154602617025364,0.561458170413971,0.7104015707969666,-0.044537205249071087
0.5455754995346069,0.6767425179481507,2.2690038292694232e-08,0.552545166015625,0.6476557016372682,-0.020577686652541102,0.5576475977897645,0.6228651523590089,-0.036041653901338525,0.5598199486732482,0.6001842021942139,-0.04816452190279957,0.5570110201835632,0.5716759324073792,-0.05888158306479451,0.5336168885231019,0.6314019918441773,-0.041935100406408264,0.5600488543510438,0.6509695410728454,-0.0588169045746326,0.566516101360321,0.6439041376113892,-0.06538136601448052,0.5645624399185181,0.6365695953369142,-0.06886244043707841,0.5281968474388122,0.663670289516449,-0.03863140083849426,0.5643211364746095,0.6797480583190918,-0.054426299035549144,0.5696525096893311,0.6625855326652528,-0.05533284023404117,0.5661126732826234,0.6473653674125671,-0.05567310452461242,0.5275796413421631,0.691515350341797,-0.03597453832626338,0.5646357417106629,0.7126594424247743,-0.04994946792721746,0.5700838804244995,0.7082291722297669,-0.04606456905603404,0.5667620301246643,0.7037909507751466,-0.042297969758510544,0.5305536270141602,0.7147199869155885,-0.035382149368524504,0.5595935106277466,0.7297747135162355,-0.04615616425871847,0.5659551858901978,0.7231434702873231,-0.04569966569542885,0.5640880823135376,0.7162879586219788,-0.044110418856143925
0.5500912547111511,0.6643738746643066,-4.949771152951143e-08,0.5532876253128052,0.6265336155891419,-0.02044274844229216,0.5531388640403748,0.5963273167610168,-0.035839409008622126,0.5537377595901489,0.5726267099380493,-0.04742122888565061,0.5526653528213501,0.5421493411064149,-0.057524118572473484,0.5278752565383912,0.6251128315925599,-0.0455780074000358,0.561253273487091,0.6556341052055359,-0.06240549907088276,0.5692286252975465,0.6555120825767518,-0.06840345785021774,0.5664136648178101,0.6533485293388368,-0.07164852395653719,0.5230540275573731,0.6669875144958497,-0.041808636486530264,0.5694811105728149,0.6939519762992858,-0.0563912712037563,0.5749708533287049,0.6808802485466003,-0.05541972070932384,0.5690891861915589,0.668822169303894,-0.055134494602680176,0.5247216582298279,0.7014930605888368,-0.038356334716081575,0.5681563377380372,0.7238076329231263,-0.049354237318038924,0.5722220301628114,0.7095895051956177,-0.04272791668772692,0.5662599802017212,0.6974882483482361,-0.03848443850874896,0.5303247928619385,0.7292733550071717,-0.0372237559407949,0.5636252522468568,0.7444273591041566,-0.0463494002819061,0.5695483565330506,0.7312064647674561,-0.04459237381815909,0.565928590297699,0.7182535529136658,-0.0425841577351093
0.5484083414077758,0.674050009250641,-1.030113139677269e-07,0.5531575798988342,0.634411656856537,-0.01914068404585118,0.5525851249694824,0.5989829421043397,-0.0328502725809812,0.5531991839408874,0.5714721202850341,-0.043216860294342026,0.5524302244186401,0.5399649381637573,-0.05202540457248684,0.5269556164741517,0.623643159866333,-0.04208354949951166,0.563520884513855,0.6496751308441162,-0.05790864005684848,0.5712334632873535,0.6499213337898255,-0.06272240802645676,0.5665391206741333,0.647259294986725,-0.06508612558245652,0.5206311106681824,0.6637861847877503,-0.038537156581878625,0.5717392086982728,0.6898698210716248,-0.05201206281781192,0.5772797346115113,0.679714286327362,-0.05054725408554073,0.5691393852233887,0.6700186491012573,-0.04975442364811894,0.521423351764679,0.6986698150634766,-0.03541441224515434,0.5691497087478637,0.7196627020835877,-0.045167886465787864,0.5735907435417176,0.7074799656867982,-0.038393031805753645,0.5660670399665833,0.6971174597740173,-0.03406580686569208,0.5264588117599488,0.7288737297058105,-0.03472398109734054,0.5635419130325318,0.7412563443183899,-0.043196404725313164,0.5703853726387025,0.7290482044219971,-0.041745291650295224,0.5661416172981262,0.7178704619407653,-0.039675844460725744
0.5496632695198059,0.6775099396705628,-1.122521922525266e-07,0.5542991995811463,0.636587703227997,-0.01663885507732624,0.5529536128044129,0.5976311206817627,-0.028213645517826024,0.5535427331924438,0.5676233768463135,-0.03722839914262292,0.5535867571830749,0.5362500786781311,-0.04503555297851558,0.5266550064086915,0.6194236278533937,-0.036388272419571814,0.5612261652946472,0.6409568905830383,-0.051700083911418865,0.5696283102035523,0.6431633710861206,-0.05749244764447206,0.5667956471443176,0.6415253400802613,-0.060573416203260365,0.5199686884880066,0.6590456485748292,-0.03413471095263954,0.5712384939193726,0.6832842111587525,-0.0469248734414577,0.5782235264778137,0.6766005516052246,-0.04640956372022624,0.571864378452301,0.6683672547340394,-0.04635417610406872,0.5207648038864136,0.6942368865013123,-0.03244427405297752,0.5694051027297974,0.7134354233741761,-0.04172869622707364,0.5747209548950196,0.7042820811271667,-0.03556949049234384,0.5680762767791747,0.6951918244361878,-0.03164414204657072,0.5256822228431701,0.7251559615135194,-0.033071815595030744,0.563550877571106,0.737674355506897,-0.04090558812022206,0.5709177851676941,0.7274609923362731,-0.039293848723173104,0.5672630786895752,0.7175669312477112,-0.0371832281351089
0.550918197631836,0.6809698700904847,-1.2149307053732629e-07,0.5554408192634583,0.6387637495994569,-0.014137026108801302,0.5533221006393433,0.5962792992591859,-0.02357701845467084,0.5538862824440003,0.5637746334075927,-0.031239937990903823,0.5547432899475098,0.5325352191925049,-0.038045701384544314,0.5263543963432312,0.6152040958404541,-0.030692995339631983,0.5589314460754394,0.6322386503219604,-0.04549152776598925,0.568023157119751,0.6364054083824159,-0.05226248726248736,0.567052173614502,0.6357913851737977,-0.0560607068240642,0.5193062663078308,0.654305112361908,-0.029732265323400463,0.5707377791404724,0.6766986012458802,-0.041837684065103485,0.5791673183441163,0.6734868168830871,-0.04227187335491177,0.5745893716812134,0.6667158603668213,-0.0429539285600185,0.5201062560081482,0.689803957939148,-0.0294741358608007,0.5696604967117309,0.7072081446647644,-0.038289505988359424,0.5758511662483216,0.7010841965675354,-0.03274594917893404,0.5700855135917664,0.6932661890983581,-0.029222477227449358,0.5249056339263916,0.721438193321228,-0.03141965009272094,0.5635598421096801,0.734092366695404,-0.038614771515130965,0.5714501976966858,0.7258737802505493,-0.036842405796050984,0.5683845400810241,0.717263400554657,-0.03469061180949206
0.5507686018943787,0.679929232597351,-1.379103352405764e-07,0.5553367972373963,0.6382295131683351,-0.012320673279464182,0.5537465453147888,0.5949634313583374,-0.020772391557693424,0.5547847986221314,0.5605763673782349,-0.028290389105677584,0.5562184810638428,0.529143488407135,-0.03526824042201036,0.5264495253562927,0.60935959815979,-0.026132594794034902,0.5558548688888549,0.6217743635177613,-0.041505975276231726,0.5669981122016907,0.6279157757759095,-0.04976222217082972,0.5692705750465393,0.6294059872627259,-0.05434810742735858,0.5190510988235474,0.6478125691413881,-0.026279522106051403,0.5693607687950135,0.6684987068176271,-0.038927187025546976,0.5810765266418457,0.6694953441619873,-0.040532296895980806,0.5793925762176514,0.6655748724937439,-0.04171750023961062,0.5195019483566284,0.6838897943496705,-0.02732542194426054,0.5687206387519836,0.7000217199325561,-0.036666389554738985,0.5772198677062989,0.6968746066093444,-0.031964568048715544,0.5732846856117249,0.690423572063446,-0.0286901526153087,0.5238518834114075,0.7164308667182924,-0.030405791476368862,0.5624356150627137,0.7293532848358154,-0.037208347767591445,0.5718127727508545,0.7236676096916199,-0.03519664183259004,0.5699932217597962,0.7167372107505798,-0.03280825912952418
0.5500391483306885,0.6771242856979369,-1.4092195215198445e-07,0.5548568725585938,0.6362619519233704,-0.011353638395667021,0.5541017413139344,0.5929176092147828,-0.0196728561073541,0.5557261466979981,0.5575949430465699,-0.027630841732025117,0.5580748081207275,0.5257580161094666,-0.03530113697051996,0.5271349310874939,0.6042106032371521,-0.024143333733081758,0.5530361533164978,0.6118408083915711,-0.04053944200277324,0.5654199242591857,0.6168852329254151,-0.049999672919511746,0.5709199190139771,0.6188225030899048,-0.05507531538605686,0.5193475961685181,0.6418028831481934,-0.02506365515291686,0.566964852809906,0.6593333005905151,-0.0392578341066837,0.5823227286338807,0.664074444770813,-0.041958438605070085,0.5850266218185425,0.66374591588974,-0.043403733521699864,0.5191452980041504,0.6779520153999329,-0.02700329907238478,0.5665317654609681,0.6917949438095092,-0.03791901022195814,0.5782748818397522,0.6915499925613403,-0.0344967052340507,0.5779572606086731,0.687330150604248,-0.03158771321177478,0.5228457808494569,0.7106323003768921,-0.030769665539264624,0.560640799999237,0.7231724500656128,-0.03811314776539798,0.5721775650978088,0.7202906489372254,-0.036501860618591266,0.5726441860198975,0.7154824733734131,-0.034285218268632844
0.5499441266059876,0.6744235992431641,-1.2635867250310184e-07,0.5555638432502747,0.6344941139221192,-0.01101957652717824,0.5554571747779846,0.5911447167396546,-0.019290804117917962,0.5576043128967285,0.5554214119911194,-0.027422020956873863,0.5601160287857055,0.5233520269393921,-0.03545019999146456,0.5286066055297852,0.5988847136497497,-0.0231589730829,0.5497334003448486,0.6023096919059754,-0.04008302986621854,0.5627108335494996,0.6050167918205261,-0.05009016841650004,0.5710455536842347,0.6063878059387208,-0.0552131153643131,0.5200873613357544,0.6345348596572876,-0.02434284575283522,0.5636375188827515,0.6490596532821655,-0.04016334190964696,0.5824317932128906,0.6567309021949769,-0.04354036897420881,0.5902589440345765,0.6596773743629456,-0.044610118120908704,0.5189623236656189,0.6701009631156921,-0.026583582907915064,0.5633067965507508,0.6823405027389526,-0.03941661939024924,0.5784401774406434,0.6854772090911866,-0.03678313493728634,0.582887601852417,0.6842685699462892,-0.03353112116456028,0.5219136595726014,0.7029869079589844,-0.030464435741305303,0.5579159736633301,0.715671193599701,-0.03909645378589626,0.5719359636306763,0.7147577762603761,-0.0378466427326202,0.5759783625602722,0.7112762808799744,-0.03538404181599612
0.549669086933136,0.6725804448127747,-1.094999419137821e-07,0.556183671951294,0.6335376143455506,-0.011056813783943619,0.5564537882804871,0.5899009585380555,-0.01939101517200466,0.5588709712028503,0.5537768125534057,-0.027670122310519185,0.5616628885269165,0.5211249351501466,-0.03591045811772342,0.5300687432289124,0.5948062777519226,-0.0228272538632154,0.5476524114608765,0.5952835083007812,-0.0402941547334194,0.5608617424964906,0.5960334777832031,-0.05075115635991092,0.5711590647697449,0.5966716408729553,-0.05590190961956976,0.5209527134895324,0.6286256313323975,-0.0240460373461246,0.5611269235610962,0.6412754774093627,-0.041071394830942125,0.5816657066345214,0.6505724787712097,-0.044808333367109265,0.5928722381591798,0.6558551430702209,-0.04549179822206494,0.519005823135376,0.6635343551635742,-0.02639475688338274,0.5605594038963319,0.6752660989761352,-0.04070194661617278,0.5778794765472413,0.680385422706604,-0.038477438688278166,0.5860223770141602,0.6813568353652955,-0.034778675809502564,0.521222186088562,0.6966143608093263,-0.030294317007064784,0.5555106997489929,0.7094069838523865,-0.0400697216391563,0.5710702300071717,0.7099113941192627,-0.0391630537807941,0.5778451323509216,0.7076329708099366,-0.036482133716344775
0.5489312052726746,0.6701823234558105,-8.805468283412665e-08,0.5566510796546936,0.6322727322578431,-0.01068729180842636,0.5578016877174378,0.5885095119476319,-0.01876764483749864,0.5606546163558961,0.5522431254386901,-0.026926698163151706,0.5639274954795838,0.5192543268203735,-0.0351637944579124,0.5320187091827393,0.5891572952270507,-0.021641023084521243,0.5459949851036072,0.5869277954101563,-0.03894463069736956,0.5588046669960023,0.5853885531425476,-0.04942130297422404,0.570673668384552,0.5846779942512512,-0.05447842553257941,0.5220543265342713,0.6208798289299012,-0.022983276844024625,0.558732545375824,0.6321119546890259,-0.040868568420410124,0.5808736681938171,0.6433164715766907,-0.044925875961780506,0.5954038977622986,0.6511620640754701,-0.045214655995368926,0.5189353227615356,0.6550400018692016,-0.02546435371041292,0.5576454758644105,0.6665180802345275,-0.04111070111393926,0.5768834710121155,0.6738245248794555,-0.03942200168967243,0.5885025978088378,0.6773276925086975,-0.03536628708243366,0.5200852155685425,0.6885329127311708,-0.029338876903057063,0.5524988055229187,0.7016886591911315,-0.04032024368643756,0.5695139169692993,0.7037997722625733,-0.03990310654044146,0.5789453029632569,0.7030705690383912,-0.03708361685276026
0.5483519792556762,0.6682472825050354,-5.380743566263392e-08,0.5574545860290527,0.6302866220474244,-0.010013725236058221,0.5595643758773804,0.586072599887848,-0.0176647566258907,0.5624109864234924,0.5505387306213378,-0.025520185753703066,0.5658005833625793,0.5178578138351441,-0.03363543450832362,0.5341944098472595,0.5833423614501952,-0.0201974213123321,0.5451672196388245,0.580082678794861,-0.03683665581047532,0.5571663856506348,0.5759550452232362,-0.04707621335983272,0.5696969628334045,0.5721370816230775,-0.052141874283552145,0.5234878540039063,0.6130366921424866,-0.021978750452399224,0.5562496304512025,0.6224785447120667,-0.040399971604347204,0.5797796964645386,0.634852409362793,-0.04479803517460819,0.5970117926597596,0.6441246986389161,-0.044879134744405726,0.5194188356399536,0.6463911890983581,-0.024813258275389626,0.5542945623397828,0.6570984005928039,-0.0416367448866367,0.575408661365509,0.6664344668388367,-0.04029726684093471,0.59006826877594,0.6721480250358582,-0.0358933255076408,0.5195656895637513,0.6803004622459411,-0.028857408463954883,0.549475371837616,0.693484091758728,-0.041061856597661914,0.5679081320762634,0.6967175722122192,-0.04097409248352046,0.579789936542511,0.6971655488014221,-0.03799139559268946
0.5484124541282653,0.6665214061737061,-1.3786616293032239e-08,0.5587506651878357,0.6285004138946534,-0.0095278803259134,0.562013590335846,0.5837693452835083,-0.01690742336213586,0.5646838903427125,0.5491505980491638,-0.024539553746581025,0.5676884174346923,0.517238187789917,-0.03257335573434826,0.5361801862716675,0.5779757142066955,-0.01917522437870498,0.545238721370697,0.5734351277351379,-0.0351048085838556,0.5567536354064941,0.5669166922569275,-0.04517270699143406,0.5692994832992554,0.5601109862327576,-0.050521753728389705,0.5246551394462586,0.6060556888580323,-0.02153566591441628,0.5541906833648682,0.6136481165885925,-0.04049201905727383,0.5788008689880371,0.6267202019691467,-0.045587667077779725,0.5975222587585449,0.6367757201194764,-0.04597309604287146,0.5196752190589905,0.6388577580451965,-0.02483788281679148,0.5513491630554199,0.6479642510414124,-0.0428135365247726,0.5738542914390564,0.6591425061225891,-0.04200354442000385,0.5901191592216491,0.666705858707428,-0.03766292184591288,0.5191273331642151,0.6733541131019593,-0.02917421162128444,0.5467789769172668,0.685726261138916,-0.0427165031433105,0.566068148612976,0.6899436354637146,-0.04308380559086794,0.5792370080947875,0.6915480375289917,-0.0402121797204017
0.5478312611579895,0.6658208847045898,1.4251114421881544e-08,0.5591569781303406,0.6273693323135376,-0.009154524281620939,0.5635898232460023,0.582388460636139,-0.01662812232971188,0.566412627696991,0.5483855962753297,-0.024385592713952003,0.5697871565818786,0.5165104150772095,-0.032724151015281644,0.5377179503440858,0.5737570762634278,-0.01917231604456896,0.5460860252380371,0.5675145983695984,-0.034842012450098964,0.5569671034812927,0.559632134437561,-0.0449644990265369,0.5691769123077394,0.5510741710662842,-0.05081145316362376,0.5255395174026489,0.6005745053291321,-0.022142962738871542,0.5527955889701843,0.6055878877639771,-0.041680804640054664,0.5775787353515625,0.6187397241592407,-0.04757602810859676,0.5964590668678283,0.6291269302368164,-0.04865653067827223,0.5197353363037109,0.6329841613769531,-0.02594962604343886,0.5486531734466553,0.6394891023635865,-0.04496865719556804,0.5717324376106263,0.6512604117393493,-0.044973473250865884,0.5884551167488098,0.6596105933189393,-0.04122508391737932,0.5184792757034302,0.6680631041526794,-0.03062068410217756,0.5441555976867676,0.6788633346557618,-0.045487281680107065,0.5636790156364442,0.6839532136917115,-0.04660735279321664,0.5771007061004639,0.6865722060203553,-0.04432841986417764
0.5472500681877136,0.6651203632354736,4.228884513679533e-08,0.5595632910728454,0.6262382507324219,-0.00878116823732848,0.5651660561561584,0.5810075759887695,-0.016348821297287902,0.5681413650512696,0.5476205945014954,-0.02423163168132298,0.5718858957290649,0.515782642364502,-0.03287494629621503,0.5392557144165039,0.5695384383201599,-0.01916940771043294,0.5469333291053773,0.5615940690040588,-0.03457921631634232,0.5571805715560914,0.5523475766181947,-0.044756291061639746,0.5690543413162231,0.5420373558998108,-0.05110115259885782,0.5264238953590393,0.595093321800232,-0.0227502595633268,0.5514004945755004,0.5975276589393616,-0.042869590222835506,0.5763566017150878,0.6107592463493348,-0.0495643891394138,0.5953958749771118,0.6214781403541566,-0.05133996531367299,0.5197954535484314,0.6271105647087097,-0.02706136927008624,0.5459571838378907,0.6310139536857604,-0.04712377786636349,0.5696105837821961,0.6433783173561096,-0.04794340208172792,0.5867910742759704,0.6525153279304505,-0.044787245988845766,0.5178312182426453,0.6627720952033997,-0.03206715658307068,0.5415322184562683,0.6720004081726074,-0.04825806021690362,0.5612898826599122,0.6779627919197083,-0.050130899995565345,0.5749644041061401,0.6815963745117188,-0.04844466000795358
0.5464175581932068,0.6662895441055299,7.611513943572846e-08,0.5595474481582642,0.6264314651489258,-0.008484910707920741,0.566084110736847,0.5808133363723755,-0.016494535841047722,0.5698633790016174,0.547949755191803,-0.02487172409892076,0.5744884490966797,0.5161601424217225,-0.034178425371646844,0.5400005936622619,0.5661430835723877,-0.01986636519432062,0.54826477766037,0.5549092292785645,-0.03576169088482852,0.5586734890937806,0.5439454436302186,-0.04650580063462254,0.5705357909202576,0.5322319149971009,-0.053592170029878566,0.5269155740737915,0.5900342345237732,-0.0242352824658155,0.5495151638984681,0.5891818165779114,-0.045298020541667906,0.5749314308166504,0.6021228551864625,-0.05305880308151242,0.5942169666290283,0.6127957105636597,-0.055754516273736926,0.5199259281158447,0.6215214014053345,-0.029256401211023284,0.5430072903633117,0.6224598646163941,-0.050494253635406466,0.5675804138183593,0.6352060914039612,-0.05219440609216684,0.5853562831878663,0.6447843432426453,-0.04972303882241243,0.5176463603973389,0.657502031326294,-0.03481851965188974,0.5390274643898011,0.6644030094146729,-0.052125713229179325,0.5589498043060304,0.671115028858185,-0.054557817429304066,0.5728349447250366,0.6755939126014711,-0.053424814343452406
0.5458945512771607,0.6677765011787415,1.0138512038793125e-07,0.5591830849647522,0.6281244993209838,-0.00780766978859896,0.5662186503410339,0.5824042677879333,-0.015746260061860043,0.5707216262817383,0.5497360110282898,-0.024098656699061343,0.5759571194648743,0.5187995314598084,-0.03345400318503376,0.5404051661491394,0.5633167266845703,-0.019660353288054398,0.5493322610855103,0.5482058882713319,-0.03545444123446938,0.5597303032875061,0.5362511515617371,-0.046281555294990506,0.5715813636779785,0.5248498797416687,-0.05361602753400799,0.5272145628929139,0.5853632211685181,-0.02453023418784136,0.5484381198883057,0.5817236423492431,-0.04552784338593478,0.5735611319541931,0.593341088294983,-0.05380694642662998,0.5928898811340333,0.6040461540222168,-0.05712216272950168,0.5201392531394959,0.6162943601608276,-0.029997160658240263,0.5411309242248536,0.6140052318572998,-0.051273235678672764,0.5656081199645997,0.6259181141853333,-0.053737977892160366,0.5835834264755249,0.6355274677276612,-0.05205357074737542,0.5179001092910767,0.6524164319038391,-0.035861288011074,0.5375770092010498,0.6562852382659913,-0.0533464185893535,0.5566118955612183,0.6628749728202821,-0.05627595782279962,0.5699543237686158,0.66784166097641,-0.0557417064905166
0.5438188433647156,0.6682514667510987,1.1571920310871067e-07,0.5579139232635498,0.6279517650604248,-0.0070721339434384805,0.5657693386077881,0.5819185614585877,-0.01506551280617708,0.571635901927948,0.5490116119384766,-0.0235356461256742,0.5777675151824951,0.5179205298423768,-0.03312868550419805,0.5399448275566101,0.5606833577156067,-0.02015909068286412,0.5500897645950318,0.5428540349006653,-0.03604676015675064,0.5605216503143311,0.5301955223083497,-0.046940188109874686,0.5722624301910401,0.5188179254531861,-0.05447347834706302,0.5271941065788269,0.5811467409133911,-0.025622870400547924,0.5475991725921631,0.5745123267173767,-0.04662816300988194,0.5722169518470764,0.5848514676094055,-0.055476593226194346,0.5913349986076355,0.5950008273124695,-0.05953441709280009,0.5204823374748231,0.6113463282585144,-0.03158733025193208,0.5396962761878967,0.606037473678589,-0.05288928374648092,0.5637893915176392,0.6162994503974915,-0.05642853826284404,0.5818734288215637,0.6248787045478821,-0.05583822205662722,0.51847083568573,0.6471254587173463,-0.037781345844268746,0.5359688043594361,0.6480461835861206,-0.055252185463905264,0.554057252407074,0.6537769675254822,-0.058831023424863765,0.5672888636589051,0.6584675073623658,-0.059144906699657385
0.5419692754745484,0.6677318453788759,1.3015521176384938e-07,0.5567098736763001,0.6275848984718323,-0.006603021733462761,0.5653255939483642,0.581470000743866,-0.014579048752784662,0.5723476886749268,0.5486824989318848,-0.02307443507015702,0.5791200637817383,0.5177227139472962,-0.032782343775033924,0.5395396590232849,0.5587761044502259,-0.020433027297258318,0.5509666085243226,0.5388766288757324,-0.03623036481440062,0.5612605929374694,0.5251814007759095,-0.04708160459995264,0.5726011753082275,0.5136032938957215,-0.05472682267427441,0.5271214365959168,0.5780968427658081,-0.02628442794084542,0.5470681548118591,0.5702056884765625,-0.047172261774539925,0.5714223742485047,0.5794699907302857,-0.056415963172912566,0.5903321146965027,0.589074182510376,-0.06099798977375025,0.5208021879196167,0.6076857566833496,-0.03256556205451482,0.5389538884162903,0.601020872592926,-0.053644171357154824,0.562649166584015,0.610033905506134,-0.057880274951457936,0.5805193066596984,0.6178846240043641,-0.0580660447478294,0.5191065669059753,0.6429469227790832,-0.038982552289962724,0.5350734472274781,0.6424325227737426,-0.056151483207940986,0.552308177947998,0.6474832296371461,-0.06010170429944989,0.5652173161506653,0.6519641160964966,-0.06099986061453813
0.5398445963859558,0.6673091650009155,1.5216334645629106e-07,0.555689823627472,0.6276611089706421,-0.006431578006595321,0.5651846051216125,0.5812370538711549,-0.014684075117111142,0.5732285499572753,0.548375916481018,-0.02345026843249796,0.5804396152496338,0.5167792201042176,-0.03362926468253132,0.5396385431289673,0.5570766806602478,-0.02195738330483432,0.5524053692817689,0.5350450992584228,-0.038357351347804006,0.5624805212020874,0.5199827909469605,-0.04971553161740296,0.5733235955238343,0.5077273130416871,-0.05790188163518903,0.5275848507881165,0.5750190019607544,-0.028338196128606722,0.5465819478034973,0.5645044803619386,-0.04982555359601972,0.5704742789268494,0.5722591638565063,-0.06024211272597309,0.5890753507614136,0.5809457778930665,-0.06599697321653361,0.5214895009994507,0.6037502408027648,-0.03507336378097528,0.5376742601394654,0.594484806060791,-0.0566707149147987,0.5605474710464478,0.6017742037773133,-0.06259551644325252,0.5779915928840638,0.6087095141410829,-0.06430003121495244,0.519787871837616,0.6385563492774964,-0.041803803294897045,0.5333498477935792,0.6356050848960877,-0.05943833068013185,0.5495065450668335,0.6394669055938722,-0.06464205607771871,0.5621429443359375,0.6435472369194031,-0.06686902195215219
0.539586091041565,0.6658371925354004,1.6342608262220897e-07,0.5560822248458863,0.6278704285621644,-0.00631878506392234,0.5657734632492066,0.5810970544815064,-0.013938266597688122,0.5733803868293763,0.5474077820777893,-0.02194805815815922,0.5801583647727967,0.5159530520439148,-0.031384303793311086,0.5408050179481507,0.5560645699501038,-0.020928787253797,0.5528822422027588,0.5327810525894165,-0.036641871929168644,0.5624526858329774,0.5166285395622254,-0.04763617739081374,0.5726115703582764,0.5038830280303955,-0.05567327514290807,0.5293225884437561,0.5724844455718995,-0.027016208693385044,0.5468636631965637,0.5595179915428162,-0.04713331311941145,0.569161880016327,0.5644222855567932,-0.057375660538673365,0.586719822883606,0.5710817098617553,-0.06345712840557093,0.5232652306556702,0.5999335408210755,-0.03352988362312312,0.5374503135681152,0.5881707072257996,-0.05402773469686504,0.5586001038551331,0.5932223439216614,-0.06039743721485134,0.5751432061195374,0.5983528256416322,-0.06287758052349088,0.5209300637245179,0.6337256312370301,-0.04001783020794386,0.5320322513580322,0.6292929887771607,-0.05713717043399805,0.5467689871788025,0.6318643212318421,-0.0628157556056976,0.5588399767875671,0.6350644707679749,-0.0656991228461265
0.5392790317535401,0.6640714883804322,1.71997461961837e-07,0.5570186018943787,0.6268656730651856,-0.0065966105088591,0.5669807434082031,0.5791788697242737,-0.014068227075040282,0.5743661046028137,0.5443631172180177,-0.021863963827490764,0.5809955954551697,0.5117711663246155,-0.031163125485181783,0.5420607805252076,0.5554767727851868,-0.0211616257205605,0.553038215637207,0.5300578355789185,-0.03691148944199078,0.5621348857879638,0.5124908328056336,-0.04802047535777084,0.5716440558433533,0.49869139194488527,-0.056196029484271964,0.5309799313545227,0.5707060337066651,-0.027092471346259046,0.5463209629058838,0.5536081671714783,-0.046970863640308363,0.5676345229148865,0.5568426847457886,-0.05763231888413427,0.5845848798751831,0.5621371626853944,-0.06420973241329186,0.5247121691703797,0.5966180801391602,-0.03346870057284828,0.536294162273407,0.5811929702758789,-0.05372286885976788,0.5564153075218201,0.5846131324768067,-0.06079644262790676,0.5725972652435303,0.588467001914978,-0.06400499716401098,0.5215386986732483,0.6290686845779421,-0.0398181583732366,0.5301578640937805,0.622931182384491,-0.057010851800441686,0.5441879987716675,0.624528169631958,-0.06332178413867948,0.5563513994216919,0.6269840240478516,-0.06684933081269259
0.5393163084983826,0.6635682940483093,1.7863140726603891e-07,0.5580163598060608,0.627095365524292,-0.006624802481383021,0.5677730679512024,0.5788808822631837,-0.0136548558250069,0.5747056007385254,0.543358874320984,-0.021025111526250778,0.5813198804855347,0.510551929473877,-0.02990888431668278,0.5431149125099182,0.5547502517700195,-0.019958495534956402,0.5529127836227418,0.5279212355613709,-0.035559024289250306,0.5622568964958191,0.5095935463905334,-0.04679840430617326,0.5718714594841003,0.4954899728298187,-0.05500444993376728,0.5323533415794373,0.5688051700592041,-0.025595942884683545,0.5453148484230042,0.5482322573661804,-0.04477248042821882,0.5659107327461244,0.549417769908905,-0.05562977567315098,0.5824934005737304,0.5534369826316834,-0.06246084347367281,0.52584547996521,0.5934067964553833,-0.03175606280565258,0.5350574254989624,0.5749359726905823,-0.05138240456581112,0.5543352961540223,0.576675820350647,-0.058804841339588125,0.5700738787651063,0.5797303199768067,-0.062360832840204196,0.5219010949134827,0.6247675538063049,-0.037913541868329,0.5286721467971802,0.616362488269806,-0.054733195900917006,0.5420209884643555,0.6164660573005676,-0.06128363534808156,0.5539090156555175,0.6181438207626343,-0.06504904255270952
0.5393535852432251,0.6630650997161865,1.8526535257024084e-07,0.5590141177177429,0.6273250579833984,-0.00665299445390694,0.5685653924942017,0.5785828948020936,-0.013241484574973521,0.5750450968742371,0.5423546314239502,-0.0201862592250108,0.5816441655158997,0.5093326926231384,-0.028654643148183785,0.5441690444946289,0.5540237307548522,-0.0187553653493523,0.5527873516082764,0.5257846355438233,-0.03420655913650982,0.5623789072036743,0.5066962599754333,-0.04557633325457568,0.5720988631248474,0.4922885537147522,-0.0538128703832626,0.5337267518043518,0.5669043064117432,-0.024099414423108045,0.5443087339401246,0.5428563475608825,-0.04257409721612928,0.5641869425773621,0.5419928550720214,-0.053627232462167704,0.5804019212722779,0.5447368025779724,-0.060711954534053744,0.5269787907600403,0.5901955127716065,-0.030043425038456882,0.5338206887245178,0.5686789751052856,-0.04904194027185436,0.5522552847862244,0.5687385082244873,-0.05681324005126948,0.5675504922866822,0.5709936380386352,-0.060716668516397426,0.5222634911537171,0.6204664230346679,-0.0360089253634214,0.5271864295005799,0.6097937941551209,-0.052455540001392326,0.5398539781570435,0.6084039449691773,-0.05924548655748364,0.5514666318893432,0.609303617477417,-0.06324875429272647
0.5396951317787171,0.6614220857620239,1.8790684634950598e-07,0.5599476575851441,0.6263471364974976,-0.0061678212136029404,0.5692985653877258,0.5778350949287414,-0.011918042041361262,0.5754671335220337,0.5414531588554382,-0.0181228976696729,0.582211184501648,0.5092999339103699,-0.025752822682261423,0.5450561404228211,0.5514945983886719,-0.015830439701676302,0.5520024061203003,0.5219349145889283,-0.0301751181483268,0.5615742206573486,0.5016775846481323,-0.04096228554844852,0.571191418170929,0.48675992488861086,-0.04867980480194088,0.5347643971443177,0.562844204902649,-0.02069986350834364,0.543344783782959,0.5366529226303101,-0.03723557665944096,0.5623983383178711,0.5335105895996094,-0.047421442717313744,0.5782310962677002,0.5352122068405152,-0.05399782136082643,0.5277509570121764,0.5848517775535584,-0.026239726692438084,0.5330146908760072,0.561345112323761,-0.0433626644313335,0.5505600452423096,0.5596703886985779,-0.05028271451592441,0.5653776049613952,0.5612100839614869,-0.053766817599534944,0.5224231481552124,0.6140308022499085,-0.03187809772789474,0.5262056112289429,0.6015650629997253,-0.04687784016132351,0.5384027123451234,0.5985455989837646,-0.05287752822041508,0.5497837901115418,0.598533070087433,-0.05629901811480519
0.5392415165901184,0.658962094783783,1.8937573997845902e-07,0.5603601694107055,0.6236120343208313,-0.00631501208990804,0.5696759819984436,0.5745484352111817,-0.012151656113564903,0.5761711955070495,0.5377716660499574,-0.018530226498842183,0.5832892656326294,0.5047176003456116,-0.02636526301503178,0.545081615447998,0.5480907559394836,-0.015877551957964843,0.5512102127075196,0.5179988265037537,-0.03057851344346992,0.5614009380340577,0.4981470048427582,-0.0416664212942123,0.5717415809631348,0.483832198381424,-0.04945684522390362,0.5345571279525757,0.5587451100349428,-0.02070334590971466,0.5416844964027405,0.530119800567627,-0.03736724182963368,0.5607978343963623,0.5259928703308105,-0.04788132756948468,0.5769583821296692,0.5275722146034242,-0.054645495861768645,0.5271665930747986,0.5800376534461975,-0.026228900626301725,0.5310027718544007,0.5537844181060791,-0.0432392559945583,0.5484912157058716,0.5508285760879517,-0.0504717499017715,0.5635170817375184,0.552319347858429,-0.05415784195065494,0.5215839385986328,0.6085912466049195,-0.03189737945795056,0.5244660496711732,0.5928019285202026,-0.046708583086729004,0.5366616249084473,0.5881333947181702,-0.05286449044942852,0.5483555674552918,0.5875030875205993,-0.056413877010345434
0.5398914337158203,0.6556128144264222,1.9558393660190634e-07,0.5608759522438049,0.6212201952934265,-0.007171703968197021,0.5702625036239625,0.5727077484130859,-0.013479481637477801,0.5770235896110535,0.5364426970481873,-0.020206576213240582,0.5847697496414185,0.5036542415618896,-0.02835955210030074,0.545566463470459,0.5451632618904114,-0.016581305488944,0.5508171796798706,0.5132085859775544,-0.03164917230606072,0.561204731464386,0.49306594729423525,-0.042979186028242064,0.5718044638633728,0.4784786701202393,-0.05080364719033238,0.5349752545356751,0.5557367563247682,-0.021076561883091878,0.5401924133300782,0.5232928156852723,-0.037905853241682025,0.5588530659675598,0.517557430267334,-0.0487399727106094,0.5749143838882447,0.5181196749210358,-0.055657748132944045,0.5272375226020813,0.5764029860496521,-0.02633760683238502,0.5293416857719422,0.547230064868927,-0.04316182956099506,0.5466024518013002,0.542266058921814,-0.050713262706994965,0.5616087555885315,0.5427806496620179,-0.054605591297149626,0.5212486982345581,0.6040412664413453,-0.03184382170438764,0.5223558425903321,0.5842339754104615,-0.04636664092540736,0.5343331933021546,0.5773505449295044,-0.05262422785162922,0.5461832046508789,0.5754066705703735,-0.056271457672119114
0.5412200689315796,0.6523799300193788,2.0281288470869188e-07,0.5614980459213257,0.619526481628418,-0.00800627805292598,0.5709066390991211,0.5715866327285767,-0.01472651436924928,0.5776814579963684,0.5357469201087952,-0.02168375141918656,0.5857944250106811,0.5033882141113282,-0.030026860162615722,0.5464514374732972,0.5431275725364686,-0.01749707050621504,0.5505340695381165,0.5088140606880188,-0.03269446045160288,0.5606133460998536,0.4880615413188934,-0.04397726580500596,0.5710429906845093,0.47281497716903687,-0.051663465797901126,0.5357364654541016,0.5535926938056945,-0.02162772640585894,0.5392750620841981,0.5172306180000306,-0.0384780332446098,0.5573667407035828,0.5102916955947876,-0.049374292045831644,0.5732387423515319,0.5101251125335694,-0.05624351501464838,0.527566134929657,0.5736311078071594,-0.02654866985976692,0.5280493259429931,0.5413445234298706,-0.043096478283405265,0.5449722528457642,0.5348424911499023,-0.050769389420747706,0.5599573254585266,0.534430980682373,-0.05475472882390021,0.5210588812828064,0.6004365921020508,-0.03179860785603521,0.5205692291259766,0.5773049950599671,-0.046046270430088,0.5323318719863892,0.568833076953888,-0.05229193493723866,0.5443020105361939,0.5659117341041565,-0.055938065797090486
0.5429970026016235,0.6485838651657105,2.093481555220933e-07,0.5625105857849121,0.61728355884552,-0.00882291840389364,0.571841812133789,0.5699969887733459,-0.01614304631948466,0.578753125667572,0.5346415519714356,-0.023505163192749,0.5872017979621887,0.5027669310569763,-0.03224396221339696,0.5477939128875733,0.5406247973442078,-0.01927275918424124,0.5502707719802856,0.5031677186489105,-0.034828738123178445,0.5599335432052612,0.48174553513526913,-0.04609871432185166,0.5704312562942505,0.4659937798976898,-0.05360728129744527,0.5369189023971558,0.5510727286338807,-0.02311458773910994,0.5382360935211181,0.510201382637024,-0.040093855559825864,0.5553035974502564,0.5007784962654114,-0.0510241992771625,0.5710826754570008,0.49909511208534246,-0.05785030648112292,0.5282288551330567,0.5706544280052185,-0.02773452252149578,0.5266940474510193,0.5343319535255433,-0.0440047793090343,0.5427830457687378,0.5249483823776245,-0.05186367332935329,0.5578006029129028,0.5227866530418396,-0.05602136030793189,0.5211329698562622,0.5968670725822449,-0.03275346308946606,0.518233323097229,0.5697879910469056,-0.04679423272609706,0.5291649699211121,0.558430826663971,-0.05316821858286854,0.5411406636238099,0.5536728143692018,-0.05692063793539996
0.5441907644271851,0.6455416917800905,2.105140424646379e-07,0.5630413651466369,0.6153559803962708,-0.00965146534144872,0.5725052475929261,0.5682344079017639,-0.01723288707435126,0.5795810699462891,0.5329998016357422,-0.02467833124101158,0.5886398553848267,0.5015239238739013,-0.03341287858784192,0.5493429064750671,0.5377221703529358,-0.01941925585269924,0.5515106081962585,0.4982430875301361,-0.0347640726715326,0.5603687286376953,0.4762590408325195,-0.0458057798445224,0.5702547788619995,0.45980866551399235,-0.053098018467426275,0.5379820823669433,0.5479163408279419,-0.02281155176460738,0.5379982352256775,0.5044138491153717,-0.03957105129957196,0.5533231973648072,0.4925757765769958,-0.050464485585689486,0.5682466149330139,0.4887420773506165,-0.05717578083276744,0.5284313559532166,0.5667174696922302,-0.027086108550429325,0.525712287425995,0.527530288696289,-0.04308252409100528,0.540527892112732,0.515158599615097,-0.051153288036584824,0.5551416039466858,0.5105452954769135,-0.05541100800037383,0.5203904747962952,0.5920492172241212,-0.03183816522359845,0.5161585211753845,0.5621064305305481,-0.04575700312852855,0.5259051561355591,0.5487974286079407,-0.05227628052234646,0.5373546123504639,0.5424340605735779,-0.05606860667467113
0.5446018576622009,0.642573118209839,2.137781962119334e-07,0.5630652070045471,0.613570237159729,-0.01019106842577452,0.5730771064758301,0.5678859233856202,-0.01799355074763294,0.5803725481033326,0.5336068987846375,-0.0255299516022205,0.5900818228721618,0.5032708168029786,-0.034265341609716345,0.5511727690696716,0.5355289936065675,-0.0192337673157453,0.5533079981803894,0.4933581471443176,-0.03407134003937243,0.5607224822044373,0.4694540977478027,-0.044728028029203344,0.569234824180603,0.4507963955402374,-0.05179359465837474,0.5394602060317993,0.544871711730957,-0.02227847352623934,0.5386302828788757,0.49900795221328736,-0.03850875645875928,0.552069103717804,0.48424754738807674,-0.04920277968049043,0.5659576773643494,0.47743000984191897,-0.055782672762870765,0.529137921333313,0.562567138671875,-0.026261212304234484,0.5254745125770569,0.5208845376968384,-0.04176509976387018,0.5387726068496704,0.5054717659950256,-0.0498762063682079,0.5528120279312134,0.4983048379421234,-0.054182844609022125,0.5200882077217102,0.5867244124412536,-0.030778472870588262,0.514400064945221,0.554865837097168,-0.044449757784604985,0.5226004719734192,0.5393639326095581,-0.05101279914379117,0.533228063583374,0.5311544179916382,-0.05480454862117763
0.5436945796012879,0.6402630448341371,2.1481494627551e-07,0.5626703143119812,0.6118207454681397,-0.010132980719208661,0.5734767675399781,0.5667351126670838,-0.01754999049007888,0.5810650587081909,0.5324435353279114,-0.0246841717511415,0.5910839319229126,0.502291750907898,-0.03290699385106556,0.5522051572799683,0.5313459515571595,-0.017486744560301262,0.5552906036376953,0.48939321041107176,-0.03130032308399674,0.5617376685142517,0.46485971212387084,-0.04130647070705885,0.5693483948707581,0.4450498461723328,-0.048047036677598895,0.5399673581123352,0.5389602661132813,-0.020243647135794116,0.5398822784423829,0.4941366732120514,-0.035089526697993235,0.5514674067497254,0.47663128972053526,-0.04506966695189468,0.5643780469894409,0.46668917536735544,-0.051386486738920184,0.5288485050201417,0.5555764675140381,-0.024059258401393863,0.5255041241645813,0.5138219177722931,-0.0386771816760301,0.5370721459388734,0.4960179805755615,-0.046462637186050385,0.5504844069480896,0.486300265789032,-0.05069548785686491,0.5189084887504578,0.5790826320648194,-0.02844718955457206,0.5128900170326233,0.5470710873603821,-0.04173288047313686,0.519649338722229,0.5301992893218994,-0.04817076772451396,0.5295440196990967,0.5204235315322876,-0.05187506750226016
0.5427873015403748,0.6379529714584351,2.1585169633908664e-07,0.5622754216194153,0.6100712537765502,-0.0100748930126428,0.573876428604126,0.5655843019485474,-0.01710643023252482,0.5817575693130493,0.5312801718711854,-0.0238383919000625,0.5920860409736634,0.5013126850128174,-0.031548646092414784,0.5532375454902649,0.5271629095077515,-0.015739721804857224,0.5572732090950012,0.4854282736778259,-0.028529306128621063,0.5627528548240662,0.46026532649993895,-0.03788491338491435,0.5694619655609131,0.43930329680442803,-0.04430047869682306,0.5404745101928712,0.5330488204956055,-0.0182088207453489,0.5411342740058899,0.4892653942108154,-0.031670296937227206,0.5508657097816467,0.4690150320529938,-0.04093655422329894,0.5627984166145324,0.4559483408927918,-0.0469903007149696,0.5285590887069702,0.5485857963562012,-0.02185730449855324,0.5255337357521057,0.5067592978477479,-0.03558926358819002,0.5353716850280762,0.4865641951560974,-0.04304906800389286,0.5481567859649659,0.47429569363594054,-0.04720813110470769,0.5177287697792053,0.5714408516883851,-0.026115906238555864,0.5113799691200257,0.5392763376235963,-0.03901600316166874,0.5166982054710388,0.5210346460342408,-0.04532873630523677,0.5258599758148194,0.5096926450729371,-0.048945586383342704
0.5418288230895996,0.6366007804870606,2.1552116891143672e-07,0.5616095423698425,0.6087628364562989,-0.0098587986081838,0.5739018440246583,0.5647936582565308,-0.01650622338056558,0.582019853591919,0.5303735852241516,-0.022822677716612758,0.5927323579788208,0.5002550780773163,-0.02998133301734918,0.5541201591491699,0.5249737739562989,-0.014256928861141181,0.5590880751609802,0.4830788314342499,-0.026183295622467944,0.5636902093887329,0.4567097544670105,-0.0349017716944217,0.5693020462989807,0.4338394224643707,-0.041028976440429625,0.5409495949745179,0.5291526079177857,-0.016536590456962562,0.5423635601997376,0.4860343933105469,-0.0288329198956489,0.5504272103309631,0.4631714284420014,-0.03731000795960418,0.5609945058822632,0.4465655624866485,-0.043045034259557684,0.5283451557159424,0.5434787631034852,-0.02009229250252244,0.5255808472633362,0.5015439808368682,-0.03311452269554132,0.5336717724800111,0.47910236120224,-0.04014544039964672,0.5452661275863648,0.4636010825634002,-0.04416650310158726,0.5167555928230285,0.565294086933136,-0.024270686134695962,0.5108695030212402,0.5330175995826721,-0.036888289451599075,0.5147122263908386,0.5134263396263122,-0.0430983811616897,0.5224200963974,0.49956690669059756,-0.04668397977948184
0.5416602849960327,0.634270179271698,2.199689674853289e-07,0.5615535497665405,0.6068941950798035,-0.01000546850264066,0.5741064667701721,0.563820481300354,-0.0165859561413526,0.582355833053589,0.5296426653862,-0.022774513065814923,0.5931297659873963,0.4994545340538025,-0.029732486978173198,0.5543397068977356,0.5226646780967713,-0.014202451705932581,0.5595027089118958,0.4800315797328949,-0.025940962880849783,0.5639163970947265,0.4532641112804413,-0.03444233238697046,0.5693508386611938,0.4294672846794129,-0.040512831509113244,0.5411666989326478,0.5258955597877503,-0.01641603410243986,0.5426160812377929,0.48237906098365785,-0.028267218172550138,0.5497000813484192,0.4573091328144074,-0.03645924478769294,0.5594179391860963,0.43763176202774046,-0.04219130054116246,0.5284701943397523,0.5397610187530517,-0.019973398372530905,0.5253079175949097,0.497383052110672,-0.03277616649866098,0.5322018146514893,0.47315457463264465,-0.039804371446371035,0.5428163647651673,0.45481140613555904,-0.04396213218569753,0.5168471455574035,0.5612056374549865,-0.024171879142522782,0.5103923916816712,0.5289407849311829,-0.036872718483209554,0.5126717805862426,0.5079298496246338,-0.04328426569700237,0.5187795400619508,0.4914205312728882,-0.047083277255296666
0.5412015557289124,0.6309263348579407,2.2377652726390808e-07,0.5619316697120667,0.6037882685661315,-0.009626825153827602,0.5743772029876709,0.5618815422058105,-0.01632438898086542,0.5828349351882935,0.528721809387207,-0.02285975590348238,0.593651282787323,0.4982477068901062,-0.03034344837069506,0.5543279767036439,0.5190607190132142,-0.014733873493969422,0.5595762848854064,0.4764632105827331,-0.026990833505988063,0.5639682769775392,0.4495867848396301,-0.03598618209362024,0.5694247603416444,0.4254061460494995,-0.04261147379875176,0.5409285783767701,0.5219829797744752,-0.017769624665379503,0.5421159386634827,0.4779464483261109,-0.03028375878930086,0.5483596205711365,0.45128144025802613,-0.03945301547646516,0.5572705030441285,0.4295491099357605,-0.0461547382175922,0.528062105178833,0.5357383012771607,-0.02214879393577572,0.5245010256767273,0.4932269930839539,-0.03573689684271808,0.5304588913917542,0.4673624455928802,-0.04403879866003986,0.5400944709777833,0.44682577848434446,-0.04930372014641758,0.5166079640388489,0.5572329521179199,-0.027091341465711564,0.5100069284439088,0.5247395038604736,-0.040723032504320106,0.5111835479736329,0.5025928795337677,-0.048223464936017944,0.5159511804580689,0.4839789628982544,-0.05304018259048458
0.5411185741424561,0.6285624623298646,2.2461931052930599e-07,0.5625430583953858,0.6009671092033386,-0.009156955964863241,0.5744868040084838,0.5602248907089233,-0.01610908806324,0.5830700159072877,0.5281559944152833,-0.02317293360829348,0.5939295411109925,0.4975031733512878,-0.031411736831068945,0.5544666767120361,0.5169528722763062,-0.01570412851870058,0.5595887303352356,0.47418939471244814,-0.02881509847939008,0.5639595031738281,0.4469506978988647,-0.03854806981980794,0.5694037318229676,0.4223409116268158,-0.0458681404590606,0.5409735083580017,0.5199839115142822,-0.019702038727700683,0.5416977405548096,0.4755393922328949,-0.03330752886831757,0.547229564189911,0.4475058078765869,-0.04369611069560046,0.5553581714630127,0.4241080641746521,-0.05150092691183086,0.5280159473419189,0.5339255213737488,-0.02501199543476102,0.5240419268608094,0.4910195946693421,-0.03969144262373444,0.5291517615318299,0.46381077766418455,-0.04941574186086652,0.5377653479576111,0.4416841447353363,-0.055853966623544665,0.5167586088180542,0.5557033538818359,-0.0307838965207338,0.5099955916404725,0.5229398965835571,-0.04558541849255556,0.5101390004158021,0.49972300529479985,-0.054328648746013605,0.5135844945907593,0.4793686985969543,-0.06025350242853163
0.5410476326942444,0.6263368844985961,2.2551466827280822e-07,0.5628243565559388,0.5987406492233276,-0.00896796341985458,0.574545967578888,0.5588271737098695,-0.016246221959590863,0.5832526564598084,0.5274864673614502,-0.02375938110053534,0.5942307949066162,0.49658460021018985,-0.03258675560355182,0.5547438979148864,0.5153793454170228,-0.01711654309183356,0.5597322702407838,0.4718918025493622,-0.03100573234260076,0.5641266942024231,0.4438107848167419,-0.041225844621658264,0.5694594025611879,0.4185062825679779,-0.04898013472557062,0.5411227822303772,0.5181296229362488,-0.021755261719226805,0.5413497209548951,0.4727163910865784,-0.036247685551643344,0.5461854815483094,0.4426829159259796,-0.047343920171260795,0.5534053325653077,0.4173035264015198,-0.055809888243675186,0.5280814290046691,0.5319297790527344,-0.027671167254447925,0.5236062407493591,0.48792015910148623,-0.04316339567303654,0.527673065662384,0.4588087499141693,-0.05378222912549971,0.5350314617156983,0.43455736041069026,-0.060985574871301615,0.516999351978302,0.5536291480064391,-0.0339742727577686,0.5100239396095276,0.5203774333000183,-0.04968748092651361,0.5089918494224549,0.4957269668579102,-0.059319732338190045,0.5108980298042298,0.4730546355247497,-0.06602649986743923
0.5408041834831238,0.6233156085014344,2.287514803356317e-07,0.5627559781074525,0.5965335011482239,-0.009278551675379202,0.5746817827224732,0.5574019670486451,-0.01640295833349224,0.5835663914680482,0.526623523235321,-0.023773546144366203,0.594551169872284,0.496352630853653,-0.03242611363530154,0.5546692967414857,0.5110158443450927,-0.01622026022523638,0.5601564884185791,0.4681189775466919,-0.029829331487417163,0.5645708560943604,0.4400055468082428,-0.04007861465215678,0.5696827530860902,0.41470994353294377,-0.047900667786598156,0.5407914519309998,0.5131006598472596,-0.02070101052522654,0.5413402795791626,0.4680142760276795,-0.03489599935710429,0.5455618262290955,0.4373245298862457,-0.04612818881869314,0.5518747806549072,0.41124342679977416,-0.05470048487186428,0.5277124404907226,0.5265569090843201,-0.026559468731284123,0.5234857082366944,0.48269904255867,-0.04185538962483404,0.5267843842506409,0.4529338538646698,-0.052673771232366544,0.5330865979194641,0.4277985513210297,-0.060023619234561905,0.5167163014411926,0.5482858300209046,-0.03285669870674606,0.5096825122833253,0.5152740120887757,-0.04849701300263398,0.5080258131027222,0.4906030952930451,-0.05814403519034382,0.5091022968292236,0.46742960810661316,-0.06483170241117472
0.5399195432662964,0.620781683921814,2.265750993046823e-07,0.5621740221977234,0.5948738694190979,-0.009363709390163361,0.5745342612266541,0.5565033078193665,-0.016318568214774083,0.583855962753296,0.5257361888885499,-0.02352230176329606,0.595045018196106,0.49577818512916566,-0.031933579966425846,0.5547028541564942,0.5078124403953552,-0.0152326043695211,0.5606648087501527,0.46529443264007575,-0.028373882919549884,0.565118932723999,0.4371523082256317,-0.038471986353397325,0.5699817061424255,0.41184000372886653,-0.046219585090875585,0.5406615138053894,0.5088441491127015,-0.01954034306108946,0.5415193915367127,0.46334272623062134,-0.03318760991096496,0.5453108906745912,0.432230794429779,-0.04424789212644098,0.5508400559425355,0.4056886315345764,-0.052707870304584466,0.5274822592735291,0.5213609457015992,-0.02526715639978646,0.5234865546226501,0.47707319259643555,-0.04000185541808604,0.5262632369995117,0.4471075773239136,-0.05060291327536102,0.5318207621574402,0.4216151535511017,-0.057837594300508464,0.51627197265625,0.5424805998802186,-0.031490696966648066,0.5093084812164307,0.5093202352523805,-0.04657266475260252,0.5074530482292176,0.4847363531589508,-0.05586801916360853,0.5082203507423401,0.4614697575569153,-0.062315297871828046
0.5393929839134216,0.6196498870849609,2.2183428995958824e-07,0.5611753344535828,0.5949429869651794,-0.009753915295004781,0.5743396997451783,0.5564671277999879,-0.01623452547937626,0.5839927196502686,0.5248186469078064,-0.0226895455271005,0.595235550403595,0.49548284411430366,-0.03004022166132922,0.554685378074646,0.5061356902122498,-0.01360759176313872,0.560913348197937,0.4630931377410889,-0.02550103515386576,0.5654051899909973,0.4347626328468322,-0.034652804210782,0.5700144886970521,0.4094156861305237,-0.04158060625195498,0.5405433893203735,0.505965381860733,-0.016859740763902602,0.541788411140442,0.45973618030548097,-0.02886938042938708,0.5452754855155945,0.4280770182609558,-0.03845997750759122,0.5500590324401855,0.40120344758033755,-0.04568288996815678,0.5274105310440064,0.517358148097992,-0.021588301658630363,0.52373765707016,0.47224304676055906,-0.03460394255816934,0.525957190990448,0.44187183380126954,-0.04365845136344428,0.5306714296340942,0.4156078696250915,-0.049733357131481123,0.5160736560821533,0.5374846577644349,-0.026943476870655986,0.5092633843421936,0.5042125463485718,-0.040379824861884066,0.5071436405181885,0.47969974875450133,-0.048285677284002265,0.5074300169944763,0.4560378730297089,-0.05356622636318202
0.5388664245605469,0.6185180902481079,2.170934806144942e-07,0.5601766467094421,0.595012104511261,-0.010144121199846201,0.5741451382637024,0.5564309477806092,-0.016150482743978442,0.5841294765472412,0.5239011049270631,-0.02185678929090494,0.595426082611084,0.4951875030994415,-0.0281468633562326,0.5546679019927979,0.5044589400291443,-0.01198257915675634,0.5611618876457214,0.4608918428421021,-0.02262818738818164,0.5656914472579956,0.43237295746803284,-0.03083362206816668,0.5700472712516785,0.4069913685321808,-0.03694162741303438,0.5404252648353577,0.5030866146087647,-0.014179138466715743,0.5420574307441711,0.45612963438034054,-0.024551150947809203,0.5452400803565979,0.4239232420921325,-0.032672062888741464,0.5492780089378357,0.39671826362609863,-0.038657909631729104,0.5273388028144836,0.5133553504943847,-0.017909446917474262,0.5239887595176698,0.4674129009246826,-0.029206029698252638,0.5256511449813842,0.4366360902786255,-0.03671398945152754,0.5295220971107483,0.4096005856990815,-0.04162911996245378,0.5158753395080566,0.5324887156486511,-0.0223962567746639,0.5092182874679565,0.4991048574447632,-0.0341869849711656,0.5068342328071594,0.47466314435005186,-0.040703335404396,0.5066396832466126,0.45060598850250244,-0.044817154854535995
0.538210391998291,0.6163184881210327,2.1225758644050078e-07,0.5593479037284852,0.5939364671707152,-0.010409437492489761,0.5739306092262269,0.5559738993644715,-0.015894067659974042,0.5842982530593872,0.5228651642799378,-0.020923198387026738,0.5956875681877136,0.4950671255588531,-0.0262817800045013,0.5545131206512451,0.5013176381587983,-0.00979578718543048,0.5613072872161866,0.4579619467258454,-0.01914344616234298,0.5657630801200867,0.42983596324920653,-0.02661925181746478,0.5698929190635682,0.4047250807285309,-0.03216146938502782,0.5401918888092041,0.4989857614040375,-0.011137335188686781,0.5422354698181152,0.4518431901931762,-0.01990805231034752,0.5449684858322144,0.4197598695755005,-0.02701057381927962,0.5482447862625123,0.3925549268722534,-0.032186109945178024,0.5271109938621522,0.5083246231079102,-0.014089156500995141,0.5242072224617005,0.46228110790252686,-0.02376685142517086,0.5253984093666076,0.431765204668045,-0.030183200165629344,0.5285394787788391,0.40456224083900455,-0.03433209322392934,0.5154504299163818,0.5267159461975097,-0.017928076162934282,0.5089518308639526,0.49350706338882444,-0.028153014928102443,0.506455671787262,0.46961351037025445,-0.03354363478720182,0.5060396313667298,0.44580912590026855,-0.03677619844675058
0.5373037695884706,0.6141022920608521,2.0695260616321323e-07,0.5587500333786011,0.5925129055976868,-0.010280019603669602,0.5737988829612732,0.5552528738975525,-0.015427808463573401,0.5844545960426331,0.5218502044677735,-0.02011252082884308,0.5959869742393494,0.49452962875366213,-0.02501448988914486,0.5542967438697816,0.49867121577262885,-0.00837143445387478,0.5611750602722169,0.4554039001464844,-0.01687602438032624,0.5655138611793518,0.4276233851909637,-0.02395507246255868,0.5694180011749268,0.40272925496101386,-0.02924347594380372,0.539892876148224,0.49561905860900884,-0.00942961079999798,0.5419756889343261,0.4478227972984314,-0.017187935486435844,0.5443936705589295,0.4156826257705688,-0.02383793070912356,0.5471453309059144,0.3884564399719238,-0.02874240726232526,0.5267514824867249,0.5040988147258759,-0.012110921368002861,0.5239221334457398,0.4577993810176849,-0.020726225897669738,0.5248226642608643,0.4275277316570281,-0.026695190370082805,0.5274563074111939,0.4005615413188935,-0.030639272555708818,0.5149322390556336,0.5215981960296631,-0.01573328003287314,0.508466923236847,0.4883428871631622,-0.024928869307041124,0.5059315681457519,0.4649173200130462,-0.029768323153257302,0.5053755402565002,0.4414834678173065,-0.03267614059150214
0.536542284488678,0.6124427437782287,2.0197286119127968e-07,0.5582397937774659,0.5914246916770936,-0.010359252057969521,0.5735966086387635,0.5546881318092347,-0.0154506348073482,0.584364128112793,0.521134102344513,-0.0200229179114103,0.5961555361747742,0.4944563269615174,-0.024745406955480543,0.5539435982704164,0.49688531160354615,-0.008117989730089861,0.5608335375785829,0.453008645772934,-0.0162181660532951,0.5650202989578248,0.4252639412879944,-0.023039067909121438,0.5686862230300904,0.4004437625408173,-0.028143756091594644,0.5394745945930481,0.49356518983840947,-0.00894901426509016,0.5415894865989686,0.444732004404068,-0.016195029020309382,0.5438276290893554,0.41249703764915463,-0.022548704221844643,0.5462100386619568,0.38529520034790044,-0.02725712321698662,0.5263214111328125,0.5015194773674011,-0.01138542313128706,0.5235942363739015,0.45449011921882626,-0.019396469742059642,0.5242678761482239,0.424150013923645,-0.025098145753145184,0.5264589905738831,0.39725694656372074,-0.02892008386552328,0.5145084738731385,0.5182772397994996,-0.01479319985955952,0.5080349683761598,0.48459935188293457,-0.023364106565713822,0.5053762912750245,0.46125668883323667,-0.0278767727315425,0.504568874835968,0.43797690868377687,-0.030597826838493304
0.5361387252807617,0.6108722448348999,1.996424231265337e-07,0.5579022645950318,0.590311336517334,-0.01058633923530574,0.5733996391296388,0.5542195320129395,-0.015735934861004303,0.5842565536499024,0.5206257939338684,-0.0203077923506498,0.5963675737380981,0.49449079632759096,-0.0249656535685062,0.5536909818649293,0.49509282708168034,-0.007983547914773181,0.5605967283248902,0.4510842919349671,-0.01583657860755916,0.5645891904830933,0.4234377980232239,-0.02254536710679524,0.568010687828064,0.39864231348037726,-0.027586825937032666,0.5392118096351624,0.4915875375270844,-0.00860519623383874,0.5412985682487488,0.4422517895698548,-0.015515791997313422,0.5433382749557496,0.4100773990154266,-0.02169585004448888,0.5454427957534791,0.3829277813434601,-0.02631034255027766,0.5260737061500549,0.49926020503044133,-0.01084535792469974,0.5233767390251161,0.45198178887367246,-0.01848204880952828,0.523833966255188,0.42174825072288513,-0.024028330668807003,0.5257214903831482,0.39501317739486697,-0.02779283411800856,0.5142494797706604,0.5156702160835267,-0.01409800872206686,0.5077068209648132,0.4819008767604829,-0.022277402505278526,0.504917585849762,0.45866919755935665,-0.026594496518373402,0.5039326310157777,0.4355495095252991,-0.029213758930563882
0.5354674696922302,0.6089293599128723,1.9888632891706952e-07,0.5573588132858277,0.588805067539215,-0.01094360183924432,0.5731399297714234,0.5536717772483826,-0.016239253431558562,0.5841491460800171,0.5200475573539735,-0.02087160348892208,0.5966527700424195,0.49442669749259954,-0.025525669008493384,0.5533252120018006,0.4930759072303772,-0.0079741357825696,0.5601049065589905,0.44880563020706177,-0.0155776515603065,0.5638272285461425,0.4211709201335907,-0.0221853215247392,0.5669737815856933,0.39633754491806034,-0.027164826169610003,0.5387787818908691,0.48932987451553345,-0.0083066013641655,0.5408328771591187,0.43942075967788696,-0.014872904308140202,0.542647683620453,0.4071260988712311,-0.020899166911840402,0.5444776177406311,0.3799448430538178,-0.02543520294129842,0.525608479976654,0.4966730237007141,-0.01027253679931158,0.5229783773422242,0.4491261303424835,-0.01751564927399152,0.5231977224349975,0.41888319253921513,-0.022940200194716424,0.5247666239738464,0.39224215149879454,-0.026672622561454723,0.5137583613395691,0.5126102209091187,-0.01330125071108338,0.5072543144226075,0.47858323454856877,-0.021050885319709726,0.5043668866157531,0.45548493266105655,-0.02516789361834518,0.5032030344009399,0.4326071381568909,-0.027685612440109204
0.534805703163147,0.6079168558120728,1.971292562075178e-07,0.5568626880645753,0.5877192139625549,-0.01115664858371014,0.5728015184402466,0.5529967546463013,-0.01654958501458164,0.5839247822761536,0.5193704366683961,-0.02123315520584578,0.5967007040977478,0.4940940678119659,-0.025911008194088883,0.5528240084648133,0.4918036639690399,-0.00810427879914636,0.5593752384185791,0.4469394743442536,-0.015622244030237141,0.5628573417663574,0.419104677438736,-0.02218455001711838,0.5657522797584533,0.39414432644844055,-0.027110354974865903,0.5382178425788879,0.48805055022239685,-0.0082895989529788,0.5401126027107239,0.4375739097595215,-0.014705605059862063,0.541688895225525,0.40508021116256715,-0.020673258602619142,0.5432377338409424,0.37783338427543645,-0.025167736411094602,0.5250454545021057,0.4952314734458923,-0.01011361051350826,0.5223748922348023,0.4475592017173767,-0.01713152863085264,0.522453796863556,0.41700962185859686,-0.022509643435478184,0.5237884879112243,0.390185934305191,-0.02622837461531158,0.5131901264190674,0.5108036756515504,-0.013032414764165839,0.5067699074745179,0.47633823156356814,-0.020498021692037523,0.5038453936576843,0.45310887694358826,-0.02447896152734748,0.5025656461715698,0.43025786876678473,-0.02692018374800678
0.5339762330055237,0.607016670703888,1.9494778484840942e-07,0.5561698198318482,0.5867572188377381,-0.01136583983898158,0.5722073197364808,0.5523219227790833,-0.01695618294179434,0.5834869861602783,0.5186991810798645,-0.021792745217680883,0.596554958820343,0.49369421005249026,-0.02662090547382826,0.5521987795829773,0.4910941183567047,-0.008716077171266021,0.5585185527801514,0.4454819500446319,-0.016384321823716103,0.5618165254592895,0.41728745102882386,-0.02296639271080488,0.5645050883293152,0.39211814999580386,-0.027876056730747202,0.5376319289207458,0.4873716056346894,-0.008834309503436041,0.5393592119216919,0.43629993200302125,-0.01537809520959848,0.5407545924186707,0.40361578464508063,-0.02136924602091308,0.5420622110366822,0.37625117897987365,-0.02586131766438478,0.5244837760925293,0.4944129705429077,-0.010565972886979521,0.5218239784240722,0.44640051126480107,-0.017617873102426483,0.5218269348144532,0.41554018259048464,-0.0229886211454868,0.5229778051376343,0.3884443163871765,-0.026694569736719083,0.5126356601715087,0.5096979379653931,-0.013406606391072221,0.506303608417511,0.4748929619789124,-0.020808324217796263,0.5033108234405518,0.45150291323661806,-0.02473012804985038,0.5018210530281066,0.4286244571208955,-0.02712900973856444
0.5332387089729309,0.606110441684723,1.9491162106533016e-07,0.5555295586585999,0.5855300188064576,-0.011316013894975139,0.5717180728912353,0.5512149930000305,-0.016953981667756978,0.5831307768821716,0.5177708506584168,-0.02184103988111014,0.5962685346603394,0.49305756092071534,-0.02672990188002582,0.5515132904052734,0.49043761491775517,-0.00895239971578116,0.557545256614685,0.44439901709556573,-0.016675341874360983,0.560711419582367,0.4159566879272461,-0.023256721720099398,0.5632960796356201,0.3906485378742218,-0.028120914474129646,0.5369274258613587,0.486720883846283,-0.009078317694365921,0.5384815692901611,0.43529279828071593,-0.01564453803002828,0.5397537827491761,0.4023318529129029,-0.02161123231053346,0.5409213542938233,0.37483997941017144,-0.0260632168501615,0.5237390279769898,0.493626469373703,-0.01078275293111794,0.5210073828697205,0.44553799033164987,-0.0177478581666946,0.5210238933563232,0.4144024968147278,-0.02301694415509696,0.5221049547195434,0.3871638834476471,-0.026637379080057103,0.511812686920166,0.508582615852356,-0.013596065901219782,0.5056168675422669,0.4732424080371857,-0.020784865319728802,0.5027287125587464,0.4496067583560944,-0.02453195415437214,0.5012602388858796,0.4266826629638672,-0.026805882528424203
0.5325011849403382,0.6052042126655579,1.948754572822509e-07,0.5548892974853515,0.584302818775177,-0.0112661879509687,0.57122882604599,0.5501080632209778,-0.01695178039371962,0.582774567604065,0.516842520236969,-0.0218893345445394,0.5959821105003357,0.49242091178894043,-0.026838898286223378,0.5508278012275696,0.4897811114788056,-0.009188722260296302,0.5565719604492188,0.4433160841464996,-0.016966361925005863,0.5596063137054443,0.41462592482566835,-0.02354705072939392,0.562087070941925,0.3891789257526398,-0.028365772217512086,0.5362229228019715,0.48607016205787656,-0.009322325885295801,0.5376039266586303,0.4342856645584106,-0.01591098085045808,0.5387529730796814,0.40104792118072513,-0.02185321860015384,0.5397804975509644,0.3734287798404694,-0.02626511603593822,0.5229942798614502,0.4928399682044983,-0.01099953297525636,0.5201907873153686,0.44467546939849856,-0.01787784323096272,0.5202208518981934,0.413264811038971,-0.023045267164707117,0.5212321043014526,0.38588345050811773,-0.026580188423395122,0.5109897136688232,0.5074672937393189,-0.013785525411367341,0.5049301266670227,0.471591854095459,-0.02076140642166134,0.5021466016769409,0.44771060347557073,-0.024333780258893902,0.5006994247436524,0.4247408688068389,-0.026482755318283962
0.5319178104400635,0.6038987994194032,1.9311654853026996e-07,0.5543678283691407,0.5829411149024963,-0.011145153827965219,0.5707170605659484,0.5486848592758179,-0.016765796393156,0.5823644638061523,0.5158411979675294,-0.021659956127405122,0.5955053806304932,0.49181329607963564,-0.026579845324158642,0.5501115798950195,0.4885678946971894,-0.00927277244627472,0.5556966900825501,0.44201388359069815,-0.01706673279404636,0.5586539745330811,0.4132961392402649,-0.02363699413835998,0.5610090732574463,0.38784898519515987,-0.028409165889024687,0.5354848980903626,0.4849967777729034,-0.009453202039003301,0.5366806745529176,0.4331253588199615,-0.016004174016416,0.5377055406570435,0.3999020278453827,-0.02189555428922168,0.5385483384132386,0.37228999137878416,-0.02625892870128152,0.5222614407539368,0.49177428483963015,-0.01114901322871438,0.5193543195724487,0.44381983876228337,-0.01789401397109028,0.5194275259971619,0.4123694121837616,-0.022920273244380902,0.5204034686088562,0.38493619561195375,-0.026350921019911745,0.5101935982704163,0.5063304781913758,-0.013955398090183662,0.5040977954864502,0.47029429078102114,-0.020709818229079205,0.5013644576072693,0.44624801278114323,-0.02407891079783432,0.4999583065509796,0.42318513393402096,-0.026082730665802883
0.5312061190605164,0.6021368861198426,1.915041025313258e-07,0.5538049221038819,0.5814569473266602,-0.01118063963949676,0.5702834606170655,0.547620153427124,-0.0168341320008039,0.5820568442344666,0.515161895751953,-0.0217418927699327,0.5951501488685609,0.49138878583908085,-0.0266701079905033,0.5494099974632264,0.48728075623512274,-0.00943290609866376,0.5548752188682556,0.4408555805683136,-0.01720954775810238,0.5577410936355591,0.4122582376003266,-0.023769925534725143,0.5599746108055115,0.38682616949081416,-0.028527236357331225,0.5347683191299439,0.4836724936962128,-0.00956607442349188,0.5358559131622315,0.4319551527500152,-0.01606421321630472,0.5368552565574647,0.3989505052566528,-0.02188977524638168,0.5376168727874756,0.3714242219924926,-0.026207607984542816,0.5215637445449829,0.49037962555885317,-0.01119202319532624,0.5185581564903259,0.4426514625549316,-0.017847355082631078,0.5186461210250854,0.41149209141731263,-0.02272557318210596,0.5195577383041382,0.3842622697353363,-0.02604696527123448,0.5095097064971924,0.5048675060272216,-0.0139365412294864,0.5032501578330993,0.4689338028430939,-0.020545633882284125,0.5004821479320526,0.44495792388916017,-0.02374937646090978,0.49900906085968016,0.42196251153945924,-0.025631870329379962
0.5303475856781006,0.6003087162971497,1.9185456210379927e-07,0.5531497240066529,0.5801501154899598,-0.01138726994395252,0.5697918295860291,0.546654748916626,-0.017057965695857963,0.5816420197486878,0.5144482016563415,-0.021926299855112984,0.5947299599647522,0.4908787727355957,-0.02679682672023772,0.5486660361289979,0.4856381773948669,-0.0095240637660026,0.5540405631065369,0.43953937888145445,-0.01723754331469532,0.556828784942627,0.41105337142944337,-0.02378859408199782,0.5589537501335144,0.38566264510154724,-0.028550960496067965,0.5338777661323548,0.4820190608501434,-0.00949785858392708,0.5349022269248963,0.430714076757431,-0.01592910755425684,0.535887348651886,0.39800803065299983,-0.02172964215278618,0.536608636379242,0.3706202208995819,-0.0260336138308048,0.5206126332283021,0.4887609302997589,-0.010967927984893239,0.5175758123397827,0.4414668798446656,-0.01756497137248512,0.5176282525062561,0.4106329679489136,-0.022384102270007082,0.5184946537017823,0.38359740376472473,-0.02565499842166898,0.5084882616996765,0.5033406376838684,-0.013575990684330401,0.502089649438858,0.46770881414413457,-0.02009930089116092,0.49937307238578804,0.4438867807388306,-0.0232278268784284,0.4980382442474365,0.4209564387798309,-0.02505062781274312
0.5296572327613831,0.5987099885940552,1.9215905524561098e-07,0.5526199579238892,0.57923504114151,-0.0117107234895229,0.569398057460785,0.5460282802581787,-0.017407971993088682,0.5813349962234498,0.5139525294303894,-0.02223449610173698,0.5944163084030152,0.4904076933860778,-0.02704216614365576,0.548130476474762,0.48403653502464294,-0.00958341453224414,0.553442406654358,0.43828085660934446,-0.017236940190196,0.5561630845069886,0.4099233448505402,-0.02380014657974238,0.5581831693649292,0.3845665633678436,-0.02859636321663854,0.5332005977630616,0.4804365575313568,-0.0093586686998605,0.5340993404388428,0.4296507060527801,-0.015727437660098,0.5350286722183228,0.3973236680030823,-0.02155496366322034,0.5356916189193726,0.3701028943061828,-0.025895712152123423,0.5198912739753724,0.48726524114608766,-0.010656931437551899,0.5168336033821106,0.44054943323135376,-0.01723493300378318,0.5168107628822327,0.4100403070449829,-0.02208225093781944,0.5176133275032043,0.3831198334693908,-0.0253761041909456,0.5077111959457398,0.502025020122528,-0.01312379054725164,0.5011581182479858,0.4669752717018128,-0.01964677013456816,0.49843363165855414,0.4434512913227081,-0.0227842960506677,0.497181099653244,0.42063877582550047,-0.02461014129221434
0.5288305640220643,0.5971687078475952,1.9073588077844761e-07,0.5521201372146607,0.5783393383026123,-0.01205496490001674,0.5689267516136169,0.5452968716621399,-0.017743861675262422,0.5808491587638854,0.5132875919342041,-0.022498491406440703,0.5939317345619202,0.48974169492721553,-0.02723781317472456,0.5474132657051087,0.48258386254310603,-0.009670313820242821,0.5525678277015686,0.43713299036026,-0.01727237626910206,0.555165958404541,0.4088738381862641,-0.023857936263084363,0.5570018410682678,0.3834948003292084,-0.02870599441230296,0.532350516319275,0.4790477156639099,-0.00925067979842418,0.5331653952598573,0.4286982595920563,-0.01559883132576936,0.5339323163032532,0.3965952813625336,-0.0215103648602962,0.5343919634819031,0.3694663345813751,-0.02592608667910096,0.5190068006515504,0.4860539019107819,-0.01038050763308996,0.5159589052200317,0.4397104620933533,-0.01699538677930828,0.5158226370811463,0.4094160616397857,-0.021921386197209323,0.5164911031723023,0.3825065493583679,-0.02526415623724458,0.5067768096923828,0.5010689735412597,-0.012706749141216219,0.50008265376091,0.46631225943565374,-0.01929725110530848,0.4973421812057495,0.44293337464332583,-0.02249196432530874,0.4961672008037567,0.4201058685779572,-0.02435417324304576
0.5279570698738099,0.5963079333305359,1.9006464526682976e-07,0.5515267014503479,0.577736532688141,-0.01230068001896138,0.5683860063552857,0.5446811676025392,-0.018017977848649,0.5802746653556824,0.5124204158782959,-0.022750960290431943,0.5935269117355346,0.4889515221118927,-0.02746115028858182,0.5466800451278686,0.4816145300865174,-0.009704116918146538,0.5516443014144897,0.4361844837665558,-0.017250591143965682,0.5540640115737915,0.40783232450485235,-0.023834820464253382,0.5557011246681214,0.3823644757270813,-0.02872076109051702,0.5315648674964905,0.4781029462814331,-0.009130392037332,0.5322598934173585,0.4280299603939056,-0.01548597570508712,0.5329040050506593,0.39606983065605167,-0.02146108448505398,0.5332181930541993,0.3690551698207855,-0.025924549624323803,0.5181804537773133,0.48517466187477115,-0.010119871236383861,0.5150808215141296,0.4390273988246918,-0.01678940877318378,0.5148138403892517,0.4088776111602783,-0.021772059798240623,0.5153259873390198,0.3820460557937622,-0.02514245286583898,0.5058893918991089,0.5002684831619263,-0.01232076715677972,0.49910563230514526,0.465652346611023,-0.01897617504000658,0.4963528692722321,0.4423634171485901,-0.022234334051608986,0.49521241188049314,0.41956040263175964,-0.02413375265896316
0.5271093249320985,0.5960606455802917,1.8981037044341065e-07,0.5508967995643617,0.5773314356803895,-0.01232909020036454,0.5677281260490418,0.5438544154167175,-0.017998661100864382,0.5795656442642212,0.5115516543388366,-0.022679357603192306,0.5929594993591308,0.4882050514221192,-0.02735289782285686,0.5459474086761475,0.48098087310791016,-0.00968633554875844,0.5506919503211976,0.43549667596817015,-0.017204673588275862,0.5529892921447754,0.4070374190807343,-0.023776016756892164,0.5545048475265503,0.38150478005409244,-0.02867177203297612,0.5307500243186951,0.4776245951652527,-0.00908815599977964,0.5313491106033326,0.4275745511054992,-0.01546217706054442,0.531910276412964,0.3955492496490479,-0.02148522771894928,0.5321392178535462,0.36852537393569945,-0.025974294170737218,0.5172777771949768,0.4848494052886963,-0.010053385421633679,0.5141733765602112,0.43864381909370426,-0.016763864457607223,0.5138520836830138,0.4084440529346466,-0.0218051731586456,0.5143296003341675,0.3815486252307892,-0.025201892107725124,0.5048737406730652,0.5000551581382752,-0.01222652643918986,0.4981442391872406,0.46533910632133485,-0.0189297959208488,0.49542493224143985,0.4420056164264679,-0.022241866961121504,0.4943588495254516,0.41913152933120723,-0.02417096570134158
0.5264564514160156,0.5960515975952149,1.8747102785710014e-07,0.5503575801849366,0.5771755337715149,-0.01231155544519418,0.5670926094055176,0.5435503125190735,-0.01798170357942578,0.5788682222366334,0.5111230373382568,-0.02267643176019188,0.5924153804779053,0.4879646301269532,-0.02738138958811756,0.5453574538230896,0.4807799875736237,-0.009718902967870181,0.5498946070671081,0.43518929481506347,-0.017238118872046418,0.5520287275314332,0.40666548013687137,-0.0238177258521318,0.5533884644508362,0.3810461044311524,-0.02873439677059646,0.5302196621894837,0.4774993717670441,-0.009153669141232921,0.5307677865028382,0.42735615968704227,-0.01554918773472304,0.5312054395675659,0.39520165324211126,-0.02158429287374016,0.5312982559204101,0.3681143939495086,-0.0260841846466064,0.5167659163475037,0.48481244444847105,-0.010148693621158559,0.5136019229888917,0.4384312927722931,-0.01687459088861938,0.5132405757904053,0.40818066000938413,-0.021902802586555442,0.5136674046516418,0.3812691211700439,-0.02528975307941434,0.5043414473533631,0.5001107215881347,-0.01235361061990256,0.49754396677017215,0.4651024997234345,-0.01908174157142634,0.4947697997093201,0.4416250169277191,-0.022407973185181562,0.4936463236808777,0.41860343813896184,-0.02435033023357386
0.5258035778999329,0.596042549610138,1.8513168527078962e-07,0.5498183608055115,0.5770196318626404,-0.01229402069002382,0.5664570927619934,0.5432462096214294,-0.01796474605798718,0.5781708002090454,0.510694420337677,-0.022673505917191458,0.5918712615966797,0.48772420883178713,-0.02740988135337826,0.5447674989700317,0.4805791020393372,-0.00975147038698192,0.5490972638130188,0.4348819136619567,-0.01727156415581698,0.5510681629180908,0.4062935411930084,-0.023859434947371444,0.5522720813751221,0.3805874288082123,-0.0287970215082168,0.5296893000602723,0.47737414836883546,-0.0092191822826862,0.5301864624023438,0.42713776826858524,-0.01563619840890166,0.5305006027221679,0.39485405683517455,-0.021683358028531042,0.5304572939872741,0.36770341396331785,-0.026194075122475582,0.5162540555000306,0.48477548360824585,-0.010244001820683439,0.513030469417572,0.4382187664508819,-0.016985317319631543,0.5126290678977967,0.4079172670841217,-0.022000432014465283,0.5130052089691163,0.3809896171092987,-0.02537761405110356,0.5038091540336609,0.5001662850379944,-0.012480694800615262,0.4969436943531037,0.46486589312553406,-0.01923368722200388,0.4941146671772003,0.44124441742897036,-0.022574079409241624,0.49293379783630376,0.41807534694671633,-0.024529694765806142
0.5249112367630004,0.5961010932922364,1.8432543242852266e-07,0.5489282488822937,0.5768588662147522,-0.01226434763520948,0.5657063841819763,0.5430531859397888,-0.017952034994959783,0.5775389671325684,0.5105046153068543,-0.022689647972583722,0.5913678646087648,0.48759890198707584,-0.027437628060579262,0.5441412091255188,0.48024334311485295,-0.009616859816014721,0.548459029197693,0.43450956344604486,-0.017098137363791423,0.550369417667389,0.40591422915458675,-0.02368241176009174,0.5515364766120912,0.38020620346069334,-0.028629320859909,0.5290649890899659,0.4770410180091858,-0.009103175625205,0.5295225501060487,0.42693222761154176,-0.015486061200499501,0.5298446893692017,0.3947501480579376,-0.021527401357889143,0.5298255681991577,0.36764392256736755,-0.026041883230209298,0.5156119585037231,0.4843974292278289,-0.010153088532388159,0.5124099850654602,0.4380071640014648,-0.016867352649569463,0.5120057463645935,0.40773598551750184,-0.021871074661612463,0.5123664975166321,0.3808245778083801,-0.02525083348155018,0.5031420230865479,0.4997421681880951,-0.012417274899780702,0.4962961494922638,0.4645520687103271,-0.019150295108556682,0.4934373617172241,0.4409886181354523,-0.02247906513512128,0.4921933233737945,0.4178468465805054,-0.024427821114659264
0.5243303418159485,0.5961075186729431,1.8360728404331894e-07,0.5482854247093201,0.5769309878349305,-0.01228478327393524,0.5650674581527709,0.5430761337280273,-0.017975134775042482,0.5768575549125672,0.5106311082839967,-0.02271756008267398,0.5907139182090759,0.48771948814392085,-0.027460527047514883,0.5435447096824646,0.47999984622001646,-0.00958683304488654,0.5477926015853882,0.43436234593391415,-0.017072339355945543,0.5497284173965454,0.40585562586784363,-0.023650164902210204,0.5509914994239807,0.38024047613143924,-0.028588737919926603,0.5284183979034424,0.47683426737785345,-0.00907797068357464,0.5288113236427308,0.426760357618332,-0.015454233065247501,0.5291833758354187,0.39462513327598575,-0.021480017527937843,0.5292890191078187,0.36749108433723443,-0.0259885616600513,0.5149557232856751,0.48417870402336116,-0.010149260982871021,0.5118010520935059,0.43788763284683224,-0.01688652336597438,0.5114262938499452,0.40762583613395686,-0.021919535845518062,0.511858868598938,0.38070128560066224,-0.025320544466376257,0.5024890542030335,0.4994839370250702,-0.012438720650970882,0.495664232969284,0.4644336104393005,-0.019209849834442082,0.4927666366100311,0.4409581303596497,-0.022579369693994465,0.49147672653198243,0.41784261465072625,-0.024559500068426082
0.5238168358802796,0.5961672544479371,1.8296337032097656e-07,0.5476383805274964,0.5770242214202881,-0.01228023450821632,0.5645314216613769,0.5432552456855775,-0.01796987950801844,0.5764607667922974,0.5109781622886658,-0.022711129859089803,0.5902606964111329,0.48796221017837527,-0.027444212883710843,0.5429437160491944,0.4800017774105072,-0.00950240697711702,0.5472670435905457,0.4344159662723541,-0.0169251702725887,0.5491999745368958,0.4059700310230255,-0.02348366454243658,0.5504584550857544,0.3803848743438721,-0.028424136340618085,0.527875792980194,0.47681277990341187,-0.00899151191115376,0.5282204151153564,0.42675658464431765,-0.01531706172972914,0.5285682439804078,0.3946460783481598,-0.021352963522076565,0.5286378622055053,0.367556756734848,-0.0258906908333301,0.514454197883606,0.48411266207695003,-0.01006477959454056,0.5112545609474182,0.4379146456718445,-0.01677973233163352,0.5108415842056274,0.4076896429061889,-0.02186156474053854,0.5111816883087159,0.3808276236057282,-0.02531960979104038,0.5020385742187501,0.4993140697479248,-0.012353655882179682,0.4951013803482055,0.46440474390983577,-0.01912700496613972,0.49212465286254886,0.4409952819347382,-0.022538718581199584,0.49072448611259456,0.41792753934860233,-0.024566451460123026
0.5234490036964417,0.5963602781295777,1.8305460400824816e-07,0.5471890330314636,0.5770038127899171,-0.012225435487925962,0.5642105937004089,0.5432120442390442,-0.0178878895938396,0.5762707829475403,0.5112388491630555,-0.022610580921173042,0.5899588704109192,0.4880159258842468,-0.027327179163694364,0.5424721360206604,0.48013195395469666,-0.0093770574778318,0.546871554851532,0.4345781326293945,-0.01673169173300264,0.5488378643989563,0.40619311332702634,-0.0232613295316696,0.5501342415809631,0.38066799640655524,-0.02819233834743494,0.5274047374725341,0.47696812748908995,-0.00889178160578008,0.5277056574821473,0.42695361375808716,-0.015167802572250321,0.5280537724494935,0.39482770562171937,-0.021235986426472626,0.5281097531318665,0.3677806854248047,-0.0258126232773065,0.5139705061912536,0.4842526853084564,-0.009991404227912401,0.5107395052909851,0.4381299138069153,-0.0166965071111917,0.5103174805641175,0.4078790009021759,-0.0218603808432817,0.5106000781059266,0.3809914529323578,-0.02539395652711388,0.5015751481056214,0.4993223249912262,-0.01229436583817,0.4946101069450378,0.4645233631134033,-0.019090027362108162,0.4916145622730255,0.44116902947425846,-0.022553549706935825,0.49016928076744076,0.41815786957740786,-0.024630436673760383
0.5229771494865417,0.5965499281883241,1.8285288660990775e-07,0.5467324614524842,0.5771327495574952,-0.012170109897851902,0.5638444900512696,0.5433285593986511,-0.01777937822043892,0.5759438037872315,0.5114661693572998,-0.022454751655459345,0.5895135879516602,0.48798005580902104,-0.027117605134844742,0.5419136643409729,0.48022331595420836,-0.009181306883692699,0.5463104248046875,0.4347435176372528,-0.016445039212703683,0.5483209848403932,0.40643463134765623,-0.02291836105287072,0.549696946144104,0.381025117635727,-0.027816317230462982,0.5268229842185974,0.47707485556602475,-0.008683362603187502,0.5270593762397766,0.4271836936473846,-0.01487805582582944,0.527434229850769,0.3951035261154175,-0.020936699211597402,0.5275510311126709,0.368156361579895,-0.02551710903644556,0.5133899450302124,0.4843685746192932,-0.00977546107023952,0.5101490616798401,0.43837203383445744,-0.01645707488059992,0.509673297405243,0.40807998180389404,-0.02168617136776444,0.5099059462547302,0.38116617202758796,-0.02527679651975628,0.5010596871376038,0.49939364790916446,-0.01205828860402102,0.49408262372016903,0.4648003697395325,-0.01887396313250058,0.491034871339798,0.4415531933307648,-0.02239195667207236,0.48952386975288387,0.4186674475669861,-0.024511281028389904
0.5227397561073304,0.5969725012779236,1.8314724457013656e-07,0.5463985085487365,0.5774915814399719,-0.012173710949718922,0.5635441064834594,0.5436241149902344,-0.0177954565733671,0.5756985425949097,0.51188383102417,-0.022481155022978726,0.5891408443450927,0.48819496631622317,-0.02715987153351302,0.5415177464485168,0.480621874332428,-0.009252143464982461,0.5458949089050293,0.435133695602417,-0.01654368080198762,0.5479151487350464,0.40680426359176636,-0.02303863987326618,0.5493008255958558,0.3813226997852326,-0.0279532872140407,0.5264427423477173,0.47744278907775883,-0.00876211207360024,0.5266397833824158,0.4275617778301239,-0.01495936755090946,0.5270132303237915,0.3954610824584961,-0.0210296150296926,0.5271202325820923,0.3684771299362183,-0.025626970082521384,0.5130044221878052,0.4847628951072693,-0.00985887218266724,0.5096880674362183,0.4387471675872803,-0.01653744019567962,0.5091779708862305,0.40841872096061704,-0.02178556136786934,0.5093487143516541,0.3814330041408539,-0.0254047233611345,0.5006931245326997,0.4998135805130005,-0.012145800702273802,0.4936977207660675,0.4652652859687806,-0.018967282399535122,0.4906023323535919,0.44202979207038884,-0.02249456755816932,0.4889944076538086,0.4191617131233215,-0.024628912657499284
0.5224412441253663,0.5977149724960328,1.8281922962160026e-07,0.5460800766944885,0.5779693841934205,-0.012134420871734601,0.5633131384849549,0.5441179156303406,-0.0177823521196842,0.5755657315254212,0.5123678207397462,-0.0225124262273311,0.5889383554458618,0.488488107919693,-0.027249418199062302,0.5412344813346863,0.4813956618309021,-0.00931021515280004,0.545674753189087,0.4358006000518799,-0.016650555282831162,0.5476770997047425,0.4073618292808533,-0.02319278344511982,0.5489854454994202,0.38168101906776425,-0.028154457733035022,0.5262336492538452,0.4782046139240265,-0.008884215727448401,0.526462209224701,0.42832804918289186,-0.01513261720538134,0.5267613053321838,0.39617255330085754,-0.021260899305343584,0.526730191707611,0.3691230833530426,-0.0259094808250665,0.5128135085105896,0.4855657160282135,-0.010034185647964461,0.509441089630127,0.43943517804145815,-0.01674314923584456,0.5088514685630798,0.40898467898368834,-0.022005153447389562,0.5088853120803833,0.3818652093410492,-0.025649024173617342,0.5005068242549897,0.5006852746009827,-0.01237028613686556,0.4934523642063141,0.4660537302494049,-0.01921729445457452,0.4903293669223785,0.4426940262317658,-0.02274495214223858,0.4886540114879608,0.4197320282459259,-0.024886500462889642
0.5222135663032532,0.5983779191970826,1.8353654240854672e-07,0.5458346724510194,0.5787897109985352,-0.01228539552539584,0.5630847930908204,0.544998288154602,-0.01801632344722746,0.5752729058265686,0.5131081342697145,-0.02280744090676302,0.5886300802230835,0.4890953481197357,-0.02759044840931886,0.5410935163497925,0.48186362385749815,-0.00944982804358,0.5455363512039184,0.43623103499412536,-0.016876623034477203,0.5475212216377259,0.40777161121368405,-0.02348543405532832,0.5487934112548829,0.3820061028003693,-0.028489056974649384,0.5260880708694459,0.47868067622184757,-0.00897747240960592,0.5263784527778625,0.4287984311580658,-0.01528954859822984,0.5266415476799011,0.396673196554184,-0.021456430479884103,0.5265654563903809,0.3695483326911927,-0.026129616424441282,0.5126523852348328,0.4860891997814179,-0.01009292453527448,0.5093518853187562,0.439942342042923,-0.01684589646756644,0.5087250351905823,0.4094911158084869,-0.02210678532719608,0.5087191343307496,0.382326728105545,-0.025742580369114844,0.5002786457538605,0.501323002576828,-0.01241047233343118,0.49331567883491517,0.4666642904281617,-0.019283439218997903,0.4901827156543731,0.4432962536811829,-0.0228046044707298,0.48845486640930175,0.4203142642974854,-0.02493170276284214
0.5219858884811401,0.5990408658981323,1.8425385519549315e-07,0.54558926820755,0.57961003780365,-0.012436370179057082,0.5628564476966859,0.5458786606788635,-0.01825029477477072,0.5749800801277161,0.5138484477996826,-0.023102455586194944,0.5883218050003052,0.4897025883197785,-0.02793147861957542,0.5409525513648987,0.4823315858840942,-0.00958944093435996,0.5453979492187501,0.43666146993637084,-0.01710269078612324,0.5473653435707092,0.40818139314651486,-0.02377808466553682,0.5486013770103455,0.38233118653297427,-0.028823656216263743,0.5259424924850464,0.4791567385196686,-0.00907072909176344,0.5262946963310242,0.4292688131332398,-0.01544647999107834,0.5265217900276185,0.3971738398075104,-0.021651961654424623,0.5264007210731506,0.3699735820293427,-0.026349752023816064,0.5124912619590759,0.4866126835346223,-0.0101516634225845,0.5092626810073853,0.4404495060443878,-0.01694864369928832,0.5085986018180848,0.4099975526332855,-0.0222084172070026,0.5085529565811158,0.38278824687004087,-0.025836136564612346,0.5000504672527313,0.5019607305526733,-0.0124506585299968,0.49317899346351624,0.4672748506069184,-0.019349583983421282,0.4900360643863677,0.44389848113060004,-0.022864256799221022,0.4882557213306427,0.4208965003490448,-0.02497690506279464
0.5218434572219849,0.599765396118164,1.841366724875116e-07,0.5454318284988403,0.5802395462989807,-0.012470806203782521,0.5627547025680543,0.5465954542160034,-0.01834673918783662,0.5748526096343994,0.5146377682685852,-0.023273588716983762,0.5882140636444091,0.49047071337699893,-0.02818063832819454,0.5408855199813842,0.482950621843338,-0.00966870654374354,0.545449447631836,0.43723066449165343,-0.0172624863684177,0.5474184989929199,0.40871649980545044,-0.0240159153938293,0.548599362373352,0.3827305912971497,-0.029118837788701023,0.5258809089660644,0.47978106737136844,-0.00918677821755404,0.5263069033622741,0.4298754334449768,-0.015638621523976298,0.5264768600463867,0.39773484468460085,-0.021920150890946344,0.5262372374534607,0.3703576326370239,-0.02667900361120696,0.5124282360076904,0.4872337996959687,-0.010303781367838341,0.5092345476150513,0.4411273121833802,-0.017137809470295858,0.5085891127586365,0.41068389415740963,-0.022412521392106963,0.5085009932518005,0.3834250092506409,-0.026055260747671085,0.49994274973869324,0.502566647529602,-0.012646831944584781,0.49310739040374757,0.4678247392177582,-0.019549488648772203,0.4899722874164581,0.444405871629715,-0.023047295585274664,0.4881293118000031,0.4213618755340576,-0.02515313662588592
0.5219114899635315,0.6001837491989136,1.8355127053837356e-07,0.545538604259491,0.5807923197746276,-0.01244458686560388,0.5627552390098571,0.5471797347068788,-0.01832553260028358,0.5747197270393372,0.5150435686111451,-0.023270007967948883,0.5881967186927796,0.4909780681133271,-0.028197538852691585,0.5409205079078674,0.48338376879692074,-0.00963749252259724,0.5454654335975647,0.4376064300537109,-0.01721135191619392,0.5474049568176269,0.4090984046459198,-0.02393660657107826,0.5485503554344178,0.3831425905227661,-0.029023876786231965,0.5259526491165161,0.4802307367324829,-0.009167334809899279,0.526349949836731,0.4302296280860901,-0.01561486329883334,0.5264811396598816,0.39809939861297605,-0.0218752577900886,0.5261984944343567,0.37076349854469304,-0.026619772240519483,0.5125231266021729,0.4876439571380616,-0.010294840112328481,0.5093016147613526,0.44148026704788207,-0.0171388734132051,0.5086443185806275,0.4111082792282104,-0.022409513965249022,0.508554232120514,0.3839891135692597,-0.026043781638145403,0.500054657459259,0.5029231309890747,-0.012644619494676521,0.4931542456150055,0.4681868851184845,-0.01956513784825798,0.4899809181690217,0.4448322653770447,-0.023083122447133023,0.4881007790565491,0.42190530896186834,-0.02520172409713264
0.5218502640724182,0.60048987865448,1.8303848605683018e-07,0.5455535173416137,0.5812974691390992,-0.01248546149581666,0.5627600073814393,0.5476854681968689,-0.01837011836469168,0.5747143507003785,0.5155061841011047,-0.02330995909869666,0.5882089138031006,0.49142140150070196,-0.02822798527777188,0.540925133228302,0.48376266360282894,-0.00965780150145284,0.5454951882362367,0.437969708442688,-0.01722384504973884,0.5474306702613831,0.4094902634620667,-0.023945895954966503,0.5485560655593873,0.383543461561203,-0.029037253558635685,0.5259387016296387,0.4805700838565826,-0.00915420278906818,0.526342761516571,0.43056378960609437,-0.01560053583234546,0.5264781594276429,0.39847539663314824,-0.0218590315431356,0.5261652827262879,0.3711300015449524,-0.026605253294110263,0.5125223517417908,0.48796498775482183,-0.01024712156504386,0.5093043208122253,0.44186201095581057,-0.01709781922399994,0.5087084174156189,0.41160844564437865,-0.022359007224440543,0.5086301326751709,0.38455914855003354,-0.02598316818475718,0.5000941514968872,0.5032380580902099,-0.01256489455699914,0.49321371316909796,0.46852176189422606,-0.01949792131781574,0.4900653302669525,0.4452694654464721,-0.02301151156425472,0.48816564679145813,0.42248012423515324,-0.02512381561100478
0.5218613266944886,0.6006643652915955,1.818862045865899e-07,0.5456903457641602,0.5814933776855469,-0.01241006962954994,0.5628473401069641,0.5477902173995972,-0.018248021230101517,0.5747537851333618,0.5154924750328064,-0.02316308990120882,0.5883105754852296,0.4914692997932434,-0.02806810624897474,0.5409109473228455,0.4841257572174072,-0.00960653424262992,0.5454872369766236,0.43830389380455015,-0.017162209376692723,0.5474415540695191,0.4097689151763916,-0.023863658681511843,0.5485735535621643,0.3837895035743713,-0.028948622196912722,0.5259038209915161,0.48089337944984434,-0.00912992320954796,0.5263036131858826,0.4309344172477722,-0.015584860928356621,0.5264835119247437,0.398868465423584,-0.02183100506663318,0.5261932969093323,0.37151447534561155,-0.02656788416206832,0.5125205039978027,0.4882529258728028,-0.01024052165448658,0.5092902183532715,0.44219627380371096,-0.0171096637845039,0.5087446808815003,0.4119652211666107,-0.022359368950128522,0.5086880445480346,0.38491525053977965,-0.02597295492887492,0.5002026557922363,0.5035055637359619,-0.01256818491965526,0.493308699131012,0.4688415050506592,-0.019522671028971622,0.49017602801322935,0.44564735889434814,-0.023034878447651824,0.4882690966129303,0.42297983169555664,-0.02514571174979204
0.522056794166565,0.6011591553688049,1.8141453779207954e-07,0.5458665013313294,0.5819252252578735,-0.012325156480073879,0.5629147052764892,0.5480617880821228,-0.01815815046429626,0.574776840209961,0.5156341791152954,-0.023103733360767303,0.5884091258049011,0.4915192186832428,-0.028055461868643702,0.5409679293632508,0.48483901619911196,-0.0096114329993724,0.545506501197815,0.4388861835002899,-0.017258903756737665,0.547485387325287,0.41016165614128114,-0.02398868128657338,0.5486512303352356,0.38407508134841917,-0.029084354639053282,0.526014769077301,0.4815154135227203,-0.00920414421707388,0.5263576507568359,0.43144431710243225,-0.01576302368193862,0.5265794396400452,0.3992879748344421,-0.02203551456332202,0.5263257503509522,0.37184132933616637,-0.02677237875759596,0.5126708507537842,0.4887990176677704,-0.01037704367190592,0.509346354007721,0.4426378786563873,-0.017329743877053223,0.508793306350708,0.4123082995414734,-0.022579303011298145,0.5087365984916686,0.3851534008979798,-0.02617968916893,0.5004177689552307,0.5040022253990173,-0.01275776140391822,0.4935026049613953,0.4693305611610412,-0.019760096818208638,0.49039621353149415,0.44611058235168455,-0.02327090427279468,0.4884952664375305,0.42347784042358405,-0.02537599913775914
0.5222390651702882,0.6015281915664673,1.8088284718942308e-07,0.5460883021354676,0.5823466420173645,-0.0122092323377728,0.5630261182785035,0.5482251167297364,-0.017992547899484557,0.5748306751251221,0.5156331896781922,-0.022908685728907523,0.5885223627090455,0.4915586650371552,-0.0278362520039081,0.5411868929862975,0.4853211283683777,-0.00961510036140672,0.5456264734268188,0.4391982674598694,-0.017279980704188302,0.5475909590721131,0.4103459119796753,-0.02396709807217118,0.5487871408462525,0.3842554807662964,-0.029020604863762803,0.5262516975402832,0.48197885155677794,-0.00924976337701078,0.52649986743927,0.43174740076065066,-0.015835629217326622,0.5267537713050843,0.3995125651359558,-0.022060125693678802,0.5265847682952881,0.37202721834182734,-0.02674519717693324,0.5129054307937623,0.48920772671699525,-0.010451698116958081,0.5094639539718628,0.4429120302200317,-0.01742640174925324,0.5088997125625611,0.41257072091102603,-0.022632571682333923,0.5088979840278626,0.38541901111602783,-0.026189086958765918,0.5006637454032898,0.5043569207191467,-0.0128488233312964,0.4936850130558014,0.4696730196475983,-0.019872060418128917,0.49057642817497255,0.44644027948379517,-0.02338331751525398,0.48871698379516604,0.4238011419773102,-0.02547916322946542
0.5226367235183715,0.6018060445785522,1.814055366367029e-07,0.5463683724403381,0.58238422870636,-0.012105665542185262,0.563240146636963,0.5482228517532349,-0.01788337342441076,0.5750406622886658,0.5156934857368469,-0.02283680774271482,0.5886634945869447,0.49145641922950745,-0.02781362980604166,0.5413175463676453,0.4856707215309143,-0.00954536739736788,0.5457701325416565,0.43953320384025574,-0.01729797385632986,0.5477644801139832,0.41058974266052245,-0.02403910569846626,0.5490093111991883,0.3844127416610718,-0.02911844290792936,0.5264434456825257,0.48234363198280333,-0.009281796962022741,0.5267329931259156,0.43204817175865173,-0.015956574678421,0.527054488658905,0.3996709048748016,-0.022222841158509202,0.5269528031349182,0.3720085799694061,-0.02692663259804244,0.513150405883789,0.48960536718368525,-0.010589875653386059,0.5096616744995117,0.44325288534164425,-0.017632156983017882,0.5091092228889466,0.4127864480018616,-0.02283426374197004,0.509139621257782,0.3854657351970673,-0.02638167664408676,0.5009559512138367,0.5048143267631531,-0.01308920998126264,0.49394640326499945,0.4701071798801422,-0.02015575654804702,0.4908606827259063,0.4467702329158783,-0.023656780272722222,0.48902668952941897,0.42397133708000184,-0.02574563547968858
0.5231975197792054,0.6022160172462463,1.824395241101229e-07,0.5467717528343201,0.5824356317520142,-0.01186116784811014,0.5635375618934632,0.5481277823448181,-0.0175691425800323,0.57533518075943,0.5156959176063538,-0.022505154460668524,0.5888999700546265,0.4914209067821503,-0.027466526255011503,0.5415987610816956,0.4859107315540314,-0.00927086994051926,0.5460146427154542,0.43964248299598696,-0.01697028763592238,0.548011064529419,0.41067352294921877,-0.02366691268980498,0.5493197321891785,0.3845654964447021,-0.028699991106986945,0.5267706751823426,0.48263996243476864,-0.00911997128278012,0.5270443439483643,0.4322117745876312,-0.01573302708566186,0.527437973022461,0.3997485935688019,-0.02195053994655604,0.5274626612663269,0.3721158683300018,-0.02661225683987136,0.5134722828865051,0.4899165749549866,-0.01053633280098434,0.5099200367927551,0.44347373247146604,-0.017499102279543842,0.5093657851219178,0.4129140377044678,-0.02267286814749238,0.5094548344612122,0.38555848002433774,-0.02621242664754384,0.5012719750404359,0.5050867080688477,-0.01312759071588512,0.49431162476539614,0.4703140377998352,-0.02011617906391616,0.4912249267101288,0.44692808389663696,-0.023586617037653898,0.4894010722637177,0.42405656576156614,-0.02566374205052848
0.5237583160400391,0.6026259899139405,1.8347351158354285e-07,0.547175133228302,0.5824870347976685,-0.01161667015403502,0.5638349771499634,0.5480327129364013,-0.01725491173565384,0.5756296992301941,0.5156983494758607,-0.022173501178622223,0.5891364455223084,0.4913853943347931,-0.027119422703981343,0.5418799757957459,0.48615074157714844,-0.00899637248367064,0.5462591528892518,0.4397517621517182,-0.0166426014155149,0.5482576489448547,0.4107573032379151,-0.0232947196811437,0.5496301531791687,0.3847182512283325,-0.028281539306044524,0.5270979046821594,0.48293629288673395,-0.0089581456035375,0.527355694770813,0.4323753774166107,-0.015509479492902722,0.5278214573860169,0.39982628226280215,-0.021678238734602884,0.5279725193977356,0.3722231566905975,-0.02629788108170028,0.5137941598892212,0.49022778272628786,-0.01048278994858262,0.5101783990859986,0.4436945796012879,-0.017366047576069802,0.5096223473548889,0.413041627407074,-0.02251147255301472,0.5097700476646423,0.38565122485160824,-0.02604317665100092,0.501587998867035,0.5053590893745422,-0.0131659714505076,0.49467684626579284,0.47052089571952815,-0.0200766015797853,0.49158917069435115,0.4470859348773956,-0.02351645380258558,0.4897754549980164,0.42414179444313044,-0.02558184862136838
0.5240190625190735,0.6029555916786195,1.8360724425292575e-07,0.5475924253463745,0.5824404478073121,-0.01138327978551382,0.5642329812049867,0.547801172733307,-0.01687282249331472,0.5759523153305054,0.515420663356781,-0.021665623039007164,0.5893667340278625,0.49118849635124207,-0.026488899439573242,0.542112386226654,0.4862498641014099,-0.00872019827365868,0.5465082406997681,0.43976280689239505,-0.01619212366640562,0.5485257506370544,0.4107890903949738,-0.022717850655317243,0.5499384999275208,0.38486965894699093,-0.027615392208099325,0.5272861361503601,0.4831153094768524,-0.00871676001697772,0.5276392936706543,0.4325081169605255,-0.01510239131748672,0.5281627178192139,0.39987655282020573,-0.021168737113475743,0.5284081816673278,0.3723447918891907,-0.02571997679769988,0.5139689564704895,0.4904077827930451,-0.01025934182107446,0.510428822040558,0.443833041191101,-0.01700194776058194,0.5099175930023193,0.41316303014755246,-0.02212526425719258,0.5101364374160766,0.3858374059200287,-0.02565381340682502,0.5018003582954408,0.5054345846176148,-0.0129384266212582,0.49495896100997927,0.4705431818962097,-0.0197562407702207,0.4918561339378356,0.44716662764549253,-0.023188255727291083,0.49004057645797733,0.4243241012096404,-0.025253792852163302
0.5246274590492248,0.6031681537628174,1.8494455957807077e-07,0.5480031371116638,0.5822888970375062,-0.011358278989791802,0.5646550178527833,0.5477074146270752,-0.01683941744267938,0.5764030814170837,0.5153272390365601,-0.021629492938518503,0.5895493984222412,0.490745997428894,-0.02644040733575816,0.5423455834388733,0.48619656562805175,-0.008553913980722359,0.5467645049095154,0.43978343009948734,-0.01598085984587664,0.5487936854362488,0.4108902752399445,-0.02250721305608742,0.5502241373062133,0.38499190211296075,-0.027403154224157285,0.5275467991828919,0.48313983082771295,-0.00858248919248576,0.527977442741394,0.4324998199939727,-0.014910500869154882,0.5285678982734681,0.3998628556728363,-0.020961155369877763,0.5288630485534669,0.37236664295196537,-0.025504896789789143,0.5142547130584717,0.49050892591476447,-0.01017238143831488,0.5107138752937317,0.44383122324943536,-0.016865637898445102,0.5102521896362305,0.4131883800029755,-0.02196762077510352,0.5105153918266296,0.3858597099781036,-0.02549143768846986,0.5021363496780396,0.5055711269378662,-0.01290488839149468,0.4953468203544617,0.47059626579284664,-0.019680417329072882,0.49226073026657097,0.44726747274398804,-0.02307573966681956,0.4904655635356903,0.42443706989288327,-0.025122760608792278
0.5249194622039794,0.6033973813056946,1.853947679819612e-07,0.5482269883155824,0.5824545741081237,-0.011303581483662062,0.5648530006408692,0.5477584600448608,-0.01671573892235752,0.5766616463661194,0.5152349472045898,-0.021418613567948303,0.5896613001823425,0.49048776030540464,-0.02611682862043376,0.5426414728164672,0.4862527728080749,-0.00839315634220832,0.5470890879631043,0.43974915146827703,-0.015687886066734737,0.5490856528282166,0.4108698129653931,-0.022128167748451163,0.55049729347229,0.38507583141326907,-0.026952388882636985,0.5278252005577088,0.483150839805603,-0.008375012315809682,0.5282780885696412,0.43237750530242913,-0.014526850171387141,0.5288702368736268,0.39970027804374697,-0.02046329900622362,0.5291995048522949,0.37231634855270385,-0.024933729693293497,0.514535927772522,0.49045848846435547,-0.00991604719310996,0.5110542297363281,0.4437446057796478,-0.016418268904089903,0.5106378316879273,0.4131750583648681,-0.02144125886261458,0.5109619617462158,0.3860191166400909,-0.024931800737977,0.502468466758728,0.5054097890853883,-0.01260200403630726,0.49573621153831476,0.4704353749752044,-0.019218586385250022,0.4926376819610595,0.4472028255462646,-0.02254613637924192,0.4908514738082886,0.4245253801345825,-0.0245521958917379
0.5250876307487488,0.6034299969673157,1.8519179150189303e-07,0.5483373284339905,0.5825367212295532,-0.011355062387883601,0.5649368643760682,0.5478463649749756,-0.01675223410129542,0.5767876863479615,0.515106236934662,-0.02141760252416128,0.5896660089492798,0.4900963962078094,-0.02606234326958652,0.5428346157073975,0.48630313277244563,-0.0083741601556539,0.547337818145752,0.4398253738880158,-0.01564631238579744,0.5493226766586304,0.4109225690364838,-0.022073719650506904,0.5507058620452882,0.38512136936187746,-0.026879655569791765,0.5280442714691163,0.48307895064353945,-0.008301135152578321,0.5285479784011841,0.43221037387847894,-0.01438916437327856,0.5291132092475891,0.39946478605270386,-0.020273012295365263,0.529416024684906,0.37206536531448364,-0.0247104983776807,0.5148029208183289,0.49029077291488643,-0.009795490838587263,0.5113768577575684,0.443528789281845,-0.0162215735763311,0.5109681248664857,0.41301095485687256,-0.021187557280063583,0.5113034248352051,0.3859607398509979,-0.02464506626129146,0.5028130531311035,0.5051762938499451,-0.01244689337909214,0.49602549076080316,0.4702732384204864,-0.019002754613757084,0.4928825974464416,0.44710177779197696,-0.02229082509875294,0.4910809099674225,0.4245084285736084,-0.0242684125900268
0.5255547761917114,0.6035364627838135,1.8424609606881862e-07,0.548664677143097,0.5825981378555298,-0.011401527188718261,0.56522616147995,0.5477876663208009,-0.016806891188025423,0.5770215153694153,0.514916181564331,-0.021460192278027465,0.5896754860877991,0.48968069553375243,-0.026095265522599182,0.5431731820106507,0.48640775680541987,-0.00857125688344236,0.5476711869239808,0.4399350881576538,-0.015919291973113942,0.5496438145637512,0.4110144734382629,-0.022371491789817743,0.5510217189788819,0.38524590730667113,-0.027173737436532945,0.5283838868141174,0.4831963777542114,-0.0084878399968147,0.5289083838462829,0.43212726116180417,-0.01463009491562838,0.5294643163681031,0.399258816242218,-0.020503852143883623,0.5297742366790772,0.37183983325958253,-0.02492631264030926,0.5151728987693787,0.49046048521995544,-0.009968057647347421,0.5117416501045228,0.4434650361537933,-0.01642983816564078,0.5113491296768189,0.4129378139972687,-0.02138001359999176,0.5117165327072144,0.3859799802303314,-0.0248184379190206,0.5032341480255127,0.5054472208023072,-0.01260671187192194,0.4964790523052215,0.4704570114612579,-0.01918295659124846,0.4933135628700256,0.44725558757781986,-0.0224623396992683,0.49148691892623897,0.42472325563430785,-0.024429081380367222
0.5262245059013367,0.6033217191696167,1.827772678097972e-07,0.5490532040596009,0.5824468851089478,-0.0113771697506308,0.565472412109375,0.5476787447929382,-0.016827132552862105,0.5773277163505555,0.5148203611373902,-0.02153419703245156,0.5898458003997803,0.4893631339073181,-0.0262391913682222,0.5436448693275452,0.4864615380764007,-0.00870809014886614,0.548075819015503,0.439998322725296,-0.016121663153171463,0.550025200843811,0.41118333935737605,-0.02260130271315568,0.5514268398284913,0.385479211807251,-0.027411545068025563,0.528897774219513,0.48326089978218084,-0.008669683709740621,0.5293672561645508,0.4320849478244782,-0.01484790295362468,0.5299625873565674,0.3992238283157349,-0.02070788182318204,0.5303541898727417,0.371865051984787,-0.02512840107083314,0.5157482147216798,0.4905739426612854,-0.01019451096653934,0.512256121635437,0.443366926908493,-0.0166577991098165,0.5118913412094117,0.4128536343574524,-0.021587274223566023,0.5123310685157776,0.3860011756420135,-0.02502573952078814,0.5039567828178406,0.5056417226791381,-0.012877910211682261,0.4971686422824859,0.47052873969078063,-0.019462313875555942,0.4939627945423126,0.44727815985679625,-0.02274119481444354,0.4921053767204284,0.4247559726238251,-0.02472014129161828
0.526891827583313,0.6034282207489015,1.8201327236511137e-07,0.5494985580444336,0.5825292825698853,-0.011257393285632081,0.565691912174225,0.547636616230011,-0.016690583154559062,0.5775286316871644,0.5148075342178345,-0.02139993198215954,0.5899655938148499,0.48935694098472593,-0.0261349223554134,0.5440629005432129,0.4867668986320496,-0.00882888250052924,0.54845210313797,0.440150934457779,-0.016326398774981418,0.5503826856613159,0.41125208139419556,-0.02283704914152616,0.5517879247665405,0.3855556845664978,-0.027652113139629342,0.5293979763984681,0.4835812747478485,-0.00886216256767508,0.5298550486564636,0.4321834683418274,-0.01510815247893328,0.5304585337638855,0.3991468071937561,-0.020991192758083282,0.5308775782585144,0.3717441260814666,-0.02542559392750258,0.5163365960121155,0.49094461798667904,-0.0104376463219523,0.5127988457679749,0.4435387313365936,-0.01692496314644808,0.5124293804168701,0.41282496452331546,-0.021888149157166463,0.5128726124763489,0.38592129945755005,-0.025357985123991903,0.5046578764915466,0.506130313873291,-0.0131543412804603,0.49793302416801455,0.4708948314189911,-0.019760193675756422,0.4947295367717742,0.4474814295768738,-0.02306463643908494,0.492831027507782,0.42491093873977664,-0.02506895214319222
0.5278484225273132,0.6034587264060974,1.7996025007960274e-07,0.5502728223800659,0.5823754906654358,-0.011132292076945261,0.5662405848503114,0.5475050687789917,-0.01664687618613236,0.5778939247131348,0.5147292375564575,-0.021459504216909342,0.5901645660400391,0.4891192436218261,-0.026340345293283423,0.5446522116661072,0.48730428814888,-0.00923948809504504,0.5488639950752259,0.44064490795135497,-0.01693087164312594,0.5507760047912598,0.411737334728241,-0.02348444685339922,0.5522419095039368,0.38610100746154785,-0.028303636610507943,0.5300501942634582,0.484167617559433,-0.00940064918249842,0.530418872833252,0.4325343787670136,-0.015888133831322142,0.5310973525047302,0.3993311941623688,-0.02183520607650274,0.5316569447517395,0.3718541443347931,-0.02628872543573376,0.5170855283737184,0.49159868359565734,-0.0110651364549994,0.5133932948112488,0.4438636720180511,-0.01775400266051288,0.5129930496215821,0.4128875136375427,-0.022800327464938142,0.5134908914566041,0.3858821809291839,-0.0263030413538217,0.5055871844291687,0.5068794131278992,-0.01383600179105992,0.49876881837844855,0.4714170575141907,-0.0206026583909988,0.4955089330673218,0.4477841258049011,-0.02400179058313364,0.4935524702072144,0.4251402378082276,-0.026066263392567582
0.5286677837371827,0.6269391417503357,1.8923107347745832e-07,0.550865089893341,0.6097134113311768,-0.012067438662052121,0.5675014138221741,0.5774031162261963,-0.018198323249816822,0.5782519698143006,0.5473745822906495,-0.023691137507557823,0.5876535654067994,0.5217040121555327,-0.028979891911148983,0.546733832359314,0.5124114453792572,-0.010317219235002941,0.5500761032104493,0.4686352193355561,-0.0190174009650945,0.5510386824607849,0.4397449374198914,-0.025933596491813617,0.5517493605613709,0.41390548348426814,-0.030912435427308062,0.5322147369384767,0.5092349588871002,-0.01084469519555564,0.5329465031623841,0.46017954945564266,-0.019190561398863742,0.5342000246047974,0.42724772691726687,-0.02558084465563292,0.5352030873298645,0.39985048174858095,-0.029842500016093218,0.519661808013916,0.5172084152698517,-0.013003722950816102,0.5218895196914672,0.4791356861591339,-0.022699537128210018,0.5238070964813233,0.46165210008621216,-0.027569220960140202,0.5247525453567505,0.444389420747757,-0.029811805859208063,0.5093117237091065,0.5338769078254699,-0.016330449096858463,0.5100831806659698,0.5078191936016083,-0.02521642930805678,0.5093033075332641,0.49319927692413335,-0.028755780681967682,0.508091789484024,0.47722365856170657,-0.030297995731234505
0.5291881680488586,0.6503457069396973,1.9924461582832012e-07,0.551240348815918,0.6370720624923706,-0.01300760135054586,0.568556809425354,0.6074477672576905,-0.019731608405709183,0.5785022258758545,0.5800812721252442,-0.0258791700005531,0.5851377964019775,0.5543131172657013,-0.03153203092515464,0.5486700296401978,0.5374643385410308,-0.01117885746061796,0.5512035727500916,0.4965920388698578,-0.02078937701880926,0.5512172460556031,0.46771339178085325,-0.02803052589297292,0.5511495232582092,0.44163095951080317,-0.03315441906452178,0.5342587351799012,0.5341129839420319,-0.012028159201145121,0.5353836178779603,0.48774070143699644,-0.02211437262594694,0.537194561958313,0.4551347374916077,-0.028905356675386382,0.5386075377464294,0.4278213679790497,-0.03295722901821132,0.5221351027488709,0.542480719089508,-0.01464918628334994,0.5303435802459717,0.5142556369304657,-0.027240111678838677,0.5345704317092896,0.5103257238864899,-0.03189195655286309,0.535942554473877,0.5028190433979034,-0.03286046423017974,0.5129597544670106,0.5603699803352357,-0.01850996725261208,0.5212332606315613,0.5438754200935364,-0.02943416647613044,0.5229116320610047,0.5383595705032349,-0.03308294489979738,0.5224545359611511,0.529075300693512,-0.0340852759778499
0.5288215398788452,0.6732940196990967,2.2202498257684057e-07,0.5509715437889099,0.661309564113617,-0.013731114380061601,0.5686828970909119,0.6347208619117737,-0.02169025018811218,0.57857745885849,0.611435842514038,-0.0290786314755678,0.5826582789421082,0.5873704493045807,-0.035564851388335185,0.5497952222824096,0.5616009116172791,-0.014098162017762601,0.5516182899475098,0.5231352031230927,-0.025524697080254503,0.550635838508606,0.49421650171279913,-0.03360397443175312,0.5497729301452636,0.46779867410659787,-0.03929626904428005,0.5348938941955567,0.5608959019184113,-0.015734704583883243,0.5368420124053956,0.517591142654419,-0.028568929433822565,0.5398645520210266,0.4854323267936707,-0.036045018583536106,0.5425381183624267,0.45813690423965453,-0.04017072767019268,0.5232519626617432,0.5727188885211945,-0.01910341512411828,0.5390071868896484,0.5584080815315247,-0.0342691164463758,0.5451119184494019,0.5651865124702453,-0.037816388532519306,0.5462451815605164,0.564836061000824,-0.03728558830916877,0.5154938340187073,0.5945623636245728,-0.023886651918292,0.5319608867168426,0.5907753646373748,-0.03625485859811302,0.535939234495163,0.5919452369213104,-0.039302046597003884,0.5356565475463867,0.586205929517746,-0.0395069263875484
0.5289529085159302,0.6957764387130738,2.389377385725311e-07,0.5512731432914734,0.6870405912399293,-0.014731254056096061,0.5694207787513733,0.6634567260742187,-0.02356182299554342,0.5784309148788452,0.6434149622917176,-0.03182474225759504,0.58015456199646,0.6199519991874695,-0.0388377863913774,0.551405704021454,0.5853061854839325,-0.01573567967861886,0.5524396777153016,0.5502731204032899,-0.0284965436905622,0.5504626035690308,0.5215444207191468,-0.03714455701410766,0.5487575531005859,0.49504601359367373,-0.04317847378551958,0.5362638592720032,0.5855855941772461,-0.01789360083639618,0.5385128021240235,0.5451499044895172,-0.03302979432046408,0.5424206614494324,0.5135635614395142,-0.04109766893088813,0.5458942890167237,0.4865340948104859,-0.04511224925518032,0.5248927354812623,0.599240529537201,-0.02189205754548306,0.5470575213432313,0.5971002221107483,-0.04025449603796,0.5559129834175109,0.6166420578956604,-0.04347801543772216,0.5577123522758484,0.6253256499767303,-0.041632714122533734,0.5182244181632996,0.6237770199775696,-0.027388929016888098,0.5424049854278564,0.6317152619361878,-0.04188096411526197,0.5490592181682586,0.6415754556655884,-0.044890386238694145,0.5495481550693512,0.6416424512863159,-0.044488712772726986
0.528665030002594,0.7171389937400817,2.648857503118052e-07,0.550860071182251,0.7106818795204162,-0.0155668882653117,0.5694157838821411,0.6902801394462585,-0.025480476021766604,0.5781460285186768,0.6746333003044129,-0.034847038239240624,0.5772801160812377,0.6528366446495056,-0.0425700649619102,0.5523966431617737,0.6077145338058472,-0.01787902452051634,0.5527023077011108,0.5754748225212097,-0.03204197287559504,0.5498223304748535,0.5468587160110474,-0.041246685385704,0.5473265886306763,0.5203136444091797,-0.047612582147121406,0.5366637706756592,0.6105326533317567,-0.02067029103636738,0.5399187803268433,0.5732925772666931,-0.037993005663156464,0.5446885466575622,0.541943359375,-0.04644770175218579,0.5489429593086244,0.5147889614105225,-0.05029700621962542,0.5256273865699768,0.6272568225860596,-0.025376342609524663,0.5555920958518983,0.6389377117156984,-0.046240216493606504,0.5664321660995484,0.6696834206581116,-0.04855531975626942,0.5680305600166321,0.6857252597808838,-0.04522932246327394,0.5202242255210876,0.6553353309631348,-0.031736463308334295,0.5529772877693176,0.6753897905349732,-0.047657715529203365,0.5618359684944153,0.6922173857688905,-0.05017329677939411,0.5623978972434998,0.6961439251899719,-0.04900441318750378
0.5285143852233887,0.7150516390800477,2.7950991636771506e-07,0.5506289958953857,0.7068314552307129,-0.01534227468073366,0.5686986327171326,0.6870739579200744,-0.02580397501587862,0.577868390083313,0.6731279969215394,-0.03569727316498752,0.5771156430244445,0.6528988242149354,-0.04386821985244746,0.5518952727317811,0.6055531144142151,-0.01935524381697172,0.5521647214889526,0.5731801867485047,-0.03410534560680384,0.5493126988410949,0.5446506619453431,-0.043547061830759,0.5468421578407288,0.5183221220970153,-0.05008941516280171,0.535551357269287,0.6109987139701843,-0.022541421838104703,0.5393609523773193,0.574140989780426,-0.0404337707906961,0.5444925785064697,0.5425910115242005,-0.048896109312772724,0.549224853515625,0.5151575088500977,-0.052791120111942244,0.5245346903800964,0.6303174495697021,-0.02754953131079666,0.5562248945236207,0.6458281278610231,-0.048109441995620665,0.5667009711265564,0.6740227460861207,-0.049775908887386304,0.5677053928375244,0.6875785112380982,-0.04626222252845758,0.51942880153656,0.6606452465057374,-0.03427121080458158,0.5530710220336914,0.6831844091415405,-0.04966316074132915,0.5615977406501771,0.6977468609809876,-0.05163937136530872,0.561429762840271,0.6987912774085998,-0.05028569251298902
0.5284505844116211,0.7128488183021545,2.950617385977239e-07,0.550395393371582,0.7025066137313843,-0.015239949710667099,0.567886221408844,0.6830906629562378,-0.026379868015646884,0.5773879408836365,0.6708140969276428,-0.03690024539828296,0.5768825054168701,0.6523987889289856,-0.04562641903758044,0.5511246204376221,0.6030560851097108,-0.02113880217075342,0.551652979850769,0.5708009839057923,-0.0366715051233768,0.5489093899726868,0.5424334049224853,-0.0465479396283626,0.5464494705200196,0.5161229610443115,-0.053445853292942005,0.53438800573349,0.6110591173171998,-0.024701755493879304,0.5389774680137634,0.5743911862373352,-0.04337030425667758,0.544337797164917,0.5427245974540711,-0.051989416778087584,0.549505889415741,0.5148756027221679,-0.05607182681560512,0.5234826564788819,0.6331018686294556,-0.029975324496626786,0.5574618220329285,0.6527262210845948,-0.050199609249830184,0.5671025395393372,0.6782434701919556,-0.05109842941164968,0.5671212315559387,0.6889053821563722,-0.04738570973277087,0.5188332080841065,0.6656776189804078,-0.037057919055223404,0.5536549448966981,0.6907534837722777,-0.05188067182898517,0.561329185962677,0.7032806873321533,-0.05323040336370464,0.5599315404891968,0.7014957189559937,-0.051678042113780964
0.5284072756767273,0.7101783394813538,3.081198485688219e-07,0.5498386263847351,0.698360812664032,-0.015554024465382059,0.5672585964202881,0.67890602350235,-0.0273996409028768,0.5772066712379456,0.6682853937149048,-0.0385999128222465,0.5761109352111817,0.6521155714988709,-0.047974184155464124,0.550484323501587,0.6013078927993775,-0.0227453894913196,0.5513629198074341,0.568945837020874,-0.03893036693334576,0.5487704753875733,0.5406497359275818,-0.04935433268547054,0.5461411952972413,0.5141433477401733,-0.056659689545631366,0.5335795164108277,0.6104952812194825,-0.02626841664314268,0.5394622325897217,0.5750474572181702,-0.045928135514259304,0.5442183017730713,0.5424825906753541,-0.0549718171358108,0.548606562614441,0.5138342499732971,-0.059361390024423547,0.5231541156768799,0.6334435224533081,-0.03140689320862286,0.5587879300117493,0.6532449722290039,-0.051462987065315186,0.5672965884208679,0.6762352108955383,-0.0518194995820522,0.5659407019615175,0.6849356770515441,-0.04792109802365298,0.519106423854828,0.6657360911369323,-0.03848220705986016,0.5549837350845337,0.6901582956314086,-0.053034871071577026,0.5614167213439942,0.7013940215110779,-0.05403113514184948,0.5585819005966187,0.6985338330268861,-0.05232155025005338
0.5279325246810914,0.7067704200744629,3.2852578328856914e-07,0.5488752722740173,0.6917144417762757,-0.015946308337151962,0.5660032629966736,0.6727100014686584,-0.02909832149744028,0.5770917415618897,0.6650532603263855,-0.04147494658827776,0.5757404208183289,0.6515693426132202,-0.0520185105502605,0.5489016771316528,0.599421226978302,-0.026559403911232883,0.550491213798523,0.56642245054245,-0.04411980137228963,0.548127591609955,0.5380125880241394,-0.05549855083227154,0.545574951171875,0.5111471295356751,-0.06346925646066662,0.531731116771698,0.6118376135826111,-0.030187214910984025,0.539865517616272,0.5770162224769593,-0.0510062657296657,0.5440702319145203,0.543226444721222,-0.060254296660423236,0.5481862306594849,0.5132471561431885,-0.06500826030969614,0.5219780683517456,0.6375609993934631,-0.03521780595183366,0.5608604192733765,0.6588418245315553,-0.054506401717662745,0.5669294953346253,0.6772055864334108,-0.05351627990603444,0.5632793664932252,0.6820654749870301,-0.04927976876497264,0.5188790917396545,0.6713144659996033,-0.042404831200838024,0.5563891530036927,0.695205569267273,-0.05620875060558314,0.5609679222106935,0.7029040098190309,-0.05629638880491254,0.5561415195465088,0.6968903303146363,-0.0542606987059116
0.5279799938201905,0.7029034614562989,3.306510166112276e-07,0.5481450319290161,0.6831662058830261,-0.01572904139757152,0.5652101516723633,0.6637141108512878,-0.02992013804614538,0.5775536894798279,0.6594095230102539,-0.04333314746618266,0.5759799480438232,0.6515446424484254,-0.05506171435117718,0.5476368069648743,0.5982612371444702,-0.03039952181279652,0.5498208284378052,0.5641949057579041,-0.04926494956016538,0.5479359984397888,0.535696005821228,-0.0617146588861942,0.545496940612793,0.5084521174430847,-0.07053903341293331,0.530274498462677,0.6135472297668456,-0.03441193811595439,0.5415725588798523,0.5841240882873535,-0.05672429278492923,0.5453497648239136,0.5533555865287781,-0.06593847423791879,0.548476266860962,0.5260084271430969,-0.07073196396231647,0.5215548872947693,0.6419075012207031,-0.03950301781296724,0.5629321455955506,0.663537895679474,-0.0581628389656543,0.5675136327743531,0.6771834492683411,-0.05547788664698596,0.5619635224342346,0.6793344259262085,-0.05063033998012538,0.5194059848785401,0.6764430165290833,-0.0469340987503528,0.558401083946228,0.6988309621810913,-0.060284046828746746,0.5618525981903076,0.703611946105957,-0.05925630554556845,0.5556841254234314,0.696298086643219,-0.056574726849794345
0.5280274629592896,0.6990365028381349,3.3277624993388606e-07,0.5474147915840148,0.6746179699897766,-0.01551177445799108,0.564417040348053,0.6547182202339172,-0.03074195459485048,0.5780156373977662,0.6537657856941224,-0.045191348344087556,0.5762194752693177,0.6515199422836304,-0.058104918152093864,0.5463719367980957,0.5971012473106384,-0.03423963971436016,0.5491504430770875,0.5619673609733582,-0.05441009774804114,0.5477444052696228,0.5333794236183167,-0.06793076694011686,0.5454189300537109,0.5057571053504943,-0.07760881036520002,0.5288178801536559,0.6152568459510803,-0.03863666132092475,0.5432796001434326,0.5912319540977479,-0.062442319840192745,0.5466292977333069,0.5634847283363342,-0.07162265181541436,0.548766303062439,0.5387696981430055,-0.07645566761493679,0.521131706237793,0.6462540030479431,-0.04378822967410082,0.5650038719177246,0.6682339668273927,-0.06181927621364586,0.5680977702140808,0.6771613121032716,-0.05743949338793748,0.5606476783752442,0.676603376865387,-0.051980911195278125,0.5199328780174256,0.6815715670585631,-0.051463366299867586,0.5604130148887635,0.7024563550949097,-0.06435934305191035,0.5627372741699219,0.7043198823928833,-0.062216222286224344,0.555226731300354,0.6957058429718018,-0.05888875499367709
0.5274357438087464,0.6970559000968934,3.4436636724421994e-07,0.5464131236076355,0.6689506888389587,-0.0154383463785052,0.5636407613754273,0.6483090043067932,-0.03132558986544604,0.5785690069198609,0.6493074417114257,-0.0464252576231956,0.5760841727256776,0.6514534711837769,-0.06002892628312108,0.5455135941505432,0.595510721206665,-0.03632915839552872,0.5484402179718019,0.559865164756775,-0.057281511276960365,0.547237503528595,0.5311676025390625,-0.07138866633176802,0.5450601935386657,0.5034577131271363,-0.08153411746025083,0.5280824780464173,0.6158930182456971,-0.04102339297533034,0.5436375975608826,0.5929276585578919,-0.0657568641006946,0.5465988278388978,0.565113365650177,-0.07516277134418482,0.5484829306602479,0.5403735280036926,-0.08026772588491436,0.5210029482841492,0.6484202027320862,-0.04629052430391306,0.5662276864051818,0.6700161695480348,-0.0638797499239444,0.5677849292755127,0.676180076599121,-0.058703026175498906,0.5591333270072938,0.6738543629646302,-0.05307126566767688,0.5204789996147156,0.6843469977378845,-0.054218468070030154,0.5614769458770752,0.7049203991889954,-0.06652937084436411,0.562642526626587,0.7051795482635499,-0.06381954476237295,0.5541633367538452,0.6956188678741455,-0.06031215935945504
0.5283968806266784,0.694586193561554,3.462966958522884e-07,0.5466095685958863,0.6644638776779175,-0.01519174408167598,0.5636854410171509,0.643175482749939,-0.0310318917036056,0.5787210702896118,0.6456076860427857,-0.046078389883041346,0.5766095399856568,0.6503222346305848,-0.05975578278303144,0.5454734325408936,0.5932221055030822,-0.03681197911500925,0.5484901905059816,0.558204174041748,-0.057806333899497964,0.5473428130149841,0.5293748378753662,-0.07190561592578887,0.5454606771469116,0.5019094228744507,-0.0820172324776649,0.5282355189323426,0.6145273566246032,-0.041638329625129686,0.5440019488334655,0.5915270209312439,-0.06592176556587215,0.5465733289718627,0.5633960723876953,-0.07487497478723522,0.5484225749969482,0.5387961387634277,-0.07977483570575714,0.5210821747779847,0.647506833076477,-0.047019727528095204,0.5670499682426453,0.6692580938339234,-0.06428251042962066,0.5681304335594177,0.6742738366127015,-0.058955127745866726,0.5594709753990174,0.6714531183242798,-0.05333167314529414,0.5205199956893921,0.6841674804687501,-0.0550465270876884,0.5620471596717835,0.7041423201560975,-0.06712421923875803,0.5630846858024597,0.7035431265830994,-0.06424081921577451,0.5548032999038697,0.6940320849418641,-0.06069365367293353
0.5282997131347656,0.6911375045776368,3.2281811854772976e-07,0.5461902022361756,0.6573060154914856,-0.014531816728413081,0.5634801030158997,0.6345958113670349,-0.03049677237868304,0.5789010405540467,0.6395256400108338,-0.04569573402404782,0.576846432685852,0.6498019099235536,-0.059750430285930606,0.5443316817283631,0.591127586364746,-0.03806423991918558,0.54818674325943,0.55602867603302,-0.058714006841182685,0.5476014494895936,0.5271955966949462,-0.07260854989290237,0.5459633946418763,0.5003411710262299,-0.08269675523042674,0.5273922324180603,0.614186704158783,-0.04291008263826368,0.5473374724388123,0.601127290725708,-0.066849373281002,0.550408911705017,0.580367910861969,-0.07468906491994853,0.5515307068824769,0.5618196368217468,-0.07881174981594083,0.5210453152656556,0.6487653732299805,-0.04811178296804424,0.5684084296226501,0.6711606979370118,-0.06424905732274047,0.5693570375442505,0.6731549263000488,-0.05780853703618044,0.560483717918396,0.6688405752182007,-0.051791223138570736,0.5211483240127563,0.6857445597648621,-0.05595870167016978,0.5636642098426818,0.7040819406509399,-0.06739856749773021,0.5649484038352967,0.7009124398231507,-0.06384709551930424,0.5569592833518983,0.6905872464179993,-0.059851211309432925
0.5278421640396118,0.6893664479255677,3.0987346235633603e-07,0.5459861874580383,0.6542748808860779,-0.01466168891638514,0.5633724093437195,0.6307860016822815,-0.030735371261835058,0.5785510659217835,0.636742663383484,-0.045929082483053184,0.5767749667167664,0.6487356901168825,-0.06008652001619334,0.5432994484901429,0.589258897304535,-0.038546152412891346,0.5481203317642211,0.5551071882247924,-0.05877390876412388,0.5477732777595521,0.5263069152832032,-0.0723676010966301,0.5462625741958618,0.49998919963836674,-0.08227339684963222,0.5269346714019776,0.6129953026771545,-0.04299754351377484,0.5494607329368592,0.604849135875702,-0.06626735180616375,0.5528797030448913,0.5875746726989747,-0.07344136387109754,0.5539101243019104,0.5714836597442627,-0.07718704044818875,0.5209357023239136,0.6481687664985658,-0.04776874631643293,0.5690531373023987,0.6707961320877076,-0.06324883028864854,0.5697034120559693,0.6715105295181274,-0.05660994648933406,0.5610506415367127,0.6662216782569885,-0.050643860548734626,0.5214062690734863,0.685383403301239,-0.0551639094948768,0.5643247842788697,0.7026814699172973,-0.06629774123430247,0.5656874537467956,0.6980840921401977,-0.06269939243793483,0.5581003189086914,0.686982536315918,-0.0587152756750583
0.526637876033783,0.6828654170036316,2.6801870518511355e-07,0.5448912739753723,0.64410001039505,-0.01438283585011954,0.5619680285453796,0.6176958680152893,-0.0297264069318771,0.5760725259780883,0.6211812138557435,-0.04396077990531918,0.5745604753494263,0.631651508808136,-0.05709866732358926,0.5393161773681641,0.5868197917938233,-0.037261176109313926,0.5483108520507813,0.5612756371498108,-0.056884369999170264,0.5494651675224305,0.5399768471717835,-0.07024476677179335,0.5481122612953186,0.5217944622039795,-0.079618626832962,0.525413453578949,0.6137394189834595,-0.040927200019359546,0.5533516645431519,0.6123203635215759,-0.06192676052451128,0.5564504265785217,0.5965955615043641,-0.0683954060077667,0.5562304258346558,0.5815187573432923,-0.0722751453518867,0.5209714651107789,0.6495746374130249,-0.044960352033376665,0.5700242400169373,0.6715219497680665,-0.05878340303897853,0.5698357462882996,0.6688911080360412,-0.0525146625936031,0.5613151311874389,0.6616679906845093,-0.04730459749698634,0.5226306080818177,0.6862462401390075,-0.051507432758808085,0.565714967250824,0.7016652941703796,-0.06154075562953946,0.56715008020401,0.6939249634742737,-0.05798628702759738,0.560072124004364,0.681517231464386,-0.054334186762571283
0.5269635915756227,0.6755700945854186,2.112906599904818e-07,0.5438500881195069,0.6320278525352478,-0.014025902189314302,0.5590969920158386,0.6017808318138123,-0.028550361469387962,0.5705000162124634,0.5994857668876648,-0.04168389886617656,0.5690225481987,0.6031842231750488,-0.05369471460580821,0.5350151181221009,0.5839733242988587,-0.03765706121921534,0.5493042826652527,0.5664940595626832,-0.05666386187076564,0.552905547618866,0.5535225629806518,-0.06897118464112278,0.5514579772949219,0.5427161216735841,-0.07718657255172726,0.5231932997703552,0.6150750041007996,-0.040471154451370187,0.5585635304450989,0.6245603203773499,-0.05970524549484248,0.5632669448852539,0.6155966877937317,-0.064514747262001,0.5616175174713135,0.6052091836929321,-0.06755115687847132,0.5207410216331482,0.6526896119117738,-0.04357191845774647,0.5703372716903686,0.6738929033279419,-0.05642874911427492,0.5722306609153748,0.6677117347717285,-0.04979746639728542,0.5645362138748169,0.6585595846176148,-0.0447000570595264,0.523612105846405,0.6887689232826233,-0.04893934056162828,0.5659998059272767,0.7014889478683473,-0.058668319880962355,0.5697073578834534,0.690955924987793,-0.054803586006164515,0.5644807457923889,0.6781675219535828,-0.05090238898992534
0.5279595494270325,0.6733340501785279,1.3272368448724592e-07,0.5438908219337464,0.6240870714187623,-0.01346021313220256,0.5569077849388122,0.587270474433899,-0.026663084328174543,0.5657927155494691,0.5757259726524353,-0.03837544359266752,0.5638801813125611,0.5699806451797486,-0.048885966837406106,0.5310452342033386,0.5806450366973878,-0.03582383841276162,0.5518256068229676,0.5713231801986695,-0.05361615940928456,0.5576542258262634,0.5669726490974427,-0.06444222182035442,0.5556453347206116,0.5626468181610108,-0.07142115160822866,0.5210826516151428,0.6158208370208741,-0.03786976039409632,0.5645331263542176,0.6361486196517945,-0.05509298220276826,0.5702452301979065,0.6351788163185119,-0.05853162929415698,0.5667824029922486,0.629282808303833,-0.061012985557317684,0.5203347444534302,0.6550275206565858,-0.040211016312241506,0.5709090828895569,0.6746923685073853,-0.05172094479203221,0.5736415624618532,0.6664020538330078,-0.045060276240110345,0.565915310382843,0.6555371761322022,-0.0404530812054872,0.5243760943412781,0.6905204057693481,-0.044632745906710555,0.5667113065719604,0.7002828121185303,-0.05380555689334868,0.5715015888214111,0.6878930926322937,-0.05013440027832982,0.5667845964431764,0.6749500036239624,-0.0464668676257133
0.5312185525894165,0.675986921787262,5.643132681143471e-08,0.5454951882362366,0.6227924346923829,-0.012163870409130981,0.5556843161582946,0.5795204877853394,-0.023156312108039805,0.5620569705963134,0.5566252708435059,-0.0328212842345237,0.560033917427063,0.5389811575412751,-0.0410123229026794,0.5287220001220704,0.5763955473899841,-0.030602546781301428,0.5548442006111145,0.5742016077041626,-0.047250752523541426,0.5632118344306947,0.5806971430778504,-0.05660630688071246,0.5616426587104797,0.5847928822040558,-0.062096630036830885,0.5202826023101806,0.6130947589874267,-0.032272719591855945,0.5668845295906068,0.6349612832069398,-0.04736633561551564,0.5737667202949525,0.6369232177734375,-0.05016926638782018,0.5702712774276734,0.6322536468505859,-0.05241859778761858,0.5200833201408386,0.6519485354423524,-0.03449464440345758,0.5706308126449585,0.6710613727569581,-0.04543314799666401,0.5746291518211365,0.6646576046943664,-0.04005214422941202,0.5676965713500977,0.6543819189071656,-0.03631907701492304,0.5242388248443604,0.6869876384735107,-0.03848417475819582,0.5659128785133363,0.6973304867744446,-0.04712083935737608,0.5716819524765014,0.687216877937317,-0.04427621439099308,0.5674178600311279,0.675843358039856,-0.041221726685762364
0.5344775557518006,0.6786397933959962,-1.9861030864376507e-08,0.5470995545387268,0.6214977979660035,-0.0108675276860594,0.5544608473777771,0.5717705011367799,-0.019649539887905063,0.558321225643158,0.5375245690345765,-0.027267124876379882,0.556187653541565,0.5079816699028015,-0.0331386789679527,0.526398766040802,0.5721460580825806,-0.025381255149841228,0.5578627943992615,0.5770800352096558,-0.04088534563779828,0.5687694430351258,0.5944216370582581,-0.0487703919410705,0.5676399827003479,0.6069389462471009,-0.0527721084654331,0.5194825530052185,0.6103686809539794,-0.02667567878961556,0.5692359328269959,0.6337739467620851,-0.03963968902826302,0.5772882103919983,0.638667619228363,-0.04180690348148339,0.5737601518630981,0.6352244853973388,-0.04382421001791948,0.5198318958282471,0.648869550228119,-0.028778272494673664,0.5703525424003602,0.6674303770065309,-0.0391453512012958,0.5756167411804199,0.662913155555725,-0.0350440122187137,0.5694778323173524,0.653226661682129,-0.03218507282435888,0.5241015553474426,0.6834548711776733,-0.03233560360968109,0.5651144504547119,0.694378161430359,-0.04043612182140348,0.5718623161315918,0.6865406632423401,-0.03841802850365633,0.5680511236190796,0.6767367124557495,-0.035976585745811425
0.5378937959671021,0.67856924533844,-5.729069414428523e-08,0.5489034652709961,0.6222521424293518,-0.0105388201773166,0.5543897032737732,0.570486330986023,-0.018234911188483183,0.5569164037704468,0.5299308061599731,-0.025002093985676682,0.555116593837738,0.4931306064128876,-0.03000387661159036,0.5275542616844178,0.5679768443107606,-0.0226346764713525,0.560533595085144,0.5731590390205383,-0.03806398063898084,0.57350834608078,0.5941285014152526,-0.045229946821927956,0.5737035274505615,0.6080490946769714,-0.04845120087265966,0.5199252486228944,0.6051698446273803,-0.02380645498633378,0.5690181136131287,0.6281406402587891,-0.037054689228534644,0.580214774608612,0.6383682608604432,-0.03898997604846946,0.5787909984588623,0.6384846091270446,-0.040317741781473106,0.5193515181541443,0.6427074432373048,-0.02601820267736906,0.568488097190857,0.661318850517273,-0.03761622384190554,0.5771507263183594,0.6614344477653503,-0.034248060733079844,0.5733635902404786,0.6546799182891846,-0.03129911758005614,0.5225784182548524,0.6767819404602051,-0.02949282340705388,0.5623009443283081,0.6895727276802064,-0.03817788437008854,0.5715569496154785,0.6858360767364502,-0.0366936475038528,0.5699225544929505,0.6787542581558228,-0.03427613824605938
0.5409587383270265,0.6766971111297608,-7.66049341294206e-08,0.5513622522354127,0.6228220820426942,-0.009887510538101139,0.5560094952583313,0.5705808639526367,-0.0167798843234777,0.5589997291564942,0.5289745807647706,-0.023140515014529163,0.5583198428153991,0.49198700785636906,-0.02798230573534962,0.5292317867279053,0.5636957645416261,-0.019520821794867443,0.559754753112793,0.5666975378990173,-0.03479685038328168,0.5731881737709046,0.5859848976135253,-0.042170248180627756,0.5756429076194765,0.5992794513702392,-0.04545692577958107,0.5205225110054016,0.5989379048347474,-0.0208297006785869,0.5671185493469239,0.6211953639984131,-0.0345875278115272,0.5804050207138062,0.6342683196067811,-0.0369033366441726,0.5820124983787537,0.6378992676734925,-0.03792957514524454,0.5186551451683046,0.6353870511054993,-0.023356911540031382,0.5659559369087219,0.654763388633728,-0.03568299561738965,0.5764334321022034,0.6583175897598267,-0.033043416589498456,0.5755600214004517,0.6549679160118104,-0.03003235049545758,0.5208271980285645,0.6696497321128845,-0.027096392586827223,0.5595567464828491,0.6835404992103578,-0.0361264236271381,0.5701592087745667,0.6822640657424928,-0.0352365523576736,0.5705588340759278,0.6769855618476868,-0.03293015956878658
0.5421982407569885,0.6704327940940857,-6.126410614371026e-08,0.5522523045539857,0.6206929445266725,-0.01019115205854172,0.5566398501396179,0.5699720144271851,-0.01695857793092724,0.5600149869918825,0.5295599818229675,-0.023260438814759202,0.5605537295341492,0.4940307676792145,-0.0284430049359798,0.5304031014442444,0.5604689359664917,-0.019154261425137462,0.5562843918800354,0.5601577758789064,-0.0348772622644901,0.5703955173492432,0.5746079444885255,-0.0430076897144317,0.5760236620903015,0.584893250465393,-0.046750179678201664,0.5209146976470949,0.593771231174469,-0.02043154351413244,0.5637286543846131,0.6148264765739441,-0.03560207709670062,0.5802388668060303,0.6302961587905884,-0.03840980306267732,0.5857362389564513,0.637568485736847,-0.03905214965343468,0.5182279825210572,0.6295023918151855,-0.02305264286696906,0.5624373555183411,0.6502176880836487,-0.0371501743793487,0.5759648084640503,0.6565479636192322,-0.03512661531567568,0.5789381265640259,0.6564503550529481,-0.031755486875772426,0.5197214961051941,0.6640886902809143,-0.02683224566280836,0.5556639671325684,0.680388617515564,-0.03692888692021366,0.5683600068092347,0.6818214774131776,-0.03636199459433552,0.5716729998588562,0.678593647480011,-0.03388017788529392
0.5418531775474549,0.661325216293335,-2.4990149150028175e-08,0.5518540859222412,0.6155189752578736,-0.01131904218345876,0.5564477443695068,0.5665050864219665,-0.01845423579216,0.5601042151451111,0.5278072595596314,-0.02499121390283104,0.561429512500763,0.4938717246055604,-0.03082127347588534,0.5313902616500855,0.5585587143898011,-0.02051882036030288,0.5527413606643676,0.5561859726905823,-0.03671891428530214,0.5666444659233094,0.5634671807289124,-0.04561103209853166,0.5743205428123475,0.5683914780616761,-0.04999649450182912,0.5211396932601929,0.5911961078643799,-0.021564476937055543,0.5607187747955322,0.6112492322921753,-0.03839489184319968,0.5797011256217957,0.6267994523048401,-0.04188890941441054,0.5880030751228332,0.635480034351349,-0.04249788448214524,0.5178761601448059,0.6266889452934264,-0.023985120654106105,0.5589895367622375,0.6476642966270446,-0.03982336521148676,0.5752501368522644,0.6547820568084717,-0.038081582635641036,0.5815011382102966,0.6567562222480775,-0.034332568570971445,0.5190323829650879,0.661268699169159,-0.02762210629880422,0.5522432684898377,0.6783065319061279,-0.038956440240144684,0.5669686198234558,0.6803624272346498,-0.038574057072401025,0.5730977416038514,0.6782840490341188,-0.035932436585426296
0.5418536424636842,0.6514412999153137,8.565641529401095e-09,0.551959240436554,0.6096759080886841,-0.01209762562066312,0.5568368315696717,0.5619602918624877,-0.019379134103655778,0.5605431199073792,0.5250600099563598,-0.0259870812296867,0.5625430822372437,0.49273039698600773,-0.03231301084160798,0.5325320482254028,0.5554432272911072,-0.021046989783644644,0.5490471243858338,0.5511147379875183,-0.037262658029794664,0.5628475904464723,0.551145601272583,-0.04673184454441064,0.5729023933410645,0.5506525278091431,-0.05169493481516834,0.521542525291443,0.5872321009635926,-0.021938849985599484,0.557624077796936,0.6054988741874695,-0.040272568166255907,0.5792748928070068,0.6215383529663087,-0.0445615097880363,0.5907568097114563,0.632191300392151,-0.04513175114989274,0.5176911354064941,0.622237503528595,-0.024183081835508324,0.5557164907455445,0.6427091717720033,-0.04167485684156412,0.5746302604675293,0.6511973857879639,-0.0404129192233085,0.5841148376464844,0.655895209312439,-0.036349513381719545,0.5184695363044739,0.6566859364509583,-0.02764793224632734,0.5490157246589661,0.6731753110885621,-0.04016212597489352,0.5658151745796204,0.675979506969452,-0.04000466391444204,0.5747611284255982,0.6754385471343995,-0.03720091581344602
0.5424333810806276,0.6490395903587342,2.9367161324955762e-08,0.5530763626098633,0.6090863943099976,-0.011684311740100341,0.5577579379081726,0.5608357429504395,-0.018731313012540298,0.5612878680229187,0.5245495557785034,-0.02519979439675804,0.5636767983436585,0.4923342347145081,-0.03172296062111848,0.5336154580116272,0.5514098644256592,-0.019928439892828425,0.5457358241081238,0.544198215007782,-0.03515344820916648,0.5584776639938355,0.5366837620735169,-0.044378481805324506,0.5699386477470398,0.5301194906234741,-0.04953870996832842,0.5222225189208984,0.5809756398200989,-0.021045627444982503,0.5557474017143249,0.5962491512298583,-0.03986974358558651,0.5785725593566895,0.613127362728119,-0.0444999389350414,0.5921034812927246,0.6257383227348328,-0.04482960999011988,0.5178438186645509,0.6151525497436524,-0.023405332490801786,0.5537409663200379,0.6338622689247131,-0.04169033914804452,0.57373206615448,0.6444246053695679,-0.04077105969190592,0.585011649131775,0.6515124082565309,-0.03646428808569903,0.5182492136955261,0.6499833106994629,-0.026897242665290783,0.5471621751785278,0.6649835824966431,-0.04032507091760632,0.5647989511489868,0.6692252397537232,-0.04052494317293166,0.5749545335769654,0.6701495170593262,-0.03765961080789562
0.5419210314750671,0.645920741558075,4.781969344946902e-08,0.5530333399772644,0.6071413278579713,-0.01135142203420396,0.5578470945358276,0.5583091974258423,-0.01834696345031256,0.5613425135612488,0.5219619154930115,-0.02475596405565734,0.5643200635910035,0.4892037391662597,-0.03139216676354402,0.5343929171562194,0.5482545137405396,-0.019523823074996442,0.5451056599617005,0.5390753149986267,-0.03434457145631308,0.5577772617340088,0.5283246159553527,-0.04357200339436526,0.56993248462677,0.5187280178070068,-0.04901957809925074,0.5228608846664429,0.5759482264518738,-0.021005602553486782,0.5550883531570434,0.5878073930740357,-0.04021731689572328,0.5784785985946655,0.6060951590538025,-0.045169202238321264,0.5926403880119324,0.6199536681175233,-0.04552197158336634,0.5183499813079835,0.6092400550842286,-0.023640383407473542,0.5529912233352661,0.6249597907066347,-0.042559392750263145,0.5732172489166261,0.6374152660369874,-0.041862375289201684,0.5845530033111572,0.6459977507591248,-0.03750755041837689,0.5185542583465577,0.6440380096435547,-0.027291977033019003,0.54664226770401,0.6574559926986695,-0.04139885753393168,0.5646862745285035,0.6629318952560425,-0.041669175028800944,0.5750012040138245,0.6650189876556396,-0.038766347616910904
0.5413568496704102,0.6418057203292847,5.904486606311821e-08,0.5529516935348511,0.6048225998878479,-0.010373118892312001,0.5586342334747315,0.5570140242576599,-0.01735622584819788,0.5626716852188111,0.5218974113464355,-0.023902460932731583,0.566436767578125,0.4902991533279419,-0.03074169456958764,0.5353600740432739,0.5446952104568482,-0.0187404019758105,0.5456535339355469,0.5336849927902223,-0.03328979350626462,0.558054792881012,0.5226134181022644,-0.04249139726161952,0.5702189803123474,0.5130340576171876,-0.048050953447818706,0.5236874341964722,0.5700440883636475,-0.020867062732577282,0.5547124862670898,0.5785964488983155,-0.04035367444157594,0.5780850052833557,0.5984503030776978,-0.045576272904872844,0.592552387714386,0.6138240456581117,-0.04591405764222141,0.5189872145652772,0.6018505692481995,-0.02399910651147362,0.5522754073143006,0.6139283895492554,-0.04314809367060654,0.5725133061408997,0.6286293625831604,-0.04249060973525043,0.5838889241218567,0.6390798330307007,-0.0380209937691688,0.5187711596488953,0.6360202193260194,-0.02800111472606652,0.5463154554367066,0.6470290422439576,-0.04234697148203846,0.5645472764968873,0.6536522507667542,-0.042472262680530525,0.5750187277793884,0.6568978905677796,-0.039393299072980836
0.5407926678657532,0.6376906991004945,7.02700386767674e-08,0.5528700470924377,0.6025038719177246,-0.00939481575042004,0.5594213724136353,0.5557188510894775,-0.0163654882460832,0.5640008568763732,0.5218329071998596,-0.023048957809805825,0.5685534715652467,0.49139456748962407,-0.030091222375631263,0.5363272309303284,0.5411359071731567,-0.017956980876624562,0.5462014079093933,0.5282946705818177,-0.032235015556216155,0.5583323240280151,0.516902220249176,-0.041410791128873775,0.5705054759979248,0.5073400974273682,-0.047082328796386665,0.5245139837265015,0.5641399502754212,-0.020728522911667782,0.5543366193771362,0.5693855047225952,-0.04049003198742861,0.5776914119720459,0.590805447101593,-0.04598334357142442,0.5924643874168396,0.6076944231987,-0.046306143701076455,0.5196244478225709,0.5944610834121704,-0.0243578296154737,0.551559591293335,0.6028969883918762,-0.04373679459094995,0.5718093633651734,0.6198434591293335,-0.04311884418129917,0.5832248449325561,0.6321619153022766,-0.03853443711996073,0.518988060951233,0.6280024290084838,-0.028710252419114044,0.5459886431694031,0.6366020917892456,-0.04329508543014524,0.5644082784652711,0.6443726062774657,-0.043275350332260105,0.5750362515449524,0.6487767934799195,-0.04002025052905078
0.5388434052467346,0.6338030338287355,8.593619362784466e-08,0.551413345336914,0.6003987312316895,-0.00836417516693468,0.5592643857002259,0.5557348966598511,-0.015494749322533542,0.5648629069328308,0.5232940554618836,-0.022514608874916985,0.5704780697822571,0.49426921606063845,-0.029977392777800503,0.5372706532478333,0.5385084867477418,-0.017777165956795203,0.5470706701278687,0.523202919960022,-0.03221810795366756,0.5587588071823121,0.5113365650177002,-0.04155646488070484,0.5704799771308899,0.5018080472946167,-0.04740884602069851,0.5254181027412415,0.5586575508117676,-0.021323740854859302,0.554049551486969,0.5608389616012573,-0.04141878560185426,0.5771087169647218,0.5831740856170654,-0.04714850857853884,0.591758668422699,0.6010480761528015,-0.04756851345300671,0.5203009486198426,0.5872114539146424,-0.02559367828071112,0.5503079891204834,0.5920348286628724,-0.04519469514489168,0.5705484628677369,0.6105944752693176,-0.0445571511983871,0.5821271538734436,0.6240917921066285,-0.03995209857821458,0.5192014694213868,0.61981360912323,-0.03043967485427848,0.5451941132545471,0.6270456671714784,-0.04516702368855474,0.5635351538658142,0.6358901977539062,-0.04495888799428937,0.5743216991424561,0.6411631941795349,-0.04160185158252712
0.5366072535514832,0.6296191334724427,1.1711552048154771e-07,0.5492074370384217,0.5982828736305238,-0.0076128615997731195,0.5581605911254883,0.5561537981033325,-0.015152918919920863,0.5647684812545777,0.5256048560142518,-0.02265444882214066,0.571447777748108,0.49843348264694215,-0.030701142176985684,0.5373553156852722,0.5375430464744568,-0.019101841747760764,0.5478919744491577,0.518689239025116,-0.03394649401307098,0.5596498966217042,0.5064050912857055,-0.04342352077364918,0.5711385846138001,0.4970257759094238,-0.04952933639287945,0.5256774187088014,0.5558836102485657,-0.023495399206876703,0.55274498462677,0.5543988823890686,-0.04436959847807876,0.5759424686431884,0.5768815994262695,-0.05060093328356736,0.5908161163330079,0.5951048135757446,-0.05144830271601672,0.520669686794281,0.5832118988037109,-0.02842308655381198,0.5487254977226258,0.5843351602554322,-0.048352813720703075,0.5688964486122131,0.603134560585022,-0.04800249636173245,0.58038889169693,0.6168107986450196,-0.043810176104307125,0.5194129824638367,0.6147821426391602,-0.0337801415473222,0.544130802154541,0.62049880027771,-0.04867916405200954,0.561982011795044,0.6293799161911011,-0.048604524135589564,0.5724563241004944,0.6348075389862061,-0.04560625031590458
0.5355830788612366,0.6278574943542481,1.3290331111193156e-07,0.548888897895813,0.5974577426910401,-0.00665865209884936,0.5587565422058106,0.5566917896270752,-0.014218628406524601,0.5655945301055908,0.5271319627761841,-0.02190531119704244,0.5724522948265076,0.5005889356136323,-0.030241397395729966,0.5372906565666199,0.536777949333191,-0.019417109712958323,0.5487512350082397,0.5156769633293152,-0.03441640138626092,0.560286319255829,0.5028616011142731,-0.04389862343668934,0.5714210510253906,0.49292047023773194,-0.050121733546256965,0.5256292223930359,0.5533990502357483,-0.0245090119540691,0.5518258571624756,0.5486748218536377,-0.045716405659913945,0.5749837756156921,0.5710600018501282,-0.05238033905625338,0.5899000048637391,0.5895139336585999,-0.053669023513793886,0.5205185055732727,0.579355788230896,-0.029984821751713703,0.5470247268676758,0.576570224761963,-0.04996852725744242,0.5671887159347534,0.5955364942550659,-0.050056455284357024,0.5788069248199463,0.6095125317573548,-0.04638832584023471,0.518966269493103,0.609893524646759,-0.035759037733077946,0.542263424396515,0.6133544206619262,-0.05071330815553662,0.559390163421631,0.6222982168197633,-0.05104506909847256,0.5695246577262879,0.6280918955802918,-0.04857641160488125
0.5349926590919495,0.6279212236404419,1.4323177310870963e-07,0.5487504959106445,0.5974103331565856,-0.005646320618689001,0.5588481068611145,0.5570141911506653,-0.013046381808817321,0.5655419707298279,0.5274974584579468,-0.02074586786329744,0.5722471475601196,0.500528359413147,-0.029175941646099046,0.536918318271637,0.5365515112876893,-0.01932477243244646,0.5492238998413086,0.5137446761131287,-0.03433747664093966,0.5608776450157166,0.5004727840423584,-0.04373038709163662,0.5719135880470276,0.49016532897949217,-0.04997399449348445,0.5254728436470032,0.5519083619117737,-0.02501619756221768,0.5512963652610778,0.5440469861030579,-0.046193891018629,0.5746081233024598,0.5662832140922547,-0.053086438775062514,0.5895079970359802,0.585018801689148,-0.05472617447376244,0.5203573822975159,0.5768037796020508,-0.030969778075814205,0.5459084987640381,0.5703924655914306,-0.0508165225386619,0.5659642219543457,0.5894958138465881,-0.0513072676956653,0.5774792075157166,0.6037210583686828,-0.048159642517566645,0.5186254739761352,0.6065511226654053,-0.037090305238962125,0.5408443331718444,0.6079488158226013,-0.052014016360044435,0.5574463963508607,0.6167814612388611,-0.05274915173649784,0.5673319101333618,0.6228317260742188,-0.050797846168279606
0.5342147707939149,0.6284481048583984,1.5452514361413706e-07,0.548574161529541,0.5983619332313538,-0.004907616600394181,0.5591963410377503,0.559329354763031,-0.012395320273935721,0.5664343357086182,0.5307676315307617,-0.02036925069987772,0.5735796809196473,0.5041537880897522,-0.029162108898162804,0.5369884014129639,0.5353130102157593,-0.01895621381700036,0.5497179508209229,0.5107452392578125,-0.034057346731424284,0.5612753629684448,0.49698848128318784,-0.043535912781953776,0.5721957921981811,0.48636577129364017,-0.04986900165677066,0.5255661487579346,0.5490951180458069,-0.02514628283679482,0.5507102608680725,0.5379693865776063,-0.04652075618505472,0.574195408821106,0.5595282673835754,-0.05394642278552052,0.5893608689308166,0.5783490061759948,-0.055991835147142344,0.5200362801551819,0.5727971196174622,-0.031528016924858064,0.5443938732147218,0.5629590034484864,-0.05146531462669368,0.564789879322052,0.5819753766059875,-0.05263708829879754,0.576807701587677,0.5964761734008789,-0.05001642480492588,0.5177968740463257,0.6019577980041504,-0.037955816090106925,0.5385951519012451,0.6005316853523255,-0.052809547632932614,0.5548593401908875,0.609254014492035,-0.05389253646135326,0.5648545503616333,0.6158815503120423,-0.05232225954532618
0.5355840563774109,0.6317497372627259,1.6802398477011594e-07,0.5504946470260621,0.6024028420448303,-0.005338256899267361,0.5609137177467346,0.5632639646530152,-0.01310057397931808,0.5675238251686097,0.5342346787452699,-0.021321643888950338,0.5742475152015687,0.5068059444427491,-0.0303359810262918,0.5374333024024964,0.5356317281723023,-0.019016119092702823,0.550039827823639,0.5088080883026123,-0.034490476548671684,0.5613431096076965,0.49417153000831604,-0.044270246475934937,0.5720221757888795,0.48256561756134037,-0.050867071002721746,0.5258687257766723,0.5481508255004883,-0.0252175901085138,0.5493992567062378,0.5318145275115967,-0.04711690992116922,0.5730610132217407,0.5527778387069702,-0.055260700732469525,0.5884623408317566,0.5716357707977295,-0.05778635889291756,0.5198822498321534,0.5707252144813537,-0.03169533312320706,0.5424186587333679,0.5559776544570924,-0.052068927139043764,0.5633290529251099,0.5751637578010559,-0.05392433255910867,0.5757900595664979,0.5903224349021912,-0.05177268460392948,0.5169142603874207,0.5995540142059326,-0.03823245614767073,0.535709285736084,0.594220769405365,-0.05358569324016566,0.551840090751648,0.6018250346183777,-0.05543954446911808,0.5620825648307801,0.6082235097885133,-0.05449110344052309
0.537771713733673,0.6356384515762329,1.657811623090311e-07,0.5537122011184692,0.6054550170898438,-0.005799933522939601,0.5638007402420044,0.5647858500480653,-0.013374261371791301,0.5697914719581605,0.5340464472770692,-0.02150586321949958,0.5758103609085083,0.5051643967628479,-0.0303989745676517,0.5386189460754395,0.5351714134216309,-0.01733078993856902,0.5500115633010865,0.5068081855773926,-0.0328766334801912,0.5608026862144471,0.4912122309207916,-0.04300293326377864,0.571144449710846,0.4785446345806122,-0.049829781800508455,0.5269284605979919,0.5467934846878052,-0.02323544956743714,0.5488644123077393,0.5265507578849793,-0.04522162303328508,0.5723367929458618,0.5463540434837342,-0.0539997577667236,0.5875871777534485,0.5646947860717774,-0.056912574172019885,0.5202897071838379,0.5682726979255677,-0.02961650341749188,0.5406702280044555,0.5494046926498413,-0.050319883972406346,0.5621112704277039,0.5681215167045593,-0.05281624123454086,0.5752244830131531,0.5838585853576661,-0.05095282122492786,0.5163385391235351,0.5968684077262878,-0.036100342869758585,0.5330057621002198,0.5877329349517822,-0.051955709606409044,0.5493666768074036,0.5946002244949341,-0.05442003160715098,0.560344672203064,0.6014390826225281,-0.05379639714956279
0.5385982394218445,0.6393336892127991,1.6528663024928394e-07,0.5552820563316345,0.6093152761459351,-0.006456149602308801,0.5652112007141115,0.5688371658325195,-0.013946529105305621,0.5711144924163819,0.5380143046379089,-0.02206558398902414,0.5766691446304322,0.5092271268367767,-0.030862132459878885,0.5403420448303222,0.5351697564125062,-0.015430462919175582,0.5500980496406556,0.5044127643108367,-0.030727925524115525,0.5604799151420593,0.48774631619453435,-0.04108954071998592,0.5705067396163941,0.4741359412670136,-0.04808839336037632,0.5288009762763978,0.5457221031188965,-0.02081419471651312,0.5482395410537719,0.5213459730148315,-0.0424786359071731,0.5713200330734254,0.5391444683074951,-0.05191397890448566,0.5865440011024475,0.556609570980072,-0.05526721403002732,0.5215129613876343,0.56575266122818,-0.026875765621662103,0.5393453121185303,0.5434503555297852,-0.0474269293248653,0.5612137794494629,0.5607742428779602,-0.05061590820550912,0.5750583529472351,0.5767140865325928,-0.04914031550288196,0.5164918065071107,0.5935032486915588,-0.033125965669751144,0.5312026023864747,0.5814588427543641,-0.04905268177390096,0.5478447079658509,0.587078869342804,-0.052056454867124506,0.5596173644065857,0.5939282059669495,-0.05175027921795841
0.5394247651100159,0.6430289268493653,1.6479209818953683e-07,0.5568519115447998,0.6131755352020264,-0.007112365681678001,0.5666216611862183,0.5728884816169739,-0.014518796838819941,0.5724375128746033,0.5419821619987488,-0.0226253047585487,0.577527928352356,0.5132898569107056,-0.031325290352106065,0.5420651435852051,0.5351680994033814,-0.013530135899782143,0.5501845359802247,0.5020173430442809,-0.028579217568039845,0.5601571440696717,0.484280401468277,-0.0391761481761932,0.5698690295219422,0.469727247953415,-0.046347004920244184,0.5306734919548035,0.5446507215499878,-0.018392939865589097,0.5476146697998047,0.5161411881446839,-0.039735648781061124,0.5703032732009888,0.5319348931312562,-0.04982820004224772,0.5855008244514466,0.5485243558883667,-0.05362185388803476,0.5227362155914307,0.5632326245307923,-0.024135027825832323,0.538020396232605,0.537496018409729,-0.04453397467732426,0.560316288471222,0.5534269690513611,-0.04841557517647738,0.5748922228813171,0.5695695877075195,-0.04732780978083607,0.516645073890686,0.5901380896568298,-0.030151588469743706,0.5293994426727295,0.5751847505569458,-0.04614965394139288,0.5463227391242981,0.5795575141906739,-0.04969287812709802,0.5588900566101074,0.5864173293113708,-0.04970416128635402
0.5402668714523315,0.6471240043640137,1.622686909286131e-07,0.5583219289779664,0.6165716052055359,-0.0074817303568124206,0.5675934076309204,0.5745248198509217,-0.01458817105740306,0.5730071783065797,0.5418373465538026,-0.02248675301671024,0.5774982452392579,0.5114625930786133,-0.030969352647662124,0.5432507753372192,0.5366004824638367,-0.012427088245749443,0.5500704646110535,0.5006064593791961,-0.027320737391710245,0.5601375341415405,0.48198499083518986,-0.038082072883844346,0.5695804357528687,0.4668557703495026,-0.04540945440530772,0.5322789311408997,0.5454447865486145,-0.0169786754995584,0.5463433980941772,0.5122391819953919,-0.03790323063731188,0.5690506100654602,0.526111364364624,-0.04860669374465938,0.5840499997138977,0.5418620944023133,-0.05302193388342852,0.5241652488708496,0.5627636432647706,-0.02252800799906248,0.5361308455467224,0.5324923872947692,-0.04244515225291248,0.5587189197540283,0.5464214205741882,-0.0470291137695312,0.5736119508743287,0.5625805258750916,-0.0466203726828098,0.5173778057098388,0.5884599804878234,-0.028438093140721304,0.5274460911750793,0.5697541832923889,-0.044416755437850924,0.5446141839027405,0.5720481038093567,-0.0487626433372497,0.5578860998153686,0.5785815715789795,-0.04949752315878865
0.53929363489151,0.6487419128417969,1.5432630675604745e-07,0.5584888219833374,0.616740381717682,-0.0065581545233726005,0.5678289294242859,0.5735627055168152,-0.012860476225614521,0.573630940914154,0.5402686715126038,-0.020275440067052803,0.5784704804420472,0.5096267819404603,-0.028383621200919126,0.5442976832389832,0.5356891870498658,-0.01000212943181392,0.5497708201408387,0.4983427286148071,-0.023915569484233817,0.5599740505218506,0.4789361715316773,-0.034348040074110006,0.5693822264671325,0.4636412143707276,-0.04151137396693225,0.5336672902107239,0.5440198540687562,-0.01455343551933762,0.5452359914779663,0.5087957978248596,-0.03400221839547152,0.5676763415336609,0.5198561906814576,-0.04481572881340976,0.5824926257133485,0.5343515038490295,-0.04964968562126154,0.5253135204315186,0.5605653643608093,-0.020078833401203103,0.5347240686416626,0.5280316114425659,-0.03861544579267498,0.5572096943855286,0.5388500690460205,-0.043731994926929446,0.5722655892372132,0.5541806697845459,-0.04400564059615132,0.5180259108543396,0.5853970766067504,-0.025929547846317264,0.5262154459953308,0.5639961123466493,-0.0410207241773605,0.5435079455375671,0.5645595908164978,-0.04567703604698176,0.5572399258613587,0.5710014581680297,-0.04683486893773076
0.5384455084800721,0.649315333366394,1.5727804338894208e-07,0.558116102218628,0.6173505663871766,-0.0064595618285238215,0.5676421999931336,0.5737615585327149,-0.012358935177326181,0.5736039757728577,0.5402650237083435,-0.019400468841195062,0.5790953755378724,0.5092987298965455,-0.02718467414379118,0.545326316356659,0.5345847368240357,-0.008803404960781299,0.5498747229576111,0.49599145650863646,-0.0217729583382606,0.5598897933959961,0.47541929483413703,-0.03174565620720385,0.569024133682251,0.459449315071106,-0.038634515553712785,0.5349053621292115,0.5419902443885803,-0.01302234642207618,0.5440585255622864,0.5047617971897126,-0.03086559996008868,0.5658752083778382,0.5123956799507141,-0.04157066494226452,0.5808561205863954,0.5252612948417663,-0.04666947424411769,0.5262686848640442,0.5577423810958863,-0.01821101345121854,0.5331541299819946,0.52324036359787,-0.03501072376966472,0.5549829721450806,0.5304615616798402,-0.04048817381262776,0.5703692555427552,0.5439541935920715,-0.041468589007854426,0.518528425693512,0.5816276550292969,-0.02379610352218146,0.5245388746261597,0.5578020930290223,-0.03760666139423842,0.5412533402442933,0.5561002969741822,-0.04242705255746836,0.5551815986633301,0.5614442229270935,-0.04400753602385518
0.538212263584137,0.6492020964622498,1.6258733808172116e-07,0.5582292079925537,0.616892647743225,-0.006423456687480141,0.5679183840751648,0.5723505258560181,-0.01208106894046066,0.5740084767341614,0.5380858302116394,-0.0188721980899572,0.5803725957870484,0.5062891721725464,-0.026471820473670936,0.5459312796592712,0.5332286477088928,-0.00824482785537834,0.549805510044098,0.49419042468070984,-0.02067104019224638,0.5596925973892213,0.47279748320579534,-0.030362129211425764,0.5686617016792297,0.45640200972557077,-0.03706827312707894,0.5355538845062255,0.5400769829750061,-0.01227724086493248,0.5429035305976868,0.5016984462738037,-0.02910108938813204,0.5643100261688233,0.506706190109253,-0.03969619274139402,0.5794877767562867,0.5182926416397095,-0.04494424834847444,0.5267216086387635,0.5555767059326172,-0.01727154776453966,0.5316227436065675,0.5196563243865967,-0.0329070962965488,0.552861213684082,0.5240285992622375,-0.03862155303359028,0.568462872505188,0.5358218193054199,-0.040091338753700204,0.5186866760253906,0.5790677070617676,-0.02270854078233236,0.5229262113571167,0.5531015634536743,-0.035634673386812143,0.5391899228096009,0.5495692968368531,-0.040536218136548945,0.5532601356506348,0.5539232134819031,-0.042393603920936565
0.5379376649856568,0.6487340092658996,1.6760705250362666e-07,0.5583683609962464,0.6166910648345948,-0.006746993679553202,0.5684235572814942,0.5712542176246643,-0.0123103918507695,0.5745644927024842,0.5359755039215088,-0.01891477704048154,0.5819120168685913,0.5032164454460144,-0.02634636797010896,0.5465893030166626,0.5320968151092529,-0.00803351933136576,0.5493787646293641,0.4918100416660309,-0.02006846666336054,0.5592145323753357,0.4695963025093079,-0.029506958276033383,0.5680959701538086,0.45295300483703616,-0.03599591553211206,0.5361943960189819,0.5383175730705262,-0.01177382618188852,0.5409943222999574,0.497050940990448,-0.02769631147384638,0.5618438363075258,0.4990133285522461,-0.03819343596696852,0.5772129058837892,0.5091348946094513,-0.04353912919759745,0.5270887970924378,0.5532530069351196,-0.01650875993072982,0.5293264627456665,0.5145699858665467,-0.03106936998665328,0.5498995065689086,0.5154916107654571,-0.03702290058135982,0.5657662510871887,0.5251786112785339,-0.03893592730164522,0.5185922026634217,0.5757965564727784,-0.02176634967327112,0.5203681707382202,0.546407151222229,-0.03381967917084686,0.5360304594039917,0.5407369256019593,-0.038722062110900825,0.5502116918563843,0.5440620541572572,-0.04077970832586286
0.537761902809143,0.6466152667999268,1.736219672920925e-07,0.5587141752243042,0.6156766176223756,-0.007085465453565061,0.5692357182502747,0.5703016281127931,-0.012436764501035182,0.5752206802368165,0.534895920753479,-0.018670998513698543,0.5829551815986633,0.5023395657539368,-0.02567573450505732,0.5473485350608825,0.5301807761192322,-0.00754570895805948,0.5491448640823364,0.48884538412094114,-0.018960592150688103,0.5583756923675538,0.4654705226421357,-0.028026944771409004,0.5670502901077271,0.44791885614395144,-0.034264770895242644,0.536776089668274,0.5356415033340454,-0.01085088010877366,0.5392873764038086,0.4914844334125519,-0.025595497339963857,0.5586885929107666,0.48976626992225647,-0.03579335436224934,0.5741413593292236,0.49747418761253354,-0.04114579632878296,0.5272464036941529,0.5498170852661133,-0.015184731781482661,0.5275212168693543,0.5085731208324432,-0.0286537747830152,0.546800720691681,0.505998682975769,-0.03476022109389302,0.5627701044082641,0.5131350636482239,-0.037041579186916286,0.5181901097297669,0.5713388085365295,-0.020103105157613682,0.5183478593826294,0.5397327065467835,-0.031415328010916635,0.5329484820365906,0.5317024827003479,-0.036352135241031584,0.5469380855560303,0.5329930067062378,-0.03858037516474722
0.5383654832839966,0.6444123387336731,1.8505511150124227e-07,0.5592414021492005,0.6145768642425536,-0.008007562160491881,0.5698507308959961,0.5694880843162538,-0.013568779453635181,0.575820279121399,0.534121572971344,-0.019756634905934302,0.5837738871574403,0.5012198865413666,-0.026667382940649964,0.5478160619735718,0.5286676287651062,-0.008339943177998,0.5494110345840455,0.48558155894279476,-0.01964633129537098,0.5579756855964662,0.46110336184501655,-0.028649672120809523,0.5663047432899475,0.44265323877334595,-0.03486306667327876,0.5370792746543884,0.5334177136421203,-0.011201039515435638,0.5380694866180421,0.48648411035537725,-0.02540206983685488,0.5561036705970764,0.48073039650917054,-0.03572162464261052,0.5717604279518128,0.4853965699672699,-0.041422569006681384,0.5271325945854187,0.5468245506286622,-0.01515297889709468,0.5257478833198548,0.5028197646141053,-0.02821892648935312,0.543747091293335,0.49651202559471136,-0.034990043193101845,0.5599154114723206,0.501076227426529,-0.03798818737268442,0.5175053715705872,0.5672880649566651,-0.01975859403610222,0.516168212890625,0.533525264263153,-0.0309694338589906,0.5295095562934876,0.5228961825370788,-0.03639145940542214,0.5431760668754577,0.5221899509429931,-0.039131853729486445
0.5383911371231079,0.6424851417541504,1.8927359803910807e-07,0.5592827439308167,0.6131103396415711,-0.008828743733465622,0.5701009511947632,0.5688109993934631,-0.014590448699891522,0.5762471199035645,0.5334786534309388,-0.02078015729784962,0.5843995451927185,0.5006629645824433,-0.027638230845332123,0.54839186668396,0.5268178462982178,-0.00874951742589468,0.5504875659942627,0.4831259191036224,-0.020054008811712203,0.5582036137580872,0.4579290330410004,-0.02912043966352936,0.5659788131713868,0.43859260678291323,-0.0354113399982452,0.5373059749603272,0.5309158086776734,-0.0112447159364819,0.5378963947296143,0.4833984971046447,-0.0249912846833467,0.5537945628166199,0.473579603433609,-0.035403293371200524,0.5685580730438233,0.4738586306571961,-0.041480150818824724,0.5268554091453552,0.5436808586120605,-0.0149659682065248,0.5250666022300721,0.49884966015815735,-0.027925747632980284,0.5409874796867371,0.4885617554187775,-0.03529915213584896,0.5562692403793335,0.48940362930297854,-0.03890461251139636,0.5166297674179078,0.5634779930114747,-0.0193932615220546,0.5143330693244934,0.5286929249763489,-0.03073358386754984,0.5258344054222107,0.5150412201881409,-0.03664771467447274,0.5384472250938416,0.5111834168434144,-0.03986758068203922
0.5384167909622193,0.6405579447746277,1.9349208457697392e-07,0.5593240857124329,0.6116438150405884,-0.009649925306439362,0.5703511714935303,0.5681339144706726,-0.015612117946147863,0.57667396068573,0.5328357338905335,-0.021803679689764943,0.5850252032279969,0.5001060426235199,-0.028609078750014286,0.5489676713943481,0.5249680638313294,-0.00915909167379136,0.55156409740448,0.48067027926445005,-0.02046168632805342,0.5584315419197083,0.4547547042369843,-0.0295912072062492,0.5656528830528259,0.43453197479248046,-0.03595961332321164,0.5375326752662659,0.5284139037132263,-0.011288392357528161,0.5377233028411865,0.4803128838539123,-0.024580499529838522,0.5514854550361633,0.4664288103580475,-0.03508496209979052,0.5653557181358337,0.46232069134712217,-0.04153773263096806,0.5265782237052918,0.540537166595459,-0.01477895751595492,0.5243853211402894,0.49487955570220943,-0.02763256877660744,0.5382278680801391,0.4806114852428437,-0.03560826107859608,0.5526230692863465,0.4777310311794281,-0.039821037650108304,0.5157541632652283,0.5596679210662843,-0.01902792900800698,0.5124979257583618,0.5238605856895447,-0.030497733876109084,0.5221592545509338,0.5071862578392029,-0.03690396994352334,0.5337183833122254,0.5001768827438355,-0.040603307634592
0.5386457443237305,0.6388124465942383,2.0158525728675164e-07,0.5592605948448182,0.6095760345458985,-0.009940121322870202,0.5703009963035583,0.5669348239898682,-0.016172441467642722,0.5770143747329712,0.5320122480392456,-0.022475947439670522,0.585574758052826,0.499533599615097,-0.029386196658015222,0.5495587468147278,0.5237227439880371,-0.01035105045884844,0.5529616951942444,0.47894654273986814,-0.021876414492726284,0.5589068651199341,0.45229862928390496,-0.03099376112222668,0.5655521273612976,0.43082170486450194,-0.03740197569131848,0.5378003239631653,0.5264764428138733,-0.01244388762861486,0.5383447289466858,0.4784347891807556,-0.025434585288166965,0.5500309824943542,0.4598307549953461,-0.0357046134769916,0.562952733039856,0.4503657460212708,-0.04235681071877477,0.5263419032096863,0.5382237434387208,-0.0159457873553037,0.524210548400879,0.49188471436500547,-0.02886292003095144,0.5359918594360352,0.47358705997467043,-0.03716169372200962,0.5494430422782899,0.46609333753585813,-0.04183641448616979,0.5151403069496154,0.5570860624313355,-0.02018203325569622,0.511390209197998,0.5212254643440247,-0.032062292471528024,0.5189069390296936,0.501162314414978,-0.03902718052268022,0.5290098667144776,0.4896090745925904,-0.04326482564210886
0.5386888861656189,0.637652313709259,2.0958005677584882e-07,0.5589223742485047,0.6077271461486816,-0.00999018847942346,0.5700929164886475,0.5655383348464966,-0.0165121722966432,0.5770945668220521,0.53084956407547,-0.02298820950090882,0.5861331939697266,0.4985561966896057,-0.03008763454854484,0.5502952218055726,0.5226136326789856,-0.0114799868315458,0.5544889926910401,0.477242511510849,-0.023172986134886702,0.5597250580787659,0.4497001945972443,-0.0321443889290094,0.5658311605453491,0.4269078135490417,-0.0384791515767574,0.5382357239723206,0.524855661392212,-0.013680942729115441,0.5395046949386597,0.47732666134834284,-0.026331602409481965,0.5492612242698669,0.45437823534011845,-0.03614656552672382,0.5609221577644348,0.4399368524551392,-0.04277384951710698,0.5263530492782593,0.5365421414375305,-0.01732429862022392,0.5244754433631897,0.48997474312782296,-0.03021341077983374,0.5340672373771668,0.46753209233284,-0.03854459151625629,0.5461521625518799,0.45482534170150757,-0.0434597164392471,0.5149103403091431,0.5554140448570252,-0.02166005820035928,0.5109107494354248,0.5195371389389039,-0.03381984084844586,0.5160166501998902,0.4965657472610474,-0.04103133678436272,0.5239651083946228,0.4807498574256897,-0.045547201484441704
0.5388227105140686,0.635471248626709,2.1424426961402791e-07,0.558631944656372,0.6056240558624267,-0.01009456627070898,0.5698872208595276,0.564163076877594,-0.016810351982712683,0.5771299242973328,0.5299724340438844,-0.023418175429105723,0.5864386677742004,0.49783015847206114,-0.030644570663571322,0.5506895065307618,0.5202274203300477,-0.01217249818146226,0.5555289030075073,0.47537084817886355,-0.0241735570132732,0.5602726936340332,0.4475588917732239,-0.03319983109831806,0.5660123109817505,0.4237648963928222,-0.03960603624582288,0.53839191198349,0.5219634890556336,-0.01457673683762546,0.5403626680374145,0.4754235327243805,-0.02718011550605294,0.5483403444290161,0.449468994140625,-0.03674745485186572,0.5586390495300293,0.43079668283462524,-0.04338869377970692,0.5262239336967469,0.5336021661758423,-0.0185119912028312,0.5247483253479004,0.4877707302570343,-0.03155932575464244,0.5323813438415528,0.46241415739059444,-0.03990276232361789,0.5430870890617371,0.4451168477535248,-0.044969289749860725,0.5147253155708313,0.5527124881744385,-0.023144063353538462,0.5104616641998291,0.5174768328666688,-0.035650027543306324,0.5132722139358521,0.4926112413406373,-0.043031269311904846,0.5191256284713746,0.4731111884117126,-0.047737976163625656
0.5388880968093872,0.6337392807006836,2.182591885002694e-07,0.5584985375404358,0.6042869806289674,-0.0097975000739097,0.5698580741882324,0.5628945231437683,-0.01662352047860616,0.5772588849067688,0.5292392134666443,-0.023363575339317284,0.5866920828819275,0.49716206192970275,-0.03077571094036098,0.5506424903869629,0.5188960671424866,-0.013203074038028681,0.5554609298706055,0.4738179981708527,-0.025549664348363844,0.5601284265518189,0.44580025672912593,-0.03461643978953356,0.5658825993537903,0.4215381562709808,-0.04108556956052778,0.5382062673568725,0.5204883933067321,-0.0160594534128904,0.5400707721710205,0.4733947098255157,-0.028848397731780988,0.5475149869918823,0.44559402465820314,-0.03832399845123286,0.5573941707611084,0.42472500205039976,-0.04501685500144954,0.5259434461593628,0.5322827458381654,-0.020410939306020677,0.5241586804389954,0.48582498431205756,-0.0337335646152496,0.5312129616737366,0.4589159369468689,-0.04217435494065279,0.5414667963981629,0.4392177820205688,-0.04741309434175486,0.514648699760437,0.5516372799873352,-0.0254039071500301,0.5101119160652161,0.5161740541458131,-0.0383265487849712,0.5116714835166931,0.4902303814888001,-0.04592499434947963,0.5161828994750977,0.46870149374008174,-0.05086017772555346
0.5387678384780884,0.6311682105064392,2.2046623655569424e-07,0.5583512187004089,0.6020777583122254,-0.00941762346774334,0.5699569344520569,0.5610670804977417,-0.01633993312716478,0.577706527709961,0.5281745076179505,-0.023221022263169244,0.587465512752533,0.49642900824546815,-0.030835739150643304,0.5507282853126526,0.5166724681854249,-0.014049899764358961,0.5555800318717956,0.47180708050727843,-0.02672579362988468,0.5602146863937378,0.44368237257003784,-0.03584201782941812,0.5658864498138427,0.4189494371414184,-0.042394962161779376,0.5381216526031494,0.5178887844085693,-0.01740177534520624,0.5399860978126526,0.4703138887882232,-0.030320065096020688,0.5467231869697571,0.4406061828136444,-0.03964340910315508,0.5558385014533996,0.41729128956794737,-0.04636269211769098,0.5257192134857178,0.5297129154205322,-0.022231092676520302,0.5236032962799072,0.4827322721481323,-0.03581082224845884,0.5298366904258728,0.4542179763317108,-0.04432020336389535,0.5393219470977784,0.43180187344551085,-0.049722481518983785,0.5145432472229005,0.549126386642456,-0.027648155763745283,0.5095654129981995,0.5135038018226624,-0.041004426032304725,0.5098280191421508,0.4865568101406098,-0.04884196519851681,0.5129687666893006,0.4628005146980285,-0.054027564078569366
0.5383975386619568,0.6280861854553224,2.195734367660407e-07,0.5581855177879333,0.6004324436187745,-0.0095449168235063,0.5701578497886658,0.5596609830856324,-0.01618433780968184,0.5781206846237184,0.5270359873771668,-0.022757484763860664,0.5880747675895691,0.49575027823448187,-0.030017477273941003,0.5507286787033081,0.5127024531364441,-0.013147417083382561,0.5557727217674255,0.46862531900405885,-0.02533984519541258,0.5603255033493042,0.4404007732868194,-0.03429519869387142,0.5658172249794006,0.41550247073173524,-0.04078703373670576,0.5378900051116944,0.5133043289184571,-0.01629013717174528,0.5397941946983338,0.46650155782699587,-0.028534080460667584,0.5457133889198303,0.43585966825485223,-0.03767961040139192,0.5538838267326355,0.41119754910469053,-0.04434323534369463,0.5254334807395935,0.5249418020248413,-0.02097400091588494,0.5230511069297791,0.47864211201667783,-0.033999881520867324,0.5282893300056457,0.44923899769783016,-0.0424516484141349,0.5367450475692749,0.4252624690532685,-0.04789721295237535,0.5143303394317628,0.5445310950279236,-0.02629181705415246,0.5090990900993349,0.5094355940818787,-0.03928280249238009,0.5083799242973328,0.48250759840011603,-0.046948478370904885,0.5103629589080811,0.4580478072166443,-0.05202760025858874
0.5381147623062135,0.6242609381675721,2.1692274856377483e-07,0.558043920993805,0.5980729818344116,-0.00975121650844808,0.5703276991844177,0.5585127115249634,-0.01605169866234058,0.5786153197288513,0.5262628674507142,-0.0222786165773868,0.5886273741722108,0.49548377394676213,-0.029078510031104062,0.5505915999412537,0.5080123484134674,-0.011475426703691421,0.5559909820556641,0.46528044939041135,-0.02294207010418172,0.5604556798934937,0.43744580745697015,-0.03170955553650848,0.5656581997871399,0.4126632332801819,-0.03815284408628938,0.537585186958313,0.50765061378479,-0.01427747849375008,0.5396820902824402,0.4618104100227356,-0.025649371743202184,0.5449264645576477,0.43098485469818115,-0.03458580076694482,0.5521616697311401,0.4055871546268463,-0.04116856902837746,0.5250957012176514,0.518694031238556,-0.01872340366244314,0.5226309180259705,0.473353224992752,-0.03103423379361626,0.5271100878715516,0.4441124379634857,-0.03932436481118194,0.5346462368965149,0.4197027444839478,-0.044729859009385045,0.5139452695846558,0.53822101354599,-0.02388860825449224,0.5082950949668884,0.5042000830173492,-0.036344578489661154,0.5071155309677124,0.47814416885375977,-0.043731696158647505,0.5086420178413391,0.45387667417526245,-0.04861686378717416
0.5376277923583984,0.6213083863258362,2.1208098530678403e-07,0.5576896667480469,0.5963822245597841,-0.0099263302981853,0.5703416585922242,0.5577794671058655,-0.01595712024718518,0.5790263175964355,0.5253707051277161,-0.021829188242554604,0.5892691969871522,0.49534602165222175,-0.028135468438267683,0.5506691932678223,0.505306738615036,-0.010259847342967922,0.5563414692878723,0.4628060221672058,-0.02090488318353886,0.5607143640518188,0.4351030707359314,-0.029206724092364245,0.5655801057815552,0.4104277551174164,-0.03533290699124332,0.5375273942947388,0.5040123879909516,-0.012537113018333901,0.5398249745368957,0.4580847442150116,-0.022913699597120245,0.5444864511489869,0.42705989480018614,-0.03121427409350866,0.5507409930229187,0.4012905180454254,-0.03732428029179566,0.5250313997268677,0.5142265677452087,-0.01649300288408992,0.5224228024482727,0.4687648355960846,-0.027797051519155458,0.5261294722557068,0.4394772708415985,-0.03542208038270466,0.5326286673545837,0.414532071352005,-0.0404054440557956,0.5138410329818726,0.5331181526184082,-0.021244206279516162,0.5077791690826416,0.4996147871017456,-0.032817205041646896,0.5062005758285523,0.4741571843624115,-0.03957099653780456,0.5071911215782166,0.44981942176818845,-0.04397237673401826
0.5371408224105836,0.6183558344841004,2.0723922204979318e-07,0.5573354125022889,0.5946914672851563,-0.01010144408792252,0.5703556180000305,0.5570462226867676,-0.01586254183202978,0.5794373154640198,0.5244785428047181,-0.0213797599077224,0.5899110198020936,0.49520826935768136,-0.027192426845431304,0.5507467865943909,0.5026011288166046,-0.009044267982244421,0.5566919565200805,0.4603315949440002,-0.018867696262896003,0.560973048210144,0.4327603340148926,-0.026703892648220002,0.5655020117759705,0.4081922769546509,-0.03251296989619726,0.5374696016311645,0.5003741621971131,-0.010796747542917722,0.5399678587913513,0.4543590784072876,-0.020178027451038305,0.5440464377403259,0.42313493490219123,-0.0278427474200725,0.5493203163146972,0.39699388146400455,-0.03347999155521386,0.524967098236084,0.5097591042518616,-0.0142626021057367,0.522214686870575,0.4641764461994171,-0.024559869244694665,0.5251488566398621,0.43484210371971127,-0.03151979595422739,0.5306110978126526,0.40936139822006223,-0.03608102910220616,0.5137367963790894,0.5280152916908264,-0.018599804304540078,0.5072632431983948,0.49502949118614203,-0.02928983159363264,0.5052856206893921,0.4701701998710633,-0.03541029691696162,0.505740225315094,0.44576216936111457,-0.039327889680862364
0.5366862297058106,0.6154851317405701,2.0512198943833938e-07,0.5569172739982605,0.5932682275772095,-0.01034757066518062,0.5702813029289245,0.5564912915229797,-0.01579011082649228,0.5796703577041626,0.523481011390686,-0.0208679880946874,0.5903041362762451,0.49489027857780465,-0.026068947091698623,0.550663161277771,0.5002003908157349,-0.00780152156949036,0.5569168567657471,0.45777477622032164,-0.01661566141992802,0.5611122608184815,0.4303626477718353,-0.02386689856648438,0.5654109835624695,0.40590548515319824,-0.02926762327551836,0.5372427582740784,0.4972050130367279,-0.008929518517106761,0.539796543121338,0.4510171830654144,-0.017132186889648363,0.5433770895004273,0.4196438074111939,-0.024060994386672918,0.547879445552826,0.39323087930679324,-0.029145300015807105,0.5247719645500184,0.50575190782547,-0.01179509237408634,0.5218525171279907,0.4601117968559265,-0.0208755057305097,0.5241344571113586,0.4307865679264068,-0.027038531005382487,0.52872474193573,0.4049536287784576,-0.031085623800754483,0.5135697960853577,0.5233309268951416,-0.01562589854001992,0.5068364024162293,0.49076876044273376,-0.02518689669668668,0.5044631719589234,0.4665596127510071,-0.03048303425312036,0.5043699026107789,0.44236313700675967,-0.03378157690167422
0.5359557390213013,0.6133094072341919,2.0438960746105295e-07,0.5564162254333497,0.5916942596435547,-0.010536164417862839,0.5702374458312989,0.5559159874916076,-0.0158763367682695,0.5799277901649476,0.5226988792419434,-0.02077171318233006,0.5908521890640259,0.49470261335372934,-0.0256996780633926,0.5505463004112244,0.4984656393527984,-0.00721916416659944,0.5571321010589599,0.4558928310871124,-0.01539505757391448,0.5613187313079835,0.4285620033740998,-0.022319798544049203,0.5654174089431763,0.4040601372718811,-0.027527304366230902,0.5370335817337035,0.4949739038944244,-0.0080116302706301,0.539602303504944,0.4483016312122345,-0.015483428351581022,0.5428426384925843,0.4167738020420075,-0.022010464593768084,0.5467352747917176,0.39009474515914916,-0.026838555186986884,0.5245469927787781,0.5028449654579162,-0.010551417618989898,0.5216513395309449,0.45709959268569944,-0.018894690647721243,0.5234293580055237,0.4275961756706238,-0.024681911244988402,0.5272720336914063,0.4015209138393402,-0.028522192686796122,0.5132893085479737,0.5196580767631531,-0.01411562077701086,0.5063848972320557,0.48692598342895504,-0.02296791598200792,0.5037198424339295,0.4630791485309601,-0.027816133201122223,0.5032018423080444,0.43911588191986084,-0.030820957198739
0.5356556057929993,0.6114955425262452,2.0272631218176687e-07,0.5561784625053405,0.5902111172676087,-0.01064621917903418,0.5702671766281128,0.5548917055130005,-0.01600223202258346,0.5801474332809449,0.5216300964355469,-0.02085184380412096,0.5913425803184509,0.49434199929237366,-0.025700272992253262,0.5503946065902711,0.4971554040908814,-0.007377661485224901,0.5571009755134583,0.45437141060829167,-0.01538617815822358,0.5612360239028931,0.4270643949508667,-0.02220078818500036,0.5651920914649964,0.40252981781959535,-0.027321476116776402,0.5367866635322571,0.49338885545730593,-0.008029391150921562,0.5392623066902161,0.4461182653903961,-0.01523748673498622,0.5423377156257629,0.4145123183727265,-0.021528344228863683,0.5458780646324157,0.3876858353614807,-0.026190380007028544,0.5242897629737854,0.5008985579013825,-0.010409147851169061,0.5212157130241394,0.4548734188079834,-0.01841713637113566,0.5226376414299012,0.4251890063285827,-0.023957756534218763,0.525946044921875,0.3989118695259094,-0.02765104509890072,0.5130734086036682,0.5172823429107667,-0.0138397373259067,0.5060594439506532,0.48426244854927064,-0.02230575866997236,0.5031050801277162,0.4604693651199341,-0.026857898756861624,0.5021330356597901,0.436521190404892,-0.029668834432959524
0.5353973627090455,0.6101655006408692,2.0265713942535518e-07,0.556002140045166,0.5889922738075257,-0.01067476458847518,0.5703775763511658,0.5540377736091614,-0.0160174900665879,0.580418360233307,0.5207854270935058,-0.02081492021679874,0.591838276386261,0.49402893781661983,-0.025579139590263325,0.5502951502799989,0.4957947254180909,-0.0073603588156401605,0.5571125030517577,0.4530377686023712,-0.015212563611566981,0.5612272500991822,0.42586013674736023,-0.02195881046354764,0.5650760531425476,0.4012751758098602,-0.027032446488738003,0.5366028428077698,0.49192461967468265,-0.007937570568174101,0.5390373110771179,0.44432558417320245,-0.01490567382425062,0.5419875621795655,0.4127245426177979,-0.021000228077173205,0.5452700614929199,0.3857001304626465,-0.025528965890407523,0.5240783572196961,0.49927951097488404,-0.01023569349199528,0.5208669424057006,0.4532348036766052,-0.0179735086858272,0.5220239162445068,0.4234859704971313,-0.023307619988918282,0.5249667048454285,0.39700829386711123,-0.02687346711754792,0.5128302454948426,0.5154509782791138,-0.01360800415277476,0.5057634234428406,0.48225357532501223,-0.0217822171747684,0.5026780366897583,0.4586202025413513,-0.026091309264302184,0.501507592201233,0.4348067045211792,-0.028731967136263824
0.5348867535591125,0.6082329392433167,2.018436362050125e-07,0.555768632888794,0.5875045061111451,-0.010664980672299821,0.5704512238502503,0.5531261563301086,-0.015906300395727123,0.5806625366210938,0.519954812526703,-0.0205576833337545,0.5923337936401367,0.4938162624835968,-0.0251477506011724,0.5500757336616516,0.49411336183547977,-0.007196778617799241,0.5569711804389954,0.4512419402599335,-0.014769942685961681,0.5610426783561706,0.4240917086601258,-0.021367312967777177,0.5647172570228577,0.39943723678588866,-0.026332922279834702,0.5362967133522034,0.49003031849861145,-0.007636598311364621,0.5387132167816162,0.4420002341270447,-0.01422270089387886,0.5415283203125,0.41039436459541323,-0.02005564533174034,0.5444957375526429,0.38326983451843266,-0.0244017023593187,0.523746132850647,0.49705378413200385,-0.0097830861806869,0.5204491257667541,0.4508968889713287,-0.01711999401450152,0.5213153243064881,0.4211580693721771,-0.022221684828400583,0.5238210678100587,0.39458839893341063,-0.0256436932832002,0.5124954104423524,0.5127088069915772,-0.01302282623946662,0.5052701592445374,0.47936920523643495,-0.020770441368222196,0.5020554661750793,0.4561281979084015,-0.024773961678147244,0.5007246732711792,0.43270813822746274,-0.02720322906970976
0.5342957496643066,0.6068617820739746,2.0060935526089458e-07,0.5554217100143433,0.5864864706993104,-0.01081757135689254,0.5704619765281678,0.5526719212532043,-0.01612513456493612,0.5808658123016358,0.5196163654327393,-0.02077409029006954,0.5927164435386658,0.49372400641441344,-0.025348203256726223,0.5498219728469849,0.4927218854427338,-0.00736405178904528,0.5566943407058716,0.44962751865386963,-0.014826624840497921,0.56062833070755,0.42236197590827945,-0.02137596234679216,0.5640722751617432,0.39765726327896117,-0.026292115449905343,0.5359756827354432,0.48850057721138007,-0.007639895379543261,0.538330888748169,0.44000762701034546,-0.014010146446525979,0.5410133600234985,0.4084094524383545,-0.019720765575766522,0.5437267303466797,0.3813691735267639,-0.02398872077465054,0.5233813762664795,0.4953177452087402,-0.0096027417108416,0.5200523257255554,0.4489757180213928,-0.016680980287492223,0.5206860423088073,0.4191937327384948,-0.021690318360924683,0.5228256702423096,0.39267681241035457,-0.025076016411185204,0.5121145486831665,0.5106570363044739,-0.01267016548663372,0.5047250509262086,0.47714177370071414,-0.02015128172934052,0.5013916850090027,0.4541635751724243,-0.023973336443304943,0.49988743662834173,0.4311379909515381,-0.026276205852627722
0.5339679837226867,0.6051581621170045,1.9676633371545908e-07,0.5552006363868713,0.5851577162742615,-0.01073619388043876,0.5703839302062989,0.5518842935562134,-0.016086619161069363,0.5810260534286499,0.5191625356674194,-0.02079134583473202,0.5929648637771607,0.4934976100921631,-0.025432044267654382,0.5495890498161317,0.49131630063056947,-0.00753747243434186,0.5562563419342041,0.448149824142456,-0.01500319745391602,0.559982442855835,0.42083086967468264,-0.02152616120874876,0.5632007360458374,0.39611966013908384,-0.026407968625426242,0.5356711030006409,0.4870099484920502,-0.00784536320716138,0.5378724217414856,0.43828614950180056,-0.014134553074836659,0.5403546094894409,0.4067469835281372,-0.019750436395406683,0.5428228497505189,0.37973749637603754,-0.023968425765633558,0.5230348587036133,0.49370348453521723,-0.0098087210208177,0.5196868777275085,0.44719958305358887,-0.016742981411516603,0.5201021552085876,0.41747130155563356,-0.021657967939972822,0.5219682931900025,0.3909713447093963,-0.025021128728985723,0.5117862105369568,0.508887767791748,-0.012874115630984239,0.5042034268379212,0.4754431068897248,-0.020218593627214402,0.500798374414444,0.45260038375854483,-0.02394707053899758,0.4992547512054444,0.42977573275566106,-0.026199218630790683
0.533194899559021,0.6039667129516602,1.9538702815680157e-07,0.5547905206680298,0.5844165325164795,-0.01078670565038914,0.5702224850654602,0.5515923738479614,-0.0161097330972552,0.5811111211776734,0.5190897583961487,-0.020763773843646,0.5931835055351258,0.49351220130920415,-0.02535628192126748,0.5493143916130067,0.49040898084640505,-0.00752168018370862,0.5558337211608887,0.4469526886940002,-0.01482941210269922,0.559444797039032,0.41950252652168274,-0.021244554594159082,0.5625019311904907,0.3948028802871704,-0.0260391011834144,0.5352868437767029,0.4858662545681,-0.0077139620669185605,0.537367856502533,0.4369329869747162,-0.01380212232470506,0.539639699459076,0.40526496767997744,-0.01936167255043978,0.5418577313423157,0.3783523917198181,-0.0235439784824848,0.5225500822067262,0.49226773977279664,-0.00954297687858338,0.519286072254181,0.4457402527332306,-0.01626353878527874,0.519504451751709,0.41591495275497437,-0.02119019068777556,0.5210980653762818,0.38945136666297914,-0.02458267994225018,0.5112539649009704,0.5070723056793213,-0.01247258279472584,0.5035468578338623,0.4736790239810944,-0.019609170407056762,0.5001168668270112,0.45106574296951285,-0.02325591966509812,0.49858549833297733,0.4286293268203736,-0.02545523084700104
0.5324218153953553,0.602775263786316,1.9400772259814404e-07,0.5543804049491883,0.5836753487586975,-0.010837217420339522,0.5700610399246215,0.5513004541397095,-0.016132847033441044,0.5811961889266968,0.5190169811248779,-0.02073620185255998,0.5934021472930908,0.4935267925262452,-0.02528051957488058,0.5490397334098817,0.4895016610622406,-0.00750588793307538,0.5554111003875732,0.4457555532455444,-0.014655626751482421,0.558907151222229,0.4181741833686829,-0.0209629479795694,0.5618031263351441,0.393486100435257,-0.025670233741402558,0.5349025845527648,0.48472256064414976,-0.00758256092667574,0.5368632912635803,0.43557982444763177,-0.01346969157457346,0.5389247894287109,0.40378295183181767,-0.018972908705472878,0.5408926129341126,0.37696728706359867,-0.023119531199336043,0.5220653057098389,0.490831995010376,-0.00927723273634906,0.5188852667808533,0.4442809224128723,-0.015784096159040882,0.5189067482948304,0.41435860395431523,-0.0207224134355783,0.5202278375625611,0.3879313886165619,-0.02414423115551464,0.5107217192649842,0.5052568435668946,-0.012071049958467441,0.5028902888298035,0.471914941072464,-0.01899974718689912,0.49943535923957827,0.44953110218048087,-0.022564768791198658,0.4979162454605103,0.427482920885086,-0.0247112430632114
0.5316416978836059,0.6016736745834351,1.9431139719472412e-07,0.5538752794265748,0.5828381419181824,-0.01109337080270046,0.5698983669281006,0.5509247303009033,-0.016485548391938182,0.5812896370887757,0.5188008785247803,-0.02113162428140634,0.5936464190483093,0.49338524341583256,-0.025692616403102858,0.5487774133682252,0.48846207261085506,-0.00763679333031172,0.5551506996154786,0.4446712136268616,-0.014682809077203221,0.5585703730583191,0.4170885384082794,-0.020941812545061084,0.5613587856292725,0.39245185852050785,-0.025613756105303698,0.534474503993988,0.48362177014350893,-0.0075381739996373005,0.5362452864646913,0.4344630479812622,-0.013292448036372622,0.5380488157272338,0.4026368975639344,-0.0187794562429189,0.5397696375846863,0.37586005926132204,-0.02293479815125464,0.5215357542037964,0.48964250087738037,-0.00906089693307872,0.5184228539466859,0.44342895150184625,-0.0154248302802443,0.518255352973938,0.4134656250476838,-0.02037929370999332,0.5193361520767212,0.38702474832534794,-0.02383574582636348,0.5101153612136842,0.5039043784141541,-0.011706135235726802,0.502316951751709,0.4706672728061676,-0.01850713416934006,0.4988422214984894,0.44834231138229363,-0.022036755830049437,0.4972966313362122,0.4264707863330841,-0.0241609930992126
0.5307593822479248,0.6010440587997437,1.9304040961287684e-07,0.553297257423401,0.5825558543205261,-0.01121892966330046,0.5695329666137695,0.5505705118179322,-0.01656749211251732,0.581179678440094,0.5185311079025269,-0.02114992588758462,0.593705701828003,0.49335918426513675,-0.025640700384974457,0.5485336184501648,0.4879261970520019,-0.00775301959365602,0.5548763513565064,0.44390549063682555,-0.014780509844422281,0.5582797765731812,0.41623503565788267,-0.02101117372512814,0.5610098242759705,0.39157534241676334,-0.02567022256553168,0.5340434551239014,0.4828981637954712,-0.00756184328347438,0.5356544494628906,0.43364023566246035,-0.01333424523472782,0.537244439125061,0.40167090892791746,-0.01889139264822,0.5387137770652772,0.3748566746711731,-0.023086434230208383,0.5210001468658447,0.4887692332267761,-0.008987143449485261,0.5178554773330688,0.44257674813270564,-0.01538074240088458,0.5175335884094239,0.41252642869949346,-0.02044130526483054,0.518387520313263,0.38601895570755007,-0.02395023293793194,0.5095423102378845,0.5029470086097718,-0.011540345475077603,0.5017539024353027,0.46976301074028015,-0.01837907284498208,0.49820626974105836,0.4474327266216278,-0.021985692530870383,0.49657170176506044,0.4255601942539215,-0.024145364761352497
0.5300698995590211,0.6002698898315431,1.9227500729357417e-07,0.5528198122978211,0.5816293358802795,-0.01118007395416492,0.5691936969757081,0.5498844027519226,-0.016459506377577742,0.5809051394462585,0.5180208563804627,-0.02098031118512148,0.5935454726219178,0.49320085644721984,-0.02539385333657262,0.5481780767440796,0.4872531294822693,-0.00756765864789482,0.554562258720398,0.44309169054031367,-0.014468111284077122,0.5579262495040894,0.415449732542038,-0.020620391890406584,0.5605446219444276,0.3908716559410096,-0.02522520571947092,0.533594012260437,0.4822569191455841,-0.00732502285391086,0.5351419448852539,0.43292144536972044,-0.013014815375208821,0.5366148471832275,0.4009714841842652,-0.018586196377873343,0.5378665089607239,0.3742432594299317,-0.02278029434382912,0.520514702796936,0.48808051943778996,-0.008687082305550542,0.5172423601150513,0.44209216237068183,-0.015017168596386861,0.5168316364288331,0.41201397776603704,-0.02011427246034142,0.5174897193908692,0.38546834588050843,-0.023632831871509483,0.5090524911880494,0.5021109342575074,-0.01116784941405056,0.5011979162693023,0.4690193474292755,-0.0179117359220981,0.4975482642650604,0.44670742154121396,-0.02148353494703764,0.4957585752010346,0.42482613921165463,-0.02361092418432232
0.5295667171478271,0.599567210674286,1.9190183024875297e-07,0.5524498581886291,0.5807977199554444,-0.0112472796812653,0.5689282655715943,0.5493696331977844,-0.0165325172245502,0.5806315660476684,0.5175672531127931,-0.021056258678436243,0.5933674931526184,0.49297536611557,-0.025445784628391224,0.5478850126266479,0.48660339117050166,-0.007418629806488719,0.5543102145195008,0.4424470961093902,-0.014240607805550061,0.557642650604248,0.4148239374160767,-0.02035583928227422,0.5601896047592163,0.3903203547000885,-0.024934069439768742,0.5332436203956604,0.481749027967453,-0.007098524179309541,0.5347037076950073,0.4324769914150237,-0.012741286121308761,0.5360663175582886,0.4006121575832367,-0.018317903578281322,0.5371480345726013,0.37390131950378425,-0.02251124978065486,0.5201681375503541,0.4876134097576142,-0.008393403515219661,0.5167993783950806,0.4418341219425202,-0.01469928510487074,0.5163374185562134,0.41182431578636175,-0.01979061216115948,0.516868269443512,0.3852575123310089,-0.02328927107155316,0.5087062239646911,0.5015793561935424,-0.01081531960517166,0.5008027911186219,0.468530398607254,-0.01751232594251628,0.49705654978752134,0.4461705446243286,-0.021063072234392122,0.49512056112289426,0.4241562783718109,-0.0231678809970617
0.5289020895957947,0.5984665036201477,1.915024853360592e-07,0.5519647121429443,0.5800809264183044,-0.0115388790145516,0.5685798406600953,0.5488103032112123,-0.0168736189603805,0.580324900150299,0.5170140266418457,-0.021378784254193282,0.5931680917739868,0.49265585541725154,-0.025726175308227482,0.5474188327789307,0.48572205305099486,-0.007650258671492299,0.5539052486419678,0.4415325224399566,-0.014453975111246081,0.5572058439254761,0.41391826868057247,-0.0205381620675325,0.5596499919891357,0.38948687314987185,-0.025094669312238662,0.5326969265937804,0.4810002565383911,-0.0071292117238044,0.5340627312660218,0.4317178845405578,-0.01278851609677072,0.5352905154228211,0.39999864101409915,-0.01837704218924038,0.5361568331718446,0.3734320938587189,-0.02256737686693664,0.5196553111076355,0.48694804906845096,-0.008231792971491781,0.516183614730835,0.441347348690033,-0.014570649340748719,0.5156324505805969,0.41138185858726506,-0.01968993023037906,0.515987777709961,0.3847873628139496,-0.0231824062764644,0.5082251906394959,0.5009698867797852,-0.01047870088368652,0.5001927733421326,0.46797093749046326,-0.017184763401746718,0.4963609158992767,0.4456243932247162,-0.020754577592015225,0.49432894587516785,0.4235292911529541,-0.02285823039710518
0.5283718943595886,0.5977404832839966,1.8966469497172517e-07,0.5515905857086182,0.579654610157013,-0.011649984307587099,0.568176281452179,0.5483132123947143,-0.016995342448353722,0.5799816727638245,0.5165409922599793,-0.02149473950266836,0.5929487347602844,0.49237455725669854,-0.025833088159561084,0.5469648361206054,0.48511221408843996,-0.0077808955684303995,0.5533211708068848,0.4408060252666473,-0.014594257809221701,0.5565024375915528,0.41319198012351993,-0.02065601013600822,0.5587895631790161,0.3888125896453858,-0.02520872466266152,0.5322523951530457,0.48045215010643005,-0.007199433725327181,0.53351331949234,0.43116215467453,-0.012928738445043522,0.534642219543457,0.3995181441307068,-0.018551067262887883,0.535343086719513,0.3730202972888947,-0.02274921312928194,0.5192305088043212,0.4864532947540283,-0.0082431664690375,0.5155394911766052,0.4408200085163117,-0.014667421579360901,0.5148909687995911,0.4109138429164887,-0.019815555959939918,0.5150929093360901,0.38434772491455077,-0.02329940982162948,0.5078088760375976,0.5006136417388917,-0.010433812066912618,0.499526208639145,0.46764128208160394,-0.0172022860497236,0.4955071389675141,0.4452330648899078,-0.020816271007060964,0.49328348636627195,0.422988623380661,-0.02294101268053052
0.5278162240982056,0.596718430519104,1.8857112422665527e-07,0.5512216210365296,0.5789379239082336,-0.0118783505633473,0.5678681969642639,0.5477844595909119,-0.01730970777571196,0.5796433329582215,0.5161128401756288,-0.02186435610055922,0.5927277207374573,0.4921301960945129,-0.02625726796686642,0.5464473485946656,0.4844435036182403,-0.0079862209036946,0.5526190042495728,0.44020773768424987,-0.0148511931300163,0.5556453585624695,0.41260040998458863,-0.02093384005129334,0.5577829122543335,0.38821361064910886,-0.02551470547914502,0.5317927718162537,0.4798673689365387,-0.00732009513303632,0.5329263210296631,0.43059572577476496,-0.013134395331144279,0.5339913249015809,0.39905723333358767,-0.01878362186253064,0.534624195098877,0.37259377837181096,-0.022991717979311883,0.5188124775886536,0.4859391391277313,-0.0082987671718001,0.5150028824806214,0.4403944194316864,-0.014844746887683821,0.5142504215240479,0.41053442955017094,-0.02002995833754536,0.5143289566040039,0.3839138388633728,-0.0235152911394834,0.5073745489120484,0.5001602351665497,-0.01044079083949324,0.498901516199112,0.4672920167446137,-0.017298858612775782,0.4947421491146088,0.44494332075119025,-0.02095931209623808,0.4923517763614655,0.42270265221595765,-0.023112130537629103
0.5271765351295471,0.5963380575180054,1.8876744150020392e-07,0.5507989645004273,0.5790058016777039,-0.012241609394550282,0.5675296664237977,0.5476790308952332,-0.0177282884716987,0.5793656945228578,0.5159775376319885,-0.022275742888450602,0.5925491213798524,0.4920003414154053,-0.02666465453803532,0.5459617137908936,0.48411756157875063,-0.008295225258916579,0.5519939541816712,0.4397574424743652,-0.01523344591259952,0.5549222588539124,0.4119607031345368,-0.021374237537384,0.5569561243057252,0.38734595775604247,-0.026019091904163343,0.5312959909439088,0.4795394420623779,-0.00749350190162654,0.5322637319564819,0.43020876049995416,-0.013409030996262979,0.5332772135734558,0.39860469102859497,-0.0191523134708404,0.5339006185531616,0.3720635712146759,-0.02342338450253004,0.5183133482933044,0.48564895391464236,-0.008362442813813641,0.5144421815872193,0.44011098742485044,-0.015035656467080081,0.5136346936225891,0.4102013945579529,-0.020309516414999923,0.5136784315109253,0.383494246006012,-0.02383273728191848,0.5068298101425172,0.49996656775474546,-0.01042547151446338,0.4982788264751435,0.46708406805992125,-0.01739429384469984,0.4940913617610932,0.44476059079170227,-0.02112223207950586,0.49170140624046327,0.4225296795368195,-0.023312366008758505
0.5265368461608887,0.5959576845169067,1.8896375877375255e-07,0.5503763079643249,0.579073679447174,-0.012604868225753262,0.5671911358833313,0.5475736021995544,-0.018146869167685438,0.5790880560874939,0.5158422350883485,-0.022687129676341983,0.5923705220222474,0.49187048673629763,-0.027072041109204224,0.5454760789871216,0.48379161953926086,-0.008604229614138561,0.5513689041137695,0.43930714726448056,-0.01561569869518274,0.5541991591453552,0.4113209962844848,-0.02181463502347466,0.5561293363571167,0.386478304862976,-0.026523478329181664,0.5307992100715637,0.47921151518821714,-0.007666908670216759,0.5316011428833007,0.4298217952251434,-0.013683666661381683,0.5325631022453308,0.3981521487236023,-0.01952100507915016,0.5331770420074463,0.3715333640575409,-0.0238550510257482,0.5178142189979553,0.48535876870155337,-0.00842611845582718,0.5138814806938172,0.43982755541801455,-0.015226566046476342,0.5130189657211304,0.40986835956573486,-0.02058907449245448,0.5130279064178467,0.3830746531486511,-0.02415018342435356,0.5062850713729858,0.49977290034294125,-0.01041015218943352,0.4976561367511749,0.4668761193752289,-0.0174897290766239,0.49344057440757755,0.4445778608322144,-0.021285152062773642,0.4910510361194611,0.42235670685768134,-0.023512601479887905
0.5261214375495912,0.5956155419349671,1.8894406821345917e-07,0.5500341176986694,0.5785767316818238,-0.012624947726726482,0.5667979717254639,0.5472667932510377,-0.018201279267668662,0.5787680268287659,0.5157780647277832,-0.022802513092756244,0.592151439189911,0.49190422892570496,-0.027267487719654964,0.545064103603363,0.4835026383399964,-0.00854694452136752,0.550741457939148,0.4389794051647186,-0.01559154447168104,0.5534728765487671,0.4109086632728577,-0.02184448912739752,0.5553472638130188,0.3859214425086975,-0.02660825066268442,0.5304282546043396,0.47898017168045043,-0.007646545395255059,0.5310917258262634,0.429582816362381,-0.013718251697719062,0.532024598121643,0.39789387583732605,-0.019635609164833978,0.5326553344726562,0.3711942195892334,-0.024033806100487644,0.5174118995666505,0.485142308473587,-0.00845625232905144,0.5133753895759583,0.43963720798492434,-0.015326136536896223,0.5124278783798217,0.40969799757003783,-0.020752964541315984,0.5123768091201782,0.3829004049301148,-0.024356004223227458,0.5058259487152099,0.49947738051414486,-0.01049845553934568,0.49717065691947937,0.4665887773036957,-0.017632412165403337,0.4928568482398987,0.4442666709423065,-0.021479740366339622,0.4903471112251282,0.4219954371452332,-0.023751552402973122
0.5255475759506226,0.5954605221748352,1.8955624341288061e-07,0.5495111465454101,0.5784788370132447,-0.012811830453574603,0.5663653492927552,0.5471759676933289,-0.0184824135154485,0.5784554243087768,0.515807330608368,-0.023158325254917123,0.5919868588447572,0.491928642988205,-0.027716036513447704,0.5446581363677978,0.4835583090782166,-0.00879347957670684,0.5502308011054993,0.43894672989845274,-0.015978273563086922,0.5529405117034912,0.4107433021068573,-0.02232421599328516,0.5548073649406433,0.3855830311775207,-0.02715156376361844,0.5300506591796875,0.4789743721485138,-0.007861020881682619,0.5306280612945556,0.4294908165931702,-0.01406096592545504,0.5315417289733887,0.3977230072021484,-0.020063380524516058,0.5321656584739686,0.37095429897308346,-0.024511486664414342,0.5170236349105835,0.4851176798343659,-0.00865474455058568,0.5129604697227479,0.43958297967910764,-0.015659680403769,0.5119679689407348,0.4095194816589356,-0.02115149386227126,0.5118642449378967,0.3825782656669616,-0.02477755881845946,0.505405580997467,0.49941136240959166,-0.010694964975118581,0.49678480029106137,0.46640345454216003,-0.01793911829590794,0.49248806238174436,0.4440590381622314,-0.021826539561152405,0.48993806838989257,0.4217573523521424,-0.024113869667053162
0.5254868507385254,0.595084285736084,1.9158302393407218e-07,0.5493558049201965,0.5778359055519104,-0.01289401892572636,0.5661285161972046,0.546694564819336,-0.01857034750282758,0.5781887888908386,0.5155053019523621,-0.023238956183195082,0.5917365312576294,0.4918232619762421,-0.027778301015496182,0.5442706823349,0.48290331959724425,-0.0086203712970018,0.5497770667076111,0.4384638845920563,-0.01570692602545016,0.5524407386779786,0.41032589673995973,-0.022038505226373642,0.5542635679244995,0.38518391847610467,-0.02686418332159516,0.5296202898025513,0.4784927248954773,-0.0076269425451755204,0.5301498293876648,0.42913341522216797,-0.0137277269735932,0.5310358047485352,0.3974729895591736,-0.019706575572490642,0.5316494464874267,0.37078076601028437,-0.02414787560701364,0.5165862321853638,0.4848057091236115,-0.00837908843532198,0.5125106692314149,0.4394030511379242,-0.015306252427399141,0.5114989638328553,0.40939710140228275,-0.020772943645715684,0.5113876342773438,0.38251072764396665,-0.0243854165077209,0.5049500703811646,0.4992303371429443,-0.01039248984307046,0.49637230634689333,0.4661776065826416,-0.017549352720379798,0.49214070439338686,0.4437851428985596,-0.02138294354081148,0.4896908044815063,0.42139856815338134,-0.02364056594669812
0.5254180669784546,0.5945325136184693,1.9255296308529073e-07,0.5492078065872192,0.5772951006889343,-0.012961403839290103,0.5659236907958984,0.5462614297866821,-0.0186688527464866,0.5780130743980407,0.5152364015579224,-0.02335077710449692,0.591620671749115,0.49176382422447207,-0.02789930962026112,0.5439925909042359,0.48230857253074644,-0.0085982900112867,0.5494196534156799,0.43808781504631045,-0.01562472134828562,0.552043116092682,0.4101175904273987,-0.02193118110299106,0.553836452960968,0.3851064205169677,-0.026747540012001962,0.5293254494667053,0.4779612600803375,-0.007549547404050781,0.5298348426818847,0.4287032008171081,-0.013585741631686661,0.5306915760040284,0.3972137808799744,-0.019508503749966564,0.5312736630439758,0.3706912279129028,-0.023915936425328202,0.5162977337837219,0.48439221978187563,-0.00825823303312056,0.5121935486793519,0.4390403509140014,-0.015152929909527279,0.5111180663108826,0.4091537475585938,-0.020596732199192024,0.5109312415122986,0.3823919653892517,-0.02419269941747184,0.504681134223938,0.49894164800643925,-0.010234559141099421,0.4960896968841553,0.46589774489402774,-0.01737167276442048,0.4918294489383698,0.443534392118454,-0.02120266593992704,0.4893419146537781,0.42114373445510866,-0.023462750390171944
0.5249816894531251,0.594258189201355,1.9365062655651858e-07,0.5487054944038392,0.5772278904914856,-0.013168853707611523,0.5654999256134035,0.5462984442710876,-0.01901100724935526,0.5777714490890503,0.5153812766075134,-0.02378327324986454,0.5914091229438783,0.4918258488178253,-0.02841469980776304,0.5436396479606629,0.4821352303028107,-0.00883708056062456,0.5490416526794433,0.4380004525184632,-0.01590273883193726,0.5516303300857545,0.4101825714111328,-0.02223604694008822,0.5533815026283264,0.38524478673934937,-0.0270710755139589,0.5289586305618287,0.4777452051639557,-0.007680227514356321,0.5295177936553955,0.4285972774028778,-0.013729346171021442,0.5303520441055298,0.39723026752471924,-0.01964601501822464,0.5308822870254517,0.37072646021842953,-0.024054031074047043,0.5159150242805481,0.48419565558433536,-0.008293369412422102,0.5117911458015442,0.4389967918395996,-0.01520029492676254,0.510644543170929,0.4091725111007691,-0.02062668353319166,0.5103412032127381,0.38240283727645874,-0.02420938573777672,0.5042972087860108,0.4987375319004059,-0.01018918976187704,0.4957147479057312,0.4656956613063813,-0.017352101206779443,0.49142537713050843,0.4433325529098511,-0.021184723824262564,0.48884324431419374,0.4209162831306458,-0.023440362140536262
0.5246564745903015,0.59416743516922,1.9504725230490298e-07,0.5483938813209535,0.5771112799644471,-0.01331812851130958,0.5652724504470825,0.5461135387420655,-0.019198326393961837,0.5775409102439881,0.5151582598686218,-0.023965036123990962,0.5911691069602967,0.491599041223526,-0.02856882773339744,0.5433599710464478,0.48177481293678287,-0.00888745430856938,0.548734712600708,0.4376579642295838,-0.01587531287223096,0.5512640714645386,0.40981643199920653,-0.02217187955975526,0.5529397487640382,0.38490737080574033,-0.02698740400373932,0.5285996437072754,0.4774265646934509,-0.00761968903243536,0.5291428089141846,0.4283757984638214,-0.013578389771282642,0.5299426436424255,0.3970306575298309,-0.01945428140461438,0.5304386854171753,0.37060728669166565,-0.02383951582014556,0.5155245423316955,0.48393846750259395,-0.00812851525843136,0.511450719833374,0.4388359427452087,-0.014955094270408099,0.5103110074996948,0.40908545255661016,-0.02035633474588392,0.5100000739097595,0.3824303269386292,-0.0239288508892059,0.503882133960724,0.4985417604446411,-0.009931607544422141,0.4953576743602753,0.465513688325882,-0.0170264612883329,0.4910937428474426,0.443244743347168,-0.020822390168905202,0.48853700160980223,0.42097400426864623,-0.02305016480386252
0.5244415402412415,0.5943513512611389,1.9570418032799358e-07,0.548082435131073,0.5772104978561401,-0.013328398764133421,0.5650351405143739,0.5461556196212769,-0.019215248525142618,0.5773876547813416,0.5152489900588989,-0.02398215942084784,0.5909366726875306,0.4917056322097778,-0.028573181852698283,0.543123984336853,0.4817117154598236,-0.008845426328480201,0.5484991788864135,0.43750771880149847,-0.01577058527618642,0.5510068535804749,0.4096941232681275,-0.022043562307953783,0.5526707768440247,0.3848123610019683,-0.02684702388942238,0.528292989730835,0.4773679435253143,-0.007555704005062521,0.5288871645927429,0.4283255636692047,-0.013443660736083963,0.5297236680984497,0.3969766139984131,-0.01931375190615648,0.530250096321106,0.3705365300178528,-0.02370892204344268,0.5151899814605714,0.4838639497756958,-0.00803906805813306,0.5111553549766541,0.43881359696388245,-0.01477349996566768,0.5100337266921997,0.4090965986251831,-0.020163981616497004,0.5097233891487122,0.3824785232543946,-0.023753076419234243,0.5035485982894898,0.49845444560050967,-0.009820966981351362,0.49508158564567567,0.4654412090778351,-0.01683782488107678,0.49083477854728697,0.4431819796562195,-0.020599354803562103,0.48829627633094785,0.4209442734718323,-0.02281472459435458
0.5241249561309815,0.5942289829254152,1.9561410340429578e-07,0.5477774262428284,0.577057695388794,-0.0132565930485725,0.5648211598396302,0.5461311340332031,-0.01916100792586798,0.5772114634513856,0.5153460144996643,-0.02395311444997782,0.5907275915145874,0.49175966978073116,-0.02857709936797614,0.542942464351654,0.48175481557846067,-0.00890065059065814,0.5483646392822266,0.4374896228313446,-0.015842029266059342,0.5508507132530213,0.4096395969390869,-0.02210663743317122,0.552470874786377,0.38473811745643616,-0.026891261711716602,0.5280947804450988,0.47739129066467284,-0.007626988552510682,0.5287833571434021,0.42835316658020023,-0.013518402352929082,0.5296335816383362,0.39699855446815485,-0.019378395751118604,0.5301436066627503,0.37059204578399657,-0.02376642003655428,0.5149569272994995,0.4837788760662079,-0.0081089912913739,0.5109803915023804,0.43878311514854434,-0.014809530787169881,0.5098980903625489,0.40911766886711126,-0.020176025852560942,0.5096072673797608,0.38255935311317446,-0.023760433867573698,0.5032823801040649,0.4981778562068939,-0.00987982265651224,0.49486558437347417,0.4652624487876892,-0.016847477480769122,0.49066383242607114,0.4431033730506897,-0.02057819813489908,0.48815634250640866,0.42098082900047296,-0.02277813702821728
0.5238083720207215,0.5941066145896912,1.95524026480598e-07,0.5474724173545837,0.5769048929214478,-0.013184787333011582,0.5646071791648866,0.5461066484451294,-0.01910676732659334,0.5770352721214295,0.5154430389404296,-0.0239240694791078,0.5905185103416443,0.4918137073516845,-0.028581016883254002,0.5427609443664552,0.48179791569709773,-0.00895587485283608,0.5482300996780396,0.4374715268611908,-0.015913473255932262,0.5506945729255677,0.40958507061004634,-0.022169712558388663,0.5522709727287293,0.3846638739109039,-0.026935499534010816,0.5278965711593628,0.47741463780403137,-0.007698273099958841,0.5286795496940613,0.42838076949119575,-0.0135931439697742,0.5295434951782226,0.3970204949378967,-0.019443039596080722,0.5300371170043945,0.3706475615501404,-0.02382391802966588,0.5147238731384277,0.48369380235672,-0.00817891452461474,0.5108054280281067,0.43875263333320624,-0.014845561608672082,0.509762454032898,0.40913873910903936,-0.02018807008862488,0.5094911456108093,0.3826401829719544,-0.02376779131591316,0.5030161619186402,0.4979012668132782,-0.009938678331673119,0.4946495831012726,0.4650836884975433,-0.016857130080461462,0.4904928863048553,0.44302476644516,-0.020557041466236062,0.48801640868186946,0.42101738452911375,-0.022741549462079978
0.5236853003501892,0.5940637588500977,1.9510608240125296e-07,0.547363007068634,0.5767398476600647,-0.012998466007411441,0.5644788503646851,0.5458313703536988,-0.01884401254355902,0.5769145369529725,0.5153634309768677,-0.02362264618277544,0.5903838157653809,0.491854041814804,-0.028249497711658425,0.5425665497779846,0.4818326830863952,-0.00885427296161646,0.5480908751487732,0.4373807072639465,-0.015790382958948544,0.5506081342697144,0.40942104458808903,-0.022015729174017864,0.5522203087806702,0.3844773232936859,-0.02675881162285798,0.527715539932251,0.47744329571723937,-0.007691057398915241,0.5285381078720093,0.4283595740795136,-0.0135792169719934,0.5294712781906128,0.3969446122646332,-0.019424692913889843,0.5299896597862244,0.370604008436203,-0.02380339838564388,0.5145541191101075,0.48363276720047,-0.008247940801083981,0.5106826901435852,0.43863131999969485,-0.014900728687643963,0.5097169876098633,0.4090335965156555,-0.02025638297200194,0.5094809770584107,0.38261159062385564,-0.023849985376000363,0.5028854489326477,0.4977363407611847,-0.01006636116653678,0.49454049468040473,0.46497333645820615,-0.01696264334022994,0.4904014408588409,0.442964917421341,-0.020660363882780024,0.4879261136054992,0.4210718870162964,-0.022851831465959517
0.5235198855400085,0.5940547943115235,1.9544034444152205e-07,0.5471808195114136,0.5767474174499513,-0.013016731292009323,0.5643636584281922,0.5459311842918396,-0.01889136806130404,0.5768271923065186,0.5154316544532777,-0.02370798997581,0.5902801752090454,0.49182030558586115,-0.028367313742637564,0.5424362301826477,0.4819770455360412,-0.008795386366546101,0.5479679703712464,0.4374890863895416,-0.01574572790414088,0.5504483938217164,0.4095029354095459,-0.021985575184226,0.5520298957824706,0.3844964981079101,-0.026740628108382163,0.5276442408561707,0.4775309026241302,-0.0076378764584660004,0.5284525394439699,0.4284057796001434,-0.013537303358316382,0.5293483972549439,0.39695051312446594,-0.019395617395639365,0.5298210978507996,0.3705293953418732,-0.02378464788198464,0.5144979000091553,0.48363419175148015,-0.00820930572226638,0.5106195330619813,0.43855856657028197,-0.014881448447704282,0.5096561908721924,0.4089586496353149,-0.02022911421954624,0.5093929767608643,0.38256179690361025,-0.0238118931651115,0.5028127193450929,0.4976504921913147,-0.01004742868244644,0.4944489359855653,0.4648873805999756,-0.01696154624223704,0.49030215740203853,0.4428809344768525,-0.02065807469189162,0.48777722716331473,0.42101519107818597,-0.02284466475248334
0.5234224915504456,0.59388747215271,1.9541066365036388e-07,0.5471914410591125,0.5765452861785889,-0.013087363541126221,0.5643864512443543,0.5457407116889954,-0.018935235962271642,0.5766870617866516,0.5151163816452027,-0.023696621507406184,0.5900860905647278,0.49151403903961177,-0.028286693990230483,0.5422595262527465,0.4816856741905212,-0.008753275312483261,0.547762393951416,0.4372724771499634,-0.01563831102102988,0.5501896500587464,0.40930705070495604,-0.02184226959943768,0.5517182588577271,0.38430739641189576,-0.02657730206847184,0.5274786710739136,0.4773017644882202,-0.007511214818805401,0.5282423377037049,0.42824509739875793,-0.01335705481469628,0.5290489673614502,0.39683473706245426,-0.019186151772737442,0.5294466137886048,0.3704242050647735,-0.02355180568993084,0.5143408179283143,0.4834322333335877,-0.00800402099266642,0.5104780316352845,0.4383632898330688,-0.01465769670903678,0.5094835758209229,0.4087932825088501,-0.020012954249978003,0.5091919779777527,0.38244726061820983,-0.023589965328574145,0.5026344299316406,0.4974233269691467,-0.009765644744038541,0.4942675292491913,0.4646965324878693,-0.01667209006845946,0.49009575247764586,0.44273952841758724,-0.020385697484016384,0.48755153417587277,0.42094728946685794,-0.02257541231811044
0.5232749462127686,0.5942675590515137,1.9504794295244214e-07,0.5470869421958924,0.5770105600357056,-0.013207522593438603,0.5643205404281616,0.5459407329559326,-0.01906616725027558,0.5766225934028625,0.5150795817375183,-0.023806714639067604,0.5899826049804688,0.49136247038841246,-0.028359249606728483,0.5421175599098206,0.4818514108657837,-0.00885360985994334,0.5476049661636353,0.437286114692688,-0.015741151012480203,0.5500234484672546,0.4093040704727173,-0.021947577223181698,0.5515578508377075,0.38428052663803103,-0.02669201493263238,0.5273584127426147,0.47741687297821045,-0.007542330678552339,0.5280704975128174,0.42832419872283933,-0.01339517831802366,0.5288262009620667,0.39685624837875366,-0.019249827042221963,0.5291802644729614,0.3703359961509704,-0.02363357059657566,0.5142377614974976,0.483531802892685,-0.00797034548595542,0.5103472352027894,0.4384068131446839,-0.014637222141027402,0.5093102097511292,0.40877601504325867,-0.02002572454512114,0.5089635968208314,0.3823845207691192,-0.023620063066482504,0.5025462985038758,0.4975292980670929,-0.00967493839561934,0.4941600263118744,0.46471466422080987,-0.01661880426108832,0.48992536664009095,0.44268836975097653,-0.020370134338736502,0.4872999846935272,0.42088220715522767,-0.02257489711046216
0.5233710169792176,0.594590175151825,1.9447570593911227e-07,0.5471134662628174,0.5772090435028077,-0.013218233548104742,0.5642908334732055,0.5459691166877747,-0.019109570980072,0.5765496373176575,0.5149926304817201,-0.02388063371181484,0.5898285150527954,0.49113057255744935,-0.028465753048658303,0.5419738173484803,0.4820887923240662,-0.0090177789330482,0.5473952531814575,0.4374095439910889,-0.01596853528171772,0.5498188734054565,0.40938353538513184,-0.0221943825483322,0.5513823747634888,0.3843347191810608,-0.0269526738673448,0.5272645115852357,0.47760345339775084,-0.00772419366985556,0.5279274106025696,0.4284161865711212,-0.01364507172256706,0.5286546587944031,0.39685086607933046,-0.01953300274908536,0.5289907336235047,0.3701969385147095,-0.02393835633993142,0.5141783952713013,0.48368417620658877,-0.008161301445215902,0.5102085947990418,0.4384303867816925,-0.014891295321285681,0.5091082453727722,0.40870994329452515,-0.020316552743315664,0.5086964011192323,0.38225049972534175,-0.023936077579855882,0.5025296330451965,0.49766174554824827,-0.0098705261945724,0.4940659940242767,0.4647604405879974,-0.01689476706087584,0.48974527716636657,0.4426949977874755,-0.020697046816349002,0.487013018131256,0.42091231346130376,-0.022930245473980856
0.5236153364181518,0.5942187070846559,1.9435693729974448e-07,0.547302794456482,0.576870894432068,-0.01322926953434942,0.5644425630569458,0.5456977725028992,-0.01913990341126916,0.5765860557556153,0.5145204305648804,-0.023914283141493763,0.5898139834403993,0.49071675539016724,-0.028505931794643342,0.5419224619865418,0.4817770898342133,-0.00906137302517886,0.5472424030303955,0.437168312072754,-0.01596908885985608,0.5496113896369934,0.4092241168022156,-0.02213633693754672,0.551163923740387,0.3843429267406464,-0.02684504948556416,0.5272601485252381,0.47738236784934995,-0.0077128721401095,0.5279274582862854,0.4281424582004547,-0.0135847361758351,0.5285747051239015,0.39663878679275516,-0.01939984448254102,0.528881847858429,0.37013330459594723,-0.023753285780549,0.5142168521881103,0.48355261087417606,-0.008090518321841919,0.5101606726646424,0.43821639418601993,-0.01475402414798732,0.5089508414268494,0.40849808454513553,-0.0201485492289066,0.5084872007369996,0.3821056842803955,-0.02376739680767054,0.5025751233100891,0.4976107478141784,-0.00973996147513384,0.4940181732177734,0.46475206017494197,-0.01672553122043606,0.489630264043808,0.4426924288272857,-0.02054946795105932,0.4868881821632385,0.42087287306785587,-0.02280986122786994
0.5235359072685242,0.594005823135376,1.9320797548516568e-07,0.5472249388694763,0.5770123839378357,-0.013255996443331221,0.5643783926963806,0.5455548882484437,-0.01916582435369488,0.5766236662864686,0.5143691420555115,-0.023920664936304063,0.589907169342041,0.49067158699035646,-0.02850457280874246,0.5418574452400208,0.4816933453083038,-0.00930072106420988,0.5471993207931519,0.43712762594223026,-0.01627464778721328,0.5496294379234314,0.4092869222164154,-0.02245402894914148,0.551238214969635,0.38450241088867193,-0.027167056128382622,0.5272003889083863,0.47728564143180846,-0.00794914346188302,0.5279621124267578,0.4281727254390716,-0.013893405906856022,0.5287088990211487,0.39671287536621097,-0.0197055865079164,0.5290948987007141,0.37023361325263976,-0.024049452692270223,0.5141853094100952,0.48352517485618596,-0.00831541363149876,0.510145115852356,0.43823156356811527,-0.01504126079380508,0.5089762449264527,0.40845788717269904,-0.020445796102285342,0.5085378527641297,0.3818879008293152,-0.024065934866666742,0.5026271104812623,0.4977262198925019,-0.00995003208518022,0.49404494762420653,0.4648549199104308,-0.017004691809415783,0.48963887691497804,0.44270024895668025,-0.020862620696425423,0.48685650229454036,0.42071608304977415,-0.023146660998463582
0.5235786437988281,0.5935773372650147,1.9326523101881323e-07,0.5472104549407959,0.5767420887947083,-0.01326659992337224,0.5643443584442139,0.5453520178794862,-0.01922880299389358,0.5766122341156007,0.5142790198326112,-0.024039449542760823,0.589927613735199,0.49054408073425293,-0.028688879683613725,0.541921091079712,0.48143793940544133,-0.00942531935870642,0.547271466255188,0.4369498729705811,-0.01647253111004824,0.5496968507766724,0.4091093778610229,-0.022699392959475484,0.5512840867042541,0.3843002319335938,-0.027444483339786482,0.5272882938385011,0.47704527378082273,-0.0081048420630395,0.5281014204025268,0.4279929459095001,-0.014119000732898662,0.5288952112197877,0.39650329351425173,-0.019961156323552078,0.5292911291122437,0.36999136209487915,-0.02432806268334384,0.5142917990684509,0.4833618879318238,-0.00849817059934134,0.5102741837501527,0.4381186127662659,-0.01527680866420266,0.5091447710990906,0.4083577752113343,-0.02068559937179084,0.5087261438369751,0.38176255822181704,-0.024310516566038085,0.5027642250061035,0.49769018888473515,-0.01015925612300628,0.4941632986068726,0.4648662745952606,-0.0172525871545076,0.48976643681526183,0.44271937012672424,-0.021118384599685642,0.48698260188102727,0.4207153201103211,-0.02341218404471868
0.5236213803291321,0.5931488513946533,1.9332248655246078e-07,0.5471959710121155,0.5764717936515809,-0.013277203403413259,0.5643103241920471,0.5451491475105286,-0.01929178163409228,0.5766008019447326,0.5141888976097108,-0.024158234149217583,0.5899480581283569,0.4904165744781494,-0.028873186558484983,0.5419847369194031,0.4811825335025788,-0.00954991765320296,0.5473436117172241,0.4367721199989319,-0.016670414432883203,0.5497642636299134,0.4089318335056305,-0.022944756969809483,0.5513299584388733,0.3840980529785156,-0.027721910551190342,0.5273761987686157,0.476804906129837,-0.00826054066419598,0.5282407283782958,0.4278131663799285,-0.014344595558941301,0.5290815234184265,0.3962937116622925,-0.02021672613918776,0.5294873595237732,0.36974911093711854,-0.024606672674417462,0.5143982887268067,0.4831986010074616,-0.00868092756718392,0.5104032516479493,0.4380056619644166,-0.01551235653460024,0.5093132972717286,0.40825766324996954,-0.020925402641296338,0.5089144349098206,0.3816372156143189,-0.024555098265409425,0.5029013395309448,0.49765415787696843,-0.01036848016083234,0.49428164958953863,0.46487762928009035,-0.017500482499599422,0.4898939967155456,0.44273849129676823,-0.02137414850294586,0.48710870146751406,0.420714557170868,-0.02367770709097378
0.5233199596405029,0.5930386185646057,1.9290563955109976e-07,0.5469505310058594,0.5766511917114259,-0.013360215537249998,0.5641940355300903,0.5451301455497742,-0.01935118362307544,0.5766094326972961,0.5140859603881837,-0.024170375987887346,0.5900208473205567,0.49028931856155394,-0.028825084865093182,0.541968297958374,0.48104661107063296,-0.00956754684448236,0.5474021673202515,0.43661516308784487,-0.01668220609426492,0.5498448848724365,0.40874744653701783,-0.022954594716429643,0.5514225721359254,0.3838818907737732,-0.02773365601897236,0.5273947715759277,0.4766209304332733,-0.00823760088533158,0.5283203244209289,0.42766666412353516,-0.014311434701085021,0.5292123675346375,0.3961084961891175,-0.02017404921352858,0.5296470642089844,0.36951668858528136,-0.0245598085224628,0.5144495129585267,0.4830112636089325,-0.0086309583857655,0.5105144023895265,0.437934422492981,-0.01546448133885858,0.509501039981842,0.40818275213241584,-0.02087729014456266,0.509146296977997,0.38153020143508914,-0.02449937276542182,0.5029654622077943,0.4975104153156281,-0.0103017380461096,0.49435873627662663,0.46473639607429507,-0.01743752658367154,0.48997693657875063,0.44255557060241696,-0.021315662562847105,0.4871738135814667,0.42045373916625983,-0.02362233288586132
0.5232101202011109,0.5928894400596618,1.9260720875990959e-07,0.5468991637229921,0.5762678861618042,-0.01335896160453554,0.564159369468689,0.544852113723755,-0.019341099634766542,0.5765269279479981,0.5138795256614686,-0.024148698151111564,0.5899099111557007,0.48995662331581114,-0.02878467440605158,0.5419643759727478,0.48078347444534303,-0.009579021856188719,0.5474162817001343,0.43641327619552617,-0.01673043258488172,0.5498336434364319,0.4084681272506714,-0.023055521771311684,0.5513623118400574,0.38345273137092595,-0.027876240387558898,0.5273429036140442,0.47633208632469176,-0.008260666392743539,0.5282611012458802,0.42746192812919614,-0.014368028938770221,0.5291762828826904,0.39587359428405766,-0.020270736515521942,0.5296097040176392,0.3692196488380432,-0.02469242066144938,0.5143660783767701,0.4827109336853027,-0.008664146997034501,0.5105046272277832,0.4377696931362152,-0.015537217259407021,0.5095730543136597,0.4080663919448853,-0.020965234190225536,0.5092800021171571,0.3814436256885529,-0.02459267079830166,0.5028624057769776,0.4971670091152191,-0.01034330129623406,0.4943256080150605,0.4644420444965363,-0.01749604977667328,0.48997655510902405,0.4423116981983185,-0.02136237658560272,0.4871617496013641,0.4202887117862702,-0.02365613728761666
0.5231366872787475,0.5929062008857727,1.9293637194550688e-07,0.5468906760215759,0.576129460334778,-0.01340073160827156,0.5642077803611756,0.5447614789009094,-0.01938117109239098,0.5765310525894165,0.5137447595596314,-0.024167174100875804,0.5898055076599121,0.48961492776870724,-0.028775977715849842,0.5419249534606934,0.4807986557483673,-0.00963563583791252,0.5474507451057434,0.43626790642738345,-0.01676768772304052,0.5498770594596862,0.4082465529441834,-0.02305845580995076,0.5513909459114075,0.3832135260105133,-0.027844994142651524,0.527299451828003,0.4762902855873108,-0.00825764108449216,0.5283011436462403,0.4272849619388581,-0.014342927373945642,0.5292198300361634,0.39565261006355285,-0.020232308283448158,0.5296406388282776,0.36903297305107113,-0.024643551185727083,0.514310646057129,0.4825659930706024,-0.00859782267361876,0.5104633569717407,0.4375750303268433,-0.015435077622532819,0.5095452189445496,0.4078746736049652,-0.020866884291171985,0.5092660784721375,0.38137643933296206,-0.024502034112811044,0.5027891516685485,0.4968799173831939,-0.010212655924260561,0.49428117275238037,0.4641542375087738,-0.0173385005444288,0.48994496464729304,0.44204176068305967,-0.02120813392102714,0.48716073036193847,0.42011790275573735,-0.02350321672856802
0.5230462074279785,0.5929731011390686,1.9303088834021769e-07,0.5468477964401245,0.576072108745575,-0.013391641154885262,0.5642304778099061,0.5446573972702027,-0.01934758387506004,0.5766072273254395,0.5135742187500001,-0.024098059535026483,0.5897967100143433,0.4893215715885162,-0.0286725968122482,0.5418489933013916,0.4809607148170471,-0.009679377451539,0.5474341988563538,0.43625859618186946,-0.016782921925187058,0.549908685684204,0.4081943929195404,-0.02301466986536974,0.5514633774757386,0.38322496414184565,-0.02774628698825832,0.5272208809852601,0.4764098048210144,-0.008259879983961521,0.5283170461654664,0.4272996127605439,-0.014317859522998262,0.5292843937873841,0.39567742347717283,-0.020166339725255916,0.5297539949417114,0.369181078672409,-0.024543909355998,0.5142256379127503,0.4825756072998047,-0.00855328161269424,0.5103785872459412,0.43748889565467836,-0.015355820767581439,0.5094837188720703,0.40773029327392574,-0.02078706771135326,0.509226667881012,0.3812812089920044,-0.024427059292793225,0.5027171015739441,0.4967422723770142,-0.010115657560527281,0.49422495961189267,0.4639805912971497,-0.017225887998938542,0.48987923860549926,0.44183151125907894,-0.021107291057705844,0.4870800197124481,0.4199300289154053,-0.02341123521327968
0.5230811953544616,0.5928291440010072,1.9322053219639208e-07,0.5468852877616883,0.5756849765777589,-0.013350440002977821,0.5643110990524293,0.5443326950073243,-0.01924304924905296,0.5766587018966675,0.5132243633270264,-0.0239312253892421,0.5897283554077148,0.4888897716999054,-0.02843660451471802,0.5417927980422974,0.48084690570831295,-0.00954366587102408,0.5474130630493164,0.43614893555641177,-0.01658425964415068,0.5498862862586975,0.40800642371177676,-0.0227699931710958,0.55143221616745,0.3830322980880737,-0.027462836727499922,0.527169930934906,0.47626381516456606,-0.008088298793882061,0.5283089637756349,0.42710440158844,-0.014086264558136401,0.5292650461196899,0.3954872190952301,-0.01990299113094802,0.5297332763671875,0.36908214688301083,-0.0242562815546989,0.5141801834106445,0.482324880361557,-0.00834585353732106,0.5103456974029541,0.43722831606864926,-0.015099437348544558,0.509431779384613,0.4074897825717926,-0.02053640894591804,0.5091520786285401,0.3811678051948547,-0.024183238670229864,0.5026753425598145,0.49632803797721864,-0.009868359565734822,0.4941718280315399,0.46365965008735655,-0.01694107241928576,0.48977977633476255,0.44157991409301756,-0.020825493708252884,0.4869298696517944,0.41979613304138186,-0.023130754008889164
0.5231742858886719,0.5926358938217163,1.9442675807113125e-07,0.5469961643218995,0.5753943920135499,-0.013328536786138982,0.5643612146377565,0.5441040992736816,-0.0191978763788938,0.5766631364822388,0.5129269361495972,-0.02387338578701014,0.5897519588470459,0.48857376575469963,-0.02836045920848844,0.541843569278717,0.4805905878543854,-0.00932177864015098,0.5474588751792908,0.4358713984489441,-0.01628374438732858,0.5499315619468689,0.40775220394134526,-0.022438718751072843,0.5514709115028382,0.38283904790878287,-0.027107833698391884,0.5271829605102539,0.4760495007038117,-0.0078485215082764,0.5283456087112427,0.4269329130649567,-0.013764167204499182,0.5293209433555603,0.3953792452812195,-0.01955359466373916,0.5298114061355591,0.3690816819667816,-0.02388288304209706,0.5141509175300598,0.4820785760879517,-0.00809894241392608,0.5102972984313965,0.4369061946868896,-0.014774931967258419,0.5093559145927429,0.40719935297966,-0.02018452100455758,0.5090735673904419,0.3809328496456147,-0.023814803361892643,0.502618145942688,0.49603783488273623,-0.009618406370282141,0.49413608312606805,0.46336743235588074,-0.0166190184652805,0.4897677600383758,0.44131733775138854,-0.020465926453471145,0.48697519302368164,0.4195885181427002,-0.022745786979794486
0.5233120679855348,0.5929061770439149,1.955809892706384e-07,0.5470549464225769,0.5755555510520936,-0.013219193555414642,0.5643370747566223,0.5441206336021424,-0.019006696715950903,0.5766496896743775,0.5128443717956543,-0.0236353807151317,0.5897505283355713,0.48849378228187557,-0.02806166410446164,0.5419229030609132,0.48050010204315186,-0.0088463743217289,0.5475456476211548,0.43573046922683717,-0.0156476585194468,0.5500269770622254,0.407615464925766,-0.02173648588359352,0.5515746235847473,0.38275606632232667,-0.026367366313934302,0.5272521853446961,0.4759770572185517,-0.007403374090790681,0.5284317374229431,0.4268806993961335,-0.013154396973550262,0.529438352584839,0.39534862041473384,-0.01889674142003056,0.5299724817276001,0.3690295338630676,-0.02319252826273438,0.5142080545425416,0.48194463849067687,-0.00770279569551344,0.510312557220459,0.43673646450042725,-0.014235181920230341,0.509371030330658,0.4070266246795654,-0.019616299867629982,0.5091000556945802,0.3807531177997589,-0.02323699668049806,0.5026706099510193,0.49586293101310736,-0.00927518941462036,0.4941575050354004,0.46320332288742067,-0.01615644246339794,0.48978614807128906,0.4411717355251312,-0.019955381751060437,0.48704758286476135,0.4194650411605835,-0.022209540754556643
0.5236504316329956,0.5930087089538574,1.9567585809454616e-07,0.5472240209579468,0.5753904461860657,-0.013071711547672702,0.5643842458724976,0.5439129829406739,-0.0188231818377971,0.5766093254089356,0.5126780271530151,-0.023463000729680022,0.5897215962409973,0.48839005231857296,-0.02789125479757782,0.5419913172721863,0.48019522428512573,-0.00851618079468602,0.5475709438323975,0.43549254536628723,-0.01528720688074822,0.5500685930252076,0.40745381712913514,-0.021389162167906723,0.5516756653785706,0.3826410949230194,-0.0260263383388519,0.527353596687317,0.4757266521453858,-0.00716391876339906,0.5284353494644165,0.4266370475292206,-0.01285557188093656,0.5293999671936036,0.3951626420021057,-0.018581057339906663,0.5299399733543396,0.36888777613639834,-0.02286974601447578,0.5143315076828003,0.48172745704650877,-0.0075649460777639805,0.5103724122047424,0.43653673529624937,-0.014025714620947781,0.5093945503234865,0.40682753920555115,-0.01937287896871564,0.509127938747406,0.3805627703666687,-0.0229845885187387,0.5027890920639038,0.49569954276084904,-0.00923968572169538,0.4942044198513031,0.463118064403534,-0.0160397287458181,0.48981349468231195,0.4410664916038513,-0.0197993297129869,0.48708937764167787,0.419287896156311,-0.02203737907111642
0.4190884113311768,0.47440304756164553,1.5681387139920848e-07,0.43787984848022465,0.460155999660492,-0.010372343473136382,0.4515320658683777,0.43498096466064456,-0.01492789126932616,0.4612483620643616,0.4099900007247925,-0.018622572347521762,0.47175513505935673,0.3906138002872467,-0.02213944196701046,0.4336377859115601,0.3839296519756317,-0.00653226980939502,0.4380651116371155,0.34825992584228516,-0.011891921423375562,0.4400497674942017,0.3258424699306488,-0.01677116230130192,0.4413373112678528,0.30598498582839967,-0.020484772697091085,0.4219322323799134,0.3803857624530792,-0.005495922081172421,0.4227429389953613,0.34115710854530334,-0.00998353585600848,0.4234920978546143,0.31599555611610414,-0.01455099657177922,0.4239226818084717,0.29495359063148496,-0.017976095154881442,0.411519205570221,0.3851868748664856,-0.0058730792254209005,0.4083245992660523,0.34907879233360295,-0.01098837256431574,0.4075162291526795,0.32534840106964114,-0.01524734348058698,0.4072945833206177,0.3043484568595886,-0.01812811903655526,0.4022713899612427,0.3963638067245484,-0.007271592691540681,0.3953721523284912,0.3703639388084412,-0.012655527517199481,0.3918490409851074,0.35276814103126525,-0.0156331721693277,0.38968020081520083,0.33536298274993903,-0.017407456040382362
0.3144009232521057,0.356008243560791,1.1785675724240721e-07,0.32845530509948734,0.3452513337135315,-0.007705086097121202,0.3386219620704651,0.32626956701278687,-0.011103548109531361,0.3459120988845825,0.3074812889099121,-0.01387986354529856,0.35384823083877565,0.2929759919643402,-0.01652024053037164,0.32526448965072635,0.28793994784355165,-0.0047278120182454204,0.3285638689994812,0.2611276566982269,-0.00871053244918582,0.3300849676132202,0.2443669319152832,-0.012354053184390042,0.33110255002975464,0.22953298091888427,-0.015127950161695462,0.3164832472801209,0.2853103816509247,-0.0040017454884946,0.31707451343536375,0.2558870315551758,-0.007318026944994879,0.3176681399345398,0.23704348802566527,-0.01071831583976744,0.31803946495056157,0.2212664425373077,-0.013270430266857123,0.3086673498153687,0.28890663385391235,-0.00434409938752648,0.3062249064445496,0.2617952942848205,-0.008128157071769202,0.30562834739685063,0.24396539330482483,-0.01129265017807482,0.3054964065551758,0.22815231680870057,-0.01344049535691736,0.30172339677810667,0.2973046600818634,-0.005453799292445161,0.29653680324554443,0.27775710821151733,-0.009443529322743381,0.2939183235168457,0.2645111382007599,-0.01164796911180016,0.29234046339988706,0.25138409137725826,-0.01296603269875048
