0,1,2,3,4,5,6,7,8,9,10,11,12,13,14,15,16,17,18,19,20,21,22,23,24,25,26,27,28,29,30,31,32,33,34,35,36,37,38,39,40,41,42,43,44,45,46,47,48,49,50,51,52,53,54,55,56,57,58,59,60,61,62
0.313025963306427,0.33501701354980473,1.5106593309610616e-07,0.326837170124054,0.31818623542785646,-0.009579362720251061,0.33403643369674685,0.2885457813739777,-0.013815826922655101,0.33877609968185424,0.26233378052711487,-0.0170202240347862,0.3437027931213379,0.24013578295707705,-0.02024280428886412,0.3210461974143982,0.2529555082321167,-0.009776040911674479,0.3257268190383911,0.21885920166969297,-0.01656957529485224,0.3281537890434265,0.19788154959678647,-0.02185640037059782,0.32976713180541994,0.17914713621139527,-0.02542530596256256,0.31112123727798463,0.2509623885154724,-0.00881981253623958,0.31350610256195066,0.21490110754966735,-0.014463846012949902,0.3143272638320923,0.19059380292892453,-0.01885420531034468,0.314819073677063,0.1696273446083069,-0.02191249057650564,0.3024000883102417,0.2577028930187225,-0.008876657485961881,0.3028878688812256,0.2256470859050751,-0.014355223625898321,0.3035959005355835,0.20391766428947447,-0.01756600961089132,0.30458046197891236,0.18452123999595643,-0.019652297347784023,0.2946214616298676,0.27177610993385315,-0.009770243614912001,0.2915926933288574,0.2505312204360962,-0.014971704035997381,0.290329921245575,0.23501137495040894,-0.0168327789753675,0.2894593417644501,0.2210361659526825,-0.01775008402764796
0.4173694968223572,0.44662780761718757,2.0060918473063794e-07,0.4357523560523987,0.4242640733718872,-0.01290196701884266,0.4453387498855591,0.3849691152572632,-0.01861108131706714,0.4516062021255493,0.34996256828308103,-0.02292927317321298,0.45826077461242676,0.3202340126037598,-0.02726559862494466,0.42824786901474,0.33691042065620425,-0.013012380897998778,0.43448321819305424,0.291675192117691,-0.02206214182078836,0.4376510739326477,0.2638299047946929,-0.029132776707410782,0.4397773265838623,0.23887097835540771,-0.03392451852560042,0.41502223014831546,0.3343124151229858,-0.01171454600989814,0.41813122034072875,0.28642804026603697,-0.019228253886103584,0.4191698789596558,0.25412358045578,-0.02511449456214902,0.41979866027832036,0.2262039840221405,-0.02923585698008534,0.4034095168113708,0.3434434413909912,-0.011788832210004282,0.40402311086654663,0.3008577346801758,-0.019107322767376842,0.4049161672592163,0.27198973298072815,-0.023403289169073083,0.4061979532241822,0.24615952372550964,-0.026205310970544782,0.3930162012577057,0.36241614818573,-0.01299387700855728,0.38893785476684567,0.3341770589351654,-0.019962922483682623,0.3872819483280182,0.31344078183174134,-0.022464130818843783,0.38613566756248474,0.2946326911449432,-0.02370933815836904
0.5215427875518799,0.5583063006401063,2.510037006686616e-07,0.5445925951004029,0.5305258154869079,-0.01636467389762396,0.5566383361816407,0.4815319418907166,-0.023686964437365524,0.5645046830177307,0.4375712156295776,-0.02922774739563462,0.5729675889015198,0.4001449823379517,-0.03481222465634342,0.5354956030845642,0.4212069630622864,-0.016737715154886198,0.5432617664337158,0.3646032631397247,-0.02818348072469232,0.5471585869789124,0.3297495543956756,-0.03708877488970752,0.5497868299484253,0.29845294952392576,-0.04313969910144804,0.5189462304115295,0.41802342534065245,-0.015059245750307981,0.5228104710578918,0.3581661760807037,-0.024637273326516104,0.524032211303711,0.3177040517330169,-0.0321361497044563,0.5247451066970825,0.2826138973236084,-0.03741370737552638,0.5044020414352417,0.4294841170310974,-0.015091842971742103,0.5051538467407226,0.3761934757232666,-0.024407197535037922,0.5062077403068542,0.34008986949920655,-0.029880547523498502,0.5077713608741761,0.30776338577270507,-0.033463729918003046,0.4913487434387207,0.4531947374343872,-0.01654365137219424,0.48625791668891905,0.4177272796630859,-0.025400760397315002,0.4842387199401856,0.3916925430297852,-0.028637783601880004,0.482850044965744,0.36800687313079833,-0.03028905838727948
0.521266233921051,0.5583008408546448,2.514018717647559e-07,0.544386887550354,0.5307615637779236,-0.016677420213818482,0.5565298676490784,0.48201166391372685,-0.02424351349472998,0.564463448524475,0.43779324889183047,-0.029966063052415823,0.5731591582298279,0.4000373959541321,-0.0357544787228107,0.5357546806335449,0.4212490737438202,-0.017305442318320218,0.5434939861297607,0.3645214974880218,-0.02888838686048982,0.5472763061523438,0.32955942749977113,-0.037861046940088225,0.5498378276824951,0.2981635928153991,-0.043972572684288,0.5191722393035889,0.41811878085136417,-0.015534423477947663,0.5230013012886048,0.35821486115455625,-0.025293092802166902,0.5240779399871827,0.3176313161849975,-0.032948337867856,0.5246568918228149,0.28238914012908933,-0.03836690410971636,0.5045938134193421,0.4296201348304749,-0.015470512025058222,0.5053468942642212,0.37623280882835386,-0.02493954412639134,0.5062854170799256,0.34012362957000736,-0.03054396323859688,0.5077736377716064,0.30780558586120604,-0.03423379063606258,0.4914768934249878,0.4533274710178375,-0.01683537997305388,0.4863807141780853,0.4177118897438049,-0.0258410062640905,0.4843896269798279,0.39156270623207096,-0.029213974624872144,0.4830295920372009,0.36771556138992306,-0.0309786822646856
0.5209372401237488,0.5579922795295715,2.5362700739606225e-07,0.544031286239624,0.5307001948356629,-0.017092662304639742,0.5563567399978638,0.48242760300636295,-0.024878899008035645,0.564284086227417,0.4379946649074554,-0.030733478441834425,0.573267650604248,0.39997292757034303,-0.03663645014166828,0.5357745170593262,0.42091924548149107,-0.017558114975690778,0.5436286568641663,0.36424359679222107,-0.029102270305156677,0.5473781228065491,0.32930727601051335,-0.038070481270551626,0.5499469161033631,0.2979661107063293,-0.04419119581580159,0.5191803812980653,0.41775172352790835,-0.015579215437173801,0.523131287097931,0.35804883241653446,-0.02527164630591866,0.5241835713386536,0.3175096452236175,-0.03299005702137944,0.5247525811195374,0.2823142945766449,-0.03848659917712206,0.50462566614151,0.4291970193386078,-0.015334289334714361,0.5054701566696167,0.37586366534233095,-0.0247262638062238,0.5063705205917359,0.339835149049759,-0.030433157831430403,0.507856261730194,0.3075937569141388,-0.03422866314649578,0.49153320789337157,0.4528180956840515,-0.01655057966709132,0.48644567728042604,0.4172992825508117,-0.02553447037935252,0.48449518084526066,0.39114211201667787,-0.029001399502158104,0.4831621050834656,0.3672333538532257,-0.0308507218956947
0.521047055721283,0.5573886156082154,2.52383813403867e-07,0.5442188739776612,0.5303153395652771,-0.01711550466716282,0.5565378427505494,0.48196992874145506,-0.024806224554777122,0.564394748210907,0.43747864961624144,-0.030569857358932466,0.5733419537544251,0.3995053768157959,-0.036365181952714876,0.5359778761863708,0.4202976107597351,-0.01732351779937738,0.5437355160713195,0.3638707518577576,-0.02875699065625666,0.5474831223487855,0.32923504710197454,-0.0376502908766269,0.5500917315483094,0.2980748176574707,-0.04373844191431994,0.5193357586860657,0.4172040939331055,-0.015326925553381403,0.523255479335785,0.35768038034439087,-0.02494423463940618,0.524362051486969,0.31735886931419366,-0.0326495129615068,0.5250167250633241,0.28222071528434756,-0.03814747110009188,0.5047750711441041,0.42872982025146483,-0.01508639492094512,0.5055330753326417,0.375601851940155,-0.024446581676602283,0.5064267158508301,0.3395875632762909,-0.030170791223645164,0.5079119801521301,0.30732492804527284,-0.03398073166608806,0.49168083667755125,0.4524455308914185,-0.01631289720535274,0.48653376102447515,0.4169921874999999,-0.02527282051742072,0.48464956879615784,0.39075157046318054,-0.028754525631666125,0.4833911836147308,0.3666069984436035,-0.030631036683917
0.5209465026855469,0.5565746903419495,2.537546663461399e-07,0.5441170692443849,0.5296675205230714,-0.017127716541290222,0.5565591335296631,0.48146137595176697,-0.02476642355322834,0.5644687294960022,0.43685755729675296,-0.030470063909888222,0.5735472917556763,0.39900693893432615,-0.0361726380884647,0.5359082341194152,0.419453889131546,-0.01697632484138006,0.5437255740165711,0.36309319734573364,-0.02822290696203706,0.5475465178489686,0.32857791185379026,-0.03701545670628542,0.5501970529556275,0.2976480841636658,-0.043022495508193925,0.5192687273025512,0.4162512838840485,-0.014885674230754322,0.5232585549354554,0.35680184364318845,-0.02425127103924748,0.5244359612464905,0.316668301820755,-0.0318125735968351,0.525126576423645,0.2818307995796204,-0.03719906508922572,0.504712700843811,0.4276096165180206,-0.01457529645413156,0.5054288029670716,0.374488753080368,-0.023702688142657205,0.5063471078872681,0.3386296033859253,-0.0293233830481767,0.5078614830970765,0.3065898001194,-0.033065616711974104,0.4916086316108703,0.45115166902542114,-0.015745253302156884,0.48640497326850896,0.4157558679580688,-0.0244945209473371,0.48451572060585024,0.38970975279808046,-0.027864308655261943,0.4832787692546845,0.36583235263824465,-0.029655561596155122
0.5210161924362182,0.5556930661201478,2.5427425498492084e-07,0.544090211391449,0.5288357973098756,-0.016999825835227918,0.5565831542015076,0.480813330411911,-0.02444599382579322,0.5644743323326111,0.43625660538673405,-0.02998084537684912,0.5736037969589234,0.3986957609653473,-0.0354562625288963,0.5357925295829773,0.41826853752136234,-0.01614013761281962,0.543693482875824,0.3622035622596741,-0.027060050889849627,0.5475996851921082,0.32794948220252995,-0.035701000690460165,0.550303065776825,0.29736322164535517,-0.041590581089258144,0.5191786885261536,0.41493749022483833,-0.013994456641375962,0.5232074975967407,0.355712103843689,-0.022913695871829943,0.5244901537895204,0.3159270405769348,-0.03021426834166046,0.5252695679664612,0.2816076099872589,-0.03539617508649822,0.5046672344207763,0.42618928551673885,-0.01367336194962258,0.5053290367126465,0.3732505619525909,-0.022411018982529562,0.506296193599701,0.337643575668335,-0.02783599607646458,0.5078550696372987,0.30588909387588503,-0.03144509643316264,0.4915986239910126,0.4497192561626434,-0.01485146842896934,0.4863012850284577,0.41461516618728633,-0.02326960191130634,0.4843771278858185,0.3888455808162689,-0.02643179073929782,0.4831283032894135,0.3652800500392914,-0.028059620410203878
0.5213844776153564,0.5543757915496826,2.5323664658571944e-07,0.544227433204651,0.527492344379425,-0.016876126080751383,0.5567255854606629,0.47982044219970704,-0.0242264531552791,0.5644673109054565,0.43538812398910526,-0.02969947420060628,0.573718535900116,0.39813047051429745,-0.03505304902791974,0.535761046409607,0.41655228734016425,-0.015444685332477039,0.543716025352478,0.3607255399227143,-0.026134784147143326,0.5476422786712647,0.3267534494400024,-0.034658060967922164,0.5503544330596923,0.2965248346328735,-0.04046467468142504,0.5191704630851746,0.41330558061599737,-0.013336813822388601,0.5230826020240784,0.35409199595451357,-0.021896185725927303,0.5244295597076416,0.3148113071918488,-0.028941673412919002,0.5252507686614991,0.28108803629875184,-0.0339333318173885,0.5047149300575257,0.42462686896324153,-0.01310406047850842,0.5051628232002259,0.3716909229755402,-0.021563302725553443,0.5061177015304565,0.3363711059093476,-0.02681557126343244,0.5076549291610719,0.30483515858650206,-0.030315131321549362,0.4917043328285217,0.448259961605072,-0.014388513192534402,0.48621573448181155,0.4133204400539398,-0.0225947972387075,0.48423622250556947,0.3878064751625061,-0.02561261355876918,0.48293907642364503,0.36435948014259345,-0.027130903676152177
0.5218889236450195,0.5538061022758485,2.50468326612463e-07,0.5445732712745667,0.5266162872314454,-0.016753808036446542,0.5568961143493653,0.479023814201355,-0.024123058840632382,0.5645179748535157,0.4347564280033112,-0.029686262831091822,0.5737728595733642,0.3975261032581329,-0.03513887524604794,0.5358788847923279,0.41586079597473147,-0.01527660284191366,0.543807339668274,0.3602571725845337,-0.02612573802471156,0.5476940035820008,0.32623699903488157,-0.03475991785526272,0.5504268169403077,0.2959050178527832,-0.04065555259585376,0.5192250132560731,0.41266452670097353,-0.013357359729707183,0.5229255318641662,0.3534607172012329,-0.02202423438429828,0.5242281675338746,0.31436062455177305,-0.029049192741513203,0.5250492811203002,0.28067919611930847,-0.03401911780238148,0.5047349333763123,0.4240840256214142,-0.013348950073122921,0.5048783421516418,0.37099156975746156,-0.02199439145624632,0.5056959748268128,0.3357064008712769,-0.027208267524838382,0.5071458697319031,0.30404794812202457,-0.03065844736993306,0.4917385995388031,0.44786702990531924,-0.0148577287793159,0.4860959053039551,0.41284717917442326,-0.02321157790720458,0.48402231335639956,0.3873820781707764,-0.026226872578263238,0.48271452784538266,0.3638542950153351,-0.027737650647759376
0.5216542720794678,0.5535184502601623,2.507505769244745e-07,0.5443711280822755,0.526092529296875,-0.01679232381284234,0.5567853927612305,0.4785380601882934,-0.0242154419422149,0.5645347595214845,0.4341029584407807,-0.0298118937760591,0.5738582253456116,0.3968291938304901,-0.035311246663331936,0.5356616616249086,0.4157045662403107,-0.01544530484825368,0.5436778426170349,0.35996254682540896,-0.026352457702159823,0.5475391983985901,0.32567716240882877,-0.03504209145903584,0.5501617193222046,0.29512809514999394,-0.04097012355923648,0.5189401507377625,0.4122468709945679,-0.01346565522253508,0.5226904034614563,0.35302603244781494,-0.022099368274211842,0.5239314079284668,0.31394819617271424,-0.02903203107416626,0.5246051311492921,0.2803218066692353,-0.033925951272249184,0.5043850660324097,0.4234266817569733,-0.01339167896658176,0.5043691754341125,0.3701432168483734,-0.02195817790925498,0.5050080299377442,0.3348848342895508,-0.027061746641993463,0.506263017654419,0.30328538417816164,-0.0304373171180486,0.4913801491260528,0.4469869077205659,-0.014847332425415461,0.48566892147064206,0.41193855404853824,-0.023106660321354822,0.4834291934967041,0.38665592670440674,-0.0260401967912912,0.48197489380836483,0.36347844004631047,-0.02748057022690768
0.52141273021698,0.5534793734550476,2.499487720797333e-07,0.5442884683609008,0.5258881449699402,-0.01679830737411972,0.5567524909973145,0.47805942296981807,-0.0242568559944629,0.5646547913551331,0.4334863305091858,-0.0298645548522472,0.5739268779754638,0.39616361260414124,-0.03541615977883334,0.5355846524238587,0.4162621557712555,-0.015951089374721,0.5435429096221924,0.3600961685180664,-0.027012124657630865,0.5473029136657714,0.3254158735275269,-0.0357514806091785,0.549776041507721,0.29456725120544436,-0.04170936644077296,0.5187019586563111,0.41261544823646545,-0.013948947191238362,0.5224805355072022,0.3530967056751251,-0.022733092308044406,0.5235906600952149,0.3138331711292267,-0.02968624681234356,0.5240854382514955,0.2800421178340912,-0.03458187952637668,0.5040361285209656,0.42357537150382996,-0.013813411258161,0.5039044499397277,0.3699897706508637,-0.022454243898391683,0.5043037295341493,0.3344864845275879,-0.027601312100887242,0.5053070902824403,0.30274875164031984,-0.031005937606096202,0.4910594701766967,0.44687244296073914,-0.015197416208684384,0.48531181216239927,0.4117133140563965,-0.02350369393825526,0.48289047479629515,0.38639982342720036,-0.02650336772203442,0.48129010796546934,0.36335952877998356,-0.0279899168759584
0.5218505382537841,0.5534838080406189,2.4805405587358107e-07,0.544602632522583,0.5256900548934937,-0.01695599965751166,0.5569291591644288,0.4773392617702484,-0.024460212886333405,0.5647448897361755,0.4323633551597595,-0.030109598860144582,0.574048388004303,0.3948734045028686,-0.0357454821467399,0.5356374979019165,0.41659241914749146,-0.016342738084495018,0.5434872150421143,0.3604299008846283,-0.0276721086353063,0.5471335649490356,0.3254466474056244,-0.03656640797853464,0.5495032906532288,0.2942704200744629,-0.042658160626888215,0.5186731457710266,0.41279835700988776,-0.0143980789929628,0.522245979309082,0.3531710922718048,-0.023496772721409764,0.523160481452942,0.3137414634227753,-0.03058244287967678,0.523483395576477,0.27964281439781186,-0.03555591925978656,0.5039287328720093,0.4236595869064332,-0.014340247586369441,0.5034022569656372,0.3695642054080963,-0.023355352506041482,0.5034230828285218,0.33380325436592106,-0.028682978078722905,0.5040978312492371,0.3018048763275147,-0.032171436771750384,0.49096886515617366,0.44693170785903935,-0.015805258974432884,0.48490463495254515,0.411593371629715,-0.024452321976423202,0.48218098282814026,0.38629674911499023,-0.027644575387239422,0.4803746581077575,0.3632775187492371,-0.029252386838197662
0.5221879363059998,0.5534345149993898,2.467614649503958e-07,0.5448203444480897,0.5251520276069641,-0.01675700880587096,0.5571015119552613,0.4760911166667938,-0.0240580558776855,0.5648817658424378,0.4306218087673187,-0.029577797651290864,0.5743926644325257,0.39319785237312316,-0.035106136649846985,0.5356678009033203,0.41625566482543946,-0.0157755764201283,0.5433213233947753,0.36041234731674193,-0.02698500044643872,0.5467425465583802,0.3253467381000519,-0.03583924956619734,0.5488705277442932,0.29410632848739626,-0.0419390514492988,0.5186747193336487,0.41231348514556887,-0.01396380197256798,0.5220071196556091,0.3528516411781311,-0.023023565486073462,0.5226007819175721,0.31337074637413026,-0.03009598366916176,0.522610628604889,0.27925238013267517,-0.035022323951125096,0.503886342048645,0.4230371832847595,-0.01405881866812698,0.5029052376747132,0.3684805035591125,-0.02315848655998702,0.5024462342262268,0.33269275426864625,-0.02851473800837988,0.5027284264564514,0.30072265267372134,-0.03196262009441846,0.49087854027748107,0.4463207185268403,-0.01566321142017836,0.4843429923057556,0.41102115511894227,-0.024389860406517923,0.4813461422920227,0.3859600186347961,-0.02758394405245778,0.47946097850799557,0.36320823431015015,-0.029151996597647625
0.5231875896453858,0.55251624584198,2.448749683026108e-07,0.5454610109329223,0.5238660216331482,-0.016645413637161204,0.5575950026512146,0.47408228516578677,-0.023742692172527263,0.5651618957519531,0.4279984891414642,-0.029098132997751203,0.5749265551567078,0.3907656192779541,-0.034428271651267967,0.5359387278556824,0.41417428851127625,-0.014972324296832039,0.5430018424987794,0.3585937261581421,-0.025850234553217825,0.5460429072380066,0.3237468421459198,-0.03456353098154062,0.5477530002593994,0.29280996322631836,-0.0405922278761863,0.5190153241157532,0.41062276363372807,-0.013199516572058161,0.5216004133224488,0.3510558545589447,-0.021958331763744322,0.5216659545898438,0.3117341637611389,-0.02889340482652184,0.5211484909057618,0.27793603539466855,-0.03369580693542952,0.5042846322059632,0.4215689659118652,-0.01337066721171134,0.5024096369743347,0.3668768286705017,-0.022256791219115203,0.5013369441032409,0.3312739551067352,-0.027523757144808723,0.501087749004364,0.29953517317771916,-0.030880538001656483,0.49123780727386473,0.44504766464233403,-0.015066083893179842,0.4839295566082001,0.4097427070140839,-0.02360882535576814,0.4805634915828705,0.385206401348114,-0.026668876409530622,0.4784152865409851,0.36284521222114563,-0.028113073855638465
0.5248111009597778,0.5516458868980408,2.4232933242274164e-07,0.5464071393013001,0.5224429488182067,-0.016635903343558262,0.5582032442092896,0.47233972549438474,-0.023681786283850623,0.5652289271354675,0.42594043612480165,-0.02907091416418548,0.5753065347671509,0.3887488961219787,-0.03438741266727444,0.5362809658050537,0.4116572439670563,-0.014016337879002059,0.5428431510925293,0.3568666160106658,-0.024718588963150927,0.545562207698822,0.32245818972587587,-0.03343189842998976,0.5470456123352051,0.29183136224746703,-0.03951470330357544,0.5195208430290222,0.40877379179000856,-0.012433316931128459,0.5212367177009583,0.3494331419467926,-0.021047731861472106,0.5208761930465698,0.310454249382019,-0.027971965819597197,0.5200454711914062,0.2768636405467987,-0.03276853598654264,0.5049374103546143,0.42027041316032404,-0.01289271581917996,0.5021242618560791,0.36555696129798887,-0.021836160868406243,0.5005685687065125,0.33025258779525757,-0.027099072933196983,0.4999807000160218,0.29854379296302797,-0.030418483540415722,0.49189019203186035,0.44428644776344295,-0.014905344136059241,0.48379925489425657,0.4089597225189209,-0.023525674641132283,0.4801988899707794,0.38485790491104127,-0.026548648625612244,0.4779332637786865,0.3624573230743408,-0.027949908375740004
0.5266523718833923,0.5504977107048035,2.381144668106572e-07,0.5475040078163147,0.5203862309455871,-0.016389448009431318,0.5588099718093872,0.4698573350906372,-0.023309418186545323,0.5653150200843812,0.42313916087150577,-0.028685114532709062,0.5754472732543945,0.38590424060821527,-0.033960742503404584,0.5365359067916871,0.40916859507560727,-0.013060854934155899,0.5424526810646058,0.3548728466033935,-0.023577735945582344,0.5446940779685975,0.3207761585712433,-0.03223139233887191,0.5458039045333862,0.29046413898468015,-0.0383034408092498,0.5199350714683533,0.4068211734294891,-0.01173955537378784,0.5207055926322937,0.3473711669445038,-0.02018292099237438,0.5198061227798463,0.30859726071357724,-0.027037347108125644,0.5185459733009339,0.2753324747085571,-0.031782909110188426,0.5055096387863159,0.41869531869888305,-0.01252151802182194,0.501702630519867,0.36368872523307794,-0.021460385620593964,0.49963176846504215,0.3286716818809509,-0.026688678190112083,0.498645955324173,0.2972150981426239,-0.0299661092460155,0.49254274964332584,0.44309279322624207,-0.014857557974755721,0.48354750871658325,0.4078862369060516,-0.0234921019524335,0.479594087600708,0.3843667924404144,-0.026433866098523124,0.47709698677062984,0.3623044788837433,-0.027766996249556482
0.5287935256958008,0.5482170581817627,2.3291093214083961e-07,0.5489999532699585,0.5162228703498841,-0.01530525051057334,0.559487271308899,0.4654652714729309,-0.02192017845809454,0.5655574679374695,0.4192069411277771,-0.027226317673921526,0.5753846287727356,0.3823487877845764,-0.03242388218641278,0.5365249276161194,0.40508573055267333,-0.011850410699844318,0.5416077375411987,0.35106112957000735,-0.021982257813215222,0.5432645559310914,0.3174029290676117,-0.030433911085128742,0.5437875390052795,0.28751295804977417,-0.03638658449053758,0.5201180696487427,0.40379272103309627,-0.0111007988452911,0.5199145197868347,0.3444496333599091,-0.019132505729794483,0.5184137463569642,0.3060073375701904,-0.025787213072180702,0.5165619850158691,0.273187118768692,-0.030442220717668462,0.5059305906295777,0.41652609109878547,-0.012391717359423602,0.5013781428337096,0.36213741898536683,-0.020937688276171623,0.4991315364837646,0.32749247550964355,-0.025969764590263344,0.4979494512081146,0.2964685380458832,-0.02917817234992976,0.49328870773315436,0.4416215360164642,-0.015167967788875063,0.4833755671977997,0.4072028696537017,-0.02348336130380622,0.4789655923843384,0.38419709801673885,-0.026215608417987802,0.4760001420974731,0.3625860154628754,-0.02742835395038122
0.5312227129936218,0.545791506767273,2.2460100979060374e-07,0.550771701335907,0.511832457780838,-0.014174933731555902,0.5601553559303284,0.46056810617446897,-0.02056865096092218,0.5657310843467713,0.41497917771339415,-0.025839060172438564,0.574704897403717,0.3782151222229003,-0.031069446727633444,0.536486029624939,0.4028443396091461,-0.01194387488067146,0.5405677556991577,0.3479965925216675,-0.02214042656123634,0.541742765903473,0.3142914056777954,-0.030524678900837862,0.5417738318443298,0.2842866718769073,-0.03643669337034221,0.5203062176704407,0.40249282121658325,-0.011839272081851942,0.5189651727676392,0.3425657391548157,-0.01995879188179966,0.5168752431869507,0.30390828251838675,-0.02662897929549212,0.5144419193267822,0.27083414196968075,-0.031389941647648745,0.506315815448761,0.41594765782356263,-0.013629652559757201,0.5012320280075073,0.3622465848922729,-0.02224655374884598,0.4992387533187866,0.3274494349956512,-0.02743747830390926,0.49818732142448424,0.29634638428688054,-0.03084808997809882,0.4940294206142426,0.44145417809486387,-0.016777435131370984,0.4830528914928437,0.40766545534133913,-0.02518427409231654,0.47774595618247984,0.3848497211933136,-0.028076678887009602,0.47391077876091003,0.36353192925453187,-0.029498084262013363
0.532905924320221,0.5437904477119446,2.1678874020381048e-07,0.5520617723464967,0.508019745349884,-0.01285334378480908,0.5605388641357423,0.45629914999008175,-0.018935347348451557,0.5658418893814087,0.411417019367218,-0.024102406576275763,0.5739790439605713,0.37483409643173216,-0.029324773699045143,0.5362964272499084,0.4016947507858276,-0.012061114236712401,0.5397101402282716,0.34591960310935976,-0.02232105508446688,0.540536367893219,0.31206231117248534,-0.03058204799890514,0.5401657819747925,0.2818822145462036,-0.03641198277473447,0.5203104257583618,0.4018703281879425,-0.01265995074063538,0.5182766914367676,0.3413840651512146,-0.0209088116884231,0.5157927632331848,0.30245897769927976,-0.027577219903469043,0.512910008430481,0.2691464304924011,-0.03241545669734472,0.506447970867157,0.41575459837913514,-0.014975010976195302,0.5012725472450256,0.36242391467094415,-0.02372707054018966,0.4997142195701599,0.3274291694164276,-0.0290890328586101,0.49892503619194034,0.29631679058074956,-0.0326931800693273,0.49446381926536564,0.4415246307849884,-0.018486340530216663,0.48267412185668945,0.40841002464294435,-0.02705895677208892,0.4765924870967865,0.3855952799320221,-0.030147515609860405,0.47203578352928155,0.3645470917224884,-0.031788467615842746
0.5349916577339172,0.5409092783927918,2.102821468952243e-07,0.5532512068748474,0.502515333890915,-0.01137903779745098,0.5605458974838258,0.4504712641239166,-0.01708332318812604,0.5653674483299256,0.4064445495605468,-0.022161694988608302,0.5725982546806335,0.3698853850364685,-0.027327593788504564,0.535647714138031,0.3998401463031768,-0.011554932408034742,0.5383245825767518,0.3430782914161682,-0.02174595519900316,0.5386711359024048,0.3090525269508362,-0.029808733239769878,0.5379521369934083,0.278555691242218,-0.035525097697973226,0.5201022267341614,0.4005538642406464,-0.013008451275527461,0.5170236110687256,0.34015704989433293,-0.0213733367621898,0.5140783071517945,0.300878643989563,-0.028132607787847482,0.5109579324722291,0.267056155204773,-0.03311310000717634,0.5065858125686646,0.41468895673751827,-0.01604454442858692,0.501194977760315,0.3629600405693054,-0.025041255354881203,0.500831913948059,0.3283494889736176,-0.030693741887807782,0.5011957347393036,0.2975916564464569,-0.0345415618270635,0.4951870322227478,0.44037779569625857,-0.02012718040496108,0.48215827941894535,0.40865379571914673,-0.02891697697341434,0.4749701499938965,0.3861957550048828,-0.03228827752172944,0.4695659220218658,0.3654967665672302,-0.03424101509153837
0.5377060770988464,0.5368011951446534,2.064629882170266e-07,0.5544995784759522,0.49576767086982726,-0.01001554559916254,0.5603936314582825,0.44349324703216547,-0.01542785745114084,0.5644956946372985,0.4005841076374054,-0.0205367729067802,0.5708240032196045,0.36417033076286315,-0.025696861743926963,0.5347159743309021,0.3964593768119812,-0.010886487551033441,0.5364562630653381,0.33973863124847414,-0.02111498154699796,0.5363494396209717,0.30561703443527216,-0.02905600927770132,0.5355650067329407,0.2748868227005005,-0.034680637717246984,0.5198997259140015,0.39842908978462216,-0.01327036563307044,0.5152750849723816,0.3394253373146057,-0.02218766994774336,0.512007510662079,0.2997367143630981,-0.029373990371823262,0.5091159462928773,0.26520922780036926,-0.03464523516595358,0.5069916248321533,0.41339167952537537,-0.017143485881388143,0.5009032189846039,0.364990758895874,-0.026964363083243303,0.5026180684566497,0.3315714597702027,-0.03317162767052644,0.5052854180335999,0.30186044573783877,-0.03724911808967586,0.4963940262794495,0.43921310901641847,-0.02191608659923074,0.4820740282535553,0.4090794742107392,-0.03122674487531178,0.47359687685966495,0.38705063462257383,-0.035094904154539086,0.4671707212924957,0.3665012001991272,-0.03746969886124128
0.5397884368896485,0.5329430341720581,2.0049388069764975e-07,0.5547272205352783,0.4892021059989929,-0.00840976117178794,0.5593163967132568,0.43685544729232784,-0.01330090509727594,0.5626491427421569,0.3948336899280548,-0.01826556790620084,0.5679719686508179,0.3585032880306244,-0.023214422538876504,0.5328182578086853,0.3939067482948303,-0.00902618370018894,0.5340258598327636,0.337648218870163,-0.01891939323395484,0.5338473558425904,0.30378116965293883,-0.026566119119524896,0.533518397808075,0.2732935190200806,-0.03198861964046952,0.5191658973693848,0.39685149788856505,-0.012297176755964721,0.5135514378547669,0.3390713155269623,-0.0215842861682176,0.5104819893836976,0.2994585633277893,-0.02924503609538074,0.508485758304596,0.2648651778697967,-0.03483376763761038,0.5072692275047302,0.4120839357376099,-0.01700128894299264,0.5006813883781434,0.3657509684562683,-0.027488953247666304,0.5052494883537293,0.3344386100769043,-0.03427754342555992,0.5110420346260072,0.3070476710796356,-0.03862008824944492,0.4976288437843323,0.4373418390750885,-0.022449092566966984,0.4822001397609711,0.4085965692996979,-0.03218234926462166,0.47239452004432675,0.3872134029865265,-0.036731895059347125,0.4649343132972717,0.366922277212143,-0.0397200651466846
0.5413845777511597,0.5297191500663758,1.9858623261370668e-07,0.5546114325523377,0.4837152600288391,-0.007202588208019681,0.5581342816352844,0.4315955758094787,-0.011640865355730022,0.5608372688293457,0.3902649164199829,-0.01649182140827174,0.5654560208320618,0.35405391454696655,-0.021205064281821222,0.5308867812156678,0.3907105624675751,-0.0066800468601286005,0.5318460583686828,0.3357502996921539,-0.01607966087758536,0.531669783592224,0.3023818850517273,-0.023458549380302375,0.5318837881088258,0.2723961055278778,-0.028691531717777222,0.5183147192001343,0.39453125,-0.01059659216552968,0.5120642066001891,0.33860386013984684,-0.02002102360129352,0.5093469023704529,0.29934302568435667,-0.02808112651109692,0.5084241628646851,0.2650162637233734,-0.0339014790952205,0.5074243903160095,0.41003410220146175,-0.01596698835492128,0.500342458486557,0.36583029031753544,-0.026836002245545346,0.507497239112854,0.3368833065032959,-0.033979775756597434,0.5162181496620178,0.3121020674705505,-0.0384169645607471,0.498752909898758,0.434863805770874,-0.022002101689577058,0.48261331319808964,0.4075740098953247,-0.03188927546143524,0.4719109654426574,0.3869624435901642,-0.0368780560791492,0.4637274146080017,0.36703451871871956,-0.04025769457221028
0.5432084202766418,0.526242995262146,1.904456638612828e-07,0.5541426539421082,0.47658247947692867,-0.005449069919995901,0.5559132695198059,0.42499018311500547,-0.009326670598238659,0.5576452016830444,0.38451021313667294,-0.01410795897245402,0.5615982055664063,0.3481605708599091,-0.018675464764237364,0.5276410698890686,0.3877831280231476,-0.0038275798317044803,0.5285356283187866,0.3347960948944092,-0.01281961761415,0.5290323853492737,0.30199356675148015,-0.019972016476094683,0.5304411888122559,0.2726978302001953,-0.024962419643998104,0.5167605400085449,0.3927226781845093,-0.00873525263741606,0.510271692276001,0.3395390212535858,-0.01834902837872502,0.5096717000007629,0.3006788671016693,-0.026739463955163918,0.51134831905365,0.267121148109436,-0.032722837105393345,0.507430350780487,0.40854359865188594,-0.0151347111910581,0.5012847483158112,0.3673390984535217,-0.026540238410234427,0.5121308445930481,0.34095780849456786,-0.034080780297517696,0.5241805195808411,0.31925852298736573,-0.0386057704687118,0.5001877188682556,0.43270906805992126,-0.02207066230475898,0.48318820595741274,0.4068333089351654,-0.03202333450317377,0.47152394652366636,0.38645275235176085,-0.03742743730545038,0.46244128942489626,0.3665386557579041,-0.04124117642641066
0.544528341293335,0.5228915691375733,1.731003521854291e-07,0.5532916426658631,0.46928302645683284,-0.003445263125468,0.5531130194664002,0.41851715445518495,-0.0068033496383577,0.5537897109985352,0.37931250333786004,-0.01159197464585298,0.5562851905822754,0.34366457462310795,-0.01615304909646506,0.5233756899833679,0.3846171617507935,-0.0012952692806720806,0.5244123697280885,0.3347061991691589,-0.01045138649642462,0.5271101593971252,0.30377667546272275,-0.01787220295518634,0.5310856699943542,0.27698656320571896,-0.022849479690194085,0.514357614517212,0.3913947820663452,-0.007212171610444721,0.5092805981636048,0.34089226722717286,-0.017620418220758403,0.5124939680099487,0.30492414832115167,-0.026553917303681337,0.5177359700202941,0.2749025464057922,-0.03262875191867346,0.5068337202072144,0.40796063542366023,-0.01457349415868514,0.5027486860752106,0.3688157558441162,-0.026805632188916184,0.5168057680130005,0.346369457244873,-0.03446083664894098,0.5311081647872925,0.32912197113037106,-0.03867701515555376,0.501424777507782,0.4316822290420532,-0.02229462489485736,0.4841488182544708,0.40671342611312866,-0.032269399613141965,0.4719122052192688,0.38654844760894774,-0.03773637562990182,0.46198474168777465,0.366838389635086,-0.041557121276855444
0.5454084277153015,0.5201050758361817,1.276289836482647e-07,0.5519790649414062,0.4644347012042999,-0.00271780557231972,0.5500499725341798,0.41379482746124274,-0.0056446344126015405,0.5496339678764344,0.37488661408424373,-0.01016504764556878,0.5512009859085083,0.34061815142631535,-0.014381157048046541,0.5214604735374451,0.38156967163085936,-7.650284096600006e-05,0.5231466174125672,0.33443693518638606,-0.00965755376964802,0.5292129278182984,0.30861458778381345,-0.017372472397983063,0.5364460706710816,0.28740370869636533,-0.022209666296839663,0.5141157150268555,0.3893884062767029,-0.00596544696018094,0.5114595174789429,0.34083324074745175,-0.017375396192073782,0.5195290565490723,0.31224194169044495,-0.02648725993931292,0.5284804940223694,0.2900436162948608,-0.03215512372553342,0.507874357700348,0.40636954903602596,-0.013323770090937541,0.5062086701393128,0.3678663671016693,-0.026274831220507583,0.5229372501373291,0.35094156861305237,-0.03383254930377,0.538525116443634,0.33999751806259154,-0.03745406493544572,0.5031796336174011,0.4299023628234864,-0.0209487076848745,0.4852574586868286,0.40563600063323973,-0.03107092082500452,0.4727445065975189,0.3856903433799744,-0.0369031481444835,0.46246702671051027,0.36635199189186096,-0.04080905541777608
0.5459413409233094,0.5181576251983643,8.638914437142375e-08,0.5508913159370423,0.4615046262741088,-0.0029186736908740803,0.5476317524909974,0.4108834803104401,-0.005812334595248061,0.5463266015052796,0.37198799252510073,-0.010265017859637682,0.5473450899124146,0.3388591408729554,-0.01434675306081766,0.5206472992897034,0.3795155823230743,-0.0004186925012618401,0.5228181838989259,0.3345362603664398,-0.01088264379650348,0.5319905400276185,0.31325200796127317,-0.019101344980299462,0.5421276807785034,0.29706523418426506,-0.023913453519344263,0.5144269943237305,0.3880963504314423,-0.00593298068270082,0.5138981938362122,0.3412523686885834,-0.018603739142417863,0.526430606842041,0.31940557360649113,-0.02786447443068026,0.538580060005188,0.30441561341285706,-0.03306204825639718,0.5089529395103455,0.4054475367069244,-0.012968683242797784,0.5095390498638154,0.36814267635345455,-0.026884427294135045,0.5279632449150086,0.3557516813278198,-0.03434265032410616,0.5438902258872985,0.34977973699569703,-0.03730638474225992,0.504583191871643,0.42893295288085936,-0.020242735743522623,0.48612599968910214,0.40497174263000485,-0.030650179088115643,0.4736003577709198,0.3850499033927917,-0.0366649948060512,0.4632817506790161,0.365977668762207,-0.04044191390275952
0.5440755248069763,0.5166701912879945,4.2798884791750417e-08,0.5461119651794434,0.4617866992950439,-0.0033575814333744,0.5414526462554932,0.4127315163612366,-0.006274907151237081,0.5386275529861451,0.3754058063030243,-0.01061782836914058,0.5384099960327149,0.34376112222671507,-0.014473026990890443,0.5167988538742065,0.3801279187202453,-0.0011176454834640002,0.5225006818771363,0.33914883136749263,-0.01231291517615312,0.53519766330719,0.324252849817276,-0.020732741989195322,0.5480820894241333,0.3145578444004058,-0.02525724619626992,0.5127910614013672,0.3879356384277344,-0.005951973423361721,0.5180305957794189,0.34508452415466306,-0.01981287635862822,0.535279107093811,0.3315380990505219,-0.02898397557437418,0.5505681157112121,0.32509897947311406,-0.03342544175684446,0.5095988631248475,0.403997141122818,-0.012304015085101061,0.5152409076690674,0.3690295457839965,-0.027081845328211722,0.5353263139724732,0.36227364540100093,-0.03428485020995136,0.5513234734535217,0.3618998765945435,-0.03639314025640482,0.5072769284248352,0.42526951432228083,-0.018858341127634022,0.4916738748550415,0.40105682015419003,-0.029419609904289202,0.48139082789421084,0.38256865143775937,-0.03522496409714218,0.4730881690979004,0.36589454412460326,-0.038414124399423565
0.5403707861900329,0.5131139993667603,-6.454571988001596e-09,0.5392765164375305,0.4588959813117981,-0.0022395518026314598,0.5345100998878479,0.4093415379524231,-0.00483717839233574,0.5316317081451416,0.3724263310432434,-0.009036672336515,0.5306792378425599,0.34171538949012753,-0.0126381591893732,0.5146011829376221,0.377649849653244,-0.0008355401456356001,0.525472903251648,0.3427258789539337,-0.01215917691588396,0.5413506865501404,0.3374466061592102,-0.020310118980705706,0.5558513283729554,0.3367232501506805,-0.02439312934875482,0.5119573712348938,0.386483234167099,-0.00583276581019158,0.5241340160369873,0.3495842576026917,-0.020188415050506545,0.5442839980125427,0.34608885049819943,-0.0288943015038967,0.5607523918151855,0.3492982864379883,-0.03255064897239203,0.5101006746292115,0.4031922101974487,-0.012164587900042462,0.5205099582672119,0.3709896624088287,-0.026939124241471223,0.5409985065460206,0.37091250419616695,-0.03325163014233108,0.5562839388847352,0.37645671963691707,-0.03435933589935298,0.5090811610221863,0.4239916443824768,-0.018577876687049844,0.49738885760307305,0.4011153995990753,-0.028928826004266682,0.48919263482093805,0.3848551452159881,-0.03427346162497994,0.48255591392517094,0.3706721782684326,-0.03677830472588534
0.5360761523246765,0.5091758012771607,-6.914233274812888e-08,0.5330336093902588,0.4587548017501832,-0.0016449655406176994,0.5287014842033386,0.40898001194000244,-0.003981722937896841,0.5259250998497009,0.37169623374938965,-0.0077054859255440205,0.5244485378265381,0.3411106586456299,-0.010594845260493401,0.515700113773346,0.3769839107990265,-0.0018675882834940799,0.5308642029762268,0.34630213379859925,-0.0125501556321978,0.5473394513130189,0.3515682160854339,-0.01941951457411046,0.5608356833457947,0.3600363969802856,-0.022373874671757162,0.5138499975204468,0.38557884097099304,-0.00639177523553366,0.5311131358146668,0.35402850508689876,-0.02010954096913334,0.5511232137680054,0.3610304415225983,-0.02722847349941728,0.5661688804626466,0.37274097204208373,-0.029586358368396685,0.5122548460960389,0.4021494209766388,-0.012044872529804641,0.5265750765800477,0.37216340899467465,-0.025988745689392023,0.5462651133537293,0.3780438423156738,-0.031084100157022423,0.5601130604743958,0.3887124300003052,-0.031245879456400817,0.5110045671463013,0.4219097435474396,-0.0176316726952791,0.5023944973945618,0.3981561183929443,-0.027720694616436906,0.4953761577606201,0.38223888278007506,-0.03286084719002244,0.48954153060913086,0.36892991065979,-0.03500471189618106
0.5303680300712585,0.5050646245479584,-1.1923060903029639e-07,0.5272717833518983,0.4581421315670014,0.0005790200084447599,0.5234986543655396,0.40909990668296814,-0.0011930530425161205,0.5206500887870789,0.37160568237304686,-0.004345048603136081,0.5174611926078797,0.34160701036453245,-0.006554549722932241,0.5153207302093507,0.3803848147392273,-0.00289484183304008,0.5339092373847962,0.3524783253669739,-0.01231294143944974,0.5490869164466858,0.3656657576560974,-0.01748586855828756,0.5595195412635804,0.3803159415721893,-0.01936795208603138,0.5140982031822204,0.38802142739295964,-0.00765448380261654,0.5351096749305726,0.3608593046665191,-0.0196438807994127,0.5525599241256715,0.37564222216606136,-0.02457592040300366,0.5644351005554199,0.3920509278774262,-0.025801753997802667,0.5131089925765991,0.4026339411735535,-0.013079271465539881,0.5311560273170471,0.3751997470855713,-0.024839096888899743,0.5484790802001953,0.3861913204193115,-0.027864254638552605,0.5595367789268494,0.40035240650177,-0.027214535325765562,0.512631869316101,0.4187981247901916,-0.01820675805211064,0.5083131313323975,0.39211308360099795,-0.027278369665145824,0.5029325127601624,0.37528852224349973,-0.03155856169760224,0.49802432060241697,0.36212399005889895,-0.0332341510802507
0.5246599078178406,0.5009534478187561,-1.6931888531246388e-07,0.5215099573135377,0.45752946138381967,0.00280300555750722,0.5182958245277405,0.40921980142593384,0.0015956168528646003,0.5153750777244568,0.371515130996704,-0.0009846112807281398,0.5104738473892212,0.342103362083435,-0.002514254185371081,0.5149413466453553,0.3837857186794281,-0.0039220953825860804,0.5369542717933655,0.35865451693534856,-0.012075727246701681,0.5508343815803528,0.37976329922676083,-0.015552222542464661,0.558203399181366,0.400595486164093,-0.0163620295003056,0.5143464088439942,0.3904640138149262,-0.008917192369699421,0.5391062140464783,0.3676901042461395,-0.01917822062969206,0.5539966344833374,0.3902540028095246,-0.021923367306590044,0.5627013206481933,0.4113608837127686,-0.022017149627208646,0.5139631390571595,0.4031184613704682,-0.014113670401275119,0.5357369780540466,0.37823608517646795,-0.023689448088407464,0.5506930470466614,0.39433879852294923,-0.024644409120082783,0.558960497379303,0.4119923830032348,-0.0231831911951303,0.5142591714859008,0.41568650603294366,-0.01878184340894218,0.5142317652702332,0.3860700488090515,-0.026836044713854746,0.5104888677597046,0.3683381617069244,-0.030256276205182044,0.5065071105957031,0.3553180694580078,-0.031463590264320336
0.5214100480079651,0.4948102951049804,-2.060358823996467e-07,0.5204979062080384,0.45469661355018626,0.0023427918553351797,0.5180958271026612,0.40656871199607847,0.0005668211262672808,0.5162529587745667,0.3676978468894958,-0.0018926593591459201,0.5106268525123596,0.33908572196960446,-0.0030220388201996403,0.5149450898170472,0.3814210891723633,-0.007976021477952561,0.5393390774726868,0.3591891884803772,-0.01521375905722376,0.5509060144424438,0.3868927896022796,-0.017189184762537422,0.5540361523628234,0.41120796799659726,-0.01715546380728478,0.5141262412071228,0.38834465742111207,-0.011907990183681199,0.5409223198890686,0.3705489695072174,-0.020058215036988243,0.552531898021698,0.3998071193695068,-0.02011889331042762,0.5569796085357667,0.4230535984039307,-0.0190030757337808,0.5140239000320436,0.4010945558547974,-0.01578709967434404,0.5383742332458497,0.38002480864524846,-0.023228488489985422,0.5506797313690186,0.40139999985694885,-0.022039247304201044,0.5556410670280457,0.4219276905059814,-0.01988424807786936,0.5151811361312866,0.4130279183387756,-0.019144608639180622,0.5163301467895508,0.38216639757156373,-0.026421571895480105,0.5113479018211364,0.3631073653697967,-0.029432756081223446,0.5053332209587097,0.34882838129997257,-0.030627000331878623
0.5180276393890382,0.489187878370285,-2.3262495290055086e-07,0.5227157592773437,0.4553804814815522,-5.7887192815579865e-05,0.5229859471321107,0.4115548670291901,-0.00291671198792758,0.5217747807502747,0.37392379641532897,-0.005480425874702641,0.5148989796638489,0.3485696256160736,-0.006588557898066921,0.5165224194526673,0.3831013798713684,-0.013116914313286482,0.5407132744789124,0.36029832959175107,-0.02017350811511274,0.5497758388519287,0.39050667881965634,-0.02142875231802458,0.5496060013771057,0.4167406439781189,-0.0208079488947987,0.5141349554061889,0.38746612071990966,-0.01491597723215814,0.5412533402442933,0.3717998325824738,-0.02197408229112622,0.5496694445610046,0.405718719959259,-0.020376472547650282,0.5503107786178589,0.43042858242988585,-0.01833724528551096,0.5131301760673523,0.39748959541320805,-0.01651850342750548,0.5387842893600465,0.3795957446098328,-0.0228799998760223,0.5487733125686647,0.40486631989479066,-0.020424209907650863,0.5509842991828919,0.427901816368103,-0.017609624564647618,0.5137194991111755,0.406711858510971,-0.01769973747432226,0.514600646495819,0.3723918318748474,-0.02450781986117358,0.5089377641677857,0.3515087306499481,-0.027062259241938544,0.5018376588821412,0.3364113092422486,-0.027919683977961504
0.515916109085083,0.4854676902294159,-2.1952706958927594e-07,0.5198267102241516,0.4541900932788849,-0.0021568433381617203,0.5195863664150239,0.4101823091506958,-0.00612477380782366,0.5176792025566102,0.3729907929897308,-0.009247431717813021,0.509116280078888,0.3498943328857421,-0.010988225229084481,0.514565122127533,0.38149205446243284,-0.016000250726938184,0.5408106923103333,0.3601270139217376,-0.02282769642770288,0.5477340698242188,0.38999761343002315,-0.02390340417623514,0.5448531985282898,0.413245552778244,-0.02352739609777922,0.5136507630348206,0.38669751286506654,-0.01671607606112952,0.5421831250190735,0.3726363003253937,-0.023058333620429004,0.5477395296096802,0.4068279147148132,-0.020867234095931,0.5454927206039428,0.4294493436813354,-0.01876576393842692,0.5148623347282411,0.3969876885414123,-0.017175069823861102,0.5422345161437989,0.3806573629379273,-0.022766653448343235,0.5489010095596314,0.40794401168823247,-0.0192914389073848,0.5478493809700012,0.43081268668174744,-0.01614484563469882,0.5180740356445314,0.4066107392311097,-0.01739007569849484,0.5216330409049988,0.37264953255653377,-0.023521453142166082,0.5182305932044984,0.3517457723617554,-0.025227998569607682,0.513099205493927,0.33571912646293645,-0.02562296576797958
0.5148114562034608,0.48286027908325196,-1.919208187928234e-07,0.5167084693908692,0.45289696455001827,-0.00473498078063128,0.5160046100616456,0.4084675908088684,-0.010016348119825099,0.5138305306434632,0.3722776174545288,-0.01399742243811486,0.5044941186904908,0.35026265978813165,-0.01665371386334298,0.5121062994003296,0.37719517946243286,-0.017736597172915862,0.541111409664154,0.3583001375198364,-0.024600760452449303,0.5467525005340577,0.38727689981460567,-0.0258692974224686,0.5423927783966065,0.4073866188526153,-0.025851697474718043,0.5127355575561523,0.3841723620891571,-0.01755026746541256,0.5435883522033692,0.3724424481391907,-0.02365018576383586,0.5476359486579895,0.4053330779075623,-0.021553016453981343,0.5437544465065003,0.42545858621597293,-0.01961800344288344,0.5160698294639587,0.3964747726917267,-0.01722986735403534,0.5455233097076416,0.3813362121582031,-0.02299499399960038,0.5501247525215149,0.4091029882431031,-0.019331860914826342,0.547039270401001,0.4306705832481384,-0.01602329462766642,0.5217229247093201,0.4087426543235779,-0.01686798445880406,0.5272942662239075,0.37705712318420403,-0.02271249815821642,0.525697684288025,0.35715892314910896,-0.02375426478683942,0.5222043395042419,0.3405869245529175,-0.02363083660602564
0.5138301968574525,0.48083211779594426,-1.649667353831319e-07,0.5132979035377503,0.4517460107803345,-0.0072388670407235,0.5120966136455536,0.40686030983924865,-0.01377411931753154,0.5094698250293732,0.3715210139751434,-0.0186184890568256,0.4992595672607422,0.3504096686840057,-0.022152527049183822,0.5104122996330261,0.3727020978927612,-0.01911461520940058,0.5417535662651063,0.35671764612197876,-0.025942617282271364,0.5458021640777588,0.38435005545616147,-0.027285508811473784,0.5398739814758301,0.4012501537799835,-0.027489149197936002,0.5127468585968018,0.38158759474754333,-0.01809449288994068,0.5455743432044984,0.37296705842018124,-0.023694215342402403,0.5476122975349427,0.4041322708129883,-0.021557079628109883,0.5418210625648499,0.4215363204479218,-0.019728366658091502,0.5182806968688964,0.3962645173072815,-0.017082691192626898,0.5492375254631043,0.38371519446372987,-0.022997622191905938,0.551103162765503,0.4119236052036286,-0.0191203791648149,0.5456220746040344,0.43202916979789735,-0.015569504536688279,0.5263540506362915,0.4117792308330536,-0.01622318997979158,0.5340875506401063,0.38186954855918886,-0.0216645441949367,0.5348477602005005,0.3628019571304322,-0.0218614894896745,0.5336764574050904,0.34581945538520814,-0.02105967774987214
0.5134163141250611,0.48146342039108275,-1.4974438613535316e-07,0.5088756680488586,0.45043596625328064,-0.00687551833689206,0.5067966699600219,0.4040797412395477,-0.013452576845884284,0.5030867099761963,0.36856812834739683,-0.01870323494076724,0.4917569994926453,0.3475626170635223,-0.02281795553863046,0.511706566810608,0.3717143416404724,-0.01699918340891592,0.5434006452560425,0.35674003362655643,-0.023503845930099465,0.5461231470108032,0.38277516961097713,-0.0249535467475652,0.5397102594375611,0.3978225886821746,-0.025355965271592083,0.5159596681594849,0.38256813287734986,-0.01669944152235978,0.5486278176307678,0.37415180802345277,-0.02218207828700536,0.5488467216491699,0.40282942652702336,-0.02082789726555342,0.5420375108718872,0.4186582863330841,-0.019546003639697978,0.5227902412414551,0.399056488275528,-0.0163950622081756,0.5531211853027345,0.3866253554821014,-0.02240494117140766,0.5523869633674623,0.4132170915603638,-0.018736208602786023,0.5451307773590088,0.43120750188827517,-0.015224005095660641,0.531618869304657,0.41688903570175173,-0.01620888449251646,0.5416072130203248,0.38750172257423404,-0.02110583707690234,0.5455726981163025,0.3685893595218659,-0.02047431692481034,0.5476789951324463,0.35086742639541624,-0.01907255537807936
0.5147226810455323,0.48510116934776304,-1.3582909161868886e-07,0.5033883810043335,0.45090969204902653,-0.00605189646594218,0.49797971248626705,0.4006611227989197,-0.012270558625459622,0.49260241985321046,0.3635736405849457,-0.0174852285534143,0.4801154375076294,0.3412224352359772,-0.02158002890646454,0.5115191102027893,0.36988623738288884,-0.014350966364145219,0.5437684178352357,0.35690830349922176,-0.019982570596039282,0.544853699207306,0.38180992603302,-0.02122269328683608,0.5376485466957093,0.3938886284828186,-0.021914838254451702,0.51962331533432,0.38358678817749026,-0.01495088376104824,0.5513458847999573,0.37525059580802916,-0.01957270931452508,0.5497018814086915,0.40140589475631716,-0.01849583759903902,0.5422158241271973,0.4147021949291229,-0.01774130519479508,0.5294732213020326,0.4029430568218231,-0.01554158926010124,0.5584053039550781,0.3897363483905792,-0.020899393036961502,0.5550677418708801,0.4144298911094666,-0.01711752954870458,0.5462135076522827,0.4296368181705475,-0.0138891246169805,0.5407501935958862,0.4240213513374329,-0.01623582243919368,0.5535300493240356,0.3958519577980042,-0.02051312476396556,0.5604602336883545,0.3774628281593323,-0.01929336450994008,0.565568768978119,0.35868480801582336,-0.01769171431660646
0.5154494643211365,0.48797407746315,-1.4026738028860567e-07,0.5028983235359192,0.4523665070533752,-0.005409558676183139,0.49727423787117,0.4019993305206299,-0.0112095851451158,0.49169496297836307,0.3643420457839966,-0.01617419309914108,0.4791387796401978,0.34177078604698186,-0.019962723180651617,0.5130484580993653,0.37047916650772095,-0.01294941697269674,0.5443346619606019,0.3582578361034393,-0.01808605529367922,0.5446037650108337,0.38264904618263246,-0.01916870139539236,0.5372128844261169,0.39476975202560427,-0.01980788931250568,0.5221147060394287,0.3841607987880707,-0.013865916803479119,0.5523526668548584,0.376446521282196,-0.01779147870838638,0.5499246835708618,0.40161551833152775,-0.01674348637461656,0.5422678232192993,0.4145829975605011,-0.01617507040500636,0.5324748635292054,0.4039294719696045,-0.014748006686568182,0.5594496250152587,0.39181638360023496,-0.01957153454422944,0.5554364442825318,0.4152611076831818,-0.01591868773102754,0.5464074730873107,0.42941907048225403,-0.012938321195542762,0.5438551068305969,0.42583214640617373,-0.01570595409721132,0.5571516871452332,0.3970677673816681,-0.019615031033754303,0.5649566769599914,0.3789430737495423,-0.01820780560374254,0.5709488511085511,0.3605670928955078,-0.01654342114925378
0.5161900401115418,0.49152900576591485,-1.451883747449756e-07,0.5023048162460327,0.45425027012825014,-0.0047652930952607805,0.4966048538684845,0.4038148164749146,-0.01011435668915506,0.4909227252006531,0.3654383063316346,-0.014818748831748921,0.47824321985244755,0.3425459146499633,-0.01828106511384244,0.5149477362632752,0.3717559635639191,-0.01136083807796236,0.5447830438613892,0.36035504937171936,-0.0160094818100333,0.5439802765846252,0.3841116905212403,-0.01698297504335636,0.5363646030426026,0.39629124402999877,-0.017584103159606422,0.5251004695892334,0.3856045424938202,-0.012600401788949899,0.5532318592071533,0.37808964848518367,-0.015942191518843143,0.5498023509979247,0.402032208442688,-0.0150535220280289,0.5419047832489013,0.4148070335388183,-0.01471685133874412,0.5360058903694153,0.4058247804641723,-0.013792010024189881,0.5604281544685363,0.3946108341217041,-0.018131871521472862,0.5556104421615601,0.4165841102600098,-0.014717860147356921,0.5464355826377869,0.42961724996566775,-0.0120296841487288,0.5474336504936219,0.42856091260910034,-0.0150376101955771,0.561374032497406,0.39900601506233213,-0.018578899651765783,0.5701675415039062,0.3812159597873688,-0.01703993696719402,0.5771863698959351,0.36336454153060915,-0.01534862555563444
0.5163250803947449,0.4948372781276703,-1.4883335097692907e-07,0.5016736686229706,0.45600020885467535,-0.00417501623742276,0.49615110158920295,0.40576736927032475,-0.00914481710642572,0.4906723737716675,0.36701718568801883,-0.013582206331193402,0.4779892385005951,0.34401591420173644,-0.01676772590726608,0.5162106990814209,0.3733103036880493,-0.00996679104864594,0.5448915839195252,0.3631116688251495,-0.01408160775899884,0.5431281685829163,0.386686909198761,-0.01515054684132332,0.5352417230606079,0.3989407539367676,-0.015938363596796963,0.5273396372795105,0.3871722459793091,-0.01142721790820354,0.5535582900047302,0.37991451025009154,-0.014194749854505022,0.5495413661003112,0.40293458104133606,-0.01367469411343328,0.5416721940040589,0.4155449628829956,-0.013765757530927621,0.5387286901473999,0.4075506925582886,-0.012787012383341722,0.5609782576560974,0.3968215823173523,-0.016424088366329602,0.5558567762374877,0.4173621475696564,-0.01329313125461334,0.5468029618263245,0.42933658957481385,-0.01106077693402762,0.5501647591590881,0.4306379139423371,-0.014191604964435039,0.5647538542747499,0.40094523429870604,-0.01728451997041698,0.5742152690887451,0.38383212089538576,-0.01568543873727316,0.581763768196106,0.3665947437286377,-0.01408568434417242
0.5160001397132874,0.4974120855331421,-1.5212447976864498e-07,0.5010147333145142,0.45725548863410953,-0.0034042435698210605,0.4957205593585969,0.40739054083824155,-0.00795713765546674,0.49066474437713625,0.3685508191585541,-0.012112223915755702,0.47789065837860106,0.3456398367881775,-0.015089220553636502,0.5171515703201295,0.3748664140701294,-0.00876978542655704,0.5445103764533997,0.3660674095153808,-0.01222308613359924,0.5421927571296692,0.3890455186367035,-0.01332376301288598,0.5342802047729492,0.4012768089771271,-0.014287893660366502,0.5289792418479919,0.38867778778076173,-0.010497934184968421,0.553362011909485,0.3823346853256226,-0.012432741373777364,0.5490410685539245,0.4044851064682007,-0.01207536887377492,0.5414333820343018,0.4171178817749023,-0.0125297466292977,0.5406346797943115,0.40936373472213744,-0.01203444581478826,0.5611143231391906,0.39974798560142516,-0.0148199470713734,0.5557934880256653,0.4194956123828888,-0.011809568293392601,0.5469800353050233,0.4310975015163422,-0.009951435588300181,0.5519344210624695,0.4331413388252259,-0.01358707826584572,0.566873323917389,0.40361239314079284,-0.016186619549989664,0.576835584640503,0.3870203673839569,-0.014484710805118043,0.5849287986755372,0.3703375697135925,-0.012967244349420001
0.5156987190246582,0.4987807393074035,-1.523403625469655e-07,0.5006000339984894,0.4580290079116821,-0.0032565614208578597,0.4955192506313324,0.4085980534553528,-0.007729652896523421,0.49079133868217467,0.36966603994369507,-0.01180935781449074,0.47794948220252986,0.34664703011512754,-0.014736718870699361,0.5176640391349793,0.37603960633277894,-0.00850598681718108,0.5442599892616272,0.3683946073055267,-0.011629671789705701,0.5415635108947754,0.39110620617866515,-0.01272624842822544,0.533472740650177,0.4033271312713623,-0.013726249709725342,0.5298398852348328,0.38968440890312195,-0.0102039229124784,0.5533204913139343,0.3843786299228668,-0.011674423143267602,0.5487014770507813,0.40592823028564456,-0.01140379589051,0.5409978508949279,0.4186168491840363,-0.012052367441356161,0.5416150331497193,0.4104584395885468,-0.01166248433291904,0.5612287163734436,0.4021886110305786,-0.0139991538599133,0.5555313467979431,0.4215579450130462,-0.0111470371484756,0.5466069459915162,0.4330298483371735,-0.009535785950720261,0.5527999401092529,0.434570860862732,-0.0131294628605246,0.5680886745452881,0.4051770448684692,-0.015455085411667782,0.578454601764679,0.3889813721179962,-0.013732990995049443,0.5869461655616761,0.37298571467399594,-0.01227542720735066
0.5151492238044739,0.5007189750671387,-1.5168496361184228e-07,0.4998526334762573,0.4592016577720642,-0.0032046985346823598,0.4951457500457764,0.4102039933204651,-0.007588786445558021,0.49076487421989434,0.37105970382690434,-0.011565724201500361,0.4777836799621582,0.3479534864425659,-0.01440242659300562,0.5185041546821595,0.37756292223930354,-0.00796686280518766,0.5432998657226562,0.3710654675960541,-0.0107941031455993,0.5400015592575074,0.39334648847579956,-0.012054354697465821,0.5318622946739198,0.40582582354545593,-0.013217054307460742,0.5311420202255249,0.3913653492927551,-0.009565402567386583,0.5525135636329651,0.3867468237876892,-0.010604635812342122,0.5474710941314698,0.40737724900245664,-0.01061335112899534,0.5399400949478149,0.42020477652549737,-0.01161121148616074,0.5430126905441285,0.4124172508716583,-0.010903262160718359,0.5606513857841492,0.40497167110443116,-0.012876794114708861,0.5545151829719543,0.42340648174285894,-0.01038502901792522,0.5457166552543641,0.43475200533866887,-0.009161408618092481,0.5539137840270997,0.4368221879005433,-0.01224220450967544,0.5697115778923034,0.4077734351158142,-0.01436691842973228,0.5805259943008423,0.3920450866222382,-0.012741473503410781,0.589455246925354,0.376758623123169,-0.011442115530371602
0.5146419405937195,0.5029193043708801,-1.5240021298268405e-07,0.4991729259490966,0.4607782542705536,-0.0030010337010025604,0.49453506469726566,0.41196609139442447,-0.007273851614445381,0.49044088721275325,0.3727442443370819,-0.01114341802895064,0.477382630109787,0.34962301850318905,-0.01393163260072466,0.5187104105949403,0.3787713587284088,-0.007534000463783701,0.542453670501709,0.3739934682846069,-0.009933477640151902,0.5389384984970094,0.39626826047897346,-0.011280307173728882,0.5307791829109192,0.40901002287864685,-0.012585600651800581,0.5317399024963378,0.39255163073539734,-0.00909083876758808,0.5518542289733888,0.39016445279121403,-0.00940307350829238,0.5465476036071778,0.41041879653930663,-0.00954511817544692,0.539125168323517,0.42320401072502134,-0.010869713500142082,0.5436937332153321,0.41390146017074586,-0.01032648533582678,0.5601894855499268,0.4085461378097534,-0.011712481454014741,0.553631603717804,0.4267041623592377,-0.00944566503167148,0.5447975039482117,0.43797163367271424,-0.008588397316634602,0.5543967247009277,0.4387533068656921,-0.01154293753206724,0.570675253868103,0.41062097549438475,-0.013305410742759661,0.5819758534431457,0.39545548558235166,-0.011635054834187,0.5913574695587158,0.3807334840297699,-0.01042643748223774
0.5141533136367799,0.504761826992035,-1.5379718263375255e-07,0.49858278632164005,0.462421840429306,-0.0028075631707906203,0.4938386142253876,0.41371875405311587,-0.006951622013002561,0.4898524045944214,0.3742884576320648,-0.01073275674134488,0.4766182363033295,0.35114363431930545,-0.01346413083374496,0.5188282012939454,0.3803035974502564,-0.007039812859147741,0.5416804671287537,0.3767069518566131,-0.00916355224326246,0.5380384802818299,0.3987198948860169,-0.010547698847949441,0.5298845887184144,0.4117394506931305,-0.011952913179993582,0.5321117162704467,0.3940478265285492,-0.00864437092095608,0.5512150406837464,0.3932721257209778,-0.008559334836900181,0.5457520604133606,0.4129903495311737,-0.008835510164499221,0.5384735465049744,0.4258736729621888,-0.0104244243353605,0.5441028118133545,0.4156370937824249,-0.009907871112227361,0.5598543286323547,0.41150379180908203,-0.01104126572608944,0.5531161308288575,0.4291473627090454,-0.0089680733159184,0.5443477988243104,0.44031526446342467,-0.008398526906967102,0.5546709656715393,0.4409853219985962,-0.01113952416926618,0.5713786363601685,0.41392014622688295,-0.01284912005066866,0.5829862952232362,0.3993097901344299,-0.011256123334169362,0.592671239376068,0.3850052297115326,-0.01018684394657604
0.5134977579116822,0.5062503099441529,-1.5483712445529818e-07,0.4979739308357239,0.463727205991745,-0.0027395845390855607,0.4932689547538758,0.41498568654060364,-0.006814507953822541,0.48928239941596985,0.37548449635505676,-0.010570530407130681,0.475905305147171,0.3523573875427246,-0.0132864218205213,0.5189319610595704,0.38142784833908083,-0.006458597816526841,0.5410413861274719,0.3787447094917297,-0.008524475246667801,0.5371967673301696,0.4006408095359803,-0.010084486939012942,0.5290518641471863,0.4139094114303589,-0.011656229384243441,0.532297170162201,0.39547147750854494,-0.00811373144388194,0.5505177855491639,0.3956832528114319,-0.007959880772978,0.5448922514915466,0.4151055574417114,-0.00848927926272148,0.5377777576446534,0.42796998620033266,-0.01032977905124422,0.544256067276001,0.41732017993927,-0.00944782961159938,0.55933598279953,0.4138516664505005,-0.010585206188261458,0.5524950981140136,0.431136691570282,-0.0086752219125628,0.5438375115394593,0.4421643257141113,-0.008273963257670342,0.5546881198883057,0.4429586827754975,-0.01075488608330484,0.571756911277771,0.41678290963172915,-0.01248907856643194,0.5836119890213013,0.40256888866424567,-0.01094093080610034,0.5935319423675538,0.38834148049354555,-0.009945389814674781
0.5125739097595216,0.5090185046195984,-1.53477364506216e-07,0.4970618546009064,0.4656142055988312,-0.00240063073579214,0.49246708750724794,0.41687445640563964,-0.006321108620613741,0.48849458098411563,0.3771554052829743,-0.010043438151478741,0.4748685836791992,0.35440012216567995,-0.012749791145324641,0.5187890768051148,0.3838197767734528,-0.005506726726889561,0.5404317736625671,0.38105461597442625,-0.00732931355014438,0.5364745259284973,0.4025725603103638,-0.008920518308877879,0.5283753871917725,0.41621508002281193,-0.01054086564108724,0.5323453545570374,0.3983139097690583,-0.0072976169176399205,0.5499413967132568,0.3982199430465698,-0.0068329659290611,0.5443436861038209,0.41699273586273194,-0.007486678659915881,0.5373995065689088,0.42990334630012517,-0.00949249863624568,0.544304084777832,0.4203996956348419,-0.00877212407067412,0.5589531898498534,0.41631720066070554,-0.009588754177093461,0.5522760391235352,0.43286600708961487,-0.0077759363688528,0.5438283681869507,0.44369897842407224,-0.007547583058476381,0.5545977115631104,0.4461485028266907,-0.01021580211818214,0.572146487236023,0.4204751014709473,-0.01167867779731744,0.5843226075172424,0.4066057324409485,-0.01008341480046508,0.5944655895233155,0.3924609184265137,-0.00913239829242222
0.5116723537445069,0.5120085120201111,-1.5402159760924409e-07,0.49631006121635435,0.467876535654068,-0.00189699090551576,0.49162273406982426,0.4190008580684662,-0.00564531907439224,0.48759735226631173,0.3792032837867737,-0.00938166640698906,0.4738926351070404,0.3566153049468994,-0.012148548662662441,0.5181915402412415,0.3865951478481292,-0.0046322753652929816,0.5400694012641907,0.38357326984405515,-0.0062414803076535005,0.5361781477928163,0.4048660278320313,-0.00777262663468712,0.528079628944397,0.41872635483741766,-0.009355043340474321,0.5317023158073425,0.40115426182746894,-0.006706453580409241,0.5497022747993469,0.40109595060348513,-0.005994888953864501,0.5441837310791016,0.4195916414260864,-0.006658341735601381,0.5371536374092103,0.4325775563716888,-0.008701746817678161,0.543614399433136,0.42329996824264526,-0.00845992602407928,0.558803415298462,0.41925198435783384,-0.008959014341235121,0.5522791981697083,0.4356744050979614,-0.00709319300949568,0.5438365817070008,0.4463712990283966,-0.0069083341397344405,0.5539254784584046,0.44928492903709416,-0.01017669215798374,0.5718839883804321,0.4239353358745575,-0.0113292690366506,0.5843640923500061,0.410321182012558,-0.009585478156805022,0.5947772145271302,0.3961995720863343,-0.008589398488402301
0.5109142422676086,0.5139078021049499,-1.532591284103546e-07,0.49544717669487004,0.4695630848407746,-0.0016802514437585202,0.4906029880046845,0.4211965620517731,-0.005297642666846441,0.48645405173301703,0.38145720958709717,-0.009022063948214021,0.4727086126804352,0.3589834451675415,-0.01177920121699564,0.517807149887085,0.38975037336349483,-0.0038401808124035202,0.5388378262519837,0.38590317964553833,-0.00528290309011932,0.5348465204238892,0.40647274851799015,-0.00675025852397078,0.5269288539886475,0.42080149650573734,-0.00828678179532286,0.5313347816467285,0.40411532521247867,-0.00604816842824216,0.5486452221870423,0.40328211188316343,-0.005225582653656521,0.5431630253791809,0.4209097564220428,-0.006000413186848121,0.5363679170608521,0.43418689370155333,-0.00814170623198146,0.5432291150093079,0.42616246938705443,-0.00795764336362478,0.5581034898757935,0.4210996091365814,-0.0083332222886383,0.5517747282981873,0.43676537871360777,-0.006503842677921001,0.5436616897583008,0.4474803328514099,-0.00638916725292794,0.5535109400749207,0.45223602652549744,-0.009838003106415241,0.5716440081596375,0.42698386311531067,-0.0109133513644337,0.5841873526573181,0.413476824760437,-0.009139246307313421,0.5947102189064026,0.3994203269481659,-0.008144215121865219
0.510619616508484,0.5158323049545288,-1.5243878976889393e-07,0.4948246896266938,0.471174293756485,-0.0014735801378264201,0.4897796154022217,0.4231571972370148,-0.004965375270694421,0.4855653941631317,0.3834122717380524,-0.00866083893924948,0.4718587458133698,0.3610269486904144,-0.011404918134212419,0.5173827171325684,0.39250046014785767,-0.0032732080668210605,0.5375316619873047,0.38754381537437443,-0.00451613352634008,0.5335492372512818,0.40764316320419314,-0.005882834922522261,0.5259225368499756,0.4224809229373932,-0.0073285571299493,0.5310134053230287,0.4067021310329437,-0.00555942216888064,0.5475400209426879,0.40487803220748897,-0.0045444297604262,0.5420730948448181,0.4219181537628173,-0.0053544424474239,0.5354835510253906,0.43554341793060297,-0.007520207855850399,0.5429206490516663,0.42864028215408323,-0.007548172771930661,0.5572798252105713,0.42244761586189267,-0.007708165794610922,0.5510751485824585,0.43759415745735164,-0.005928525142371601,0.5432851672172547,0.44844351410865785,-0.00587936872616402,0.5531702995300294,0.4546333312988281,-0.00950382500886914,0.571374785900116,0.42917495369911196,-0.01038946397602552,0.5839301824569703,0.4156154036521912,-0.00857119839638468,0.5945248126983642,0.40154671072959897,-0.007570122554898221
0.5101880908012391,0.519171690940857,-1.5106854220903187e-07,0.49407539367675785,0.47373839616775515,-0.0011207125382497202,0.4887807250022888,0.4260094225406647,-0.00444269105792038,0.484324699640274,0.38635009527206426,-0.00809538336470718,0.47062078118324285,0.36399930715560913,-0.010833005048334541,0.5169002413749695,0.39598098397254944,-0.0023268448538146603,0.535734748840332,0.38992733955383296,-0.0032823681365697997,0.5317192077636719,0.409490042924881,-0.00464198538102206,0.5245390653610229,0.4248207867145538,-0.00608627293258902,0.5306589245796205,0.4100442588329315,-0.004722341103479201,0.5460582852363587,0.4070622622966766,-0.00337168665137134,0.5405579686164856,0.42336842417716974,-0.00429579988121984,0.5342844605445862,0.437398487329483,-0.006576896179467381,0.5425645709037781,0.43192735910415647,-0.006813106685876801,0.5562175035476684,0.4242514610290527,-0.006607426702976181,0.5501128554344177,0.43868540525436395,-0.004944149171933481,0.5427226901054383,0.44979113936424253,-0.00504001863300792,0.5526970386505128,0.4578482091426849,-0.008856664504855841,0.5709465146064758,0.43206654191017146,-0.0094214391894638,0.5835005521774292,0.41842153072357174,-0.00755096068605776,0.5941754221916199,0.4044755458831787,-0.0065538981929421005
0.5098666429519654,0.5235606551170349,-1.49481130051754e-07,0.4933258771896363,0.4778244197368622,-0.0009857149503658801,0.4877274751663208,0.4297574639320374,-0.0041697670705615805,0.4831173896789551,0.3898272216320038,-0.007741012051701481,0.46955885887146004,0.3669313788414002,-0.01037557143718,0.5160375952720643,0.39920130372047424,-0.0015525161928962804,0.534256649017334,0.3922399878501892,-0.00232314759050492,0.5302777528762818,0.41173956990242006,-0.0036750489845871603,0.5233033299446106,0.42739224433898926,-0.00511536339763548,0.5300013184547424,0.41313765645027156,-0.00393564410042012,0.5448729038238527,0.40948719978332515,-0.0024610548774944,0.53931303024292,0.425795167684555,-0.0034728066879324204,0.5331926822662354,0.44013553261756894,-0.00580062065273518,0.5420307278633117,0.4349074125289917,-0.006044277129694781,0.5555140733718872,0.42653069496154783,-0.005755545990541521,0.5493714690208436,0.4408372104167938,-0.004197026626206881,0.5421075820922853,0.4523455560207367,-0.00435510948300354,0.5521966099739075,0.46070069670677183,-0.00809061415493484,0.5704520583152771,0.43487541675567626,-0.00855919988825912,0.5830311059951783,0.42113965749740595,-0.00672689168713982,0.5938041806221008,0.4072854220867157,-0.00575173664838072
0.5097473859786987,0.5283284425735474,-1.46455863614392e-07,0.49268078804016113,0.4820339739322662,-0.0007529853843152201,0.48682428598403926,0.43341873884201054,-0.0036107021849601803,0.4820369482040405,0.3933090329170227,-0.006911101285368142,0.46837574839591983,0.37058430910110474,-0.009272850677370981,0.5154423356056214,0.4026079475879669,-0.0003487224865239201,0.5330780386924744,0.39478076696395875,-0.0007648872036952398,0.5289947748184205,0.414022433757782,-0.00212850603275,0.5221434950828552,0.4297908306121826,-0.00363353042630476,0.5297226548194887,0.4164300262928009,-0.0026949736755341007,0.5439446806907654,0.41204578876495357,-0.0008495172514812601,0.5382881879806519,0.42803046703338615,-0.0019757919362746,0.5324543237686158,0.44251487851142884,-0.004434335996484107,0.5419415593147278,0.43807185292243955,-0.00479587959125634,0.5551411151885987,0.4287819683551788,-0.00420772581710476,0.5489946007728577,0.4427202224731446,-0.0027967503527179002,0.5419311046600342,0.45449692010879517,-0.0031018071225843804,0.5520917177200317,0.4637272357940674,-0.0068182541523128404,0.5701975226402283,0.43775779008865356,-0.00709659429267042,0.582764756679535,0.4240044593811035,-0.0053112811874597605,0.5935861825942994,0.41038631796836855,-0.004376809357199781
0.5094286799430847,0.5332428336143493,-1.4288394538652936e-07,0.4921825468540192,0.4859884142875671,-0.00038708518841304006,0.48629758358001707,0.43637727499008183,-0.0029318475164472405,0.48136488199234007,0.39596606492996217,-0.006002102605998439,0.46755486130714424,0.373494428396225,-0.008139088936150039,0.5148978590965272,0.405265748500824,0.0008566601958591201,0.5327725648880005,0.39650546908378603,0.0007175141654442802,0.5286217093467713,0.4156870305538177,-0.0006903277710080198,0.5217239618301391,0.43129967451095585,-0.0022732321638613802,0.529378366470337,0.41922661066055295,-0.00153801657725126,0.5438143849372864,0.4137975871562958,0.0006309594929916999,0.5381623387336731,0.42974696159362785,-0.0005237701232545003,0.5324280261993408,0.4442045569419861,-0.0030296664146589754,0.5417352199554444,0.44083977341651914,-0.003717535408213701,0.555268669128418,0.4306145787239075,-0.0028097153059206802,0.5491874814033508,0.4443797290325165,-0.00148242267314342,0.5421324491500855,0.45629817247390747,-0.0018848903244361001,0.5518864035606384,0.4663413405418396,-0.00579595742747184,0.5699789881706238,0.44007828235626223,-0.00581187596544616,0.5826237440109253,0.4262897431850433,-0.00404117680154734,0.5934962272644043,0.4128879964351654,-0.00313293442595746
0.5090134978294373,0.5391184210777282,-1.3820046547152744e-07,0.4915107011795044,0.4910964131355285,-0.00031779476557858,0.48555712103843685,0.44048493504524233,-0.0027247269637882,0.48048222064971924,0.39961895942687986,-0.00570270651951424,0.4665741562843323,0.3770986616611481,-0.00772661827504632,0.5141935586929323,0.4086212694644928,0.0018044169817585003,0.5324157238006592,0.39917002320289613,0.0017635712109040002,0.5282198667526246,0.41842421889305115,0.00020197599660606004,0.521208918094635,0.4339503288269043,-0.0015094310045242199,0.5288672327995301,0.42280603051185606,-0.0005482429492986201,0.5436249017715454,0.41657760143280026,0.00172397498681674,0.5379496216773987,0.4326365947723388,0.0004583863046718799,0.5322220802307129,0.44710045456886294,-0.002124286342586835,0.541346549987793,0.44443853497505187,-0.00275016152299936,0.5553735256195069,0.43338086605072024,-0.00175727327587082,0.5493234992027283,0.4470467388629913,-0.00053427417296914,0.5422010779380799,0.45925326347351075,-0.0009924826910719,0.5514882445335388,0.4698161005973816,-0.00485283154994246,0.5696234107017517,0.4432530045509338,-0.0047404592856764,0.5823691725730897,0.42926225662231443,-0.0030078640207647604,0.5933242082595825,0.41602978706359867,-0.00212107582483436
0.5086456656455994,0.5445479393005371,-1.3590083653980402e-07,0.49082728028297423,0.4961703717708587,-0.00029489838634618,0.48486514091491695,0.44459104537963867,-0.0025091162417083404,0.4798827528953553,0.4033375263214111,-0.005305796861648481,0.46598381400108335,0.3808080792427063,-0.00712424395605918,0.5135044932365418,0.4118438959121704,0.0024493402044753806,0.5322519779205322,0.4020687937736511,0.00242926698992952,0.5280593991279603,0.42135756015777587,0.0007441364024998801,0.52082839012146,0.4367635190486908,-0.0010653083678334799,0.5283893346786499,0.42613555192947383,0.00013851977128063997,0.5435847282409668,0.41960054039955136,0.00239956585864998,0.5379240989685059,0.4358549892902374,0.0010495057067601,0.532136595249176,0.45023832321166996,-0.0015687046499806353,0.5410421252250671,0.4477302610874176,-0.0020836584502830803,0.5556331396102906,0.43640096187591554,-0.00115817353362216,0.5496241688728333,0.45006363987922665,-5.708206444975999e-05,0.5424060821533203,0.4623656392097473,-0.00055516471620646,0.5512303113937378,0.47296920418739324,-0.00420568203553554,0.569484519958496,0.44643620848655696,-0.0041467420756816,0.5823718309402466,0.4323479890823364,-0.002530795847997,0.5934168100357056,0.4191828012466431,-0.0016989109339191999
0.5085862874984741,0.5486906051635743,-1.354693239363769e-07,0.4905169248580933,0.5005129218101502,-0.0008815347799100001,0.48441169857978816,0.4482832074165344,-0.003247893275693,0.47930026054382324,0.40671668648719783,-0.006099499668925921,0.4651628971099854,0.3846807420253754,-0.00794496918097134,0.5132974863052369,0.4147582948207855,0.0022037717630155004,0.5319101095199585,0.40581639409065245,0.0019507190678268,0.5277383685112,0.42514914870262144,2.3099061218099983e-05,0.5204118967056274,0.4403608083724976,-0.00196377143729478,0.5283015370368958,0.4291021883487701,8.475915237790002e-05,0.5433879137039186,0.4233982682228088,0.00202150016557422,0.5377856492996216,0.43970792293548583,0.0004034808924188799,0.5320596933364868,0.45394655466079714,-0.002355856068606935,0.5410718560218811,0.4507597923278808,-0.00201226777862754,0.555750596523285,0.43976556062698363,-0.00149741285713388,0.5499303221702576,0.45336325168609615,-0.0006287193158641201,0.5428358554840088,0.4657462537288666,-0.00116730041336266,0.5512574791908265,0.47608904838562016,-0.004052461218088841,0.5692972540855408,0.4495904326438903,-0.004241610039025461,0.5821727752685547,0.43540489077568056,-0.00273235002532594,0.5932400465011597,0.4224138021469116,-0.00191718500573184
0.5085505008697511,0.5516630530357362,-1.3544295427436736e-07,0.4902745604515075,0.5039574801921844,-0.0016347699158359,0.4840228736400604,0.451426076889038,-0.00436858311295504,0.4788533687591553,0.409435749053955,-0.007444188930094162,0.4646270215511322,0.38736083507537844,-0.00945738395676012,0.512950098514557,0.4167528033256531,0.00133083260152488,0.5317312479019165,0.4087834537029266,0.0007383054587989601,0.527765703201294,0.4283660888671875,-0.00133584702562072,0.5203417658805848,0.4434769928455353,-0.00339116795221342,0.5280845284461976,0.4311976134777069,-0.0005425327719422399,0.5433620810508728,0.42639877796173087,0.0009198973886668401,0.5379292845726014,0.443034678697586,-0.0008611735800513801,0.5321192145347595,0.4571826756000519,-0.0036502647875749673,0.5409773111343383,0.4529200732707977,-0.00244419828522946,0.5559962868690491,0.44234643578529353,-0.00246744600008238,0.5504037618637085,0.456066370010376,-0.0017364450963213603,0.5433268427848816,0.46860244274139407,-0.00221942573552948,0.5512226104736329,0.47826642990112306,-0.004335218993946881,0.5691145896911621,0.4518713772296905,-0.0048324851319193,0.5819873809814453,0.4375338017940521,-0.0034056640230118603,0.5930403470993042,0.42460980415344235,-0.00257972764084112
0.5084254145622253,0.5553660869598389,-1.3949744754881978e-07,0.489926552772522,0.508208692073822,-0.00210869675502176,0.483484560251236,0.45529237389564514,-0.00497802202589804,0.47838993072509767,0.41307510137557985,-0.00812208466231816,0.46425555944442753,0.39069748520851133,-0.01016838373616332,0.5126110911369324,0.4193676471710206,0.00098414849489926,0.5313231348991394,0.4125038921833038,2.4443585425579863e-05,0.5274728536605835,0.43236359953880305,-0.0022902970871654803,0.5200024962425233,0.4474830985069275,-0.00445287479087706,0.5278500914573669,0.433794242143631,-0.0007637846618308799,0.5431827187538147,0.43012725710868827,0.00019714270019899997,0.5378720998764038,0.4471495509147644,-0.00182797186134846,0.5320350766181947,0.46126658916473384,-0.00467183156870302,0.5408653020858765,0.45552778840065,-0.00260378539096558,0.5562137365341187,0.4455621957778931,-0.0032019172562285604,0.5508322954177857,0.4593556046485901,-0.0026814286364241807,0.5438357353210449,0.47194127440452577,-0.00313990786671634,0.5511730313301086,0.4808459103107452,-0.0044602692127227415,0.5689051985740662,0.45468031167984,-0.00528335068374864,0.5817143559455872,0.44012001752853397,-0.003965303953736961,0.592756164073944,0.427124398946762,-0.0031316514126956
0.5084529995918274,0.5583909153938295,-1.4400266650227423e-07,0.48980477452278137,0.5114783763885499,-0.00220187692902978,0.4831568121910095,0.4584771275520324,-0.00504144164733584,0.47794618606567385,0.4164422869682312,-0.008125015068799181,0.46375424265861515,0.394385552406311,-0.0101178702898323,0.51235591173172,0.42202379107475285,0.00078062349930404,0.5309249043464661,0.41588425040245053,-0.0002196172950789602,0.5272783517837525,0.43582249283790586,-0.00255526073451616,0.519867205619812,0.4509031057357788,-0.004719911050051401,0.5277288675308228,0.4361350893974304,-0.00092607550468528,0.542982828617096,0.43344123959541314,5.61398919667996e-06,0.537880027294159,0.45066670775413514,-0.0020598400617018,0.5321372032165528,0.46459928154945374,-0.00492959935218092,0.5408972978591918,0.45769984126091,-0.00271862477529788,0.5563732624053955,0.44832823872566224,-0.0034001101274042803,0.5512617349624634,0.46223728060722347,-0.0029730223352088803,0.5444147706031799,0.4747478306293488,-0.0034698619972914004,0.5513375997543335,0.48280102014541626,-0.004525666031986421,0.5688118457794189,0.4567332506179809,-0.0053888016380369,0.5814651608467102,0.4420923471450806,-0.004088050033897101,0.5923514723777771,0.42902730107307435,-0.00324939470738168
0.5085891723632813,0.561293113231659,-1.4459014607837164e-07,0.48966253399848936,0.5149197101593017,-0.00246652269270266,0.4827487885951996,0.4618111789226531,-0.005373937264084761,0.47743926048278806,0.41966181397438046,-0.008519992046058102,0.4631681621074677,0.3978196859359741,-0.010580791346728761,0.5120663285255432,0.42516705393791204,0.0006260931491851799,0.5303993463516236,0.4188016474246979,-0.0005032449611462802,0.5269370794296264,0.43861514925956724,-0.00282612671144304,0.5196565389633179,0.4538777351379394,-0.00492905396968122,0.5275763392448426,0.4390709161758423,-0.0010018201775892322,0.5426470756530762,0.4363102734088898,-0.0002930209739134,0.5377496361732483,0.4534804344177246,-0.0024422936839982403,0.532154643535614,0.4674826204776764,-0.0053037511184811205,0.5409118413925171,0.46046169996261593,-0.0027563892304896596,0.5564452052116394,0.45055776834487915,-0.0037709811702370203,0.5516756534576416,0.4642464816570282,-0.0035402313340454606,0.545093846321106,0.4767951309680939,-0.004062412073835701,0.5515310406684876,0.48534216880798337,-0.0045228291302918805,0.5687015056610107,0.4589025139808655,-0.005514930654317081,0.5811376929283142,0.44392881989479066,-0.00428360602818424,0.5918418049812317,0.43067418932914736,-0.00346101284958418
0.5087573766708374,0.5635350346565247,-1.4757767416995195e-07,0.48944870829582215,0.517326819896698,-0.0018714181554969,0.4823317229747772,0.46453527212142937,-0.00442074374295766,0.47706449031829834,0.42271735072135924,-0.007331821415573281,0.46288251280784604,0.40087749958038327,-0.009226737637072761,0.511844003200531,0.4281870603561402,0.00124428778653962,0.5294768333435058,0.4211134433746338,0.0004416394396684799,0.5260653972625733,0.4406071424484253,-0.0016810459550469998,0.5190603375434876,0.4562161147594451,-0.003655743936542384,0.5274673700332642,0.4415364444255829,-0.000556840828903645,0.5418513059616089,0.4384586751461029,0.0005557132884859599,0.5369418978691101,0.45535423755645754,-0.0014953929232433202,0.5315550446510315,0.46957118511199947,-0.00437581709120418,0.540917992591858,0.4626185655593872,-0.0024293122114613,0.5559537410736084,0.4523795068264008,-0.0031299850903451004,0.5511815309524537,0.4659200489521026,-0.0029314420884474406,0.5448039174079895,0.4785158336162567,-0.00358065231703218,0.5516488313674928,0.4872105777263641,-0.0042550664395093404,0.568791425228119,0.46065623164176944,-0.00507593592628832,0.5810792207717896,0.44559214711189277,-0.0038423263467847802,0.5916593551635743,0.43212428092956545,-0.00306867319159204
0.5089255809783936,0.5657769560813903,-1.5056520226153227e-07,0.48923488259315495,0.5197339296340943,-0.0012763136182911401,0.48191465735435485,0.4672593653202056,-0.0034675502218305602,0.4766897201538086,0.425772887468338,-0.00614365078508846,0.4625968635082245,0.4039353132247924,-0.00787268392741676,0.5116216778755188,0.4312070667743683,0.0018624824238940602,0.5285543203353882,0.4234252393245697,0.00138652384048324,0.52519371509552,0.44259913563728337,-0.0005359651986509598,0.5184641361236573,0.45855449438095086,-0.002382433903403548,0.5273584008216858,0.4440019726753235,-0.00011186148021805786,0.5410555362701417,0.440607076883316,0.00140444755088532,0.536134159564972,0.4572280406951904,-0.0005484921624883999,0.530955445766449,0.47165974974632263,-0.00344788306392724,0.5409241437911988,0.46477543115615844,-0.00210223519243294,0.5554622769355774,0.4542012453079224,-0.0024889890104531805,0.5506874084472657,0.4675936162471771,-0.0023226528428494206,0.5445139884948731,0.48023653626441953,-0.00309889256022866,0.5517666220664978,0.48907898664474486,-0.0039873037487268,0.5688813447952271,0.46240994930267343,-0.00463694119825956,0.581020748615265,0.4472554743289948,-0.00340104666538532,0.5914769053459168,0.4335743725299835,-0.0026763335335999
0.5091067314147949,0.5671241760253907,-1.484296745957181e-07,0.4892281413078309,0.5215143918991089,-0.0012352281832135803,0.481755393743515,0.46959398388862605,-0.00340030184015628,0.4763385415077209,0.4285589396953583,-0.006093364581465641,0.46220349669456484,0.4070294201374054,-0.00788672305643554,0.5116231322288514,0.434347802400589,0.00186735328752544,0.5279171228408813,0.4257745206356049,0.001317904458846869,0.5246515512466432,0.4443386614322663,-0.0006294626276940001,0.5182150483131409,0.46042515635490416,-0.002470944193191808,0.5273850917816163,0.4468649923801422,-0.00014124352437645788,0.5405602335929871,0.44267096519470217,0.0012626586249097802,0.5356924057006835,0.4587280571460724,-0.0007441778434440399,0.5307122111320496,0.4733243763446808,-0.00366685469634826,0.5409854412078857,0.46728582382202144,-0.0021774345543235,0.5551896095275879,0.45605440735816954,-0.0026906727347522598,0.5504748940467834,0.4688951134681702,-0.00262491577304894,0.5445024132728576,0.4814850389957428,-0.0034480223897844003,0.5518099427223206,0.49124848246574404,-0.00409985529258844,0.5688941359519959,0.4646099388599396,-0.00484759639948604,0.5809483289718629,0.4494414627552033,-0.0037143902387469603,0.5913076519966125,0.4357796311378479,-0.00307101965881878
0.5093444943428039,0.5694833874702454,-1.4536121568653472e-07,0.48912454843521114,0.524113118648529,-0.00128851645858954,0.48161577582359316,0.47226369380950933,-0.0033111764118075003,0.47621185779571534,0.43137122988700866,-0.005951518658548521,0.46216718554496766,0.40954908132553103,-0.00772890057414766,0.5117627382278442,0.43770375847816473,0.00254923969041554,0.5275131583213807,0.4281559526920319,0.001772088662255529,0.5243481040000916,0.4460823833942414,-0.00036616021534426003,0.5182184696197509,0.4623310208320618,-0.002246232167817628,0.5275559425354004,0.45019938349723815,0.0005321314516550022,0.5403422117233276,0.44475923776626586,0.00145563663681966,0.5355214238166809,0.46034260988235476,-0.00089118287432938,0.5306978464126587,0.4753479719161987,-0.0038406627718358807,0.5411425709724427,0.47033439278602596,-0.0016114631609525198,0.5551132678985596,0.4580605685710907,-0.00260772421024736,0.5504944920539856,0.47021996974945074,-0.0029344032052903797,0.5448025345802308,0.48278669118881223,-0.0038147880695759803,0.5518878102302551,0.49401965141296383,-0.0036344831809401205,0.5689292669296265,0.4674400866031647,-0.0045870875008404,0.5809253215789795,0.4521858990192414,-0.0036839646287262205,0.5913146138191223,0.43857526779174805,-0.00313236876390868
0.5095379114151001,0.5711203217506409,-1.4757615929283932e-07,0.489207112789154,0.5259127616882324,-0.00098670388688328,0.4816170334815979,0.47437123060226444,-0.0028603340033441405,0.4762296319007874,0.4336394131183625,-0.005382097791880301,0.46216953992843623,0.411801528930664,-0.0070598618127405205,0.5118528127670289,0.4400453329086304,0.00257459396962074,0.527692985534668,0.4303352236747742,0.002086262591183149,0.5246081471443177,0.4483335375785828,0.00021984848426656,0.5185167193412781,0.46456831097602846,-0.0015042161452583883,0.5276719570159912,0.4523766577243805,0.0005088439022074544,0.540620744228363,0.44692738056182857,0.00176081204554062,0.5358567237854004,0.46264913082122805,-0.0003602850483730599,0.5310189366340637,0.4776512861251831,-0.0032231683842837405,0.5412574291229247,0.47230678200721743,-0.0016145732195582,0.5552235007286073,0.46040968894958495,-0.0022551965899765,0.5505504846572876,0.4729602336883545,-0.00237827295204618,0.5447867274284364,0.48557700514793395,-0.0032287684502079602,0.5520112633705139,0.4957916498184204,-0.00359978117048738,0.5690794706344604,0.4693986356258392,-0.00437520463019606,0.5811074852943421,0.4544544100761414,-0.0033650242257863,0.5914900422096252,0.440951669216156,-0.0027791428845375197
0.5095490574836731,0.5723750948905946,-1.4813980442340835e-07,0.48929163813591003,0.5273744821548463,-0.0009882140031549401,0.48167536258697513,0.4759850203990937,-0.0028473180253058205,0.47628270387649535,0.43539682030677795,-0.00535899372771376,0.46224978566169733,0.4134783565998077,-0.007029140461236201,0.5120203852653503,0.4418109178543091,0.00251909343060104,0.5280996084213258,0.432069993019104,0.002034628298133569,0.5250511169433594,0.4501136243343353,0.00022626462159679997,0.5189324855804444,0.46629045009613035,-0.0014493726543150843,0.5277947068214416,0.45421706438064574,0.00047026468382684717,0.5410987138748169,0.44867509603500366,0.0017069253488443401,0.5364008665084838,0.46451259255409244,-0.0003423177171498799,0.5315236330032349,0.47945998907089227,-0.0031406256603076807,0.5413295269012451,0.4740569531917572,-0.0016368398617487199,0.5555448532104492,0.46222904920578,-0.00226773112080986,0.5508861541748047,0.4749528765678406,-0.00231849229894572,0.5450666427612305,0.48753329515457156,-0.0031149805989116,0.5520599961280822,0.4974155783653259,-0.0036094119772314796,0.569132673740387,0.47105499505996706,-0.00438443413004274,0.5811772584915161,0.45623515248298646,-0.00335045191459354,0.5915565252304077,0.44278265237808223,-0.0027469104155897596
0.5097957253456116,0.5748243927955627,-1.4524998448450788e-07,0.48957112431526184,0.5298362374305725,-0.0012961027096025002,0.48193842172622686,0.47839590907096863,-0.0032278099097311002,0.4764633238315582,0.4378928124904633,-0.005846250988542981,0.4624471604824066,0.41573266386985774,-0.007620852440595581,0.5123646140098572,0.44428299069404603,0.0028846730245277,0.5282055854797364,0.43428789377212523,0.0019317617639898895,0.52513165473938,0.4521567344665527,-0.00028520586201918007,0.5190927982330322,0.46840659379959104,-0.0021436522947624204,0.5281148076057434,0.4568365514278412,0.00088298066693824,0.5412717461585999,0.45069588422775264,0.0014778276789001801,0.5364822626113892,0.46647866368293767,-0.0009627701248973799,0.5315930843353271,0.48162996172904965,-0.0038311908021569003,0.5416133999824524,0.47653712630271916,-0.00130333812849128,0.5557058334350586,0.46428681612014766,-0.00248576798476274,0.5509459614753723,0.4766709327697754,-0.00282155952882016,0.5451321601867676,0.48921512961387636,-0.00360053102485832,0.5522420883178711,0.49975407123565674,-0.0033879415132105,0.5692445635795593,0.47338294982910156,-0.0044098183512687,0.5812309265136719,0.45837547183036803,-0.00355105320923026,0.5916029810905457,0.44487787485122676,-0.00299327871762212
0.5100231051445008,0.5776488542556764,-1.4609277343424765e-07,0.4897333562374115,0.5321956872940065,-0.0010013236489612,0.48208533525466923,0.48058765530586245,-0.00275449298787858,0.47664996385574343,0.43990193009376527,-0.005200305907055681,0.4625944435596466,0.41771734356880186,-0.00680719986557956,0.5124665021896363,0.4459608018398285,0.0031609402969479203,0.52832590341568,0.4361668169498443,0.0026656673289835,0.5252453565597535,0.4545178890228271,0.0007615375681780401,0.5192108869552613,0.4709292531013489,-0.0009310169145465001,0.5283340811729431,0.4583740830421448,0.00117081579228394,0.54144526720047,0.4527311086654663,0.00227679067756976,0.5366256475448609,0.46895256042480477,1.199550461020003e-05,0.5317784667015076,0.48407117724418636,-0.0028435717104002604,0.541893756389618,0.47813019752502445,-0.00093210190243552,0.5557278394699097,0.4664794325828552,-0.00162037197733294,0.5508905291557313,0.47939612865448,-0.00187418405548662,0.5450513601303101,0.49204341769218446,-0.00273359629791226,0.5526134610176087,0.5013045251369477,-0.00290124583989378,0.5696253538131715,0.4746672213077545,-0.00361180528998368,0.5816056609153748,0.45960140228271484,-0.00265774913132186,0.5919394969940186,0.4459595918655395,-0.00209343140013512
0.5102738380432129,0.5796700596809388,-1.4961360648158008e-07,0.48999648690223696,0.5340671181678772,-0.00073359463713126,0.48219355940818787,0.4823559105396271,-0.0024340051459148205,0.4767831265926361,0.4414721429347992,-0.00481759808026248,0.46267526149749755,0.41942083239555356,-0.006360238604247521,0.5126014947891236,0.4469748079776764,0.0030842322856187397,0.5285850524902345,0.43766387104988097,0.0029083422850817004,0.5254013538360596,0.45670545101165766,0.00118777495808898,0.5192655444145203,0.4733049154281616,-0.00045146473421484,0.528461766242981,0.45923680663108823,0.00103810754080766,0.5416635990142822,0.45447432398796084,0.00264114607125516,0.5367623567581177,0.4712938904762269,0.0005882773548364001,0.5319220185279846,0.48637295365333555,-0.0022885720245539804,0.5420487523078918,0.47908016443252566,-0.00103206820494958,0.5557969570159912,0.4685032844543457,-0.0012036361484205939,0.5507937550544739,0.4820988237857819,-0.00121775302686722,0.5448015093803407,0.49487075209617615,-0.0021062029991298402,0.5528247117996217,0.502336847782135,-0.00295512927696106,0.5698865175247193,0.47564677596092225,-0.00341182234697036,0.5819038033485413,0.46058235764503475,-0.00228710903320456,0.5922288179397583,0.4467872440814972,-0.00167061234824356
0.5105498790740968,0.581567358970642,-1.4993483432590438e-07,0.49023230671882634,0.5356471300125122,-0.00074930313276122,0.48236821889877324,0.4836470007896423,-0.00240506527479736,0.47690385580062866,0.4426856875419617,-0.0047721627634018,0.46279991269111637,0.42061142921447753,-0.006298592779785341,0.5128632307052612,0.4479185342788697,0.00353850484825666,0.5286853909492493,0.43884894251823425,0.0032439597416668805,0.5254320025444031,0.4581791996955872,0.00127392581198362,0.519343388080597,0.4749715566635132,-0.00051149089995306,0.5286754608154297,0.4601562440395355,0.0014701917461934,0.5417484641075134,0.4557513833045959,0.0029262447264044996,0.5367691040039063,0.4728760480880738,0.00061560696922236,0.5320090651512146,0.488103848695755,-0.00238050573971118,0.5422268390655518,0.4800142765045166,-0.00066475266648918,0.5558509826660156,0.4700110435485839,-0.0009061415534233474,0.5507741689682006,0.4836462259292603,-0.0010894264269154,0.5448171257972717,0.49642695188522334,-0.0020434609614312003,0.5529538989067078,0.5032863855361939,-0.00266358237713572,0.569991958141327,0.47667262554168705,-0.0031089732423424,0.5819902777671814,0.46139432787895207,-0.0020281190052628003,0.5923540115356446,0.4474764704704285,-0.00142093151807782
0.5106881737709046,0.5836290717124939,-1.500067014603701e-07,0.4904454469680787,0.5375395178794861,-0.0009165167051832801,0.48270145058631897,0.4851291537284851,-0.00257563011255114,0.4772839307785034,0.44415160417556765,-0.00499136405996972,0.46321964859962467,0.42197356820106513,-0.006553421635180661,0.5131510734558106,0.44939650297164924,0.0039760620333253805,0.5291162610054017,0.4402603983879089,0.0031503307167440407,0.5257877707481384,0.45960404276847844,0.0007434424012899199,0.5196271657943726,0.4765236735343933,-0.0012230391235789001,0.5288821697235108,0.46176511049270624,0.0018747042398899,0.5421920657157898,0.4570891261100769,0.0026498081162571402,0.537105405330658,0.4745181560516358,-2.8031296096779992e-05,0.5322644948959351,0.4898994028568268,-0.00305296492297198,0.5424559950828552,0.4815344393253327,-0.00040931609983086,0.5564550042152405,0.471376883983612,-0.0012368148978566672,0.5512995958328247,0.4850069582462311,-0.0016281227406579602,0.5452915549278259,0.4978013634681701,-0.00249460379127406,0.553166937828064,0.5047584176063538,-0.0025762318167835002,0.5701197504997254,0.4781425476074219,-0.00327491350471968,0.5820668101310731,0.4625612020492554,-0.00230561378411944,0.5924806118011474,0.44840990304946904,-0.00168025945313272
0.5106825590133668,0.58502676486969,-1.5376728867977365e-07,0.49056180715560915,0.5387945413589478,-0.0007015646260697,0.48282555937767035,0.4860014855861664,-0.00227101899217812,0.47751128673553467,0.4449820399284363,-0.00457600611262018,0.4634852945804596,0.42302992939949036,-0.006011711899191101,0.5132294178009034,0.4498165130615235,0.00385696040466422,0.5303614139556885,0.4416589498519897,0.00325808860361572,0.527176308631897,0.4615155398845673,0.00102447496319652,0.5206761002540589,0.47822219729423526,-0.0008493726927554001,0.5288716435432435,0.4622485876083374,0.00172035074792796,0.5432763457298279,0.45884664058685304,0.0028929690364747603,0.5383848786354065,0.4767969846725464,0.00045641954056914,0.5333372116088868,0.491758531332016,-0.00249432709533718,0.542424476146698,0.4821515858173371,-0.0005321677541359801,0.5573281645774841,0.4732620239257812,-0.0009730130754178272,0.5522327184677124,0.487743502855301,-0.00112655035336498,0.5459429860115051,0.5004234611988068,-0.00193547187373034,0.553245234489441,0.5055017113685608,-0.0026546936947852,0.5703326106071474,0.47895275950431826,-0.00313077769242222,0.5823963522911073,0.46349315643310546,-0.00196557627059514,0.5928535461425781,0.4492708563804627,-0.0012258284841663802
0.5108641624450684,0.5876709461212158,-1.5518450311446943e-07,0.490684974193573,0.5408923387527467,-0.0006596886363695,0.483013528585434,0.4873789668083191,-0.0021145084290765,0.4778817236423492,0.44593958258628846,-0.00433439821936184,0.46382421255111694,0.4237048029899597,-0.00565493442118164,0.5131656408309937,0.4505442321300507,0.00461916364729398,0.5313687920570374,0.44277495741844175,0.0039411750156432,0.5281537294387818,0.462962007522583,0.0014425757486605602,0.5212415218353272,0.47956643104553226,-0.0005933730950345799,0.5288289904594421,0.46302170157432554,0.002477811044082,0.5440228819847107,0.4599901795387268,0.00361006748862558,0.5390460252761842,0.47847595214843747,0.00097990131471302,0.5337090969085694,0.4933763444423676,-0.00204667670186606,0.5424153566360473,0.4829456031322479,0.00015906273620206,0.558044719696045,0.4744385659694671,-0.0002666674758074871,0.5528014183044434,0.48944408297538766,-0.00046353433281182,0.5461897253990173,0.5022337138652802,-0.00124979245010758,0.5533716559410096,0.5064689874649049,-0.00204522849526254,0.5705507755279542,0.47988839745521544,-0.00241601257584986,0.5827236771583557,0.46443066000938416,-0.0011962836608290397,0.5933127880096436,0.4501844108104706,-0.0003819528152234601
0.5109096050262452,0.5898234009742737,-1.5551744070307907e-07,0.49075146913528445,0.5424878597259521,-0.0005805257795145401,0.48322373628616333,0.48837726712226864,-0.00190133100841192,0.47827204465866086,0.4465860962867737,-0.00398647552356118,0.4641622126102447,0.42418978214263914,-0.005143549386411861,0.5130066037178039,0.4509815156459808,0.00517179341986768,0.532045590877533,0.44364091157913205,0.00455923178233202,0.5287805676460267,0.4640438973903656,0.0019807708129519204,0.5215093970298768,0.48046674728393557,-0.00011568608897501994,0.5287873983383179,0.46347119808197024,0.00306128012016412,0.5445270419120788,0.4607876241207123,0.00428324188105756,0.5394648313522339,0.47959752678871154,0.00158812152221796,0.5338873267173767,0.4943196296691895,-0.00147607994731514,0.542474091053009,0.48344936966896057,0.00074654757627286,0.5585984587669373,0.4751469135284424,0.00041299614968008647,0.5532353043556214,0.4905438601970673,0.00021043997257948004,0.5463563919067382,0.5033702075481415,-0.0005729545839130599,0.5536023497581483,0.507116436958313,-0.0014535903930664,0.5708872318267822,0.48040035963058475,-0.0017064943909645002,0.5831679105758667,0.46498134732246404,-0.00044819850008933986,0.5938455820083618,0.45073323249816893,0.00040344995213674006
0.5106124877929688,0.5909510493278504,-1.488987265929609e-07,0.4907463371753692,0.5437827587127686,-0.00130073423206338,0.48342993259429934,0.48945327997207644,-0.0030091782333329002,0.4785824120044708,0.44754202961921696,-0.00538761205971236,0.4644318997859954,0.4249086380004883,-0.006809906754642681,0.513048529624939,0.4517028987407684,0.00443574306555084,0.5328431367874146,0.44447282552719114,0.00301530910655854,0.5298444032669067,0.4644841730594635,1.3444028445500121e-05,0.5225314736366272,0.48068493604660034,-0.00223681393545118,0.5287627577781677,0.46443995833396917,0.0025024474249221197,0.545159924030304,0.46142671108245853,0.0027528499718755205,0.5402302622795105,0.4800708949565887,-0.0002501109847799,0.5345633983612061,0.4947144269943238,-0.0033061529975384404,0.5424185752868653,0.484425538778305,0.00023730392567814006,0.5590673089027405,0.4758498609066009,-0.0009725095704197999,0.5538240551948548,0.4909241437911987,-0.0014145369641482802,0.5469778299331666,0.5035027205944062,-0.00209835276473312,0.5535743236541749,0.5081522464752197,-0.0019662145525217002,0.5709044337272644,0.48138921260833745,-0.0027744238730520003,0.5832538843154907,0.4658858120441437,-0.0017850526142865401,0.5940516948699952,0.4516314625740051,-0.00099284510361028
0.5109305024147034,0.5913519144058228,-1.4873854752295302e-07,0.49099326729774473,0.5442713737487793,-0.0012267557991435401,0.483526062965393,0.49003192782402044,-0.00289749309886244,0.47882285714149475,0.44789146780967715,-0.00518097002059216,0.464641398191452,0.42525761723518374,-0.006510017160326181,0.5129879593849183,0.4515244007110596,0.00422112620435646,0.5332535982131958,0.445134174823761,0.0031258488539606,0.5303626537322998,0.46538941860198973,0.00028512051794674017,0.5229056000709533,0.4813803493976593,-0.00193719796370712,0.5288698315620423,0.4641867995262146,0.002345232700463379,0.5454692482948303,0.4621855974197388,0.0031442100182175405,0.5406314849853516,0.4807072043418884,0.0003290873719379002,0.5348994731903076,0.4950309455394745,-0.0027753719128668203,0.5425315618515015,0.4843700468540192,0.00019903527572752,0.5591194272041322,0.47671361565589904,-0.00056656685192138,0.5538958430290222,0.4918411493301391,-0.0009714839281514201,0.5469459056854248,0.5041781187057495,-0.0017876813886687,0.5537463307380677,0.5082878708839417,-0.001875044638291,0.5711811900138856,0.48160117268562314,-0.0025209627579897602,0.5835990071296693,0.4663004219532013,-0.0015135955531150002,0.5943931937217712,0.45223383307456966,-0.0007589063723571401
0.5108725786209107,0.5919760346412659,-1.4842628957012496e-07,0.49099236130714413,0.5446830272674561,-0.00114568320277608,0.48360248208045964,0.49043907523155217,-0.00276870627421884,0.478986269235611,0.44802405834198,-0.00498999720439308,0.46472449898719786,0.4252951085567474,-0.006246490031480721,0.5128580808639527,0.45170356035232545,0.004366758512332959,0.5328673362731934,0.44515146017074586,0.0033925089053809397,0.529809820652008,0.46549541354179386,0.0005853628827025602,0.5224038600921631,0.4815236985683441,-0.00166350238723678,0.528841781616211,0.4641421437263489,0.00250264386413618,0.5451797246932983,0.46205703616142274,0.0034944862592965207,0.5402046918869019,0.4807061433792114,0.0007645563222467601,0.5345882534980775,0.49504739642143253,-0.0023583866946864803,0.5425307393074036,0.48437408208847044,0.00037429424883157075,0.5588243246078491,0.4766706883907318,-0.0002625930705107999,0.553517496585846,0.4917558550834656,-0.0006271189660765401,0.5466149687767029,0.5042197108268738,-0.0014791227062232598,0.5537934422492982,0.5083829283714294,-0.0016733783297240602,0.5712309241294861,0.4816022157669067,-0.00228330153040588,0.5836273550987244,0.4663858830928803,-0.0012770730769261602,0.5944359183311463,0.45244203805923455,-0.00054801825026516
0.510723078250885,0.5911426186561585,-1.4776698833429692e-07,0.4910004615783692,0.5441742062568665,-0.0012194914786959402,0.4836228728294373,0.4902262628078461,-0.0029709334834478606,0.47899353504180914,0.44786561131477365,-0.00528738577850156,0.46472772359848025,0.4252908647060394,-0.006636717356741361,0.5128805041313171,0.45162820816040034,0.00380746698938304,0.5326484441757202,0.4449994027614594,0.0027620203793048597,0.5296256065368653,0.46522029042243956,2.4405270232760127e-05,0.5223498821258545,0.48119261860847473,-0.0021829243516549197,0.5288284540176392,0.4639911115169525,0.00194144345587118,0.5450805187225343,0.4618845582008362,0.0029544393997639204,0.540169072151184,0.4803827881813049,0.00041050654835996013,0.5346492290496826,0.4946100652217865,-0.00263453455409034,0.5424733519554138,0.48428738713264463,-0.00017233043545273848,0.5586342453956604,0.47653520107269287,-0.0008774780202657199,0.5533821105957031,0.49148533940315253,-0.0011463304050267,0.5465387821197509,0.5039162516593932,-0.0019503502873703398,0.5536923289299012,0.5083388566970825,-0.00220225763041522,0.5711103081703186,0.48154725432395934,-0.00293002650141714,0.5834384322166443,0.4664002180099488,-0.0019227618817239604,0.5941735625267028,0.45253738760948176,-0.0011963835277129
0.5105239033699036,0.5902671337127686,-1.4718445413564042e-07,0.4909773588180542,0.5436968684196473,-0.0014249538653529604,0.4835472941398621,0.4901115894317627,-0.0033704051282256605,0.4789559423923493,0.4478289842605591,-0.00581538826227182,0.46476460099220274,0.4252349436283111,-0.007282058335840641,0.5128068923950195,0.4514126062393188,0.0028946468140929405,0.5326244711875916,0.44486569166183476,0.00165398989338424,0.5297231197357178,0.4648530840873718,-0.00100774722232022,0.5225522756576537,0.48074735999107365,-0.0031393681420012996,0.528718674182892,0.46384971141815184,0.00105209426255894,0.5451116919517518,0.4617447733879089,0.00191819753963498,0.5403584718704224,0.47991334199905394,-0.00045137427950978705,0.5348993182182312,0.49402626156806945,-0.0033850355655886,0.542312753200531,0.48427643179893487,-0.0010232493943476185,0.5585469722747803,0.4764801383018493,-0.001969352690503,0.553447425365448,0.49113814830780034,-0.00219784495420754,0.5466905832290649,0.5034465193748474,-0.0029412040719761804,0.5534864902496338,0.508448600769043,-0.00301673780195408,0.5708786606788636,0.4815671682357788,-0.00403286479413506,0.5831792950630188,0.4663412630558014,-0.0031265197321772003,0.5938953995704651,0.4524588644504547,-0.0024387661658693
0.5108248233795166,0.5902404069900513,-1.4936835839307606e-07,0.49097123742103577,0.5433846712112427,-0.0008859713678247601,0.48337845802307133,0.48990026116371155,-0.0025144409853964803,0.47885134220123293,0.44736744165420533,-0.00465564820915454,0.46473461985588077,0.424712336063385,-0.005803808756172601,0.5124422907829285,0.4510201871395111,0.00329350586980576,0.5316423535346985,0.444104552268982,0.0028146479511632796,0.5285918235778809,0.46435616612434394,0.0005964957592368089,0.521472442150116,0.4804489254951477,-0.00137545340694484,0.5285729885101319,0.46323370337486264,0.0013763321563601,0.544348955154419,0.4610969543457031,0.0032281603896989804,0.539576280117035,0.47926532626152035,0.0012318752604187127,0.5342644453048706,0.49339523911476135,-0.0017019910388625802,0.5422302961349488,0.48379716873168943,-0.0006552938102685985,0.5580130457878113,0.475816297531128,-0.00079485946334898,0.5528641104698182,0.4905660212039948,-0.0007964226417243401,0.5460746884346008,0.503191614151001,-0.00164894314948462,0.5534488439559937,0.5081124782562256,-0.00255991904996328,0.5708890438079834,0.48089374899864196,-0.0032016581855714003,0.5831947565078736,0.4656062424182892,-0.00216834335587912,0.593857491016388,0.45177153348922733,-0.00150145369698294
0.5105612039566041,0.5903857111930848,-1.430673165714325e-07,0.4907000124454498,0.543310534954071,-0.00117040816694492,0.48308359980583193,0.48975061774253836,-0.0030028806068002805,0.47838030457496644,0.4471542477607727,-0.005285951774567301,0.46421864032745364,0.42436419129371644,-0.00654172645881768,0.5120323419570924,0.4508736550807953,0.002856913593132,0.5309516668319703,0.44294260740280156,0.00215450091054658,0.5279500126838684,0.4629594385623932,-9.625541497373111e-05,0.5210583090782166,0.4791752994060517,-0.00206294101662932,0.5281649351119995,0.4631444752216339,0.00102014312287788,0.543751311302185,0.45972556471824644,0.0025015803403220602,0.5390511274337769,0.4777847290039063,0.00046276928769657265,0.5339702844619751,0.49212566018104553,-0.00243731468217444,0.5418254494667054,0.48365203738212587,-0.0009658668153860787,0.5574508070945741,0.4746956169605255,-0.00137210476677864,0.5523892283439636,0.48905262947082523,-0.0014088475843891401,0.5457817077636719,0.5018032312393188,-0.0022363882744684,0.5530346155166626,0.5078950285911561,-0.0028493579011409803,0.5704426288604736,0.48012988567352294,-0.0037277391180395806,0.5827683925628663,0.4644850432872772,-0.00286660925485188,0.5934945464134216,0.45055675506591797,-0.00230098378960974
0.510581910610199,0.5897772550582886,-1.3668309861714079e-07,0.49057844281196594,0.5429506897926331,-0.00153772619087244,0.4828128457069397,0.48958519697189323,-0.0035900900140404205,0.4780114710330963,0.447054797410965,-0.006024784035980641,0.4638660192489624,0.4240558326244354,-0.007417386956512901,0.5117245435714722,0.45072093605995184,0.00219565082807088,0.5305440664291382,0.44195449948310855,0.00118807889521118,0.5277089476585388,0.4616122841835022,-0.0011112018160929311,0.5210103392601013,0.4779133260250092,-0.0030605997540987797,0.5279118895530701,0.4631930530071258,0.00045689898543056014,0.5434167742729187,0.4585487782955169,0.00147169753909108,0.538873565196991,0.47620217204093934,-0.0006522766416310074,0.5339413762092591,0.4907313048839569,-0.00351683160406534,0.5415833115577698,0.48362039327621464,-0.0014674475980427496,0.5571270227432251,0.4737239122390747,-0.0022363539668731,0.5522326469421387,0.48744031190872195,-0.0024000052711926003,0.5458251357078553,0.5000754237174987,-0.0032326571759767,0.5527466654777526,0.5077323198318482,-0.0033145819790660804,0.5700794816017152,0.4795650541782379,-0.004531941516324861,0.5824218988418579,0.4635683357715606,-0.0039322992553934,0.5932040691375732,0.4495443820953369,-0.0035126214061165003
0.5106149792671204,0.5883677482604981,-1.3153286602118899e-07,0.49030421972274774,0.5421253919601441,-0.0016329899197444,0.4822336554527283,0.4890900373458862,-0.0038375590462237,0.47728738188743597,0.4465383291244507,-0.00635829102247948,0.46323846578598027,0.42324900031089785,-0.007804332487285121,0.5110122442245484,0.45010848641395573,0.00140388858271756,0.5294945716857911,0.4400058388710022,0.00041398966422999894,0.5268227934837342,0.45925199389457705,-0.0016287942555208712,0.5203649401664734,0.4755918145179749,-0.00341233818326142,0.5273130178451538,0.4626917541027069,-0.0002937591634691,0.5423896670341493,0.4562726736068725,0.00071050325641406,0.5379985928535462,0.47344521284103397,-0.0011451573231169856,0.5332356095314026,0.4881784975528717,-0.0038495597895234403,0.5410329699516297,0.4830350339412689,-0.0021368305431678403,0.5561475038528443,0.4715099811553955,-0.00289232367649668,0.5514166712760926,0.4846432387828827,-0.0029266858007758203,0.5451890230178833,0.4973996579647064,-0.00371259734965854,0.5522361755371094,0.5069303154945374,-0.0039007521700113604,0.5694092631340026,0.478227823972702,-0.00531367631629108,0.5816457509994506,0.4619081020355224,-0.00486215101554986,0.5922949433326722,0.44770001173019414,-0.00454621445387598
0.5106200575828552,0.5867900967597961,-1.267372425672875e-07,0.4901559293270111,0.54139324426651,-0.0017837851773947202,0.4817342162132263,0.4883654057979584,-0.00428863088600332,0.47630531787872316,0.44572401642799375,-0.007020053919404681,0.4620955228805542,0.4224877119064331,-0.0086278856731951,0.5096017837524414,0.4490391969680787,0.00026138181565324003,0.5285912156105042,0.43737769722938535,-0.0008183782993001012,0.5263360619544983,0.4565334796905518,-0.0025931837175448315,0.5200490117073059,0.4726765453815461,-0.00419157438445832,0.5259695649147034,0.4615175247192383,-0.0014039627043530402,0.5416115164756775,0.45319895148277284,-0.00046964298235254007,0.5375523805618287,0.4704418540000916,-0.0019130676246276782,0.5327014923095703,0.4852255046367645,-0.0043347437866031804,0.539907193183899,0.48155507445335394,-0.0031734090298413805,0.5552560329437256,0.4682563662528992,-0.0038968253880738604,0.5507960438728333,0.4812427759170532,-0.00366656091064208,0.5445146083831788,0.49403501152992246,-0.00432445346377784,0.5514292478561402,0.5049401819705963,-0.004867200087755881,0.5683567643165589,0.4755970776081085,-0.0063809333369135605,0.5804658532142639,0.4590503394603729,-0.005971939349546981,0.590856420993805,0.44460346102714543,-0.0057044735178351
0.5104001045227051,0.584385085105896,-1.2357293712739193e-07,0.489976042509079,0.5399426698684693,-0.0018046208657324,0.4811751186847687,0.48713031411170954,-0.004538945527747221,0.47522321343421936,0.4445779263973236,-0.0074461444281041,0.4608774483203888,0.4215879321098327,-0.00916260825470086,0.5078076958656311,0.4479956448078156,-0.0007451625657268199,0.527701234817505,0.43389232158660884,-0.002023213876236681,0.525837779045105,0.452891480922699,-0.0034799820743500604,0.5195518374443054,0.4685426235198975,-0.00482667773030694,0.5240638136863709,0.460305505990982,-0.0024376210523769,0.540598487854004,0.44901491999626164,-0.0018089075689203802,0.5369521260261536,0.4665139555931091,-0.002769858205647258,0.5319194555282593,0.48124092221260073,-0.00477635068818924,0.5382626295089722,0.4796594977378846,-0.00420364299789068,0.5540331482887269,0.4634040534496307,-0.00506412461400026,0.5499727487564087,0.47677888274192814,-0.0044056607875972405,0.5436704874038697,0.48979119062423704,-0.0047451308462768205,0.5502424955368043,0.5020886421203614,-0.0058893208391964,0.5667676329612732,0.47175385355949406,-0.00759435566142198,0.5786146998405457,0.4547766327857971,-0.007213194947689721,0.5886127352714539,0.4395725846290589,-0.006944371573626941
0.5102673053741456,0.5823704123497009,-1.2268440343632395e-07,0.4898318767547608,0.5387479424476624,-0.0016447190660983002,0.4806935369968415,0.486139839887619,-0.004464884055778341,0.4743181228637695,0.44353761076927184,-0.007425333280116259,0.4599104762077331,0.42071202397346497,-0.009130935836583321,0.5061353445053101,0.44707184433937075,-0.0014209737302735598,0.5265763759613038,0.43075193166732784,-0.0026324602964450414,0.5250704765319825,0.4497332274913788,-0.00369215528480704,0.5188309788703919,0.4650211930274964,-0.00477960049174722,0.5222957015037537,0.45909919738769533,-0.0031648987322114,0.539385187625885,0.44537397623062136,-0.0024718459462746605,0.5361294865608215,0.4631957471370697,-0.002920756258026758,0.5309683203697205,0.47790851593017575,-0.00457991808652874,0.5367208838462829,0.4778753995895386,-0.0049144444055855005,0.5527053117752075,0.4589896917343139,-0.00564296580851072,0.5490129709243774,0.47290620207786566,-0.00453192046843464,0.5426980018615722,0.48631975054740906,-0.00460828687064344,0.549148440361023,0.49949612021446227,-0.0065647817216813,0.5653533935546875,0.4683338940143586,-0.00830309167504306,0.5769561648368835,0.45102405548095703,-0.007869834639131962,0.5865572929382324,0.4351208090782166,-0.00756865208968514
0.5098230719566346,0.5788538575172424,-1.1869699676481107e-07,0.48947795629501345,0.5363715648651124,-0.0013780695851892,0.47999853491783145,0.48438355326652527,-0.00433813896961506,0.4730477392673492,0.4418699920177459,-0.00739521905779832,0.4587362170219421,0.41938843131065373,-0.009105104673653781,0.5036256492137909,0.44627761244773867,-0.0027496967813931397,0.5246152997016907,0.42557083964347836,-0.0039067813035216815,0.5238541960716248,0.44449973702430723,-0.00424113897606726,0.5178323149681092,0.45957427620887764,-0.00479790871031578,0.5196304678916931,0.4577537834644318,-0.004602457024157,0.5372944116592407,0.4393963336944581,-0.0038744741468690006,0.5348537921905517,0.45744870305061336,-0.003510590225414438,0.5296972990036011,0.47209188938140867,-0.0046061703935265,0.5343336343765259,0.4755024194717407,-0.006343118194490641,0.5504729628562928,0.45214107632637024,-0.0068895244970917195,0.5474982261657715,0.466621869802475,-0.00506248478777702,0.5413423776626587,0.4803406596183777,-0.00473606684245164,0.5473270416259766,0.49577453136444094,-0.00795801868662232,0.5630563259124756,0.4630990028381348,-0.009749301057308861,0.5743015050888062,0.4450993537902832,-0.00925438059493892,0.5833184480667115,0.4280275106430054,-0.008941586501896321
0.5091358900070191,0.5749024987220764,-1.1393301093676202e-07,0.4892247080802918,0.5340673327445984,-0.00151398389134552,0.4793589830398559,0.4824079394340515,-0.0048594759777188,0.4718128740787506,0.4398654639720916,-0.00823832573369138,0.45744976997375486,0.4178477704524994,-0.01021894328296178,0.5002746284008026,0.4452082931995392,-0.004657825268805,0.5227190017700195,0.41994857192039486,-0.0064114022068679005,0.5231394052505494,0.4394281685352325,-0.0064294165000319,0.5174317717552185,0.4543717980384827,-0.00665993345901366,0.5158530354499817,0.45591920614242554,-0.00664236750453706,0.5353608965873718,0.43272624015808103,-0.0067741372622549005,0.5341134428977966,0.45186715722084037,-0.00595713211223476,0.5288629531860352,0.4665526270866394,-0.00651802485808724,0.5308307886123658,0.4723837196826935,-0.0084732457064092,0.5483342409133911,0.44438473582267757,-0.009574458561837619,0.5462789416313172,0.45999701023101813,-0.00720676500350232,0.5401796579360961,0.47384188175201414,-0.0063816944137215,0.5445330142974854,0.49120802879333497,-0.010182992182671961,0.5597476005554199,0.45670049190521245,-0.01239738278090948,0.5706103086471558,0.4375199854373931,-0.0120023233816027,0.579076886177063,0.4186836361885071,-0.01173362452536816
0.5080027699470521,0.5704601168632508,-1.0806881931557658e-07,0.4885088026523591,0.5312268853187562,-0.00120746322791088,0.47854947447776797,0.4800453007221222,-0.00454253302887078,0.47098647952079775,0.43740419745445247,-0.0080296074971556,0.45697340369224543,0.41543128490448,-0.010131160542368822,0.4968494713306427,0.4437321245670319,-0.00542083699256178,0.5201467633247376,0.4133661687374115,-0.00782934455201026,0.5220165729522706,0.43335955142974847,-0.00768382772803302,0.5170823097229004,0.44861325621604925,-0.007624683063477241,0.5115200161933899,0.45352378487586975,-0.00776534602046008,0.5328955531120301,0.4250881671905518,-0.00885009197518224,0.533332347869873,0.44575803875923153,-0.00765688754618162,0.5285944819450379,0.46125050187110894,-0.0076563334092497205,0.5262646913528443,0.46874823570251467,-0.009963086433708641,0.545294439792633,0.4360117554664612,-0.01177431661635632,0.5447152256965637,0.4539754748344421,-0.00865016477182504,0.539393949508667,0.46917547583580016,-0.00704009132459754,0.5402427077293396,0.4864579260349274,-0.012039786949753701,0.5552412390708923,0.4496156930923462,-0.014638957194983902,0.5657005906105042,0.4291450440883637,-0.01409311871975654,0.5736606836318969,0.4086821377277374,-0.01363515164703126
0.5069371461868286,0.567021143436432,-1.0475852292302082e-07,0.48787913918495185,0.5292403459548951,-0.0009759757085703,0.4778968930244446,0.4782120645046234,-0.004360758420079901,0.4704070866107941,0.4353902041912079,-0.007995244953781299,0.45670734047889705,0.4133861005306244,-0.0102780565619468,0.49389796853065493,0.44212293624877935,-0.0063428102061152,0.5183985471725464,0.40830246806144715,-0.0093815283849835,0.5216971039772034,0.42898574471473694,-0.0091467036865651,0.5174421191215515,0.4446086704730988,-0.008855109196156221,0.5077682495117187,0.45112149715423583,-0.009036155045032461,0.5313302755355835,0.4192267954349518,-0.01090956674888726,0.5333302617073059,0.44140023589134214,-0.00936644035391504,0.5289610505104065,0.45757567286491396,-0.008871094789355941,0.5222534894943238,0.4655242741107941,-0.011581417731940699,0.5431175947189331,0.4298516511917115,-0.01401257570832964,0.5438479423522949,0.4499617993831634,-0.010248325392603841,0.5390908718109131,0.46617739796638485,-0.00797054562717672,0.5364227533340454,0.482626736164093,-0.014007945545017662,0.5513487339019775,0.44395981431007386,-0.016890963539481104,0.5615457892417908,0.42250833511352537,-0.016129441745579183,0.5691360712051391,0.40087436437606816,-0.015453037060797179
0.5058186531066894,0.5620331883430482,-1.0438215696240153e-07,0.4875510573387146,0.5258304119110108,-0.00032297851284964006,0.47783569693565375,0.4750303328037262,-0.0036497067660092803,0.4706289231777192,0.4322553992271423,-0.00744504388421768,0.4569943308830261,0.41058392524719245,-0.010048475861549321,0.4903988361358643,0.43946652412414555,-0.007370995078235821,0.5162864208221436,0.40177274346351627,-0.01126539921388026,0.5216721892356873,0.42293925285339357,-0.01105039939284318,0.5185900568962096,0.4386699855327607,-0.0105335944332182,0.5030505537986756,0.4476390540599823,-0.01071699280291792,0.5293719530105591,0.41224002838134766,-0.0137136145494878,0.5337016582489014,0.43618682622909544,-0.01191971031948918,0.530242395401001,0.4531692624092102,-0.01088308990001674,0.5170008420944214,0.46127005815505984,-0.013864646106958341,0.5405177354812621,0.42319322228431705,-0.01717146132141348,0.5432972192764283,0.44582539796829224,-0.01282389266416426,0.5395316362380982,0.4631921947002411,-0.009808304253965582,0.5311560869216919,0.47774645686149597,-0.016856588050723022,0.5456794857978822,0.43708460927009585,-0.020020672492682884,0.5554297924041748,0.41425400972366333,-0.01896461900323624,0.5625977516174316,0.3913137793540955,-0.01798995751887558
0.504788088798523,0.5565769672393799,-9.498428781284931e-08,0.4877801716327667,0.5210909962654113,0.00102045136736706,0.47867563366889954,0.47047445774078367,-0.0018415772356092602,0.47196226716041567,0.42818961739540107,-0.00556792744901028,0.4585523307323456,0.4065352857112885,-0.008436887711286482,0.4871389091014863,0.4358188092708588,-0.0070285174064337605,0.5140815615653992,0.396326756477356,-0.01162126306444402,0.5220266222953797,0.4154482007026672,-0.01187483798712486,0.5212164163589478,0.42964122891426093,-0.0115572594106197,0.4982392847537994,0.44338368177413934,-0.01138517428189512,0.5274428248405457,0.4069699883460999,-0.01522850338369604,0.5347652673721314,0.4300056159496307,-0.0136763891205191,0.5333282113075257,0.44635612368583677,-0.012620043568313082,0.511350166797638,0.4566809237003326,-0.015491685457527582,0.537826657295227,0.4174521863460541,-0.01950257979333396,0.5436374187469483,0.4394143044948578,-0.01520179267972704,0.5420130252838135,0.4562317132949829,-0.012038007192313639,0.5252137184143066,0.4729754865169525,-0.019349431991577102,0.5396452307701111,0.4309572339057922,-0.02269255444407458,0.5488580942153931,0.40673856735229497,-0.021507875993847802,0.5556142568588257,0.38291069269180295,-0.02044634260237216
0.5041030645370483,0.5507219791412353,-7.139096300790018e-08,0.48875303268432624,0.5151956856250763,0.00263652984285724,0.4805263996124267,0.46528010368347167,0.0006259094923734799,0.4746709823608398,0.4240711152553559,-0.0026495780562981993,0.46202343106269833,0.4023703336715698,-0.00540627185255284,0.48520789742469783,0.43157450556755067,-0.005053121666423941,0.5121982336044312,0.39207164049148563,-0.00968070724047716,0.522331976890564,0.40708431601524353,-0.01042012702673668,0.5241986989974976,0.4184484302997589,-0.01043786453083154,0.4947812020778656,0.4386527001857758,-0.0103944319300353,0.5253386259078979,0.40220627188682556,-0.014429770037531821,0.5356302738189698,0.4204826354980469,-0.01353589631617064,0.5375555396080017,0.4340435087680816,-0.012861303985118842,0.5067109227180482,0.451774400472641,-0.015436843596398762,0.5342766404151917,0.41255872845649716,-0.01937317922711368,0.5434440732002259,0.42948170900344845,-0.01566879320889708,0.5452593564987183,0.4423917889595032,-0.01294830683618782,0.5197260618209839,0.4679978013038635,-0.02015706114470954,0.5334635019302368,0.42599416375160215,-0.02297139316797252,0.5419119954109192,0.4012398421764374,-0.02153410278260702,0.5483013987541199,0.3773837506771088,-0.02041904106736182
0.5034566164016724,0.5435518860816956,-2.8688019604317107e-08,0.4907879173755646,0.5076597690582276,0.00430446670507076,0.4836367309093475,0.45936109423637395,0.00279996339231728,0.47869996428489686,0.4196299850940704,-0.00029086449649187956,0.46714226007461546,0.39775545597076417,-0.0032327095512300606,0.4848080456256867,0.4261769652366638,-0.0041931510204449,0.5121334314346314,0.3874657511711121,-0.0092564184684306,0.5249564170837403,0.39611177444458007,-0.01090615577995772,0.5305436730384827,0.403373658657074,-0.011670540552586279,0.49264011979103084,0.4335573613643646,-0.01065480830147856,0.523643434047699,0.396155196428299,-0.01531039513647552,0.5372062802314759,0.4069404900074005,-0.015503888577222763,0.5432282328605652,0.4165766060352326,-0.01564086116850372,0.5030964076519012,0.44708589315414426,-0.016687040776014263,0.5310617804527282,0.40678444504737854,-0.02081125304102892,0.5437483906745911,0.41595518589019775,-0.018218152411282024,0.5492329955101013,0.4237108170986176,-0.016451745107769943,0.5150002002716064,0.46324677467346187,-0.02230105884373184,0.5281638622283935,0.42208197712898254,-0.02525689266622062,0.5359663009643555,0.3972586035728455,-0.02436536066234106,0.542066776752472,0.37392363548278806,-0.0237948678433895
0.5066823363304138,0.5458589792251587,4.5553981742330056e-08,0.5017312824726105,0.5101487517356873,0.00128047810867424,0.4986675381660461,0.46219854354858403,-0.0010631325654685605,0.4967584669589996,0.42236118912696835,-0.0046253275824711,0.4902807652950287,0.39816917181015016,-0.00826767873950302,0.49212277531623844,0.42479902505874634,-0.0053259227657690405,0.515343177318573,0.3824083149433136,-0.01167897586710748,0.5275090575218201,0.3793904364109039,-0.0151584673672914,0.5340156555175782,0.3770254909992218,-0.01727020265534516,0.4944546759128571,0.43049284219741824,-0.01089635891839856,0.5199542164802551,0.38806906938552854,-0.01655949577689166,0.5324320912361145,0.38562750816345215,-0.018623958528041783,0.539078688621521,0.38465594053268437,-0.02007139995694156,0.49950577616691594,0.4438554227352143,-0.016443241946399165,0.5219475328922272,0.40055395364761354,-0.02142552100121968,0.533928668498993,0.39725154638290405,-0.020818771608173803,0.5402800261974334,0.3946424603462219,-0.02044471409171816,0.5061535894870758,0.46141162514686584,-0.021908903867006262,0.5148457467556,0.4214455604553223,-0.02559771500527854,0.5201569259166717,0.3959375619888306,-0.025418787822127302,0.5244935512542725,0.37234494686126707,-0.0253196284174919
0.5099609255790711,0.5497150540351867,1.2272991352091366e-07,0.5123730659484863,0.5140611290931701,-0.0021650201641023603,0.5131069600582123,0.46638448834419244,-0.005455505568534141,0.5140157401561737,0.4262132048606872,-0.00947562919463964,0.5128662168979645,0.39933987855911257,-0.01367912464775144,0.49998513460159305,0.42446830868721014,-0.00635248285252598,0.5189168334007264,0.3788169026374817,-0.01376984626986084,0.5297671437263489,0.36434178352355956,-0.018969959206879078,0.5366995096206665,0.3526114225387573,-0.02242180565372104,0.49723516106605525,0.4285084784030915,-0.010727880802005482,0.5166580438613892,0.38110833764076235,-0.01706402339041228,0.5272844195365906,0.36517013311386104,-0.020900311321020083,0.534014368057251,0.35346685647964476,-0.023704705014824825,0.4971565902233124,0.4416552066802978,-0.015534546039998483,0.5132562994956971,0.3948217868804932,-0.021119162440299922,0.5237923860549928,0.3786706328392029,-0.02244198415428396,0.5305832147598266,0.3655612289905548,-0.0235303787514567,0.49875369071960446,0.46062556505203245,-0.02063626497983928,0.5033043742179871,0.4220284700393677,-0.02506083473563188,0.5063087463378906,0.39623413681983954,-0.025673360750079123,0.5089340329170228,0.37251906991004946,-0.02612535394728182
0.5134364843368531,0.55447918176651,1.877429275154441e-07,0.5226449131965638,0.5195185780525208,-0.00637206546962262,0.5269660890102386,0.47187439203262327,-0.010952210891991842,0.5306563913822174,0.43101536631584164,-0.015608392562717201,0.534536874294281,0.40180146098136904,-0.020394698577001682,0.5085976839065552,0.42378401160240176,-0.00799155004788188,0.52350914478302,0.3752348184585571,-0.01651922822929918,0.5320808172225953,0.3520313620567322,-0.023264399915933542,0.5380404233932495,0.33265196084976195,-0.027878942061215578,0.5010666966438293,0.42633628845214844,-0.0107625014148652,0.5142873167991638,0.37384458780288693,-0.01794240251183504,0.5219626426696777,0.3473082840442657,-0.02331117037683722,0.5274916887283325,0.326584929227829,-0.027125716023147062,0.49606136083602903,0.43938223719596864,-0.014470442384481383,0.5055830597877503,0.38963155746459965,-0.020881977304816182,0.513362729549408,0.36398388147354127,-0.023772281594574403,0.5192710399627686,0.3424010992050171,-0.02586249541491266,0.4927797317504883,0.459991955757141,-0.0189035695046186,0.49301019906997684,0.4229089617729187,-0.02420043200254434,0.49383750557899475,0.39739740490913394,-0.025461826473474464,0.49487778544425964,0.3738008558750152,-0.02622129991650578
0.5170432567596436,0.5606116771697998,2.3685908701054362e-07,0.5325932681560517,0.5259954035282135,-0.01061993371695278,0.5404643416404724,0.47781243324279793,-0.01666066804900762,0.5466279804706573,0.4358426451683044,-0.0221576935611665,0.5549568057060241,0.4043387293815613,-0.02774032191373406,0.5174208879470825,0.42407378554344183,-0.01066860700957472,0.5285438299179077,0.37135045528411864,-0.0206499071791768,0.5347429037094117,0.34099597334861753,-0.02880255486816162,0.5391919612884521,0.3152464866638184,-0.0343876596540212,0.5053225874900817,0.42553983330726625,-0.01186603307723994,0.5127698540687562,0.36753779053688046,-0.020125967636704382,0.517030143737793,0.3335267066955567,-0.026673630997538538,0.5199864029884338,0.30576522946357726,-0.031274203211069065,0.49570825695991516,0.43883163332939146,-0.0144745564088225,0.49949666857719427,0.38564476966857913,-0.02213893197476858,0.5037497520446778,0.3540618181228638,-0.02629002034664148,0.5073516309261321,0.3270522773265838,-0.02909603714942928,0.48784036040306095,0.46138927936553953,-0.018188360333442642,0.4843387842178345,0.4248762965202332,-0.02489712834358208,0.48324973583221437,0.3991620421409607,-0.02702985182404514,0.4826730787754059,0.3753399789333343,-0.02818844281136986
0.5214670062065125,0.5679035186767578,2.679192448340473e-07,0.542177951335907,0.5336423993110657,-0.01523347459733482,0.5532595396041871,0.4841065704822541,-0.02250884287059302,0.5613800764083863,0.44074609875679016,-0.028566762804985005,0.5734911441802978,0.40738725662231445,-0.03458262458443636,0.525791895389557,0.4259782493114471,-0.01258361339569086,0.5321963191032411,0.3690328896045685,-0.023292675986886002,0.5348087430000306,0.33348374962806693,-0.032279369980096756,0.5362437844276428,0.3022550106048584,-0.03844112828373902,0.5096997141838073,0.42582607865333555,-0.01179541349411006,0.5109628081321715,0.36397607922554015,-0.020371359959244658,0.5106264591217041,0.3242284059524536,-0.027727561816573123,0.5099034547805786,0.28968357443809506,-0.03287752568721768,0.4960254549980163,0.43882514834403996,-0.012936892919242361,0.49368438720703123,0.38390504121780394,-0.02128189429640764,0.4933834552764893,0.34756230711936953,-0.026468264311552,0.49390074610710144,0.3152839422225952,-0.0298470593988895,0.4839485228061676,0.46306545138359073,-0.01559229344129558,0.47625191807746886,0.42723751068115234,-0.02299131080508226,0.4730282664299011,0.4013240337371826,-0.02542108260095116,0.4707452356815338,0.3770138561725616,-0.02660680972039696
0.522018587589264,0.5657181739807129,2.674403447144869e-07,0.5428541541099549,0.5312644958496093,-0.015155090019106822,0.5541342616081238,0.4816442489624024,-0.022319867834448778,0.5621026515960694,0.4384772181510924,-0.028282655403017963,0.5740058064460755,0.405407190322876,-0.03421639576554292,0.5264483213424683,0.42386311292648315,-0.012505877390503819,0.5325742602348328,0.36716687083244326,-0.02308859862387176,0.5349463820457458,0.3317203223705291,-0.031989902257919256,0.5361685991287232,0.3005369305610657,-0.0381276108324527,0.5101212024688722,0.4240815043449402,-0.01174361966550344,0.511149787902832,0.3624494194984436,-0.020248276740312498,0.5105729699134827,0.3227009415626526,-0.027629414945840803,0.5096427440643311,0.28805568218231203,-0.032829866558313346,0.496318769454956,0.43736062645912166,-0.012893225438892823,0.493771493434906,0.3826215207576752,-0.02124866247177118,0.4931411981582642,0.3462399125099182,-0.026595248281955683,0.49337646961212156,0.31390299201011657,-0.030108550935983622,0.4841774344444275,0.4618257462978363,-0.0155323792248964,0.47618352770805356,0.42632295489311217,-0.02303017042577262,0.4726704776287079,0.4008258283138275,-0.025590144097804985,0.4701559960842132,0.37680630683898925,-0.026876242831349338
0.5227607369422913,0.5624587178230286,2.6513059196986434e-07,0.5437319874763489,0.5278880953788757,-0.014808053523302021,0.555153512954712,0.47820039391517644,-0.02179702185094354,0.5629521012306213,0.4351850152015686,-0.027663211151957485,0.5746193289756776,0.4022803783416748,-0.03352754041552538,0.5274650692939759,0.4207542836666107,-0.01226308979094022,0.5331445693969727,0.3643464207649231,-0.02266661748290056,0.5351276516914368,0.3289666593074798,-0.03137076571583744,0.5360233306884766,0.29804269075393675,-0.03741205334663385,0.5109239101409913,0.4213259458541869,-0.0117271834984421,0.5113671660423279,0.3598218560218811,-0.02009754218161098,0.5104048371315002,0.32020207643508913,-0.027379890158772423,0.5091592192649842,0.28585129976272583,-0.032519273459911326,0.4969744026660919,0.4349876761436462,-0.013069042563438382,0.4937154173851013,0.38027511835098265,-0.021456798911094598,0.492427659034729,0.34413909316062924,-0.026904479041695562,0.4921568512916565,0.3119970798492432,-0.03050029128789898,0.4847737014293671,0.45987411141395573,-0.015846033394336684,0.4760948002338409,0.4250653386116028,-0.023547096177935562,0.47219319343566896,0.4002947151660919,-0.026252767816185903,0.46952031850814824,0.376791912317276,-0.02762036435306068
0.5240913510322571,0.5588316559791565,2.617154507333908e-07,0.5449745297431946,0.5239168643951416,-0.014403925091028162,0.5563936114311219,0.4740436434745789,-0.0211283568292856,0.5639595508575439,0.43103846907615656,-0.026811147108674025,0.575229823589325,0.39799142479896543,-0.03249570131301874,0.528668248653412,0.41675497889518737,-0.01185892987996334,0.5338603615760803,0.36043584942817686,-0.02198569402098648,0.5354855537414551,0.32512257695198055,-0.030429860949516257,0.5360376358032227,0.2944881856441498,-0.03632128611207002,0.5118109464645386,0.4178018987178802,-0.01154534295201294,0.5114249944686889,0.356488299369812,-0.01960895992815488,0.5099140644073487,0.31722175478935244,-0.026682951673865266,0.5081750392913819,0.2835228562355041,-0.03169875927269457,0.497686105966568,0.43202178478240966,-0.013077348284423322,0.4932840228080749,0.3777151226997375,-0.02125428728759282,0.4911046862602234,0.3421681582927704,-0.026683818921446764,0.4901644945144653,0.3104865372180939,-0.03031777627766128,0.48546569943428036,0.45757213830947874,-0.01600918844342228,0.4758107602596283,0.42373839616775516,-0.02370853051543232,0.4714732646942139,0.39998686909675596,-0.026453948020935023,0.46864265799522403,0.37722077369689944,-0.027839110046625107
0.5256772518157959,0.5548101425170899,2.5769742251213756e-07,0.5462317824363708,0.5196877121925354,-0.014104059152305082,0.5572463512420655,0.46971598267555237,-0.02053006924688814,0.5644975304603577,0.42649718523025515,-0.02595784775912758,0.5752947688102723,0.39296624660491947,-0.031331165134906705,0.529491412639618,0.4122758865356445,-0.01130366865545506,0.5343151211738587,0.35623155236244197,-0.02116174697875968,0.535603678226471,0.3210096359252929,-0.029339378327131217,0.5358413696289063,0.29068881869316104,-0.03505718261003488,0.5123538017272949,0.4135084748268127,-0.011113589443266321,0.5111465334892273,0.3526207089424134,-0.01880674175918096,0.5090772986412049,0.3137318789958954,-0.025511876866221365,0.5068877577781677,0.280826199054718,-0.030248451977968185,0.4981874763965607,0.42815676331520075,-0.012783532589673961,0.49261750578880303,0.3746575832366943,-0.02072010040283196,0.4895248830318451,0.33994452357292176,-0.02599283047020432,0.48791262507438665,0.30887357592582704,-0.029534757509827564,0.48625319004058837,0.4543411493301392,-0.01585149914026256,0.4756303429603577,0.42231724858284003,-0.0235648453235626,0.4706123113632202,0.39973540306091304,-0.026331278309226006,0.46734986901283265,0.37762869596481324,-0.02768775597214694
0.5269312024116517,0.5516456246376038,2.5195694774993177e-07,0.5471586108207703,0.5163405776023865,-0.0137456282973289,0.5577287554740906,0.4662752389907837,-0.019936063885688762,0.5648290991783143,0.42283511757850645,-0.025178099423646884,0.5752692341804505,0.38876169323921206,-0.03032279610633844,0.5301039457321167,0.4083392798900604,-0.0108358765020966,0.5346684336662293,0.3524325013160705,-0.020460300892591404,0.5357258558273316,0.31742954254150385,-0.02838537022471422,0.5357452034950256,0.2876214265823364,-0.03392901271581644,0.5128550410270691,0.40972084999084474,-0.010834106244146761,0.5109011411666871,0.3490282952785492,-0.01817189939320082,0.5083876848220825,0.31069795489311214,-0.024504772573709425,0.5058061361312867,0.27885530591011043,-0.028951749578118285,0.4987357139587402,0.4248652517795562,-0.01269525233656164,0.49205194711685174,0.37180970907211297,-0.02039198577404016,0.4881491184234619,0.33796900510787964,-0.025514360889792406,0.4858982264995575,0.3075439572334289,-0.0289768081158399,0.4871287941932678,0.45182256698608403,-0.01594059914350504,0.4756742358207703,0.42135626673698434,-0.023681885004043564,0.47007713913917537,0.39963548779487607,-0.026499513909220666,0.4664218246936798,0.3779187142848969,-0.027853877097368182
0.528847885131836,0.5475163459777832,2.432958012832387e-07,0.5482954621315003,0.5115188360214233,-0.01315086185932154,0.5582779526710511,0.46138310432434076,-0.019129487499594665,0.565100634098053,0.4176643967628479,-0.024246647208929002,0.5748334765434265,0.3829779326915741,-0.02924603186547752,0.5308899044990539,0.4037651479244232,-0.010456569865345901,0.5348692297935487,0.3478875756263733,-0.01992302872240536,0.5355781078338624,0.31309104561805723,-0.027631690353155082,0.5353260397911072,0.2838239371776581,-0.033007892221212344,0.5136117577552796,0.4053618609905243,-0.010775623284280242,0.5106359481811523,0.34467146396636966,-0.01780412457883354,0.507567858695984,0.3068847954273224,-0.023786828666925365,0.5045157551765442,0.2761038839817047,-0.027980927377939183,0.4995713472366333,0.4208997547626495,-0.012924287840723941,0.4916497468948364,0.3682397782802581,-0.020389419421553562,0.48704069256782534,0.33518335223197937,-0.025389910489320704,0.48428731560707095,0.3054599165916443,-0.028820495307445463,0.4883075892925262,0.4484728813171387,-0.016413463279604842,0.4754700958728791,0.41971698999404905,-0.024147593230009062,0.46918197870254513,0.39911022186279294,-0.026992796361446345,0.4651577055454254,0.3782268464565277,-0.02835005521774286
0.5313844442367553,0.5432804584503174,2.368153474208157e-07,0.5495822548866272,0.5061053454875946,-0.012754528224468181,0.5585868239402771,0.4558680593967438,-0.0185534060001373,0.5648776292800903,0.41186990141868585,-0.023526507243514003,0.5737902283668518,0.37650896310806276,-0.02829776704311366,0.5312863469123841,0.3994801104068756,-0.010047966614365522,0.5347804665565491,0.3433452367782593,-0.01931634023785584,0.5352929592132569,0.30873285531997674,-0.026816374436020786,0.5349614977836609,0.2796285152435303,-0.032023094594478566,0.5141841530799866,0.40148903131484986,-0.01047275159507984,0.5103605270385743,0.34128319621086123,-0.01723603010177608,0.5068614006042481,0.3037964701652527,-0.023001454398035942,0.503511369228363,0.27329593300819394,-0.02707780785858626,0.5003721177577973,0.41733482480049133,-0.012718171626329381,0.4918472170829773,0.3663531899452209,-0.0199477724730968,0.48718341588974,0.33377189636230464,-0.024906287714838923,0.48446236252784725,0.3042997539043426,-0.02836465202271932,0.4895745515823364,0.44523134827613836,-0.016291487216949382,0.475757360458374,0.41856002211570736,-0.023920695483684522,0.4684870779514313,0.39901185035705566,-0.0268393792212009,0.46344541311264037,0.3787481904029846,-0.028280316665768565
0.5345086455345154,0.5398650288581848,2.2704981006427266e-07,0.5510505676269531,0.5002843976020813,-0.011942529492080162,0.5583524942398072,0.44954580068588257,-0.01760894283652302,0.5638549089431762,0.4054527163505554,-0.022627675533294624,0.5717391848564148,0.36934834718704224,-0.027439028769731477,0.5312481880187988,0.3979707837104797,-0.010069280117750101,0.5341368436813355,0.34154023528099064,-0.01972612217068666,0.5345905303955079,0.30698773860931394,-0.027317059040069522,0.534483277797699,0.2771699786186218,-0.032550485432147926,0.5150902390480041,0.40035211443901064,-0.01106445789337154,0.5104078888893128,0.3409006118774414,-0.01851938776671882,0.506849753856659,0.3031088411808014,-0.024631005898117963,0.503712511062622,0.27158396840095517,-0.028942110389471,0.5020196676254273,0.41615975499153135,-0.013833702728152241,0.4930627703666687,0.3679714262485504,-0.021799635887145966,0.48934885263442995,0.33511019945144654,-0.027198080345988224,0.4875854432582855,0.30487629771232605,-0.030883086472749663,0.4919908940792084,0.44352908134460456,-0.01783926337957374,0.47694866061210633,0.41835062503814696,-0.0259437125176191,0.46837679147720335,0.39909481406211855,-0.029277193918824142,0.46199617385864256,0.378804087638855,-0.031091706082224786
0.53713139295578,0.5371103048324585,2.2004596473834685e-07,0.5521358966827392,0.4952511966228485,-0.011127584427595082,0.5581085562705994,0.444133859872818,-0.01673336587846274,0.5629150867462158,0.40021179914474486,-0.021886878833174667,0.5699584364891053,0.3636801242828369,-0.02685101106762882,0.5312963008880616,0.3972985804080963,-0.010126718319952419,0.5335674643516541,0.34054209589958195,-0.02015608325600618,0.5339721441268921,0.3059604942798614,-0.027860816940665202,0.5340483903884887,0.2753814578056335,-0.03314489498734468,0.5160209894180299,0.4001234889030456,-0.0117063237354159,0.5106486558914185,0.3413805544376373,-0.01989647112786766,0.5071554899215698,0.30320116877555847,-0.02644572108983988,0.5042980313301086,0.2705585539340973,-0.031065609678626004,0.5035477936267854,0.41577827334403994,-0.014995762892067402,0.49434764385223395,0.37018613815307616,-0.0237194579094648,0.4918519198894501,0.33698329925537107,-0.02953442074358458,0.4912969648838043,0.3060910403728485,-0.03341848403215404,0.49401761293411256,0.44241582155227654,-0.01942292973399154,0.47787978053092955,0.4179203033447265,-0.027928388491272885,0.46836465001106264,0.39890150427818305,-0.03154877051711076,0.4610612511634826,0.3788300156593323,-0.03364462591707701
0.5399673819541931,0.5331833362579346,2.1215180652234274e-07,0.5531463503837586,0.48837053775787354,-0.009592746570706301,0.5574524998664856,0.4370072066783905,-0.015148084238171522,0.5612635254859925,0.3939457297325134,-0.020586737990379304,0.5668556571006775,0.3569414019584656,-0.025869298726320218,0.5308632016181946,0.39639659523963927,-0.01007268559187644,0.5319790482521057,0.3398792386054993,-0.02058024480938906,0.5322079420089723,0.30521417856216426,-0.028408260643482182,0.5325686931610107,0.27384234666824336,-0.0337154515087604,0.5171769738197327,0.3999989330768585,-0.012633562833070721,0.5117940545082093,0.34330083131790157,-0.021958369761705364,0.5091725707054139,0.304719877243042,-0.02917356677353376,0.507477617263794,0.27069464325904846,-0.034240764379501284,0.505753254890442,0.41547924876213077,-0.01676242388784882,0.4966910719871521,0.3728868722915649,-0.026608388870954482,0.49658476114273076,0.3398059129714966,-0.03286053277552122,0.49840447306633,0.30887340307235717,-0.03690618723630902,0.497095263004303,0.4409992039203643,-0.021837387979030537,0.4793372511863708,0.4172131359577179,-0.030815313383936824,0.468578964471817,0.3981584131717682,-0.03471740521490568,0.46027853488922116,0.37826467156410215,-0.03714578486979002
0.5429578304290772,0.5283609509468079,2.018590095076434e-07,0.5539574384689331,0.4804739117622375,-0.00751496471930288,0.5559170603752137,0.42903128266334534,-0.01260931883007282,0.5584015846252441,0.38714470267295836,-0.01802549790591,0.5628142595291138,0.3501910209655762,-0.023335357941687063,0.5290932297706603,0.3942161023616791,-0.0087970077991485,0.5295797228813172,0.3396827340126038,-0.01949562989175314,0.5305119514465332,0.3055102705955505,-0.02739767916500566,0.532260262966156,0.27435348033905027,-0.03273578509688372,0.5174795150756837,0.39906033277511593,-0.012631924450397462,0.512266516685486,0.34492334723472595,-0.022960905358195262,0.5126064777374267,0.30708363652229304,-0.03086809106171126,0.5143166542053222,0.2739316880702972,-0.03633510731160634,0.5077429175376893,0.4149506568908692,-0.01792692672461268,0.49989086985588077,0.37517300248146057,-0.02897261232137676,0.5039382040500642,0.34311914443969727,-0.03595273271203036,0.50948925614357,0.31383158564567565,-0.040332370623946165,0.5006363213062287,0.4397997558116913,-0.02392843328416342,0.4818504273891449,0.41712563633918764,-0.03369314782321446,0.4698537349700928,0.3977380096912384,-0.038478915765881486,0.46031678318977354,0.37769836783409116,-0.04168640039861196
0.5449315547943115,0.5239357709884643,1.749690312635721e-07,0.5538349628448487,0.47283146381378177,-0.00603477575350546,0.5535526394844056,0.4208615064620972,-0.0106081799603998,0.5545025706291199,0.38048700690269466,-0.015742922388017163,0.5577991843223572,0.34536307454109194,-0.020764354616403545,0.5274611115455627,0.3897069633007049,-0.00705253400374198,0.5282321453094483,0.3387316524982453,-0.01745123974978918,0.5312515735626222,0.3078609585762024,-0.025267778895795318,0.5355326652526856,0.27968181371688844,-0.03052238896489138,0.5179537892341614,0.39625588059425354,-0.01148641621693966,0.5143783807754517,0.3452799379825592,-0.022752440720796543,0.5188954472541809,0.311885643005371,-0.0312889795750379,0.5246902942657471,0.2833109438419342,-0.03682439923286432,0.5099500417709351,0.41296789050102234,-0.01728807333856818,0.504116451740265,0.3751169502735138,-0.02937311232089992,0.5125646710395814,0.3456706881523132,-0.03701194673776622,0.5218160510063172,0.319745272397995,-0.04148527085781094,0.5042999625205994,0.4375653862953186,-0.0235765283927321,0.484500241279602,0.41597750782966614,-0.033682208880782064,0.4714597105979919,0.3966868281364441,-0.039110619574785184,0.46087245941162114,0.3766635835170746,-0.0428574420511722
0.5457557082176209,0.5201198339462281,1.525120666201474e-07,0.5531887531280518,0.46715736389160156,-0.00506297715473914,0.5514031529426575,0.4150478363037109,-0.00916667096316808,0.5511156797409058,0.375914478302002,-0.013925415091216541,0.5536460041999818,0.3427921891212463,-0.018518846668302984,0.52592511177063,0.38452790379524227,-0.005144759314134661,0.5272042393684387,0.337080991268158,-0.0148537423461675,0.5322458863258362,0.30947055816650393,-0.022403144091367684,0.5389014959335328,0.28489447832107545,-0.027455915510654398,0.5179496884346009,0.3925838649272919,-0.009711011312901942,0.5162498474121094,0.3442598283290863,-0.0212059892714023,0.5247471928596497,0.31556951999664307,-0.029965505003929083,0.5343328356742859,0.29230206608772275,-0.0353208407759666,0.5112438917160035,0.4101847589015961,-0.015588808432221383,0.5076770067214966,0.37274459004402166,-0.02798162624239916,0.5197352766990662,0.34613476991653447,-0.03591191396117206,0.5319254279136658,0.3240887105464935,-0.0403351284563541,0.5066955983638763,0.4350093960762024,-0.021803449466824505,0.486441969871521,0.41472065448760986,-0.031820722669362964,0.47279860377311705,0.3957975924015045,-0.037642656266689264,0.4615323722362519,0.3760273516178131,-0.04171439260244364
0.545473325252533,0.5165199160575867,1.1879302164174989e-07,0.5471565961837769,0.46393896937370305,-0.00454585694242264,0.5414212584495545,0.41305068135261536,-0.008393047377467102,0.5368365585803986,0.3776644587516784,-0.01307026911526916,0.5352681636810304,0.3475729048252106,-0.0175218744203448,0.5246605992317199,0.3789633452892303,-0.0034357931697740597,0.5272254943847656,0.33558469414711,-0.013194182701408801,0.5352769255638123,0.31307841539382936,-0.021129602566361382,0.5450707077980042,0.2948437094688416,-0.026351055502891498,0.5193840265274048,0.3886050522327423,-0.00812447797507044,0.520604956150055,0.34366374611854555,-0.02047035545110696,0.5334295272827149,0.32130880355834956,-0.030038849264383265,0.5467542529106141,0.3051227331161499,-0.035673838108777965,0.5143328785896302,0.4072841286659241,-0.014165342785418,0.5136054158210754,0.37018038630485534,-0.027661360427737182,0.5291560769081116,0.3492563486099244,-0.036468828469514804,0.5437775373458863,0.33412957191467285,-0.041051769256591764,0.5105261325836181,0.43207026720047,-0.020397748425602883,0.490475457906723,0.4128545403480529,-0.031158355623483604,0.47670195102691654,0.3950312077999115,-0.03796433433890341,0.46553254723548887,0.3770582318305969,-0.042618816345930045
0.5442777276039124,0.5140108942985535,7.773532351151859e-08,0.5416827917099,0.4600686311721802,-0.0016055067302658997,0.534594190120697,0.4087941169738769,-0.004435933381319001,0.5288015305995941,0.37384322881698606,-0.0088091354817152,0.5257623672485352,0.3446426331996918,-0.01309677916578946,0.5231504797935487,0.37407136559486387,-0.00109672769904134,0.5289301037788391,0.33471355438232425,-0.010962345078587463,0.5410356402397156,0.31883329749107364,-0.01914103962481016,0.5541318416595459,0.3083869218826294,-0.024415998533368063,0.5194507956504822,0.3851176381111145,-0.00737496037036176,0.5249335050582886,0.342546808719635,-0.02041349038481706,0.5426280975341797,0.32828081846237184,-0.030301191657781563,0.5592226147651673,0.32123928666114804,-0.0358560778200626,0.5155778050422669,0.4046982765197754,-0.014788904227316341,0.5192676663398743,0.3673808395862579,-0.028639572486281344,0.5381261110305786,0.353034794330597,-0.037625932693481405,0.5543765902519227,0.3453481376171112,-0.04213479310274121,0.5123883366584778,0.4294268369674683,-0.022139249369502022,0.4949229180812836,0.41023694872856137,-0.0330489113926887,0.4827962815761566,0.39376521110534674,-0.040302451699972125,0.4730382800102234,0.3780786514282226,-0.04522174745798104
0.5409981131553651,0.5135885715484619,2.285079707675664e-08,0.537015438079834,0.45835892558097835,-0.00044404007494449965,0.5294647693634034,0.40617845058441165,-0.0025497979484498195,0.5226056158542634,0.3718643069267273,-0.006476199580356479,0.5177688360214234,0.34344865679740905,-0.010191406798548961,0.5217980742454529,0.36993369460105896,0.00075004352256656,0.533233904838562,0.3362441122531891,-0.00905563496053212,0.5486330270767212,0.32936385273933416,-0.017033653706312123,0.5632856965065003,0.32761152386665343,-0.02188460733741516,0.5189915776252747,0.38166836500167844,-0.0057111825328319795,0.5311567902565003,0.34510523080825806,-0.019076345115899982,0.5513004302978516,0.3398861229419708,-0.02871265746653076,0.568251097202301,0.3412910461425781,-0.033669481799006425,0.5159043550491333,0.4020346343517303,-0.01325754337012764,0.5247710704803468,0.3674242317676544,-0.027416307851672123,0.5451069116592407,0.36051210165023806,-0.03591605201363558,0.5611381530761719,0.359674996137619,-0.039555813372135123,0.5132508754730225,0.42659438848495485,-0.02061005197465414,0.4987609624862671,0.407676088809967,-0.03147143200039858,0.4878761649131775,0.3926466107368469,-0.03844313621520994,0.4788498938083649,0.37880516052246094,-0.04279862493276588
0.5379247784614564,0.5139497637748719,-1.5786388107841275e-08,0.5329300761222839,0.4579852879047393,0.0012448003515601004,0.5252601265907287,0.4053610801696778,-0.00022941203787921974,0.5178144395351411,0.37138915061950684,-0.003988623712211859,0.5112576127052307,0.3421642005443573,-0.007517224084585862,0.5203370094299317,0.36882926821708684,0.00193367053288964,0.536583149433136,0.33948109149932865,-0.00839602015912526,0.5538885712623596,0.3388497412204743,-0.01643689144402738,0.568874180316925,0.34319301843643185,-0.02105266302824014,0.5181637287139893,0.38060976862907414,-0.0054003056138753405,0.5357205033302307,0.34906191825866695,-0.01917817108333106,0.5571189761161804,0.34929974675178527,-0.028616567328572245,0.5736817955970764,0.3558336138725281,-0.033283168077468825,0.5156859874725342,0.40133302807807925,-0.01374520584940906,0.5287922024726868,0.3691893458366394,-0.028354478999972302,0.5500348210334778,0.36815532445907595,-0.036416082829236925,0.5655670881271362,0.3726474344730377,-0.03941939845681187,0.5135353088378907,0.42540063858032234,-0.021745076589286257,0.5019913017749786,0.40603660941123965,-0.03299726583063596,0.49254407882690426,0.3917648017406464,-0.03986676484346389,0.48463869094848633,0.3795937836170196,-0.04383630454540244
0.5339912176132202,0.5112335860729218,-6.54530809107712e-08,0.5277685046195985,0.4564669907093048,0.0029778736643492803,0.5199264883995056,0.4041373372077942,0.0020670471712946805,0.5117908775806428,0.3705012798309326,-0.00136003261432054,0.5031887292861938,0.34122269749641415,-0.00449440876254808,0.5185948848724364,0.3684948384761811,0.00198297708993776,0.5403799772262574,0.3436069548130036,-0.00845894347876304,0.5587031841278076,0.35125766992568974,-0.015935842506587482,0.5728163361549378,0.3637424707412719,-0.01977344248443836,0.5176174044609071,0.380709171295166,-0.00580287901684636,0.5414770841598511,0.3533225774765015,-0.01933333761990066,0.5628867149353027,0.3611032545566558,-0.027823660150170303,0.5777959108352662,0.3745493352413177,-0.031693208590149825,0.5162897348403931,0.4015588998794556,-0.01435414738953108,0.534838891029358,0.37115632891654965,-0.028571993857622126,0.5557557344436647,0.37701282501220706,-0.035654830187559064,0.5695551633834839,0.38790732622146606,-0.03775182813405986,0.5152409195899963,0.42441965341568,-0.02233876287937158,0.5075242400169373,0.40346091985702515,-0.03323570750653738,0.49980121254920956,0.3893762230873108,-0.03953608758747576,0.4930559813976288,0.37885066270828244,-0.042849156633019365
0.5305582761764527,0.50657497048378,-9.69156226382495e-08,0.5259484052658082,0.4539067029953003,0.00512125818058844,0.5202867746353149,0.40084042549133303,0.004454898787662361,0.5153221607208253,0.3632963418960571,0.0014090419281274004,0.5076675355434418,0.33301264643669126,-0.00132051246473562,0.5152855157852173,0.37308861017227174,-0.00034141688374804023,0.540238094329834,0.3473028898239136,-0.010005432367324759,0.5575121641159058,0.3607722401618958,-0.01567891445010898,0.5688376307487487,0.3775635719299316,-0.01822516899555916,0.5157246351242066,0.38509767055511473,-0.00839688787236804,0.5430745005607605,0.3563073337078094,-0.0208036888390779,0.5626782536506654,0.3705117642879486,-0.026725128293037383,0.5747037529945374,0.3889994025230407,-0.028876550868153522,0.5161599516868591,0.4045390009880066,-0.016685130260884702,0.5378090023994446,0.37142892479896544,-0.028870857134461383,0.5572939991950989,0.3817193627357483,-0.033106218650937026,0.5688432335853577,0.3964232563972473,-0.03372211977839464,0.5171197891235352,0.42513064742088325,-0.0241923321038484,0.5133569121360779,0.40227260589599606,-0.03371706642210478,0.5072606801986694,0.3875698447227478,-0.038691338524222366,0.5009017288684845,0.37628855109214787,-0.04120948128402226
0.5270426869392395,0.5018603146076203,-1.4254893869747321e-07,0.5252574920654297,0.45401684045791624,0.0026513331569730995,0.5199232578277588,0.4026553273200989,0.0011226981412619202,0.5147010922431946,0.36549144387245175,-0.00166267878375946,0.5061767160892486,0.33753729462623594,-0.0036467735772020803,0.513096272945404,0.37446191906929016,-0.0043624647078104204,0.5419387340545655,0.35145844221115113,-0.01315522436052554,0.5573909044265747,0.371659916639328,-0.01715564150363204,0.5649844646453858,0.39275972247123714,-0.018399460799992037,0.5134918808937073,0.38477410078048707,-0.00983012868091458,0.5444106340408326,0.360052353143692,-0.020464538410305922,0.561216402053833,0.3809593677520752,-0.02371757775545116,0.5695673346519471,0.402385014295578,-0.024144648760557122,0.5147506594657898,0.40248169302940373,-0.01547910962253804,0.5397945880889893,0.37221563458442686,-0.02608705312013624,0.5572020888328553,0.3872643053531647,-0.02821116559207434,0.5659174203872681,0.4053074061870575,-0.02744379900395864,0.5171666502952577,0.4208075284957886,-0.020462272316217382,0.5147324442863465,0.3950865626335144,-0.029233065992593718,0.5082818150520324,0.3789658844470978,-0.0333806090056896,0.5007055521011352,0.3670310914516449,-0.035123995319008755
0.5247939229011537,0.4969191372394562,-1.6903611594898395e-07,0.5237494707107544,0.4544569194316864,0.00118101211264728,0.5186746835708618,0.40512999296188357,-0.0013045787345618003,0.513511323928833,0.3678878486156464,-0.0042190048843622,0.5045224726200104,0.3419165134429931,-0.006073935457970921,0.5119127631187439,0.3769969522953034,-0.00902437783079218,0.542003607749939,0.3534918189048767,-0.017324491403996882,0.5556326866149902,0.3774879157543182,-0.020108888484537565,0.5601903080940247,0.40095433592796326,-0.02051326036453244,0.5123830795288086,0.3857977986335755,-0.012885506963357262,0.5445447683334351,0.36118419170379634,-0.022197963669896063,0.5589941740036011,0.386707866191864,-0.02330506481230254,0.5644201040267944,0.40951499342918396,-0.022536513954400962,0.5141881465911866,0.4014057278633118,-0.01671285368502136,0.5409192919731141,0.37129606604576115,-0.025703885033726677,0.5562114715576172,0.3894299030303955,-0.02606299035251136,0.5624483346939086,0.409661865234375,-0.02448736503720278,0.5174465775489807,0.4172873616218567,-0.01994255967438218,0.5159097194671631,0.3879024147987366,-0.02787752263247964,0.5096169292926788,0.3703171908855438,-0.031349389627575844,0.5017186045646668,0.3580503880977631,-0.03269504941999906
0.5209566712379456,0.4902870535850525,-1.8922463311810137e-07,0.524535620212555,0.4553650796413422,-0.0011395547538995804,0.5229971885681153,0.4107417702674866,-0.004910384910181141,0.5197009563446046,0.37492642998695375,-0.008164090896025262,0.5109357178211212,0.3549489021301269,-0.010097580554429421,0.5133353471755981,0.3813850045204163,-0.014370219979900803,0.5428056240081788,0.3567403376102447,-0.0219881715252995,0.5532424092292786,0.3845791220664978,-0.023313095234334422,0.5537774562835693,0.4097986161708832,-0.0227556003257632,0.5119964718818665,0.3867803752422333,-0.016230519860982822,0.5438047766685487,0.3631719648838043,-0.023871491104364324,0.5546966671943665,0.3937296748161316,-0.0224751010537147,0.5561851859092712,0.4173025846481323,-0.02037131339311594,0.5125083088874818,0.3985578119754791,-0.017882851324975458,0.5393274545669556,0.36971894502639774,-0.025158986449241624,0.5515419602394104,0.39173347353935245,-0.02350939884781834,0.5545057177543641,0.41397846937179567,-0.02101303301751608,0.5149363696575165,0.41041049361228943,-0.01908510401844976,0.5137979686260223,0.3777620613574982,-0.025983315706253042,0.5076619744300842,0.3597417056560516,-0.02850183099508282,0.49943408966064456,0.347849577665329,-0.0293030228465795
0.5171886682510376,0.4870513677597046,-1.9486235487420346e-07,0.519610607624054,0.4557561218738556,-0.0031383173540234406,0.5185476839542389,0.4113155484199524,-0.008031682157888981,0.515497624874115,0.37512611746788027,-0.01198772233910854,0.5056718587875366,0.35639235377311707,-0.01450421325862404,0.5112079024314881,0.38180067539215085,-0.017013568989932483,0.5422822952270507,0.3577675521373749,-0.024591512978076883,0.5501877903938294,0.3877899408340454,-0.025601963326334902,0.5476308584213256,0.4119210720062256,-0.025030517950654002,0.5112603425979614,0.38675504326820376,-0.0179052580147981,0.5437540769577027,0.36556901335716246,-0.024982428923249186,0.5517448782920837,0.39903118014335637,-0.02245801277458662,0.5505713105201722,0.42196067571640017,-0.01982833445072168,0.5132709264755249,0.39784591197967534,-0.0186627224087715,0.5413652062416077,0.3714788734912873,-0.025453171506524062,0.5506908535957337,0.3971475422382355,-0.02219806835055348,0.5509695172309875,0.42035033702850344,-0.01877088900655502,0.5174451768398285,0.40917602777481077,-0.019206963106989824,0.5200439870357514,0.3752770841121674,-0.02575454674661158,0.5156099081039429,0.3592557370662689,-0.02718840613961216,0.5084308981895447,0.3487928926944733,-0.02719702571630474
0.5148806929588319,0.4866673946380616,-1.965997228126071e-07,0.5169309258460999,0.45576105713844295,-0.00553034655749794,0.5158859074115754,0.4105911552906036,-0.01126535478979344,0.5117649912834168,0.3756601095199585,-0.015752635151147804,0.501126229763031,0.35788517594337466,-0.0186032440513372,0.5106882452964783,0.3777868390083313,-0.017631208710372402,0.5449513912200928,0.35918534398078916,-0.0252054568380117,0.5507957816123963,0.3913640320301056,-0.02647520639002318,0.5459725856781006,0.41436530947685246,-0.02615360505878922,0.5108448505401613,0.383482700586319,-0.0174829259514808,0.5457824230194093,0.36921138167381284,-0.024093431234359683,0.5517463445663453,0.4040053367614746,-0.021542003005742983,0.548788344860077,0.4253403186798096,-0.01900020092725748,0.5135190010070801,0.39569349288940425,-0.017427594587206822,0.544567596912384,0.375892060995102,-0.024106292054057083,0.5516416668891907,0.4037628173828125,-0.020407157391309702,0.5498467326164245,0.42644955515861505,-0.01656911112368102,0.5189203321933746,0.40837436318397524,-0.017429970577359163,0.5242491543293,0.37474458217620854,-0.02338923700153826,0.5218098759651184,0.35947898030281067,-0.02385331764817234,0.5165749669075013,0.34936910271644595,-0.023068664222955663
0.5133553385734558,0.48642081022262573,-1.7593735037735312e-07,0.5126385807991028,0.45559496879577643,-0.00645218901336188,0.5112052261829376,0.40872907042503354,-0.012672170251607842,0.5066523551940918,0.37339042425155644,-0.01764208450913424,0.4950002133846283,0.3554247856140137,-0.02102393507957454,0.5097752809524536,0.3765506684780121,-0.01729376483708616,0.5451136469841004,0.3591830790042877,-0.02479417510330674,0.5487521529197693,0.3911370635032654,-0.026326129958033524,0.542341661453247,0.4115911066532135,-0.026408176869153942,0.511911678314209,0.3843269586563111,-0.01709897294640536,0.5471939802169801,0.37117400765419006,-0.023650351166725102,0.5507736206054688,0.40528128743171693,-0.02143288329243656,0.5464086294174195,0.4253270268440246,-0.01920641399919982,0.5162133097648621,0.39818124771118163,-0.017077842354774442,0.5479621171951294,0.37954045534133907,-0.023574493080377523,0.5524436473846436,0.4079333066940307,-0.019372726604342423,0.5487949013710023,0.4294352293014526,-0.01529725696891542,0.5231448948383332,0.4126144707202911,-0.01725861318409438,0.531971138715744,0.3812381327152252,-0.02253411486744878,0.532030737400055,0.36754919886589055,-0.022070712223649,0.5291031956672669,0.3572423934936524,-0.020739366859197583
0.5111570000648499,0.48706439733505247,-1.628467344971796e-07,0.5074887037277223,0.45620305538177497,-0.007451465725898681,0.505897605419159,0.4077380061149597,-0.01416337694972748,0.5011541485786437,0.3718899905681611,-0.01960257515311236,0.4885159313678742,0.3537770390510559,-0.02346410974860186,0.5090210437774658,0.3756267249584198,-0.017031969316303703,0.5453608393669128,0.35926802158355714,-0.024461622908711404,0.5464363098144531,0.3915018796920776,-0.026306274160742722,0.5380725860595703,0.40987958908081057,-0.026835067197680425,0.5135156750679016,0.3853523194789886,-0.016744334995746582,0.5489746570587158,0.3734514474868774,-0.023008281365036923,0.5498004913330078,0.40709899067878724,-0.0210902169346809,0.5437547683715821,0.42553886175155636,-0.01928160525858398,0.5196988940238954,0.4008164882659912,-0.01670214198529716,0.551863706111908,0.38377436995506287,-0.022908116877078943,0.5532298564910889,0.4127644538879395,-0.0181106477975845,0.5472349524497986,0.4329530239105224,-0.01381871420890088,0.5283568799495697,0.41708121299743656,-0.017018789798021263,0.5413343966007234,0.3874025166034699,-0.02166084162890908,0.5435115098953247,0.37635964155197144,-0.02008245475590228,0.5421701908111572,0.36712149977684017,-0.018058029562234842
0.5107967138290406,0.4906682431697846,-1.475716544518946e-07,0.4998860657215119,0.45695727467536923,-0.006571316020563181,0.494694471359253,0.4050138413906097,-0.013145907595753622,0.4880042910575867,0.36677892804145806,-0.018798550404608202,0.4738406956195832,0.34434480667114253,-0.02293431237339968,0.5058394551277161,0.3736750900745392,-0.014874190837144821,0.5439509510993957,0.3588875770568848,-0.02157812584191556,0.544348418712616,0.38981513977050775,-0.023374704457819424,0.5357496500015259,0.40618227124214173,-0.024229106865823222,0.5146962642669679,0.3867802381515503,-0.015445206686854339,0.5511816382408142,0.37513430714607243,-0.020947384461760483,0.5508214354515075,0.40666055083274844,-0.01940961275249716,0.5442566275596619,0.42380650639533995,-0.018160275556147062,0.5247210741043091,0.4053355753421783,-0.016214182041585402,0.5582503199577331,0.3883977890014648,-0.02156333997845644,0.5576740264892579,0.41620764136314387,-0.01643823925405736,0.5502519488334656,0.43453578352928157,-0.012330318428575942,0.5365949153900147,0.42534446716308594,-0.0173620413988828,0.5540897250175476,0.3983583152294159,-0.02140937931835648,0.5592401385307313,0.38857895135879517,-0.0192249424755573,0.560442042350769,0.37875488996505735,-0.016941535100340802
0.5110145449638368,0.49515087604522706,-1.334104069883324e-07,0.49872425198555,0.45997670888900755,-0.005868890834972201,0.4931327342987061,0.4082916915416718,-0.012282437644898843,0.48623189330101013,0.3695667207241058,-0.01785706896334882,0.47212222218513494,0.34700317978858947,-0.02189590558409686,0.5068047761917115,0.37600433826446533,-0.013795069046318501,0.5435255765914917,0.3606866717338562,-0.019494540058076344,0.5432082056999207,0.38933011293411257,-0.02084065750241274,0.5344192981719971,0.40435370802879333,-0.021699899621307802,0.5164743423461915,0.38936861157417296,-0.01462457962334154,0.5515410542488098,0.3767553448677063,-0.01878374051302666,0.550355327129364,0.40561313033103946,-0.0170993166044354,0.5432188272476197,0.4210147798061371,-0.01621543280780312,0.5270917534828187,0.4082142233848572,-0.015521758049726442,0.5591489791870117,0.39031967520713806,-0.019432472065091085,0.5574205160140991,0.41567084193229675,-0.014133127965033,0.5491616010665894,0.43212724328041074,-0.010546460282057482,0.5388768315315247,0.4293491542339325,-0.01678940765559668,0.55654376745224,0.4039024472236633,-0.0201241303235292,0.5632086873054505,0.39293356537818913,-0.01791248209774492,0.5660982728004456,0.38113979697227474,-0.015909953974187322
0.5103237867355348,0.49942951202392577,-1.306865598849072e-07,0.49722135663032535,0.46301574110984806,-0.0048899141605942805,0.49175320863723754,0.41174222826957707,-0.010948813520371862,0.48518629670143126,0.3725142478942871,-0.01640894375741478,0.47118746638298037,0.3501768171787262,-0.02038200423121448,0.507362961769104,0.3789164483547211,-0.012416278757154902,0.5427042841911316,0.36337552666664125,-0.01741106733679766,0.542121732234955,0.39046818017959595,-0.01849191300570958,0.5334694027900696,0.40513843297958374,-0.019348325021564902,0.5177891016006471,0.3920674860477447,-0.0137828594073653,0.5514627933502197,0.3792586326599121,-0.017020055465400162,0.5499170780181886,0.4063298523426056,-0.015356100350618322,0.5426003575325012,0.42088438272476203,-0.014798146672546818,0.5289244174957276,0.41092257499694823,-0.015139982663094962,0.559652841091156,0.39290565252304077,-0.0183124158531427,0.5572721600532532,0.41650926470756533,-0.01324732042849058,0.5486281156539918,0.43182112574577325,-0.01017028102651234,0.5406049609184265,0.4327073752880096,-0.016814511641859962,0.558536148071289,0.40806867480278014,-0.01996075622737404,0.5662293314933777,0.39711746573448187,-0.01794140897691246,0.5702992439270019,0.3853274285793305,-0.016217986308038182
0.5096330285072327,0.5037081480026245,-1.2796271278148197e-07,0.4957184612751007,0.4660547733306885,-0.00391093748621636,0.490373682975769,0.4151927649974823,-0.00961518939584488,0.48414070010185245,0.37546177506446843,-0.01496081855148074,0.47025271058082585,0.35335045456886294,-0.0188681028783321,0.5079211473464966,0.3818285584449768,-0.011037488467991302,0.5418829917907715,0.3660643815994262,-0.015327594615518981,0.5410352587699891,0.3916062474250793,-0.01614316850900642,0.5325195074081421,0.40592315793037415,-0.016996750421822002,0.5191038608551026,0.3947663605213165,-0.01294113919138906,0.5513845324516297,0.3817619204521179,-0.015256370417773661,0.5494788289070129,0.40704657435417174,-0.013612884096801241,0.5419818878173828,0.42075398564338684,-0.013380860537290519,0.5307570815086365,0.41363092660903933,-0.014758207276463483,0.5601567029953003,0.3954916298389435,-0.01719235964119432,0.5571238040924072,0.41734768748283385,-0.01236151289194816,0.548094630241394,0.4315150082111358,-0.009794101770967201,0.5423330903053284,0.43606559634208675,-0.01683961562812324,0.5605285286903381,0.412234902381897,-0.01979738213121888,0.569249975681305,0.4013013660907746,-0.01797033585608,0.5745002150535583,0.3895150601863861,-0.016526018641889042
0.509400749206543,0.5079499006271362,-1.1863625388741639e-07,0.4947766840457916,0.4688665330410004,-0.00272117364220316,0.48941835165023795,0.41853749752044683,-0.007978385873138842,0.48330834507942205,0.3784590005874634,-0.013144440390169581,0.46947347521781924,0.3565820455551148,-0.01696667149662968,0.5083946228027345,0.3854764997959137,-0.009399936161935261,0.5408279418945313,0.36974323391914365,-0.012838888913392962,0.5399845242500305,0.3929766058921814,-0.01326313335448496,0.531931746006012,0.4064185321331024,-0.014036905020475322,0.5202256798744201,0.3983829200267791,-0.01190198250114914,0.5508460998535156,0.3848957538604736,-0.01337274778634302,0.548838222026825,0.4079409122467041,-0.01174451150000092,0.5414669632911683,0.42104812264442437,-0.011745610646903461,0.532264268398285,0.417257159948349,-0.014229191839694942,0.5602245926856995,0.3983583271503448,-0.01593494359403846,0.5570282578468323,0.41824971437454217,-0.0114061672240495,0.5481606364250183,0.43134437203407283,-0.009329766687005721,0.5435543537139893,0.4401468932628631,-0.016739593818783722,0.5614853262901306,0.4175354182720184,-0.01938816905021664,0.5716537833213806,0.4056440830230713,-0.01788024567067616,0.5787945985794067,0.3926392138004303,-0.016826136969029862
0.5085386753082276,0.5126088500022887,-1.2036305747642474e-07,0.49370253682136533,0.47231296300888065,-0.0023832490900530796,0.48854426145553587,0.42154241800308234,-0.00739061944186682,0.4825099110603333,0.38142340779304507,-0.012365494109690161,0.4686986565589905,0.35975710749626166,-0.01604105513542886,0.5089362144470215,0.3893750250339508,-0.0086045673117041,0.5404677867889405,0.37369632124900815,-0.011929026804864361,0.5390692472457886,0.3959634125232697,-0.01253981627523892,0.5307921171188354,0.40923393964767457,-0.013436411321163102,0.5214039325714112,0.4028955698013306,-0.0111914442852139,0.550523340702057,0.3891086518764496,-0.0125533398240804,0.5479501962661744,0.4109153389930725,-0.011293728463351681,0.5405634760856628,0.42380211353302,-0.01157387457787986,0.5336993217468262,0.42217736840248105,-0.013585536368191202,0.56042959690094,0.4029399394989014,-0.0151822982355952,0.5568517446517944,0.4215958476066589,-0.011068446189165061,0.5480757117271423,0.43431684970855716,-0.009277384635061,0.5447596430778503,0.44529055953025815,-0.01611223556101318,0.5625404357910156,0.4225567996501922,-0.01855725646018978,0.573360824584961,0.41017217636108394,-0.017172627896070422,0.5814889311790467,0.39699347615242003,-0.016245240531861743
0.50820392370224,0.5170225739479065,-1.2380433815906146e-07,0.4929137349128723,0.47594187259674076,-0.0025873185833915403,0.48773605823516847,0.42494817972183235,-0.007547477632760941,0.4817467927932739,0.3845975816249848,-0.01244273409247394,0.4678904891014099,0.36291004419326783,-0.0160197319462895,0.5093430519104004,0.3936972796916961,-0.00856519378721708,0.5397981166839599,0.37805097699165346,-0.011863178014755203,0.5378790974617005,0.3997851848602295,-0.0124399591237306,0.5295353174209595,0.4129957020282745,-0.013255515880882663,0.5224630117416382,0.4078315794467926,-0.011039490252733179,0.5500239729881287,0.39399283528327944,-0.01258538961410516,0.5469313621520997,0.4148510754108429,-0.011606004834175081,0.5396068811416626,0.42765612006187437,-0.01200947295874352,0.5350172877311706,0.42744641900062563,-0.0133425764739513,0.5605473279953004,0.4078621566295624,-0.015215859562158561,0.5567125797271729,0.4255531728267669,-0.01158824414014812,0.5481668591499329,0.4379467129707337,-0.010018035396933519,0.5459586620330811,0.45046560764312743,-0.0157487321645021,0.5636703252792359,0.4277255773544311,-0.01825188286602494,0.5747099280357362,0.4154086828231811,-0.017076745815575063,0.5832701086997987,0.40231863260269163,-0.01628980487585064
0.5079236507415772,0.52051500082016,-1.2665064303973851e-07,0.4922651588916779,0.47852357625961306,-0.00263030577916646,0.48709639906883245,0.42773607969284066,-0.007485621608793682,0.48112356066703793,0.3872722744941712,-0.01226345859467978,0.46725734472274777,0.36541529297828673,-0.01568405050784346,0.5098449945449829,0.3973234772682189,-0.00827868897467846,0.5392214894294739,0.3814008593559265,-0.011365110427141143,0.5369415044784546,0.4025156915187836,-0.011735210381448221,0.528530216217041,0.41581417918205266,-0.012356257811188622,0.5235727787017823,0.41192179918289185,-0.0106253925710916,0.5495587587356567,0.3976013243198395,-0.01209141369909042,0.5460770249366761,0.4176896095275879,-0.011158928647637342,0.5388274431228638,0.4305633544921875,-0.0115728117525577,0.5363262057304383,0.43168955445289614,-0.012806126289069623,0.5606039404869081,0.4113532543182373,-0.014727105014026142,0.5565987944602966,0.4284275352954864,-0.01129873041063544,0.5482450008392334,0.4407933413982391,-0.00980599597096438,0.5471369624137878,0.45454548001289363,-0.015059081837534861,0.5649112343788146,0.43154166936874394,-0.01751913875341412,0.5759881138801575,0.41940163969993594,-0.01638557054102416,0.5845905661582947,0.40636004805564885,-0.015622174367308582
0.5074374914169312,0.525309181213379,-1.3285177260513595e-07,0.491394567489624,0.48220564723014836,-0.00262311350088562,0.4863122165203095,0.4317750930786133,-0.007338470127433481,0.48051112294197085,0.3910735726356507,-0.011987643316388082,0.466643089056015,0.368925005197525,-0.015249028801918,0.5105834245681762,0.4020075380802154,-0.0079010415822267,0.5385477900505067,0.3857998430728912,-0.010751465708017301,0.5357947945594788,0.40627019405364995,-0.010896224714815581,0.5273109674453735,0.4198664844036102,-0.011302576772868562,0.5249462366104126,0.41709921360015867,-0.01013053655624384,0.5490339279174805,0.4023770868778229,-0.01151462700217956,0.545031464099884,0.4216262221336365,-0.010649736784398522,0.5378409147262574,0.43472287058830267,-0.01108611747622484,0.5378979086875917,0.4370715856552124,-0.0121912637725472,0.5606995701789856,0.41606343984603883,-0.014204797148704502,0.5564627647399902,0.43246622681617736,-0.010994735546410062,0.5483504176139832,0.4448973834514618,-0.00957196746021504,0.5485410571098328,0.4598696708679199,-0.014285907149314842,0.5664407014846802,0.43657450675964354,-0.0167709100991487,0.5775869250297547,0.4247663080692291,-0.01567922960966822,0.5862895131111145,0.41196286678314215,-0.014909587986767262
0.5074463009834289,0.5310940980911255,-1.3802434182252912e-07,0.4908150792121887,0.48676635026931764,-0.00251495789270842,0.4856021761894227,0.4363958060741424,-0.0069829409010707805,0.4799287736415863,0.39535099267959595,-0.011420940794050642,0.46621466279029844,0.3728612422943115,-0.01443890538066622,0.5113281846046448,0.4072126507759094,-0.0073931470513343405,0.5375980257987977,0.39027224779129027,-0.00988932624459262,0.5344332695007323,0.410308963060379,-0.00973398545756932,0.5260187387466431,0.424432361125946,-0.009901123680174283,0.5260746121406555,0.4226936876773834,-0.009525571763515421,0.548230791091919,0.4072708964347839,-0.01076504979282612,0.5437628626823425,0.42580371499061587,-0.00995498076081272,0.5366959691047669,0.43938357830047603,-0.010423895530402601,0.5390537261962891,0.4429147124290467,-0.0114831073209643,0.5606343269348145,0.4208603203296662,-0.013548094406723962,0.5561789274215698,0.43664061427116396,-0.010652376152574982,0.5483218669891358,0.4494640171527863,-0.00940198414027686,0.549417245388031,0.46577067375183107,-0.013425887376069982,0.567423939704895,0.44234017133712766,-0.01601451504975552,0.5786898016929626,0.4305955708026886,-0.015153924934566,0.5876368999481202,0.4178838551044465,-0.01454165596514936
0.5073314547538758,0.5358097553253174,-1.407576860401605e-07,0.4902751684188843,0.49067137837409974,-0.00271972664631898,0.4851080358028412,0.4407017588615417,-0.007171544246375501,0.4795864701271057,0.39945335984230046,-0.011522811464965282,0.4658789992332458,0.3768477559089661,-0.0144208217039704,0.5119071006774902,0.4124734580516815,-0.0076865296810865,0.5367542624473572,0.3948111891746521,-0.009912740625441022,0.5331308484077454,0.41448329091072084,-0.00940784765407438,0.5247671484947204,0.42890492677688596,-0.00934253763407462,0.5270104050636292,0.428284353017807,-0.009591833129525142,0.547616720199585,0.41204777956008914,-0.010716062970459399,0.5426854252815246,0.42997072935104375,-0.00980053842067716,0.5358162164688111,0.4438602805137634,-0.01024002768099302,0.5400812983512878,0.4486399650573731,-0.01128899771720168,0.5606923460960389,0.4256386578083039,-0.01338528897613284,0.5558433651924134,0.44088175892829895,-0.010557636991143182,0.548112690448761,0.45400368571281435,-0.009357543662190382,0.5503045916557312,0.4714528262615204,-0.012951800785958742,0.5684285283088685,0.44764481782913207,-0.015647230669856023,0.5797797441482544,0.4358563959598541,-0.0148856073617935,0.5889284729957581,0.4231233537197113,-0.014344677701592402
0.5069021463394165,0.539572823047638,-1.44184008377124e-07,0.4897964596748352,0.49379048943519593,-0.0025708139874040603,0.48480761647224435,0.44404922723770135,-0.006922105792909801,0.47945674061775206,0.40269871354103093,-0.011168422363698421,0.465854686498642,0.38001177310943607,-0.013972699269652323,0.5123049497604371,0.4162320375442505,-0.007713432982563939,0.5361132621765137,0.39810144305229184,-0.00963003095239396,0.5322608947753906,0.41757928729057314,-0.00888035250827664,0.5240202188491822,0.4323162496089935,-0.008702298812568121,0.527535879611969,0.43214111328125,-0.00957783348858352,0.5471446633338929,0.41550195217132574,-0.01042761448770756,0.5419309377670288,0.43311583399772646,-0.00939667019993064,0.5352247714996338,0.4472526848316193,-0.00985376257449384,0.5406128883361817,0.45259332060813906,-0.011167504079639881,0.5606704473495483,0.42923900485038763,-0.01310394052416082,0.5555567264556884,0.4441669225692749,-0.01025710403919214,0.5478692293167114,0.45753455162048345,-0.00911450013518328,0.5507141351699829,0.4755069971084595,-0.012691768258810021,0.5689992547035218,0.45149456858634945,-0.015410148166120002,0.5804955959320068,0.43969075679779046,-0.01468067429959772,0.5898390054702759,0.4270280599594116,-0.014176123403012702
0.5066324949264527,0.5460348129272461,-1.4991879879744376e-07,0.489170628786087,0.4991290867328644,-0.0020580782904289206,0.4843141198158264,0.4491357564926148,-0.00601559253409498,0.4792729079723358,0.40735821127891536,-0.0099500349722802,0.46582903861999514,0.3844356179237366,-0.012473188154399342,0.5126288652420045,0.4211146593093872,-0.006868178024888,0.5350181818008424,0.4026533186435699,-0.00827737590298052,0.5309749126434327,0.422041779756546,-0.007302878238260681,0.5229443788528443,0.43736742138862605,-0.007010522810742201,0.5280349016189576,0.4370460271835327,-0.00876955026760692,0.5462989687919617,0.4201505064964295,-0.009104947838932221,0.5407782077789307,0.43745941519737247,-0.00797770642675456,0.5342170000076294,0.4520111918449402,-0.008470894489437301,0.5410987496376038,0.4576663136482239,-0.010341369826346602,0.5603378891944886,0.4340744256973267,-0.011931220628321122,0.5549723505973816,0.44863003492355347,-0.00918031539767974,0.5473607659339905,0.4624045133590699,-0.00818112269043918,0.5510717868804932,0.4807065010070801,-0.01179423481225964,0.5695636510848999,0.45626814365386964,-0.014395632408559261,0.5813125252723694,0.44425470829010005,-0.013740373961627462,0.5909783601760865,0.4316782057285309,-0.013314350321888862
0.5067703127861023,0.5520283699035644,-1.4852358276584712e-07,0.48885316848754884,0.5043174028396606,-0.0018375894404016,0.48401100635528566,0.4538878262043,-0.00560538722202176,0.4790299296379089,0.4116812586784363,-0.00939037362113588,0.46559446454048153,0.3883747696876526,-0.011782892234623359,0.512583863735199,0.4258976936340331,-0.00610121577046808,0.5342021942138673,0.40747275948524475,-0.0071510187350213,0.5301576972007751,0.42676512002944944,-0.006142699997872041,0.5222976684570313,0.4422552168369293,-0.0058830582071095205,0.5282342910766602,0.44189141988754266,-0.007999206520616961,0.5457637548446655,0.42480130195617677,-0.00791871994733806,0.5401817083358764,0.44190949797630313,-0.00679998449049886,0.5337410092353821,0.45668120980262755,-0.007393207587301701,0.5413968443870544,0.46269115805625916,-0.00955645116046068,0.5600713014602661,0.439048045873642,-0.01078578438609834,0.5545591115951538,0.45340281128883364,-0.00805342067033046,0.5469076991081239,0.467422342300415,-0.007159182801842641,0.5513920903205871,0.48587197065353394,-0.01098298840224738,0.5699439525604248,0.4608159780502319,-0.013309727236628481,0.5819562911987305,0.4483988106250763,-0.012581774033606023,0.5918776869773865,0.43563597202301024,-0.012168993614613943
0.5066385269165039,0.5569957375526429,-1.4722310766046577e-07,0.48855046629905696,0.5088204979896546,-0.0018011916312388801,0.48375919461250305,0.45822012424468994,-0.005610339902341321,0.47884109020233157,0.4156708836555481,-0.009425608161836801,0.46531434655189513,0.392037308216095,-0.011863685213029319,0.5124950766563416,0.4299934864044189,-0.005895090335980019,0.5336732745170594,0.4120277047157287,-0.006699796207249101,0.5296592116355896,0.43121839761734004,-0.00563509026542298,0.5219227194786071,0.44676765203475954,-0.00538428286090488,0.5284124612808228,0.44614406824111935,-0.0077726455405354,0.5455423712730408,0.4293206334114075,-0.00733177307993168,0.5399423837661743,0.44629347324371343,-0.00613607815466816,0.5335899472236634,0.46109175086021426,-0.00677856076508758,0.5417258262634277,0.46718775629997256,-0.00928050288930532,0.5599087238311768,0.444000118970871,-0.010153538733720721,0.5542680382728578,0.4582276701927186,-0.00726150525733822,0.5465503573417664,0.4722712576389313,-0.006364138517528721,0.5518318295478821,0.4905873775482178,-0.010664574429392759,0.5703620553016663,0.46485834717750546,-0.012676773779094161,0.5825368523597718,0.4521685779094696,-0.011711304448544941,0.5925626516342164,0.43925251960754397,-0.011184674873948041
0.5070106267929078,0.5613458156585693,-1.4579171931927705e-07,0.48849914669990535,0.5127303838729859,-0.0016292107640765402,0.48353467583656307,0.4618029832839966,-0.00535226967185732,0.47865053415298464,0.41883683204650884,-0.009130593109875861,0.4650605142116546,0.3948374152183533,-0.01155011225491756,0.5123252749443055,0.43295767307281485,-0.005257558217272119,0.5332633972167968,0.4154921233654022,-0.005840708035975621,0.5293702721595764,0.4347080171108245,-0.00479541514068834,0.5217315554618835,0.45038949847221377,-0.00458759902976448,0.5284279942512512,0.449142998456955,-0.0072010956704616005,0.5453640699386597,0.43261647224426275,-0.006458746083080701,0.5398405194282532,0.4495906710624695,-0.00526965721510344,0.5334942221641541,0.46451302170753483,-0.00597563274204728,0.5418359160423278,0.47039635777473454,-0.00878115380182858,0.5597172856330872,0.4475238680839539,-0.0093627562746405,0.5541305899620056,0.4617916524410248,-0.00642009098082774,0.5464211583137513,0.4759769141674042,-0.00555934943258758,0.5520404696464538,0.49401945471763614,-0.0102422317489981,0.570557451248169,0.46780565977096555,-0.011993261799216202,0.5828693270683288,0.4548393309116363,-0.01088696941733356,0.5929961919784545,0.4417862713336944,-0.0103086549788713
0.5072383522987366,0.5665250182151794,-1.461615909192915e-07,0.4883289992809295,0.5174876570701599,-0.0015912515460513401,0.48331384658813475,0.46640547513961794,-0.00525665739551182,0.4785379469394684,0.4231207966804505,-0.00903243785724038,0.46492301821708676,0.3986694395542145,-0.01146826092153782,0.5123085618019104,0.4371633470058441,-0.0046499765012412795,0.5327841520309449,0.4200373649597167,-0.005169986560940661,0.5289427399635315,0.4392332553863525,-0.004209714196622301,0.521428143978119,0.4551757097244263,-0.004050747817382161,0.5286038517951965,0.4533700227737427,-0.006616378203034341,0.5450999259948731,0.43709807395935063,-0.0057969539426266405,0.5395446538925172,0.45404647588729863,-0.00469519128091626,0.5332197904586793,0.46911808252334597,-0.00546951591968532,0.5420850992202759,0.47473650574684145,-0.00826000450178976,0.5595398545265198,0.4521374583244324,-0.0088244285434484,0.5539427280426026,0.4663041293621063,-0.00592119442299002,0.5462730169296265,0.48059753775596614,-0.005082902871072261,0.5523129105567932,0.49849939346313477,-0.00979419182986014,0.5707309246063232,0.47188971638679506,-0.011485697887837822,0.5831116557121276,0.4587419867515564,-0.01032373420894142,0.593323040008545,0.44565964341163633,-0.009714256040751901
0.5073869466781616,0.5699430823326112,-1.4385581721398923e-07,0.4883522510528564,0.5209326982498169,-0.00166731365025042,0.4832016587257385,0.47020526528358453,-0.0054447570815682,0.47834694981575016,0.42708143591880804,-0.0093096705153584,0.46480987071990965,0.40239679813385015,-0.0118391796946525,0.5124736666679383,0.4413832426071167,-0.0047870645765214805,0.532575535774231,0.42447064518928523,-0.005220364872366101,0.5287813544273376,0.4432432889938354,-0.00417275126092128,0.5213506698608399,0.4590828239917755,-0.00397169934585684,0.5288247823715211,0.45764076709747314,-0.006716922484338222,0.5449844598770142,0.4413630068302155,-0.005830099526792701,0.5394363760948181,0.45807291269302375,-0.004715011129155681,0.5332027792930604,0.4731043875217438,-0.00552968578413124,0.5423634052276611,0.47898951172828674,-0.0082981234416365,0.5594586372375489,0.45636954307556155,-0.00875491052865978,0.553834056854248,0.4703776895999908,-0.00573259424418204,0.5462101936340332,0.4846470713615417,-0.0048711622133850805,0.5526235461235047,0.502775263786316,-0.00978035386651748,0.5710395097732545,0.47603157758712766,-0.011380595155060241,0.5834458470344543,0.46286938190460203,-0.01010018773376938,0.5936518073081971,0.4497189998626709,-0.00943515338003632
0.5073776721954346,0.5737468719482421,-1.4563165109393595e-07,0.4882883131504059,0.5246436953544618,-0.0014135958161204804,0.4829728364944458,0.47425348758697505,-0.00508074071258302,0.47808625102043156,0.43148036599159245,-0.00888126529753204,0.4648019850254059,0.40680980682373047,-0.0113703148439526,0.5128347396850585,0.4456082284450531,-0.00458306120708582,0.5321572422981262,0.4285907566547394,-0.0048157575540243806,0.5283665776252746,0.44697548151016236,-0.003609067806973981,0.5211599230766297,0.46300060153007505,-0.0033007460646330604,0.5290867567062378,0.4617502987384796,-0.0065661087632178615,0.5446754813194276,0.44539914727211,-0.00551211307756596,0.5390381336212158,0.4618806004524231,-0.00432484485208982,0.532928466796875,0.4769852101802826,-0.00512573560699816,0.5425532460212708,0.48300337195396426,-0.00815802207216614,0.5592793583869934,0.46022416353225704,-0.0084531868807971,0.553610897064209,0.47401767969131464,-0.0053851507138460205,0.5461304187774658,0.4883869588375091,-0.0045369996689259805,0.5527169823646546,0.5067649841308595,-0.009632171317934939,0.5712030410766602,0.4800101757049561,-0.011149968765675979,0.5835932970046998,0.4667579233646393,-0.00984363649040458,0.5938024878501892,0.4536200940608978,-0.009177983179688421
0.5073575377464294,0.5767328262329101,-1.4737215963123164e-07,0.48821492791175847,0.5276143789291382,-0.0012101031839847204,0.4828213155269622,0.4773745656013489,-0.00472873225808138,0.4779136538505554,0.4349176466464997,-0.008446063101291621,0.46485655903816225,0.41020230650901796,-0.010873509198427141,0.5131592512130737,0.4489513456821442,-0.00413158182054756,0.5318767666816712,0.4318247377872467,-0.0043110137805342005,0.5280843615531922,0.4498693943023682,-0.0031181394588201605,0.5210464119911195,0.46600683331489556,-0.0027848278637974803,0.5292708039283752,0.46493672728538515,-0.00614974247291678,0.5444220304489136,0.4485033452510834,-0.005086563434451762,0.5387085199356079,0.46479414701461785,-0.003965130122378421,0.5326582431793213,0.4799746572971344,-0.00478325858712192,0.5426622867584229,0.4860190153121948,-0.00777543243020766,0.5590858459472656,0.4631473958492278,-0.00804460458457466,0.5533763408660889,0.4767456293106079,-0.00503827854990954,0.5459975123405457,0.4911655664443969,-0.00420674076303838,0.5527383327484131,0.5096782445907593,-0.00927159320563074,0.5712693095207214,0.48295629024505615,-0.01073854714632032,0.5836568117141724,0.46965716481208797,-0.009442587755620459,0.5938869118690491,0.45660189986228944,-0.00877507459372278
0.5074110984802247,0.5807556986808777,-1.477775271041537e-07,0.48813534975051875,0.5315377473831177,-0.00101334350183602,0.4826502799987793,0.4813933908939362,-0.0043741407804190405,0.4777167260646821,0.43920717239379886,-0.00799732562154528,0.46478270888328554,0.4144736468791962,-0.0103613302111625,0.5135168075561524,0.45325981378555297,-0.00360517036169766,0.5314438223838807,0.4358031928539276,-0.0037467575166373803,0.527598536014557,0.4533663928508759,-0.0026204761583357404,0.5207494020462036,0.46953573822975153,-0.00230914044659578,0.529515290260315,0.4690528512001037,-0.005648241471499141,0.5440636277198792,0.4523493587970734,-0.004533688537776421,0.5382467865943908,0.4683426260948181,-0.003475504228845201,0.5323237776756287,0.48352056145668026,-0.004328020801767659,0.5428196549415589,0.4899357676506042,-0.00730850277468556,0.5587659835815431,0.4668933928012847,-0.00749849500134584,0.5529878854751588,0.4801530957221985,-0.004540841979905921,0.545740795135498,0.49453415274620055,-0.00374832903034984,0.5527542114257813,0.5134645342826843,-0.00883323214948174,0.5713064074516296,0.4868262767791747,-0.0102140862494707,0.5836766839027405,0.47347251176834104,-0.00891720997169612,0.5939199924468994,0.4604194760322571,-0.008258051797747561
0.5078710556030274,0.584961998462677,-1.462633036908301e-07,0.4882066786289215,0.5357173562049866,-0.00066071861656378,0.48240913748741143,0.48557235598564147,-0.00382997859269374,0.47734766602516177,0.44343786835670473,-0.007298913318663801,0.4644803762435913,0.4187880218029023,-0.00954138673841946,0.5136354446411133,0.4571498692035675,-0.0031084090005606205,0.5309738993644715,0.43963855504989624,-0.00285685982089484,0.527183735370636,0.4568400740623474,-0.00157585755223402,0.5205265522003174,0.4729423582553863,-0.0011981156363617199,0.5295957922935486,0.4727077066898346,-0.00517194597050542,0.5437209010124207,0.45588178634643556,-0.0036124367732554203,0.5379263758659363,0.4716300189495086,-0.0024744145106523805,0.5321513533592224,0.4868219614028931,-0.00334438171703364,0.5428895592689514,0.4935004711151123,-0.0067903422750532,0.5583974480628968,0.47029358744621275,-0.00646288068965074,0.5526568055152894,0.48338959217071537,-0.0034390638349577397,0.5455463528633118,0.497839766740799,-0.0027264322387054404,0.5528187274932861,0.5169488668441773,-0.00825259173288938,0.5714163184165955,0.4901968955993652,-0.00925220875069498,0.5838378071784973,0.4766868829727173,-0.007834065426141,0.5940950989723206,0.463541716337204,-0.00715320734307164
0.5083159446716309,0.5893752574920654,-1.433612254686523e-07,0.48821449279785156,0.5402485132217407,-0.0007758697844110001,0.4822404086589813,0.4899620771408081,-0.0038879610598086603,0.4771531224250794,0.44755648970603945,-0.0073598175309598,0.4640998482704162,0.422822642326355,-0.009639289788901741,0.513670837879181,0.46077637076377864,-0.0023025339469313405,0.5305337309837341,0.44322000741958617,-0.0021588847739621602,0.5267950654029847,0.4603419601917267,-0.0012070153490639601,0.5203192234039307,0.476550155878067,-0.00104221933870572,0.5297263264656067,0.47602962255477904,-0.00434278193861242,0.5435096979141235,0.4592143058776855,-0.00289565336424852,0.5377119421958924,0.47497982978820796,-0.00205556612927462,0.532040286064148,0.4903144836425781,-0.0030664095887914,0.5430636405944824,0.4967058181762695,-0.00602896511554712,0.5581744194030762,0.4735374450683594,-0.0058454788289963805,0.5524548768997193,0.48648666143417363,-0.00303138087037948,0.5454767704010011,0.5009708225727081,-0.0023855313425883403,0.5529552459716797,0.5202109932899476,-0.00758134080097076,0.5714431881904602,0.49331619739532473,-0.0085742072202265,0.5838227391242982,0.47955368757247924,-0.00717059988528488,0.5940626859664917,0.4662541210651398,-0.00647979285567994
0.5087171196937561,0.5925694704055786,-1.401527214284215e-07,0.48822314143180845,0.5435636281967163,-0.00097873351769518,0.4821424543857574,0.49318671226501465,-0.00408704709261648,0.47707663178443904,0.4504466652870178,-0.007564173359423819,0.46380409598350525,0.42565184235572817,-0.009867101535201022,0.513642692565918,0.4634395062923431,-0.0018506002146750403,0.5301212191581726,0.44579796195030214,-0.0018051746068522,0.5264001369476319,0.4628368437290191,-0.0010818345588631201,0.5200101852416992,0.47907683849334715,-0.0010683394211809599,0.529851758480072,0.4784850776195526,-0.0038077947683632005,0.5432411432266235,0.46160610318183903,-0.0024763740133493606,0.5374224662780762,0.47734380960464473,-0.0018675777129828403,0.5318618297576905,0.4927486956119537,-0.0029974093893542597,0.5432511687278748,0.49905956387519834,-0.00548300500959152,0.5579444646835328,0.4758014798164367,-0.005466552264988381,0.5522185444831849,0.48854330778121946,-0.0028471284778788402,0.5453414678573608,0.5030062437057495,-0.0022776038618758003,0.5531205177307129,0.5225489854812622,-0.0070416717790066806,0.571510648727417,0.4956077575683593,-0.00810860330238934,0.5838469505310059,0.48170748353004456,-0.00677360435947774,0.5940698981285095,0.46825576424598697,-0.0061129854060709
0.5092600345611572,0.5972784638404847,-1.3623479730995316e-07,0.4883312702178955,0.548383927345276,-0.0013062485144473201,0.48206478953361515,0.4976084530353546,-0.0044488448649644,0.47692643404006957,0.45437065362930296,-0.007961037661880199,0.46332433819770813,0.4294265568256378,-0.010304847545921762,0.5136259078979493,0.46679207086563107,-0.0012534246983705,0.5298372387886048,0.4492425680160523,-0.0014084861264563803,0.5261151313781739,0.46629285812377924,-0.0010916581726632202,0.5197810292243958,0.48251465559005735,-0.00135364431771444,0.5299498200416565,0.48158516883850094,-0.0031124203465878603,0.5431211709976196,0.46487393975257874,-0.00197461564093822,0.5373410940170288,0.4806967258453369,-0.0017350754234939203,0.5318957686424255,0.4961674571037292,-0.00306280425284054,0.5434209704399109,0.5020777940750122,-0.004800337273627459,0.5578054904937745,0.478959846496582,-0.0050198757089674004,0.5521420478820802,0.4915862381458283,-0.0027058650972321204,0.5453902363777161,0.506036788225174,-0.00226580065209414,0.5533188462257386,0.5256167888641357,-0.006404731236398181,0.5715507030487061,0.49851583242416375,-0.00758646018803114,0.5838853240013123,0.48443315625190736,-0.0063651858828961605,0.5941720485687256,0.4708690226078034,-0.0057532438077032
0.5098576426506043,0.6012971758842468,-1.335827050752414e-07,0.48850470781326294,0.5527781248092652,-0.0015153378364629602,0.48200992941856385,0.5016675651073456,-0.004597410466521901,0.4769097566604614,0.45802933573722837,-0.00805931184440846,0.46307361721992496,0.4333442866802215,-0.01036343947052952,0.5136199951171876,0.46992476582527165,-0.0006824647047324202,0.5295819163322449,0.4527930855751038,-0.00093442442885132,0.5259710788726807,0.4699176788330079,-0.0009185440954751601,0.5197056651115418,0.48615114092826844,-0.0013931155612226,0.5301146864891052,0.48445298075675963,-0.0024757623206823802,0.5430470705032349,0.46817715764045714,-0.0014692306169308202,0.5374388933181763,0.4840861439704895,-0.0015320334117859002,0.5321265578269958,0.499658876657486,-0.0030191533500328206,0.5437166690826416,0.5048441886901855,-0.00417937939055258,0.5577889084815979,0.48201192617416383,-0.004585555521771261,0.5522991538047791,0.4946579098701477,-0.0025106650078668804,0.5457310914993286,0.5091842293739319,-0.00215207997243846,0.5537313580513,0.5284146666526794,-0.0058210798539220805,0.5718502283096314,0.5011959195137023,-0.0070825970731675,0.584123158454895,0.48689377307891846,-0.005937392916530341,0.5943892121315003,0.4731748998165131,-0.0053452087566256004
0.5103586673736572,0.6052364587783814,-1.32243263806231e-07,0.488839316368103,0.5570284485816955,-0.00187773848883802,0.48219676613807677,0.5053788304328919,-0.004932330362498681,0.47704078555107116,0.46152743697166443,-0.008375383075326641,0.4629733204841614,0.4369314551353454,-0.0106589779257774,0.5139445900917053,0.47310993671417234,-0.00017179021378980002,0.5294300556182862,0.4562159240245819,-0.00080218658840746,0.5257887244224548,0.4735252976417542,-0.00126691411714994,0.5196015357971191,0.4899374604225159,-0.00202542310580604,0.5305584430694581,0.48741396665573117,-0.0018536483636125603,0.5430257797241211,0.47147896885871887,-0.0012895311811007002,0.5374256491661071,0.48752928972244264,-0.0017551843076943803,0.5322225689888,0.5032721877098083,-0.0034024320542812006,0.5442180514335633,0.5076307773590087,-0.00358223272487516,0.5578867793083191,0.485206800699234,-0.00447681010700756,0.5523981928825379,0.49768952131271366,-0.0027449963148682803,0.5459509015083313,0.5121924757957459,-0.00244774683378632,0.5542202591896057,0.5311234354972839,-0.00528213866055006,0.5721888065338134,0.5039039611816406,-0.00681151216849678,0.5843960523605347,0.4894335031509399,-0.00585660589858886,0.5946876764297486,0.4756829261779785,-0.0053251259028910996
0.5107942342758178,0.6080309987068176,-1.3265885456803517e-07,0.48919116258621215,0.5600199699401855,-0.00202216480392956,0.48239562511444095,0.5079429805278779,-0.005038468446582481,0.4771298110485077,0.4640467941761016,-0.0084207481704652,0.4629282057285309,0.43964321613311763,-0.010635288432240441,0.514244544506073,0.4754203975200654,-9.771788318176001e-05,0.5294318914413452,0.45874301195144657,-0.00082687168905972,0.5257301211357117,0.4762534201145172,-0.00144074885174626,0.519584858417511,0.4927618503570557,-0.00229633657727384,0.5309335470199585,0.4896160185337066,-0.0016934247687458602,0.5430979251861572,0.4740029752254486,-0.0012446438311598603,0.5375170826911926,0.4901409089565277,-0.0018169036367907602,0.5324161291122437,0.5059470295906068,-0.0035103600937872797,0.5446318626403809,0.5097442269325256,-0.00337367509491738,0.5580535888671876,0.4877044439315796,-0.00437241396866732,0.5525866270065308,0.5001215279102326,-0.00275119175203138,0.5462255358695984,0.5146072745323181,-0.00248804581351574,0.5546508550643922,0.5331131458282471,-0.005037106946110661,0.5724816441535949,0.5058816909790039,-0.006631523370742741,0.5846521973609925,0.49136646986007687,-0.00575181841850276,0.5949629187583925,0.47766936421394346,-0.0052515355870127
0.5114218235015868,0.6114000082015991,-1.31334221009638e-07,0.4896061658859253,0.5635816335678101,-0.0021004050504415603,0.482583624124527,0.511265778541565,-0.00503139253705734,0.47723883390426636,0.46733883023262024,-0.00832744147628544,0.46299703717231755,0.4430931150913239,-0.01045081540942186,0.5146220684051515,0.47841803431510926,0.00022255861840674002,0.5294217586517334,0.4620066225528717,-0.00044471791770769994,0.5257014989852906,0.4796286642551422,-0.0011404090560972401,0.5196398138999939,0.496109277009964,-0.00207827139529394,0.5313989639282226,0.49237307310104367,-0.00131313692545514,0.5431804180145263,0.47726572155952457,-0.0008419387158937402,0.5376706719398499,0.4934341132640838,-0.00154482613434078,0.5327251076698304,0.5092302441596985,-0.0033352508209645404,0.5451314926147461,0.5123337507247925,-0.00296320188790556,0.558213186264038,0.4908089220523834,-0.00392292696051292,0.5528238534927368,0.503144907951355,-0.0024146602489053402,0.5466138362884522,0.5175802350044251,-0.0022319920826702803,0.5552050709724426,0.535567331314087,-0.00461042588576668,0.572914981842041,0.50840882062912,-0.0061588075943290604,0.5850096702575683,0.493887448310852,-0.00531659582629794,0.5952947020530701,0.4802877366542816,-0.00484542921185486
0.5119253516197205,0.614084768295288,-1.3043446358551592e-07,0.4900098621845246,0.5664387583732605,-0.00213964320719236,0.48287285566329957,0.5141417980194092,-0.0050315772183239,0.47754479646682746,0.47029262185096743,-0.00827294811606404,0.4632900357246399,0.44637910723686214,-0.010341613367199841,0.5149996876716615,0.4813668310642243,0.0001552787172841,0.529340136051178,0.46498869657516484,-0.00043027991487174,0.525619399547577,0.48269639611244197,-0.0010476531460881,0.5196410298347474,0.4992237985134125,-0.00195691256667482,0.5319666385650635,0.4952481627464294,-0.0013135493849403602,0.5431991815567017,0.4802404880523682,-0.0008231866988353201,0.5376835346221924,0.4963603258132935,-0.00149985037860456,0.5328566789627075,0.512188982963562,-0.0033010189887136003,0.5457664251327515,0.515077006816864,-0.0028874838724732,0.558406686782837,0.49364110231399533,-0.00381441530771546,0.5530197143554687,0.5058985114097596,-0.0022684095893054403,0.5469162106513978,0.5203889846801758,-0.0020849688444286203,0.5558383107185364,0.538149619102478,-0.0044628201052545795,0.573466956615448,0.5111197352409363,-0.00600169543176884,0.5854680180549622,0.49660298228263855,-0.005174897890537921,0.5956684231758118,0.48300400376319885,-0.004732489865273181
0.5123549222946167,0.6176219701766968,-1.306728421468506e-07,0.49036720395088196,0.5696644544601441,-0.0021116295130922803,0.48317941427230837,0.5170907497406007,-0.0049334971234202005,0.4777889013290405,0.4731428921222687,-0.00808439189568158,0.4635708868503571,0.44906579256057744,-0.0100445937365293,0.5154868602752686,0.48421615362167353,0.00025436490832364,0.5294333815574647,0.4675987958908081,-7.120018126440002e-05,0.5255735993385315,0.4854638636112213,-0.0005153812468051799,0.5196761369705201,0.5020959496498109,-0.00135805541067382,0.5325868010520936,0.4980111181735992,-0.00112961030099534,0.5432943344116211,0.48305143117904664,-0.00043937494046984005,0.5376121520996093,0.49920666813850406,-0.00106333937146698,0.5328885078430176,0.5151507377624512,-0.00288939011516048,0.5464000105857849,0.5177762866020202,-0.0025922765024006,0.5586579442024231,0.4964150667190552,-0.0033286643214523004,0.5530970931053162,0.5085642337799072,-0.0017883371852803402,0.5469792246818542,0.5231628894805909,-0.0016763669380452202,0.5564300775527955,0.5406938195228577,-0.0040516030043362995,0.573948073387146,0.5136242985725403,-0.005553461518138601,0.5860058307647705,0.49915870428085324,-0.00478624287061388,0.5962862610816956,0.48576701879501344,-0.0044050788506865
0.5126190543174745,0.6202260494232179,-1.2971690068752654e-07,0.4905312955379486,0.5719303965568543,-0.00195214804261918,0.48331069350242617,0.519207775592804,-0.00467617549002168,0.4779794633388519,0.4750945568084717,-0.007730853650718881,0.46381345987319944,0.4510080873966217,-0.009586670435965021,0.5157293558120728,0.48618992567062375,0.00047333710244856,0.5295295119285583,0.469398844242096,0.00049242867389694,0.5256336688995362,0.48723623156547546,0.0002453936263918801,0.5197780966758728,0.5037761867046356,-0.0005418667278718201,0.5329317331314087,0.4999140739440918,-0.0009190892451442001,0.5434068441390991,0.484991604089737,0.00011298039462417995,0.5377044916152954,0.5011017620563507,-0.00042014427599495997,0.533071780204773,0.5170513153076172,-0.00228242173325268,0.546776282787323,0.519675874710083,-0.00234628897160288,0.558829414844513,0.49830219745635984,-0.0027543885633348605,0.553225576877594,0.510492491722107,-0.0011405572411604002,0.547119951248169,0.5252239942550659,-0.0010935200261883203,0.556833016872406,0.5425812244415283,-0.0037636523135006,0.574339246749878,0.5154635310173035,-0.0051339179277419605,0.5864574790000916,0.5010043859481812,-0.00434724884107704,0.5967874646186828,0.4876836001873016,-0.00399591634050008
0.512964415550232,0.6234009623527528,-1.284607492380019e-07,0.4907299876213074,0.574856984615326,-0.00186687030363824,0.4834808349609375,0.5218951582908631,-0.0044758714735507795,0.4783119082450867,0.47767413854599,-0.007457825448363961,0.46423525810241695,0.45349271297454835,-0.00924425590783354,0.5160245060920715,0.48874721527099607,0.0009438970912014801,0.529736590385437,0.47171539068222046,0.0009876408264971998,0.5257636904716492,0.4894029200077057,0.0006918701401445801,0.519923996925354,0.50582754611969,-0.00012311350437812013,0.5332813739776612,0.5024713337421418,-0.0005024880287236801,0.5436373829841614,0.4874877572059632,0.00052212754962964,0.5379047632217407,0.5035546243190765,-0.00013095564790999997,0.5333416342735291,0.519435465335846,-0.0020640705013647404,0.5471772670745849,0.5222327947616577,-0.0020132393809035,0.5591220259666443,0.5006887316703796,-0.00246173897758118,0.5535147070884705,0.5128499150276185,-0.0009849571273662001,0.5474672913551332,0.5275665879249574,-0.00101616013562304,0.557301688194275,0.5451417207717896,-0.0035061886534094398,0.5748185515403748,0.5179543495178223,-0.004880933463573401,0.5869470596313477,0.5034513115882874,-0.00415190625935788,0.597317910194397,0.4900887906551361,-0.0038394698873162004
0.5131211996078491,0.6262695789337159,-1.3007920358631965e-07,0.4909011960029602,0.5772879719734192,-0.00168317391071464,0.483772224187851,0.5239791154861451,-0.0041670292615890205,0.4786673247814179,0.479564768075943,-0.007008462212979721,0.4644562542438507,0.455647474527359,-0.0086433080025017,0.5162840604782104,0.4908172190189362,0.0009677039080997801,0.5299513816833497,0.473409366607666,0.00131989156361666,0.5257624626159668,0.4912353932857513,0.0012743836792651403,0.5198734879493714,0.5076765537261962,0.0005703186150640199,0.5336761474609375,0.5046501755714417,-0.00049086257349692,0.5437945008277894,0.48945604562759404,0.00083796688122674,0.5379609704017639,0.5055115342140198,0.00034315912052988013,0.5334644675254822,0.5213985443115234,-0.0015647206600988204,0.5476256728172302,0.5245409607887269,-0.00195617047138508,0.5593116164207459,0.5028029561042786,-0.0021776464767753402,0.5536901712417603,0.5150569081306458,-0.00067009463673458,0.5476721405982972,0.5298344612121583,-0.00076265398820396,0.55781991481781,0.5474435210227966,-0.0033758309204131006,0.5752524852752685,0.5199184179306031,-0.00468529895879324,0.5874292731285096,0.5054123044013977,-0.0039589555934071005,0.5978547453880311,0.492092090845108,-0.0036767100449651203
0.513292670249939,0.629156494140625,-1.329073711531237e-07,0.49091018438339235,0.5796178102493286,-0.00124696064158338,0.483901858329773,0.5257407903671265,-0.0033391834469511795,0.4789453029632569,0.48112416863441465,-0.005873046210035621,0.4647578239440918,0.4572200953960418,-0.0072278677485882814,0.5165586233139039,0.4925448536872864,0.00197883618529882,0.5301094651222229,0.47505524754524237,0.0027196667855605003,0.5258093953132629,0.4928792357444763,0.00277820395422164,0.5199265718460082,0.5093260526657105,0.00211025178432462,0.5339812874794007,0.506303071975708,0.00042112735100096,0.543874192237854,0.49137573838233944,0.0021469504223205,0.538024628162384,0.5074076414108277,0.0015974157024174801,0.5336149573326111,0.5232325196266174,-0.00038910919392948006,0.5479366183280945,0.5262699246406556,-0.0011245673056691802,0.5593981623649598,0.5047393560409545,-0.00104071223177012,0.5538492679595948,0.5169741392135621,0.0002921776496805001,0.5479249477386475,0.5316059350967408,3.5875468165599974e-05,0.5582373857498169,0.5492001533508301,-0.00258212287444618,0.5756060838699342,0.5214015364646912,-0.0036595212295651002,0.5878026008605957,0.5069291591644287,-0.00291981920308894,0.5982755422592163,0.4937217950820923,-0.00264482944912742
0.5133191227912903,0.6302314043045045,-1.3295668281898544e-07,0.49112982749938966,0.5810405731201171,-0.0014687855902593,0.4841310024261475,0.5269543528556824,-0.00358146422076966,0.4791670441627503,0.482397598028183,-0.00616438533179456,0.46492972373962405,0.4586270213127136,-0.007554379943758202,0.5166891336441041,0.49364152550697327,0.00215589917497706,0.530484938621521,0.47631271481513976,0.00249325726181264,0.5261260151863099,0.4942078530788422,0.00223799262312238,0.5201711058616638,0.5106148481369019,0.00144073909614234,0.5340144157409669,0.5074440240859985,0.0005659329995978801,0.5441475987434388,0.4928596913814545,0.0018109936674591202,0.5383281707763672,0.5090806722640991,0.00096898816991598,0.5338878393173219,0.5247965574264527,-0.0010785886115627402,0.5479722738265991,0.5274543762207031,-0.0011063718702644001,0.559634554386139,0.5063071250915527,-0.00151772219687698,0.5542003154754639,0.5186602830886842,-0.0004414376860950199,0.5483358025550843,0.5330998539924621,-0.0006966930959606601,0.558410108089447,0.5504464507102966,-0.00270525591913606,0.5757250428199768,0.5225956797599793,-0.0039742643013596,0.5878181815147401,0.508031976222992,-0.0033165156346512403,0.5982797861099243,0.49477381706237794,-0.00302970437041948
0.5133455753326416,0.6313063144683839,-1.330059944848472e-07,0.491349470615387,0.5824633359909057,-0.0016906105389352202,0.484360146522522,0.5281679153442383,-0.0038237449945881397,0.4793887853622437,0.48367102742195134,-0.0064557244535535,0.46510162353515616,0.4600339472293854,-0.007880892138928121,0.5168196439743042,0.49473819732666013,0.0023329621646553007,0.5308604121208191,0.4775701820850372,0.00226684773806478,0.5264426350593567,0.495536470413208,0.0016977812920231203,0.5204156398773194,0.5119036436080933,0.0007712264079600601,0.534047544002533,0.5085849761962891,0.0007107386481948001,0.5444210052490235,0.49434364438056944,0.0014750369125977403,0.5386317133903503,0.5107537031173706,0.0003405606374144799,0.5341607213020325,0.5263605952262879,-0.0017680680291960005,0.5480079293251038,0.5286388278007508,-0.00108817643485962,0.5598709464073182,0.5078748941421509,-0.0019947321619838403,0.554551362991333,0.5203464269638062,-0.00117505302187054,0.5487466573715211,0.5345937728881835,-0.0014292616600869203,0.5585828304290772,0.5516927480697632,-0.00282838896382594,0.5758440017700195,0.5237898230552673,-0.0042890073731541006,0.5878337621688843,0.5091347932815552,-0.0037132120662135403,0.5982840299606323,0.4958258390426636,-0.00341457929171154
0.5133395075798035,0.6318900108337403,-1.3344807712201145e-07,0.49149798154830937,0.5833160400390626,-0.0018434067431371002,0.4845621585845947,0.5289662837982178,-0.0040505268843843995,0.4795376002788544,0.4844334781169891,-0.00676975878886874,0.465139889717102,0.46109339594841003,-0.008285716455429741,0.5168615937232972,0.49543941020965576,0.0022904621670022203,0.5310404658317567,0.47856031656265263,0.0020217560144373606,0.5266855955123901,0.49659436345100405,0.0012745579704642202,0.5206225156784058,0.5129984378814697,0.00025856220163404,0.5340117812156677,0.5092371582984925,0.0006412650807760401,0.544552218914032,0.4953659176826477,0.0011512173223309603,0.5388543486595154,0.5118837594985962,-0.00016663854476062017,0.534348475933075,0.5275712847709656,-0.0023243655363330605,0.5479612469673157,0.5292930364608764,-0.00120997477788476,0.5598947882652283,0.5090026021003724,-0.0023659325670451,0.5546701908111573,0.5216359615325927,-0.00166003347840158,0.548901927471161,0.5358813643455506,-0.0018890324252424802,0.5586343050003052,0.5524222373962403,-0.0030195089289918,0.5757670164108276,0.5243414282798767,-0.0045727547258138206,0.5877255082130433,0.509622347354889,-0.00398616566963022,0.5982237219810487,0.49642102122306825,-0.00363024994439908
0.5134017705917359,0.6330366492271424,-1.3258874957955414e-07,0.49161176085472114,0.5844078063964844,-0.00169570552534418,0.48457624912261965,0.5298218846321107,-0.0038224304327740804,0.4794773757457733,0.48524491190910335,-0.00649988348595794,0.46504564285278316,0.46188728213310243,-0.007983065862208542,0.516691815853119,0.4959644675254822,0.0026014892617240003,0.531341028213501,0.4795930922031402,0.0024304063903400203,0.5272652506828308,0.49763470888137823,0.0017046258784830402,0.5211374044418335,0.5139832139015198,0.00070288460701702,0.533759617805481,0.5097130417823792,0.0008809889084659,0.5447996020317077,0.49637669920921323,0.00153131930856038,0.5392941951751709,0.5130524516105652,0.00018538688309491995,0.5346777319908143,0.5286147952079774,-0.0020102291600778604,0.5477465510368348,0.5298108220100404,-0.0010401076986454201,0.5600778698921204,0.5098733425140382,-0.00207632777746768,0.5549777030944825,0.522724962234497,-0.00142497222404926,0.549139940738678,0.5368932843208313,-0.0017160154064186002,0.5585284113883973,0.5530558824539186,-0.00290684809442604,0.575757908821106,0.5248976111412048,-0.0043340628501027404,0.5878094434738159,0.5101134777069093,-0.0037122895213542,0.5983576893806457,0.4967867314815521,-0.00335117918148168
0.5133235454559326,0.6336615681648256,-1.3392460402883445e-07,0.49168179035186765,0.5850973844528198,-0.0017501320457085398,0.484599220752716,0.530342710018158,-0.00394690036773676,0.479505729675293,0.48566485643386836,-0.006654708646237802,0.4650052666664123,0.46237667202949523,-0.00813538869842882,0.5165127992630005,0.49609450697898866,0.0022238056873902204,0.5317140579223634,0.48001482486724856,0.0019660065794596,0.5276229739189149,0.4982948303222656,0.0012417074292898,0.5213985204696656,0.5146202802658081,0.0002412365749477999,0.533552873134613,0.5098128318786621,0.0004898107261396401,0.5451795339584351,0.4969552934169769,0.0011594348005019401,0.5396730065345765,0.5139000177383423,-4.545697011054e-05,0.5349710583686829,0.5293426275253297,-0.0021701175952330005,0.547584593296051,0.5300010681152345,-0.00143772878218438,0.5603983879089356,0.5105229735374451,-0.00247579774004406,0.5552617430686951,0.5236301183700562,-0.0016788274049758802,0.5493053793907166,0.5377735495567322,-0.0018875107867643202,0.5584420919418335,0.5533692836761475,-0.0033167293760925,0.5757103323936463,0.525072979927063,-0.00476452084258194,0.5877642631530762,0.5101855158805847,-0.004059563903137981,0.5983181953430176,0.4967306613922119,-0.00363227163907134
0.513335907459259,0.6348994135856629,-1.3697048757421725e-07,0.49152840375900264,0.5857988834381104,-0.0013254649238660398,0.4845020651817321,0.5308035969734192,-0.0033153236843644998,0.479542988538742,0.48588735461235044,-0.005828966945409721,0.4650060951709747,0.46260920763015745,-0.00712810410186644,0.5163243651390076,0.4962095022201538,0.0024651087587698804,0.5318186402320862,0.48034656047821045,0.00264626407588362,0.5277373671531678,0.49879854917526245,0.00219363195355978,0.5214640021324157,0.5151390790939331,0.00130593320354814,0.5334384083747864,0.5098392844200135,0.0006550469610374001,0.5453484416007995,0.49735625386238097,0.0019364789419341803,0.5398491263389588,0.5143790960311889,0.0010143971536308199,0.5351091265678406,0.5297082662582397,-0.0010641187196597404,0.5475250482559204,0.5301305294036867,-0.0012640616507269,0.5605152606964111,0.5108829736709595,-0.0017637337441556002,0.555392611026764,0.5241459846496582,-0.0007751178229227602,0.5493838548660279,0.5382593393325805,-0.0010195571114309202,0.5584332823753357,0.5536280035972596,-0.00309787467122074,0.5757379531860352,0.525047791004181,-0.00424033906310792,0.587841546535492,0.5101803541183472,-0.0033616660861297805,0.5983874678611756,0.4966771364212036,-0.00287348791025572
0.5133882641792298,0.6355847716331482,-1.3934270270965499e-07,0.4914714574813842,0.5861204981803895,-0.0009260665159671999,0.4844648361206054,0.5310026049613953,-0.00276772989891464,0.4795894384384155,0.48595523238182065,-0.005130106583237601,0.46500934362411495,0.46275727152824403,-0.00629426930099722,0.5161404132843017,0.49622677564620976,0.00248894258402282,0.5319255709648132,0.480620265007019,0.00302746765373736,0.527834677696228,0.49916471838951115,0.00281051206402476,0.5214926838874817,0.5155257105827331,0.00202826648019248,0.5333357334136963,0.5098656296730042,0.0006240583694306891,0.5454645276069642,0.4976305902004242,0.0024960550246760005,0.5399510741233826,0.5146013975143432,0.0018912388477474,0.5351760983467102,0.5297704696655273,-0.00013079083291816005,0.5474817633628846,0.530287218093872,-0.0012589465244672601,0.5606184244155884,0.511117959022522,-0.00126372711965812,0.5554798960685731,0.5244410514831543,-8.942073036452008e-05,0.5493878722190857,0.538505220413208,-0.00037178971688264003,0.5584444284439087,0.5538165926933288,-0.0030112376902252202,0.57578444480896,0.5250069975852967,-0.0038941935636102798,0.5879357218742371,0.5101956963539124,-0.00286786349024618,0.5984547734260559,0.4966526389122009,-0.00233636670745902
0.5132505655288697,0.6358178734779357,-1.403047008352587e-07,0.4914275467395782,0.5863527655601501,-0.0008331323973834002,0.4843558132648468,0.5311468124389649,-0.0026309201028197403,0.47952439188957213,0.48613944053649905,-0.0049080579541623,0.46505572199821466,0.4627282202243805,-0.005956417322158779,0.5159728407859803,0.4957922577857971,0.0022688405355438,0.5322592973709106,0.4805514872074127,0.0029262662981636603,0.5282213091850281,0.4992269277572632,0.00285494953859594,0.5218154788017273,0.5155769467353821,0.00215416722930962,0.5331717848777772,0.5094659686088563,0.00041575188224668913,0.5457478642463683,0.4976226389408112,0.0025590737233869604,0.5402801632881165,0.514679229259491,0.00220850515179332,0.535449731349945,0.5296466827392579,0.00027731993468476,0.5473384022712708,0.5300615429878235,-0.00143130397191266,0.5609034657478332,0.5110828161239624,-0.0012499391683377,0.5557983160018921,0.5244853854179383,5.621371965388005e-05,0.549617350101471,0.5384618401527406,-0.00021773485350422013,0.5583462595939636,0.5537160754203796,-0.00313284439034758,0.5757715344429016,0.5249139189720153,-0.0039780598133802,0.5879311919212342,0.51007981300354,-0.0029277365421875798,0.5984013676643373,0.4964135766029358,-0.0023997581098228003
0.5130813241004945,0.6352941036224365,-1.4145398381515408e-07,0.4912933051586151,0.586238181591034,-0.00094614762347186,0.48415876030921934,0.5309017062187195,-0.0027758950367569404,0.4794611871242523,0.48584052920341486,-0.0050486478954553,0.4651653707027435,0.4623087108135223,-0.00608625803142784,0.5157198071479797,0.4950984954833984,0.00200173591729248,0.5321040511131288,0.4799050807952881,0.00248317989753556,0.5280292987823487,0.4987261295318603,0.00228875938337294,0.5216529488563537,0.5151600480079651,0.0015430329367518,0.5329500436782837,0.508806347846985,0.00020386466349010913,0.5456456542015076,0.4970198094844818,0.0022672825842164203,0.5401543974876404,0.5141875267028809,0.0019391648471355203,0.5353104948997498,0.5292260050773621,4.666130989787988e-05,0.5471342444419861,0.5294780969619751,-0.0016033655032515002,0.5608251690864564,0.5105614185333253,-0.0015701238182373,0.5556796073913575,0.5240117192268372,-0.0003036432841327001,0.5494494557380676,0.5380895614624024,-0.0005418410466518002,0.5581928491592407,0.5531052350997925,-0.0032619740813970405,0.5755284786224365,0.5240408658981324,-0.00422279071062798,0.5876093029975892,0.5090034365653993,-0.0032188333570956603,0.5980256795883179,0.49524431824684145,-0.0026819459162651803
0.5130202054977417,0.6344432234764099,-1.3948291552878802e-07,0.4912768602371216,0.585826289653778,-0.00102390281390394,0.48399305939674375,0.5305633306503296,-0.00291733485646542,0.47926360964775083,0.485568767786026,-0.005219268333166781,0.46510041356086734,0.4619942307472229,-0.00629041241481898,0.5154495477676392,0.494501531124115,0.0016783311264588802,0.531876003742218,0.4793326973915101,0.00217035665409636,0.5279546141624452,0.49814056754112246,0.00203683713916688,0.5216144561767578,0.5146121382713318,0.0013472591992467402,0.5326976299285889,0.5082860946655274,-5.7171963271650906e-05,0.5454034686088562,0.49630970358848575,0.0020358078065328,0.5400148391723634,0.5134558081626892,0.0017551398836076202,0.5351445436477662,0.5285900354385377,-0.00011096162488686005,0.5468972325325012,0.5289831757545471,-0.0017844255664385203,0.5605875968933106,0.5098169207572937,-0.00178085009683852,0.5554822683334351,0.5232951521873475,-0.00058872379304374,0.5492080330848693,0.5375144243240357,-0.0008613033860455802,0.5580085396766663,0.552501893043518,-0.0033501082099974006,0.5753129959106446,0.5232292771339417,-0.00436945054680104,0.5874103784561158,0.5080238580703735,-0.00345286366064096,0.5978026151657105,0.49416092634201053,-0.0029728583758696202
0.5129314303398133,0.6332468390464783,-1.3737457322804407e-07,0.49129970669746403,0.5852020978927612,-0.0011505902977659802,0.48378963470458985,0.5298220753669739,-0.0031327692326158,0.47888803482055664,0.4848965764045715,-0.00549231721088284,0.4647636711597443,0.46132347583770744,-0.00660630995407698,0.5150149941444397,0.4936083376407623,0.00130921397358172,0.5313756108283997,0.47803153395652775,0.0016337180160917002,0.5275677919387818,0.49679533243179325,0.00145025458186864,0.5213175415992737,0.5133922934532167,0.0007743325142655401,0.5322796106338501,0.5074406743049622,-0.0003656792017863509,0.5449114918708802,0.49489055871963505,0.0016086914693005001,0.5396114468574524,0.511982297897339,0.0013544476358220002,0.534775972366333,0.5272815108299256,-0.00046438302961178017,0.5465391516685486,0.5280802249908447,-0.002040616585873,0.5601526379585267,0.5083962202072144,-0.0021826381096616,0.5550489306449891,0.5218009114265442,-0.00107539448363238,0.5487533807754517,0.5362081527709961,-0.0013540127372834202,0.5577535390853882,0.5513595223426819,-0.0035466630477458,0.5749876379966736,0.5217954277992248,-0.00467339102178808,0.587017273902893,0.5063058495521545,-0.0038722400553523996,0.5973283171653747,0.4922849297523499,-0.0034551893360912204
0.5127189636230469,0.6322560071945191,-1.3490927699422176e-07,0.4910965442657471,0.5844650149345398,-0.0010711038368753601,0.48333985805511476,0.5289653062820435,-0.00305960243567822,0.47817646265029906,0.48394723534584044,-0.0054301807656883605,0.4640335619449616,0.46035982370376594,-0.006538936030119621,0.5141098380088807,0.4924391806125641,0.0012394805671646601,0.5307377696037292,0.4760264039039612,0.0016592883621342203,0.5272302150726319,0.4948633313179016,0.0016523797065019401,0.5210853576660157,0.5114728450775147,0.0011222882720176,0.5314422726631165,0.5062148690223695,-0.00044810694525944004,0.5443672895431518,0.4925564765930176,0.00160570997977624,0.5393396139144898,0.5098140478134155,0.0014891510596498803,0.5344992995262146,0.5253317832946778,-0.00019388796645216006,0.5458426833152772,0.5266301274299622,-0.00211406154558056,0.5594551086425781,0.5058900117874146,-0.0021487071877345,0.5545907378196717,0.5195232391357422,-0.00101108941016716,0.5483806014060975,0.5342080473899842,-0.0012435060634743002,0.5572664737701416,0.5496008515357972,-0.00359389530494806,0.5743498086929322,0.5191825270652771,-0.00460449424572284,0.5862484693527221,0.5032511711120606,-0.0037904144264757004,0.596383273601532,0.48891395330429077,-0.00335856112651522
0.512523865699768,0.6302814722061159,-1.3219230083905133e-07,0.49084891080856324,0.5827253103256225,-0.00081983414711426,0.4826631784439087,0.5275761365890503,-0.00286459405906496,0.4771048784255981,0.48227983713150024,-0.005250871740281521,0.46270470619201665,0.45893544554710386,-0.006346494238823601,0.5125292181968689,0.4911589980125427,0.0007456572493538,0.529606020450592,0.4732766687870026,0.00151048756670204,0.5264476180076599,0.4920732438564301,0.00199492796964474,0.5203836917877197,0.5084101796150208,0.0017887136025819602,0.5300957560539246,0.5047215819358826,-0.0009198953688609801,0.543300986289978,0.4893593192100525,0.0016139649203977802,0.5386628985404969,0.5065937340259552,0.0019832503981888003,0.5338555693626404,0.5219609022140503,0.00052741089020856,0.5448105096817017,0.5245132207870484,-0.00245835077948862,0.5582875967025758,0.5020699024200439,-0.0020005635684355602,0.5538573145866394,0.5158560872077942,-0.00060716042062266,0.5477426052093506,0.53065185546875,-0.0007978949404787001,0.5566707491874695,0.546510922908783,-0.00376055771484968,0.5736074686050415,0.5148717880249024,-0.00439123795367772,0.5852518558502198,0.4983627259731293,-0.0034224160015582407,0.5949036121368408,0.4832734644412995,-0.0029670074116438204
0.5122885346412659,0.6282326936721803,-1.2945506853156987e-07,0.49069066643714904,0.5810188531875611,-0.0008277172571979,0.4821520626544953,0.5263638257980346,-0.00306443148292598,0.4761975228786468,0.48096284866333006,-0.005607840605080061,0.4615319490432739,0.4577588140964508,-0.006813151575624879,0.5112038135528565,0.49011432528495785,0.00014585840981453995,0.5288469910621644,0.47094796895980834,0.0008059522602707001,0.5260082364082337,0.48955080509185794,0.0014846010773907998,0.5199841141700745,0.5056049823760986,0.00147152981371614,0.5288879871368408,0.5034879684448242,-0.00151238894322882,0.5425671339035034,0.4865576565265655,0.0010085981804876997,0.5383057355880737,0.5037186861038209,0.0016860087634995202,0.5335148096084595,0.518866789340973,0.00045300933416002006,0.5438739061355591,0.5226631879806519,-0.0030205362476408,0.5574344158172607,0.4986584901809692,-0.0025157863274216,0.5534372091293335,0.5124665260314942,-0.0009197710052831,0.5474480628967285,0.5272167921066284,-0.0009794095123652202,0.5561144590377808,0.543821382522583,-0.00427802135236558,0.5729322671890259,0.511313796043396,-0.004774933261796781,0.5842864513397217,0.4943291187286377,-0.0036980667617171397,0.5934890270233155,0.47856259942054746,-0.0031902281567454003
0.5117053747177124,0.6252896547317506,-1.2593304887786874e-07,0.49028683900833125,0.5785841822624207,-0.00086542392382394,0.481352835893631,0.5244953989982606,-0.0034763799980282403,0.4748351991176605,0.4789667189121246,-0.0063079032115637606,0.4598822176456451,0.4558899283409119,-0.007714087050408059,0.5089611768722534,0.4883740067481994,-0.0012412300566211,0.527600121498108,0.4668286144733429,-0.0008536590728908801,0.5254239439964294,0.48551900386810304,0.00014171164366413977,0.5194113969802857,0.5014377653598786,0.00044739405275318,0.5266473531723023,0.5012692809104919,-0.0029270800703670398,0.5413345575332642,0.48176160454750055,-0.00058822561986748,0.5378016829490662,0.4991037309169769,0.0005361175863072001,0.5329608440399171,0.5140661001205444,-0.00035848398110828,0.5419904947280884,0.5195691108703614,-0.004400172503665041,0.5560393691062927,0.4932096779346466,-0.0038837311090900804,0.5526851654052735,0.5071421504020691,-0.00193296131328678,0.5467542529106141,0.5217471837997437,-0.0017854876758065003,0.5547916173934937,0.5396593451499938,-0.0056086283177137,0.571422278881073,0.5059096634387971,-0.0060324904043227,0.5824599981307983,0.48820213675498964,-0.00487550329416984,0.5910630106925965,0.47139711976051335,-0.00435395450331268
0.5110486745834351,0.6216007351875306,-1.196310861928396e-07,0.48963499665260307,0.5757097005844116,-0.0008140452322549801,0.48015246987342836,0.5223012804985048,-0.00379087384790178,0.4730553865432739,0.47667236924171447,-0.0069525587372481195,0.4580484271049499,0.4536416709423065,-0.008614608738571339,0.5059006750583649,0.4863674342632293,-0.0027218712959438,0.5259009599685669,0.4611029863357544,-0.0027275498025119203,0.5248434066772462,0.4800995111465454,-0.0013924413884524403,0.5188984155654908,0.4960940837860107,-0.00071754963137212,0.5233846783638001,0.49853841662406917,-0.00455794757581312,0.539695954322815,0.47518430352211,-0.0026633747154846802,0.5373245120048522,0.4930624186992645,-0.0011368085630238203,0.5323740124702454,0.5079422533512116,-0.0016332642640918401,0.5390419006347656,0.5157621383666993,-0.00611596754752094,0.5541443228721619,0.486107748746872,-0.005732904444448581,0.5517509460449219,0.5005520582199097,-0.00333052157075142,0.5459035038948059,0.515038686990738,-0.00285458384896628,0.5524674177169799,0.5347086191177368,-0.0074079067446291,0.5688269972801209,0.4993572294712067,-0.00794446631334718,0.5795645594596863,0.480597585439682,-0.00676861833780998,0.5875788331031799,0.4623444795608521,-0.0062404366675764
0.5104084491729737,0.6165698051452637,-1.1489917000062635e-07,0.4889828920364379,0.5721672534942628,-0.00111167188733814,0.47895394563674926,0.5193232536315918,-0.0045442388392984406,0.4713850200176239,0.4737604200839996,-0.00808577332645648,0.4563834726810455,0.45077812671661377,-0.010049921087920601,0.5022663950920105,0.4834428012371063,-0.00438640229403966,0.5234776854515076,0.45410702824592586,-0.0052330765407532205,0.5236686825752259,0.4735553562641143,-0.003958534129196761,0.5179414868354798,0.48972237110137934,-0.00315331374295056,0.5193473100662231,0.4945925295352936,-0.00631356146186586,0.5371544837951661,0.4672804057598114,-0.00540741195436564,0.5359214544296265,0.48601631522178645,-0.0037980687804520003,0.5307730555534363,0.5010018944740295,-0.00399909904226658,0.5352502703666688,0.5106161952018738,-0.00796504653990264,0.5513640642166138,0.4775309383869172,-0.00824373662471764,0.5498083233833313,0.49274835586547855,-0.00552961304783816,0.5439137697219849,0.5071920931339264,-0.00467155212536452,0.5493437409400941,0.5284199476242065,-0.009377546794712501,0.5651335358619691,0.4914448857307434,-0.01034957431256768,0.5753862142562867,0.4713760018348694,-0.009272862784564441,0.5826521635055543,0.4514153718948365,-0.00876119956374164
0.5098922014236451,0.6128952145576477,-1.1173658975849324e-07,0.4883987545967101,0.5696261882781983,-0.00126944249495862,0.4780423879623413,0.5167772650718689,-0.00496714268811042,0.47011720538139345,0.4713332593441009,-0.008756143506616302,0.45522854328155515,0.4483575701713562,-0.010920497588813239,0.49932710528373725,0.48089292645454407,-0.00541493231430644,0.5214059948921204,0.44794899225234985,-0.0069947283016517404,0.5226533651351929,0.4680496513843536,-0.0058952970226527806,0.5171536445617676,0.4846521496772766,-0.00507052792236206,0.5159445762634278,0.49117459654808043,-0.007494297716766561,0.5349920272827149,0.46042757034301757,-0.007535057223867581,0.5346691131591798,0.4801519513130188,-0.006026371405459901,0.5293310403823853,0.49553845524787904,-0.0060350852552801,0.5319520473480226,0.5063923358917236,-0.009312876965850541,0.5489633202552795,0.47047881484031673,-0.010206746216863322,0.5479813694953919,0.4865523099899292,-0.00728472084738308,0.5420127630233765,0.5011156857013703,-0.006097223097458459,0.5464935541152954,0.5235953569412232,-0.010921039059758142,0.5617118000984193,0.4852736175060272,-0.0123334666714072,0.5716202855110168,0.4641334295272827,-0.011389695759862602,0.5784161329269409,0.4429385721683502,-0.01089286357164378
0.5091887831687928,0.6075284361839295,-1.0706236253099635e-07,0.4877125740051269,0.566211748123169,-0.00151286537293342,0.47686199545860286,0.5131636381149293,-0.005393221229314761,0.46870854496955877,0.46780953407287595,-0.009356091544032061,0.4540728688240051,0.44469184875488277,-0.011704281345009742,0.49533973336219794,0.4765988111495971,-0.006518504116684139,0.5191633105278015,0.4398663282394409,-0.00910361977294084,0.5221161127090455,0.4602549135684967,-0.00831985389813776,0.5173632144927979,0.4771412074565887,-0.0074506427627056195,0.511277437210083,0.4858143627643585,-0.00873565990477796,0.5328245520591736,0.4517876148223877,-0.01010575778782362,0.5340021252632141,0.4726686835289002,-0.0087720797862857,0.5288388729095459,0.4890792548656464,-0.00842352584004398,0.5271922469139099,0.5001035809516907,-0.010736750252544822,0.5460195779800415,0.46224976181983946,-0.012544010393321443,0.5461879014968873,0.4793909549713135,-0.00949639352038496,0.5406089067459108,0.4943885326385498,-0.007839034125208819,0.5420652985572815,0.5166469335556031,-0.012561818584799721,0.5564658284187317,0.47691563367843626,-0.01441646330058572,0.5658323287963868,0.45442022085189815,-0.013528656773269122,0.5720456838607789,0.43208983540534973,-0.01290843542665238
0.5086432456970216,0.6013961553573609,-9.529368583116596e-08,0.4872217833995819,0.5619168519973755,-0.0008873247075825799,0.4761681318283081,0.5089282155036926,-0.0044833668216596794,0.4680151045322419,0.4638592600822449,-0.008452574955299462,0.4535144329071044,0.4409599542617797,-0.01106381574645632,0.49165694713592534,0.47232040762901306,-0.00615095533430572,0.5167042493820191,0.43200299739837644,-0.0095145713537931,0.5220676302909851,0.4500427722930908,-0.00924071390181774,0.519255805015564,0.46549680233001706,-0.00852639982476824,0.5065436661243439,0.48037059903144835,-0.00895545613020654,0.5303768754005432,0.4433715701103211,-0.01138107944279902,0.5335607051849366,0.4642459094524383,-0.01031828131526702,0.5293658733367921,0.480968987941742,-0.0097503862343728,0.5220577120780945,0.49376683235168456,-0.01159127764403816,0.5427447080612182,0.45418437719345095,-0.014245567470788882,0.5448028445243835,0.47194324135780336,-0.01120287738740438,0.5404496788978577,0.4870214223861694,-0.009185041952878201,0.5370640873908997,0.5097512364387513,-0.014028149843215902,0.5506849527359009,0.46832258701324464,-0.01617629360407588,0.5593344092369079,0.4444520533084869,-0.015232906304299782,0.5649530053138734,0.4210075259208679,-0.014444051310419979
0.5080688834190369,0.594183897972107,-6.486515857773159e-08,0.48705986738204954,0.5564039826393128,-5.846670828759998e-05,0.47644108533859253,0.5036715805530548,-0.00312706261756826,0.4686344861984253,0.45909529924392695,-0.006849208276253161,0.4541606545448303,0.4367803394794464,-0.00964572667144232,0.4887684285640717,0.466690731048584,-0.0051349663874133995,0.514475440979004,0.4246982932090759,-0.00888731693848962,0.5225233435630798,0.4373506665229797,-0.009272446297109061,0.522626554965973,0.4490726709365845,-0.00895162317901844,0.5026006698608398,0.47366983294487003,-0.00856787152588364,0.5281404852867126,0.43490957617759707,-0.0115208771079778,0.5342347502708436,0.45177798867225644,-0.011102049052715222,0.5326944708824157,0.4663892924785614,-0.010809178464114621,0.5175563573837281,0.4863624572753906,-0.01184127908200022,0.5395852565765381,0.4453574538230896,-0.014904411695897523,0.5445208072662353,0.459820032119751,-0.012464790977537582,0.5428470849990845,0.4725394129753112,-0.010743223130702941,0.5324052095413208,0.5019807696342469,-0.014870011061429942,0.5451500654220581,0.4592688024044037,-0.01693382859230038,0.553130602836609,0.43393508791923524,-0.01594570763409132,0.5583691716194153,0.40963816046714774,-0.01515013184398406
0.5075617432594299,0.5886605858802796,-3.389720717450475e-08,0.48702778220176696,0.552051854133606,0.0009384914068505,0.47689862251281734,0.4995762467384338,-0.0015365055471192799,0.46947122812271125,0.45538070797920227,-0.0049655865179374405,0.45502898693084715,0.4335933804512024,-0.007902668602764541,0.4869198083877564,0.46235280036926274,-0.0040170021820813,0.5131058454513551,0.4194259166717529,-0.007891581580042781,0.5235410809516907,0.4265075385570526,-0.008725902251899181,0.5264133214950562,0.43450834155082707,-0.008684545196592761,0.4998398959636688,0.4685645818710328,-0.00808539520949122,0.526912009716034,0.4288157403469086,-0.01119845341891044,0.5357772946357727,0.4412663757801056,-0.011249865964054981,0.5370163917541504,0.4535707473754883,-0.01122816167771812,0.5142201662063599,0.4808169722557068,-0.011972190625965561,0.537587296962738,0.4392159342765808,-0.015125258639454802,0.5453156113624573,0.4499146640300751,-0.01325813662260766,0.5463760614395142,0.4601292431354522,-0.011936561949551061,0.528757917881012,0.49623467922210696,-0.015558615513145881,0.5410069584846497,0.4527695834636688,-0.01739303246140476,0.5485685110092163,0.4263513207435608,-0.01634448636323208,0.5537005424499511,0.4016112148761749,-0.015579228289425298
0.5075247526168823,0.5806868195533752,1.6413424930306056e-08,0.4875471293926239,0.5449229598045349,0.0022551530040800204,0.4780012488365173,0.4931034445762634,0.0002543901384342399,0.4708060324192047,0.4497194468975067,-0.00303533753613006,0.45651007890701295,0.4284436523914337,-0.006326336506754101,0.4849051356315613,0.4565347194671632,-0.00325098624452944,0.5115407705307007,0.41208462119102474,-0.007518281973898361,0.5246159791946412,0.41183335781097413,-0.00901052188128228,0.5306497097015381,0.4145786583423615,-0.0094524029642343,0.49662637710571284,0.46198946237564087,-0.00826239623129364,0.5251777768135071,0.42003860473632815,-0.011433925665914961,0.5371224999427795,0.4248911559581756,-0.011826314777135782,0.54189692735672,0.4321341931819916,-0.012151255458593321,0.5101847171783448,0.473816192150116,-0.01305697355419394,0.5345160007476807,0.4303201258182526,-0.016027937456965423,0.54515221118927,0.43305799961090086,-0.01461135055869814,0.5495488524436951,0.43692874312400815,-0.01385879665613168,0.5243818402290344,0.4890240907669067,-0.01751797832548614,0.5359019041061401,0.44516622424125674,-0.01913317814469332,0.5429905772209167,0.41795174479484554,-0.01796968840062614,0.5482098579406738,0.39298720955848687,-0.017272478528320718
0.5066881775856018,0.5711386680603028,7.752630892809975e-08,0.4883299589157104,0.5349562406539917,0.00389852640219026,0.4798740386962891,0.4845223665237427,0.00218366112676448,0.47296940088272094,0.44284548163413995,-0.00119095979025582,0.4591181993484497,0.4223204374313354,-0.0050319695845245805,0.48404306173324585,0.45030363202095036,-0.00318011092022058,0.509951937198639,0.4035155773162842,-0.008070968464016861,0.5252744317054749,0.3952242314815521,-0.010360466875135862,0.5345515847206116,0.3921298265457154,-0.0114595707505941,0.4943947851657867,0.45553846359252936,-0.00946507342159746,0.5226607918739319,0.40922335386276243,-0.01310616526752706,0.5375939130783082,0.4046393930912017,-0.01411843616515392,0.5461565017700196,0.4052504122257232,-0.015049930475652163,0.5070214748382569,0.467084002494812,-0.01540561970323322,0.5309572577476502,0.41897034645080566,-0.018533582985401142,0.5445078611373901,0.4126691460609436,-0.0178232358768582,0.5522650241851806,0.4095862984657288,-0.017843524552881664,0.5207573771476746,0.4818537354469299,-0.0209313470870256,0.5316501498222351,0.4373401820659637,-0.022791078314185104,0.5384203791618347,0.40963389873504635,-0.02194027379155154,0.5437729716300965,0.3846140444278717,-0.02163585722446434
0.5059792876243592,0.5607300043106079,1.3561325857835983e-07,0.4899134993553162,0.5237513065338135,0.0052930912934243,0.4824439108371734,0.47507716417312623,0.0037014642264693596,0.47618109583854673,0.43565942049026485,0.0002421115641482601,0.4634416401386261,0.4157549023628235,-0.00394912024494256,0.4845210075378418,0.44314123988151555,-0.0038267912343144003,0.5092876195907593,0.3945052683353424,-0.009560036472976161,0.5252944707870484,0.3793000757694244,-0.01258752420544622,0.5363304734230042,0.3706840515136719,-0.014273105934262242,0.4934578657150268,0.44903934597969053,-0.01123205497860906,0.5205212712287903,0.397937524318695,-0.01571355406194922,0.5372468709945678,0.38322382569313046,-0.01747064776718612,0.5486334443092347,0.3760738372802734,-0.019003265723586044,0.5048443794250488,0.4607496500015259,-0.01812333017587658,0.5273465871810914,0.407475608587265,-0.02166027650237082,0.5425674676895141,0.39172974824905393,-0.02172269187867638,0.5526751279830933,0.3812482118606567,-0.022471581771969742,0.5177704095840455,0.47511284351348876,-0.024510772153735122,0.5275369763374329,0.4307372093200683,-0.026950604468584022,0.5336945414543152,0.4031847417354584,-0.026645330339670138,0.5388662815093994,0.37873758077621456,-0.026809019967913558
0.5054004192352295,0.5524927020072937,1.7212314062931003e-07,0.4913768887519837,0.5144164562225342,0.006444185785949161,0.4844858288764954,0.4673817455768585,0.00474935742095108,0.4786754548549652,0.42998569607734677,0.0010223541874438801,0.4670162677764892,0.4103727340698242,-0.00353256501257416,0.4851868450641632,0.4378926038742066,-0.0049826465779915004,0.5091176867485047,0.387271386384964,-0.01164921568706628,0.5251186966896058,0.368003249168396,-0.01517778523266314,0.5368298888206482,0.355866402387619,-0.01721921395510432,0.4929178178310394,0.4446345746517181,-0.013342770375311341,0.5188262820243836,0.38918793201446533,-0.018782499991357303,0.5360213160514832,0.3680215537548065,-0.020845590904355022,0.5485442757606507,0.35536240339279174,-0.022565583698451484,0.5032203555107116,0.4566038489341736,-0.0210342768579721,0.5243178844451905,0.399071729183197,-0.025157392583787422,0.5399422287940979,0.3775092363357544,-0.025480758026242223,0.5508987665176391,0.3619950473308563,-0.026451200619339903,0.5155131578445434,0.47057443857192993,-0.028137575089931463,0.5243729829788208,0.42636553645133973,-0.03130072653293606,0.5299377560615539,0.3995003819465637,-0.031440810486674284,0.5347601413726807,0.37582793831825256,-0.0318975437432527
0.5050296187400818,0.5418447375297547,2.0434045779893498e-07,0.493180799484253,0.5018659412860871,0.007946163322776482,0.4874785959720611,0.4565532803535461,0.00618981490842992,0.48227299451828,0.4214321970939636,0.00218059363542126,0.47185767292976377,0.40280330181121826,-0.0028255290817469003,0.4874704420566558,0.43033044338226323,-0.006288167694583481,0.5092663288116455,0.378621643781662,-0.014217266999185059,0.5244837164878846,0.3545359134674072,-0.0185222528874874,0.5363963723182679,0.3377856850624084,-0.02124914973974224,0.4935087084770202,0.43815610408782957,-0.01598333865404124,0.5167946100234986,0.3787139177322388,-0.022974984906613802,0.533732795715332,0.35049372315406796,-0.02582249492406844,0.5470042824745178,0.331322294473648,-0.028166515007615044,0.5019174337387086,0.45069111585617067,-0.024819216132163962,0.5204089045524597,0.38928101062774656,-0.030218159779906238,0.5356248259544372,0.3614003002643586,-0.03134287334978576,0.5469789743423462,0.3397913932800293,-0.03299045749008653,0.5125107169151306,0.4643600106239319,-0.03290869556367394,0.5200071930885315,0.4218685567378998,-0.0377160273492336,0.5246811151504516,0.3957408785820007,-0.03907708600163458,0.5290472388267518,0.37228377461433404,-0.040470828488469085
0.5048635482788086,0.5329479336738586,2.2208216421404364e-07,0.49473879933357245,0.494069528579712,0.007116695831064061,0.4899092555046081,0.449667888879776,0.005066017480567059,0.48652245402336114,0.41608516573905946,0.0009607908548787403,0.47914614081382756,0.39590606689453123,-0.0040571179706603,0.4905596017837524,0.4237426936626435,-0.00738135296851392,0.5092487335205078,0.3715581953525544,-0.016237198375165438,0.5228825092315674,0.343610793352127,-0.02129394300282,0.5342238545417786,0.32320898771286005,-0.02453460097312924,0.4954032003879547,0.4312985301017761,-0.016878893226385062,0.5148276805877685,0.37025893330574033,-0.02536216937005516,0.5301386952400208,0.33721051216125486,-0.02930060066282748,0.5425655364990235,0.31338819265365603,-0.0321991246193647,0.5019473552703858,0.44350512623786925,-0.025583575665950743,0.5170561671257019,0.38181885480880734,-0.03229801394045348,0.5307690262794496,0.35112380385398867,-0.0343363873660564,0.5412149667739868,0.32665822505950926,-0.03635980337858199,0.5102436900138856,0.45689207315444946,-0.03358364179730412,0.5160169839859009,0.41677281856536863,-0.039618275314569455,0.5194441556930542,0.3913462996482849,-0.04190065413713452,0.5225672960281372,0.368416279554367,-0.04383966624736782
0.5082583427429199,0.5267392754554749,2.2425623171784543e-07,0.4998428225517273,0.4903364658355713,0.0056535232928581,0.4956574320793152,0.4467756867408752,0.003319365624338359,0.493746393918991,0.4142359256744385,-0.0007441444322466796,0.48834137320518495,0.3926963150501251,-0.0056679160799830795,0.49701993465423583,0.4182428061962128,-0.008718114439398,0.5118949532508851,0.36577724814414975,-0.018338396772742238,0.5230626463890076,0.33477588295936583,-0.024177563935518242,0.5327961802482605,0.31127362251281737,-0.027922002971172304,0.5002965092658997,0.42534784674644466,-0.01757443565875286,0.5143889904022216,0.36373044848442077,-0.02679892107844348,0.526319169998169,0.3270353019237518,-0.03168038204312322,0.5362096548080445,0.29922770261764525,-0.03519616723060604,0.5043268442153931,0.4376847505569458,-0.025727609544992404,0.5143161416053772,0.37633174061775204,-0.03323416225612158,0.5242922306060791,0.34331883788108825,-0.03624801859259601,0.5320819020271301,0.3163110494613648,-0.03884807378053662,0.5092483878135681,0.4519388914108276,-0.0332467436790466,0.5118767738342286,0.4138103246688843,-0.040370202809572195,0.5131392657756806,0.3889146625995636,-0.04344715103507038,0.5142806053161622,0.3663235604763031,-0.04582035392522808
0.5117154002189637,0.5230508923530579,2.2157699675062764e-07,0.5041963279247283,0.48945028781890876,0.003600019274745101,0.5005101084709168,0.44602552056312555,0.0008603597991168398,0.49966175556182857,0.4138044714927674,-0.0031981442123651398,0.49570102095603946,0.3906873106956482,-0.008057167823426381,0.5027528941631317,0.414354157447815,-0.01002115122973914,0.5143208742141724,0.36200888752937316,-0.02024607751518484,0.5235373377799988,0.32918276786804196,-0.02685520686209198,0.5319816112518311,0.30383068323135376,-0.03110044337809082,0.5049946427345277,0.4205138862133026,-0.01790504213422532,0.514351761341095,0.35944302082061763,-0.02760444544255728,0.5232394218444825,0.32070330977439876,-0.033346930518746334,0.530830442905426,0.29071764945983886,-0.03746303804218764,0.5070417284965515,0.4327585756778717,-0.025254474207758865,0.5125010371208192,0.3728633165359497,-0.03333224765956397,0.519035005569458,0.33828558921813967,-0.0372766882181167,0.524409544467926,0.309634017944336,-0.040464254468679385,0.5089550971984864,0.44797601699829104,-0.0321050941944122,0.5089676737785339,0.4117059648036957,-0.040069808810949306,0.5085610270500183,0.3869626700878143,-0.0437921024858951,0.5081973791122436,0.36442232728004453,-0.04653070792555804
0.516847574710846,0.5172629594802857,2.1368907994201438e-07,0.512088680267334,0.48459758758544924,0.0019762719981372004,0.5089578151702882,0.4412269830703735,-0.00107942726463078,0.5084101378917695,0.40929289460182194,-0.00509454961866138,0.5053874433040619,0.3857738494873047,-0.009921391308307602,0.5104413151741027,0.4074998617172242,-0.011548575107008179,0.5174708366394044,0.3551893293857574,-0.02228101976215836,0.5242582559585571,0.3209949672222137,-0.029413036257028544,0.5310580253601074,0.29401240944862367,-0.03404943645000454,0.5105651021003723,0.41300128698349,-0.0187668981030583,0.5140251278877259,0.3525051593780517,-0.02885095439851278,0.5191818118095397,0.31223075389862054,-0.035242252051830236,0.5239532828330994,0.28044151067733764,-0.0398367822170257,0.5098341107368469,0.4262767672538757,-0.025567778572440105,0.5094480633735657,0.36856846809387206,-0.03441525883972638,0.511901205778122,0.3325012445449829,-0.0395342625677585,0.5144715905189514,0.30194284915924074,-0.043479020148515644,0.5084142446517945,0.444137442111969,-0.031912156939506504,0.5048182308673859,0.41044141054153443,-0.04110429584980008,0.5021579146385193,0.38572165966033933,-0.04578905329108232,0.4998947501182556,0.36277849674224855,-0.0491112738847732
0.5221050262451171,0.5145134091377258,2.0272742915494748e-07,0.5205372869968414,0.48346454501152036,-0.00098757296800614,0.5179503440856934,0.4395324647426605,-0.00476907957345244,0.5180139958858491,0.4067787885665894,-0.008903664723038641,0.5161032736301422,0.38120737075805666,-0.01377579905092712,0.5169886469841004,0.4025584936141968,-0.01352610290050504,0.520121693611145,0.3497107565402985,-0.024337000399827922,0.5240114450454713,0.31498922109603883,-0.03170051611959931,0.528207528591156,0.28744637966156006,-0.036485043540596916,0.5150075554847717,0.4071473717689514,-0.01933383438736198,0.5141796708106995,0.3468437492847442,-0.02925081588327878,0.5159225344657898,0.30549691915512084,-0.03584896251559252,0.5177502155303955,0.2723240733146668,-0.040525382012128776,0.5118179202079773,0.4211009263992309,-0.024972295016050285,0.5071558356285095,0.36479273438453674,-0.03397697471082205,0.5065829634666443,0.32684943079948425,-0.03981330767273898,0.5069535613059998,0.2942120432853699,-0.0441504225134849,0.5075831890106202,0.44163253903388977,-0.030353084951639162,0.5004223763942718,0.40860359072685243,-0.03982325643301006,0.4955904066562653,0.3840088129043579,-0.0446152284741401,0.4913447618484497,0.3613793611526489,-0.04785659685730928
0.526910150051117,0.512677001953125,1.823215058038841e-07,0.529628324508667,0.48045949935913085,-0.0014029340003617,0.5283299326896668,0.4359721481800079,-0.00493854545056816,0.5280315160751343,0.4029610276222229,-0.008730541355907881,0.5255998015403748,0.37817258834838874,-0.01335732676088806,0.52335684299469,0.39730516672134397,-0.013606273569166622,0.5228785872459412,0.34368034601211545,-0.02374320831149812,0.5236452341079713,0.30931720137596125,-0.030653697624802544,0.5247577548027039,0.2819212079048157,-0.035264201462268795,0.518557894229889,0.40211411118507384,-0.01927992161363362,0.5148617744445801,0.340691065788269,-0.028502415865659658,0.5140988230705261,0.29925522208213806,-0.03484743498265738,0.5134796023368835,0.26588798165321353,-0.0394145637750625,0.5126380562782287,0.4174676120281219,-0.024798980727791724,0.5055597066879273,0.35970543026924134,-0.033742318674921945,0.5034565806388855,0.3205520510673523,-0.04012248516082759,0.5024985909461975,0.2866461396217346,-0.04483510181307786,0.505728667974472,0.4406348764896393,-0.029999135434627525,0.4959036767482758,0.406826263666153,-0.03972729668021198,0.4895840585231781,0.38253535032272334,-0.04461293444037433,0.48389800190925597,0.3607932031154632,-0.04783464223146432
0.5291011095046998,0.5118099570274354,1.7824508518060615e-07,0.5354842662811279,0.47725852727890017,-0.0017561646294780003,0.5355133533477784,0.43192222714424133,-0.005129743553698021,0.5356006741523742,0.39756568074226384,-0.00878031756728884,0.5339373707771302,0.372110641002655,-0.013231642916798559,0.5261700749397279,0.39269167780876163,-0.01261157318949696,0.5250680088996887,0.3387710571289062,-0.0222753787413239,0.5251682162284852,0.3046755731105804,-0.028851355984806964,0.525489103794098,0.2772129476070404,-0.0332956604659557,0.5188700795173646,0.396995484828949,-0.01804268360137938,0.5143826484680176,0.33568639159202573,-0.026807049289345682,0.5125065445899963,0.2948502063751221,-0.03283691667020316,0.5107773303985597,0.2618501842021942,-0.0371345736086368,0.5110908031463623,0.41291509270668025,-0.023435137048363624,0.5027227520942688,0.35572866797447206,-0.03219314441084856,0.499589741230011,0.3170855760574341,-0.03849981576204294,0.4977049589157105,0.28319703340530394,-0.043069966882467225,0.5031992852687835,0.4377444744110108,-0.0285502593964338,0.4919452607631683,0.40462416410446167,-0.03811689428985114,0.48471524715423586,0.38089334368705746,-0.042816666513681365,0.4782569468021393,0.35947866439819337,-0.04579337313771242
0.533403766155243,0.5110422253608704,1.636860901044202e-07,0.5414999961853028,0.47189695835113527,-0.0018196668126620203,0.5410549521446228,0.4250010550022125,-0.00527797723188992,0.5402107357978821,0.3894203543663025,-0.00912023354321714,0.5385155439376832,0.36318876147270207,-0.01364597156643864,0.5272277235984802,0.38676844239234925,-0.011843867599964102,0.524325692653656,0.3339524328708649,-0.02144950348883862,0.5238897323608399,0.3006279468536377,-0.027933347225189163,0.5241586446762085,0.273567134141922,-0.032465948909521064,0.5191377401351929,0.3920834958553314,-0.01754893623292444,0.5135199904441834,0.3329131305217743,-0.02661714516580098,0.5128153204917908,0.293692022562027,-0.03269778601825232,0.5126137137413025,0.2621339619159698,-0.037014487385749764,0.5112213611602784,0.4093888640403747,-0.023401009663939425,0.5020878911018372,0.35524702072143555,-0.032997529953718116,0.5008795738220215,0.3176789700984955,-0.03978138938546176,0.5009287238121033,0.2846491158008575,-0.04458720311522481,0.5042180120944977,0.43590520024299617,-0.02897029332816598,0.4906170606613159,0.4063082575798035,-0.03926578350365158,0.48175345063209535,0.38445366024971006,-0.04458173587918278,0.4738522231578828,0.3644652903079987,-0.04804497733712193
0.5360313057899475,0.5123740434646606,1.5433577686962966e-07,0.543976879119873,0.4705019116401672,-0.00231292573735114,0.5430015206336976,0.4221282541751862,-0.005945429671555721,0.5419877767562866,0.38535515069961546,-0.01001774389296766,0.5407669425010682,0.3571713387966156,-0.0145853284746408,0.5263299107551574,0.38381085395812986,-0.010851774923503341,0.5228593349456787,0.3321850061416626,-0.02049636673182242,0.5223650217056275,0.29917500615119935,-0.02713515199720854,0.5229372024536133,0.27229665517807006,-0.03186568468809122,0.5185330748558045,0.38985014557838443,-0.016523939371108978,0.5129467368125915,0.3327903032302857,-0.02598625645041458,0.5141019582748414,0.29467440247535703,-0.03232988230884071,0.5159480452537537,0.2641838252544403,-0.03678752779960626,0.5112744212150574,0.40741826891899113,-0.022580442577600446,0.5026908993721009,0.35559179782867434,-0.03281698971986764,0.504045981168747,0.319023460149765,-0.039834058284759485,0.5064180850982666,0.28711533546447754,-0.044705854356288884,0.5054843008518219,0.43394162654876706,-0.028441615030169457,0.49052920341491696,0.407152545452118,-0.03907979167997834,0.4806165277957916,0.3873029947280884,-0.0446948058903217,0.4716669023036957,0.36919451355934146,-0.04842636957764622
0.5378508567810059,0.5138416409492492,1.4751017829439664e-07,0.540897524356842,0.47145766019821167,-0.0010001577902585203,0.536946177482605,0.4229497790336608,-0.00413719782081895,0.5332303643226624,0.3873753428459168,-0.008133518602699001,0.5300751090049745,0.35968387722969064,-0.012445269711315581,0.5236313343048096,0.38230377435684204,-0.00813558939844364,0.5216760396957398,0.33054289221763616,-0.017480132728815,0.5233954310417175,0.29866809844970704,-0.024020266160368862,0.5265774011611939,0.27319235205650333,-0.02874049022793764,0.5182956218719482,0.3885568737983704,-0.01448876578360792,0.5138273119926453,0.3325314104557038,-0.0243725705891847,0.518553650379181,0.2973860204219818,-0.031126011535525265,0.5241291403770447,0.27074189782142644,-0.035715857148170396,0.5131794333457947,0.40609031915664673,-0.0212837096303701,0.5057955741882324,0.3553571760654449,-0.0322965003550052,0.5107932090759277,0.3219607949256897,-0.0398152850568294,0.5164145588874818,0.29434018731117245,-0.04481146484613415,0.5092044174671173,0.4317720353603363,-0.02777836471796032,0.4934163451194763,0.40763993859291076,-0.03897335715591904,0.48219975233078,0.389713442325592,-0.0453520335257053,0.47213789224624636,0.3737275123596192,-0.049668313562870006
0.5387760519981385,0.5149799704551697,1.382435442565111e-07,0.5362963914871216,0.47139744758605956,1.1771591380239856e-05,0.5295037984848023,0.42273802757263185,-0.0030188345670467097,0.5241751194000244,0.38749920129776005,-0.00727394192945208,0.519444340467453,0.36007786393165586,-0.011768380366265721,0.5188276171684265,0.38057312965393064,-0.0070871063042431594,0.5214887976646424,0.32971405386924746,-0.017104785144329,0.5276479363441468,0.3009569585323334,-0.024155722931027364,0.5354766964912414,0.2788292706012726,-0.029160771146416596,0.5164146780967712,0.3875132977962494,-0.01422401797026392,0.5158903121948243,0.3335184991359711,-0.025259949639439522,0.5254403829574585,0.3027608275413513,-0.03274497464299197,0.5356830000877381,0.280661278963089,-0.03771105855703348,0.5142512321472168,0.40525358319282534,-0.021856277436017944,0.5101709723472595,0.35682892203330996,-0.03406895808875554,0.5193788409233093,0.32836221456527703,-0.04235208034515376,0.5286418080329895,0.3062877357006073,-0.04770962148904796,0.5133605957031251,0.42961479425430293,-0.02912458181381222,0.4972624301910401,0.40905780792236335,-0.04114870242774482,0.48483245968818667,0.3932440876960754,-0.048642306029796564,0.4741318583488464,0.3785964548587799,-0.05385186448693272
0.5391883611679078,0.5151675701141358,1.1789981471110878e-07,0.531225860118866,0.46977574825286866,-2.8098514303559973e-05,0.5219934344291688,0.4197097599506378,-0.0029587753437226496,0.5151670336723327,0.3840894520282746,-0.00704131133388722,0.5088269650936127,0.3567794382572174,-0.011239684000611242,0.515485942363739,0.3792738735675812,-0.006552104419097261,0.5208031058311463,0.33081024289131167,-0.01653534770011896,0.5301769018173218,0.3070719838142395,-0.023517960682511285,0.5408945441246034,0.2900797307491303,-0.02835483662784094,0.516070294380188,0.38743160963058476,-0.01337012667208906,0.5199041724205017,0.3358980298042297,-0.024758998677134464,0.5343729496002197,0.31106337308883664,-0.032436531037092146,0.5488898396492005,0.29442479014396666,-0.03743841461837286,0.5163575530052186,0.40503752827644346,-0.02074411753565068,0.517611312866211,0.3588252305984497,-0.03338170684874052,0.5322336435317994,0.33519017696380615,-0.04190235584974286,0.5457693934440613,0.3184370040893555,-0.04720933809876437,0.5173218488693238,0.4277293741703033,-0.02773307543247936,0.5044576168060303,0.4077744603157043,-0.039468995854258504,0.49473816752433775,0.39415713548660275,-0.047092702984809845,0.4864542245864869,0.3820543766021729,-0.052467824518680546
0.5374889731407165,0.5152558565139771,1.0803865961861448e-07,0.5259955406188964,0.47031464576721194,-0.0003576970659196399,0.5161248922348023,0.419552743434906,-0.0029416805453365497,0.5091180443763733,0.38342968225479135,-0.00651854097377502,0.5019689857959748,0.3563409447669983,-0.010170975141227181,0.513899850845337,0.37928436398506166,-0.00579010774381456,0.5230491518974304,0.33181576728820805,-0.015323955938219981,0.535507333278656,0.31259300708770754,-0.021995865553617423,0.5483741998672486,0.3002677440643311,-0.026410072669386817,0.515770435333252,0.3871432840824127,-0.011772744730114899,0.5243015646934509,0.33604614734649657,-0.022752585262060122,0.5414044618606568,0.3161190867424011,-0.03025669977068894,0.557558023929596,0.30386672616004945,-0.035005866736173584,0.5167860627174378,0.40379518270492554,-0.01830224134027952,0.5228495597839355,0.35732642412185667,-0.030340895801782564,0.5399317741394043,0.3379582703113556,-0.0385483883321285,0.5548795819282533,0.3256850838661194,-0.043426683545112546,0.5177349925041199,0.4247928261756897,-0.0244726590812206,0.5090225875377655,0.4026049196720124,-0.035029997676610906,0.5027368605136872,0.3898678600788116,-0.04198176264762875,0.49754025936126717,0.3792111337184906,-0.04679091125726696
0.5354246735572815,0.5152555704116821,7.85254633317578e-08,0.5199363231658936,0.4727108418941498,0.00118709588423368,0.5102941274642945,0.42383948564529417,-7.052070868666959e-05,0.5041608333587647,0.38848608136177065,-0.0022819154663010995,0.49775528311729433,0.3624839842319489,-0.004489285126328421,0.5122724771499635,0.3847547113895416,-0.0037756248377263605,0.5211453557014465,0.3379459381103516,-0.010912849474698281,0.5333146691322327,0.32406214475631717,-0.015560310240834922,0.5456282734870911,0.31665563583374023,-0.018570871651172622,0.5162781596183776,0.3908653080463409,-0.009111112402752,0.527577257156372,0.34001071453094484,-0.018437119293957922,0.5456124186515809,0.3263415277004241,-0.0247237674891948,0.5620711326599122,0.31968111991882325,-0.028472043760120823,0.5188091754913331,0.4045569121837616,-0.014612434711307222,0.5277822494506836,0.3584081053733826,-0.024801513180136642,0.5449917316436768,0.34560691118240355,-0.031791934184730024,0.5596546769142151,0.33966107964515685,-0.03571040797978632,0.5204450845718384,0.4215061545372009,-0.01955885440111156,0.5157611966133118,0.39724280238151555,-0.028020448237657508,0.5128274142742157,0.38712971806526175,-0.03354695737361902,0.5107731699943543,0.37985379099845884,-0.037212098576128436
0.5329052329063415,0.511915409564972,3.917588515811588e-08,0.5172733545303345,0.46960445642471316,0.0010132479947060201,0.5089500546455383,0.4204190790653229,0.00016338820569215983,0.504766196012497,0.38271167278289797,-0.0013574741285992595,0.49911823868751526,0.35613601803779604,-0.002695798291824722,0.5106517672538757,0.3865994453430176,-0.0033882842864841204,0.5204011917114257,0.34301311373710636,-0.009372762683778981,0.532043993473053,0.33589330911636356,-0.012900872901082022,0.5428427338600159,0.334942376613617,-0.0148374724201858,0.5158036351203918,0.3926031053066254,-0.00744847464375194,0.5291274785995483,0.34593865275382996,-0.014840464014559941,0.5453586220741272,0.3389338612556457,-0.019559583161026184,0.5591632723808289,0.33772509694099423,-0.02225160775706168,0.5197458267211915,0.4046021461486817,-0.01154343578964466,0.5306659698486328,0.3623836874961853,-0.0194179160520434,0.5458983540534974,0.355859500169754,-0.024266966804862,0.5580005526542664,0.3555371284484863,-0.026738235913217,0.5228601574897767,0.4188766002655029,-0.015129857696592761,0.5217116475105286,0.3937803149223328,-0.020969624444842305,0.5215074360370636,0.3854447185993194,-0.02419146858155722,0.5214716255664825,0.38030022382736206,-0.026064314786344724
0.5300198912620545,0.5092878103256225,7.046617733763579e-09,0.5154511094093323,0.46766079664230353,0.00053320815786718,0.5075766801834106,0.4180397570133209,-0.0004462823853828002,0.5035201132297515,0.37918190360069276,-0.0018495178519515197,0.497353607416153,0.3526952803134918,-0.0029389586998149224,0.5095539808273316,0.38821853399276735,-0.00372986737638712,0.5220414996147156,0.34856367707252506,-0.00923382723703978,0.5342860221862793,0.34735103845596316,-0.012173420935869199,0.5442354440689088,0.351174795627594,-0.013425475638359781,0.5149494528770446,0.39423918128013613,-0.0069136190693825,0.5319929838180543,0.35107786059379575,-0.013290819246321861,0.5479512929916383,0.35067173242568966,-0.01674344586208456,0.5602312684059143,0.354612272977829,-0.01838025590404864,0.5199334740638732,0.4056538343429566,-0.010078071057796421,0.5344613790512085,0.3656568229198456,-0.016475341282784904,0.5493630766868591,0.36382340788841244,-0.019351112842559783,0.5599522709846497,0.36757459640502926,-0.020260393805801802,0.5245144605636597,0.4190646350383758,-0.012808875925838903,0.5269046306610108,0.3889509975910187,-0.01678295992314812,0.5290852904319764,0.3785280644893646,-0.0180808655917644,0.5305711269378663,0.3726305484771728,-0.01842007907107468
0.5276874899864197,0.5072200059890747,-2.7081316877897174e-08,0.5136258959770202,0.46712239980697634,0.00143548292107878,0.5056486129760742,0.4181492805480957,0.0005117370979860399,0.5010130345821381,0.3795748054981232,-0.0009911343193380199,0.4937014937400818,0.3545052886009216,-0.0021667560329660224,0.5070734262466431,0.3898357808589935,-0.0036190817132592205,0.5222786664962769,0.3529379665851593,-0.00880852630361912,0.5345194339752197,0.3560859799385071,-0.0113096609711647,0.543520736694336,0.3632952988147736,-0.012183231767266982,0.5130805253982543,0.39591002464294434,-0.00726494225673372,0.53332839012146,0.3555753529071808,-0.01314708115532988,0.5487805604934692,0.3600326299667358,-0.015728952083736602,0.5596661925315858,0.3679264008998871,-0.01665345272049304,0.5196937918663025,0.40743473768234256,-0.010768382996320661,0.53685040473938,0.3689507126808167,-0.01647347826510664,0.5513675451278687,0.3705558359622955,-0.01812027208507056,0.5606708407402039,0.37730024456977845,-0.01813324820250266,0.5265932798385621,0.4204424321651458,-0.013781095296144442,0.5293091654777528,0.3875238239765167,-0.0170992515981197,0.5303348302841187,0.3748235166072845,-0.01751367188990112,0.5304238915443421,0.3674465954303741,-0.017196862492710303
0.524097752571106,0.5046404123306274,-6.543677470993715e-08,0.5106542944908142,0.4666011750698089,0.00199013616656882,0.5031319499015808,0.41823229789733884,0.0009125377284362803,0.4982037007808685,0.3795558631420136,-0.0008290247729746802,0.4893840491771698,0.3558270514011383,-0.002179400599561583,0.5042445600032807,0.3920214533805847,-0.00413715643808244,0.522965931892395,0.35701268911361694,-0.009088072832673759,0.5346743941307068,0.3651280581951142,-0.01099336296319962,0.5415303945541382,0.3765986621379852,-0.011290436517447221,0.511346733570099,0.39846374988555905,-0.00797001845203334,0.5351161956787109,0.36148555874824523,-0.01311430567875498,0.549207353591919,0.37157883644104,-0.01447219150140876,0.5574262022972107,0.3841371417045593,-0.01455082288011904,0.5198379278182984,0.41034394502639776,-0.011537600308656621,0.5401984333992005,0.3733671188354492,-0.01641477439552542,0.5534300804138184,0.379709529876709,-0.0163623642176389,0.5602694869041444,0.3905980229377747,-0.01523022036999458,0.5291411995887756,0.4232086420059204,-0.01458076741546388,0.5337431192398072,0.38810792565345764,-0.01723176725208756,0.5345260620117188,0.37390425801277155,-0.01655465662479396,0.5336574077606202,0.36578978300094606,-0.015410050470381919
0.5202966690063477,0.5023124456405639,-9.025258833617046e-08,0.5080520272254945,0.4641437292098999,0.00100944918813182,0.5000719487667085,0.41388405561447145,-0.0011781360488384801,0.49375733137130734,0.3741203606128693,-0.00408623793337028,0.4817777216434479,0.351457804441452,-0.0065539793809875225,0.5017506301403045,0.38863950967788696,-0.00590941724367436,0.5281366109848022,0.3562785148620605,-0.01228241883218284,0.5416964888572693,0.3697383165359497,-0.01489256480708716,0.5480619311332704,0.3854900658130645,-0.015424507390707701,0.5092521190643311,0.3969318926334381,-0.00995065318420524,0.5385558009147644,0.36408572793006894,-0.015442616492509761,0.5522470116615296,0.3798557639122009,-0.01620804602280254,0.5584904909133911,0.39626293182373046,-0.01594051448628302,0.5188727259635926,0.411171305179596,-0.013928546477109121,0.544392442703247,0.3754621863365174,-0.019244627095758884,0.5582119822502136,0.38604583740234377,-0.018047011829912602,0.5639704704284668,0.3999600350856781,-0.016084228828549322,0.5299955248832703,0.42635700702667234,-0.01753963734954592,0.5372467279434204,0.38889026641845703,-0.02062435746192928,0.5382980585098267,0.37220485210418697,-0.01956813633441922,0.5368433117866517,0.3616298198699951,-0.018138380628079123
0.5177085757255555,0.5034761667251587,-9.978937924870481e-08,0.5066083312034607,0.46595187187194825,0.00030645582592114,0.4986879646778107,0.41499054431915283,-0.00270117651671168,0.4919003307819366,0.3754400670528412,-0.00638058893382546,0.47883049845695497,0.353637820482254,-0.009561833925545141,0.5008762300014495,0.38780783414840697,-0.00782315675169226,0.5324208855628968,0.35688195824623103,-0.014704777859151318,0.5458924055099488,0.37389199733734135,-0.01724319122731682,0.5508286118507385,0.39084460139274596,-0.01780047751963134,0.5083043217658997,0.39721748828887943,-0.012000494822859722,0.5424384713172913,0.36561447381973267,-0.01797788180410854,0.5561461448669434,0.3854528903961182,-0.01815310046076768,0.5613973021507263,0.4035129964351654,-0.01747088748961682,0.518317723274231,0.41313775181770324,-0.01614831294864408,0.5487045526504517,0.3769739270210266,-0.021956650912761645,0.562773835659027,0.3917286515235901,-0.019852926582097943,0.5677578330039978,0.40772320032119747,-0.0172464702278375,0.5304457902908325,0.43033653497695923,-0.020019752532243702,0.5405842185020447,0.3904385387897491,-0.02378015555441376,0.542942488193512,0.37189991474151607,-0.02272924259304998,0.5422937870025635,0.3589830994606018,-0.02130023576319212
0.5161581873893738,0.5040427446365356,-1.0952824283094744e-07,0.5048977375030518,0.46750791668891906,-0.00032624941086396007,0.4972502768039704,0.41638941764831544,-0.0038470390136353403,0.49062896370887754,0.3764553248882294,-0.00788462972268458,0.47710927724838254,0.35478803515434265,-0.011237401049584081,0.5011236727237701,0.3882430672645569,-0.00909801488742228,0.5335803151130676,0.3572232007980346,-0.015660556033253618,0.5443819880485534,0.3765784561634064,-0.01748740188777442,0.5460466027259827,0.3943327128887177,-0.01767556779086584,0.5094209313392639,0.39838342666625975,-0.012858513928949801,0.5437368869781494,0.3678415119647979,-0.0183607377111911,0.5548311233520508,0.3903681397438049,-0.01760567836463444,0.5573631763458252,0.40938920974731446,-0.01644893344491714,0.5198750257492066,0.41479255557060246,-0.01653968356549732,0.5506552457809448,0.37921904325485234,-0.022030158340930882,0.562243926525116,0.39800048470497135,-0.018772760033607422,0.5648459196090698,0.41615719199180595,-0.01554957367479796,0.5322376012802125,0.4326968908309936,-0.02000267878174778,0.5444294452667237,0.3940655708312988,-0.023837045952677702,0.5480746030807495,0.3769179344177246,-0.022427171468734717,0.5483061075210571,0.3642239570617676,-0.020724506676197
0.5155018210411072,0.5051949501037598,-1.1458555206900204e-07,0.5033085227012635,0.469874519109726,-0.00108429155079646,0.4956576406955719,0.41873763799667363,-0.005117378639988561,0.4889217257499695,0.37835733294487006,-0.00948239453136916,0.475013917684555,0.3569812715053558,-0.0129159485921263,0.5015233814716339,0.38968417048454285,-0.010093666985630939,0.5344417572021485,0.3580222487449645,-0.016302118264138642,0.542216992378235,0.37960036993026736,-0.017537313327193202,0.5403736591339112,0.3976877987384796,-0.01752206049859518,0.510854172706604,0.4003279030323029,-0.013369006104767302,0.5444666385650635,0.3703064799308776,-0.018196092173457083,0.5522857785224914,0.3947323262691498,-0.01657854057848446,0.5515508174896241,0.41381809711456297,-0.015162921138107702,0.5218814849853516,0.4168506443500519,-0.016555400006473,0.5521135807037354,0.381125557422638,-0.02139593325555318,0.5603396534919739,0.4028570950031281,-0.01697323508560652,0.5599431395530701,0.42204123139381405,-0.01335546821355816,0.5344638109207154,0.4352677583694458,-0.019625195860862678,0.5490286707878114,0.3986655235290527,-0.02320798337459562,0.5543687224388123,0.3826222658157349,-0.02140958569943902,0.5558880209922791,0.36921884417533873,-0.0195728942751884
0.5160267472267152,0.5079438924789429,-1.2377233105098642e-07,0.5026630997657776,0.47315055131912237,-0.0017010675510391402,0.4944812774658203,0.4219570994377136,-0.00607834632974112,0.4874130725860596,0.38147082924842834,-0.0106272734701633,0.4734227418899536,0.3603922545909881,-0.01404202450066798,0.5026179194450378,0.39067738652229306,-0.01053703315556046,0.5354613065719604,0.36008265614509577,-0.01633020918816322,0.5406400680541992,0.38378616571426394,-0.017210321128368317,0.5362378597259522,0.4016556084156036,-0.01721385382115834,0.5125900745391846,0.4015464007854462,-0.013460214994847761,0.545500123500824,0.37268660068511955,-0.017807909473776758,0.5507362484931946,0.3987141609191895,-0.01576160900294774,0.5478083372116089,0.41752701997756964,-0.014247346669435421,0.5239884018898011,0.41797037124633796,-0.01628250014036888,0.5534314036369324,0.3837367832660675,-0.0206993788480758,0.5589911937713623,0.4075960695743561,-0.01568097081035372,0.5564679265022278,0.42698856592178347,-0.0118878865614533,0.5367994546890259,0.4366395592689514,-0.01907165385782712,0.5522955775260926,0.40146509408950803,-0.02251061275601384,0.5583537101745606,0.38626949787139897,-0.020462398231029483,0.5605390071868896,0.37229488492012025,-0.018506325781345322
0.5173593044281006,0.5111830234527588,-1.2298474558747332e-07,0.5023806095123291,0.47692254185676575,-0.00256563066504892,0.49359865188598634,0.4257532119750977,-0.007258001156151241,0.4862357854843139,0.384860908985138,-0.011876453645527321,0.4722859740257263,0.3633880734443664,-0.01520076766610138,0.503705370426178,0.392477411031723,-0.01078711915761228,0.5359650015830995,0.362621384859085,-0.0161989670246839,0.5394998550415039,0.3865507662296295,-0.017029202543199,0.5337229013442994,0.4035778343677521,-0.017226658761501243,0.5143694519996644,0.4036173105239868,-0.013206243701279142,0.5459147453308106,0.3754922330379486,-0.0170136926695704,0.5491833686828613,0.4009059429168701,-0.015034688636660519,0.5446588635444641,0.4186012268066407,-0.013824201561510482,0.5262340188026429,0.42011481523513794,-0.01553912870585912,0.5542541742324829,0.387181031703949,-0.0193118762224912,0.5573991656303406,0.41055712699890134,-0.01420117653906342,0.5529953002929687,0.42872178554534907,-0.01068113446235654,0.5391412496566773,0.4392007410526275,-0.01794252730906002,0.554616641998291,0.40593451261520386,-0.021007263660430882,0.5611919045448304,0.39025890827178955,-0.01891544759273526,0.5640510797500611,0.3746737778186798,-0.01707226112484926
0.5184086561203004,0.513506841659546,-1.227982167506525e-07,0.5022027611732482,0.47907673716545107,-0.0028060587821528,0.4930595576763153,0.42813644409179685,-0.007486421708017521,0.4854823529720306,0.3871234953403473,-0.012023334577679599,0.47156049013137813,0.3656359553337097,-0.01521774400025598,0.5044907212257386,0.3943028688430786,-0.0103929072618484,0.5360929369926453,0.3648350536823272,-0.015531878918409299,0.5391356468200683,0.3884523391723633,-0.01645337492227548,0.5330106139183045,0.404982727766037,-0.016846251115202843,0.5156141161918641,0.4053299307823181,-0.012659314461052382,0.5460134506225586,0.37798995375633243,-0.01599961631000038,0.5483323454856872,0.40226523280143733,-0.014252437651157341,0.5430178046226501,0.4189833402633667,-0.01343823019415132,0.5277914166450501,0.4216549873352051,-0.014857090450823241,0.554625678062439,0.3897618293762207,-0.01818401031196112,0.5564763069152833,0.4117307782173157,-0.01331455055624244,0.5510819077491761,0.4283852934837341,-0.010218811966478801,0.5407636880874634,0.4408220112323761,-0.01716373674571506,0.5563651919364929,0.40879383683204645,-0.01995277144014832,0.5635123014450073,0.3927865743637085,-0.01792737655341622,0.5670308470726013,0.3763217031955719,-0.01626357287168496
0.5190163850784302,0.5171603679656982,-1.2332816794469182e-07,0.5017181038856506,0.482359254360199,-0.00282544046640394,0.49243261218070983,0.43159642815589905,-0.00740549433976404,0.4847500681877136,0.3903659105300903,-0.011827525310218301,0.4708419263362884,0.3689613223075867,-0.01486838757991784,0.5054182171821595,0.39722936749458315,-0.009656280651688519,0.5363688826560974,0.36802464127540585,-0.0144435508176684,0.538743782043457,0.3912498235702515,-0.015478031150996621,0.5322219848632813,0.4072620749473572,-0.016099986247718284,0.5171239495277404,0.40796597599983214,-0.011847132258117163,0.5464109539985657,0.3814865469932556,-0.014576766826212381,0.5476671814918519,0.4044781684875488,-0.013102917559444881,0.5415482759475708,0.42006208896636965,-0.01275634132325642,0.5296727418899536,0.42396200895309444,-0.0139661114662885,0.5554369688034059,0.39324777126312255,-0.01668757740408178,0.5558701753616333,0.4136094093322754,-0.01207284443080422,0.549373996257782,0.42865974903106696,-0.009456426277756662,0.5426642298698425,0.4431062817573547,-0.016223216801881723,0.5587504148483277,0.41246229410171503,-0.0186562672257423,0.5665706038475037,0.3965206801891327,-0.01666673626750704,0.5707272887229919,0.3796523928642273,-0.01516227405518286
0.5185731768608094,0.5217118501663208,-1.3009401129693287e-07,0.500899338722229,0.4859735071659088,-0.00256222363095728,0.49186793565750125,0.435090184211731,-0.007031269650906261,0.4843867123126984,0.3936802625656128,-0.011406665109097922,0.4703491389751434,0.3721524298191071,-0.014395026490092222,0.5063992261886596,0.40009725689888,-0.009008090943097999,0.5371109366416932,0.3718809843063354,-0.013428371958434542,0.5390323519706727,0.3949323892593384,-0.014388691820204202,0.532360875606537,0.4109032034873963,-0.015026379376649801,0.5185945510864258,0.4107145428657532,-0.011303005926310963,0.5476564407348632,0.3857403218746186,-0.01355835292488334,0.5484108805656434,0.40836865305900577,-0.012210204266011701,0.5420341849327088,0.42355715632438656,-0.01207691077142948,0.5314466118812561,0.42674514651298523,-0.013486617617309023,0.5571063280105591,0.39802906513214115,-0.01590707488358018,0.5569306015968323,0.41796934008598324,-0.01149061452597376,0.5498618960380555,0.43244055509567264,-0.00910440832376476,0.5445214152336121,0.44618481397628784,-0.01578655689954752,0.5611097812652588,0.4158332467079162,-0.018174339085817302,0.5691379904747009,0.40048540830612184,-0.01618482973426576,0.5732884764671327,0.3843809008598328,-0.014667653851210999
0.5180196046829224,0.526240062713623,-1.274569711995355e-07,0.5000909626483918,0.48949541449546813,-0.00213348334655162,0.4912616431713105,0.4387321829795838,-0.006501244846731361,0.4838428437709808,0.3972204506397248,-0.010869819298386521,0.469751763343811,0.375585675239563,-0.013847119547426642,0.5072676181793213,0.40388785600662236,-0.008522324822843,0.5372322201728821,0.3760853826999664,-0.0124778881669044,0.5388456463813782,0.39819616079330444,-0.01311679836362594,0.5323399305343628,0.4138112783432007,-0.013637017458677243,0.5200380921363831,0.4145377278327942,-0.011068632826208999,0.5482170462608338,0.38990257382392884,-0.01293170657008884,0.5486248135566711,0.41144792437553407,-0.011595641262829283,0.5422342538833619,0.42597823739051816,-0.01161355879157776,0.533228349685669,0.4307302713394165,-0.013448033481836241,0.5581549048423767,0.4022301256656647,-0.01551914699375626,0.5576119780540467,0.4209509551525116,-0.011234334670007182,0.550392234325409,0.4345061361789704,-0.009117610566318001,0.5462589740753174,0.4506178736686707,-0.01590621881186958,0.563158118724823,0.42074411511421206,-0.018216589465737322,0.571598744392395,0.4054790437221527,-0.0163657700642943,0.5761175274848938,0.38922897577285764,-0.015035086311399859
0.5172346591949464,0.5301150321960449,-1.2868189855907988e-07,0.49937921762466436,0.4926002860069275,-0.0017960072262212202,0.4908671736717224,0.44178503155708315,-0.00611512353643768,0.4835128664970398,0.40018444657325747,-0.01052320469170802,0.4693445861339569,0.3785435616970062,-0.01351759228855366,0.5078494429588318,0.4069794058799744,-0.008228139020502501,0.5375357866287231,0.37949571013450617,-0.011971652694046441,0.5388781905174256,0.40136483311653137,-0.012396991625428143,0.5324018478393555,0.4169770181179047,-0.012794214859604781,0.5209913969039917,0.41758373379707336,-0.01096813175827258,0.5488664150238037,0.39313290119171146,-0.012659060582518561,0.5490527868270875,0.41441980004310613,-0.011251552961766682,0.5426921129226685,0.42874652743339536,-0.0112667310982942,0.5343861222267151,0.43376845121383667,-0.013506122492253702,0.5591581106185913,0.4053390145301819,-0.01543218232691284,0.5584557294845581,0.4236473262310029,-0.011125515960156861,0.5511527419090271,0.436993682384491,-0.00904656797647472,0.5473870277404785,0.45382952094078066,-0.01609565578401086,0.5649090051651001,0.4239794731140137,-0.01837529502809046,0.5735336661338807,0.4093595147132874,-0.01649784352630372,0.577986228466034,0.3937914490699769,-0.015156772173941058
0.5161506175994873,0.5349743127822876,-1.2978735242086262e-07,0.49834463596344,0.49649171233177186,-0.0014879496535285801,0.4903328061103821,0.4457054138183594,-0.00569705693051212,0.48318948745727536,0.40406534075737,-0.01006338484585278,0.4689224660396576,0.38258046507835386,-0.012990900129079781,0.5086019754409791,0.4112251222133636,-0.007776650134473981,0.5377395033836365,0.3841943502426147,-0.01120810229331248,0.5385522723197936,0.4057135581970215,-0.011400969512760583,0.5320221185684204,0.42130402922630317,-0.011673874221742101,0.5222955584526062,0.4218375027179718,-0.010647012107074201,0.549383294582367,0.3978362143039703,-0.012048847600817661,0.549095892906189,0.41862890720367435,-0.010598197579383802,0.542774212360382,0.4327317774295807,-0.01064614392817016,0.535945463180542,0.43811253309249887,-0.013287453912198481,0.5600791931152345,0.41010053753852843,-0.0149863954633474,0.5589848279953002,0.4277919828891754,-0.010749253630638061,0.5516219019889831,0.4408803522586823,-0.00877389106899494,0.5488396048545837,0.4583757162094117,-0.01595300417393444,0.5668171644210815,0.42878030538558964,-0.01813528947532174,0.5757884621620178,0.4148909747600556,-0.01627849806100124,0.5805355548858643,0.4000894665718079,-0.014967976324260161
0.5153121590614319,0.5394376039505004,-1.2941164300173115e-07,0.49742793440818794,0.5001068651676178,-0.00148910728748882,0.4895996630191803,0.44949357509613036,-0.0056851266883312995,0.482478129863739,0.4080074846744537,-0.010062220320105482,0.46821709871292116,0.38662322163581847,-0.012968871928751421,0.5094044446945192,0.41523993015289307,-0.00750149153172964,0.5377090096473695,0.3892253220081329,-0.010617281682789241,0.5382162809371948,0.410389506816864,-0.010542902909219222,0.5317327737808228,0.425999128818512,-0.01063976380974048,0.5235426783561707,0.42614070177078256,-0.010382108949124742,0.5495767354965211,0.4029655575752258,-0.011632523871958221,0.5489516139030457,0.42336108684539797,-0.01018783487379546,0.5427218437194824,0.43741186857223513,-0.0102251879870891,0.5373548150062561,0.44279505014419557,-0.01304192971438164,0.560643208026886,0.41523594260215757,-0.014713074639439539,0.5593508720397949,0.43251786231994627,-0.010660553909838142,0.5521795511245727,0.44551520943641665,-0.0087657038122415,0.5501339197158814,0.4635028243064881,-0.0157080231234431,0.5681936502456665,0.4339836597442627,-0.01787008792161938,0.5775073409080506,0.4202909469604493,-0.01610223744064562,0.5827746868133545,0.40572403073310853,-0.01484651602804654
0.5145784139633179,0.5439597964286804,-1.2963048163783243e-07,0.49675465822219855,0.5038248300552368,-0.00167330182157452,0.4889205813407898,0.45340208411216737,-0.00595440873876208,0.4816463768482208,0.41205697059631347,-0.010399431549012602,0.4673371553421021,0.39077348113059995,-0.01337873544543976,0.5100655317306518,0.4198592066764832,-0.007607830222696021,0.5373152613639831,0.39432353973388673,-0.01058774534612886,0.5374554753303529,0.41508432626724245,-0.01037426609545942,0.5309112071990967,0.430804455280304,-0.010357734374701921,0.5246159791946412,0.43125113248825075,-0.01039694696664804,0.549265193939209,0.408334082365036,-0.01169831752777096,0.5482232332229615,0.4282325088977814,-0.0103917839005589,0.5420426011085511,0.4425567090511322,-0.010465092770755219,0.5385763049125671,0.44831417798995976,-0.01295786332339042,0.560741925239563,0.4206665635108947,-0.01471595671027894,0.5591503977775574,0.43755285739898686,-0.01092832200229162,0.552202594280243,0.45075865983963015,-0.00913004279136652,0.5511866211891174,0.46928282380104064,-0.015509984828531703,0.5688373804092408,0.43998005986213684,-0.01770470812916752,0.5786015391349792,0.4260542988777161,-0.01610984746366732,0.584740400314331,0.41131006479263305,-0.01495423410087816
0.5140310764312744,0.5474203109741211,-1.3089521075926316e-07,0.4962735891342164,0.5067085385322571,-0.0018166644265874801,0.48845543861389157,0.4563176155090332,-0.0061316439881920395,0.4810988068580627,0.415080976486206,-0.010609240271151022,0.4667229473590851,0.3939521014690399,-0.013630769215524141,0.5104927182197572,0.42343523502349856,-0.007475170865654901,0.5369340777397156,0.3981119096279145,-0.010402137786149901,0.5366603255271912,0.41872692108154297,-0.0102176250889897,0.5299879670143127,0.4345472514629365,-0.01019671075046058,0.5252785444259644,0.43513004183769227,-0.01016756203025574,0.5488824009895326,0.4124662637710571,-0.01148491818457838,0.5474312782287598,0.4321121871471405,-0.0103496432304382,0.5412542343139649,0.4465988874435425,-0.01049430780112736,0.5393056511878968,0.45244137644767757,-0.01264259815216058,0.56064293384552,0.42485018968582144,-0.014445434324443302,0.5587150931358338,0.44166253805160527,-0.010889946483075561,0.5518755555152893,0.4550819098949433,-0.0091785199940204,0.5517804145812989,0.4735189497470855,-0.0151042310521006,0.5690950393676758,0.44422565102577205,-0.01726723387837406,0.5791698098182678,0.43006055355072026,-0.015776033885776922,0.5859884262084961,0.4151682376861572,-0.01467845104634754
0.5137152433395387,0.5522496461868286,-1.3204725064497326e-07,0.4956359803676606,0.511090075969696,-0.0020250083878636,0.4877291083335876,0.46075739264488225,-0.006373419519513821,0.4803045570850372,0.41954106092453003,-0.010865861922502482,0.4658477783203125,0.39833657145500184,-0.013906294107437081,0.5110535502433777,0.4281138122081757,-0.00727300494909282,0.5363826513290405,0.40314194560050964,-0.01015341319143764,0.5355504274368287,0.4233935236930847,-0.01002063360065218,0.528745150566101,0.4394603848457337,-0.009992644563317261,0.5261731266975403,0.4402635872364044,-0.009794901125132979,0.5483366012573242,0.41786279678344723,-0.01112549565732474,0.5463036417961121,0.43699203133583064,-0.010157885216176481,0.5401948213577271,0.45174160599708557,-0.010373028926551281,0.540255331993103,0.4579141438007355,-0.01213074903935188,0.5605390071868896,0.43032475709915163,-0.014017521776258902,0.558128011226654,0.44673218131065373,-0.01074807066470378,0.5514354705810547,0.4604168713092804,-0.0091494290158152,0.5524773478507996,0.47908585667610165,-0.014446226879954283,0.5694975972175598,0.44993364214897147,-0.01663711406290526,0.5799091458320618,0.4355334937572479,-0.015311389230191642,0.5875041484832764,0.42053413987159727,-0.01429962962865822
0.5134121656417847,0.5578012347221375,-1.348394675915188e-07,0.4949818670749665,0.5160262346267701,-0.0020661088638007402,0.4868938684463501,0.4657012939453125,-0.00638336231932042,0.479322862625122,0.4244120419025421,-0.01088314745575186,0.4648619532585144,0.4029510378837585,-0.013935182988643581,0.5113905549049378,0.43305863142013556,-0.00682008415460582,0.5356017231941224,0.40808846354484557,-0.00962327262386672,0.5343961834907531,0.428185361623764,-0.00951909450814124,0.5275766134262085,0.44469832181930546,-0.0094660508446395,0.526718020439148,0.4455568313598633,-0.009243540745228481,0.5476636648178101,0.4231058239936828,-0.010558768734335842,0.5452207803726197,0.4419406056404114,-0.0097092095762491,0.5392249941825867,0.4570549070835114,-0.009979516919702221,0.5408124804496766,0.46335139870643616,-0.01151413787156336,0.5603349447250365,0.4354848742485047,-0.01346448417752976,0.5576367139816284,0.45167618989944464,-0.01041745282709592,0.5511169672012329,0.4657878220081329,-0.00891445428133006,0.5528748035430909,0.48449710607528684,-0.013751712627708863,0.5698457002639771,0.4552426636219024,-0.01598555129021402,0.580435609817505,0.4405916512012482,-0.014799821563064981,0.5884727835655212,0.4255378484725952,-0.013865439407527382
0.5131008267402649,0.563017213344574,-1.3907255720368996e-07,0.494255542755127,0.520635199546814,-0.0018698568223044002,0.4860725939273834,0.4705693781375885,-0.006073532346636041,0.4784093499183655,0.4294023215770721,-0.01047067660838362,0.46386269330978397,0.4078440487384796,-0.01343766041100018,0.5114354968070984,0.43838065266609194,-0.00665174713358278,0.5344070315361023,0.4132929146289826,-0.00924380347132676,0.532658314704895,0.43306472301483157,-0.00899658296257252,0.5257435560226441,0.44991381764411925,-0.00883588222786782,0.5270446062088012,0.45117835998535155,-0.00901690544560548,0.5465295195579529,0.4283109605312347,-0.010103314649313641,0.5435258150100708,0.44653438329696654,-0.009175224974751438,0.5376170873641968,0.4619230628013611,-0.00947507806122296,0.5412105679512024,0.4690555274486542,-0.01118682883679858,0.5596184492111206,0.4407583773136139,-0.012940147891640622,0.5564454674720765,0.4563445091247559,-0.009945853147655661,0.5499502420425415,0.4706613183021546,-0.00856528980657454,0.5531649708747863,0.4900347650051117,-0.013291344605386201,0.5700826406478882,0.46054645180702214,-0.0154361383989453,0.5807556509971619,0.44561427235603335,-0.01431463938206428,0.5890117406845093,0.4304061055183411,-0.0134807545691728
0.5128416895866394,0.5666907072067261,-1.4115676094661467e-07,0.4934985220432282,0.5239990592002869,-0.0016478294972330002,0.4852899372577667,0.47433399558067324,-0.0056513102725148,0.4776831746101379,0.4333265721797943,-0.00985115692019458,0.4631863713264466,0.4117207944393158,-0.01262927036732428,0.5114160418510437,0.4421509444713593,-0.006292681954801019,0.533407473564148,0.41730555891990667,-0.00854411674663418,0.5313194036483765,0.4367046773433686,-0.00809293640777462,0.5244061350822449,0.45379033088684084,-0.00780957220122216,0.527267611026764,0.45510159730911254,-0.00859000002965328,0.5456210374832154,0.4322818040847778,-0.009308809041976882,0.5422364115715027,0.4498624324798584,-0.00824983753263946,0.5364588499069214,0.46535747647285464,-0.00857137842103832,0.541454815864563,0.4730436444282532,-0.01066223103553048,0.5590015411376953,0.4447799146175384,-0.012131410837173421,0.5555285453796387,0.4596376359462738,-0.009177667833864622,0.5491131782531739,0.47396982312202457,-0.007930440269410581,0.55330570936203,0.4939147591590881,-0.012640582956373641,0.5703241944313049,0.4643817782402039,-0.01465828064829108,0.5810292840003968,0.44935657978057864,-0.013582367449998802,0.5893897771835327,0.43417104482650754,-0.01283609606325622
0.5123023629188538,0.5719974040985107,-1.4514405393128983e-07,0.49243716001510623,0.5286455035209656,-0.0012246221565874015,0.4842010080814362,0.4790627837181091,-0.004884902294725161,0.4766613841056824,0.4380895018577576,-0.00879507409408684,0.4621149837970734,0.4167470633983612,-0.01133057922124856,0.5112446784973145,0.4471046686172485,-0.0055227600038051,0.5320562481880189,0.42253921627998353,-0.00728394733741874,0.5295974373817444,0.4416036486625672,-0.0066065133083611,0.5227575540542603,0.4589673697948456,-0.00619382984004912,0.527293610572815,0.4600942015647888,-0.00780495069921014,0.5443809628486633,0.43749728202819826,-0.007987550552934361,0.5405947923660278,0.4544436693191528,-0.00680720745585854,0.5349946022033691,0.4700908184051513,-0.0071635055355727005,0.5414773225784302,0.47806513309478754,-0.009819647669792101,0.5580291867256164,0.450144213438034,-0.010830510221421681,0.5542850613594056,0.4643179714679718,-0.007968211639672462,0.5480242371559143,0.4786456823348999,-0.00690522845834492,0.5532321572303773,0.49884349703788755,-0.011699505709111642,0.5703104138374329,0.4691015422344208,-0.01341866459697482,0.5811113595962525,0.4539162635803223,-0.012336979806423141,0.5896477818489074,0.43878886103630066,-0.01166016459465024
0.5115023016929626,0.5770626783370971,-1.487580078674e-07,0.49135279655456543,0.5330574989318848,-0.0007202493288786861,0.48310187458992004,0.4836193978786469,-0.0040259558241814205,0.4755608081817627,0.44276837110519407,-0.007667064107954461,0.46102170348167415,0.42183473110198977,-0.00999865513294928,0.5107277154922486,0.45217174887657174,-0.00470596263185138,0.5304140448570251,0.42770109176635746,-0.0059786712285130805,0.5277225732803345,0.4465848624706269,-0.00509176738560192,0.5210279107093811,0.46407089233398435,-0.00458210376091298,0.5269322872161866,0.46505194902420044,-0.00707093719393014,0.5429342985153198,0.4425108313560486,-0.0067564356140792006,0.5388825893402099,0.4590518295764923,-0.0055042031686752604,0.5334220647811889,0.4748230934143066,-0.0059223650954663,0.5411572933197022,0.4829650521278382,-0.009115090593695582,0.5567436933517457,0.4553346931934356,-0.00966583248227832,0.5527950763702393,0.4690822184085846,-0.0068606892600655,0.546623432636261,0.48336942195892335,-0.0059675929136574005,0.5529443621635437,0.5036729335784912,-0.010985012538731041,0.5699943423271179,0.47333123087882994,-0.012378889881074401,0.5808984041213989,0.4577625095844269,-0.01125680971890682,0.5895659565925598,0.4424663722515106,-0.01064729169011114
0.5108717083930969,0.5817341685295105,-1.509023064727444e-07,0.49042433500289917,0.537353765964508,-0.00046306861622720605,0.482009619474411,0.48783783912658696,-0.0036162903998047,0.4743944048881531,0.4471640527248382,-0.007144673727452701,0.4598117411136627,0.4265294790267945,-0.00942937098443502,0.510097360610962,0.45666026473045357,-0.00439447755925352,0.5289435863494873,0.43267123103141786,-0.00543105783872302,0.5261321663856506,0.4513220191001892,-0.004474103637039581,0.51955144405365,0.4687137186527252,-0.00394356851465996,0.5263754725456238,0.4695876657962799,-0.006832923833280781,0.5416610002517701,0.44729410409927367,-0.006270005740225281,0.5374135255813599,0.4635764718055725,-0.0050185337197035,0.5319754123687744,0.47937520146369933,-0.005503792036324662,0.5406315207481385,0.48759358525276186,-0.00891044121235604,0.5555524110794068,0.4602973282337189,-0.0092195702716708,0.5514265298843384,0.47370167374610905,-0.006482485309243141,0.5452604413032532,0.4878213822841644,-0.00571679379791018,0.5524451255798339,0.5083974003791809,-0.01078836321830744,0.5693375706672669,0.47725132703781126,-0.011974193900823561,0.5803738355636597,0.46113982796669006,-0.010801983810961202,0.5892181158065796,0.44550496935844425,-0.01022811103612182
0.5103285193443299,0.5872237682342529,-1.527283842506222e-07,0.4895158886909485,0.5426176071166993,-0.00040157613402694607,0.48088952898979187,0.4926816284656525,-0.0034613009542226606,0.4732684969902039,0.4517857015132904,-0.006950983591377681,0.4587430894374847,0.43097365498542783,-0.00922481901943678,0.5093455791473389,0.4608900606632233,-0.00376371415331956,0.5276654839515686,0.437004429101944,-0.00472509586252268,0.5247512102127075,0.4557606995105744,-0.0038939219433813603,0.518321979045868,0.4732472836971283,-0.00346207688562568,0.5256554722785951,0.47377854585647583,-0.006247331574559181,0.5406221866607667,0.4516062498092651,-0.005653250310569961,0.5362413883209228,0.46804489493370055,-0.004565610317513301,0.5308170437812805,0.48407887220382695,-0.0051406503655015805,0.5399326205253601,0.491825544834137,-0.0084044747985899,0.5546393036842348,0.46473584175109867,-0.0087177228182554,0.5504332542419433,0.47824454903602603,-0.006141655799001401,0.5443004250526429,0.49250913262367246,-0.00546126067638392,0.5517783403396607,0.5127424716949462,-0.010362780839204742,0.5684729218482971,0.480931168794632,-0.011514356359839401,0.5796547055244446,0.4643700957298279,-0.01037697624415154,0.5887544631958008,0.44855833053588867,-0.009828206524252859
0.5097853302955627,0.5927133679389953,-1.5455446202849996e-07,0.4886074423789978,0.5478814482688904,-0.0003400836518266861,0.47976943850517273,0.4975254178047181,-0.0033063115086406202,0.4721425890922546,0.45640735030174256,-0.006757293455302661,0.4576744377613068,0.4354178309440613,-0.009020267054438539,0.5085937976837158,0.4651198565959931,-0.0031329507473856003,0.52638738155365,0.4413376271724701,-0.0040191338863223396,0.5233702540397644,0.4601993799209595,-0.0033137402497231405,0.517092514038086,0.47778084874153137,-0.0029805852565914,0.5249354720115662,0.47796942591667174,-0.00566173931583758,0.5395833730697632,0.45591839551925656,-0.005036494880914641,0.5350692510604859,0.4725133180618286,-0.0041126869153231,0.5296586751937866,0.4887825429439544,-0.0047775086946785,0.5392337203025819,0.4960575044155121,-0.00789850838482376,0.5537261962890625,0.4691743552684784,-0.00821587536484,0.5494399785995483,0.482787424325943,-0.0058008262887596605,0.5433404088020325,0.4971968829631805,-0.00520572755485766,0.5511115550994873,0.5170875430107117,-0.009937198460102041,0.5676082730293275,0.4846110105514526,-0.011054518818855242,0.5789355754852294,0.46760036349296574,-0.009951968677341883,0.588290810585022,0.45161169171333315,-0.009428302012383899
0.5092955231666565,0.5979179620742798,-1.552923833969544e-07,0.48771212100982664,0.5529951572418214,-0.00032963801786533263,0.47868713140487673,0.5023336529731751,-0.00326604587025936,0.4710820555686951,0.4608906447887421,-0.006694839335977961,0.4566842257976532,0.4394486427307129,-0.00893900850787754,0.507672393321991,0.4687870621681214,-0.00276199209038166,0.525319254398346,0.4454548060894013,-0.00352596067823466,0.5223680019378663,0.46445361375808714,-0.0028749624849296602,0.5161519289016724,0.4819795191287994,-0.0026157051441259203,0.524103844165802,0.48163877725601195,-0.005318191833794061,0.5387575268745423,0.46011646986007687,-0.00458253426477308,0.5342515826225281,0.4769643902778625,-0.00377329275943334,0.5288160085678101,0.493347668647766,-0.00453731948509808,0.5384953737258911,0.49996719956398006,-0.0075917449779808206,0.5529565572738648,0.4735053956508637,-0.00789107633754608,0.5486610174179077,0.4872390866279602,-0.005578560009598681,0.5425166726112366,0.5017255008220672,-0.00506422622129314,0.5504714846611023,0.5213296294212342,-0.009661113657057262,0.5668439030647279,0.48830733299255374,-0.010771735385060262,0.5782937407493591,0.47103083729743955,-0.009660014137625642,0.587827718257904,0.4549058556556702,-0.00913069406524296
0.5087326765060425,0.6030775427818298,-1.55762592157771e-07,0.4868747293949127,0.5577899098396302,-0.0003666133532533114,0.477720046043396,0.5066816329956055,-0.0033119828440248407,0.4701190650463104,0.4649749875068665,-0.00672587137669318,0.45566985011100775,0.4433511435985565,-0.00893303034827108,0.5068520188331604,0.47216227650642395,-0.00258179416414348,0.5245656609535218,0.4492067098617554,-0.0032088889740407,0.5215830922126771,0.4683839619159698,-0.00257142878836016,0.5153420448303223,0.4858632981777191,-0.00236525508807968,0.5233168482780457,0.485000878572464,-0.00511449165642254,0.5381223082542419,0.4640274882316589,-0.0041903647128492,0.5335832595825196,0.48113545775413513,-0.00340914041735226,0.5281486749649048,0.4975387811660767,-0.00423858473077412,0.5377768158912659,0.5035169005393982,-0.007360322214662981,0.5523235559463501,0.477504050731659,-0.00751316072419282,0.5480114936828613,0.4914528608322143,-0.00520418798550958,0.5418387055397034,0.5060714542865754,-0.00473481533117586,0.5498207092285157,0.5251206159591675,-0.00940776299685238,0.566100001335144,0.4918144643306732,-0.010425215959548902,0.5776319265365601,0.474496865272522,-0.00923752011731262,0.5872703909873963,0.4584157049655915,-0.00865767793729896
0.5083434462547303,0.6076726317405701,-1.5509237414335077e-07,0.48621820807456967,0.5621220946311951,-0.00023923372209537134,0.476953136920929,0.5108339309692383,-0.0031359683256595603,0.46925687193870547,0.468890392780304,-0.006489440053701341,0.45464389324188237,0.4473127365112305,-0.008622399251908,0.5059280157089233,0.4754876315593719,-0.00235580445732918,0.5239122390747071,0.45272475481033325,-0.0026536573655903,0.5209663033485412,0.4721330165863037,-0.0018666462856344402,0.5146641492843628,0.489521723985672,-0.0016328562109265202,0.5224791765213013,0.4881776630878448,-0.0048881425522267,0.5375200748443604,0.467713063955307,-0.00357850324362512,0.5330328941345215,0.4850052773952484,-0.0027222693199291203,0.5276299357414246,0.501364016532898,-0.0035936811473220196,0.5370497822761535,0.506794285774231,-0.00708970585837954,0.5517590641975403,0.48123385906219485,-0.0068868494592606595,0.547476303577423,0.4953828930854797,-0.0045019884128123,0.5412557482719421,0.5101203441619873,-0.004083571024239,0.5491931080818176,0.5285203337669373,-0.00908432174473998,0.5654898166656495,0.49524450302124023,-0.009863597340881781,0.5770939111709595,0.47795866131782533,-0.008551414497196621,0.5867397546768188,0.4619132161140442,-0.00792244430631394
0.5080711126327514,0.610851502418518,-1.5406418754082555e-07,0.485802811384201,0.564961850643158,-6.534960411955134e-05,0.4764867246150971,0.5134921669960022,-0.0029282621573656,0.4686528325080872,0.47141945362091064,-0.006238099746406021,0.4537663877010345,0.45016301870346076,-0.008335116226226019,0.505225419998169,0.4778243720531463,-0.00233059374149884,0.5235664248466492,0.45531355738639834,-0.0023546131327748,0.5207614183425904,0.4748698890209198,-0.00140691482229152,0.5143897294998169,0.49206930994987486,-0.00112661560997364,0.5218148708343505,0.49039814472198484,-0.00489368373528114,0.5371692061424256,0.4704827547073364,-0.00320057836361226,0.532799232006073,0.48790939450263976,-0.0022122375667094404,0.5274239301681518,0.5040913581848144,-0.00310055930167432,0.5364809989929199,0.509096086025238,-0.007066900748759441,0.5513461112976075,0.4840953767299653,-0.00648352308198806,0.5471121191978454,0.4983789920806885,-0.003970913775265161,0.5408240675926209,0.5130717635154725,-0.00358682400546962,0.5487205028533936,0.5309291243553161,-0.00901972614228722,0.5650936722755432,0.497708374261856,-0.009522178396582561,0.576754891872406,0.48052809238433836,-0.008038589451461981,0.5863481283187866,0.46451210379600527,-0.007343704160302821
0.5075790762901305,0.6143633604049683,-1.518760569751976e-07,0.4851799428462982,0.5683507442474365,-0.00021311934397091136,0.4758041918277741,0.5168842911720276,-0.00316741149872534,0.46784088611602787,0.4747422099113464,-0.00655449852347368,0.4526475965976715,0.453874808549881,-0.00873125055804842,0.5043387651443482,0.48095339536666876,-0.00239237507339562,0.5229809284210205,0.458726167678833,-0.0024941090494394,0.5202631950378418,0.4783814609050751,-0.0016518737538717002,0.5137962937355043,0.4954975724220276,-0.0014576172456145001,0.5209884524345398,0.4934156000614166,-0.00494588529691092,0.5365797281265259,0.47401429414749147,-0.00327192391268906,0.5322771072387696,0.49152358770370486,-0.00233799787238232,0.526919686794281,0.5075972437858581,-0.0032795737497508,0.5357574343681336,0.5121044516563416,-0.007131263054907261,0.5507049918174743,0.48759369254112245,-0.006590764131396981,0.5465167880058288,0.5018334150314332,-0.004090748354792541,0.5402275681495667,0.5164253354072571,-0.0037128056865185005,0.5480660200119019,0.5339916467666626,-0.00911456700414416,0.5644684910774231,0.500941264629364,-0.0095975680276751,0.5761373162269593,0.48381436467170713,-0.00804717382416124,0.5856705427169799,0.4677939534187317,-0.007309025805443461
0.5073719263076782,0.6174218058586121,-1.5018863734894695e-07,0.484755665063858,0.5715115070343018,-0.00030373175541172347,0.47517744302749637,0.520179808139801,-0.00332534848712378,0.4670237481594086,0.47813536524772643,-0.0067533726803958,0.4516802310943604,0.4575975000858307,-0.00895686838775866,0.503810179233551,0.4846733391284943,-0.00259971125051374,0.5221014976501466,0.4619757294654846,-0.00275878617539998,0.5192091345787049,0.48147382736206057,-0.0019050237024202201,0.5127741575241089,0.49864498972892757,-0.0016928888740949202,0.520542299747467,0.4970499873161316,-0.00510049704462282,0.5357430338859559,0.4771221935749054,-0.0034809196367859598,0.5313156843185425,0.49436349272727964,-0.0024993544910102404,0.5260742664337158,0.5104040622711181,-0.0034206557087599807,0.5353611350059511,0.5154821872711182,-0.007237173244357041,0.5499688744544983,0.4906218767166137,-0.006692399643361541,0.5457120418548584,0.5045699954032898,-0.004148063994944041,0.5395302295684815,0.519118869304657,-0.0037598062772303204,0.5476648569107057,0.536972975730896,-0.009182159043848481,0.5640509009361268,0.5039063453674316,-0.00964403115212912,0.575633192062378,0.48664220571517947,-0.008099733199924181,0.5850746393203735,0.47046895027160646,-0.007387961540371121
0.5071515679359436,0.6203392148017883,-1.499953640404783e-07,0.48432106971740724,0.5747020602226258,-0.00015595729928466001,0.47462622523307807,0.5238290905952454,-0.00305361356586212,0.46643262505531313,0.48198574185371396,-0.006422706414014059,0.45114194154739384,0.46132462024688725,-0.00859878640621894,0.5033398509025574,0.4882920026779175,-0.00223659882904024,0.5212618231773376,0.46525442600250244,-0.00244646406499666,0.5183115005493164,0.48453458547592165,-0.0016448611022496485,0.5119691610336303,0.5017388820648194,-0.0014448831847403202,0.520140540599823,0.5005574822425842,-0.0048002375289797,0.5350299239158631,0.48010978698730467,-0.00330776795744894,0.5305085182189941,0.49713554978370667,-0.00239844159223134,0.5253121852874756,0.5132429599761963,-0.0033328690100460803,0.5349954962730408,0.5187481641769409,-0.007027473486959881,0.54942467212677,0.49341871738433835,-0.006659176107496001,0.5450864791870118,0.507050931453705,-0.004237106814980461,0.5389681816101074,0.521537184715271,-0.00388146322220558,0.5472886800765991,0.5399654984474183,-0.0090451948344707,0.5636907696723938,0.5069252729415894,-0.00962819643318648,0.57520751953125,0.4895416676998139,-0.00821334253996606,0.5846354603767395,0.4732740521430969,-0.00758369220420712
0.5068744659423828,0.6225083351135254,-1.508914692749386e-07,0.48388904333114624,0.5771297335624695,-6.317063234750003e-05,0.4741167604923249,0.5266405701637268,-0.00281832711771126,0.46598737835884096,0.4849604487419128,-0.00610642526298758,0.45085751414299013,0.46407655477523807,-0.00822651833295816,0.5031396627426148,0.49111868143081666,-0.00182202385039994,0.5204795837402344,0.46775392293930057,-0.00215337004046884,0.5173640966415406,0.4867154061794281,-0.0014696281126816368,0.5111463665962219,0.5040327489376069,-0.00130570105393418,0.5199837803840637,0.5033048629760742,-0.00442594485357396,0.5343700885772706,0.4822336196899414,-0.00315449452027676,0.529680347442627,0.4989864110946655,-0.00236909731756892,0.5245617985725403,0.5152403593063355,-0.00331467636860902,0.5348350405693054,0.521287453174591,-0.006738579273223841,0.5489000082015991,0.49537406563758846,-0.0066398799419402806,0.5444440126419068,0.5086377501487732,-0.004380844393745021,0.5384430766105652,0.5230892300605774,-0.0040456352289765605,0.5470757246017456,0.5422753691673279,-0.008829076029360242,0.5634348034858704,0.5091643810272217,-0.009612536244094319,0.5748626589775085,0.49167808294296267,-0.0083635612390935,0.5843020677566528,0.4753570556640625,-0.00781379863619798
0.5063959002494812,0.6252441287040711,-1.5148350485105769e-07,0.48323726654052734,0.5799040317535401,0.00011494888458395998,0.4733779907226563,0.5297049641609193,-0.00250284760259088,0.46529024839401245,0.4880599796772003,-0.00564602073282,0.4502012431621552,0.46729494929313664,-0.007626058440655419,0.5026867151260376,0.4946715593338013,-0.0018197941710240602,0.5195278882980346,0.4707719266414643,-0.00180371598689814,0.5162738919258117,0.48949437141418456,-0.0007833910363842568,0.510193419456482,0.5067819952964783,-0.00043749719625339983,0.5196566939353943,0.5065764427185059,-0.00439030369743698,0.5334860801696778,0.48498532772064207,-0.0028203789144754,0.5286707639694214,0.5015653192996978,-0.0018255158793181005,0.5237388372421266,0.5178474068641663,-0.00270333548542108,0.5345405697822572,0.5242645859718323,-0.00661374535411594,0.5481188416481018,0.4977738976478576,-0.006221559783443781,0.5435841202735902,0.5109402775764466,-0.0038583055371418204,0.5377134799957276,0.5254785656929016,-0.00355541970347982,0.5467600584030151,0.5449706435203552,-0.008598841540515382,0.5629655480384828,0.5116580367088317,-0.009294661786407178,0.5742962718009949,0.49421579837799073,-0.00807103794068094,0.5836912512779237,0.4779742777347565,-0.00757870124652976
0.5062250375747681,0.6281720399856567,-1.5301330051897825e-07,0.48282440304756163,0.5828234553337097,0.0006217465270310001,0.47292168140411384,0.5327414035797119,-0.0017206229036673402,0.4649032711982727,0.4910755932331085,-0.00459415465593336,0.44989574551582334,0.47031263709068305,-0.00631809066981072,0.5023898124694824,0.49813902974128726,-0.00162404790753492,0.5186819314956665,0.47345793247222906,-0.00108471115236168,0.515250599384308,0.4918832898139954,0.0003696584884892232,0.5093788146972656,0.5090678215026856,0.0009419545647687999,0.519475519657135,0.5098527669906616,-0.00420227898284786,0.5327014207839966,0.4872340023517609,-0.0021093545947223403,0.5277033686637879,0.5036014139652253,-0.0007828240632079601,0.5229758977890016,0.5199468493461609,-0.0015497995216719237,0.5343774199485779,0.5272382378578186,-0.0063223362900316415,0.547382402420044,0.500059449672699,-0.005321398051455581,0.5426444530487061,0.5130825757980347,-0.00273543373914432,0.5368271946907044,0.5277145147323609,-0.00247046600561586,0.5465640306472779,0.547509241104126,-0.00816022530198092,0.562691843509674,0.5139841914176941,-0.0085492610931396,0.5739597201347351,0.49654512405395507,-0.007287105359137021,0.5833217978477478,0.48029488921165464,-0.0068500824272632
0.5057421803474427,0.6301769018173218,-1.5187556527962446e-07,0.48247148990631106,0.5849711060523988,0.0006474779453128001,0.47271404266357425,0.5351539969444274,-0.00167753223795438,0.4647201299667358,0.49365681409835815,-0.00454618195071814,0.44964580535888665,0.47283527851104734,-0.006272101588547181,0.5020820856094361,0.5004780530929566,-0.0015815960825420199,0.518501663208008,0.47582246065139777,-0.00099239366245454,0.5150845170021058,0.494235759973526,0.0005036425587604833,0.5092331886291505,0.5112979650497438,0.00106526900781318,0.5191374301910401,0.5121503233909608,-0.00418284907937044,0.532443106174469,0.489477413892746,-0.0020733200479298203,0.5274232983589172,0.5059234976768493,-0.0007077111746184601,0.5227222204208375,0.5223200678825379,-0.0014649184096924438,0.5340025424957277,0.5295063853263855,-0.006326139997690881,0.5470200657844544,0.5024003624916077,-0.005277248239144641,0.542188286781311,0.5154966115951538,-0.002603533223737,0.5363162755966187,0.5301650285720826,-0.0023133490933105,0.5461416602134705,0.5498651623725891,-0.00819785017520184,0.5622504830360413,0.5164838194847108,-0.008626818284392301,0.5735129117965698,0.49916436672210696,-0.007368539460003341,0.5828914403915406,0.48300045132637026,-0.00694137578830116
0.505374801158905,0.6312404155731202,-1.4999742461441204e-07,0.4822505056858063,0.5861445426940919,0.00046605933457610007,0.4725870430469513,0.5363210082054138,-0.00200590908061706,0.46453889608383175,0.4948277473449707,-0.004959377739578461,0.449273806810379,0.4742145538330078,-0.0067442737519740606,0.5018270254135132,0.5019944429397583,-0.00203521410585374,0.5184283256530762,0.4773532450199128,-0.0014091976394411,0.5150123119354248,0.49583747386932375,0.0001908848433231716,0.5091403603553772,0.5127997040748596,0.0007807099085767001,0.5188656210899354,0.5136622428894043,-0.00457068327814336,0.5322401762008667,0.4910657644271851,-0.00241352147422724,0.5272458910942077,0.5075663447380067,-0.0009296175441704799,0.5225892066955566,0.5239357471466065,-0.0016512129597685836,0.5336994171142578,0.5310222864151002,-0.006628770660608961,0.5466472506523132,0.5041878819465637,-0.00544224134646352,0.5418217778205872,0.5173603057861329,-0.0025935777579434,0.535949206352234,0.5320138335227966,-0.0022594772977754,0.5458161115646363,0.5514295101165771,-0.00844296347349878,0.561888587474823,0.5181464672088624,-0.008823213540017541,0.5731315970420838,0.5009231865406036,-0.007485076598823041,0.5824707269668579,0.4847927987575531,-0.007031262200325659
0.5049108028411865,0.632646667957306,-1.484253147054915e-07,0.48192203640937803,0.5875085353851319,0.00045018629170952,0.4723877608776092,0.5377853512763977,-0.0021049165399744402,0.4644166707992553,0.4963871657848358,-0.0050925385206937405,0.4490846753120422,0.4760408163070679,-0.006903324648737861,0.501641571521759,0.5039871454238891,-0.00245177820324892,0.5183550715446472,0.47942529320716865,-0.00171562457107936,0.5149849414825439,0.49783074855804443,6.573622813452009e-05,0.5091169357299805,0.5146619558334351,0.0007455239290721021,0.5186581492424012,0.5157692909240723,-0.00497153764590618,0.5320438861846923,0.49316523075103763,-0.00268774125725024,0.5271002173423767,0.5096186876296998,-0.00103877700166778,0.5224848628044129,0.5259185194969178,-0.0016970094435237036,0.5334459662437439,0.5331811308860779,-0.00696535315364594,0.5462766885757446,0.5064461231231691,-0.00554449134506282,0.5414900660514832,0.5196692824363709,-0.0024956338224001,0.5356574177742005,0.5342725515365601,-0.00211767789442086,0.5455119609832764,0.5536283612251283,-0.00872540343552824,0.5616906642913819,0.5204708456993103,-0.00897511057555668,0.5729342341423035,0.5032918691635132,-0.00753818061202762,0.5822163343429565,0.4870413661003113,-0.0070578348822891
0.5048795700073242,0.6347898244857788,-1.4816035331932656e-07,0.4819003760814667,0.5895983338356019,0.0004883661866188,0.4724572479724884,0.5396509051322937,-0.0019938909914343802,0.46463794112205503,0.49812716245651245,-0.004968271777033761,0.4493452072143555,0.4776113033294678,-0.006780334003269621,0.5016825675964356,0.5057614326477051,-0.00198764327506064,0.518400239944458,0.481212866306305,-0.00151799228042362,0.5149680972099304,0.4995133399963379,-4.1905383113739964e-05,0.509126079082489,0.5163202166557312,0.0004787909085280423,0.518610167503357,0.5176613450050354,-0.00456915553659198,0.5320686459541321,0.49495232105255127,-0.0025886896764859,0.5270970582962037,0.5113449215888978,-0.0011456655804067998,0.5224693298339844,0.5276900291442872,-0.001834601954396921,0.5333204627037048,0.5350813388824464,-0.006686754338443221,0.5461892247200013,0.5085304379463196,-0.0055093671195208605,0.5414009213447571,0.52160142660141,-0.00259593360824508,0.5356089115142822,0.5360791087150575,-0.0022001544130034,0.545337188243866,0.555497705936432,-0.00857568467035884,0.5616035342216492,0.5225430369377136,-0.008905857056379241,0.5728200912475586,0.5053292512893677,-0.00751706780865786,0.5821345806121827,0.48902110457420356,-0.0070257267914711615
0.5045316100120545,0.6368669748306275,-1.4545187241310486e-07,0.48176096081733705,0.5912555217742921,0.0004745848244056,0.4724829912185669,0.5408379197120666,-0.0019378709839656199,0.4647657394409179,0.4989807605743408,-0.0048408539500087,0.4493093430995942,0.4786865770816803,-0.006563402805477321,0.5015013813972473,0.5064862847328186,-0.00157630490284644,0.5188303828239441,0.4825411200523376,-0.0009778297157026798,0.5155587077140807,0.5010232448577882,0.0004605008638464201,0.5095258831977845,0.5176902055740357,0.0009366038939333623,0.5184336423873902,0.5184449434280396,-0.00412601660937068,0.5323491573333741,0.4967576622962952,-0.0019562868867069204,0.5275960087776185,0.5132981538772583,-0.0005816103541292399,0.5228427052497864,0.5294089198112488,-0.0013341884674446173,0.5331872582435608,0.5362138628959656,-0.00623168861493462,0.5463648200035095,0.5103885293006898,-0.0049682781565934,0.5418080925941468,0.5236279845237732,-0.00216154810041188,0.5359508156776429,0.5380052208900452,-0.0018266691127791397,0.5452915787696839,0.5570409893989563,-0.00810382319614286,0.5616840362548828,0.5242506504058838,-0.00832942025735966,0.5729878306388856,0.5071658253669739,-0.006895422516390659,0.5822996377944947,0.49097629189491276,-0.006357286451384361
0.5044375658035278,0.6389723896980286,-1.440952786424532e-07,0.48165422081947323,0.5927801609039307,0.0007345791906118,0.47247276902198787,0.541816771030426,-0.0014533913927151998,0.4649251341819763,0.49949802756309514,-0.004132394492626141,0.44938312172889716,0.47950983643531797,-0.0056220171041786015,0.501294481754303,0.5071278214454651,-0.0010171692701988,0.5190304636955261,0.48334890604019165,-3.349251346663985e-05,0.5158522963523865,0.5019142329692841,0.0015487909666262601,0.5097076892852783,0.5184310913085938,0.0020820033721974823,0.518342399597168,0.5190425395965577,-0.0035279718227684198,0.5324691653251648,0.4978613436222076,-0.0008752022171392999,0.5278446793556213,0.5145038485527038,0.0005819067242555001,0.5230383038520814,0.5303927183151245,-0.0001842734018282575,0.5331997036933899,0.5369714140892029,-0.0055586447939276005,0.5464732885360718,0.5114261031150817,-0.0038918979465961,0.5420534253120423,0.5248046517372131,-0.0011214178986847403,0.5361337900161743,0.5391685843467713,-0.0008806586032732999,0.5454065680503846,0.5579023838043213,-0.00732378745451564,0.5618796586990357,0.5251516819000244,-0.00724365627393118,0.5732666373252869,0.5081533312797546,-0.005744498223066299,0.5825633883476258,0.4920597016811371,-0.0051842962391674
0.5044412255287171,0.6406055092811586,-1.4393527862921475e-07,0.4817482113838195,0.593955433368683,0.00101736036594952,0.47255236506462095,0.5426229357719422,-0.0009691082406788401,0.4651353120803833,0.5000629901885987,-0.00345682348124678,0.4494986414909363,0.48046481013298037,-0.0047720750793814005,0.5011891961097718,0.5076487898826599,-0.00066634602844716,0.5193458318710327,0.48427482247352605,0.0005823122803121602,0.5163013815879822,0.5028592109680177,0.00227379387943072,0.510055947303772,0.5191568255424499,0.002868598069471722,0.518305504322052,0.5195839405059814,-0.0031898870132863197,0.5327712655067444,0.4990826368331909,-0.00017701797187327992,0.5282995223999023,0.5157878994941711,0.0013649199972860001,0.5233987331390382,0.5314583659172059,0.0006175851252919424,0.533263087272644,0.5376775622367859,-0.0051923766732215205,0.5466941356658935,0.5127443313598633,-0.003240390215069,0.5424442410469055,0.5261656641960144,-0.00052916691638528,0.5364745140075684,0.5403833389282227,-0.00036222205962984006,0.5456027865409852,0.558715319633484,-0.0068897637538611195,0.5621346354484559,0.5259950637817383,-0.0065737182274460005,0.5735449314117431,0.5090604066848754,-0.00501050548627968,0.5827741026878357,0.4930947065353394,-0.0044105431996285405
0.5045559048652649,0.6418230295181274,-1.436150910194556e-07,0.48191134929656976,0.5949398279190063,0.00119918799027796,0.4726901113986969,0.5432179927825929,-0.0006475086149293201,0.46533594131469724,0.5002889513969422,-0.00299561223946508,0.449504953622818,0.480889368057251,-0.004172588512301381,0.5010342478752137,0.5077970027923585,-0.00041247541084885996,0.519788920879364,0.48455484509468083,0.0011362632154486602,0.51681706905365,0.5034010529518128,0.0029686028603464008,0.5104475975036621,0.5195443272590637,0.0036196784581988403,0.5182565212249757,0.5196060538291931,-0.0029253989923745,0.5332237243652344,0.4997625589370728,0.0004824658521101773,0.5288569569587707,0.5167006969451905,0.00213834136957296,0.5238551497459412,0.5322314500808716,0.0014084141505008823,0.5333237767219543,0.5378127455711366,-0.00488175153732292,0.5470377445220947,0.5136248588562011,-0.00261231511831278,0.5429170966148377,0.527237331867218,0.00010098251514138005,0.5368490934371948,0.5413766026496888,0.00020929598395014027,0.5457995533943176,0.5589932560920716,-0.006509723793715181,0.562244462966919,0.5262089252471924,-0.005976228974759501,0.573697853088379,0.5094546318054199,-0.00431666485965246,0.582918667793274,0.4938064694404602,-0.0036575384438037404
0.5046195268630982,0.642344081401825,-1.4233773697469588e-07,0.48202310204505916,0.5951191425323487,0.0014243406709283002,0.47286822199821477,0.5431350111961365,-0.0002602491353172401,0.4655516743659973,0.500067925453186,-0.00244024557759982,0.449555903673172,0.48087908625602727,-0.00345370278228068,0.5009851455688477,0.5073906779289246,-6.962133047638e-05,0.5203306317329407,0.4846345007419587,0.0018558411858975402,0.5175527095794678,0.5036689281463623,0.0038698419462889003,0.5110396027565003,0.5197109103202819,0.00460473573766642,0.5183449149131776,0.5193019986152649,-0.0025771356187760403,0.5337679743766784,0.500108802318573,0.0012931979625136372,0.5295867443084717,0.5171573162078857,0.0030457707587628804,0.5244358897209168,0.5325352668762207,0.00231129376916212,0.5335336804389954,0.5378045558929443,-0.004482839303091101,0.5474779129028321,0.5141822934150695,-0.00181489561800842,0.5435476064682008,0.5278217434883119,0.00090348925441502,0.5373791694641112,0.5417994976043702,0.0009352985085570003,0.5461095452308655,0.5592461466789247,-0.006030433904379561,0.5625678539276123,0.5263512969017029,-0.00519881998188786,0.5740962266921997,0.5096250176429749,-0.0034227297641336403,0.5832510232925414,0.49407145380973816,-0.00271346846129742
0.5049118757247926,0.6424060344696044,-1.4372608632129415e-07,0.4822211682796478,0.5950368046760559,0.0016944303410127203,0.4730237364768982,0.5430246353149414,0.00016212621121667996,0.46575863361358644,0.5000235199928283,-0.00191175246145572,0.4497937619686127,0.48070321679115297,-0.0028528481256216197,0.5011862397193909,0.5073269128799439,0.00021950476948404,0.5206213116645814,0.48468166589736944,0.00230207825079556,0.5179073214530945,0.5037248373031616,0.004398911120369981,0.5114216208457947,0.5197485089302063,0.00519124134443694,0.518578052520752,0.5193046808242798,-0.0023753522429614798,0.5341957330703735,0.5001779794692993,0.0016429405790404175,0.5300606966018677,0.5172196745872498,0.003418938023969461,0.5248659372329713,0.5326207637786866,0.0027061086031608,0.5337747454643249,0.5378609657287599,-0.00433980170637364,0.5478384613990783,0.5144434332847596,-0.0014947150018997399,0.5439927220344544,0.5280136466026306,0.0012218869756907003,0.5378403425216676,0.5418540716171265,0.0012333297418081004,0.5463526129722596,0.559328043460846,-0.0059222320094704205,0.5627570986747742,0.5262567281723023,-0.004939311929047041,0.5742614388465881,0.5094877600669862,-0.0030993270222097204,0.5833811640739441,0.4939746379852295,-0.0023551903665065405
0.5051305651664735,0.641996419429779,-1.451650774697555e-07,0.48262038826942444,0.5945420384407043,0.0017080305144190403,0.473343700170517,0.542461633682251,0.00021242200746200002,0.46603437662124636,0.4996975481510163,-0.0018392728874459402,0.4500795602798462,0.48039072155952456,-0.00278004775755102,0.5015247702598573,0.5067432999610901,0.00032923157559708,0.5209819316864014,0.48468304276466373,0.0022963308729231,0.5182396769523621,0.5037003636360169,0.00423738122917706,0.5117370009422303,0.5196789145469666,0.00494887614622706,0.518890106678009,0.5189239740371705,-0.00228195139206942,0.5346364736557007,0.5002748966217042,0.0016100426102638975,0.5304680347442627,0.5173255205154419,0.00324858836829656,0.5252024650573731,0.5326558709144592,0.00249062170041722,0.53409343957901,0.5375786542892457,-0.0042741780634969005,0.5482402205467224,0.5146833062171936,-0.0015502816648222402,0.5444052338600158,0.5281422376632691,0.0010467810905538202,0.5382440567016602,0.5417970538139343,0.0010438696961500404,0.5466603875160218,0.5590481400489807,-0.005875338986515961,0.5630311012268067,0.5260073184967041,-0.00493438560515636,0.5744861721992494,0.5092319965362548,-0.0030980588868260005,0.583559012413025,0.4937594413757324,-0.0023182035889476
0.5052880048751831,0.6410988330841064,-1.4355195787629782e-07,0.4829367876052857,0.5938896417617797,0.0014093346660956402,0.47363294959068303,0.5417885303497314,-0.00026272906106898,0.466294801235199,0.49897274374961853,-0.0024734129896387,0.45034044384956357,0.4795032024383545,-0.0035607286263256805,0.50172438621521,0.5059482812881471,0.00018209496047348,0.5212762951850891,0.48445011377334596,0.00192060015397144,0.518580961227417,0.5034970998764039,0.0036246629082597403,0.5120909452438355,0.5193860054016114,0.004171957401558721,0.5190232515335083,0.5182549118995666,-0.00238033798523244,0.5349634170532227,0.5000453174114228,0.0012282639407203374,0.5308370828628541,0.5171810150146485,0.00266492003574964,0.5255340576171876,0.5324441552162171,0.0018052960745990002,0.5342142820358277,0.5369328498840332,-0.004366893088445021,0.5486057043075562,0.5143426775932313,-0.0019112456240691204,0.5448281645774842,0.5279295444488525,0.0005914218607358204,0.5386865735054016,0.5416077375411987,0.0005946340053924203,0.5467963576316834,0.5583894848823547,-0.005991947837173901,0.5632447600364685,0.5255086183547975,-0.00519889472052448,0.5747665405273438,0.5087509393692017,-0.0034084735438227407,0.5839429497718811,0.4932882070541382,-0.00263311206363136
0.5053670287132264,0.6401273965835571,-1.4355048278957842e-07,0.48329142332077024,0.5927005052566527,0.0012965607689693203,0.47398115396499635,0.540434980392456,-0.00041910586878658,0.4665742933750153,0.497716635465622,-0.00269657548051322,0.4505993008613586,0.47840850353240966,-0.0038646034430712003,0.5020330429077149,0.5045330047607423,0.0004372193303424827,0.5216952681541444,0.4839919686317444,0.00196376701351252,0.5190438389778137,0.5030411124229431,0.0033442591666243597,0.5125018000602722,0.5188063859939575,0.00367975761182602,0.5192246556282043,0.5170090317726135,-0.0021361203864216404,0.5354061603546143,0.4996073663234711,0.0012473564778815512,0.5313318729400635,0.5168051838874816,0.0024220049148425205,0.5259336590766907,0.5319462776184082,0.00143239775206892,0.534370505809784,0.5357784390449525,-0.00418273215182122,0.5490451216697693,0.5139163970947266,-0.00194415726000442,0.5453101754188537,0.5275267839431763,0.00038362034829328,0.5391101360321046,0.5410853743553162,0.00035096474457532007,0.5469230771064759,0.5573171019554138,-0.005882933735847421,0.5633657813072205,0.5247323393821717,-0.00516963759437198,0.5749390006065369,0.5079988241195679,-0.0034203643910586602,0.584177041053772,0.49259737730026243,-0.0026374718639999204
0.5052658081054687,0.6385488510131836,-1.435030952734451e-07,0.48361038565635683,0.5912440180778504,0.0010010760277509403,0.47424952983856206,0.5391053438186646,-0.0009313686052337001,0.46674706935882576,0.49660211205482485,-0.00341544429538766,0.4507357001304626,0.47753795981407166,-0.0047981107840314,0.5022621631622315,0.5031644821166993,0.00013500651111826524,0.5220666527748108,0.4835001587867737,0.00128068758640434,0.5194190382957459,0.5025716304779053,0.0023289142292924,0.5128098845481872,0.5181962966918946,0.0024561062455176804,0.5192995190620422,0.5157801151275635,-0.0024402630981057404,0.5357602357864379,0.4991875946521759,0.000561087196206242,0.5316932082176209,0.5164835929870606,0.00152857373468576,0.5261927008628846,0.5315192818641663,0.00044609662145375997,0.5343835830688477,0.5345881938934327,-0.0045379793271422,0.5493613839149475,0.513542652130127,-0.0026828115165699004,0.5456093907356262,0.5272724032402039,-0.00046457118587572,0.5393394112586976,0.5407482504844666,-0.00047730060759930003,0.5469099044799806,0.5562138676643371,-0.0063194439746438805,0.563375735282898,0.5240251898765564,-0.0058436650317161805,0.5750043153762818,0.5074005484580995,-0.00414930852130052,0.5843281269073486,0.49208793640136717,-0.0033567814854904604
0.5052805542945862,0.6369158387184144,-1.4336016818106148e-07,0.4838601171970368,0.5897755384445191,0.00068972177105022,0.47444090247154236,0.5376659631729126,-0.00141214169561858,0.46694668531417854,0.4952403962612152,-0.00404590605758126,0.45096735358238216,0.47625783681869505,-0.005575708579271981,0.5025217294692994,0.5017446637153626,-6.880062865093474e-05,0.5223209857940674,0.4827705383300781,0.0007806587265804001,0.5196964144706726,0.5018419027328491,0.0015703959041275,0.5130562305450439,0.5173791646957399,0.00153234098106618,0.5194491863250732,0.5144860982894898,-0.0026003765407949207,0.5359484553337097,0.49854471087455754,7.240850429752213e-05,0.5319009184837342,0.5159622669219971,0.00083654604386536,0.5263462781906129,0.5309167861938477,-0.0003517031960654999,0.5345029473304749,0.5333560943603516,-0.0047061081510036806,0.5496262669563293,0.5127566814422607,-0.0032300651073455403,0.5458555698394776,0.5267337083816529,-0.00113437826512382,0.5395459532737732,0.5402578592300415,-0.00114242233103138,0.5470564842224122,0.5550638556480407,-0.006518606748431861,0.5635604619979859,0.5231546640396119,-0.00630505066364998,0.5752373695373536,0.5065636038780212,-0.00470771510154004,0.5846538305282593,0.4911895096302032,-0.0039429867174476
0.505291771888733,0.6351646304130555,-1.4396729568488812e-07,0.4839486956596375,0.5882983803749084,0.00057644353946668,0.4745598256587982,0.5363446831703186,-0.00159156471490854,0.4672163248062134,0.4938285529613495,-0.00428803749382492,0.4514073014259339,0.47439538240432744,-0.00588065143674608,0.502819561958313,0.5005058884620667,-0.00019166629936080142,0.5223986029624939,0.48164213299751285,0.00057420401135456,0.5197956919670106,0.5006039142608643,0.00134373075561598,0.5132506728172302,0.5161559820175171,0.0013072436675429001,0.5196945190429687,0.5132525086402894,-0.0026900751981883604,0.5360996007919312,0.4973601162433624,-0.0001512811675411379,0.5320572972297669,0.5148098111152649,0.0005753678502514799,0.5265169382095337,0.5298298001289368,-0.0006180485637741995,0.534689974784851,0.532051968574524,-0.00477545140311118,0.5498855829238891,0.5114601135253907,-0.0034793227910995005,0.5461187243461609,0.5256000161170961,-0.00141377854160962,0.5398355007171631,0.5392139315605163,-0.00140079148113722,0.5472144007682801,0.5537019371986389,-0.006571411900222241,0.5636922240257264,0.5218636870384217,-0.00652909697964782,0.5754461884498596,0.505294406414032,-0.00501161199063058,0.5850009560585022,0.4899075388908386,-0.00427381549961862
0.5055503249168396,0.634924602508545,-1.4443611462411357e-07,0.48405506610870364,0.5875716924667359,0.0008019648375920601,0.47472305893898004,0.5350557327270508,-0.00112194292014458,0.4675270140171051,0.4922657907009125,-0.00363177196122702,0.45182703733444207,0.47253570556640623,-0.00504384674131866,0.5030466079711914,0.49918609857559204,0.0006221366842509987,0.5225683212280274,0.48027919530868535,0.0015666972263715599,0.520002543926239,0.49925358295440675,0.0023141083307564,0.5134783506393433,0.5148827433586121,0.0022655958775430404,0.5199415564537049,0.5119481921195984,-0.0018907198624219124,0.5362630963325501,0.4959734857082366,0.0008472428500908421,0.5322513461112977,0.5135367274284364,0.0014858028618618402,0.5267061233520508,0.528601062297821,0.0002416365387034607,0.5349343776702882,0.5308197498321533,-0.00400741263292726,0.5501415848731995,0.509966230392456,-0.0025640346109866603,0.5463676810264587,0.5242041707038879,-0.0006196132279001,0.5400218844413758,0.5379065871238708,-0.0006820036214776,0.5474525570869446,0.5525079011917114,-0.005814017914235541,0.5638695120811463,0.5205142378807068,-0.00565312877297396,0.5756750345230103,0.5038908839225769,-0.0041692452039569,0.5852881073951721,0.48848664164543154,-0.0034495267784222803
0.5058728933334351,0.6348312854766847,-1.4314744589682962e-07,0.48416153788566596,0.5873820662498475,0.0007769721676595201,0.4748414695262909,0.5343610048294067,-0.00103778124321246,0.4677691757678986,0.49118484854698186,-0.00345215927809474,0.4521751403808593,0.470966637134552,-0.00474651390686628,0.5031446695327759,0.4983830094337463,0.0010935773811069959,0.522485625743866,0.47924610376358034,0.0020917696761898197,0.5199763655662537,0.4981675505638123,0.002794756158255,0.5135363221168519,0.5138739347457886,0.0027253703214227803,0.520068085193634,0.5111448526382447,-0.0013473517610691048,0.5361537933349609,0.49482548236846924,0.001417614439026191,0.5321853280067445,0.512456727027893,0.0019523296505212203,0.5267026424407959,0.5275839567184448,0.0006594257734832208,0.5350964188575744,0.5300241589546204,-0.0034266550093888805,0.5501986384391785,0.5085249781608582,-0.0020161092281341,0.5464407205581665,0.5228424549102784,-0.00019889255054294009,0.5401180863380433,0.5367438673973084,-0.00030979129951446,0.547678017616272,0.5516280889511109,-0.005190936475992161,0.564120614528656,0.5194101572036743,-0.00504297623410814,0.575953209400177,0.502661406993866,-0.0036486832424997596,0.5856249332427979,0.48715236186981203,-0.00297835217788814
0.5060707688331604,0.6333049654960633,-1.4288893339653442e-07,0.48423161506652834,0.5862497329711914,0.00071121054934334,0.4748581886291504,0.5331263780593872,-0.00105474053416396,0.46793743371963503,0.48979731798172,-0.0034030492417514,0.45254488587379454,0.4689517080783844,-0.00460609663277862,0.5033620953559876,0.4969171404838562,0.0011216422048164133,0.5224083542823792,0.4777166306972504,0.0020950652658939,0.5198772668838502,0.4965711355209351,0.0028219321276992003,0.5134965658187867,0.5124998450279237,0.0027963313739746603,0.5203245639801025,0.5097145557403565,-0.0012373252189717843,0.5360783576965332,0.49320080876350403,0.00145874434965656,0.5321062564849853,0.510871696472168,0.0019796334207057404,0.5267008304595947,0.5260817646980286,0.0006883697773446208,0.5353593945503236,0.5285857439041138,-0.0032488238997757,0.5502490282058716,0.5066898226737976,-0.00197104872204358,0.5465133428573609,0.5210276365280152,-0.00018661681096998,0.5402730703353882,0.5350455641746521,-0.00029302288312463997,0.5479614496231079,0.5500367879867554,-0.0049368089996278,0.5644334912300111,0.5177324652671814,-0.0049446548335253405,0.5762715697288514,0.500961196422577,-0.00364024788141244,0.5859893321990967,0.4853167593479156,-0.00300836153328416
0.5061326742172241,0.6312713980674743,-1.423748699380667e-07,0.48438498973846433,0.5843199849128723,0.0007051488268188801,0.47512856721878055,0.5312682151794434,-0.0010873399674891802,0.46829061508178715,0.4877237439155579,-0.0034205678850412003,0.45295323133468623,0.46647840738296503,-0.00458101909607646,0.5035063028335571,0.49508776068687443,0.0008515144319971732,0.5224029541015626,0.4756972134113312,0.0019462130963801999,0.5198507070541383,0.49450247287750243,0.00286002173088484,0.5135076522827149,0.5104978084564209,0.0029528410173952405,0.520521342754364,0.5077936291694641,-0.0014350888202897844,0.5360616445541382,0.49102948307991023,0.0014037542685400002,0.5320221543312073,0.5086565136909486,0.00207523808348918,0.526672089099884,0.5238399624824523,0.0008369046045117808,0.5355811595916748,0.5265950083732606,-0.00333439828827972,0.5503150939941406,0.5042869091033936,-0.00193388224579388,0.5465232610702515,0.5185389637947082,-5.006284918635998e-05,0.5402984976768493,0.5326318860054016,-0.00014410258736462,0.5481649398803711,0.5478790879249573,-0.004901746287941901,0.5646210074424745,0.5154549956321717,-0.00488005122169846,0.5764342188835144,0.4987537622451782,-0.0035586104262619604,0.5861147284507752,0.4831703901290893,-0.00292474329471584
0.5063018321990967,0.6286819219589234,-1.3954849009678583e-07,0.484795469045639,0.581874418258667,0.0006117170923971299,0.4754622638225555,0.5288601875305177,-0.0013474192470311602,0.46845812797546393,0.48522816896438603,-0.0038304861169308002,0.4530565679073334,0.46400649547576905,-0.0051235847175121006,0.5032265782356262,0.49263592958450314,0.0003316899237688399,0.5228132486343384,0.4733309268951416,0.0013151177787221798,0.5205818057060242,0.4923561930656433,0.00225796978920692,0.5142215728759766,0.5082145929336548,0.00236348934704438,0.5201922535896302,0.5052892029285432,-0.0019993885303847244,0.5364572644233704,0.48859744668006894,0.0007580413250252202,0.532665753364563,0.5063899159431458,0.00150085012428458,0.5271852254867554,0.5214194178581237,0.0002940577804110802,0.5353479981422424,0.5240798592567444,-0.0039315156638621805,0.5506136655807495,0.5017011940479279,-0.00260701742954548,0.5469956398010254,0.5161638140678406,-0.0006827237084508,0.5406848430633545,0.5302219510078431,-0.0007603633101098201,0.5481394886970521,0.5453400135040284,-0.00553864920511838,0.5646979451179505,0.5128836154937744,-0.00555674601346248,0.5765087842941284,0.49627693891525265,-0.0042343825567513005,0.5861206769943237,0.4807790637016296,-0.0036137707531451804
0.5064162731170655,0.6258074641227722,-1.3875256854589682e-07,0.48507884144783026,0.5791976094245911,0.0005148427982930698,0.47562339901924133,0.5263047933578491,-0.00154884454095732,0.46856050491333007,0.48262399435043335,-0.004086415003985121,0.4532170414924621,0.4613132536411286,-0.005402579158544501,0.5028772592544556,0.4901588320732117,-0.00033016562811100005,0.5229551792144775,0.47035931348800664,0.0005006576306186598,0.5209221124649048,0.48952555656433105,0.00153204609523522,0.5145602345466614,0.5053980052471161,0.00172054051654412,0.5198978781700134,0.5026502907276154,-0.0026522742526139727,0.5366376638412477,0.48543363809585566,-5.885991267861999e-05,0.5330175638198853,0.5033235907554626,0.0008483170619001399,0.5274774312973023,0.5183611392974854,-0.0002205250319093399,0.5351796865463258,0.5212392568588257,-0.0045607801992445796,0.5506897330284118,0.49840347766876225,-0.0033755153883248197,0.5472122430801392,0.512975311279297,-0.0013177403830923,0.5408985257148743,0.5270645380020142,-0.0012801761971786402,0.5481401681900024,0.542280662059784,-0.0061463706195354,0.5647236347198487,0.5096077680587768,-0.00630725594237442,0.5764283537864685,0.4929445326328277,-0.004992529097944441,0.5858641624450683,0.4773178160190582,-0.00435466186609114
0.5065307140350341,0.6229330062866212,-1.3795664699500779e-07,0.48536221385002143,0.5765208005905151,0.0004179685041890099,0.47578453421592715,0.5237493991851807,-0.00175026983488348,0.46866288185119626,0.4800198197364807,-0.00434234389103944,0.453377515077591,0.45862001180648804,-0.005681573599576901,0.502527940273285,0.48768173456192015,-0.00099202117999084,0.5230971097946168,0.4673877000808716,-0.0003138025174848601,0.5212624192237854,0.48669492006301884,0.0008061224012635202,0.5148988962173462,0.5025814175605774,0.00107759168604386,0.5196035027503967,0.5000113785266876,-0.0033051599748432203,0.5368180632591247,0.4822698295116424,-0.00087576115038246,0.5333693742752075,0.5002572655677795,0.0001957839995156999,0.5277696371078492,0.515302860736847,-0.00073510784422976,0.5350113749504091,0.5183986544609069,-0.00519004473462698,0.5507658004760743,0.4951057612895965,-0.00414401334710416,0.5474288463592529,0.5097868084907532,-0.0019527570577337998,0.5411122083663941,0.5239071249961853,-0.00179998908424746,0.5481408476829529,0.5392213106155396,-0.0067540920339524205,0.5647493243217468,0.5063319206237793,-0.0070577658712863605,0.5763479232788086,0.48961212635040285,-0.00575067563913758,0.585607647895813,0.47385656833648676,-0.0050955529790371
0.5066462159156799,0.6202654957771301,-1.359624462793363e-07,0.4856893420219422,0.5740252137184144,0.00032101222022898985,0.47601500749588016,0.5209354877471923,-0.0019603787688538205,0.4687538385391235,0.47690113782882687,-0.00464462968520816,0.45350880026817325,0.45545063614845277,-0.006053675618022621,0.5017520844936371,0.4848165154457092,-0.0015814389218576001,0.5231769800186158,0.46323078870773315,-0.0011562970001250201,0.5218187808990479,0.48284174799919133,-4.4047564733799946e-05,0.5155092597007752,0.4986271262168884,0.00024494022363796006,0.5186781525611878,0.4969128906726837,-0.00395169733092184,0.536865508556366,0.4780127584934234,-0.0017580530606210003,0.5338297486305237,0.49636639356613155,-0.00058826157473958,0.5281330108642579,0.5113310933113099,-0.0014156985096633202,0.5341864705085755,0.5149999737739563,-0.00589949842542406,0.5507763981819153,0.4905413329601287,-0.00507430480793114,0.5476617693901062,0.5057092547416687,-0.00279316056985406,0.5412228107452393,0.5199189186096191,-0.002530353621114,0.5476231813430786,0.5355586886405945,-0.007532348483800821,0.5642215132713317,0.5018673658370972,-0.008037391118705241,0.5758121132850647,0.4848679006099701,-0.00679982877336438,0.5850030183792115,0.4688932418823242,-0.006166492635384139
0.5068373441696167,0.6167389512062074,-1.2949089125413594e-07,0.4861914932727814,0.5710438013076783,4.859905166084978e-05,0.47624202370643615,0.5175244212150574,-0.00243377480655906,0.4686707198619843,0.47344769835472106,-0.00531654590740796,0.45354682207107544,0.4519452333450317,-0.006884255260229061,0.5005706131458283,0.48145260810852053,-0.0022829132853075603,0.5230805277824402,0.4577308833599091,-0.0026175165083259003,0.5223561644554139,0.47776903510093693,-0.0018739920691587001,0.5160635352134705,0.49340471625328064,-0.0017427940736524602,0.5171514391899109,0.4933891952037811,-0.004743415210396,0.5367340445518494,0.47233383655548095,-0.0033191747497766603,0.5344090938568116,0.49119141101837155,-0.00220447257743214,0.5285521864891053,0.5060098946094513,-0.00290799972135568,0.5326964855194092,0.5110607624053956,-0.0068710199557244405,0.5503973484039306,0.484722912311554,-0.00668157869949932,0.547816836833954,0.5003497898578644,-0.0043272122740745,0.5413475871086121,0.5145053386688233,-0.00384249519556754,0.5464798092842102,0.5311312913894654,-0.00872276760637752,0.5631837487220764,0.4965747356414795,-0.00967589616775508,0.5747258186340332,0.4789835870265961,-0.00862315203994508,0.5837741732597352,0.462340372800827,-0.00805232860147948
0.5071753025054933,0.6127575755119323,-1.2321801818870883e-07,0.48662824630737306,0.5677486300468445,-5.884896381800058e-07,0.47659356594085694,0.513748049736023,-0.0026033276692032405,0.4688841879367828,0.46943963766098024,-0.0056146049872040395,0.4538807094097137,0.4476798295974731,-0.00727018611505622,0.49911606311798096,0.4780404508113861,-0.00304058839101342,0.5225070238113403,0.45108503699302677,-0.00394550985656676,0.5226257801055909,0.47138013243675236,-0.0033122645341791,0.5165366411209107,0.48712717890739443,-0.0031669051386415802,0.5152734637260438,0.48924108743667605,-0.00565775167196984,0.5360370755195618,0.4650789439678192,-0.004822389828041141,0.5345822930335998,0.48449068069458,-0.0035843571007717198,0.5287573337554932,0.4994490683078766,-0.00407237468753004,0.5307676672935486,0.5061744928359986,-0.00797593398019668,0.5493715882301331,0.4769331932067872,-0.00816749762743706,0.5475029110908508,0.4930346250534058,-0.0055026445537805,0.5412083864212036,0.5073185384273529,-0.0047262415289878205,0.5448408007621766,0.5256168007850647,-0.01004470065236084,0.5615513324737549,0.4896325707435608,-0.0113032871857285,0.5729539632797241,0.4710801720619202,-0.01030325517058368,0.5816971659660339,0.45337297916412356,-0.009747093915939281
0.5072841882705689,0.6085102677345275,-1.1690851238199686e-07,0.4870564043521881,0.5644412279129029,-9.562378836562001e-05,0.47701425552368165,0.5103695034980774,-0.0029549360275268003,0.46908627748489373,0.4660422325134277,-0.006225542258471221,0.4541608452796936,0.4440762877464294,-0.008116510789841361,0.4978391945362091,0.4750665485858917,-0.0041277252952568,0.522060751914978,0.4453952252864838,-0.00559057055506852,0.5230141878128052,0.4659127295017243,-0.00500923235085788,0.5171467542648316,0.48167153596878054,-0.00482751023955638,0.5134836316108704,0.4856427431106567,-0.006920808693394021,0.5354746818542481,0.45896674394607545,-0.00664484917651856,0.5348417282104493,0.4788823008537292,-0.00526388724392744,0.5290049910545349,0.4938327014446259,-0.00557314887410024,0.528863537311554,0.5019566655158997,-0.0094209684990346,0.5484955430030823,0.4703526377677918,-0.00999232986941928,0.547303056716919,0.4869519054889679,-0.007021154044195959,0.5411484599113465,0.5012235403060913,-0.005996243096888,0.5431859970092774,0.5208819150924683,-0.0116965004242956,0.559925627708435,0.48376028537750243,-0.0132716162130236,0.5712619543075562,0.46447238922119144,-0.012318633217364502,0.5797895431518555,0.44591887593269347,-0.01179398065432902
0.5071311950683595,0.6020508527755737,-1.1288280745702652e-07,0.4874354660511017,0.5595300316810609,-0.00023018736828814003,0.4777117371559143,0.5053049981594085,-0.0032784477341919606,0.46982317566871645,0.46083151102066033,-0.006801757030189001,0.45504307150840756,0.43862126469612117,-0.00896675204858178,0.49640251994132994,0.47003617286682126,-0.004935402469709481,0.5222119688987732,0.4374005556106568,-0.007230063620954719,0.5242750763893127,0.4587191283702851,-0.0067985059693454995,0.5187858104705811,0.4746260702610017,-0.00653837751597158,0.511122477054596,0.48007212281227113,-0.007946814689785201,0.535635781288147,0.45045263171195987,-0.008749792072921939,0.5362114548683167,0.4722771346569061,-0.0072605697903782,0.5305281162261963,0.48817908763885504,-0.0071492268238216,0.5260931611061097,0.49566566944122314,-0.010727908369153681,0.5479436278343202,0.461881548166275,-0.012226236611604642,0.5477937936782837,0.4807552814483642,-0.0088094337843358,0.541998040676117,0.49612997770309447,-0.00714429356157774,0.5404587984085083,0.5140708446502685,-0.013315569609403562,0.5570709705352783,0.47593175172805785,-0.01538721602410072,0.5681746959686279,0.4558035731315613,-0.014347053878009261,0.5764014482498169,0.4362735152244568,-0.013635304197669
0.5074225068092346,0.5945308446884155,-1.0529241336598719e-07,0.488334196805954,0.5533995389938355,-0.00019464499200692,0.47935352921485896,0.4992715060710907,-0.0034616492688655204,0.47179701924324036,0.45472099781036374,-0.007323422841727701,0.45691712498664855,0.43248016238212594,-0.009898695163428742,0.49520111083984375,0.4643185794353485,-0.005442318040877541,0.5227142691612244,0.42873015999794006,-0.008623644988983839,0.5260066270828248,0.45016153454780583,-0.00851345900446168,0.5211106657981873,0.4659092247486115,-0.008253426756709741,0.5088332891464233,0.47377829551696776,-0.00877712517976756,0.5360874295234681,0.4411335110664368,-0.0107033559121191,0.5381253600120545,0.46408713459968565,-0.0092644141986966,0.532892119884491,0.48078089356422427,-0.008790483046323,0.5232112646102905,0.48868675231933595,-0.01194955520331854,0.5475692510604859,0.4527275860309601,-0.014222144708037341,0.5489793419837953,0.4728667378425598,-0.010552640631794879,0.5439876079559327,0.4889172732830047,-0.00840232511982316,0.5373754978179932,0.5065373837947846,-0.01495969314128156,0.5539666652679444,0.46758381724357606,-0.017146231420338102,0.5645138263702393,0.446522206068039,-0.015939945541322182,0.5721037149429321,0.42609718441963196,-0.015058369934558839
0.5080757021903992,0.5863838076591492,-7.598683922083184e-08,0.489793062210083,0.5458711743354797,0.0008834796550218001,0.4819283545017242,0.49224542379379277,-0.00215037781745192,0.47490831017494206,0.4480043709278107,-0.006103531562257521,0.460159569978714,0.4258696615695954,-0.00914469137787814,0.49466838836669924,0.4581712067127228,-0.0049278037855401205,0.5231676578521729,0.4205244183540344,-0.008405539952218499,0.5291951894760132,0.43805760145187383,-0.00854456340894094,0.5268909811973572,0.4514965772628784,-0.0083528803661465,0.5071417212486268,0.4668696165084839,-0.009082693606615021,0.5367479920387268,0.4317845106124878,-0.011353519931435541,0.5419149041175843,0.4515034794807434,-0.010195904970169041,0.5391987800598145,0.4666901171207428,-0.00978509765118356,0.5207730770111084,0.48128454685211186,-0.01301233731210226,0.5471306204795837,0.4428809225559234,-0.015388727560639342,0.5517175316810609,0.45990908741950987,-0.0119596946984529,0.5493701457977295,0.4737715303897858,-0.00999823417514558,0.5345911502838135,0.4990119099617004,-0.01671312097460028,0.5507799744606018,0.4591280519962311,-0.01862269118428226,0.5607644200325013,0.4370031595230103,-0.01719780340790744,0.5678211569786072,0.41587626934051514,-0.01626967098563906
0.5085520029067994,0.5798372745513917,-4.7994203100643086e-08,0.4910202205181122,0.5395934939384461,0.0018841621582396202,0.484223335981369,0.48646903634071353,-0.0008447402156889399,0.4777698755264283,0.442596060037613,-0.00479741462040688,0.46315492391586305,0.42073673009872437,-0.008212293870747041,0.49465697407722475,0.45303333997726436,-0.00400893422774966,0.5237891793251038,0.4142560601234436,-0.007680007629096481,0.5320942163467407,0.42793611884117133,-0.008168452419340519,0.532168173789978,0.4389334797859191,-0.008139893040060941,0.5061527013778686,0.4614918112754822,-0.0088611396029591,0.5375858187675476,0.42478616237640376,-0.011353216134011702,0.5455008387565613,0.44108462929725645,-0.010581062175333462,0.5452540278434753,0.4545525908470154,-0.01033740956336256,0.5190833568572999,0.47576456069946294,-0.01345155555754894,0.5470705509185791,0.4357202231884002,-0.015888612344860983,0.554477882385254,0.44945192337036133,-0.012853056564927039,0.554630196094513,0.46106039285659794,-0.01117661874741312,0.532455337047577,0.49352861046791074,-0.01774811800569292,0.5482667207717895,0.4531910240650177,-0.01935172416269776,0.5577533721923829,0.43032336235046387,-0.017773846909403763,0.5644370794296265,0.4088167607784271,-0.01683348212391134
0.5089158654212952,0.5703113913536073,8.530014383723013e-09,0.4929928004741668,0.5304622292518617,0.0028054015419911402,0.48762260079383857,0.478068631887436,7.724636234339991e-05,0.4817918956279755,0.43514942526817324,-0.004179618903435721,0.4676097631454468,0.41330552101135254,-0.008345767669379662,0.4953545153141022,0.44600107073783873,-0.004166398709639859,0.5252484202384948,0.4054150879383087,-0.008761907741427401,0.5368987560272216,0.4131966352462769,-0.010046551004052079,0.5408709883689881,0.4203257143497467,-0.01042522378265852,0.5054702758789062,0.45432757139205937,-0.00994575340300792,0.5384341597557067,0.41428155899047847,-0.0132953997701406,0.5504098653793335,0.4241627216339111,-0.013024126552045302,0.5544640421867371,0.43365684747695926,-0.01296636871993538,0.5173800230026245,0.468375152349472,-0.01544679105281824,0.5464367151260376,0.4251583218574524,-0.0183630738407373,0.5578460097312927,0.4322435975074768,-0.01589934881776564,0.5620616674423219,0.4389734208583832,-0.0146113287657499,0.5301873445510865,0.4856987595558166,-0.0206247197464108,0.5453206658363342,0.4446678698062897,-0.022303076088428478,0.5546098113059997,0.42169404625892637,-0.020692018046975104,0.5614191889762878,0.4007975041866302,-0.01976868938654656
0.5098312735557556,0.5600787162780763,8.676398408624663e-08,0.4961206912994384,0.5200337886810303,0.00351615812978702,0.4918623983860016,0.46910722255706794,0.0004413860850036,0.4867295682430267,0.4279259502887726,-0.0042221274459734205,0.47328902482986446,0.40635654926300047,-0.0091607857495546,0.49691281914711005,0.43965916633605956,-0.00597057179547842,0.5263699412345886,0.39647215604782104,-0.01180647760629652,0.5409559488296509,0.3960272550582886,-0.0142223980277776,0.5489476442337036,0.39752889275550846,-0.015397326834499781,0.5057801604270935,0.4484277665615082,-0.012589108943939142,0.5380993008613587,0.40366348028182986,-0.01711183805018658,0.5538678050041199,0.40327986478805544,-0.017939160391688302,0.5624598979949951,0.40554158687591557,-0.0186944121494889,0.5166149139404297,0.46282646656036375,-0.01875034216791386,0.5447136402130127,0.41370292901992806,-0.02240485586225982,0.559769368171692,0.4111849904060364,-0.02116494774818414,0.56803457736969,0.41061769723892216,-0.0209023559466004,0.5287492513656618,0.47954381108283994,-0.02450268007814878,0.5424465537071228,0.43848114609718325,-0.026897671818733176,0.5507120609283447,0.41560059785842896,-0.02595957629382608,0.5570172905921936,0.39488883614540093,-0.025595461204647965
0.5106825590133668,0.5501238942146301,1.6043721728919993e-07,0.49963425397872924,0.5091099858283996,0.00468252855353052,0.49664796590805055,0.45962804555892944,0.00159894074313338,0.49225082993507385,0.4207302153110504,-0.0032093183835968002,0.48001964688301085,0.3992997348308563,-0.0086845705285668,0.49985294938087466,0.43292050957679745,-0.007083088671788541,0.5276747465133668,0.38810575008392334,-0.01408882103860376,0.5443110346794129,0.3780540764331818,-0.01770687606185668,0.5556731224060059,0.37229281663894653,-0.01981642246246332,0.5071795225143433,0.44216367006301877,-0.01477566529065364,0.5375059962272645,0.39309502243995664,-0.020378965139388982,0.5559934973716736,0.3812510967254639,-0.02248715274035926,0.5684680938720703,0.37469507455825807,-0.0242652170360088,0.5166081786155701,0.4569639325141907,-0.02180788516998286,0.5421618223190308,0.4026752710342408,-0.0263766516000032,0.5594000339508056,0.3898305594921112,-0.02661688253283494,0.5708037614822388,0.3807548701763153,-0.027562624588608718,0.527744197845459,0.47337325215339654,-0.02828708626329892,0.5391826152801514,0.4334741592407227,-0.03197332397103306,0.5461991786956787,0.4109364449977875,-0.03210296817123886,0.5519122123718262,0.3903686761856079,-0.03250804170966142
0.511116337776184,0.5422168493270875,2.075668255940855e-07,0.5023985922336578,0.5008792877197266,0.00493794321082526,0.5003273010253907,0.4524718940258026,0.00150946001522238,0.4965969562530517,0.4154085874557495,-0.0035902143572456805,0.4853412866592407,0.39391629695892333,-0.00947639439254996,0.5025727808475495,0.4275251269340514,-0.0089051918359473,0.5292499661445618,0.3813454389572144,-0.017395028658211204,0.5462533712387085,0.3655792713165284,-0.0221631684340536,0.559010124206543,0.3548556506633759,-0.025081465579569282,0.5085675239562989,0.43749536275863643,-0.017178022302687102,0.5369898200035095,0.3847480595111847,-0.024372132867574642,0.5562832355499268,0.3657299816608429,-0.02754503767937418,0.5706102252006531,0.3528056859970093,-0.029979045130312403,0.5167577385902404,0.4526593923568726,-0.024685937911272,0.5400996088981629,0.39457429051399234,-0.030684296786785102,0.5576716542243958,0.3757853150367737,-0.03201398458331818,0.57031809091568,0.3611190974712372,-0.03359853420406578,0.5269860863685608,0.46857265830039974,-0.031568308174610066,0.53646160364151,0.430166232585907,-0.03685157597064968,0.542313289642334,0.4083959519863129,-0.0380509633570909,0.54748055934906,0.38818239569664,-0.03906422257423395
0.5128905057907105,0.532098686695099,2.454812914720606e-07,0.5056000590324402,0.48922181129455566,0.00559905455447726,0.5050273537635803,0.4424334645271301,0.00223256745375688,0.5025074899196624,0.40776794552803036,-0.0028997377026826004,0.4926912426948547,0.3870095729827881,-0.008984300540760121,0.5085863649845124,0.4196313500404357,-0.009571750741451938,0.5317498445510865,0.3722792685031891,-0.019337874837219684,0.548052191734314,0.3499243915081025,-0.02532472237944598,0.5614798545837403,0.33331322073936465,-0.02922230027616018,0.5134009718894958,0.42980875372886657,-0.018771125189959943,0.5373822212219239,0.3743745684623718,-0.02754097729921336,0.5560340046882629,0.3471681654453278,-0.031966125965118386,0.5711676836013795,0.32729206681251527,-0.03527206666767592,0.5193987488746643,0.4451617598533631,-0.02717064805328842,0.5384861230850221,0.3854418933391572,-0.03457930274307726,0.5550574660301208,0.36033042073249816,-0.03709124960005278,0.5680452823638916,0.33966819643974305,-0.039500214159488664,0.526921546459198,0.46108342409133907,-0.03487861193716518,0.53398597240448,0.42548356652259833,-0.041924305260181385,0.5384163618087769,0.40475701689720156,-0.044343481585383364,0.542723274230957,0.38517123460769653,-0.046204695105552605
0.5155986070632934,0.5233446121215821,2.541098581332336e-07,0.5094851493835449,0.482655680179596,0.0036523318383842006,0.5095585107803345,0.43753089904785153,-0.00023457780480385998,0.508959972858429,0.40439160466194146,-0.00542551320977508,0.5011878192424775,0.3822715044021607,-0.01148779173381622,0.5148916244506836,0.4119916677474975,-0.01135723423212762,0.5346210956573487,0.36390212178230286,-0.021810239739716023,0.5487040400505065,0.33702431321144105,-0.0286725733429193,0.5608970284461976,0.3157201766967773,-0.033302765339612905,0.5187704682350159,0.4212001502513885,-0.01971331313252442,0.5377946972846985,0.36478431224822994,-0.029688394442200623,0.5535834789276123,0.3320603370666504,-0.0355118744075298,0.5667954206466674,0.3068078100681305,-0.03977637514472002,0.5228373169898988,0.43620960712432866,-0.02733670808374878,0.5374483346939087,0.37695270776748663,-0.03578899353742596,0.5508731722831727,0.34795820713043213,-0.03951604962348934,0.5617626667022706,0.32344955801963804,-0.0426846608519554,0.5277851104736329,0.4524865686893463,-0.034402853995561526,0.5318216919898987,0.4197085142135621,-0.0427516527473926,0.5339152455329895,0.3990465342998505,-0.0462739430367946,0.5360375881195069,0.3790994822978973,-0.04883977547287934
0.5196784377098084,0.519314455986023,2.3507388959842507e-07,0.5136377811431885,0.48038471341133115,0.002752690878696701,0.514213514328003,0.4354570031166076,-0.0009296756237745396,0.5146105766296387,0.40212352275848384,-0.00578971202485262,0.5081060886383058,0.3779153823852539,-0.0115791371557861,0.5218698740005494,0.4068496108055115,-0.01159076318144794,0.5376826763153076,0.3575882375240326,-0.02233140636235472,0.5493745088577271,0.3267794728279114,-0.029718574509024563,0.5599090337753296,0.3016869306564331,-0.03479225710034364,0.5249630093574524,0.41475433707237247,-0.019665449857711723,0.5385340452194215,0.3572788953781128,-0.030023291707038845,0.5502367615699768,0.3205448389053345,-0.036721492558717705,0.5602660179138184,0.29157389998435973,-0.04167875573039048,0.5271499991416931,0.4291889846324921,-0.02711409740149972,0.5364935874938965,0.3712919235229492,-0.03603341653943058,0.5454872369766235,0.3387781918048859,-0.040858817845582915,0.5531641602516175,0.3110172271728516,-0.044844554364681224,0.5291958212852479,0.4462407946586609,-0.0340873755514621,0.5304041981697083,0.41438170671463015,-0.043341895192861524,0.5303303480148316,0.39318374395370487,-0.047740679234266226,0.5303879261016846,0.3728725135326385,-0.050925847142934716
0.523501718044281,0.5172930955886841,2.1686584545932423e-07,0.5168777108192445,0.48058989048004147,0.0012681810650974404,0.5174107909202577,0.4356682777404785,-0.0024486939422786,0.5185259699821472,0.40154858827590945,-0.00708691785112022,0.5129887163639069,0.3752751767635346,-0.012629990885034142,0.5275382041931153,0.40384242534637455,-0.01244577188044782,0.5402665257453918,0.3530552327632904,-0.023310899920761564,0.5501332879066467,0.32023534178733826,-0.030952547118067684,0.5594124436378479,0.2932673037052155,-0.036252058297395647,0.5304951310157776,0.41048255562782293,-0.0198430880904197,0.5393403768539429,0.35209879875183103,-0.030464246869087178,0.5475826025009156,0.3130896627902985,-0.037720254808664304,0.5548105597496034,0.28221439719200136,-0.043118343502283024,0.5313714861869813,0.42437103390693665,-0.026739672198891618,0.5362621784210205,0.3675468921661377,-0.03592116609215732,0.5416832804679871,0.33292807340621955,-0.041446491330862006,0.5466736912727357,0.30357751846313474,-0.0459592297673225,0.5309899687767029,0.44204778075218204,-0.03330090790987008,0.5301179051399231,0.4101568818092347,-0.04306671917438504,0.5283493876457215,0.3883867621421814,-0.0479639776051044,0.5266716241836548,0.36779140830039975,-0.05151313543319695
0.5291545271873475,0.513649332523346,1.9602225336257107e-07,0.5233964681625367,0.47868915796279904,0.0003449129173532002,0.5236231327056885,0.434284508228302,-0.00326799349859352,0.5245430946350098,0.40025404691696165,-0.00773014673031864,0.5197805047035218,0.3729736149311066,-0.0130715068895369,0.5352308988571167,0.39780760407447824,-0.01233364623039956,0.5438694953918457,0.3455345630645752,-0.02295953352004288,0.5514526247978211,0.31130291223525997,-0.030540813133120483,0.559003221988678,0.2829156398773194,-0.035870796814560825,0.5370790362358093,0.4030415415763855,-0.01938220858573908,0.5402055025100708,0.3441438853740692,-0.02978968583047386,0.5445420861244202,0.3033279836177826,-0.037264782190322865,0.5485360503196717,0.27102463245391845,-0.04286965131759636,0.5358720302581788,0.41702209115028377,-0.026084179431200002,0.5351941466331482,0.3618108987808228,-0.03533519655466074,0.5365819454193116,0.325505417585373,-0.041547325998544646,0.5385306239128114,0.29466335773468016,-0.04656065851449962,0.5325868964195252,0.43652313351631167,-0.03253063485026354,0.5287145614624024,0.40554121732711795,-0.04273869544267652,0.5250000476837159,0.3832977890968323,-0.04811839610338208,0.5214597582817078,0.36232353448867793,-0.051983175426721505
0.5349881649017334,0.5104900240898133,1.7738909434683593e-07,0.5325461030006409,0.4769155204296112,-0.00080854047555476,0.532347571849823,0.43162955045700074,-0.004537220927886621,0.5324575185775757,0.39729682803153993,-0.00888849054463204,0.5276964664459228,0.36973292827606197,-0.01411049123853438,0.5407286643981934,0.3927968204021455,-0.013512297905981501,0.5473417639732361,0.33897637128829955,-0.02398874685168264,0.5531474351882935,0.3043739855289459,-0.031249034032225564,0.5590972781181336,0.2755240559577942,-0.03632049374282354,0.540455162525177,0.39731869101524353,-0.019857522845268198,0.5400012135505676,0.3369209110736847,-0.030035256594419444,0.5415306091308594,0.2955830454826355,-0.037379895150661445,0.542969286441803,0.2622509717941284,-0.04282695502042764,0.5376963257789612,0.41176108717918397,-0.02588710114359852,0.5329607486724853,0.356358003616333,-0.03524084836244578,0.5313605308532715,0.3189426243305206,-0.041989614069461785,0.5308427453041077,0.286817342042923,-0.0472291842103004,0.5333351731300354,0.43288256525993346,-0.03169391080737108,0.5264438033103943,0.4014036417007446,-0.04205797314643858,0.5206706166267395,0.37838003039360046,-0.047666461765766124,0.5151916980743408,0.35672179460525505,-0.05154822990298265
0.5401668190956116,0.5089948773384095,1.6732860217416603e-07,0.5411406993865967,0.47412819862365724,-0.00026592535432426,0.54136301279068,0.42828095555305484,-0.00362642712425436,0.5409214854240418,0.3933766484260559,-0.0078114493284374,0.5365945100784302,0.36672786474227903,-0.012951947934925502,0.545523488521576,0.38855012059211735,-0.01274577900767322,0.5500130772590638,0.33385562300682065,-0.023270415887236565,0.554802942276001,0.29886025190353394,-0.030457927659153904,0.5596827030181886,0.2697598338127136,-0.03546538241207594,0.5426432609558106,0.39306106567382815,-0.0195948593318462,0.5396957278251648,0.33142879605293274,-0.029426137730479203,0.5392506718635559,0.29004204273223877,-0.036520309746265384,0.5387707233428956,0.25659620463848115,-0.04175256416201586,0.5379574537277222,0.4086782276630402,-0.02619114480912682,0.5299062967300415,0.3530826270580292,-0.035713766515254944,0.5260143876075745,0.31550181508064273,-0.04275741204619402,0.523584258556366,0.2826461732387543,-0.04811648875474925,0.5322867631912231,0.43201547861099243,-0.0324811171740293,0.523061764240265,0.4003736078739166,-0.04307846352457998,0.515885078907013,0.37704214453697205,-0.048784779012203204,0.5093469023704529,0.35471571087837217,-0.052668112516403146
0.5436840772628785,0.5056947112083435,1.6550669386106166e-07,0.5483615398406982,0.4699466824531555,-0.0005203809123486001,0.549137282371521,0.424350655078888,-0.0039579305564984195,0.5487368702888489,0.38993836641311647,-0.008270403044298241,0.5452443480491639,0.3647100985050202,-0.013520089536905242,0.548944365978241,0.3831719040870667,-0.01216396577656264,0.5522342920303345,0.3290784299373627,-0.022546181082725485,0.5563146948814393,0.2948473751544952,-0.029578616842627505,0.5602705121040344,0.2662146925926208,-0.03446420989930624,0.543587327003479,0.3873484909534454,-0.01900055631995198,0.5395230770111084,0.32636722922325134,-0.02847280055284496,0.538207721710205,0.28586644530296323,-0.035207732766866645,0.5366679906845093,0.25294785499572753,-0.04010571315884586,0.5372724890708923,0.4038962841033936,-0.025713638216257058,0.5275339126586914,0.34976287484169005,-0.03517555743455884,0.5226240634918213,0.3128329932689667,-0.04211816489696497,0.5191907167434693,0.27995601296424866,-0.04729398041963573,0.5309337019920349,0.42919859290122986,-0.03213941603898998,0.5200899481773377,0.39851514697074886,-0.04254554435610768,0.5123327612876892,0.37538173198699953,-0.04800439178943632,0.5053305625915527,0.35294551253318784,-0.05165100246667858
0.5471967816352844,0.5028578400611877,1.6146292409757736e-07,0.5561434745788574,0.46599366068840026,-0.00039933511288834,0.5579366445541383,0.4207159698009491,-0.00362669534515586,0.5581386208534241,0.3867445349693298,-0.007855022745206901,0.5556475520133972,0.3621257603168488,-0.012995935231447181,0.5527174830436706,0.3778320908546448,-0.010808015242218921,0.5548529982566834,0.32405151724815373,-0.020768401771783785,0.5580719709396362,0.2905418038368225,-0.027445288375020003,0.5611199736595154,0.2624629378318787,-0.032048447802662805,0.5446506619453431,0.3814169466495514,-0.01756344046443698,0.539545202255249,0.3212360620498657,-0.02652259394526478,0.5372928380966187,0.2816646933555603,-0.03283035047352308,0.5347689390182495,0.249285688996315,-0.03732999786734578,0.5363606214523315,0.3984999477863312,-0.02429843917489048,0.5249783039093018,0.3452423512935638,-0.0334890332072973,0.5190087914466858,0.30927299261093144,-0.040174579620361264,0.5145976781845093,0.27670379281044005,-0.04501051083207126,0.5289517998695374,0.42548084259033203,-0.0307284343987703,0.5164510488510132,0.3953362166881561,-0.04072064235806462,0.5081309676170349,0.37246245741844175,-0.04579787775874136,0.5006815075874329,0.35009080171585083,-0.049050158262252785
0.548913586139679,0.5022473573684693,1.660796357327854e-07,0.5608985304832458,0.4650842547416687,-0.0017201869632117001,0.5644084215164185,0.4196702659130096,-0.00512799553107466,0.5664546370506287,0.38493201732635496,-0.00937273413874204,0.5660103678703309,0.3594229459762574,-0.01442914046347138,0.5544005870819091,0.3753525018692017,-0.010375155322253662,0.5568380117416382,0.3221512794494629,-0.020290287211537302,0.5597012996673585,0.2887381374835968,-0.027078479528427103,0.5622004985809326,0.26062485575675964,-0.03173108771443362,0.5442333221435547,0.3781188786029816,-0.01637440305203196,0.5395151376724243,0.3184483706951141,-0.02518667876720424,0.5368982315063477,0.27938069105148317,-0.031483566015958725,0.5338792443275453,0.24707883298397063,-0.03589032664895054,0.5345196723937988,0.3948231399059296,-0.02255792915821072,0.5231229662895203,0.3422014653682709,-0.03159686699509618,0.5167947173118591,0.30691657662391664,-0.03803987801074977,0.5119804263114929,0.2748025000095367,-0.04256612882018084,0.5263116002082825,0.42211083173751834,-0.028597604855895,0.5131337165832519,0.39181506037712094,-0.0381987243890762,0.5045605778694153,0.36911028027534487,-0.04287617206573485,0.4969558417797089,0.34694489836692816,-0.04574601128697393
0.5487106680870056,0.5039258480072022,1.7969385339711154e-07,0.5626380920410156,0.4683839380741119,-0.0038782018586061397,0.5678754210472107,0.42390221953392027,-0.007786637917160921,0.572041666507721,0.387821638584137,-0.012213027663528858,0.5743543148040772,0.359739100933075,-0.01720318701118228,0.5551133751869202,0.37398117780685425,-0.00992795471101994,0.5585739374160766,0.3210349678993225,-0.01973898969590658,0.5616357445716859,0.2876981973648071,-0.026766177639365164,0.5640707373619079,0.25951756834983825,-0.031570402160286844,0.5433784484863282,0.37548568844795227,-0.014741900749504521,0.5398140788078308,0.316560286283493,-0.023236232250928843,0.5372570157051086,0.27803446650505065,-0.02954386025667184,0.5341324567794801,0.24609437882900237,-0.0339334618300199,0.5324070453643799,0.39123383760452274,-0.02007545530796048,0.52191481590271,0.33932726383209233,-0.028784191608428926,0.5157289385795594,0.3049190044403076,-0.034922275319695426,0.5110200166702271,0.2736800730228424,-0.039160376414656584,0.5232175827026367,0.41821525096893314,-0.025551317259669262,0.5099450349807739,0.3882272720336914,-0.034674954041838624,0.5016404628753662,0.36614717841148375,-0.03893940933048722,0.4944798111915588,0.34440736174583436,-0.041425435617566085
0.5483412384986878,0.5055554389953614,1.8548972207099724e-07,0.563503646850586,0.4704595446586609,-0.0050450080889276805,0.5701160311698913,0.42631596326828,-0.009051397815346661,0.5753767490386963,0.3894482433795929,-0.013384132832288679,0.579110074043274,0.35994925498962405,-0.01811330486088988,0.555528473854065,0.3734860777854919,-0.00923066604882474,0.5599017262458801,0.3203648030757904,-0.0185982853174209,0.5628509521484375,0.2871062636375427,-0.025512696430087044,0.5650765419006347,0.2588782012462616,-0.030276576429605424,0.5428689599037171,0.3740957021713257,-0.013192123360931821,0.5401836276054383,0.3156643629074096,-0.021219415217637982,0.537762463092804,0.2775333762168884,-0.02739628553390496,0.534792423248291,0.24571988582611085,-0.031720357388257917,0.5310736417770386,0.38879033327102663,-0.0178544923663139,0.52152578830719,0.3370335340499878,-0.02611498832702632,0.5157502174377442,0.30346792936325073,-0.03197869732975956,0.5114686012268066,0.27302637100219723,-0.03599675297737116,0.5211243271827698,0.41500036120414735,-0.02282555624842638,0.5079890847206117,0.38521045446395874,-0.031473033875226965,0.49991315603256226,0.36362527012825013,-0.03545232415199276,0.49314272999763487,0.3422945082187653,-0.03768402785062786
0.5477717161178589,0.5080721735954284,1.930869956368042e-07,0.564531409740448,0.4735476434230805,-0.006594320421572739,0.5727947473526002,0.4293103218078613,-0.01071970257908102,0.5793772697448731,0.3911792516708374,-0.01489471253007644,0.5849679470062256,0.36017996072769165,-0.01926697585731742,0.5561798214912415,0.3731739461421966,-0.00856148339807984,0.5615374326705932,0.31974081397056575,-0.0173616606742143,0.5643904328346252,0.2866174042224884,-0.024074673652648863,0.5664111852645873,0.25848084092140194,-0.028727104142308182,0.5423743009567261,0.3727670013904572,-0.01141470726579422,0.5407432913780212,0.31464199423789974,-0.0187789103016257,0.5385993480682374,0.27693667411804196,-0.02465708591043942,0.5359439373016358,0.24556216597557068,-0.028776335343718457,0.5295872092247009,0.38630699515342715,-0.01520787775516506,0.5210822939872742,0.3347062587738037,-0.022850913181900922,0.5158536195755005,0.3021094024181366,-0.028313411399722082,0.5122013330459594,0.2726680755615234,-0.0320190448313951,0.5187124729156495,0.4117277503013611,-0.019528364390134743,0.5058215737342835,0.38210248947143555,-0.027548914030194264,0.49816766381263733,0.36106387376785276,-0.031152748316526375,0.4920567989349365,0.3401724100112915,-0.03306493945419785
0.5470156669616699,0.5108067631721497,2.0308753221343067e-07,0.5648971438407898,0.47737618088722233,-0.0090441286563873,0.5745380520820618,0.4331322133541107,-0.01384325753897424,0.581935703754425,0.3937035381793975,-0.01831009741872542,0.5896218180656434,0.36187739968299865,-0.02278153784573074,0.5564298272132874,0.37343944907188414,-0.008917870558798282,0.5628864884376525,0.32014975547790525,-0.01767545118927948,0.5658679842948914,0.2871437251567841,-0.02465785779058928,0.5677544355392456,0.2586969196796417,-0.029556162282824462,0.5417335629463196,0.3721670031547547,-0.010626386478543222,0.5412394762039184,0.31427749991416926,-0.017583074234425983,0.5394752740859986,0.2771020472049713,-0.02333530522882932,0.5371092796325684,0.2459644824266434,-0.02742620036005966,0.5283317923545837,0.38482397198677065,-0.013619746640324542,0.5211570262908937,0.33402467966079713,-0.020913978666067062,0.5166511178016663,0.301959753036499,-0.026062561199069002,0.513744056224823,0.2728690505027771,-0.02958996891975398,0.5168180704116822,0.4095949947834015,-0.01747448742389672,0.5042311906814575,0.38009792566299433,-0.025065132975578282,0.4971632957458496,0.3594612181186676,-0.02829678952693936,0.49189979434013364,0.3388272762298584,-0.029979984089732126
0.5461820125579835,0.5131856679916382,2.0719284918868652e-07,0.56511549949646,0.4808883011341095,-0.01084036678075786,0.5758233428001405,0.43646610379219053,-0.01613395735621448,0.5837658286094666,0.3960215091705322,-0.02077884785830968,0.5930170178413392,0.3640640318393707,-0.02528481483459468,0.5569530129432678,0.37400038838386535,-0.00945967677980658,0.5640469431877136,0.32054778933525085,-0.01818857938051216,0.5670634388923645,0.2878082811832428,-0.025291793420910782,0.5688117384910584,0.2592745304107666,-0.03030246086418624,0.5416422486305237,0.37233501076698305,-0.010260682180523801,0.5418520569801331,0.3146177411079406,-0.01697893161326644,0.5404098033905029,0.2781530797481536,-0.0225458346307277,0.53829083442688,0.24731423556804658,-0.026535741612315103,0.5277544617652894,0.38450919389724736,-0.012578483112156341,0.5216885209083557,0.33440707921981816,-0.01967075876891608,0.5178482890129089,0.30282070040702813,-0.02449280284345146,0.515500831604004,0.2738881945610046,-0.02780066952109332,0.5156931400299073,0.4088926494121552,-0.015991737134754602,0.5037775158882142,0.3791630983352661,-0.023240087553858722,0.497262841463089,0.35873435735702514,-0.026132534444332084,0.49249033331871034,0.3380986273288727,-0.02760706990957256
0.5457468628883362,0.5150022625923157,2.0930536948071676e-07,0.565281343460083,0.48349101543426515,-0.011974953301250882,0.5765805959701539,0.4386758029460907,-0.017629975266754583,0.5848632335662842,0.3976190328598022,-0.02248127385973924,0.5952785968780517,0.3656941056251526,-0.027133699879050198,0.5573476910591125,0.374927419424057,-0.009880590625107261,0.564662528038025,0.32150527834892273,-0.018757672235369602,0.5677218198776245,0.2888856828212738,-0.02604600563645358,0.5694433212280273,0.2602665305137634,-0.031185334920883143,0.5417508006095886,0.37313827872276306,-0.010211503133177681,0.5422964692115784,0.31535296440124505,-0.0168935118243098,0.5411008715629578,0.2792902946472168,-0.0224154964089393,0.5392064094543457,0.24864971339702605,-0.026377287134528082,0.5276336073875427,0.38521206378936773,-0.0122141115367412,0.5222894668579102,0.33537111282348636,-0.01926906593143936,0.5189030528068542,0.3038725912570953,-0.0238843291997909,0.5169327139854432,0.2748754560947418,-0.027039873227477022,0.5151771068572999,0.409520435333252,-0.015461814031004863,0.5038172245025635,0.3791915535926819,-0.02257511578500266,0.49770324230194096,0.35854564905166625,-0.025245166197419122,0.4932130634784698,0.33772035837173464,-0.026571278274059258
0.5449732065200805,0.5178336620330811,2.1131787946160333e-07,0.5653039813041687,0.48718013763427737,-0.013199595548212461,0.5773869037628174,0.44167687296867375,-0.019190270826220462,0.5861690044403076,0.39991211891174316,-0.0242282878607511,0.5978681087493897,0.36813580989837646,-0.029032696411013543,0.5578992486000061,0.37693699598312375,-0.01030996888875958,0.5655062079429627,0.3236612260341644,-0.019368591532111082,0.5685643196105957,0.29108785986900326,-0.026908598840236622,0.5702014327049255,0.2622323751449585,-0.03225159905850884,0.5419801115989685,0.3749078154563904,-0.0101563109084963,0.5431951880455017,0.31731672286987306,-0.01686595771461722,0.5422565340995789,0.28159308433532715,-0.022476840019226018,0.5405515789985658,0.25102847516536714,-0.026533761247992445,0.5275603771209717,0.38675563335418706,-0.011839763447642261,0.5232232093811036,0.3372462868690491,-0.018916106596589058,0.520355474948883,0.30581373572349546,-0.023377898707985817,0.5187849521636962,0.276808226108551,-0.026430069282650903,0.5145738124847412,0.4107838392257691,-0.014928125031292403,0.5039899587631227,0.3796445727348328,-0.021906263008713664,0.4984624743461609,0.3586680114269256,-0.024353826418518985,0.4944680631160736,0.33768104910850527,-0.025556971505284284
0.5445421099662782,0.5206117033958435,2.1175748941004715e-07,0.5653732061386109,0.49077733755111697,-0.013978178240358761,0.5778620004653932,0.4448002994060517,-0.020313192903995463,0.5866913676261902,0.403005313873291,-0.025653656572103462,0.5993045806884765,0.37168710827827456,-0.03079440668225282,0.5582283139228821,0.37960115671157835,-0.01085734181106086,0.5659780502319337,0.32684479355812074,-0.020384453982114723,0.5691039204597472,0.2942567467689514,-0.028385126590728723,0.5707516074180603,0.26501543521881105,-0.03408428356051442,0.5422151327133179,0.377579528093338,-0.0106208370998501,0.5439017295837403,0.3203316867351532,-0.01772074475884434,0.5432465791702271,0.2848504900932312,-0.023678510263562158,0.5417732715606689,0.2538869917392731,-0.02803078517317764,0.5277074575424194,0.3895031213760376,-0.012320609018206521,0.5243085980415345,0.3400850653648376,-0.01976397745311258,0.5220449805259705,0.3083913445472717,-0.02426371909677976,0.5208894848823548,0.27893583178520204,-0.027336073666810942,0.5143902540206909,0.41355925202369687,-0.015517344884574381,0.5045688629150391,0.38124794960021974,-0.022676064074039402,0.4995709002017975,0.3595151841640472,-0.0250470664352178,0.49591878652572624,0.33794187307357787,-0.026232608035206762
0.5439984202384949,0.5234309673309326,2.145061444025487e-07,0.5653265714645386,0.4942054748535156,-0.014331085234880381,0.5780557036399843,0.4476269185543061,-0.020707931742072062,0.5868883728981018,0.4056876242160797,-0.026027523726224862,0.6000909090042115,0.37489089369773865,-0.031124730408191623,0.5583987593650818,0.3823388695716858,-0.0109215177595615,0.5661870956420898,0.3298147499561309,-0.020477079600095684,0.5693485856056214,0.2972949862480163,-0.0285353902727365,0.5709481000900268,0.26806993484497066,-0.03429639711976048,0.5421889185905457,0.38034868240356445,-0.010532528534531519,0.5442481040954591,0.3233392179012298,-0.01773225180804726,0.5439463138580323,0.288023853302002,-0.0238080788403749,0.542770004272461,0.2569723427295685,-0.02824250385165208,0.5274805665016175,0.39229862093925477,-0.012116878665983601,0.5248827457427979,0.3430312335491181,-0.01970489695668218,0.5233250856399536,0.31135238409042354,-0.024167535081505723,0.5226818561553955,0.2819201350212097,-0.027172071859240483,0.5138359427452087,0.4162665903568267,-0.015226164087653121,0.5048742175102234,0.3832046210765839,-0.02239086292684072,0.5004677295684815,0.3609546661376953,-0.024669014662504124,0.49727428555488584,0.338949853181839,-0.025795392319560025
0.5433735370635987,0.5274490356445313,2.152476241690238e-07,0.565139389038086,0.498288756608963,-0.014396388083696301,0.5778932690620422,0.45057701468467715,-0.020671191439032524,0.5865581870079041,0.4084379911422729,-0.02588914856314656,0.6000348687171937,0.37817941904068,-0.03093338906764978,0.5581201553344727,0.38660529255867,-0.01099609732627864,0.5659333109855652,0.3343147814273834,-0.020697461441159186,0.5691292762756348,0.30159609317779545,-0.02887577079236502,0.5708423972129822,0.2721896588802338,-0.034740956127643545,0.5417703151702882,0.38464681506156917,-0.01063004881143564,0.5443247437477112,0.32785292267799376,-0.0180950220674276,0.5443321704864502,0.29217882752418517,-0.02438313029706474,0.5435028791427612,0.26073017120361325,-0.028965853527188244,0.5269558310508728,0.39659014940261844,-0.012244896031916062,0.5250177025794983,0.34687933325767517,-0.020148300752043703,0.5240560293197631,0.31488817334175107,-0.0246973611414432,0.523909616470337,0.28535752296447753,-0.02771539427340026,0.5131065964698792,0.42046710252761843,-0.01537205372005696,0.5048738837242127,0.38654242753982543,-0.022737381234765,0.5011451661586761,0.3636445164680481,-0.02506740614771836,0.4986302137374877,0.34119332432746885,-0.026238744705915425
0.5389981746673584,0.5287639498710632,1.4232939236080713e-07,0.5525113582611084,0.4981288850307464,-0.01219236757606262,0.5609165608882904,0.44991241097450263,-0.0181193032301962,0.5662394404411316,0.4082252740859985,-0.023098313249647583,0.5741515576839448,0.3804575800895691,-0.02768028676509852,0.5497202277183533,0.3917603433132172,-0.01056035254150624,0.5598690390586853,0.34619399905204773,-0.01869070585817092,0.5620093226432801,0.32408832311630253,-0.025222179852426,0.5622789382934571,0.3037148416042328,-0.030024299025535543,0.5397031903266907,0.39231620430946346,-0.010551388002932021,0.5452332258224488,0.34359973073005673,-0.016636085696518383,0.54464430809021,0.31873507499694825,-0.021591052785515742,0.543145728111267,0.2964707911014557,-0.025493671000003763,0.5307003378868103,0.4052576184272766,-0.012049098871648243,0.5325646162033081,0.3607068061828614,-0.018747474066913104,0.5313037872314453,0.3381350994110107,-0.02189142052084204,0.5302224397659302,0.3173924386501312,-0.02414305862039324,0.5220722913742066,0.42821113467216493,-0.0147346425801515,0.5185677528381347,0.3939758956432342,-0.02105039991438384,0.5177155017852784,0.37158176898956297,-0.02266984675079578,0.5174736082553864,0.3498787939548493,-0.023484828509390328
0.5349613189697267,0.5290640592575073,6.951117086373416e-08,0.5400265336036683,0.49688260555267333,-0.00989829134196038,0.5438907980918884,0.44845643639564514,-0.015503137372434101,0.5457123279571533,0.4073169946670532,-0.020262889936566296,0.5479403138160707,0.3819241106510163,-0.02437707297503944,0.5411634206771851,0.3958328485488891,-0.0101161433383822,0.553576672077179,0.35687475800514223,-0.01664212383329862,0.5547052502632142,0.3454557776451111,-0.02146020792424674,0.5535889506340027,0.3342661798000336,-0.025124251842498738,0.5375153064727783,0.3990193247795105,-0.010478740371763662,0.5456874012947083,0.35811800360679624,-0.015119283646345103,0.5444918513298035,0.34412574768066406,-0.018607293441891624,0.5423589825630188,0.33116812705993653,-0.021706559881567902,0.5343972206115722,0.41308438777923584,-0.011863278225064222,0.539778733253479,0.373623138666153,-0.017297913879156083,0.538153886795044,0.36049277186393736,-0.0189834367483854,0.5361149072647096,0.3484818458557129,-0.02041973061859604,0.5311252474784851,0.4353195488452911,-0.01410099733620876,0.5321285963058472,0.4009847998619079,-0.019367299601435618,0.5339670062065125,0.3792079508304596,-0.020276258885860383,0.5357847332954406,0.3582253038883209,-0.02070942744612691
0.5305688977241516,0.5300128102302551,-4.7769304956091166e-09,0.52719144821167,0.49585538506507876,-0.0076247029472142,0.5267723321914672,0.44717442989349365,-0.0127639328129589,0.5253876864910126,0.40630469918251033,-0.01715055182576174,0.5219946801662445,0.38298037052154543,-0.0206159776076674,0.533347773551941,0.40059858560562134,-0.0092815461568534,0.5468921542167664,0.367585825920105,-0.013998463377356458,0.5466430187225342,0.36662159562110896,-0.01694200355559582,0.5442121624946594,0.36483394503593447,-0.0193479217588901,0.5361053466796875,0.40650734901428226,-0.009849109873175582,0.5457660317420959,0.37292153239250186,-0.012977892532944643,0.5435165524482727,0.3695734083652496,-0.01497188545763486,0.5407317161560059,0.36627695560455326,-0.017226983606815304,0.5386921286582946,0.4215240895748138,-0.010972679965198002,0.5467972874641418,0.38673614263534545,-0.015102035552263224,0.5444539189338684,0.382822722196579,-0.015360793657600841,0.5414660811424257,0.3798215866088867,-0.01598744709044692,0.5404644250869751,0.4427307486534119,-0.012616048566997001,0.5459014654159546,0.40877482891082756,-0.016850057989358864,0.5503533720970154,0.3879023909568787,-0.0171361500397324,0.554288637638092,0.36794963479042053,-0.01722916606813666
0.5265247821807861,0.531527042388916,-8.337323151863529e-08,0.5145632505416871,0.49524635672569267,-0.0051173157524317,0.5097944855690002,0.44645322561264034,-0.00976981855928892,0.5052669107913971,0.40612856745719905,-0.01386733073741192,0.4962459802627564,0.38495283126831054,-0.016848471574485258,0.5258044123649597,0.40588702559471135,-0.00865533510223026,0.5405650734901428,0.3793010234832764,-0.011712570115923821,0.5389472723007203,0.38876185417175296,-0.01282091448083514,0.5351492762565613,0.3963868141174316,-0.013971555605530683,0.5350851655006409,0.4145941615104676,-0.009674523584544622,0.5463145732879638,0.38868325948715216,-0.011467275954782922,0.5428712725639343,0.39584828615188594,-0.01206956207752222,0.539177417755127,0.4021456897258759,-0.01354495696723456,0.5435163378715515,0.43083594441413875,-0.01074700783938166,0.5543606638908387,0.40076743364334105,-0.013756525889039,0.5509865522384644,0.4058461129665375,-0.01278459057211872,0.5466610431671143,0.4117263853549957,-0.012711512669920901,0.5505230307579041,0.4513273775577545,-0.01197612099349494,0.5603757858276368,0.417615121603012,-0.015328125096857503,0.5672022938728333,0.3974321722984314,-0.015129692852497061,0.5729354977607727,0.37846366167068485,-0.014974909834563701
0.5228180646896363,0.5334282040596009,-1.615367011709168e-07,0.5020148754119873,0.4945302307605743,-0.0024209123454056202,0.49288411736488347,0.44606838226318357,-0.006515424605458901,0.4852898716926575,0.4063259243965149,-0.01028410084545606,0.47065532207489014,0.3869238317012787,-0.012711217254400222,0.5186205863952638,0.4105061173439026,-0.007218585070222561,0.5345369935035706,0.39077086448669435,-0.00831665880978102,0.5316307425498963,0.41076205372810365,-0.007638301793485821,0.52643883228302,0.4279742181301117,-0.007585783721879081,0.5344722986221314,0.42185805439949037,-0.008711089566349943,0.5470954298973083,0.40432105660438544,-0.008664986398071,0.5424878954887391,0.42217325568199154,-0.00789983998984092,0.537855863571167,0.43826606273651125,-0.008677558507770262,0.5488004922866822,0.43936567306518554,-0.00975910881534216,0.5620520949363709,0.4151691496372223,-0.0111491041257977,0.5576401710510254,0.42937830686569217,-0.00896369405090806,0.5520466566085817,0.44409730434417727,-0.00828823456540702,0.5611194491386414,0.45923396944999695,-0.01060754153877492,0.5750964641571046,0.4261169731616974,-0.012615715153515282,0.5842682242393493,0.4071041107177734,-0.011717881448566881,0.5918481111526489,0.38953542709350586,-0.011202790401875941
0.5228618264198304,0.5380325198173523,-1.6604045924850654e-07,0.5019073486328125,0.49805725812911983,-0.00199383229482914,0.4927880227565765,0.44929823875427244,-0.005776178557425661,0.4853013932704926,0.40948636531829835,-0.00935333110392088,0.470891934633255,0.38990519642829896,-0.0116357238963246,0.5195580840110778,0.41423658132553104,-0.006292159389704401,0.5343194007873535,0.3948615193367005,-0.007147884927689981,0.5312148571014405,0.41457113027572634,-0.00644966056570404,0.5261861443519593,0.43215616345405583,-0.006361227948218541,0.5355079531669618,0.4257506906986237,-0.007923836633563,0.5470444440841674,0.40872575044631965,-0.007684403471648641,0.5421782374382019,0.4260969519615173,-0.0070972468703984605,0.5376243352890016,0.442403644323349,-0.0080056922510266,0.5498154044151307,0.4435194611549378,-0.00909502431750294,0.5623315691947938,0.41959149241447447,-0.01038591284304852,0.5577769756317139,0.4331993639469147,-0.008478564210236041,0.552347207069397,0.4478706955909729,-0.00798061452805994,0.5620208263397217,0.4635970413684845,-0.0100222628563642,0.5761229395866394,0.4305231630802155,-0.0119368048384785,0.585441255569458,0.41152864694595337,-0.011102020926773521,0.5932732582092285,0.3941651940345764,-0.010627939552068682
0.5228126764297485,0.5439550042152406,-1.683594064161298e-07,0.5018235683441162,0.5029994070529938,-0.00186882533598686,0.49273123741149905,0.4539610743522644,-0.005464625731110501,0.4852550745010376,0.41398720741271977,-0.00894352793693538,0.47097342610359194,0.3942380666732788,-0.011163971759378881,0.5205713987350464,0.4194074094295502,-0.005527201946824721,0.5340448975563049,0.4001663625240326,-0.00628963829949494,0.5307224988937378,0.41956642270088196,-0.00565542839467518,0.5258411169052124,0.43751828670501713,-0.005579098314046821,0.5366696834564209,0.43108705282211307,-0.00719500984996554,0.5470316648483277,0.41440024375915535,-0.006937669962644521,0.5418618321418762,0.4313273251056671,-0.0065868326462804805,0.5373612880706787,0.44784086346626284,-0.0076505594886839,0.5509608030319214,0.4490790724754334,-0.00842834403738376,0.5627105593681336,0.42522625327110286,-0.00983351040631528,0.5579299449920655,0.43837957382202153,-0.008205889165401421,0.5525908589363098,0.4531489670276642,-0.0078398468904197,0.5630029082298279,0.4694582223892212,-0.00940068475902076,0.5773499608039856,0.4364923357963562,-0.01136716417968266,0.5868895769119262,0.4175762474536896,-0.010623787716031041,0.5950214624404907,0.40048030614852903,-0.01018872428685424
0.5227682709693909,0.5502021312713623,-1.7086796333387613e-07,0.5016639113426209,0.5083361268043518,-0.00156036694534118,0.4924477398395538,0.4591515123844147,-0.004893113952130021,0.4849301278591156,0.4192313551902771,-0.00823810016736384,0.47073345780372616,0.3993790328502655,-0.010374114103615242,0.5208588480949402,0.42464773654937743,-0.00458135074004524,0.5340706706047058,0.4057902038097382,-0.00528652621433134,0.5307657480239869,0.42494726181030273,-0.00480097467079752,0.5258995532989502,0.44306353330612186,-0.004774719942361081,0.537097179889679,0.4363368630409241,-0.006365182623267141,0.5472459673881531,0.4202680587768555,-0.00597018254920834,0.5420191049575807,0.4368436872959137,-0.00583103625103828,0.5374537706375122,0.4533905744552612,-0.007037735730409581,0.551497757434845,0.454500299692154,-0.007745426520705182,0.5631356596946717,0.4311407387256622,-0.00914409011602398,0.5582985162734986,0.4439085960388184,-0.00783869782462712,0.5529297709465026,0.45860224962234497,-0.007639960013329961,0.5636216163635254,0.47509536147117615,-0.00883688228204842,0.5782532095909119,0.44212417602539067,-0.01067348718643182,0.5879570960998536,0.4233402073383331,-0.009963227994739981,0.5962573885917664,0.4066061437129974,-0.00954219624400136
0.5225629329681397,0.5572737693786621,-1.7058179082596326e-07,0.5014737367630006,0.5143364071846008,-0.00135162544902408,0.4922610461711884,0.46442831754684455,-0.00445627789013082,0.4846329867839813,0.4244016885757447,-0.007688363268971401,0.47035162448883056,0.40453540086746215,-0.00975237991660828,0.5209122180938721,0.4300280213356018,-0.0034454450244083405,0.5340370655059815,0.41114017367362976,-0.0043682305142283,0.5307913899421692,0.430068427324295,-0.00431725345551962,0.5259776830673217,0.4482444167137146,-0.00452631246298548,0.5372813463211059,0.4419057607650757,-0.0053355202078819,0.5474874734878541,0.4256697177886963,-0.00507015483453864,0.542347514629364,0.44218003153800967,-0.00523833893239494,0.5378246068954469,0.4588565528392792,-0.00658765435218808,0.55181542634964,0.46024173498153687,-0.006918749213218641,0.5634992957115174,0.4367449820041656,-0.008504802547395201,0.558793592453003,0.44921534061431884,-0.007527686376124581,0.5535411834716797,0.4638812661170959,-0.007457839138805841,0.5640076994895935,0.48106580972671503,-0.0081971917301416,0.5789072275161743,0.44802653789520264,-0.01003641542047256,0.5888586878776549,0.4292597711086273,-0.00942360348999496,0.5974074959754944,0.4126203715801239,-0.00905360560864208
0.5221453666687013,0.5625113725662232,-1.6885098830243808e-07,0.5012397170066833,0.5191673517227173,-0.00139241843717166,0.49213354587554936,0.4687393486499787,-0.00441123917698856,0.4844316124916077,0.4286750853061677,-0.0076183971948921205,0.47004401683807373,0.40889912843704224,-0.00968532226979726,0.5208475708961487,0.43442091941833494,-0.0029682993423193202,0.5339704632759095,0.41507732272148135,-0.00426405416801568,0.5307512760162354,0.4338149428367615,-0.00453337449580426,0.5259730815887451,0.4519823729991913,-0.004880285495892121,0.5373300552368164,0.4465363502502442,-0.00487669948488472,0.5476433992385864,0.42941573858261106,-0.005020068213343561,0.5425353765487672,0.4459877669811249,-0.00535888439044352,0.5380200386047364,0.46282593011856077,-0.00670387344434854,0.5519429326057435,0.46491248607635494,-0.00658206203952426,0.563853657245636,0.44052421450614926,-0.0086105892434716,0.5592133522033691,0.4527968883514404,-0.00783222159370776,0.553989315032959,0.4675464332103729,-0.007750120293349001,0.5641170501708985,0.48578660488128655,-0.007981609273701881,0.5792793512344361,0.4525495350360871,-0.01004922930151218,0.5893957257270813,0.4336359083652496,-0.00960525777190918,0.5981160521507263,0.41690284609794614,-0.009310819953680022
0.5216086983680726,0.5691057682037354,-1.6730258494135343e-07,0.5008941650390625,0.5250312566757203,-0.00132018595468246,0.4919130206108093,0.47429814338684084,-0.004281005077064,0.484173595905304,0.4342168748378754,-0.0074957625009119,0.4697420537471771,0.4144269585609436,-0.009589512087404661,0.5208277583122254,0.4401047110557556,-0.00253906389698382,0.5341176867485047,0.4203226208686829,-0.004020602162927361,0.5308821916580201,0.4389670789241791,-0.00446923961862918,0.5260034561157227,0.45714954733848573,-0.00489334636367852,0.5373412847518921,0.45241259932518,-0.004506339970976101,0.5478557109832763,0.4346252977848053,-0.00485072657465928,0.5427954316139222,0.45135152935981754,-0.00529586318880316,0.5382577896118165,0.4683152854442596,-0.00665635736659164,0.5519844770431519,0.4708622932434082,-0.00632032258436078,0.5640945792198181,0.4457353591918945,-0.00851625641807912,0.5595369935035706,0.4581778228282928,-0.00776399662718172,0.5543225765228272,0.4731687307357788,-0.00764321694150564,0.5641379952430725,0.49188507795333863,-0.00782875223085282,0.5795886635780334,0.45841141343116765,-0.009963349252939159,0.5899417281150818,0.4395656943321228,-0.009533463977277222,0.5988690853118896,0.42279842495918274,-0.009230435825884321
0.5213706612586976,0.5756590843200684,-1.6685949333350436e-07,0.5005735516548158,0.5308115363121033,-0.0008740175893762399,0.4916651725769043,0.4798592567443848,-0.0036481665447354004,0.4839875936508179,0.4396801233291626,-0.0067603984847664205,0.4695938229560852,0.41989322304725646,-0.0087903453037142,0.5208722949028015,0.44579414725303657,-0.00202528005465862,0.534206211566925,0.4257927238941193,-0.00332896276377138,0.5310312390327454,0.44422149062156674,-0.00366674619726834,0.5261858105659485,0.4623512506484986,-0.004002509103156559,0.5374877452850342,0.45834275484085085,-0.00412475606426594,0.548040795326233,0.4398262083530426,-0.0043017651420086,0.5430214285850525,0.45649393200874333,-0.004648733558133201,0.5385125994682312,0.4735622823238373,-0.0059392235241829995,0.5521943807601929,0.4769409298896789,-0.00604076916351908,0.5643129706382752,0.4510258436203003,-0.008027409855276321,0.5598392009735108,0.46327149271965024,-0.00725074484944338,0.5546939253807068,0.4782758235931397,-0.00714721577242014,0.5643492102622987,0.4979333341121674,-0.0076067782938480195,0.580031406879425,0.46403550505638125,-0.00957934260368342,0.5905470728874207,0.4450529158115387,-0.00913286395370954,0.599593186378479,0.4280803561210632,-0.00884144101291892
0.5211333990097046,0.5817707419395447,-1.6581579700414296e-07,0.5004390001296998,0.5364227533340453,-0.0008111709641524799,0.49168517589569094,0.4851391196250915,-0.0035600790753960204,0.4840369701385498,0.4448783040046692,-0.00671282419934862,0.46963977813720703,0.4250331282615662,-0.00880446247756474,0.5210269689559937,0.451348888874054,-0.0016552307992242,0.534303641319275,0.43123350739479066,-0.0031061916146427,0.5311423182487488,0.44947975873947144,-0.0035918330308049597,0.5263105511665345,0.46749100685119627,-0.00399159986991428,0.5376356720924378,0.4640817761421204,-0.0038341036532073803,0.5483205676078797,0.4449116766452789,-0.00425691739656024,0.5433577656745912,0.4617162585258484,-0.00472598033957178,0.5387836813926697,0.47889854907989504,-0.00600861972197886,0.5523847579956055,0.4827153146266937,-0.00586534915491932,0.5646049499511719,0.4561786770820617,-0.007993752975016801,0.5602287292480469,0.4685461342334747,-0.007218629773706161,0.5551134943962097,0.4837604641914368,-0.00704254237934944,0.5645040392875672,0.5036921501159668,-0.00754980258643624,0.5802969217300415,0.4694331526756287,-0.00952429547905916,0.5909786462783814,0.45030635595321655,-0.00906113572418684,0.6001477241516113,0.43318529129028327,-0.008741163276135881
0.5210124373435975,0.5857700347900391,-1.6574907704125508e-07,0.5003448724746704,0.5401523470878601,-0.00078308739757624,0.4916594684123993,0.48894547224044793,-0.0035278972703963003,0.4840357542037964,0.4486872911453247,-0.006701472401618901,0.4697314441204071,0.42868878245353703,-0.0088196583092212,0.521351158618927,0.45555137991905215,-0.0014986143913119799,0.5342549681663513,0.43537443280220034,-0.00286720306612546,0.5310158610343934,0.45343142151832583,-0.0033081468660384004,0.5261851191520691,0.4713317573070526,-0.0036813859129323796,0.5379251956939698,0.4682957470417023,-0.0036947945132851006,0.5483320951461792,0.44892426133155827,-0.00410931599326424,0.5433161497116089,0.4656395077705383,-0.0046265314798801605,0.53871089220047,0.4827855885028839,-0.00593800637871022,0.5526349782943726,0.4868634045124054,-0.005732547678053319,0.5645898103713989,0.4601711511611939,-0.007787720579653941,0.5601994037628174,0.4726484835147857,-0.00695580160245296,0.5551184415817261,0.4880004048347474,-0.00674608908593652,0.5646542072296143,0.5077613115310669,-0.0074300600215792215,0.5804737210273743,0.47337378859519963,-0.00932398065924638,0.5912335395812989,0.4542766630649567,-0.008788622170686681,0.6004441380500793,0.437172532081604,-0.008419396355748121
0.520904016494751,0.5910176753997802,-1.6252053853804686e-07,0.5002548098564149,0.5453535676002502,-0.0009936653223121,0.49164040684700017,0.49414451718330377,-0.00380105068907136,0.4840835690498352,0.4537376761436462,-0.0070745111443101805,0.4697995483875275,0.4335639357566834,-0.00931102223694318,0.5216584086418152,0.46074171066284175,-0.0011665127349260566,0.5344231009483338,0.4406119227409363,-0.00268309013918036,0.5311749100685119,0.45846797227859504,-0.00335316783748562,0.5263016939163208,0.4761105835437775,-0.00385946820024394,0.5382265686988831,0.47347185015678406,-0.003340230416506461,0.5485564947128296,0.4541787147521973,-0.003978716814890419,0.5435449719429016,0.4707545161247253,-0.004779701074585261,0.5388897061347961,0.4878201186656952,-0.0062074609100818,0.5529427409172059,0.49198458194732664,-0.00541463103145356,0.5646827816963196,0.4655825197696686,-0.007624073419719901,0.5602564334869384,0.47804032564163207,-0.006940898951142981,0.5551677346229553,0.4933316469192506,-0.0067535674199461606,0.5649215579032898,0.5128690719604493,-0.007180063985288081,0.5806650638580323,0.4785955905914307,-0.009059384465217521,0.5914744257926942,0.4595914244651795,-0.00851058345288034,0.6007540464401245,0.4425866305828094,-0.00810934808105224
0.5210528612136841,0.5964440703392029,-1.6029856908517107e-07,0.500279998779297,0.5505139350891113,-0.00094765731191724,0.4916089296340943,0.4991824865341186,-0.0037037498783319602,0.4840705156326294,0.4585514962673187,-0.006930552143603521,0.46978935599327093,0.4383625209331513,-0.00913110896944994,0.52194082736969,0.46579633951187127,-0.0009549332309688768,0.5343014359474182,0.44563736915588376,-0.0022120838169939197,0.5310530066490173,0.46327372193336486,-0.0027273547777439803,0.5262646913528443,0.4806545674800873,-0.00316680672112846,0.5386661052703857,0.47858431935310364,-0.0030862422194331204,0.5486298322677612,0.4592687845230103,-0.00349256230983876,0.5435833215713501,0.47557027339935304,-0.00424441802315408,0.53897145986557,0.49245839118957524,-0.00568915400654072,0.5534325003623963,0.4971214234828949,-0.005100666452199179,0.5648475885391235,0.4707146286964416,-0.00712650939822194,0.5603667378425599,0.4829151153564454,-0.006474464945495081,0.5552886366844177,0.49811705350875857,-0.00635302988812324,0.5653693675994873,0.5179069876670838,-0.006795330718159621,0.5810271978378296,0.48352966308593753,-0.008547671604901481,0.5918348670005799,0.4643766820430756,-0.00800042496994132,0.6011253118515014,0.4472974121570587,-0.0076307520270347
0.5213387250900269,0.6010499477386475,-1.54635196736308e-07,0.5005662083625794,0.5553651213645936,-0.00177275857422496,0.4917131841182709,0.5039394617080688,-0.00476376595906908,0.48407304286956787,0.4634454667568207,-0.008272834867238961,0.4697044909000397,0.4432742834091187,-0.010748779028654041,0.5222051501274109,0.4704485356807709,-0.0005183018838579169,0.5341978073120117,0.45052779912948604,-0.00285365987801918,0.5309258222579957,0.46793767213821413,-0.00431711798883036,0.5261605143547058,0.48503590226173404,-0.005220947926863961,0.5388971805572511,0.4831617891788482,-0.0025344464462249802,0.5486852288246156,0.4639550387859344,-0.00427241434808814,0.5436706423759461,0.48034989833831787,-0.005859321914613181,0.5390297651290894,0.4972696006298065,-0.00751794809475534,0.5536796808242798,0.5012942314147949,-0.0047041566111147,0.5649562954902649,0.4753973305225372,-0.00790371503680942,0.5604971647262573,0.48755384683609015,-0.007791536394506641,0.5555028438568116,0.5027672290802002,-0.0076271368190645806,0.5655322670936584,0.521879267692566,-0.0066547913476824195,0.5809528470039368,0.4878900408744812,-0.008930830191820782,0.59166659116745,0.4686423480510712,-0.00868119420483704,0.6010052919387818,0.4516636788845062,-0.00837483704090112
0.5218321681022644,0.6042904138565064,-1.4814144435604246e-07,0.5008836984634399,0.558851170539856,-0.00244105514138932,0.49176210761070255,0.5075731456279755,-0.00569585724733766,0.48403431773185723,0.46706070303916936,-0.0094820380210876,0.4695322155952454,0.4469844341278077,-0.012222885340452141,0.5223302841186523,0.4736351430416107,-0.000363117022061477,0.5342410683631897,0.45402444601058956,-0.0034572886885143204,0.5310377836227418,0.47134407162666325,-0.0055663619597907405,0.5262763857841491,0.4882204115390778,-0.0067829189356415805,0.5390625596046448,0.48626857995986933,-0.00225762277841562,0.5487964630126954,0.46735339760780337,-0.00493484239559616,0.5438309669494629,0.48384761810302734,-0.007098178472369841,0.5391887187957765,0.500771027803421,-0.00890073608607046,0.5538895249366761,0.5041326582431793,-0.00449498621746894,0.5650436878204346,0.47881122827529904,-0.0085031086578965,0.5605555295944213,0.4909615039825439,-0.008766103815287281,0.5555784225463868,0.5061242699623107,-0.008576267119497022,0.5657275676727296,0.5246079564094543,-0.006591303646564441,0.5809728622436523,0.4909738600254059,-0.009226752724498442,0.5915870189666749,0.47167185544967655,-0.0091898499988019,0.6009274601936341,0.4547275066375732,-0.00893011540174478
0.5221749663352966,0.6080207347869873,-1.4129226144632412e-07,0.5010621666908264,0.5630961418151856,-0.00309265393298114,0.49177463054656984,0.5121134400367737,-0.00664144135080274,0.4840473234653473,0.47165726423263554,-0.010752605088055079,0.4694609165191651,0.4516006350517274,-0.01381558366119856,0.5225096464157104,0.47762589454650883,-0.00015854306911933697,0.5343376040458679,0.45829539895057675,-0.00400233637774358,0.5311316967010498,0.4754959166049957,-0.00675064077950076,0.5263448476791381,0.4920665383338928,-0.008280527917668161,0.5392391324043274,0.49022503495216363,-0.0019895374774932402,0.5489039063453675,0.4715916335582733,-0.005641908827237739,0.5439407467842102,0.4882468700408935,-0.008412959054112362,0.5392981767654419,0.5051519215106964,-0.01035808892920606,0.5540632009506226,0.5078548073768616,-0.00435050604864952,0.5650842547416688,0.4831825256347656,-0.00920365601778028,0.5605766892433167,0.4952897310256958,-0.00985999563708894,0.5556395649909973,0.5102417707443238,-0.00964267719537016,0.5658780574798584,0.5282210946083069,-0.0066433567553758205,0.5809402465820312,0.4949979782104492,-0.009617174323648161,0.5914475440979005,0.4756371498107911,-0.00974952680990094,0.6007906079292298,0.45862568616867067,-0.0095043364912271
0.522303307056427,0.6118662476539612,-1.413832364960399e-07,0.5009950518608093,0.5668458700180053,-0.00296309376135462,0.49155597686767577,0.5160686254501343,-0.00641272417269644,0.483805912733078,0.47574499249458313,-0.01039638649672264,0.46923729777336126,0.4560212373733521,-0.0133187141269445,0.5224645137786865,0.481670743227005,-0.0002373036695644202,0.5340921521186829,0.4622385799884796,-0.0037597613292745806,0.5308902978897095,0.4792771637439728,-0.00619981642230408,0.5260658383369445,0.49573767781257627,-0.00756495725363486,0.5393020868301391,0.4941400945186615,-0.0020303822588175003,0.5486512064933777,0.4755623400211334,-0.00531850915867832,0.5437301993370056,0.4920472621917724,-0.007889435486867961,0.5391685128211975,0.5086797714233399,-0.00981160411611192,0.5541662573814392,0.5116197943687439,-0.004296995047479841,0.5648407101631164,0.48683900237083433,-0.00887251812964674,0.5603778600692749,0.4990448415279389,-0.00942885130643838,0.555504059791565,0.5140133142471314,-0.00924109881743786,0.5660010933876038,0.5317892670631409,-0.006479291990399321,0.5809976696968079,0.49837977290153507,-0.009379067644476841,0.5914600729942322,0.47907039523124695,-0.009493190608918622,0.6007488727569581,0.4620496690273285,-0.009259531553834622
0.522622036933899,0.6150192499160767,-1.3717389322209785e-07,0.5012172818183899,0.5706900477409362,-0.0037131763761862405,0.4915635883808136,0.5201504468917847,-0.00744583327323196,0.4836861371994019,0.4800554871559143,-0.01175172068178648,0.4690068662166596,0.46035961508750917,-0.014992924034595442,0.5224861621856689,0.48538014888763426,-0.00014832336455582017,0.5339207410812379,0.46602840423583985,-0.00480653874110426,0.5308561325073242,0.48290804028511053,-0.008123959926888281,0.5260945081710815,0.49932957291603086,-0.00988152674399308,0.5392422318458557,0.4977423191070557,-0.0018861831631510801,0.548510217666626,0.4789312303066253,-0.0065716581884771195,0.5436588644981384,0.49566633701324464,-0.00990643738768988,0.5390645146369935,0.5125430464744568,-0.011977669969201021,0.5541283726692199,0.5148465037345886,-0.0043367305770516,0.5647652983665468,0.4901057779788971,-0.010157343558967061,0.5603534340858459,0.5023445248603822,-0.011221036408096501,0.5555770516395568,0.5173550724983216,-0.010960630234330861,0.5659609436988831,0.5348414540290832,-0.00678325565531846,0.5808420777320862,0.5017462968826294,-0.010271606873720841,0.5911717176437379,0.48232256770133974,-0.010684113297611441,0.6004244089126587,0.4653007745742798,-0.01050572143867606
0.5225980281829834,0.6177156805992127,-1.3748545200087394e-07,0.5011298060417175,0.5735119104385376,-0.0036640125093980996,0.4914234817028046,0.5230779647827148,-0.007396536692976919,0.4835366070270539,0.48302397131919855,-0.0117125758901238,0.4688524961471558,0.4632948756217957,-0.014969165995717001,0.5223857402801514,0.4880459785461426,-0.00020747506205222007,0.5338469028472901,0.4685142517089844,-0.0048783939098939,0.5308855891227723,0.4853922247886657,-0.008176476648077302,0.5261307120323182,0.501869410276413,-0.009912765538319861,0.5391295313835145,0.5003819108009339,-0.00199258988723152,0.5483761906623841,0.4814427852630615,-0.0067045710515230405,0.543579363822937,0.49823622703552245,-0.010065181879326642,0.5389984250068665,0.5151761054992676,-0.0121495191007852,0.5540342211723328,0.5175025939941407,-0.004479421116411641,0.5646690011024476,0.4925302028656006,-0.010351124219596322,0.5603141546249389,0.5048083782196046,-0.011462288070470061,0.5555755496025085,0.5198423862457275,-0.011227762605994902,0.5659347295761108,0.5375113844871521,-0.006948441732674801,0.5807889938354492,0.5043613195419312,-0.010458131600171283,0.591077446937561,0.4849138319492341,-0.010875287186354362,0.6002971053123474,0.46782469749450684,-0.010702205356210422
0.5224844217300415,0.6213145375251771,-1.3758511272499165e-07,0.5008652806282043,0.576870608329773,-0.0033483176259323398,0.4912026405334473,0.5264234066009521,-0.0069418768398463405,0.4834064304828644,0.4863506376743317,-0.01108861509710546,0.46878859400749207,0.46670587658882146,-0.014163220115005922,0.5222421169281006,0.4911974310874939,-0.00021525443589775998,0.5336835503578187,0.47130862474441537,-0.00424299619626252,0.5306851029396057,0.4882790386676788,-0.00705036981962614,0.5259000658988953,0.5047498643398285,-0.008569978782907042,0.5391226291656495,0.5034277796745301,-0.0020029961830004403,0.5481723427772522,0.4845776617527008,-0.005926487687975101,0.543341863155365,0.501295292377472,-0.008906605700030861,0.538843035697937,0.5179871797561646,-0.010946037434041461,0.5540794253349305,0.5206456422805786,-0.004375306237488941,0.5644744157791138,0.495602571964264,-0.009623453207313941,0.560117757320404,0.5079305529594422,-0.0105135736055672,0.5554025411605835,0.522861397266388,-0.010339902900159322,0.5660310149192811,0.5406735062599182,-0.00668870741501446,0.5808431744575501,0.5073564171791076,-0.00989231495186682,0.5911300778388977,0.48802640438079836,-0.010123376082628921,0.6003136038780212,0.4709404230117798,-0.00989078870043154
0.5225289225578309,0.6245210289955139,-1.384503519830105e-07,0.5007795810699464,0.5802528619766235,-0.0032922967104240804,0.4909461319446564,0.5298202753067017,-0.006819226779043641,0.4831450641155243,0.4897418677806854,-0.010884886980056721,0.4686036467552185,0.4701106190681458,-0.01386615056544538,0.5218666195869446,0.4940693855285645,-0.00031374982208938,0.5334462642669678,0.4742546260356904,-0.004216057411395,0.5307247400283814,0.49130770564079285,-0.006898848665878101,0.5260022401809693,0.5079852104187011,-0.008332927757874042,0.538827121257782,0.5061496615409851,-0.00207454415503882,0.5480481028556824,0.48758474588394163,-0.005746093485504321,0.5434204816818238,0.5043661713600159,-0.00860321340151126,0.5389590620994568,0.5210281968116761,-0.010632694698870142,0.5538892626762391,0.5233592391014099,-0.004392832517623841,0.5644089937210084,0.4983550608158112,-0.009481752105057181,0.5601649045944214,0.5109029293060303,-0.01030802214518188,0.5554677248001099,0.525989031791687,-0.010150692239403682,0.5659896731376648,0.5434515476226807,-0.0066470829769968605,0.5807693123817445,0.5100334286689758,-0.009826301503926462,0.5910376071929933,0.49081235527992245,-0.01002898579463358,0.6002054333686829,0.47386229038238525,-0.009784739557653622
0.5228917241096497,0.6273178100585939,-1.3359544936975e-07,0.5009428143501282,0.5832872271537781,-0.0036532351281493404,0.4908514142036438,0.5328581809997559,-0.00740576833486552,0.48292601704597476,0.4927115023136139,-0.01168647725135084,0.4683234512805939,0.47302020788192756,-0.014854118414223141,0.5217687010765075,0.49670156836509705,-0.0003502000763546,0.5332512021064759,0.47667915821075446,-0.004526592325419181,0.5305522799491883,0.4938831686973572,-0.0074422902427613005,0.5258936047554017,0.5106503367424011,-0.009000543691217822,0.5387417435646058,0.50867840051651,-0.0020290428539737402,0.5477925896644593,0.4900301337242126,-0.006044219015166101,0.5431174039840698,0.5071017146110536,-0.009088725596666281,0.5387239575386048,0.5238708853721619,-0.01117138750851152,0.5538001418113709,0.5257423281669618,-0.00434022555127734,0.5642260789871216,0.5007274270057679,-0.00969122024253006,0.5599342465400696,0.5134327530860902,-0.010544004570692761,0.5552560925483703,0.528715205192566,-0.010323442798107822,0.5658651828765869,0.545804762840271,-0.006631471123546341,0.5805476546287537,0.5124685287475587,-0.009886842966079662,0.5907618284225464,0.4931413352489471,-0.010082606133073522,0.5999054789543151,0.47611692547798157,-0.009808500669896561
0.5229259729385376,0.6292715549468995,-1.3185189686737434e-07,0.5008129835128785,0.5852350354194641,-0.0035041421651839603,0.49063587188720703,0.5346827626228333,-0.00718613322824234,0.48270284533500674,0.4944265425205231,-0.011346181109547562,0.4681227207183838,0.4749244868755341,-0.0143710365518927,0.5215839982032776,0.4985140025615692,-0.00038595884689124,0.5330580711364746,0.4781609416007996,-0.003973943833261721,0.5302825093269349,0.495434182882309,-0.0064618539065122,0.5255958914756775,0.5122003316879273,-0.007847675401717361,0.5386784911155701,0.5103379487991333,-0.00197954832110548,0.5475200414657593,0.4917781829833984,-0.005240606190636701,0.5427933931350708,0.5087617993354797,-0.0079057316295802,0.5385179281234741,0.5252544283866882,-0.009949026256799682,0.5537559270858765,0.527368974685669,-0.00411547226831312,0.5639166355133056,0.5023368418216706,-0.00881876144558188,0.5595720291137696,0.515135669708252,-0.009380949102342101,0.5548792243003846,0.5304598689079285,-0.00918228393420574,0.565811824798584,0.5473661303520203,-0.006219842657446841,0.5804310321807862,0.5138677477836608,-0.00916254911571736,0.5906584143638611,0.49462724328041074,-0.00917453542351718,0.599782419204712,0.4776346504688263,-0.008847413212060881
0.5228445887565614,0.6315412163734437,-1.3089670005683732e-07,0.5006178259849549,0.5875435709953308,-0.0033631860278546203,0.490386712551117,0.5369463920593263,-0.0069881224073469,0.4824330389499664,0.49666941761970523,-0.011088654771447121,0.46789703965187074,0.4773438751697541,-0.0140400599688291,0.5213129281997682,0.5005289375782013,-0.00022394912666637997,0.5328614115715027,0.4801363945007324,-0.0034329651389270804,0.5300530076026917,0.4974834442138672,-0.00566664403304452,0.5253546476364136,0.514221203327179,-0.00695304470136756,0.5384444236755371,0.5122063279151917,-0.0018228351604193,0.5472785711288453,0.49401353597640985,-0.00457595749758178,0.5425379872322083,0.5110102534294129,-0.006995568238198699,0.5383183121681213,0.5272377610206604,-0.00900485161691902,0.5535434842109681,0.5292305588722229,-0.00391682800836856,0.5636020421981811,0.5045146346092224,-0.0082153560593724,0.559263014793396,0.5174541354179383,-0.008574602194130379,0.5545778632164002,0.5327151656150818,-0.00836293054744598,0.5656533241271973,0.5492577433586121,-0.0059730483219027205,0.5802546024322509,0.5156760215759277,-0.00869222208857532,0.5904875159263611,0.4964846909046173,-0.008526314236223641,0.5996013164520264,0.4794782042503357,-0.00811173059046264
0.5229163646697998,0.6339667916297913,-1.3230823867615984e-07,0.5004966020584107,0.5899342894554138,-0.00303439986892038,0.4901037812232971,0.5392168641090394,-0.00655589061789208,0.48203122019767763,0.49880704879760746,-0.01054138625040644,0.4674805343151092,0.47965165376663205,-0.01337874028831716,0.5209560871124268,0.502670270204544,-0.00029488801374098,0.5325744271278381,0.48198957443237306,-0.0030488605960272007,0.5298085451126099,0.4993969380855561,-0.00493364180438216,0.5251495480537415,0.5162081360816956,-0.0060616764822043,0.5380955457687379,0.5143007516860962,-0.0019265447510406002,0.5469234347343446,0.49593585729599005,-0.00409244459588076,0.5422389507293701,0.5129839301109314,-0.0061824729898944,0.5381077766418456,0.5292444825172424,-0.008130665961652959,0.553220021724701,0.5313279986381532,-0.00394910527393216,0.5632131099700928,0.5063121676445008,-0.007675648760050521,0.5588711142539978,0.5194851040840149,-0.0077709025237708805,0.5541754961013794,0.5349977970123291,-0.00757227139547464,0.5654340147972108,0.5512867331504823,-0.005904326867312161,0.5800285577774048,0.5173317909240723,-0.008325636293739041,0.5902646422386169,0.49802887439727783,-0.00800828756764526,0.599350130558014,0.4808566391468049,-0.007567232660949181
0.5230672240257264,0.6369590640068055,-1.3366855284857594e-07,0.5004254221916199,0.5920081496238709,-0.00241125947795802,0.4899570643901825,0.5410570740699769,-0.0057859789114444804,0.481736695766449,0.5002941727638245,-0.00959763992577786,0.4670199871063232,0.48117896318435666,-0.012233491055667362,0.520651650428772,0.5044979929924012,-0.00039632893167434004,0.532399332523346,0.48298023343086244,-0.0022196928621269403,0.5294724225997924,0.5006763100624085,-0.0033625750453211006,0.5247342348098756,0.5175629138946534,-0.00416883488651362,0.5379029750823975,0.5159461379051209,-0.00208224162925032,0.5465573072433472,0.49719944000244143,-0.00308771505951878,0.5417652249336242,0.514286458492279,-0.0045075406320392595,0.5377184271812439,0.5304266095161438,-0.00633749137632546,0.5530928015708925,0.5329968929290771,-0.003961182478815261,0.5627796292304993,0.5075337052345277,-0.006630895845592,0.5582987070083618,0.5210313439369202,-0.0062389348167925405,0.5535022616386414,0.536736249923706,-0.00607419791631396,0.565390157699585,0.5528609991073609,-0.0057082504034042005,0.5799586057662964,0.5183406472206116,-0.00760689591988918,0.5902159214019775,0.49903494119644165,-0.00700861625373358,0.5992470860481263,0.48174672722816464,-0.0065005395561456205
0.5231016993522645,0.6389975070953369,-1.3697066947315764e-07,0.5003468275070191,0.5934535145759583,-0.00191365722566838,0.4898730874061584,0.5424486637115479,-0.005175841646268901,0.4816052377223969,0.5014703273773193,-0.008890970330685342,0.4668305695056916,0.4821775257587433,-0.011416604183614221,0.5203110694885255,0.5055235505104064,-0.00045196567662058007,0.5323071956634522,0.48372356891632085,-0.0017857985454611002,0.5293982028961182,0.5016945958137513,-0.0025029415963217206,0.5246351957321167,0.5187248229980469,-0.00309620973421258,0.5376020431518556,0.5168639302253724,-0.00226131265517322,0.5464697241783142,0.49805037975311284,-0.00261792966630306,0.541723084449768,0.5153314232826233,-0.0036293894750997003,0.537667727470398,0.5315126180648804,-0.00535605102777478,0.5528776168823243,0.5339803695678711,-0.00413753893226378,0.5626396417617798,0.5084312915802003,-0.006224273703992341,0.5581377387046814,0.5223037600517273,-0.005542543856427001,0.5532581448554993,0.5381308197975159,-0.005378220044076381,0.5653397202491761,0.5538664579391479,-0.005832532700151161,0.5799318671226502,0.5189525723457337,-0.007454410288482881,0.5902125120162964,0.4996855735778808,-0.0066824724897741605,0.5992272138595581,0.48235138654708865,-0.006111343577504121
0.5229274034500122,0.6405197739601136,-1.3959007105768253e-07,0.5001207411289215,0.5949770689010621,-0.00169111168943342,0.4896746039390564,0.5439943432807922,-0.004892412526532941,0.48143139481544495,0.5028655409812928,-0.008568850252777302,0.4666168808937073,0.4834664523601532,-0.011060059815645182,0.5199959516525269,0.5066313862800598,-0.00043151738937010004,0.5321585416793824,0.4845902919769287,-0.00158917055232444,0.5291551947593689,0.5027705788612367,-0.00218309408519412,0.5243695378303528,0.5199322581291199,-0.0027346636052243004,0.5373044848442079,0.5180024027824403,-0.0023206945275887603,0.5463908195495606,0.4990935206413269,-0.0024199699284508398,0.5416170716285705,0.5165044665336609,-0.0032750931335612807,0.5375498294830323,0.532765793800354,-0.00497214086353774,0.5526377201080322,0.5352478981018066,-0.0042276011779903595,0.5625490188598633,0.5096547842025757,-0.00612157862633464,0.558029043674469,0.5237043619155883,-0.00532509344629936,0.5531297445297241,0.5395729780197144,-0.00515899835154408,0.5652292370796204,0.5551836490631104,-0.00592994093894954,0.5798265814781189,0.5200382828712464,-0.00750661203637716,0.5901262521743774,0.5007502675056458,-0.006675370689481421,0.5991931200027466,0.4833480954170227,-0.006074138917028861
0.5229125976562501,0.6420735359191896,-1.406057862141097e-07,0.4999671339988708,0.5963345646858216,-0.0016455603297799402,0.48955319523811336,0.5453804016113282,-0.00482623060233884,0.4814207315444947,0.5041388511657715,-0.00847353404387828,0.46665546894073484,0.4844558954238891,-0.01092653367668386,0.5199472784996033,0.5079509258270264,-0.0004301076754927401,0.5320301055908203,0.48552224040031433,-0.0015669389977119202,0.5289485931396485,0.5037840723991395,-0.00212767014745618,0.5241857051849366,0.5210204482078552,-0.0026512890937737802,0.5372902512550355,0.5194151043891907,-0.0023001609370112003,0.546335244178772,0.4999829411506653,-0.00239278601948168,0.5414986729621888,0.5175189137458802,-0.0031953622354194203,0.5374356389045716,0.5339209318161011,-0.00484577715396876,0.5526059865951538,0.53664311170578,-0.00417879233136766,0.5624950170516968,0.5105881690979004,-0.00603992491960522,0.5578917860984803,0.5247245192527771,-0.00516776251606636,0.5529602646827698,0.5407663822174072,-0.004951743129640761,0.5651300907135011,0.5564839005470276,-0.00584846679121252,0.5796573042869568,0.5210891127586365,-0.007442809361964421,0.5899373173713685,0.5016459584236146,-0.0066165846772491205,0.59902423620224,0.484121298789978,-0.00600727070122952
0.5229327321052551,0.6421797990798951,-1.367292838949652e-07,0.4999804079532624,0.5971458673477174,-0.0022118588909506402,0.4895491540431976,0.5463008880615235,-0.0056640290655195005,0.48146185278892517,0.5049773454666138,-0.00958202518522736,0.4665782809257507,0.48520293831825256,-0.012279329262673801,0.5198583960533143,0.5081935048103333,-0.00051745171658692,0.5320789098739624,0.48604350686073305,-0.0022736073005943805,0.529088842868805,0.5045827388763428,-0.0033224377548321605,0.5243227124214173,0.5219372391700745,-0.00408547103870656,0.5371354699134827,0.5196673154830933,-0.00231591807678336,0.5464175105094911,0.5004986763000489,-0.00306994840502734,0.5415815711021423,0.5182870984077453,-0.00423407186754044,0.5374202609062195,0.5346976161003113,-0.00597080523148174,0.5524320244789124,0.5369252800941468,-0.00426585604436688,0.5626065015792847,0.5111405491828919,-0.00677907960489388,0.5579323053359986,0.5253471255302429,-0.00613821940496556,0.5529038786888123,0.5412696242332459,-0.00587824564427132,0.5649459719657898,0.5569045662879945,-0.00606587855145332,0.5794520735740663,0.5218987941741944,-0.008005482330918261,0.5896581292152405,0.502417016029358,-0.007330398820340561,0.5987429857254029,0.4848255455493927,-0.00674459356814618
0.5229071497917175,0.6421123385429384,-1.3486673253737538e-07,0.4998915255069733,0.5976323246955871,-0.00264531788416202,0.48949047923088074,0.5468345165252686,-0.00620073350146406,0.4814627885818481,0.5055670261383056,-0.01019242322072382,0.4666174113750458,0.48575429916381835,-0.01295043174177402,0.5198933482170106,0.5083361268043518,-0.0005028363433666201,0.5320522069931031,0.48657024502754215,-0.0026223547058179405,0.5290768265724183,0.5051048278808594,-0.0039860779070295,0.5243192911148071,0.5224491119384765,-0.0049044363317079405,0.5371645092964172,0.5199037313461304,-0.0021841946523636,0.5464168548583985,0.5010123610496521,-0.0033697398612275204,0.5415551543235779,0.5188291192054749,-0.004795051715336701,0.5373634696006775,0.5352046489715576,-0.00659271324984724,0.552430272102356,0.5371946454048158,-0.00411848095245652,0.5626129627227784,0.5116780161857606,-0.00706464201211924,0.5579231381416321,0.5257748126983642,-0.0066104381345211795,0.5529141545295715,0.541601026058197,-0.0063326030503958,0.5648717284202576,0.5572296619415283,-0.0059446292929351005,0.5793721318244935,0.5224496603012085,-0.008115512970834921,0.5895387172698975,0.5028925180435181,-0.007551881857216301,0.5986084938049316,0.48527483940124516,-0.00698738666251296
0.5228815674781799,0.6420448780059815,-1.3300418117978553e-07,0.4998026430606843,0.598118782043457,-0.0030787768773734,0.4894318044185639,0.5473681449890138,-0.00673743793740862,0.48146372437477114,0.5061567068099976,-0.01080282125622028,0.4666565418243409,0.48630566000938413,-0.01362153422087424,0.5199283003807068,0.5084787487983704,-0.0004882209701463201,0.5320255041122437,0.48709698319435124,-0.0029711021110415,0.5290648102760316,0.505626916885376,-0.00464971805922684,0.524315869808197,0.5229609847068787,-0.00572340162470932,0.5371935486793518,0.5201401472091675,-0.0020524712279438397,0.5464161992073059,0.5015260457992554,-0.0036695313174277,0.5415287375450134,0.5193711400032044,-0.005356031563132961,0.5373066782951355,0.535711681842804,-0.00721462126821274,0.5524285197257995,0.5374640107154847,-0.00397110586054616,0.5626194238662721,0.5122154831886292,-0.007350204419344601,0.5579139709472656,0.5262024998664856,-0.0070826568640768,0.5529244303703308,0.5419324278831482,-0.00678696045652028,0.5647974848747254,0.5575547575950623,-0.00582338003441688,0.5792921900749206,0.5230005264282227,-0.008225543610751581,0.5894193053245544,0.5033680200576782,-0.007773364894092041,0.5984740018844604,0.4857241332530975,-0.007230179756879741
0.5229071378707886,0.6421928644180298,-1.3302036165896426e-07,0.4998171448707581,0.5982919454574585,-0.0030582944862544,0.48945129513740543,0.5473917722702026,-0.006730501726269661,0.48154320120811467,0.5061037063598633,-0.010833603516221,0.46672070026397705,0.48630105853080746,-0.013694908656179842,0.5199166655540466,0.508465051651001,-0.0003903446566255071,0.532172429561615,0.48735560774803166,-0.00295709623023864,0.5292953491210938,0.5060215711593629,-0.0047421877738088,0.5245146393775941,0.5233604788780213,-0.00588167831301686,0.5370991587638855,0.5201385378837585,-0.00201150365173812,0.5465730786323548,0.5017685055732728,-0.00364184924401338,0.5417410016059876,0.5198201537132263,-0.0053523399867116996,0.5374460577964782,0.5361276507377625,-0.007231417577713679,0.5522935628890991,0.5374943852424622,-0.004005424259230421,0.5627008795738221,0.5125107884407044,-0.007390116527676521,0.5579862833023072,0.5267297863960266,-0.007094018161296801,0.5529058098793029,0.542465341091156,-0.00678216181695456,0.5646637916564942,0.5576648950576782,-0.00594085594639178,0.5791972279548645,0.5232144594192505,-0.00829612016677852,0.5892985939979554,0.5035699725151063,-0.007787540648132521,0.5983055710792541,0.4858153760433197,-0.0072173831984400205
0.522980797290802,0.6419583082199096,-1.331298562945449e-07,0.4998964130878449,0.598190701007843,-0.00300820800475772,0.48951411247253424,0.5471627116203308,-0.006712976284325059,0.48158353567123413,0.5056506276130677,-0.010837331600487181,0.4666199862957001,0.4857967674732208,-0.01371195204555982,0.5198086977005005,0.5077757596969605,-0.0005010002416383471,0.5323665022850037,0.4870377898216248,-0.0028914743568748003,0.5295538306236267,0.5060521364212036,-0.0045788100454956,0.5247040510177613,0.5234827280044556,-0.0057005707174539195,0.5370104908943176,0.5194263696670532,-0.00212982725352046,0.5467131733894348,0.5017456054687501,-0.0034254586789756606,0.5419413805007934,0.5199641585350037,-0.005013486463576521,0.537611448764801,0.5361724257469177,-0.00693428181111808,0.5522544503211976,0.5369561553001404,-0.0040926720015703804,0.5628092169761658,0.5125356554985047,-0.00724546061828726,0.5580989718437195,0.5270052909851075,-0.00687238164246078,0.5529283881187439,0.5426933526992798,-0.00661177234724158,0.5647265195846557,0.5572872042655945,-0.005986499693244661,0.5793602347373963,0.5229578375816345,-0.008196004666388,0.5894808888435364,0.5034411549568176,-0.007575885858386721,0.5984411358833313,0.4856712222099304,-0.0069702422246336404
0.5228269338607788,0.6418674468994141,-1.3764818902473054e-07,0.4998349785804749,0.5976173043251038,-0.0024948219303041197,0.4895660877227783,0.5465545296669007,-0.00601714877411716,0.48172386884689333,0.504990029335022,-0.00996433384716506,0.4667972445487977,0.48499133586883547,-0.0126875635236501,0.5199332714080811,0.5073947310447693,-0.000551906170585367,0.532668685913086,0.48681303262710574,-0.0024404903175309,0.5297276735305787,0.5057934880256654,-0.0037249060347676003,0.5247667312622071,0.5231729865074157,-0.00466058566235004,0.5371599435806275,0.5191181302070618,-0.00228033806197344,0.5469674944877625,0.5017161250114441,-0.00295376358553764,0.5421627640724183,0.5198676109313964,-0.0041800401173531804,0.5378197789192201,0.5359533905982972,-0.00603698994964358,0.5523850917816162,0.5367724299430847,-0.004209148511290481,0.5629727363586426,0.5126108646392822,-0.00681482963263982,0.5582848072052002,0.5272226452827454,-0.00617642411962148,0.553082275390625,0.5429083585739136,-0.00593330413103096,0.5648483991622926,0.557101595401764,-0.006011654809117281,0.5795636296272278,0.5225041627883911,-0.00797798344865438,0.5897725582122804,0.503099012374878,-0.00717484820634122,0.5987411260604859,0.485359525680542,-0.0065041076391934806
0.5226322412490845,0.6412861227989197,-1.3979364723581967e-07,0.49978585243225104,0.596903133392334,-0.002165653463453,0.48960855007171633,0.5458054304122926,-0.00561459260061376,0.48187655210494995,0.5041828632354737,-0.00950431041419502,0.46692229509353644,0.4842622637748718,-0.0122013293206691,0.5200592517852783,0.5069026231765748,-0.000632942561787727,0.5329551458358766,0.48651939034461983,-0.0022426125593483,0.5299233675003052,0.5055582404136658,-0.0033305734861641804,0.5248946428298951,0.5228838086128235,-0.0041959169320762,0.5372466802597046,0.5187490463256836,-0.0024564621038734797,0.5472399115562439,0.5016353487968446,-0.0027383285108953403,0.5424025774002076,0.5197550296783447,-0.0037550527602434004,0.5380264163017273,0.5357191920280457,-0.0055971032939851,0.5524188160896302,0.5365757822990418,-0.00439393250271672,0.563203489780426,0.5126394629478455,-0.006655712891370001,0.5584944963455201,0.5273488759994507,-0.00584448538720604,0.5532166123390198,0.5429702997207642,-0.00561846652999512,0.564867389202118,0.5569659113883972,-0.006169175263494221,0.5796663165092468,0.5223340034484864,-0.007970456872135361,0.589935302734375,0.5029813766479492,-0.007039244472980441,0.5989299058914185,0.48515063524246216,-0.0063303877599536805
0.522506856918335,0.6407305121421815,-1.408117157097877e-07,0.49980520606040957,0.5964275240898133,-0.0021589979063719,0.4896773099899292,0.5450718402862549,-0.00564356744289392,0.4820395767688751,0.5032925486564637,-0.00960020571947094,0.467096620798111,0.4831925451755524,-0.01237444039434188,0.5201746344566346,0.5063212037086487,-0.0006642606582317471,0.53326655626297,0.48607201576232917,-0.00241612540557976,0.530261254310608,0.505276095867157,-0.0036131536122411003,0.5252030134201051,0.5226394295692444,-0.00453451266512272,0.5372578382492066,0.5183436751365662,-0.00255124471150336,0.5476251482963562,0.5013275265693664,-0.00294987033121284,0.5428293943405151,0.5196112155914308,-0.004014471359550941,0.5383507370948792,0.5356121063232422,-0.0058650895953178,0.5523957371711731,0.5363463282585144,-0.00456342045217748,0.5635784864425659,0.5124379634857178,-0.0069292248226701806,0.558889901638031,0.5273027300834656,-0.00610745716840024,0.5535161614418029,0.5429571151733399,-0.00584702128544442,0.5648686647415162,0.5568830847740174,-0.006415740400552721,0.5797316074371338,0.5223358511924744,-0.0082610739395022,0.5900282144546509,0.5029770135879517,-0.007321336027234721,0.5990722060203553,0.48506386876106267,-0.00659630820155138
0.522421908378601,0.6401003360748292,-1.4082050086017263e-07,0.4998655438423157,0.5957362413406372,-0.00211559960152948,0.48988020420074463,0.5443126559257508,-0.005514024198055221,0.482324206829071,0.5026122808456421,-0.00941575746983286,0.4674309372901916,0.4822462499141693,-0.01213947087526316,0.5204386353492737,0.5056671023368835,-0.00038159200776132,0.5334854125976562,0.48539757132530215,-0.00219747615046794,0.5303954482078552,0.5045324206352234,-0.0034902250859886004,0.5253323316574097,0.5218173265457153,-0.00446328511461612,0.537462818622589,0.5177353501319886,-0.0022852292400784404,0.5478185892105103,0.5007308840751649,-0.0027895800769328605,0.5429317355155945,0.5190137028694153,-0.00396149540320036,0.5384450674057006,0.5349748015403748,-0.0058419674634933,0.5525527119636535,0.5357751727104187,-0.00433985893614586,0.5638290643692017,0.5118794798851013,-0.0067936103790998004,0.5590340495109558,0.5266323685646057,-0.0060421055182814,0.5536090850830078,0.5422083973884583,-0.00578706404194228,0.5649614095687867,0.5563393115997315,-0.00623526880517598,0.5798966526985169,0.5219379305839539,-0.008148645237088161,0.5902149677276611,0.5026125073432923,-0.007275379542261301,0.5993177413940429,0.48475845456123356,-0.0065694686025380405
0.522459101676941,0.6391580939292908,-1.3979014568121786e-07,0.49989384412765503,0.5947402238845826,-0.0020809064386411802,0.48986303210258486,0.543332302570343,-0.005493307393044202,0.4822959303855896,0.5016295790672303,-0.009359444677829702,0.4675078511238098,0.4812293410301208,-0.012031662836670821,0.5204588174819947,0.5049667000770569,-0.0007471765042282199,0.533720326423645,0.4846612513065338,-0.0022882543038576205,0.5307369470596314,0.5037169814109803,-0.00331175853498276,0.5256563663482666,0.5210217356681823,-0.00415021972730752,0.5375002145767213,0.5170875787734985,-0.00258152374299238,0.5479926824569703,0.5000437080860138,-0.0027351145632564604,0.5431766152381897,0.5181180953979493,-0.00368897840380664,0.5387110948562622,0.5339526772499084,-0.005532106012105901,0.5525843977928162,0.5352006435394288,-0.0045010284055024,0.5639594554901123,0.5110708355903626,-0.0065945063717663,0.5591851949691773,0.5257500886917115,-0.00570839904248708,0.5537332057952882,0.5413422346115112,-0.00549020459875458,0.5650227189064025,0.5557271003723144,-0.00625859275460238,0.580010449886322,0.5212355732917786,-0.00805384702980514,0.5903599381446839,0.5019455015659333,-0.00716336676850908,0.5994675159454346,0.4841362535953522,-0.00648637088015668
0.5226253151893616,0.6384613156318665,-1.3708833250802855e-07,0.49999908208847044,0.5941435337066651,-0.00235202398616814,0.48985384106636043,0.5427718758583069,-0.005886496510356641,0.4822285294532776,0.501036274433136,-0.00985060855746264,0.4675229251384735,0.48039184212684627,-0.0125914959236979,0.5204156398773194,0.5044229745864868,-0.0009021806181408001,0.5338497281074523,0.48405629992485044,-0.00258587349671864,0.5310611367225647,0.5031387209892273,-0.00369004262611266,0.5260169982910157,0.5205228567123413,-0.00454923841170962,0.537449049949646,0.5165640473365783,-0.00264491798589,0.5480981945991517,0.49942650794982907,-0.0029614677187055002,0.5434008240699768,0.5174949049949646,-0.0040128662250935405,0.5389355897903443,0.5333714127540589,-0.00587635068222876,0.5525602221488952,0.5346618413925172,-0.00451298044063146,0.564041805267334,0.5103251695632934,-0.00671832263469694,0.5593254208564759,0.5249526858329774,-0.00590854464098804,0.5538854360580444,0.5406202077865601,-0.0056939640082418405,0.5650481581687927,0.5551728248596192,-0.006250366941094341,0.5800621628761292,0.5207438468933105,-0.008099079038947781,0.5903908610343933,0.5014084100723267,-0.00728102717548602,0.5994915127754211,0.483623868227005,-0.00663479156792156
0.5227702140808106,0.6381532073020935,-1.352153930156419e-07,0.5001055240631103,0.593670666217804,-0.0025772611843421405,0.4899443864822388,0.5420117735862732,-0.006134273577481482,0.48229935169219973,0.5000952184200287,-0.010156037658452941,0.46755558252334595,0.4792631924152374,-0.01294059418141838,0.5204493284225464,0.5036869406700134,-0.00049632092704994,0.5337906122207642,0.4830499589443207,-0.00253222472965712,0.5309393644332886,0.5021836400032044,-0.0039806400891393,0.525921618938446,0.5195751905441285,-0.00501295980066056,0.5375012636184693,0.5158581733703613,-0.00221051828702904,0.5481030464172364,0.49828035235404966,-0.0029743156395852202,0.5433547496795654,0.5164671778678894,-0.00431162798777216,0.5389033675193786,0.53248131275177,-0.00622676201164718,0.5526569604873657,0.5338958263397218,-0.0041580756194889,0.5641442537307739,0.5091603398323059,-0.00676533179357646,0.559405529499054,0.5236708998680115,-0.006148872897028841,0.5539903402328491,0.5394320011138917,-0.005904240254312721,0.5651545643806457,0.5543912529945374,-0.0060042883269488204,0.5801624536514283,0.5199829101562501,-0.00801410293206568,0.5904593706130982,0.500565904378891,-0.0073199602775275005,0.5995810031890869,0.4828032791614532,-0.0067026482895016
0.5229508757591248,0.6375528216361999,-1.361634218710606e-07,0.5001430332660675,0.5925329327583313,-0.00214235412422562,0.48989130854606633,0.5408252596855163,-0.005412851134315101,0.4822794377803803,0.498709374666214,-0.00910036498680706,0.46746778488159174,0.4782220125198365,-0.0115387354046106,0.5203640460968018,0.5024557113647461,-0.00030917832737030064,0.5336552739143372,0.48170112967491147,-0.0015713921282439999,0.5307131648063659,0.5009319424629212,-0.00245929984375832,0.5256667852401734,0.5184378504753113,-0.0032137122005224,0.5376494407653809,0.5144752621650696,-0.00194700694410124,0.5478902816772462,0.49699351191520696,-0.0018006908241659202,0.5430832743644715,0.5150377988815308,-0.0027069293893873204,0.5387322068214416,0.530970573425293,-0.00453638271428642,0.5528343677520752,0.5324057579040528,-0.0036972554866223804,0.5638311386108399,0.5078697443008422,-0.00548778981901702,0.5591153621673584,0.5222691893577576,-0.0047263173852115006,0.5537670850753784,0.5380205750465393,-0.0046229209634475,0.5652903556823731,0.5526424288749695,-0.005295768752694061,0.5802863597869874,0.5181600689888001,-0.006921009114012061,0.5906436920166016,0.49885898232460024,-0.0061731148976832,0.5996947765350342,0.4812397241592407,-0.0056073287036269214
0.5230007171630859,0.636599600315094,-1.348725191974154e-07,0.4999731719493866,0.591295874118805,-0.0019474817905574399,0.48955423235893253,0.5396433115005493,-0.005127084767445881,0.4819075405597687,0.4971421718597412,-0.008586936630308581,0.4669839143753052,0.47687836885452267,-0.0107447911985218,0.519923186302185,0.5012656509876251,-0.0008681879156938008,0.53337162733078,0.47999055385589595,-0.0013512900652130773,0.5305299043655396,0.4991591989994049,-0.0014375694794580398,0.5254944801330567,0.516821575164795,-0.00172686190344392,0.5375829100608827,0.5131204843521118,-0.0023055772995575602,0.5475256204605103,0.4952055513858795,-0.0012332336162217004,0.5427889704704285,0.5129161477088928,-0.0014988393057137602,0.5385683298110963,0.5287372946739196,-0.0031145506305620004,0.5528983235359192,0.5308781743049622,-0.00370690505951636,0.5633269906044006,0.5059914112091064,-0.00467697735875842,0.5587345242500306,0.5202523469924927,-0.0036351519753224397,0.5534766316413879,0.5360576152801514,-0.00359780307626348,0.5653882622718811,0.5508066058158875,-0.004915139498189021,0.5802582740783692,0.5159626722335816,-0.006171625060960601,0.5906614899635316,0.4968192517757416,-0.0053361797705292,0.5995798707008362,0.47941847443580626,-0.00480093648657196
0.5228364706039429,0.6359935760498047,-1.353427734329671e-07,0.49976342916488653,0.5904432892799378,-0.0015883774030953,0.48935043811798096,0.5386557936668396,-0.00450420971028502,0.48177114725112924,0.4958715498447418,-0.00766285331919786,0.46669499278068544,0.47588940262794494,-0.009504893049597679,0.5196424007415772,0.5003832817077636,-0.0007491423759347006,0.533008086681366,0.47835940122604365,-0.0006873103498946752,0.5300347208976746,0.49738655090332035,-0.0002775745466351799,0.5249985218048095,0.5151044011116028,-0.0002848245203495002,0.5375657320022583,0.5120326519012451,-0.00212968059349798,0.5471426844596863,0.4934399008750916,-0.00043892019893976015,0.5423077940940857,0.5109678268432618,-0.0002980561926961202,0.5381966233253479,0.5267582774162293,-0.00175765687599778,0.5529517889022827,0.5295599460601808,-0.0033916563726961,0.5628846764564513,0.5043554067611695,-0.0038241276983171403,0.558281672000885,0.5184641003608704,-0.0026285111671313,0.5530793547630309,0.5342551231384277,-0.00264140627114098,0.5654149889945984,0.5492137432098388,-0.00441659511998288,0.5801472663879395,0.5141660928726196,-0.00543734016828234,0.5905882239341737,0.4952102541923523,-0.004582966165617041,0.5994495630264283,0.4780470848083496,-0.0040894055273383205
0.5224628448486328,0.6344661712646484,-1.3498014084234455e-07,0.4994649827480317,0.58884197473526,-0.00117716285167256,0.4889322996139527,0.5369455337524414,-0.0038809400051831606,0.4812707006931305,0.49385443329811096,-0.00677664540708062,0.46596463918685915,0.4744027137756348,-0.0083298898302018,0.5188955903053284,0.4989592373371124,-0.0010319679287931207,0.5325568199157715,0.4757665574550628,-0.0003744729736354152,0.5296135187149048,0.4946676254272461,0.0007145597366615801,0.5245262622833252,0.5123822093009949,0.0011147832497954199,0.5370829582214356,0.5103960871696472,-0.00237541331443928,0.5466634273529053,0.49068535566329957,1.5580665785799982e-05,0.5419015288352966,0.5080437779426575,0.00077718496322626,0.537841796875,0.5237477421760559,-0.00039791509043426006,0.5526163935661316,0.5275474309921265,-0.0034824542701243797,0.5622745633125306,0.5015231668949127,-0.003245440358296,0.5578137874603272,0.5156341791152954,-0.0017119573894887599,0.5526558756828308,0.5314760208129883,-0.0016934174462220999,0.5651666402816773,0.546684730052948,-0.00430672597140066,0.5798336505889893,0.511347234249115,-0.00502503798343236,0.5903093934059144,0.4925788760185242,-0.004093803325667921,0.5990463495254517,0.47553205490112305,-0.00362421763129526
0.522026550769806,0.6309123754501343,-1.3288306206504787e-07,0.4990055024623871,0.585992693901062,-0.0008643664303235202,0.4881127178668976,0.5346712589263917,-0.0034978996962308404,0.48027422428131095,0.4916312038898468,-0.00617645615711804,0.46497448086738585,0.4724343299865723,-0.00746478298678988,0.5175431966781616,0.49694288372993467,-0.002314817091610101,0.5319970130920411,0.47232262492179866,-0.0009542058629449352,0.5294620394706726,0.4909798145294189,0.00115996696986254,0.5243464708328247,0.5086695432662964,0.002202961477451,0.5359649896621704,0.5081340432167054,-0.0035226169042288603,0.546025276184082,0.4870541989803314,-0.00028784418245780005,0.5416041374206543,0.5041502833366395,0.0013929805485531199,0.5375654816627502,0.5196860432624817,0.00062708446057514,0.5516588807106018,0.5248003840446472,-0.00429845578037196,0.5613567709922791,0.49762260317802437,-0.00322296326048668,0.5572072505950928,0.5119132399559021,-0.0011555525939911202,0.5521179676055908,0.5278247117996215,-0.0010811451240442002,0.5644163727760316,0.5432299494743347,-0.00474407337605946,0.5791961908340454,0.5077010810375213,-0.00516675091348584,0.5896984100341798,0.4891172111034393,-0.00415744851343328,0.5982093930244446,0.4719692826271057,-0.00375793655402952
0.5214571595191957,0.6276545763015748,-1.2963930657861057e-07,0.4985673904418945,0.5833969116210938,-0.00088655808940524,0.48726850748062134,0.5322037100791931,-0.0037073405925184,0.4789410948753357,0.4891232132911682,-0.00649326294660564,0.4634813666343689,0.4701723575592041,-0.00784151097759598,0.5155238032341004,0.49437171220779413,-0.00359623176045708,0.5312885642051697,0.46803578138351437,-0.0022692566679324757,0.5293127417564392,0.486659562587738,0.00028707054443653985,0.5241010308265686,0.5041217565536499,0.00165102340979502,0.5339854001998902,0.5052638649940491,-0.00482311965897672,0.5453716516494751,0.4823721468448639,-0.00159520524321126,0.5415270566940308,0.49970240592956544,0.0005954660475253799,0.5374168753623962,0.5151447176933289,0.00016829279484228,0.5499892115592957,0.521507179737091,-0.00554709164425726,0.5606114149093628,0.49256540536880494,-0.0043890853412449,0.5569294691085817,0.5072723925113678,-0.0019539779983460603,0.5518160223960877,0.5233384013175963,-0.00169673808850342,0.5632051587104797,0.5395774126052857,-0.00593456020578736,0.5780200123786927,0.5033548176288605,-0.00635095043107864,0.5885344862937928,0.4847817063331604,-0.00528446771204466,0.5968946337699891,0.46749824881553653,-0.0048818501643836
0.5211357712745668,0.6251249074935914,-1.2844774914810842e-07,0.49833977222442627,0.5813512325286866,-0.00088434243807564,0.4866105020046234,0.5301131010055542,-0.00385657600127156,0.47780218720436096,0.48701015710830686,-0.0067432352341711,0.46222357749938964,0.4683550238609314,-0.00815579053014512,0.5137324929237366,0.49190609455108636,-0.0046048269607126,0.530703866481781,0.46448248028755185,-0.003361225998378338,0.5292504310607911,0.48339162468910213,-0.0005231091519817801,0.5239165425300598,0.5006974816322327,0.0010520497802645199,0.5321467518806458,0.5025858521461487,-0.00589127209968858,0.5448955059051515,0.4785590589046478,-0.00272387864533812,0.5416224718093872,0.4963654279708863,-0.00015865110326558,0.537362003326416,0.511780047416687,-0.00032064161496236,0.5484108567237854,0.5185481309890747,-0.006622907985001761,0.5600571513175964,0.4883691847324372,-0.005439327517524321,0.5568598628044128,0.5036431074142457,-0.0027312536141834804,0.5517010807991028,0.5198900580406189,-0.0023270415142178,0.5620598554611207,0.5363760471343995,-0.00701234233565624,0.5769896388053894,0.4996460258960723,-0.0074292526580393,0.5875273942947388,0.4809986412525178,-0.00631789001636202,0.5957534790039063,0.4634695589542389,-0.00591319478116926
0.5205595850944519,0.6216502904891968,-1.261687344822349e-07,0.4978785216808319,0.5784722447395325,-0.0006466241960879199,0.4857164978981018,0.527374303340912,-0.0037228566594421403,0.47648875713348393,0.48432913422584534,-0.00672211693599814,0.4609170615673065,0.4657282412052155,-0.00819868529215452,0.5112863540649414,0.4887941181659698,-0.00556117738597088,0.529562520980835,0.45925505757331847,-0.0045895871473476,0.5288029789924622,0.4785455226898193,-0.0015746044460683802,0.5233993887901306,0.49574523568153384,0.00015095700509850003,0.5295404434204102,0.4991268455982208,-0.00709993764758104,0.5438317894935608,0.4728828132152557,-0.00420806991169226,0.5412734985351563,0.49132374525070194,-0.00127298550214616,0.5368383765220642,0.5067925751209259,-0.0011419798131100602,0.5460622906684875,0.5145859599113465,-0.00803957851603622,0.5589181184768677,0.4822553932666779,-0.006947491131722881,0.556247079372406,0.49815027713775634,-0.003835262800566821,0.5509953498840332,0.5145849227905274,-0.0031888782512396003,0.5601579070091248,0.5319172143936157,-0.008628598973154981,0.5753088593482971,0.49457956552505494,-0.00921068405732508,0.5858463048934937,0.4756125569343567,-0.00811203932389612,0.5938616275787354,0.4575010776519775,-0.0077379923313855795
0.520006549358368,0.6176067113876343,-1.2037098855444132e-07,0.4975228786468506,0.5754400849342347,-0.00053279672720234,0.4849465250968933,0.5242022275924684,-0.0037728349212556604,0.47514188289642334,0.48121151328086853,-0.0070054030977189,0.459538060426712,0.462442171573639,-0.008674081414937942,0.5082984805107116,0.4853809595108032,-0.0063292354345320994,0.5277959227561951,0.45280636548995973,-0.006057709269225561,0.527974808216095,0.4725220084190369,-0.0032699097180738605,0.5226527333259583,0.4897692322731018,-0.001622844627127,0.5261205315589905,0.49501764178276064,-0.00820219889283174,0.5421891570091248,0.46597272753715513,-0.00603038514964278,0.5406080245971681,0.4852549135684967,-0.0030498344218358,0.5360421419143677,0.5007922351360321,-0.0027616030653007002,0.5428217053413391,0.509864616394043,-0.00950480485334988,0.5572543859481812,0.47508896589279176,-0.0088811388239264,0.5552775263786316,0.49167597293853754,-0.005496099777519661,0.5499552488327026,0.5081716656684876,-0.004600642155855841,0.5574075937271119,0.5267876505851745,-0.01047616871073838,0.5728095054626465,0.4887165129184723,-0.0114503981545567,0.583469808101654,0.4692607939243317,-0.01046578912064428,0.5914223670959473,0.4505234479904175,-0.01015241425484416
0.5189575552940369,0.6130221009254455,-1.125938055679399e-07,0.49696690440177915,0.5717145800590515,-0.0004098140561836601,0.48428688645362855,0.5203483819961547,-0.0038636157754808205,0.47399305105209355,0.47740199565887453,-0.00742790717631574,0.4582296371459961,0.4586547732353211,-0.00943321436643596,0.5050215899944306,0.48159363865852356,-0.006875470280647221,0.5257610201835633,0.445491623878479,-0.00755764842033382,0.5272588133811952,0.46526588797569274,-0.00525877624750132,0.5223590493202209,0.4825489938259125,-0.0038201135816052,0.5222494721412659,0.4904012739658356,-0.00919534321874374,0.5402208924293519,0.45786724686622615,-0.00808699503540988,0.5398497819900513,0.47781566977500917,-0.005322231305763101,0.5352255702018738,0.4936738073825836,-0.004935814719647141,0.5389979481697083,0.5045277118682862,-0.011005803383886782,0.5551145434379577,0.46686305403709416,-0.01109250411391254,0.5540494322776794,0.483851146697998,-0.00756817171350116,0.5487672328948975,0.5002545475959779,-0.00640224181115622,0.5540216207504273,0.5210251331329345,-0.012508155219256842,0.5693508625030519,0.4819052815437317,-0.013924358785152378,0.5800134658813477,0.46172302365303036,-0.013044162094593,0.5878409028053284,0.44240574240684505,-0.0127318553626537
0.5179365873336792,0.6084080576896668,-1.0426972067989485e-07,0.4963900148868561,0.5681618809700012,-0.00028947465325472,0.48376920223236086,0.5170987129211426,-0.0038995839189737607,0.47326126694679266,0.47440517544746397,-0.00773859824985262,0.4574953496456146,0.45541414022445686,-0.01004212424159044,0.5025412678718567,0.47894564270973206,-0.00725414082407946,0.5239260315895081,0.43951601386070255,-0.0088580628857016,0.5265028715133667,0.4589857220649719,-0.007064364152029101,0.5221100091934204,0.4763087511062622,-0.00583697076654058,0.5192196488380433,0.48710636496543885,-0.00994564145803446,0.5383728981018067,0.45118039250373837,-0.009899164550006341,0.53890962600708,0.47136369347572327,-0.007400372507981941,0.5343025445938111,0.487528532743454,-0.00695915282703932,0.5358624815940858,0.5004938244819641,-0.012195378914475401,0.5530735850334167,0.46014963984489443,-0.013007192686200101,0.5526771426200866,0.47723852992057797,-0.00935338670387858,0.5475062012672425,0.49347077608108525,-0.00792417936027044,0.5510849237442017,0.5163747668266296,-0.01416039858013388,0.5664447188377381,0.47668405771255495,-0.0160658068954944,0.5770640850067139,0.45581023693084716,-0.01532724425196642,0.5847594380378723,0.4358171403408051,-0.01504463776946064
0.5174439907073975,0.6025945663452149,-7.347459138884462e-08,0.49601589441299443,0.56376291513443,0.00027377968217477997,0.4833058595657349,0.5129061460494996,-0.00340167554095382,0.472653341293335,0.47033149003982544,-0.00755946999415752,0.4570590198040009,0.4507484197616578,-0.010378490574657862,0.498887038230896,0.47569852471351626,-0.00737134944647546,0.5210241913795471,0.43184379935264594,-0.010158102028071821,0.5264819502830506,0.4479734778404236,-0.0091585562564432,0.5244437098503113,0.46342104077339175,-0.00825348864309486,0.5146324157714844,0.48278740048408514,-0.01071426589041944,0.536048436164856,0.4420018374919891,-0.011951311118900722,0.5389546513557435,0.46064677834510803,-0.00981355551630258,0.5353672623634338,0.4762779533863068,-0.00924342162907118,0.5310137629508973,0.495098477602005,-0.01367555297911162,0.5501791834831238,0.45103149414062504,-0.01530370190739628,0.5517823696136475,0.46650011539459224,-0.0116740734316408,0.5477925062179565,0.48139509558677673,-0.01001212764531368,0.5465586543083191,0.5102443575859069,-0.01634176131337878,0.5621129631996155,0.46952939629554746,-0.0185338128358125,0.5724995255470277,0.44760218262672424,-0.01781395785510534,0.5798203825950623,0.42677615880966185,-0.017474652826786
0.517196786403656,0.5950879335403443,-2.645958154801066e-08,0.4959021389484406,0.5575765609741211,0.00123401445016498,0.4834199786186219,0.5068621098995209,-0.00235487157478926,0.4725524306297303,0.4646759390830994,-0.0067726236302405205,0.45679877400398256,0.4452115893363953,-0.01024598414078348,0.49557213187217714,0.4714686214923859,-0.00727787595242258,0.5184758543968201,0.4238840639591217,-0.01131256017833942,0.5273028373718263,0.4342989802360534,-0.01140132872387762,0.5284880995750427,0.446707683801651,-0.010972936358302801,0.51003338098526,0.4775987267494202,-0.01149837914854284,0.5336098313331604,0.43155563473701475,-0.013788712024688681,0.5400337934494019,0.4449505388736725,-0.01226253360509872,0.5391380071640015,0.45847236514091494,-0.011785530392080499,0.5258325457572937,0.4890750825405121,-0.015324196033179721,0.5466299533843993,0.4404238939285279,-0.017412492819130383,0.5515321731567383,0.45066670179367063,-0.01403055135160678,0.5501498341560365,0.4623513281345367,-0.01237373445183034,0.5415067791938782,0.5036657691001892,-0.0188274588435888,0.5570583105087281,0.46113580465316767,-0.02078269794583314,0.5671454310417176,0.4395956397056579,-0.019580584391951497,0.5738808989524842,0.4202392220497131,-0.01885005794465538
0.5166215538978577,0.5864378333091737,2.9216263541798073e-08,0.49626740217208865,0.5494004130363465,0.0019348866306245199,0.48450962901115424,0.49916692972183224,-0.0017832863610237602,0.47376953363418584,0.457881236076355,-0.006542950263246861,0.4580790579319,0.43881582617759707,-0.01081679472699756,0.4931860387325287,0.4662649631500244,-0.00805317983031268,0.5162950515747071,0.415507584810257,-0.0134583063423633,0.5282769322395324,0.41866884827613826,-0.014804567769169762,0.5331396579742431,0.426299637556076,-0.015081167593598323,0.5062295615673065,0.47252044677734373,-0.013164802454411961,0.5307697415351869,0.42159645557403563,-0.016997891478240462,0.5409686207771301,0.4272963523864746,-0.01652892660349606,0.5438437342643738,0.4368830502033234,-0.01644800808280702,0.521112608909607,0.4841742873191833,-0.01781762354075904,0.541983675956726,0.4309640407562256,-0.0208530161529779,0.5505160331726074,0.43339693546295166,-0.018357104435563022,0.5527815699577332,0.4396875560283661,-0.01713474206626412,0.5366568446159363,0.4987011313438416,-0.022097845003008824,0.550603997707367,0.45514031052589415,-0.02437225282192224,0.5595466852188111,0.43314167261123654,-0.02321995645761484,0.5654077529907227,0.41438618302345276,-0.02247476652264592
0.5166262626647949,0.5799664855003357,8.200709906702741e-08,0.496992826461792,0.5430417537689209,0.0026791413896716998,0.48579065203666694,0.49291720986366266,-0.00107608120888468,0.47514640092849736,0.4523322939872742,-0.0060737750958651,0.4595309853553772,0.43369423747062685,-0.011004706937819683,0.49161767959594727,0.46222008466720577,-0.00861114710569376,0.5146796107292175,0.4092496335506439,-0.01503093317151064,0.5293150901794434,0.40561702847480774,-0.01745520513504738,0.5375017881393434,0.4085750877857208,-0.018389799259602962,0.5034087061882019,0.46875715255737305,-0.014536665752530079,0.528514838218689,0.4142382383346558,-0.01942835580557582,0.5421576261520386,0.4123865604400635,-0.019865452125668502,0.548748004436493,0.4177718222141266,-0.020214988477528062,0.5174770474433898,0.4808507978916168,-0.01991693209856744,0.5381010890007019,0.42405115962028506,-0.0235364187508821,0.5499572038650513,0.41885309219360356,-0.02187209092080586,0.555722975730896,0.41986603140830997,-0.02116368059068916,0.5328635215759278,0.4955225110054017,-0.024874450638890242,0.5453842401504517,0.4511895000934601,-0.02730375416576856,0.5533223509788513,0.4290094137191772,-0.0261606246232986,0.5584450602531433,0.41102916598320005,-0.02541611306369302
0.5165456175804138,0.5704301476478577,1.4739475169278647e-07,0.4979680061340332,0.5341064453125001,0.00300984955392776,0.487440437078476,0.4844559550285339,-0.00083670350722964,0.47735849022865307,0.44486035704612736,-0.0059821635019033795,0.4621944963932037,0.42637404799461365,-0.01145031070336696,0.4903670966625214,0.45722604393959043,-0.00975836440920824,0.5124133467674256,0.4008971393108368,-0.01737932600080962,0.5292096018791199,0.3886607825756073,-0.02097100727260108,0.5407349467277527,0.3851951122283936,-0.022628360614180502,0.5007032036781311,0.46388058662414555,-0.01627023499459026,0.5250918507575989,0.4045876741409302,-0.0224675105884671,0.5420276522636414,0.393099707365036,-0.023938540555536722,0.5525851011276246,0.39196521639823917,-0.024803291447460622,0.5136411786079407,0.47578619122505184,-0.0221559096127748,0.5329342246055603,0.4143343925476074,-0.0266546662896871,0.5479666948318481,0.40017167925834657,-0.026002789661288203,0.557308840751648,0.3944465935230256,-0.025915715098381024,0.5283398628234863,0.48957360386848453,-0.027601665258407564,0.5387538194656373,0.4446013271808624,-0.03055755421519274,0.545352292060852,0.4225186884403229,-0.029671607166528658,0.5495352387428284,0.4052608370780945,-0.0290703326463699
0.515822458267212,0.5608733177185059,1.9409511935464253e-07,0.49943239688873287,0.523036539554596,0.0045013798633590195,0.49014205932617194,0.4742476403713226,0.0007748648524284602,0.48081188201904307,0.43630200028419497,-0.00447457844857124,0.46616850495338436,0.4180606365203857,-0.010383986309170682,0.4907674849033356,0.4506126165390014,-0.01043755002319806,0.5114664196968078,0.39246288537979124,-0.01916635204106564,0.5282696723937989,0.37358804345130925,-0.02393797952681776,0.5411030173301696,0.36413447856903075,-0.026548649184405745,0.499397337436676,0.45836929082870487,-0.01823661066591736,0.521419095993042,0.3951654255390168,-0.02558118924498556,0.5399628520011902,0.37439940571784974,-0.02824234701693054,0.5536152482032777,0.36573460698127747,-0.030041681975126244,0.5107538104057312,0.4710093140602111,-0.02518410719931122,0.5270341038703918,0.4043276131153107,-0.0304867681115865,0.5436694741249085,0.38237387537956236,-0.03077417202293866,0.5555636405944824,0.3699788331985474,-0.03152603507041928,0.5240437030792237,0.4842254936695099,-0.03156298398971554,0.5310499787330628,0.4404907286167145,-0.03555106520652766,0.5358747243881226,0.4189215123653412,-0.0353588659316301,0.5392340183258056,0.40181994438171387,-0.035298491641879044
0.5172090530395508,0.5522658467292786,2.083760534787871e-07,0.5025021970272064,0.5160637378692627,0.0032843482447788,0.4942962408065796,0.46814534664154056,-0.0005468719173222199,0.48703337907791144,0.43142933845520015,-0.00561826487537472,0.47486876249313353,0.4113443672657013,-0.01138866739347574,0.4951634168624878,0.44146813154220577,-0.01118655763566488,0.5117471814155579,0.3835557699203491,-0.02068286947906012,0.5257676243782043,0.3590544700622559,-0.0264656618237495,0.5373240351676941,0.3431177139282226,-0.030038851499557442,0.5024975538253784,0.44901366829872136,-0.01876374129205938,0.5189752578735352,0.38613670468330386,-0.027343573793768863,0.5349777698516845,0.3589780688285828,-0.031575823575258205,0.547587776184082,0.3424741506576538,-0.03453812822699544,0.5112838029861451,0.46230182051658625,-0.02565364688634868,0.5216876864433289,0.3972060263156891,-0.03256399184465402,0.5355459332466126,0.3700393974781036,-0.03481482937932008,0.5462648749351502,0.3511728525161743,-0.03685451000928874,0.5210277199745179,0.47687849402427673,-0.03203720748424527,0.5229107260704041,0.43673656582832343,-0.03815420791506764,0.5244862973690033,0.41489015221595765,-0.039868276566266986,0.5254972040653229,0.3964553534984589,-0.04112736433744427
0.5191099047660828,0.5462921857833862,2.0964453426586262e-07,0.5050760746002196,0.5119826316833496,0.00239845982287078,0.4975652039051056,0.46485021710395813,-0.0012100869789719,0.4923343598842621,0.4288789212703705,-0.00586249844636766,0.4825424075126648,0.40664404034614565,-0.01119263516739008,0.49963829517364505,0.4341402590274811,-0.010853209160268261,0.5123733878135681,0.3772483587265014,-0.020617195591330482,0.5234191060066223,0.3486002206802368,-0.02702120691537854,0.53314368724823,0.3278244137763977,-0.031225131824612586,0.5060817539691925,0.44074658155441293,-0.01809333674609656,0.5176081418991089,0.3788436949253082,-0.02705624327063558,0.5303785920143128,0.3475175559520722,-0.03230382874608034,0.5408810496330261,0.32504180669784544,-0.0361187685281038,0.5126333951950073,0.4539251863956451,-0.02482379972934718,0.5181308150291443,0.39118556380271907,-0.03260983675718302,0.5285601377487182,0.3611644208431244,-0.036238496750593145,0.5370522737503052,0.33807160854339596,-0.03922524899244303,0.5189332365989685,0.4695244252681733,-0.0311067540198564,0.5171923160552979,0.432403177022934,-0.03863641545176504,0.5162434935569763,0.4112942755222321,-0.041681290417909585,0.5151143670082092,0.39255965352058414,-0.04387096613645548
0.5219153165817261,0.5398594021797181,2.1124688203144619e-07,0.5095065414905547,0.5064151287078857,0.0018665175652131203,0.5020208597183228,0.45979346632957463,-0.00151367494836444,0.49712088108062746,0.4246427774429321,-0.005843272968195341,0.4882127225399018,0.40053830742836,-0.01086427783593532,0.5058339953422547,0.42513496875762935,-0.01080282833427186,0.5138936281204224,0.36884632110595705,-0.0208776500076055,0.5215055584907531,0.3360960841178894,-0.02778967581689356,0.5291116118431092,0.3104236602783203,-0.03251224234700201,0.510521638393402,0.43124147057533263,-0.0179812647402286,0.5159611463546753,0.3699874401092529,-0.0272982135415077,0.524632227420807,0.3338602900505066,-0.03340402469038958,0.5325116753578186,0.30536541938781736,-0.037964434176683395,0.5142944574356079,0.4450421929359436,-0.02475814558565612,0.5138485550880432,0.3845312714576721,-0.03327042236924166,0.5197969317436218,0.3512336194515228,-0.03819216117262836,0.525276780128479,0.323595666885376,-0.04212433323264114,0.5168637871742249,0.4626228868961334,-0.03111313171684736,0.5110200881958008,0.4287726223468781,-0.04001799598336218,0.5070594310760498,0.4077523648738861,-0.044402438402175864,0.5034250557422638,0.3880474746227265,-0.04751698076725
0.526637625694275,0.5351805686950684,1.955952171783793e-07,0.517600667476654,0.5001879930496216,0.0018478325568139203,0.5108257830142975,0.45363737344741817,-0.00123750283382828,0.5066031217575073,0.41894603967666627,-0.0053506710333749204,0.49944867491722106,0.39359626173973083,-0.010242506396025381,0.5129866719245911,0.4158481657505035,-0.010462697409093339,0.516438376903534,0.36109784841537473,-0.02072077766060824,0.5206483125686646,0.326141357421875,-0.02797530405223366,0.5256183624267579,0.29744610786437986,-0.03306375145912166,0.5149516820907594,0.4218145787715912,-0.01790904961526388,0.5145828366279602,0.36200169324874876,-0.02730098254978654,0.5188005328178406,0.32322579026222226,-0.0339249432086944,0.5233285307884217,0.29103312492370603,-0.03893031775951382,0.5155414700508117,0.4372245311737061,-0.02503492385148998,0.5092973947525025,0.37990905642509454,-0.03403938114643092,0.5105096399784088,0.3447213649749756,-0.040060728788375806,0.5126098453998567,0.31389679312706,-0.04476187452673904,0.5148614645004272,0.45833954215049744,-0.031699256598949385,0.5048841774463654,0.42758217453956604,-0.04159490093588826,0.4979980349540711,0.40634855031967165,-0.046949911117553686,0.49195500612258913,0.3857317626476288,-0.05071373432874674
0.5316203832626343,0.5301265716552734,1.794400589005818e-07,0.5260475039482118,0.49541144967079165,-0.0006521331612021001,0.5199440002441407,0.44856118559837344,-0.004092350928112801,0.5164075851440431,0.41356204748153685,-0.0082193511538207,0.5103882253170013,0.3885462820529938,-0.013072446733713099,0.5201339721679688,0.406164962053299,-0.01097594033926722,0.519227409362793,0.35294205546379087,-0.02130451612174506,0.5202463269233704,0.3174678087234497,-0.028753073513507803,0.5225036382675171,0.28763132095336913,-0.0340141415596008,0.519315528869629,0.41180720329284665,-0.01735669560730452,0.5138261437416077,0.3544265449047088,-0.02691305093467232,0.5134978890419006,0.3150806605815887,-0.03394947350025172,0.5140476703643799,0.28143263459205625,-0.03914350643754002,0.5168799877166748,0.4287323474884034,-0.02377354875206942,0.5054661989212036,0.376841127872467,-0.0334364332258701,0.501852148771286,0.34088253974914545,-0.040494817495346024,0.5000792503356933,0.308307546377182,-0.04568116813898078,0.513356637954712,0.4537053287029266,-0.029929713532328543,0.5001871466636658,0.4248018741607666,-0.0405779309570789,0.4909995079040528,0.40342650413513187,-0.04658215194940564,0.48260449767112734,0.38252865672111513,-0.05068847239017483
0.5344809889793396,0.5272605657577515,1.7696403915579144e-07,0.5333830952644348,0.48951900005340576,-0.0005685621756129201,0.5282546401023864,0.4423123121261597,-0.00408953311853104,0.5246877074241638,0.40673123598098754,-0.008348430041223702,0.5185899317264557,0.38233715891838077,-0.013429950922727522,0.5238962173461914,0.4018466830253601,-0.01164305713027712,0.5214022517204284,0.3476038753986358,-0.022068747878074602,0.5214208245277405,0.3124411642551422,-0.0293186124414205,0.5227497339248657,0.2828145563602447,-0.03433720767498012,0.5200143694877625,0.40793514251708984,-0.01808537561446424,0.512552285194397,0.34949148297309873,-0.02767259925603862,0.5103628635406494,0.30981643199920655,-0.034371325373649564,0.5093077659606934,0.2764102160930633,-0.03922127410769458,0.515545105934143,0.42592612504959115,-0.02448818944394584,0.5019137740135193,0.3734750986099243,-0.034035836905240986,0.4963548898696899,0.33743792772293085,-0.04087597951292986,0.49296506643295296,0.30493953824043274,-0.04584802240133278,0.5112457871437073,0.4525039613246918,-0.030592987313866563,0.4966883659362793,0.4235307514667511,-0.041022640466690026,0.4868108570575715,0.40152181982994084,-0.04674345552921293,0.47793637514114384,0.3800736486911774,-0.050557217746973006
0.5373415946960449,0.5243945598602295,1.7448801941100104e-07,0.540718686580658,0.48362655043601993,-0.00048499119002374006,0.5365652799606324,0.4360634386539459,-0.0040867153089492805,0.5329678297042847,0.3999004244804382,-0.0084775089286267,0.5267916381359101,0.37612803578376774,-0.013787455111741943,0.5276584625244141,0.39752840399742123,-0.012310173921287021,0.523577094078064,0.34226569533348083,-0.02283297963440414,0.5225953221321106,0.30741451978683465,-0.029884151369333208,0.5229958295822144,0.2779977917671203,-0.03466027379035944,0.520713210105896,0.404063081741333,-0.01881405562162396,0.5112784266471863,0.3445564210414887,-0.02843214757740492,0.5072278380393982,0.3045522034168243,-0.034793177247047405,0.5045678615570068,0.2713877975940704,-0.039299041777849146,0.5142102241516113,0.4231199026107788,-0.02520283013582226,0.49836134910583496,0.3701090693473816,-0.034635240584611864,0.49085763096809387,0.3339933156967163,-0.0412571415305137,0.48585088253021247,0.3015715301036834,-0.04601487666368478,0.5091349363327026,0.4513025939464569,-0.03125626109540458,0.4931895852088929,0.4222596287727356,-0.041467349976301145,0.48262220621109014,0.3996171355247498,-0.04690475910902021,0.4732682526111603,0.3776186406612396,-0.05042596310377118
0.5389018297195435,0.5229566097259521,1.7385367812039481e-07,0.5463605761528016,0.4801880478858948,-0.00096895995084196,0.5443248271942139,0.4325574159622192,-0.00457829628139728,0.5428942441940308,0.3955476462841034,-0.008917225431650801,0.5392140626907349,0.3709601998329163,-0.01416670680046074,0.5296614646911622,0.3951797723770141,-0.012121401913464041,0.5252785682678223,0.339181238412857,-0.022492878511548,0.5237831830978394,0.30434263348579405,-0.029415794089436464,0.523467767238617,0.2750296175479888,-0.03406028337776656,0.5202768683433533,0.40142167210578916,-0.01820959150791164,0.5102052211761474,0.34113385081291203,-0.02764595746994012,0.5051199197769166,0.3013097524642945,-0.033821786940097784,0.5013210654258727,0.26842948794364924,-0.03811530023813242,0.5120579361915589,0.42045949101448066,-0.024226695299148518,0.49556165933609003,0.3668212532997131,-0.033521553501486744,0.48734421133995054,0.3312758684158325,-0.03994960561394686,0.4816326439380646,0.29958308339118955,-0.04443782716989512,0.5062046408653259,0.44900482296943667,-0.029939481988549205,0.4895642757415772,0.4196892023086548,-0.039831247925758304,0.47886984348297124,0.3973860859870911,-0.04486567229032513,0.46948171854019166,0.3759353280067444,-0.0479773640632629
0.5383755683898925,0.5230606555938722,1.8237522567687852e-07,0.5484152913093567,0.4806694030761719,-0.00242066055070606,0.5483690023422242,0.4333605647087097,-0.0062658411450683404,0.548404049873352,0.3952655792236328,-0.0105908285826444,0.5462271094322204,0.36895747184753414,-0.01567820515483612,0.5305832266807557,0.3931457936763763,-0.01138782110065218,0.5272980332374573,0.3368974983692169,-0.021264361962676,0.5258444070816041,0.30224721431732177,-0.028051594644784864,0.5252299308776855,0.273131263256073,-0.03262368515133854,0.5194173097610474,0.39857481718063353,-0.01639018803834912,0.5101810574531556,0.338321739435196,-0.025299086049199043,0.5046636581420899,0.29897611141204833,-0.0313470300287008,0.500174343585968,0.2666076600551605,-0.035544865950942,0.5098629951477052,0.41692953109741215,-0.02151007372885938,0.49410254955291744,0.3634699344635009,-0.030246856808662383,0.4856902420520782,0.3287608981132507,-0.036320300400257056,0.4796641349792481,0.2980494737625122,-0.040525481849908784,0.5030769944190978,0.44505502581596373,-0.02650813385844226,0.4866434752941131,0.41615800857543944,-0.0357362743467092,0.47632995843887327,0.3945313096046448,-0.04031011089682574,0.4674134075641632,0.373765754699707,-0.04302774667739864
0.5375489234924317,0.525558614730835,1.87461355949381e-07,0.5494348406791687,0.483693140745163,-0.00336543314624574,0.5514266133308411,0.43642883896827694,-0.00708695361390704,0.5531218647956848,0.39696210026741025,-0.011103507317602561,0.5533391833305359,0.3674420833587646,-0.01570344362407918,0.5314365148544311,0.3932534337043762,-0.010231388267129621,0.5294680237770081,0.3362962484359741,-0.01937416493892664,0.5282455563545227,0.3013748526573181,-0.02584052123129362,0.5275638937950134,0.27216280102729795,-0.030204369872808418,0.5189787745475769,0.39739943146705625,-0.01432761829346416,0.5107240200042725,0.3368366897106171,-0.022356023266911464,0.5052148699760438,0.29759007692337036,-0.028078117966651883,0.5005470991134644,0.2656260967254639,-0.0320722252130508,0.5083471179008484,0.4145039796829223,-0.01869109943509098,0.493795371055603,0.3609143257141113,-0.026567922905087426,0.4856708824634552,0.32677314281463615,-0.03221195302903648,0.4798671424388886,0.2968685507774353,-0.036139025911688764,0.5006168425083161,0.44171817898750304,-0.023086554557085,0.48460355401039124,0.41305694580078123,-0.031462213024496984,0.47474053502082825,0.3921119034290314,-0.03550892323255534,0.46643828749656674,0.3720275402069092,-0.03779899440705772
0.5367440819740296,0.5275573134422302,1.9398044344143277e-07,0.5499334931373597,0.48635637760162354,-0.00481766354059796,0.5534977793693542,0.43906343579292295,-0.00866427719593044,0.5562634229660034,0.39856957793235775,-0.0125833244994282,0.5583354949951173,0.3671692550182343,-0.01687037032097574,0.5319948196411133,0.39215635061264037,-0.00911418646574016,0.5312276601791383,0.3353118896484375,-0.017583172395825318,0.5301756739616394,0.30055683851242065,-0.023891072347760164,0.5293060660362243,0.2715060651302338,-0.028237415850162484,0.5185786247253418,0.39558376073837276,-0.012267257645726181,0.5112569451332093,0.33544883131980896,-0.01947600245475766,0.5059290170669556,0.2967282056808471,-0.024986201897263485,0.5011992454528809,0.2652741193771362,-0.028886706009507143,0.5071899890899658,0.411954253911972,-0.015945444069802722,0.4938953161239623,0.3591786503791809,-0.023171312361955583,0.48621621131896975,0.32588639259338376,-0.02852473258972164,0.4807270705699921,0.29662948846817017,-0.03228166252374644,0.49876478910446165,0.43865302205085754,-0.019876444339752164,0.48317409753799434,0.41068686842918395,-0.02763283215463156,0.4737156271934509,0.39051082730293274,-0.0313158810138702,0.4659675002098083,0.37090067267417903,-0.033336678147315946
0.5355656147003174,0.5295669198036194,2.0165926457593746e-07,0.550321364402771,0.4896946430206299,-0.0073073887731879405,0.5558219075202941,0.442588460445404,-0.01158410711213944,0.5597789883613586,0.40094228386878966,-0.015618492104113039,0.5643027901649476,0.3673409759998321,-0.01972630303353068,0.5328791856765748,0.39009603261947634,-0.00801754584535952,0.5336315751075745,0.3340792715549469,-0.01600713282823556,0.5328656554222108,0.29984477162361145,-0.022435726225376103,0.5318350672721863,0.2709849178791046,-0.026971878483891463,0.5183172821998596,0.3926600277423859,-0.00988656459376212,0.5122071027755738,0.3335477769374847,-0.016301530599594098,0.5072254300117492,0.2959617733955383,-0.02167569510638708,0.5025551676750183,0.26533275842666626,-0.0255324240773916,0.5060303568840028,0.40836675167083736,-0.012729918211698481,0.4943429231643677,0.3569681465625763,-0.019387126900255625,0.48727756142616274,0.32488536238670346,-0.024389247968792882,0.4822241246700286,0.29628949165344237,-0.02790585868060584,0.4966781914234161,0.43482578396797184,-0.01619519852101798,0.4817665338516236,0.4074988901615143,-0.023343013972043938,0.47290447950363157,0.38819496631622313,-0.026552931219339344,0.46584638953208923,0.36894793510437013,-0.028224433586001362
0.534437894821167,0.5308275818824768,2.0513746505912426e-07,0.5505546569824219,0.49252890348434447,-0.009530394431203541,0.5577331781387329,0.44536895155906675,-0.014332421310245959,0.562622606754303,0.40275474190711974,-0.01860220041126008,0.5687773227691652,0.36839802861213683,-0.022758235409855804,0.5343983173370361,0.38797760605812076,-0.007768911402672481,0.5363646984100342,0.3327609896659851,-0.01558437235653394,0.5359702706336975,0.2992827594280243,-0.02221112139523026,0.5349157571792602,0.2706285357475281,-0.02695809118449684,0.518818473815918,0.3898803055286407,-0.00862959241494532,0.5139289855957031,0.33186182379722595,-0.014580650627613063,0.5094188332557679,0.29559534788131714,-0.01984780952334398,0.5048706769943238,0.2655879020690918,-0.02366731055080888,0.5056644678115845,0.40513952374458306,-0.010837525315582703,0.4953608334064484,0.35545865893363954,-0.0171191861853003,0.4888846635818481,0.3243041813373565,-0.02175611965358254,0.48423947691917424,0.29587889909744264,-0.02505540437996382,0.4954046249389648,0.4314977824687958,-0.014002289250493002,0.48112158179283143,0.4044727861881256,-0.02063708491623398,0.47287335395812985,0.38561043739318845,-0.023390230536460863,0.4664737582206726,0.3662737846374512,-0.024784013256430603
0.533446741104126,0.5320620775222779,2.0449313637982415e-07,0.5506212711334229,0.49503257870674133,-0.01086063850671046,0.5589485406875611,0.4471603572368622,-0.01593537628650662,0.5648104667663575,0.40401245951652526,-0.020376520976424162,0.5727339267730713,0.370015025138855,-0.024642314761877,0.5358733654022217,0.3873109221458435,-0.00788981551304454,0.5387026190757752,0.33286080360412595,-0.01592404767870896,0.538794219493866,0.29987033605575564,-0.02291205115616318,0.5380236625671386,0.2711452841758728,-0.02795835658907886,0.5197633504867554,0.388794481754303,-0.00838464582338924,0.5158528685569763,0.33151101469993594,-0.0143378585577011,0.511910080909729,0.2961760282516479,-0.01969445198774332,0.5076985001564026,0.2664288878440857,-0.023623970523476562,0.506026816368103,0.40377368330955504,-0.010474015958607141,0.49691249728202824,0.35500648021697995,-0.01681271959096188,0.4911220788955688,0.32444581389427185,-0.021237139776349043,0.48694618940353396,0.29603152871131894,-0.024391996487975062,0.49489774703979494,0.43021148443222046,-0.013738158158957922,0.4812169373035431,0.4023612141609192,-0.02023294828832146,0.47357888817787175,0.383432537317276,-0.0226710572838783,0.4677078127861023,0.36375157833099364,-0.023899804428219783
0.5326096653938294,0.532497763633728,2.0400395897013369e-07,0.5506783604621888,0.4965241432189942,-0.011820266954600742,0.5597309947013855,0.44829668998718264,-0.0171798106282949,0.566102933883667,0.4051421284675598,-0.021856276690959884,0.575279450416565,0.371670925617218,-0.02634541392326348,0.5369451999664308,0.3871175289154053,-0.008309691399335802,0.5403932452201844,0.3334638118743896,-0.016746534779667782,0.5409224033355713,0.3008022487163544,-0.024127939343452403,0.5404635906219483,0.2718975007534027,-0.029461070150136895,0.5205111742019654,0.38827645778656006,-0.00861187176778906,0.5173142433166503,0.3316859304904938,-0.0147674575448036,0.5138144493103027,0.296998119354248,-0.0202658779919147,0.509923768043518,0.2672271132469177,-0.024324513599276502,0.5063833475112914,0.4030516862869263,-0.010671194083988601,0.4981789648532868,0.3548990488052368,-0.01718672197312112,0.49292427897453306,0.32462899088859554,-0.02145552560687062,0.48912877440452573,0.2960620760917663,-0.024496650695800724,0.4945879518985748,0.42954235076904296,-0.014056702703237502,0.48149156570434565,0.40086522698402405,-0.02053550556302068,0.47439377903938296,0.381739217042923,-0.022732834517955745,0.4689781248569489,0.36181035041809084,-0.023825573921203602
0.5316803336143494,0.5332769751548768,2.0536479041766143e-07,0.5508254647254944,0.4986075639724732,-0.01283227503299706,0.5607339382171631,0.45001583695411684,-0.01847988665103908,0.567629587650299,0.40684715509414676,-0.023380503058433484,0.5781811237335206,0.37402368783950807,-0.028084757924079825,0.5382065296173096,0.3874530136585236,-0.00875138575211162,0.5424070477485657,0.3344263732433319,-0.01755763143301004,0.5434242606163026,0.30210018754005435,-0.025300791487097685,0.5432663559913635,0.27313987612724305,-0.030889400094747478,0.5214108228683472,0.38825612068176274,-0.008831978496164,0.5191527724266052,0.3321118116378784,-0.0151796035468578,0.5162575244903564,0.2979802370071411,-0.0208340439945459,0.5128028273582459,0.2682715058326721,-0.025015298277139622,0.5068625211715698,0.4027584612369537,-0.010828515514731341,0.4997724354267121,0.3550119161605835,-0.017504831589758362,0.49522469043731693,0.32489625811576844,-0.02163408175110814,0.4919671535491943,0.2962943971157074,-0.0245591085404157,0.49433363080024717,0.4292177438735962,-0.014300295710563621,0.48204150795936584,0.39952986836433413,-0.020738758891820884,0.47561500072479246,0.3800167262554169,-0.022685493156313845,0.47076921463012694,0.3598371684551239,-0.02362529672682284
0.5309349656105041,0.5345103502273559,2.059591821534923e-07,0.5510768532752991,0.5005562365055085,-0.012876692786812721,0.5616427421569824,0.45124019384384156,-0.018503476679325063,0.5689456462860107,0.4082794189453125,-0.02339073419570918,0.5804128646850586,0.37661858201026915,-0.028147986903786584,0.5392890572547913,0.38913697600364683,-0.00920498073101038,0.5440544366836548,0.3360598921775818,-0.0181688137352466,0.5455161690711976,0.3037918984889984,-0.025988909229636124,0.5456840157508851,0.2747120201587677,-0.03162484951317304,0.5222367286682129,0.3896522521972656,-0.00935809928923838,0.5208454489707948,0.33345077037811277,-0.015829092264175382,0.5185093641281128,0.29934895038604736,-0.02154155597090718,0.5154606938362122,0.2693856000900269,-0.02578527182340616,0.5073589444160462,0.4037545382976532,-0.011399492062628202,0.5012048900127412,0.35599051117897035,-0.018101188912987662,0.4973317503929139,0.32564133405685425,-0.02212401404976842,0.49458114504814144,0.29694458842277527,-0.0249883066862821,0.49430173039436337,0.42986889481544494,-0.01492738574743268,0.48273321986198425,0.3990501344203949,-0.021244613826274843,0.4768706738948822,0.3789379894733429,-0.022999073937535225,0.47248855233192444,0.35857785940170284,-0.02383668236434458
0.5306192755699157,0.5365434288978577,2.1024092973220833e-07,0.5513406395912172,0.5031817436218262,-0.0131666593253612,0.5623308897018433,0.45331351161003114,-0.01886961534619328,0.5698283791542054,0.4104673147201538,-0.023793664947152078,0.5820444107055665,0.3796653091907501,-0.02862386144697658,0.5398610830307007,0.3917115807533264,-0.00962998699396844,0.5450907468795777,0.33868330717086786,-0.01878836937248702,0.5469915628433228,0.30636398792266845,-0.02674961946904652,0.5475543498992921,0.2772110939025879,-0.0324698351323604,0.5227446079254151,0.39204283952713015,-0.009736716374754841,0.5220705389976502,0.3355731308460236,-0.01639347374439236,0.5203040599822999,0.3012070655822754,-0.02224630787968632,0.5177333116531373,0.2709389626979828,-0.026587979122996264,0.507771110534668,0.40587729811668394,-0.011744943633675502,0.5023682713508606,0.3576444864273072,-0.01862117573618884,0.4990495026111603,0.32683824896812436,-0.02271481119096276,0.4966956973075867,0.2979611933231354,-0.025592965260148003,0.4944042861461639,0.43176339864730834,-0.015253270603716342,0.48349334001541133,0.39969866871833803,-0.021640013903379402,0.47817385792732237,0.37886272072792054,-0.0233699791133403,0.47422520518302924,0.35820283889770504,-0.02419147118926046
0.5304219722747803,0.5383717179298402,2.1414651314444199e-07,0.5514448642730714,0.5054542601108551,-0.013481366261839822,0.562712287902832,0.4553776204586029,-0.01929708197712896,0.570252537727356,0.412522828578949,-0.024267909675836502,0.582826042175293,0.3820218980312347,-0.02915106490254394,0.5402836799621582,0.3937504649162292,-0.009930763579905001,0.5458305835723877,0.3405288875102997,-0.0191754654049873,0.5479616045951843,0.3081650376319885,-0.027198313176631857,0.5486973881721497,0.27899944186210635,-0.03294304758310312,0.5231265068054199,0.3939800262451172,-0.009916684404015481,0.5229439854621887,0.33717172741889956,-0.016670959442853902,0.5215535640716553,0.3025635600090027,-0.02262261286377902,0.5192744851112365,0.2721212863922119,-0.02701406516134732,0.5081120491027832,0.4076840043067932,-0.011819897033274102,0.5032104969024658,0.359076464176178,-0.018797479942440944,0.500233256816864,0.32782889604568477,-0.022982613742351502,0.4981161415576935,0.29878058433532717,-0.025884320214390723,0.4946007132530212,0.43342031836509703,-0.0152345901355147,0.48418298959732053,0.4005906939506531,-0.021674869954585983,0.47915096282958985,0.37922492027282717,-0.02341719232499592,0.4753648161888123,0.3583769798278808,-0.024227454885840376
0.5301549315452576,0.5409890174865722,2.1972824413296623e-07,0.5516430854797364,0.5083442807197571,-0.013728233799338303,0.5632482647895813,0.4578997313976288,-0.019630165770649903,0.5708972692489624,0.4151359975337982,-0.02464070506393904,0.5837843418121338,0.38512818813323973,-0.029613643884658744,0.540648114681244,0.3971736371517181,-0.010458200611174081,0.5466397523880004,0.34359251260757445,-0.01988058425486086,0.5490039229393006,0.3108389019966125,-0.027994342893361984,0.5499570846557618,0.28143242597579954,-0.03379051536321634,0.5234503507614137,0.3972300410270691,-0.01038265656679864,0.5238186001777649,0.3398847043514252,-0.017389976233243922,0.5227759957313538,0.30462620258331297,-0.02353860400617118,0.5208509087562562,0.27367928028106686,-0.028057555109262403,0.5083829998970032,0.41066274642944334,-0.012213712371885701,0.5040812134742737,0.3612499296665192,-0.019439051672816225,0.501536637544632,0.3291776597499847,-0.023834093660116164,0.499807357788086,0.29973886609077455,-0.02684634402394292,0.49470626711845395,0.4360664963722229,-0.01554521508514876,0.4848043620586395,0.4024483621120453,-0.0221814483404159,0.4801144957542419,0.38023084998130796,-0.0240749474614858,0.4766476750373841,0.3588783979415894,-0.024989254772663082
0.5298249006271363,0.5436733365058899,2.2540092743383865e-07,0.5517210364341736,0.5112912654876709,-0.013973186723887882,0.5635616421699524,0.4605218350887299,-0.02002101577818392,0.5712616920471192,0.41788250207901,-0.02513458058238024,0.5844550848007203,0.38836972117424007,-0.030275792628526622,0.5407839536666871,0.40054891705512996,-0.0110766118392348,0.5471244573593139,0.3468983471393585,-0.020772769674658742,0.5497215151786805,0.31379063129425044,-0.0290783762931823,0.5509560704231263,0.2840087413787842,-0.03501597493886942,0.5235794425010682,0.40053205490112304,-0.010964616201817962,0.5243911623954773,0.3429287612438202,-0.018298404291272143,0.5237051129341126,0.30713467597961425,-0.0246915608644485,0.5221746921539308,0.275571060180664,-0.029392363876104298,0.5084746718406679,0.4138550877571106,-0.0127504386007785,0.5046716928482056,0.3637450218200684,-0.020291153714060723,0.5025234222412109,0.3309412360191345,-0.02493520937860008,0.5011125147342682,0.30094625949859616,-0.02810565605759618,0.4946728706359863,0.43910870552062986,-0.01602639146149154,0.4852248251438141,0.4048279285430908,-0.022949141636490783,0.48081629276275634,0.38179972171783444,-0.025068153813481278,0.4775697886943817,0.35976306796073915,-0.026153951883316002
0.5297714591026307,0.5469477415084839,2.319186961585729e-07,0.551728630065918,0.5148057341575624,-0.01425528097897764,0.5634755730628968,0.463918787240982,-0.020543413609266262,0.5713748216629029,0.4212532818317414,-0.02584163025021548,0.584744954109192,0.3917226493358612,-0.03122963756322854,0.5404958009719849,0.40492774844169616,-0.011945262365043141,0.547174608707428,0.350982016324997,-0.02206444963812824,0.5499981522560119,0.317198234796524,-0.030627763271331723,0.5515160441398621,0.28687913417816163,-0.03673044666647906,0.5234955906867982,0.40475386381149286,-0.011817685142159421,0.5246728301048279,0.34664306640625003,-0.01964272707700726,0.5242826700210571,0.30995864868164064,-0.026311305165290785,0.5231240510940551,0.27763733863830564,-0.031188183277845342,0.508494246006012,0.41796526312828064,-0.013578431122004919,0.5050695300102235,0.3667626976966858,-0.02159183025360102,0.5032364964485169,0.33303529024124146,-0.026496932655572843,0.5021241545677185,0.30243014097213744,-0.02980112023651596,0.4947033107280731,0.4430911362171173,-0.01681413613259788,0.4855196416378021,0.4082552433013916,-0.02419447861611838,0.48128246068954467,0.38434867858886723,-0.02660594619810576,0.47821748852729795,0.3616087198257446,-0.027877056226134258
0.5296334028244019,0.5492024540901185,2.3677418425904762e-07,0.5517155170440674,0.5171798229217529,-0.01434495244175192,0.563387417793274,0.4662300825119018,-0.020760006830096222,0.5714613914489747,0.4236363708972931,-0.02616026103496548,0.5849103927612305,0.39410253167152404,-0.03170541487634176,0.5401218056678772,0.40818181633949285,-0.012567416578531242,0.547085964679718,0.35400235652923584,-0.022972681745886764,0.5500283360481263,0.3196705341339111,-0.03169478885829442,0.5516975402832032,0.2889166951179505,-0.03790585845708842,0.5232467293739319,0.4078445792198181,-0.01246934849768872,0.524729585647583,0.3494096219539643,-0.02063500285148616,0.5245404601097107,0.3120681881904602,-0.027472239732742265,0.5236686110496521,0.2792477786540985,-0.03245858438313004,0.5083102703094482,0.42094902992248534,-0.014235398173332157,0.5051387906074524,0.3689595937728882,-0.02255098260939116,0.5035866975784302,0.3345863163471222,-0.027614135667681644,0.5027838826179505,0.30361334085464475,-0.031011332944035477,0.49458067417144774,0.4459748506546021,-0.017457971163094,0.4855637848377227,0.41098888516426085,-0.02514781989157194,0.481426066160202,0.3864352345466614,-0.02777842134237284,0.4785242795944214,0.3631362795829773,-0.02919986471533772
0.5294175624847413,0.5518702983856201,2.446072272732636e-07,0.5516692876815796,0.519933831691742,-0.01460637710988518,0.5633145451545716,0.46919897794723514,-0.02121957540512082,0.5716174364089966,0.4265063524246216,-0.02676655836403366,0.5853934526443482,0.3970453083515167,-0.032476504892110784,0.539759612083435,0.41159337759017944,-0.01296022087335584,0.5469214916229248,0.3571622371673584,-0.02354384809732432,0.5499440789222718,0.3225207388401031,-0.032399638742208414,0.5517459392547608,0.29155818223953245,-0.03869481235742564,0.5228874206542969,0.41122149825096127,-0.012733027897775119,0.5246674180030823,0.3524239957332611,-0.021142619848251283,0.5246888995170593,0.3145010948181152,-0.028130600228905643,0.5241806507110597,0.28126606345176697,-0.03320474773645398,0.507915198802948,0.42428481578826904,-0.014381747879087881,0.5050242662429809,0.37139594554901123,-0.022888858988881062,0.5038352847099304,0.33646121025085446,-0.028091882914304683,0.5035025835037231,0.3051831007003784,-0.031570732593536315,0.49414244294166565,0.44918331503868103,-0.017489941418170882,0.4853865325450897,0.41391081809997554,-0.02538066133856768,0.481441855430603,0.38871924877166747,-0.028219582140445662,0.47881948947906494,0.3647071957588196,-0.02978849373757836
0.5290711522102356,0.5547639727592468,2.494931663932221e-07,0.5513490796089172,0.5230080723762512,-0.01480560768395658,0.5629437804222107,0.47229260206222534,-0.02155443429946896,0.5714815497398377,0.42948105931282043,-0.02718121558427806,0.585605525970459,0.3999897837638855,-0.03295811265707012,0.539193618297577,0.4147505521774292,-0.013127072341740102,0.546483826637268,0.36041325330734253,-0.023827975988388,0.5496291518211365,0.3257516324520111,-0.03279336541891092,0.5515636324882508,0.2946898818016052,-0.0391452275216579,0.5223932385444642,0.41425261497497556,-0.01279263794422144,0.5245276927947998,0.35519525408744806,-0.02126803882420056,0.5248437285423279,0.3170119166374207,-0.028254727274179423,0.5246513724327088,0.283577960729599,-0.033305775374174076,0.5074288487434387,0.4272755801677704,-0.014361511915922122,0.5048150420188904,0.37378183007240295,-0.02290830984711642,0.5039274334907532,0.338612163066864,-0.028079101070761642,0.5038950920104981,0.3073146343231201,-0.031506073474883975,0.4936278283596039,0.452142608165741,-0.017409631609916643,0.4851221084594727,0.41646912097930905,-0.02531446740031236,0.48130435943603517,0.3908651053905487,-0.028157479315996124,0.4787720203399658,0.36655785441398614,-0.029715406522154757
0.5286181092262269,0.5578802347183227,2.534309828661208e-07,0.5507717370986939,0.5264824748039246,-0.015106736496090841,0.5623202681541444,0.4761257350444794,-0.022000207006931262,0.5711412191390992,0.43294839859008794,-0.0276947986334562,0.5854604005813598,0.40301206111907956,-0.03350540399551388,0.5384446501731872,0.4182929754257202,-0.013292373158037623,0.5458642482757569,0.3638804197311401,-0.024062304571270902,0.5490973591804504,0.3291358947753906,-0.03307049572467798,0.5511125564575196,0.297999495267868,-0.0394149802625179,0.5217292666435243,0.4174781501293182,-0.01275833249092096,0.524111008644104,0.3580983817577362,-0.02123694978654378,0.524539864063263,0.3196045756340027,-0.028146531432867005,0.5244987130165101,0.28600954413414004,-0.033117846399545625,0.5067689895629883,0.43029016852378843,-0.014170684851705981,0.5043817162513733,0.37624062299728395,-0.022714327648282,0.5037055492401123,0.3409054100513458,-0.027780464664101563,0.5039169430732727,0.3096248686313629,-0.031100991368293723,0.49291624426841735,0.4549011826515198,-0.01709264814853664,0.48459364175796515,0.4188977420330048,-0.02497193813323968,0.4809299886226654,0.39312083721160884,-0.027755868062376923,0.47855111956596375,0.3687619626522064,-0.02924724221229548
0.5280781388282776,0.5599413394927979,2.5613041998440167e-07,0.5502712488174438,0.5288491129875184,-0.01530081946402782,0.5619373798370362,0.47878838181495664,-0.02224841155111784,0.5708887696266174,0.4352989971637726,-0.027953852340579,0.585395097732544,0.4052362620830536,-0.033748108148574804,0.5379724144935608,0.42044660449028015,-0.013174972869455763,0.5454013586044312,0.36614705324172975,-0.02388209998607632,0.5486566066741944,0.33156456351280217,-0.03287290409207338,0.5506987690925598,0.30054967403411864,-0.03918718472123144,0.521213173866272,0.41947548389434813,-0.01246723607182498,0.5237138390541077,0.35993137955665583,-0.02082707434892648,0.5241965293884278,0.32139970064163204,-0.027650792896747545,0.5242378950119019,0.28778631091117857,-0.03255848065018648,0.5061664819717407,0.43213539719581606,-0.013744806870818083,0.5039543867111207,0.3777859330177307,-0.02218109816312784,0.503434705734253,0.3425046503543854,-0.0271581087261438,0.5038195729255677,0.3113416790962219,-0.0304114572703838,0.4921529471874237,0.45650585889816286,-0.01655673496425148,0.48402715921401973,0.4202408909797668,-0.02430960088968272,0.48054303526878356,0.39446751475334174,-0.027018656209111164,0.4783267080783844,0.37011708617210387,-0.02845893613994116
0.5278506398200988,0.5636669754981996,2.5798290721468224e-07,0.5498226642608643,0.532034957408905,-0.015158875845372621,0.5613613724708557,0.4819713652133942,-0.0221750739961862,0.570424497127533,0.43843991160392765,-0.02796880453824992,0.5850890159606934,0.40824918746948247,-0.03387795910239216,0.5372109055519104,0.42457073330879214,-0.013401872664689961,0.5446474909782411,0.3701580822467804,-0.024320640787482223,0.5480235934257507,0.33538421988487244,-0.03344467654824252,0.5502251982688904,0.3041173934936523,-0.03982348665595052,0.5204431891441346,0.423538076877594,-0.0127865387126803,0.5230786561965943,0.363686192035675,-0.021385116875171604,0.5236519694328309,0.32464170455932617,-0.028335557505488364,0.5238249659538269,0.2904844343662262,-0.03333549201488488,0.5053909420967102,0.43605254292488094,-0.014129184745252063,0.5033156156539917,0.38114404678344727,-0.02269860617816442,0.5030139803886413,0.34535008668899536,-0.0276989888399839,0.5036819815635681,0.31387985348701475,-0.03096702396869656,0.4913241147994995,0.4601621985435486,-0.01698602177202698,0.4832840025424957,0.42317412495613094,-0.024792578443884803,0.48000638484954833,0.396941602230072,-0.027521983906626662,0.47802512645721434,0.37227030396461486,-0.02898898310959334
0.5273567199707031,0.5671836137771608,2.626228194912983e-07,0.5490604400634765,0.535587763786316,-0.01525284294039006,0.5606199145317078,0.48570275902748106,-0.02244449071586126,0.5697771072387695,0.44205650091171267,-0.0283987000584602,0.5844618916511536,0.41153009533882146,-0.03449422791600224,0.5361236333847046,0.4287394464015961,-0.013824894092976981,0.5437420725822448,0.3742342710494996,-0.025023731589317283,0.547263216972351,0.33923026323318484,-0.034313084185123396,0.5496062517166138,0.30780066251754756,-0.0407679997384548,0.5194822549819946,0.4275516927242279,-0.01326580774039026,0.5222784399986268,0.3672293484210968,-0.022146020457148502,0.5228965401649475,0.32769273519515985,-0.029276024922728502,0.5230795383453369,0.29305729269981384,-0.034376324713230065,0.5045259714126586,0.4399326086044312,-0.014654889330267842,0.5026189208030701,0.38452370166778566,-0.02346153818070882,0.502427339553833,0.3483558177947998,-0.02858109436929222,0.5032003164291382,0.31658295989036556,-0.03190134055912492,0.49052608013153076,0.46389836072921753,-0.017550036311149562,0.4826466619968415,0.42653322219848633,-0.025507902726530984,0.4795049130916595,0.4000552773475647,-0.028285242244601206,0.47765915393829345,0.3752688884735107,-0.02977490387856956
0.5268240809440614,0.5704082965850831,2.6722264010459187e-07,0.5483253002166748,0.5388172030448913,-0.01527580879628654,0.5599336504936219,0.489375913143158,-0.02257477715611452,0.5691672921180725,0.445677787065506,-0.0286263324320316,0.5837893128395081,0.41490228176116944,-0.034818451106548284,0.5349947690963746,0.43215143084526064,-0.013919899798929622,0.5427530407905579,0.37729054093360903,-0.025171196833252862,0.5463219642639161,0.3420436441898346,-0.034489312767982436,0.5486808776855469,0.3106126189231872,-0.040936691313981984,0.5183864712715149,0.4309716463088989,-0.013346325792372181,0.5212592482566833,0.37023369073867796,-0.022314439713954883,0.5218325376510621,0.330415540933609,-0.029524756222963286,0.5219493508338928,0.2956966459751129,-0.034652215242385806,0.5034960985183716,0.4432765364646912,-0.014702779240906181,0.5017475724220276,0.3874284505844116,-0.02354847267270082,0.5016932606697083,0.3511113107204437,-0.02869913950562472,0.5025832533836365,0.319287759065628,-0.0320317558944225,0.4895573854446411,0.4671026408672333,-0.017553040757775282,0.48189259171485904,0.42966035008430487,-0.02553000077605244,0.47897160053253174,0.40317808389663695,-0.028300072252750344,0.4773499667644501,0.3784339249134063,-0.02976495735347268
0.5265533208847046,0.5729998469352723,2.708296221953788e-07,0.5478775501251221,0.5409976601600648,-0.01514641139656302,0.5595022439956665,0.49162675142288215,-0.022480741888284642,0.5688080430030823,0.44809774756431575,-0.028589488193392718,0.583405339717865,0.4173645615577698,-0.03484117612242696,0.5340879797935486,0.4346971809864045,-0.0139036634936928,0.5419472098350525,0.3795288980007172,-0.025192785263061464,0.5455486297607423,0.3440597653388977,-0.03453717008233066,0.547922146320343,0.31261317133903505,-0.040982437133789025,0.5175034046173096,0.4336474955081939,-0.013411891087889621,0.5204419136047364,0.3725241184234619,-0.022467408701777422,0.5209818363189698,0.3324506521224975,-0.029772104695439283,0.5210413932800293,0.29763635993003845,-0.0349355019629001,0.5026963710784913,0.44595426917076114,-0.01481820605695242,0.5010535597801208,0.38971836566925044,-0.02369420267641538,0.5010915994644165,0.35322560667991637,-0.028893233090639063,0.5020671129226685,0.3213629722595215,-0.03224750235676763,0.48886913657188413,0.46976708173751835,-0.017697118967771503,0.48132815957069397,0.43223463296890263,-0.025666623190045326,0.4785305678844452,0.40565724372863765,-0.028428078070282883,0.4770541787147522,0.3808942139148712,-0.02987323738634584
0.5262431740760803,0.5766083002090454,2.7296632651996335e-07,0.5473405718803406,0.5440240979194642,-0.015149738080799563,0.5588622689247131,0.49494108557701116,-0.0225990284234285,0.5681533098220826,0.45150872468948355,-0.028823281824588737,0.582862150669098,0.42073696851730347,-0.0351856097579002,0.5330708384513856,0.43803208470344546,-0.013879191689193179,0.5409771561622619,0.382680755853653,-0.025203111022710722,0.5445695757865907,0.34709048271179205,-0.03462851718068118,0.5469339728355407,0.3155484676361084,-0.04113202169537541,0.5165529251098633,0.4370385348796844,-0.01340285111218686,0.5195189476013183,0.3756593525409698,-0.022531580924987762,0.520025372505188,0.335353010892868,-0.029998862370848606,0.5200388073921204,0.3002555906772613,-0.03527701869606966,0.5018812894821167,0.4493223190307617,-0.01481002736836666,0.5003254354000091,0.3928897678852081,-0.0237032070755958,0.5004691004753112,0.35618998408317565,-0.029007592052221243,0.5015797257423401,0.324177885055542,-0.032437260821461644,0.4882218420505524,0.4731333136558533,-0.01768649071454998,0.480750983953476,0.43547826409339907,-0.02561889402568336,0.4779881298542023,0.4087441325187683,-0.028401492536067902,0.4765512943267822,0.3838674783706665,-0.029872000589966762
0.5257988929748536,0.579591715335846,2.753398121058126e-07,0.546861445903778,0.5469724535942078,-0.015359860099852062,0.558475387096405,0.4983603119850159,-0.02299351245164868,0.5677411675453186,0.4551272630691528,-0.029389838129281958,0.5824480891227724,0.42430316209793095,-0.03592044860124586,0.532385277748108,0.44063578844070433,-0.01394941937178366,0.5402371168136597,0.38526978492736813,-0.025353781133890085,0.5437826752662659,0.34973775744438174,-0.03486528545618052,0.5461342453956605,0.31829947233200073,-0.04141731932759283,0.5159441947937012,0.43977342247962947,-0.0134358206763863,0.5187612652778626,0.3780363380908966,-0.022601442039012883,0.5191828370094299,0.3377404034137726,-0.03014853782951826,0.5191268563270569,0.30269970297813414,-0.03546312376856798,0.5013610363006592,0.45216197371482847,-0.014830683730542618,0.49981482028961177,0.39546128511428835,-0.023786229640245383,0.5000420987606049,0.3588828146457672,-0.02917886376380916,0.5012053608894348,0.3269240021705628,-0.032647779211401905,0.48781920671463014,0.4760278463363648,-0.01771218031644816,0.48054918050765993,0.43844560980796815,-0.025677490606904,0.47781879305839536,0.41177904605865473,-0.028495619446039143,0.4763411462306977,0.38693569898605346,-0.029981206730008102
0.525915026664734,0.5832551836967468,2.726926425111742e-07,0.5467421054840088,0.5500565648078919,-0.015224451757967442,0.5582215070724488,0.5013202786445617,-0.02291987873613832,0.5674517869949341,0.458422863483429,-0.029416466131806342,0.5820247888565064,0.4275854885578156,-0.03609212264418601,0.5320649266242982,0.4440968811511994,-0.01424599122256034,0.5397225856781006,0.38855733871459963,-0.025861587002873363,0.5431794404983521,0.35275135040283206,-0.0355051934719085,0.5454991936683655,0.3210860013961792,-0.042142935097217525,0.5156893730163574,0.4434075713157654,-0.01389461942017074,0.5183553457260133,0.38139995336532595,-0.023257063329219785,0.5187354803085328,0.3409596085548401,-0.0309145245701074,0.5186729907989502,0.30575917363166805,-0.03631853163242334,0.5011812090873718,0.45582010149955743,-0.01542302016168828,0.4996224164962768,0.3987334311008453,-0.024520689621567664,0.49994739890098566,0.3618712961673736,-0.029971037805080362,0.5012017250061036,0.3297194600105286,-0.033486812189221345,0.4877243936061859,0.4796006441116334,-0.01842190921306606,0.4804784655570984,0.4416343569755555,-0.02645764425396916,0.47780815958976747,0.41470299363136287,-0.02930829115211958,0.4763764500617981,0.3897220611572266,-0.030835990235209443
0.5262701869010926,0.5861957669258118,2.7135652089782527e-07,0.5467756628990174,0.552526307106018,-0.015290078148245782,0.5580557465553284,0.5037557542324067,-0.02320446781814096,0.5671961903572083,0.4610513865947724,-0.029938446730375264,0.5817412614822388,0.4300251364707947,-0.036909949034452424,0.5320481300354004,0.4471848011016846,-0.01486987117677922,0.5394955277442932,0.3915556311607361,-0.026894034072756725,0.5429154753684998,0.35554410219192506,-0.036801067739725045,0.5452846169471741,0.32360899448394775,-0.043608655780553784,0.5157623291015625,0.4466683566570282,-0.01467023435980078,0.5182447910308838,0.384431117773056,-0.024445835873484565,0.5186173796653748,0.3437229752540588,-0.03236679472029204,0.5186099529266357,0.30808286666870116,-0.03796661347150796,0.5013275504112243,0.459187352657318,-0.01634089499711986,0.4996708750724792,0.4017894625663757,-0.025784305110573703,0.5000369489192963,0.36447584033012387,-0.031434123963117545,0.5013889074325562,0.3318125605583191,-0.035083136335015266,0.4879674971103668,0.482965236902237,-0.01947562284767624,0.4806799292564392,0.4444530606269837,-0.027758337184786763,0.4779962241649628,0.4171122372150421,-0.03076211288571352,0.476554399728775,0.39173495173454287,-0.03242254108190534
0.526518201828003,0.5895968556404114,2.7253147436567817e-07,0.5468124866485596,0.5560768604278564,-0.015661978907883144,0.5578787684440614,0.5072533607482911,-0.02379616387188432,0.5668456196784974,0.46458953619003296,-0.030715589225292182,0.581426477432251,0.4331941545009613,-0.03787723928689954,0.5317842602729798,0.4507366955280304,-0.01522844880819316,0.5391369462013245,0.39527723789215086,-0.027602770924568143,0.5426895260810852,0.3592810153961181,-0.037787474691867766,0.5452589035034179,0.327210259437561,-0.04477460831403728,0.5156091094017029,0.45016526579856875,-0.01500597223639484,0.5180590748786926,0.3878898501396179,-0.025095919892191825,0.5186038494110108,0.34694836139678953,-0.033244460448622656,0.5188113689422608,0.31081715822219846,-0.03900311961770052,0.5012786507606506,0.4627086579799652,-0.016722523607313602,0.49967800974845883,0.4051205337047577,-0.02650721818208688,0.5002085745334625,0.3674276411533356,-0.032377143204212144,0.5017534375190735,0.3341914176940918,-0.036149304732680285,0.4880301296710968,0.4865392148494721,-0.019935427606105758,0.48084648251533507,0.4476990699768067,-0.02849183753132816,0.4781385660171509,0.42014137506484983,-0.031667310371994925,0.47662613987922664,0.3944869101047516,-0.03345735780894754
0.5266416072845459,0.5922183990478516,2.7406418325881535e-07,0.5468319416046142,0.5589959859848023,-0.0157049538567662,0.5579190135002137,0.5100269794464112,-0.02385998629033564,0.5668947577476502,0.4674912095069885,-0.03080691210925576,0.5813565611839294,0.4360863327980042,-0.03799877688288686,0.5316725492477417,0.4534907042980194,-0.015286730788648081,0.5390246987342835,0.39805353879928584,-0.027781788259744623,0.5426840901374818,0.3620803654193878,-0.03801994845271105,0.5453924655914306,0.3301384150981903,-0.0450140848755836,0.5155755519866945,0.45284900069236755,-0.01509970668703312,0.5181100487709046,0.390522825717926,-0.025293164700269623,0.5188010215759278,0.3495035171508789,-0.03344552554190154,0.5191810846328735,0.31332083940505984,-0.0391761146485805,0.5013202548027039,0.46530123353004454,-0.016881763562560062,0.4998666405677796,0.4074774026870728,-0.026789730042219097,0.5005440413951874,0.3696472227573395,-0.032682460546493486,0.5022508621215821,0.3362302243709564,-0.03644819110631938,0.48814658522605897,0.4890835225582123,-0.0201631940901279,0.4810632348060608,0.4502285361289978,-0.028801140189170803,0.478453141450882,0.4225815176963806,-0.031991394236683804,0.4770713865756988,0.3967817902565003,-0.03378819487988946
0.5267455577850342,0.5943817973136902,2.7622459128906487e-07,0.546841835975647,0.5614027738571168,-0.01589769534766672,0.5578877806663514,0.5125813722610474,-0.024120429158210742,0.5669370770454407,0.46992954611778265,-0.03108797930181024,0.5814448833465576,0.43847795724868777,-0.0382779277861118,0.531522786617279,0.4560102462768555,-0.01540852002799506,0.5389507174491883,0.4003856539726257,-0.027894590049982043,0.5426769852638245,0.36439772248268126,-0.038123422116041125,0.5454442739486695,0.33251728415489196,-0.04509670063853258,0.5154398202896118,0.4552879214286804,-0.0150747081264853,0.5181099057197571,0.3928923368453979,-0.025280775129795003,0.5189158082008363,0.3518577814102173,-0.03346609957516188,0.5194286584854126,0.3156293869018554,-0.03922154083847996,0.5012553811073304,0.46760777831077577,-0.01672075688838956,0.49991130232810976,0.4098329246044159,-0.02660113126039498,0.5006200194358826,0.37184447050094604,-0.032545834779739324,0.5023876428604126,0.3382908284664154,-0.03635874688625332,0.4881886184215546,0.49122456908226014,-0.01987909786403176,0.4811964869499207,0.4522680461406708,-0.028463368117809265,0.47862263917922976,0.42456967830657955,-0.03167255520820612,0.4772619307041168,0.3986626744270325,-0.03350252546370028
0.5265048742294312,0.5960479259490967,2.7929314114771844e-07,0.5467368841171265,0.5637111663818359,-0.01609244495630262,0.5579101324081421,0.5149094820022583,-0.02422659695148466,0.5670857191085816,0.47212096452713015,-0.03105942755937572,0.5816541314125061,0.44081319570541383,-0.038056489080190624,0.5312685132026673,0.4578401446342468,-0.01501104105263942,0.5388882994651795,0.40223348736763004,-0.027276926487684223,0.5427642822265625,0.36643066406249997,-0.0373901985585689,0.5456467032432557,0.3347984254360199,-0.044262007623910846,0.515237820148468,0.45678853392601015,-0.01443581786006684,0.5181493878364563,0.39445664286613463,-0.024353923648595743,0.5190482497215272,0.35347935557365423,-0.03237371705472464,0.5196238040924073,0.3174527585506439,-0.03798745870590208,0.5011146306991577,0.46882966756820676,-0.015890753269195524,0.4999109506607056,0.41124168634414676,-0.02550800591707224,0.5006300806999207,0.37339780330657957,-0.031345117837190586,0.5023763060569764,0.3400353968143463,-0.03507989570498462,0.4880905866622925,0.49228168725967414,-0.0188947074115276,0.4812851130962372,0.45374255180358886,-0.02724159173667428,0.4786598026752472,0.4263466656208038,-0.030326568335294662,0.47718278765678407,0.4007220327854157,-0.03206201083958146
0.5249222993850708,0.6015257835388184,2.004514897180343e-07,0.536527317762375,0.5671379208564759,-0.0136233144905418,0.5434702277183533,0.5185135245323181,-0.020796111971139883,0.5491612732410431,0.4762395083904266,-0.02699647117406124,0.5579036116600037,0.44736706018447875,-0.03307100087404246,0.5285314083099365,0.46488799452781676,-0.01174702305104341,0.5366852521896363,0.41636011004447937,-0.021922996733337603,0.5392521262168884,0.3912016153335571,-0.03034817567095156,0.5406782388687134,0.36948601603507997,-0.03608090700581664,0.5192519068717957,0.4660722374916077,-0.011439065565355061,0.5231637120246887,0.41247089505195617,-0.019617435755208083,0.5229460597038269,0.38302614688873293,-0.026406017597764682,0.5227234482765198,0.35759061574935913,-0.0313001375645399,0.5109519958496094,0.4788982689380646,-0.012875228840857702,0.5119743585586547,0.4279319643974304,-0.02110310876742,0.5115835785865783,0.40027740001678463,-0.025728041026741217,0.51204354763031,0.3768196523189545,-0.0287153340876102,0.5028041899204254,0.5016083240509034,-0.01557793086394664,0.500678414106369,0.4650666415691376,-0.022711464576423143,0.5008214890956879,0.4399876236915588,-0.025177204050123643,0.5015903890132904,0.4165525734424591,-0.026549129188060724
0.5234468698501586,0.6065431356430054,1.1909876320714831e-07,0.5263144850730896,0.5694838643074036,-0.01084790965542196,0.5290415406227112,0.5210554361343385,-0.017058520019054377,0.5313318014144898,0.47944842576980595,-0.022678352892398758,0.5341843485832215,0.4531915545463562,-0.027936048805713598,0.5260413765907288,0.47147186994552615,-0.008748307372252339,0.5346137285232544,0.4297634184360504,-0.016892777197062923,0.5357019543647766,0.4150284051895141,-0.02361562009900804,0.5355209112167358,0.40309533476829534,-0.028199574537575205,0.523492169380188,0.47511981725692753,-0.008882190333679261,0.5282531976699829,0.4300575792789459,-0.01541963638737794,0.5267392992973328,0.41211091876029965,-0.021012922562658742,0.5255586385726929,0.39731787443161015,-0.02522439211606978,0.5209846019744874,0.4888128161430359,-0.010395950637757721,0.5240790903568268,0.4443472027778626,-0.017238914035260622,0.5224550008773804,0.42680974006652833,-0.02063103113323444,0.5215334415435792,0.41331815123558047,-0.022880928218364682,0.5176982641220093,0.5107255756855011,-0.01285506319254634,0.5201066255569458,0.4759634256362915,-0.0187485300004482,0.5230288982391358,0.4530086874961853,-0.020576464012265164,0.526104199886322,0.43164404630661013,-0.021587981656193682
0.5222127795219422,0.6124815940856934,3.827330203876045e-08,0.51632040143013,0.572686779499054,-0.00847571473568676,0.5146752417087554,0.5241602182388306,-0.0139065900817513,0.5134751498699188,0.4829802334308624,-0.01909007970243684,0.5103698134422303,0.4591116666793823,-0.023657279275357677,0.5234040260314942,0.47884550094604494,-0.00614240187201172,0.5323698401451111,0.44391961097717286,-0.012662919564172582,0.5320718884468079,0.4397278845310211,-0.0179367794655263,0.5303783416748047,0.43755596876144415,-0.021498074196279002,0.5275914669036865,0.48497284054756173,-0.00667084979359056,0.5331246972084046,0.4483064591884613,-0.012025698181241721,0.5303774476051331,0.4419255495071411,-0.016669853683561043,0.5282382726669312,0.43760281801223755,-0.02029097676277158,0.5309391736984254,0.4996256470680237,-0.00827933205291622,0.5359511196613311,0.4614057540893555,-0.014240506291389402,0.5332147955894471,0.45387471914291383,-0.01666415911167854,0.530976152420044,0.45010170340538025,-0.0182352656498551,0.5325818300247193,0.5208356320858002,-0.01053377818316218,0.5395535290241241,0.4873938143253327,-0.015574668347835502,0.5452644467353821,0.46646934747695923,-0.016991371661424604,0.5506123185157776,0.44715447425842286,-0.01774229984730476
0.5207545280456543,0.6174129486083986,-4.131519233396831e-08,0.5061399519443512,0.5756957650184632,-0.006090848241001341,0.5001948177814484,0.527117943763733,-0.01062407046556468,0.4954624652862549,0.48642337918281553,-0.01526928022503844,0.48643687963485716,0.46508656144142146,-0.01903443727642294,0.5208675146102906,0.48547548055648804,-0.0030299219673451806,0.5302686333656311,0.4575773894786835,-0.007652262086048681,0.528498113155365,0.4640928268432617,-0.011357647273689462,0.5252394676208496,0.4719024062156678,-0.013842221908271262,0.5317764163017273,0.49391809701919565,-0.0039298532530665006,0.5382232666015625,0.46609405279159544,-0.0077429516240954,0.5342540383338928,0.47126636505126956,-0.01126839946955438,0.5312087297439576,0.4775573372840881,-0.0142046673223376,0.5408803701400757,0.5094580054283142,-0.00564920981414608,0.5479947626590729,0.4779660880565644,-0.010513574723154262,0.5441661477088928,0.4806175827980042,-0.01186398416757578,0.5406857252120972,0.486648976802826,-0.012705743871629201,0.5473361849784851,0.5300843417644501,-0.0077307945117354,0.5588356435298919,0.49850176572799687,-0.01172667182981964,0.5673466503620148,0.4798865735530853,-0.01257575806230304,0.575097405910492,0.46286102533340456,-0.012964770384132802
0.5195098757743836,0.6231122374534607,-1.2575260655012244e-07,0.4960435569286346,0.5785914421081544,-0.00314975890796628,0.4856419503688812,0.5299538254737854,-0.006577479001134581,0.4773364186286927,0.48983792662620546,-0.010504265222698381,0.4624466121196747,0.4712686061859131,-0.013332393765449483,0.5180803298950195,0.4924481213092804,-6.908507416482015e-05,0.5278542041778564,0.47167311906814574,-0.0025906400987878,0.5248125076293946,0.488567590713501,-0.004482968756929001,0.5199972867965699,0.5062636852264405,-0.00575029044412072,0.5358025193214417,0.5032203674316407,-0.0015074544120579603,0.5430222630500794,0.4841695964336395,-0.00354727120138702,0.5380656599998475,0.5006862163543702,-0.00581344226375218,0.5342113971710205,0.5174638032913208,-0.0080875351093709,0.5508296847343446,0.5197073459625244,-0.0033816982060670205,0.5598553061485291,0.4946812748908997,-0.00693881651386614,0.5551411867141725,0.507371735572815,-0.007204563636332681,0.5505627393722534,0.5231801867485046,-0.00741661647334692,0.5623070597648621,0.5396872758865356,-0.005259861331433021,0.578363561630249,0.5094830989837646,-0.00818822272121902,0.589736294746399,0.49298924803733823,-0.00854308689013122,0.5998482346534729,0.47805118560791016,-0.00867234785109754
0.5196071147918702,0.6249997973442079,-1.2827981947793888e-07,0.49605177640914916,0.5803687572479248,-0.0028725496493279402,0.48555133938789363,0.531513774394989,-0.006067540310323181,0.47728345990180965,0.4913253486156464,-0.00977365486323828,0.4624161124229431,0.47323202490806576,-0.012394399754703002,0.5177759766578675,0.49420281052589415,2.5212792775169935e-05,0.5275804042816162,0.47349005937576294,-0.00226528430357572,0.5247263550758362,0.49030434489250185,-0.0039170895703136595,0.5199259996414184,0.508218514919281,-0.00500476658344264,0.5356125354766845,0.5047395467758179,-0.0014429175993427403,0.5428464174270631,0.4857951939105987,-0.00316122719086704,0.5381119132041932,0.5021808505058288,-0.0052338019944727,0.5343095660209656,0.5190557837486267,-0.0074236419051885005,0.550800883769989,0.521109974384308,-0.0032997074071317405,0.5596520900726318,0.49611494541168216,-0.00667583011090752,0.5551727890968323,0.5087996244430543,-0.0069615029729902,0.5507611751556396,0.5246717095375061,-0.0072131995111703595,0.5624662995338441,0.5410206913948059,-0.00512131424620744,0.5785868048667908,0.5106148481369019,-0.00795812439173456,0.5900014162063598,0.4942279517650604,-0.00831379313021896,0.6001123189926147,0.4794701635837555,-0.0084522923454642
0.5196962833404541,0.6269005894660951,-1.3202913748955327e-07,0.4960865378379822,0.5823419213294984,-0.0026520236395298803,0.4855181336402893,0.5336730718612671,-0.005702861025929401,0.47730102539062497,0.49357179403305057,-0.009275116212665978,0.46253401041030884,0.4754546880722046,-0.01177043858915564,0.5177168130874634,0.49614370465278623,0.00012666651746258005,0.5276031494140625,0.4756041646003723,-0.0019154540961607998,0.5247183203697205,0.4924923181533814,-0.0033445775741710996,0.5199133038520812,0.5105687499046325,-0.00427604587748642,0.5355346202850342,0.5065295338630676,-0.0013680575881153203,0.5428710341453552,0.4879670023918152,-0.0027661721454933,0.5381660461425781,0.5043659806251526,-0.00467869490385052,0.5343743681907654,0.5212728023529053,-0.00680789817124598,0.5507963299751282,0.5228976130485535,-0.00320626571774478,0.5596329927444458,0.4983742415904999,-0.00644105756655332,0.5552628517150879,0.5110961318016053,-0.0067650758661329,0.5509707808494568,0.5268386244773865,-0.0070642351172864,0.5626257181167603,0.5428147435188294,-0.004968599230051,0.5787144303321838,0.5122027516365051,-0.00773797901347276,0.5901449799537659,0.4959004819393158,-0.008068233542144261,0.600311815738678,0.48124006390571594,-0.008180567063391181
0.5199058532714844,0.6285492062568665,-1.3144199328962713e-07,0.49615955352783203,0.5842655897140503,-0.0027294695377349204,0.48553794026374814,0.5356185555458068,-0.005793504416942541,0.4773738205432892,0.49565973877906805,-0.00946133676916356,0.4627311646938324,0.4775221288204193,-0.01209096051752564,0.5178793787956237,0.4981334865093231,0.0005327065126038801,0.5276314496994019,0.4774084746837616,-0.0019080162746831397,0.5247253775596619,0.4941927611827851,-0.00373253405559806,0.519981324672699,0.5122990012168884,-0.0048384203575551005,0.5356383562088013,0.5085430979728699,-0.0010488259787962205,0.5430123448371887,0.48973388671874996,-0.0029591192724183002,0.5383344411849975,0.5061643958091736,-0.00525253126397726,0.5345883488655091,0.5232806444168091,-0.007465988397598201,0.5508651971817017,0.5247668504714966,-0.0030614319723099004,0.5597765684127808,0.5004093587398529,-0.006681187544018,0.5554486274719239,0.5131093382835388,-0.007272040937095801,0.5512636065483093,0.5287968158721924,-0.0075983949936926,0.5627193450927734,0.5445381879806519,-0.0050156136974692,0.5786663293838501,0.5139892816543579,-0.007864811550825801,0.5900263309478759,0.49757745265960696,-0.00826757960021492,0.6002278923988342,0.4828475415706634,-0.00838855654001234
0.5201276898384094,0.63090740442276,-1.3294359746396367e-07,0.4963393807411194,0.5863980770111085,-0.0024736352730541805,0.48565314412117,0.5375669956207276,-0.005378196388482981,0.477484804391861,0.49768680334091187,-0.00893878936767574,0.46295905113220215,0.479382872581482,-0.01147707942873236,0.5180289030075074,0.499804937839508,0.00102908370317886,0.5277524471282959,0.47908071279525755,-0.00138007606146854,0.5248754739761352,0.4957941234111787,-0.00328599645290522,0.5201681137084961,0.5139635562896729,-0.0044187661260366,0.5357406973838806,0.510215699672699,-0.0006247541292396003,0.5431843757629395,0.49147871136665344,-0.0024653631262481,0.5385456204414368,0.5079621911048889,-0.00482652261853214,0.5348425269126892,0.5251027107238769,-0.007048824895173241,0.5509598255157471,0.5264577984809876,-0.0027062331791966802,0.5600411772727967,0.5020831108093262,-0.0062187072820961,0.5557295918464661,0.5147356748580934,-0.0068646864034234605,0.5515490651130677,0.5303421378135681,-0.0072096602991223,0.5628312110900879,0.546182119846344,-0.00470717698335644,0.5787184596061707,0.5155460357666015,-0.007456679549068181,0.5900327205657959,0.49901030063629154,-0.007826353982090901,0.6002286314964295,0.48417389392852783,-0.0078958077356219
0.5202643513679505,0.6321107506752013,-1.3124874840286793e-07,0.4965369701385498,0.5878596305847168,-0.0027098821708932005,0.48580437302589413,0.5391168117523194,-0.005763623397797281,0.4775937080383301,0.4993497550487518,-0.009507394861429881,0.4631360054016113,0.4805458426475525,-0.01222442369908092,0.5184823632240296,0.5007639050483703,0.0013509515731129202,0.5281769752502442,0.4798960566520691,-0.0013489457080140402,0.5251011371612548,0.4967994689941406,-0.0036341031780466196,0.5204213857650757,0.514955997467041,-0.00499042845331128,0.5360156416893006,0.5113331079483032,-0.00029816467504136017,0.5435485482215882,0.49271799921989434,-0.00249504030216482,0.5387291550636292,0.5094494342803956,-0.00519753349944944,0.5350238561630248,0.5265600681304932,-0.007533106114715281,0.5510823130607605,0.5276830077171326,-0.00245503126643594,0.5604573965072632,0.503587144613266,-0.00623299479484552,0.5559880137443542,0.5162148237228393,-0.0070579966530203,0.5517295718193054,0.5316187262535096,-0.007413486763834921,0.5628435969352723,0.5474729180335999,-0.00456008175387974,0.5785539031028748,0.5169588565826416,-0.007389600481837961,0.5897979378700257,0.5002427935600281,-0.007782172691076939,0.6000638365745545,0.48523129820823674,-0.007805525511503179
0.5206026196479798,0.6337953209877014,-1.2838406178161675e-07,0.4966816544532776,0.589659893512726,-0.0030368405394255605,0.4859482765197754,0.541085684299469,-0.006304764654487321,0.4777430653572083,0.5012392759323121,-0.010271384567022262,0.4632380485534668,0.4819762110710144,-0.013202453963458522,0.5188151955604554,0.5023027062416077,0.0015165915479883002,0.5284975171089173,0.48115986585617065,-0.0014412118354811803,0.5252632260322572,0.4982997834682465,-0.00403529361356046,0.5205655574798584,0.5164663195610046,-0.0055796819739043204,0.5362999320030213,0.5129411935806274,-8.750518391026019e-05,0.5438281655311584,0.4941467404365539,-0.00266956498380746,0.5387924551963806,0.5111390233039856,-0.0057189635932445,0.5350255727767945,0.5283195018768311,-0.00818452406674618,0.5512817144393921,0.5292827606201173,-0.00227239225059742,0.560773742198944,0.5051208138465881,-0.0063153990544378,0.5561148881912231,0.5178507447242737,-0.007296239212155261,0.5517667770385742,0.5332122206687928,-0.007664542458951441,0.5629398226737976,0.5490922927856445,-0.0044424218125640805,0.5784351468086243,0.5185489892959595,-0.0073471576906740405,0.5896042585372925,0.5016223430633545,-0.00777897816151376,0.599918556213379,0.4863888800144196,-0.00779379252344364
0.5208431005477905,0.6348810076713562,-1.2531081949873624e-07,0.4968541324138641,0.5908758640289307,-0.0032065021805464805,0.48601835370063784,0.5422072529792786,-0.006601184234023041,0.47777293324470527,0.5023374080657959,-0.010675652883946842,0.46321367025375365,0.4833566904067993,-0.01371202562004326,0.5189383983612061,0.5033641576766967,0.0013703611475648,0.5287056565284729,0.48231760263442996,-0.0016531522618606202,0.5255543470382691,0.4995578765869141,-0.00434134192764754,0.5208559989929199,0.5177724957466125,-0.0059547397308051,0.536454725265503,0.513953959941864,-0.00018924267569674023,0.5440975069999695,0.495439076423645,-0.00276643298566336,0.5391410231590271,0.5124881744384766,-0.00585577120073134,0.5354188442230225,0.5295949578285217,-0.008362902980297762,0.551430356502533,0.5302725434303284,-0.0023433382622897,0.5610236644744873,0.5063187837600709,-0.00630735978484146,0.5564017772674561,0.5191189885139466,-0.00727720931172364,0.5520540595054626,0.5343978404998779,-0.0076695589348673605,0.563063657283783,0.5500991106033326,-0.0045065574347972395,0.5785134077072144,0.5196771144866944,-0.00730690481141206,0.589667797088623,0.5027476906776428,-0.0076754015870392,0.5999625444412232,0.4874325335025788,-0.00766818067058916
0.520887577533722,0.6350889444351198,-1.2473470576424008e-07,0.49705706238746644,0.5914742946624756,-0.00324449893087144,0.4861604988574982,0.5431087851524353,-0.00668414458632464,0.4778214871883393,0.5034575581550598,-0.010808974876999802,0.4632817327976227,0.4842717170715332,-0.01389900762587784,0.5189654588699342,0.5041895031929017,0.0013133874424965802,0.5287409067153931,0.4833933711051941,-0.0018266335828229202,0.5256938099861145,0.5003893136978149,-0.00461134295910592,0.5210717201232911,0.5186293721199036,-0.0062642869539558405,0.5364867210388184,0.5146784663200379,-0.00025999046629294,0.5441521406173706,0.49642678499221804,-0.0029604904353618,0.5393021583557129,0.5132880091667176,-0.0061544146854429806,0.5356356620788574,0.5304543972015381,-0.008705064933747021,0.5514991521835327,0.5309151887893677,-0.00243342528119678,0.5611541390419007,0.5071723937988282,-0.006518433429300701,0.5566264629364014,0.5198236107826233,-0.007572066411375941,0.5523590922355652,0.5350605249404907,-0.00798553600907324,0.563173258304596,0.5507386088371278,-0.0046177296899258605,0.5787164807319641,0.5205073475837707,-0.00750300055369732,0.5898755908012391,0.5036065220832824,-0.00791234327480194,0.6001737236976624,0.4883316814899445,-0.00791121209040278
0.5209850668907166,0.6350130558013916,-1.23324340961517e-07,0.49723935127258295,0.5918290495872498,-0.0036079121287911605,0.4863328754901886,0.543748414516449,-0.0072523701936006,0.4779639363288879,0.5041927099227905,-0.01160518564283842,0.46339087486267094,0.4848567008972168,-0.014929299801588039,0.518900465965271,0.5050719976425171,0.00116200896736698,0.5285634756088257,0.48436224460601807,-0.0026085429475642004,0.5256357192993164,0.5011288166046143,-0.00583034446462984,0.5211180686950684,0.5193821787834167,-0.007667265087366061,0.5364487767219543,0.5154874086380005,-0.00043155890889462,0.5440728306770325,0.4969977378845214,-0.00396608703304076,0.539351749420166,0.5138312578201294,-0.00758835864253336,0.5357050776481629,0.531278932094574,-0.01022197809070346,0.5515402436256409,0.5314591050148011,-0.0027285367250442,0.5611298680305481,0.507674014568329,-0.007506996113806881,0.5567782759666443,0.520284903049469,-0.00883634034544224,0.5526924729347229,0.5355979919433594,-0.009230736736208181,0.5632891297340393,0.5511422634124756,-0.00507639665156598,0.5788689136505127,0.5210659503936768,-0.008303629886358941,0.5900333642959594,0.5041294574737549,-0.008902048785239442,0.6003624081611634,0.4888367772102356,-0.00897453995421522
0.521208429336548,0.635498046875,-1.2416723791375264e-07,0.497442215681076,0.5922812819480896,-0.00366253764368588,0.48653497695922854,0.544494104385376,-0.0073985776863991805,0.4781232297420502,0.5049592733383179,-0.011805222183465901,0.4634734690189362,0.485552579164505,-0.015163670107722262,0.519083559513092,0.5057250142097472,0.0008087532798526601,0.5287042021751404,0.48526409864425657,-0.0028404456796123803,0.525785493850708,0.5022266387939454,-0.00588724273256952,0.5212262153625489,0.5205569744110108,-0.007632009033113681,0.5367256164550781,0.51603262424469,-0.0007442995731252601,0.5442382335662843,0.49783460497856136,-0.004168673930689639,0.5394764423370361,0.5147958874702454,-0.00768314027227456,0.5357749700546265,0.5322994828224182,-0.010291477479040599,0.5518722772598267,0.5319620013237001,-0.0029587337281554403,0.5612935423851013,0.5083936929702759,-0.00765583757311098,0.5568922877311706,0.5211909055709839,-0.008892861008644061,0.5527736067771912,0.5365870118141175,-0.009268731903284762,0.5636225461959838,0.5516456961631775,-0.00522284228354688,0.5792070150375366,0.5216252565383911,-0.00843549538403744,0.5903958320617676,0.504789400100708,-0.008997161127626881,0.6007337927818299,0.48954734206199646,-0.00905773891136044
0.5212770938873292,0.6352475523948669,-1.260755396970126e-07,0.49773841500282284,0.5921882629394531,-0.00367410639300938,0.48681232929229734,0.5447721481323242,-0.0074241684749722005,0.47834967970848086,0.5056542873382569,-0.011876140348613201,0.4638117790222168,0.48598628044128417,-0.01529081426560876,0.5194813013076782,0.5058996438980102,0.0008182414778275201,0.5290458798408508,0.4859224438667298,-0.00304325642064206,0.5261695146560669,0.5029627203941346,-0.00625217421911652,0.52169508934021,0.52141934633255,-0.008048221748322221,0.5370060682296753,0.5162782669067383,-0.0007758921245112601,0.5446372747421265,0.498609584569931,-0.00441253157332534,0.5399385690689087,0.5157241582870484,-0.00805040062405164,0.5362584471702576,0.5333287000656128,-0.0106711460277438,0.5521089553833007,0.5322567582130433,-0.00305415499024088,0.561702311038971,0.5092628717422486,-0.007986305188387562,0.5573622345924378,0.5220715522766114,-0.009335050638765061,0.5533027768135071,0.5373814582824707,-0.009699026122689221,0.5638444304466248,0.551960551738739,-0.0053786325268447,0.579531192779541,0.5222283720970153,-0.00872820336371654,0.5907414555549622,0.5055269837379456,-0.0093261659145355,0.6011261105537414,0.4904067158699036,-0.00935960309579964
0.521449613571167,0.635294485092163,-1.2683507293331787e-07,0.49804390668869014,0.5924088358879089,-0.00385355190373952,0.4871709287166595,0.5453675866127015,-0.0077073480933904205,0.47869052886962893,0.5064459800720216,-0.012311985902488162,0.4641530871391297,0.48612186908721927,-0.01588437557220456,0.519897747039795,0.5062931776046753,0.0008857536551658601,0.5292872071266175,0.4864636957645416,-0.0034234197577460803,0.5264098525047303,0.503583586215973,-0.0069385174196212995,0.5219632506370544,0.522144103050232,-0.008848014194518302,0.5373618125915528,0.5167723655700684,-0.0007547967601567,0.5449099540710449,0.49903147220611566,-0.0050373990554362005,0.5401410698890686,0.5164148449897766,-0.00902657937258476,0.5363893747329713,0.5343125224113464,-0.011696570459753261,0.5524199604988098,0.5327437162399292,-0.00315060089342292,0.5620187520980835,0.5096605777740478,-0.00867069792002432,0.5576321125030518,0.5225178956985473,-0.0102227238938212,0.5535661458969117,0.5379405736923218,-0.010520373191684461,0.564071273803711,0.5524622082710267,-0.00560697168111796,0.5798161506652832,0.5228523254394531,-0.009303552936762521,0.5910439133644104,0.5061230421066285,-0.01005041720345614,0.6015118956565857,0.49102538228034975,-0.010090104863047542
0.5216203927993774,0.6353128790855408,-1.2884868283435938e-07,0.4981685400009155,0.59222491979599,-0.00365968220867212,0.4873334050178528,0.5454944968223572,-0.0074785540811717205,0.4788804173469544,0.5066967248916626,-0.01201935522258274,0.4643323183059693,0.4861492276191711,-0.015523904934525462,0.5202941179275513,0.50609290599823,0.0006437018950236601,0.5297861218452453,0.48667563199996955,-0.0032402700977399203,0.5268518567085266,0.5041689157485962,-0.00635716789402062,0.5222808241844178,0.5228251934051513,-0.00806502709165212,0.5377474188804626,0.5166236877441407,-0.00098013670067298,0.5453675746917725,0.4994816660881042,-0.004714849730953521,0.5404668927192688,0.5171146869659424,-0.00835914406925434,0.5366294622421265,0.5349149465560913,-0.0109473288990557,0.5527402758598328,0.5328363418579102,-0.0032626323867588802,0.5623772859573364,0.5100762248039246,-0.00837241504341356,0.5578371047973634,0.5231606602668762,-0.00968041662126776,0.55361407995224,0.5385466456413269,-0.00995216211304066,0.5642938733100892,0.5527368664741517,-0.005573706794530101,0.5800958752632142,0.5230891346931458,-0.00911505231633778,0.5913653612136841,0.5065228462219238,-0.009709301870316241,0.6018531918525696,0.4914761245250702,-0.00967027936130756
0.5218673348426819,0.635879945755005,-1.313818984272075e-07,0.4983043789863586,0.5924178838729858,-0.0033606587909161597,0.48753863573074346,0.5456326365470886,-0.007049431093037101,0.47916641831398016,0.5066287398338318,-0.011400265246629642,0.4645401477813721,0.4860733926296234,-0.014704260975122422,0.5206278204917908,0.505881667137146,0.0003986728479503384,0.5303288340568543,0.48684056997299197,-0.0028066938510164004,0.5273662567138673,0.5047235369682312,-0.00532377804629498,0.5226376175880433,0.523478651046753,-0.0067289560101926015,0.5381610870361329,0.5164078474044801,-0.0011699315742589001,0.5458914160728454,0.4998144626617431,-0.00401821970008308,0.54089857339859,0.5175973415374756,-0.00712173152714962,0.5369587302207947,0.5352283000946045,-0.009566417243331642,0.5531710147857667,0.5328778147697449,-0.00326076652854676,0.5627729773521424,0.510322093963623,-0.00770134786143892,0.5581064701080323,0.5236319065093994,-0.00867558969184752,0.5537101387977601,0.5390125870704651,-0.0089273923076689,0.5646864771842957,0.5529579401016235,-0.00533019248396154,0.5805160164833069,0.5230499863624574,-0.008575377520173741,0.5918282270431519,0.5066386103630066,-0.0089555908925831,0.602299153804779,0.49165537357330324,-0.0088197655975818
0.5220755338668823,0.6354475736618043,-1.3185326963593982e-07,0.4984524190425873,0.5920164108276367,-0.0033888680394738406,0.4876900613307953,0.5452148914337158,-0.007111848518252341,0.47948098778724674,0.5060315847396851,-0.011466307751834319,0.4648292601108551,0.4855553150177002,-0.014783432893455002,0.5207299470901489,0.5055539846420288,0.00020212824892949834,0.530776572227478,0.4869278728961945,-0.0028520304709672207,0.5278286695480348,0.504851758480072,-0.0052522235549985795,0.523006284236908,0.523498022556305,-0.006609752681106281,0.5382829785346985,0.5161442160606384,-0.00133805385557928,0.5463096261024475,0.49998643994331365,-0.00391185623593622,0.5413358688354493,0.5177582025527954,-0.006869794148951721,0.5373436212539673,0.5352466464042664,-0.009309335239231541,0.5533332228660583,0.5327338457107544,-0.00337352557107802,0.5630409598350525,0.5105264782905579,-0.0076202115043997,0.5584418058395386,0.5239407420158386,-0.008532176725566339,0.5540418386459351,0.5392345428466797,-0.0088184095919132,0.5649620056152344,0.5529240727424621,-0.005383898131549321,0.5807827949523926,0.5227944374084472,-0.00848808446899052,0.5920977234840393,0.5064838767051697,-0.00876272665336724,0.6025344133377075,0.491584050655365,-0.00859467936679714
0.522072982788086,0.6354941964149475,-1.3190495167236808e-07,0.4985562741756439,0.5919904112815857,-0.0034906459040939205,0.48788026571273807,0.5446352124214173,-0.0072634947486221405,0.4797325074672699,0.5050675868988037,-0.011668822355568341,0.46502621173858644,0.4847216665744781,-0.015021644346415982,0.5209343075752257,0.5051702857017517,0.0002688543449039383,0.5310609698295593,0.48645256757736205,-0.0028165190946310204,0.527981162071228,0.5043789744377136,-0.00528477551415556,0.5230679631233216,0.5227779388427735,-0.006729325186461161,0.5384187817573548,0.5158780574798585,-0.00128954469109879,0.5464617729187012,0.49963789582252505,-0.00391409946605558,0.5414258599281311,0.517509925365448,-0.00687528429552908,0.537393081188202,0.5348795175552368,-0.009318462200462781,0.5534527897834778,0.5325803399085999,-0.0033691354095935397,0.5631459116935731,0.5102436780929567,-0.00765968216583126,0.5585857987403869,0.5238151192665101,-0.00850134361535306,0.5541819214820862,0.5391127943992615,-0.008737107180058922,0.5651410579681396,0.5529319167137147,-0.0054439239203929405,0.580880093574524,0.5226877212524415,-0.008545725140720559,0.5922036409378052,0.5063663721084595,-0.008761792909353921,0.6026546478271484,0.49138917326927184,-0.00855903970077626
0.522072434425354,0.6358290433883668,-1.3209185283358242e-07,0.49859650135040284,0.5920392632484437,-0.00352516048587852,0.4880056440830231,0.5439860939979554,-0.0072570144198834405,0.4799185931682587,0.5040392756462098,-0.011634059250354701,0.46519818902015686,0.48397677540779105,-0.0149478644132614,0.5210844039916993,0.5048588275909425,0.0005822709790663583,0.5312615752220153,0.485903263092041,-0.0025084552355110206,0.5280701875686645,0.5038124084472657,-0.00509769069030874,0.5231254935264588,0.5220042109489441,-0.0066627105697989,0.5384967207908631,0.5156879544258117,-0.00099164965795348,0.5465500950813293,0.4992326378822327,-0.00362200057134028,0.5414823293685913,0.5171491742134094,-0.00663194535300132,0.5374369025230409,0.5344167232513428,-0.0091067228466272,0.5535245418548584,0.5324595928192138,-0.0031215864699333396,0.5632254958152771,0.5099424242973328,-0.0074074573814868405,0.5587113857269287,0.5236228585243226,-0.00823566578328604,0.5543265581130982,0.5389588594436646,-0.008456338569521861,0.5652873635292054,0.5529048800468446,-0.00526377316564316,0.5809152126312256,0.522566020488739,-0.008308581355959119,0.5922170639038086,0.5062107682228089,-0.0084822605364024,0.6026567339897155,0.4911980092525482,-0.0082603110931813
0.5222487092018129,0.6360182404518129,-1.312459062319249e-07,0.4986484944820404,0.5917837262153626,-0.00341143417172128,0.48812248110771184,0.5432488441467286,-0.007056941371411021,0.48017669320106504,0.5028890609741211,-0.01131327096372836,0.4654600262641907,0.48302075266838074,-0.01448296066373584,0.5213099837303162,0.5043805241584778,0.0007643291508429383,0.5315001726150512,0.4850968539714813,-0.00189363674726334,0.5281871557235718,0.5031484842300415,-0.004242145922034921,0.5231962680816651,0.521264410018921,-0.005734532326459841,0.5387997627258301,0.5152930498123169,-0.0007374990964308002,0.5467357993125915,0.49871641397476196,-0.0028178036911412603,0.5415976166725159,0.5165285110473633,-0.00559349637478586,0.5375835418701173,0.5336273550987244,-0.008044935017824141,0.5538338780403138,0.5321837186813354,-0.00274785633664572,0.5633830904960633,0.5095817685127259,-0.006505190022289701,0.5588179349899292,0.523209023475647,-0.007157537620514581,0.5543908953666687,0.5384994983673096,-0.00741004319861526,0.5656257033348084,0.5526651382446289,-0.0047660402953624195,0.5811529636383057,0.5221310615539552,-0.0074722035787999005,0.5924325942993164,0.5057876944541931,-0.00749765019863836,0.6028379082679749,0.49082404375076294,-0.007237136922776641
0.5221900343894958,0.63516263961792,-1.3181929148231577e-07,0.4986082792282105,0.5906734347343445,-0.00324368258006866,0.4880680143833161,0.5420221090316774,-0.00684863934293384,0.48021612167358396,0.5015426814556121,-0.011042223498225142,0.4655850946903229,0.4817152202129364,-0.0141387781128287,0.5215384006500244,0.5034114837646485,0.00071009822422636,0.5316907048225403,0.48408263325691214,-0.00154469384578984,0.5281312346458434,0.5021744012832642,-0.00362026835791762,0.5230616688728332,0.5201802372932434,-0.0050269698724150205,0.5390003561973572,0.5144458651542664,-0.0007812748430296401,0.5467415094375611,0.4980093717575073,-0.00235106191830706,0.5414227604866029,0.5156641960144043,-0.004854301316663581,0.537475049495697,0.5325548768043519,-0.00729652820155022,0.5539450764656068,0.5315417289733887,-0.00271170584019268,0.5633037090301514,0.5090505719184876,-0.005999605823308181,0.5586184501647948,0.5227029085159303,-0.006461661029607021,0.5541725516319275,0.5379457592964173,-0.00676911463961,0.5657546877861024,0.5521751284599304,-0.00463909553363914,0.58131000995636,0.5215218424797059,-0.0071013743057846395,0.5926047563552856,0.5053076028823853,-0.00699959388002744,0.6030088305473328,0.49040792584419246,-0.006732325907796581
0.5220967411994935,0.6345845818519593,-1.3176721722629738e-07,0.4985873997211457,0.589846682548523,-0.0032288740389048607,0.4881607472896576,0.5409068107604981,-0.006773476954549501,0.4803246378898621,0.5002910375595092,-0.0109389076009392,0.465748256444931,0.48023338913917535,-0.01399219539016482,0.5218067765235901,0.5027740001678467,0.00098782907007258,0.531694781780243,0.48262684345245355,-0.00140030015027148,0.5279673099517823,0.500718355178833,-0.00359230828471476,0.5229388833045959,0.5187575817108154,-0.005045698210597,0.5392433166503906,0.5138715028762817,-0.0004987013409845201,0.5466532468795776,0.4966689765453338,-0.0022513317759148403,0.5412300348281861,0.514311707019806,-0.0048266489990055,0.537344217300415,0.5312692999839783,-0.007240972854197,0.5541113615036012,0.5308914065361023,-0.0024643431650474,0.5631839990615846,0.5078486680984498,-0.005853728204965561,0.558459484577179,0.5214185595512391,-0.00633375458419318,0.5540649414062501,0.5366648316383362,-0.0065963589586317,0.5658146619796753,0.5513806939125061,-0.00443685976788396,0.581387734413147,0.520843505859375,-0.006951518729329061,0.5927162289619446,0.5046796202659607,-0.006916325353085921,0.6031848549842834,0.489795982837677,-0.0066662745550274405
0.5221672892570496,0.6337817907333375,-1.322392648717141e-07,0.49857027530670167,0.588850998878479,-0.0030928421765565404,0.4881467759609222,0.5400020360946656,-0.006573988217860421,0.4803885936737061,0.49925121665000916,-0.010632853768765861,0.46582277417182927,0.4790619075298309,-0.01356311328709122,0.5218788981437683,0.5020910859107971,0.0007957732304930201,0.5317652344703674,0.4815287053585052,-0.0012424499611370001,0.5279426336288452,0.4997300863265991,-0.00309912483207876,0.522871458530426,0.5178689241409302,-0.0043565907515585,0.5394594073295593,0.5131085634231567,-0.00059797743451777,0.5466819643974304,0.49572153687477105,-0.0018568766885436604,0.5411674141883851,0.5132023692131042,-0.0041186712216585205,0.5373148441314697,0.5300584554672242,-0.006441902648657519,0.5543387293815613,0.5300842165946961,-0.00240034253802144,0.5630820989608765,0.5069548130035401,-0.00533750066533682,0.5582674741744995,0.5204372525215148,-0.00566266700625414,0.5538442134857178,0.535605275630951,-0.0059563946910202,0.5659988045692445,0.5504045486450195,-0.004189523961394981,0.5816030621528626,0.5197952151298523,-0.006471250671893321,0.5929670214653016,0.5037897109985352,-0.0063662471249699,0.6034354567527771,0.4890586078166962,-0.0061135621741413605
0.5223337411880493,0.6332129359245301,-1.3105328378060221e-07,0.4984268248081207,0.5876044631004335,-0.00238284569932144,0.4880627036094666,0.5388416886329651,-0.0055526449345051805,0.480480569601059,0.49768327474594115,-0.00919705480337136,0.4659210860729218,0.47710201144218445,-0.01167973466217514,0.5218495965003968,0.5007894456386566,0.00059137857751916,0.5320286273956298,0.4795804560184479,-5.9071031864719905e-05,0.5280851006507874,0.4977965831756591,-0.0007387863006442603,0.5229460239410401,0.5158487319946289,-0.00139302778989074,0.5398367404937745,0.5117376565933227,-0.0006575487088411401,0.5467936515808105,0.4940578758716584,-0.00026223153108728,0.5411440134048462,0.5109902977943421,-0.0015728690195828201,0.5374261617660523,0.5275581121444702,-0.0036588353104889193,0.5547641396522522,0.528809666633606,-0.00205464707687492,0.5629895210266114,0.5054874062538147,-0.00342394188046454,0.5579919338226318,0.5187249660491944,-0.0031820334028452198,0.5534513831138611,0.5338564395904541,-0.0035871062893420196,0.5663528800010681,0.5489235997200013,-0.00335967009887096,0.5820452570915223,0.5180933117866516,-0.0048594463500194005,0.5935394167900085,0.5024196565151214,-0.0044891199329867605,0.6039733648300172,0.48803791403770447,-0.004232691135257461
0.5220057487487793,0.6320983171463013,-1.3024072416101264e-07,0.49815921187400825,0.5859625101089478,-0.0017821142493630378,0.48797509670257566,0.5370003938674927,-0.004646361060440501,0.4804842412471771,0.49530312418937683,-0.00794380707666272,0.4657755851745606,0.47460731863975525,-0.01005536867305634,0.5214995384216309,0.49888002276420595,0.00063822482479732,0.5324682354927063,0.4768558263778687,0.0008985239895992,0.5285575270652771,0.49503651857376096,0.00104415765963496,0.5233156085014344,0.512934136390686,0.0008263702504336999,0.5397460222244262,0.5098846912384033,-0.00058277400676156,0.5470115542411804,0.4913779616355896,0.00091185207711532,0.5414010167121888,0.5080196976661683,0.00032952451147142,0.5376846909523011,0.5243920922279358,-0.0015123536810278794,0.5547632932662965,0.5270737171173097,-0.0017962181009351802,0.562887752056122,0.5030266165733337,-0.00212419400922956,0.55794358253479,0.5163532733917237,-0.0014301433693617196,0.5533296465873718,0.5315467357635498,-0.0018554655369371195,0.5664143562316895,0.5471987724304199,-0.0028609937056898803,0.5822840929031373,0.5160810947418213,-0.0038571083452552204,0.5939181923866272,0.5006725668907166,-0.0033285938436165403,0.604265320301056,0.4864317297935486,-0.00309178450843318
0.5218538165092468,0.6301958680152894,-1.272845281619084e-07,0.4980122208595276,0.5835801839828492,-0.0013125396493705544,0.48798978328704834,0.5344977498054504,-0.0038757322588935006,0.48058788776397704,0.4924204349517822,-0.006858157459646401,0.46572660803794863,0.4716156363487244,-0.00861279871314762,0.5210445046424865,0.4965327203273774,0.0007919878349639002,0.5330101847648622,0.4732166171073914,0.0016064076684415203,0.5293087959289551,0.4913989722728729,0.00239005237817764,0.5240367531776429,0.5091082811355592,0.0025626081973314403,0.5394620776176453,0.5076117515563965,-0.00042720658238973997,0.5475043296813966,0.4877297282218933,0.00170968160964546,0.5419929265975952,0.5043068110942841,0.0017389184795320002,0.5381707668304443,0.5205766797065735,0.00023398669436574008,0.5545710921287537,0.5247336983680726,-0.00157040914054956,0.5630900502204895,0.4996695518493653,-0.0012581386486999798,0.5581981658935548,0.5130148530006409,-0.00018126545473929972,0.5534485340118409,0.5282356142997742,-0.0005138636101037399,0.5662816166877747,0.5447550773620606,-0.0025323812384158003,0.5823572039604188,0.5136319875717164,-0.0032930527813732203,0.594109845161438,0.49836323261260984,-0.00276610383298248,0.6044394493103027,0.4842725992202759,-0.00258568477584048
0.5216493725776672,0.6284544348716736,-1.2476237429837055e-07,0.49781311750411983,0.5814112782478333,-0.0006715770156006115,0.4878813505172729,0.532333493232727,-0.0029024415183811804,0.4805770337581634,0.4899407684803009,-0.0055158180184661605,0.46558480262756347,0.469131600856781,-0.006869734916836002,0.5205330014228821,0.4941997826099396,0.0007671818369999201,0.5335154056549073,0.470163631439209,0.00244774678722022,0.5300121903419495,0.4883114695549011,0.00412959670647976,0.5246724128723145,0.5058330059051513,0.00480377050116658,0.5391127586364746,0.5053775072097778,-0.00047848877729846003,0.5479519963264465,0.4846097528934478,0.00266177963931108,0.5425219893455505,0.5009825110435486,0.0035061680246144204,0.5386230826377869,0.5170733571052551,0.00234959442168472,0.5543013930320739,0.5226284742355347,-0.00150610189884898,0.5632724404335022,0.49680662155151367,-0.0002821671077981598,0.5583840608596802,0.5101723670959473,0.0012892432976514203,0.5534732937812805,0.5254441142082215,0.0010044927243143,0.5661174178123474,0.5427709698677063,-0.0022940611466765,0.582477331161499,0.511467695236206,-0.0027244056109338405,0.5943508625030518,0.4963352799415588,-0.0021225724602118,0.6046364784240723,0.48235439658164975,-0.00199552675476298
0.5214734196662902,0.6252834320068359,-1.1998858155948257e-07,0.49790698289871216,0.5782586932182312,-0.00025101977371377144,0.4878586828708648,0.5289924383163452,-0.00241784793324762,0.4804317891597748,0.486079853773117,-0.00485629709437482,0.4652465403079986,0.4653173208236695,-0.0059636178426444204,0.519402825832367,0.49087981581687923,-0.0003152649267576799,0.5341419816017151,0.46560466885566715,0.0019557749852538004,0.5311589360237121,0.48370420336723324,0.00453174009453502,0.5257504105567932,0.5008239328861237,0.005712268591742,0.5380643606185913,0.5021744430065155,-0.00157152605243026,0.5485719680786133,0.47989592552185056,0.0023143430706113,0.5435767412185669,0.4962089359760285,0.0040906363516114205,0.5395082235336304,0.5120481371879577,0.00335056723561136,0.553463876247406,0.5193430066108704,-0.00244943038560448,0.5636985659599304,0.49231106638908384,-0.00044598926324396,0.559048628807068,0.5057856023311615,0.00167140723206102,0.5538535714149475,0.5210758328437806,0.00143813379108902,0.5656308770179749,0.5392093420028687,-0.0030459655448794,0.5824691772460937,0.5077338755130768,-0.0032611358445137004,0.594532346725464,0.4925901889801025,-0.00269005803856996,0.6047081232070923,0.4784889698028564,-0.00272555382689462
0.5212148904800415,0.6211015582084656,-1.1881863883900223e-07,0.49845920205116273,0.574272608757019,0.00012542913464130858,0.4881360650062561,0.5244868874549866,-0.0022182368207722403,0.480241459608078,0.48157097101211543,-0.00488586900755756,0.4648843467235565,0.4611466586589813,-0.00616649733856316,0.5176017880439758,0.4862244725227356,-0.00158436242491006,0.5346622109413147,0.45955415368080144,0.00013427999801934008,0.532562005519867,0.4781854212284089,0.00280687573831528,0.5270195841789246,0.49514363408088685,0.004127383892773641,0.535846722126007,0.4976339280605316,-0.0033060917747207,0.549208664894104,0.473787260055542,6.716591306028005e-05,0.5450693011283875,0.4909873843193054,0.0022615956957451797,0.5405331492424011,0.5067464470863342,0.0018867273116484398,0.5514880299568177,0.5146733283996583,-0.0046114340657368,0.5642129540443421,0.48648062944412235,-0.0029019654961302604,0.5602054476737977,0.5007451176643372,-0.0004291795194149001,0.5546776175498963,0.5159982085227967,-0.00040855375118556024,0.5643187642097474,0.5343409180641174,-0.00562053304165598,0.581804072856903,0.5026099979877472,-0.00611454123863942,0.5940274000167847,0.4870358943939209,-0.00564925260841842,0.6040591120719909,0.47229796648025507,-0.005776006949599821
0.5211422085762024,0.6161136507987977,-1.1610318466637183e-07,0.49928347468376155,0.5700086474418641,0.00032502014655618654,0.48866164088249203,0.519399881362915,-0.00243258755654092,0.48020243048667904,0.47655518054962154,-0.00556226633489124,0.46470032334327693,0.4561639547348022,-0.007279520109295799,0.5151649832725526,0.48103900551795964,-0.00349596808664498,0.5352107286453247,0.4520788788795471,-0.00271914857439694,0.534318709373474,0.47157254815101624,-0.00025555950123815974,0.5287093877792358,0.48826337456703184,0.0009942440403392602,0.5326621651649476,0.49238902926445005,-0.0057769641280174,0.5498623251914978,0.4666461706161499,-0.0033443239983171206,0.5467906832695006,0.48509904146194455,-0.0009482429479249002,0.5416727423667909,0.5007780611515045,-0.0010675263358279803,0.5484783291816712,0.5092006087303161,-0.007591924211010299,0.5647068142890931,0.479525101184845,-0.0064673129236325205,0.5614220142364502,0.4947265088558197,-0.00359780555590986,0.5554410934448243,0.5098461151123047,-0.00325570669956506,0.5620637655258178,0.5285769701004028,-0.0091166927479207,0.5800360798835754,0.4960916996002197,-0.01002715835347764,0.5924993753433228,0.47970653772354127,-0.009576992038637341,0.6025824666023255,0.4642937123775482,-0.00970660885795948
0.5208790302276611,0.610711717605591,-1.0020548160127874e-07,0.5002302050590516,0.5655706048011779,0.0007932491949759232,0.4896955370903015,0.5138755798339845,-0.0022663820069282804,0.4806329607963562,0.47117044925689694,-0.00586494430899614,0.4651749789714813,0.45037234425544737,-0.00813647909089918,0.5121556401252747,0.4761605143547058,-0.004736135131679441,0.5349242806434631,0.44410524964332576,-0.005009185895323721,0.5368782758712769,0.4627857089042664,-0.00293814262840894,0.5327987551689148,0.47872550487518306,-0.0017993726680287998,0.5286995649337769,0.4869990527629852,-0.007725577056407901,0.5497891068458558,0.4585834264755249,-0.0063281450886279005,0.5489302515983582,0.47731151580810544,-0.0038994144764728806,0.5440497756004334,0.49274898767471315,-0.0037838603137060603,0.5444907069206238,0.5033263206481934,-0.010215364187024501,0.56412832736969,0.4715251207351685,-0.009684263577219061,0.5625325798988343,0.48691889047622683,-0.00648303371854124,0.5569090247154236,0.5013515532016755,-0.005807935586199161,0.5586954593658447,0.5223071217536926,-0.01240208051167424,0.5768840074539185,0.48876284956932065,-0.013527301000431119,0.589575219154358,0.4713523626327515,-0.01291281324811274,0.5996836066246033,0.4549783289432525,-0.01290059336461122
0.5206158518791199,0.605309784412384,-8.430777853618566e-08,0.5011769354343414,0.561132562160492,0.0012614782433956599,0.490729433298111,0.5083512783050537,-0.0021001764573156403,0.4810634911060334,0.46578571796417234,-0.00616762228310104,0.46564963459968567,0.4445807337760925,-0.00899343807250256,0.5091462969779968,0.47128202319145196,-0.005976302176713901,0.5346378326416016,0.4361316204071045,-0.007299223216250501,0.5394378423690797,0.45399886965751657,-0.0056207257555797195,0.5368881225585938,0.4691876351833344,-0.00459298937639686,0.5247369647026062,0.4816090762615204,-0.0096741899847984,0.5497158885002136,0.45052068233489995,-0.009311966178938681,0.5510698199272156,0.4695239901542663,-0.006850586005020861,0.546426808834076,0.4847199141979217,-0.00650019429158414,0.5405030846595764,0.4974520325660706,-0.0128388041630387,0.5635498404502869,0.46352514028549197,-0.012901214230805601,0.5636431455612183,0.47911127209663396,-0.00936826188117262,0.558376955986023,0.4928569912910461,-0.00836016447283326,0.5553271532058717,0.5160372734069824,-0.01568746827542778,0.5737319350242615,0.4814339995384216,-0.0170274436473846,0.5866510629653932,0.46299818754196165,-0.016248634457588142,0.5967847466468812,0.44566294550895685,-0.01609457787126296
0.5210580945014953,0.599342155456543,-5.946637617881834e-08,0.5021864295005798,0.5565934658050538,0.00197849450632926,0.49225330948829654,0.5030278742313385,-0.00135580542264502,0.48268844485282897,0.46012807488441465,-0.005656826496124221,0.46728574037551884,0.4384266972541809,-0.00893522761762138,0.5063937902450562,0.4661016345024109,-0.0059904894791543,0.5343100786209106,0.4279819905757904,-0.00832660160958764,0.542246687412262,0.4440772891044617,-0.00736024407669896,0.54203439950943,0.45789799690246585,-0.00665022599278014,0.520557951927185,0.47544899582862854,-0.0104935552924871,0.5493645906448364,0.44133180379867554,-0.011060797423124241,0.5536166548728942,0.4596831083297729,-0.008891978627070762,0.5504258871078491,0.47404066324234007,-0.00849091368727382,0.5358321189880372,0.4906578600406647,-0.014478238858282519,0.5622499346733093,0.4543108344078064,-0.015134032443165742,0.5648988723754883,0.46920914053916934,-0.0115256983786821,0.561197018623352,0.4817433953285217,-0.0103126799687743,0.5509642243385315,0.5090234935283661,-0.018129450082778883,0.5696955800056458,0.47334034442901607,-0.01948866955935952,0.5825646042823792,0.45406535267829895,-0.018405959755182222,0.5925937294960022,0.4358936965465545,-0.01801785547286266
0.5210075497627258,0.5909150362014771,-1.0590653864994692e-08,0.5032090783119202,0.5492652416229249,0.00229931049980218,0.4944025218486786,0.49571003317832946,-0.0008617317886091399,0.4854234933853149,0.45310130119323727,-0.005158655857667281,0.47056268453598027,0.43112740516662595,-0.008734489325433942,0.5040559768676758,0.46056146621704097,-0.00554413585923608,0.5334189534187317,0.4209309339523315,-0.00916189588606354,0.5449401736259462,0.43177233338356025,-0.009536151215434021,0.5484217643737793,0.4423590064048767,-0.00958772301673886,0.5164810419082642,0.4693470597267151,-0.010558947175741141,0.5476569414138794,0.4328706979751587,-0.0122953247278928,0.556052839756012,0.445897489786148,-0.01107255872339008,0.5566869854927063,0.4572696387767792,-0.01109442971646782,0.5306942939758301,0.48411896228790285,-0.015161082707345442,0.5590363383293152,0.44552947878837584,-0.01670238450169558,0.5656555414199829,0.4551445126533509,-0.013813331723213161,0.5658058762550354,0.4638554871082306,-0.01286838110536334,0.5455582261085511,0.5021881341934205,-0.019458482787013003,0.5644913434982299,0.46594491004943844,-0.020973535627126665,0.5772256255149841,0.44679984450340277,-0.01981588564813132,0.5872593760490418,0.4292639851570129,-0.01932058669626706
0.5208556890487671,0.5811503767967224,4.28866014701157e-08,0.5051819801330566,0.5405210852622986,0.00238219141028816,0.4977115690708161,0.48747873306274414,-0.00057748901890588,0.48968952894210815,0.445632392168045,-0.0047382881399243605,0.47571452856063845,0.4234247028827667,-0.00852531893178818,0.5031054019927979,0.45424691438674925,-0.00536620146594938,0.532776665687561,0.41434050798416133,-0.01023626215755936,0.5477745175361634,0.41874840259552004,-0.011919129639863921,0.555322003364563,0.42541574239730834,-0.0127269787713885,0.5134497880935669,0.463107705116272,-0.01072043217718596,0.5457618117332459,0.42465526461601255,-0.01391134429723016,0.5585539937019348,0.43122639060020446,-0.01389611884951588,0.5636849641799927,0.439030122756958,-0.01445087417960162,0.5260417580604553,0.47807061672210693,-0.0157543888315558,0.5549557089805603,0.4375328540802002,-0.01847511455416674,0.5658852338790894,0.4403970301151276,-0.01679655518382784,0.5704333186149597,0.4444381415843963,-0.016383338160812822,0.5398477435112,0.49617142677307136,-0.020491112396120982,0.5581862807273865,0.4601268172264099,-0.0224949814379215,0.5702134847640992,0.44066172838211065,-0.021724611520767163,0.5798416018486023,0.42312093973159787,-0.021431284025311397
0.5208770513534546,0.5730836987495422,8.297690907710377e-08,0.5069928050041199,0.5331692576408387,0.00216841213405126,0.5005385518074036,0.48082433342933656,-0.00074670541798694,0.49350858926773067,0.43954985737800595,-0.004800760140642461,0.48021934032440194,0.41748059988021846,-0.00872886842116712,0.5028921723365783,0.4485649704933167,-0.00572735606692728,0.5328712701797486,0.40941782593727105,-0.011608859337866262,0.5496276497840882,0.4091167867183686,-0.01446328405290838,0.5596372723579407,0.41241335272789004,-0.01605506576597686,0.5114641904830933,0.45795284509658807,-0.011222588084638059,0.5444324612617493,0.4186380207538604,-0.015615404210984618,0.5604863405227661,0.4196575999259949,-0.01675606984645124,0.5693839073181153,0.42407286763191226,-0.0179633861407637,0.5226462125778198,0.47344517707824707,-0.016448442824184843,0.5518431782722474,0.4318172752857209,-0.02013865001499648,0.5661596536636353,0.42866908311843877,-0.019640432484447922,0.5743502378463745,0.42859919071197505,-0.0198543723672628,0.5354841351509094,0.4916833400726318,-0.021403911337256384,0.5533713102340698,0.456006383895874,-0.023876244947314242,0.5646865487098695,0.4364517331123352,-0.023553261160850478,0.5738694548606873,0.419155615568161,-0.02355611696839326
0.5209409356117248,0.5631344676017761,1.211098874520644e-07,0.5100608348846436,0.5228359699249268,0.0035414325539022,0.5048261106014252,0.47146933078765874,0.00121340755140408,0.49932019710540765,0.4313584864139557,-0.0025080802384763404,0.48728461265563966,0.40983907580375667,-0.00650092992000282,0.5039448142051697,0.44111991524696353,-0.00548914610408242,0.5341491222381592,0.40307668447494505,-0.012607891485094981,0.5526685595512391,0.3977347433567048,-0.016777445748448343,0.5655770778656006,0.39727409482002257,-0.01936517152935262,0.5099954724311828,0.4513732254505157,-0.0120915532112121,0.543184506893158,0.4101177275180817,-0.01828535515815012,0.562930452823639,0.40522322058677673,-0.020760538429021782,0.5762184500694275,0.4061038732528687,-0.022716936096548984,0.5189523458480835,0.4674002051353455,-0.01835772898048156,0.5483360052108766,0.42377554774284365,-0.0234506625682115,0.5665128588676452,0.4150119304656983,-0.02404537480324504,0.5786222219467163,0.41106347441673274,-0.024839419312775078,0.5300181388854981,0.4854847967624664,-0.02426025234162802,0.5469778895378112,0.4507083654403687,-0.02778754420578476,0.5576354622840882,0.43119053840637206,-0.02822928056120868,0.5665389180183411,0.41405639648437503,-0.02877290956676
0.5221538662910461,0.5552419781684875,1.6414858521329735e-07,0.5126646041870118,0.5136435866355896,0.0033984437119214997,0.5090216755867005,0.4626865386962891,0.0009889923967421,0.5057287216186523,0.42363932132720944,-0.00268869730643924,0.4963008463382721,0.4014202535152436,-0.0068790366407483795,0.5071619510650636,0.43681955933570865,-0.007118343887850601,0.5353697180747986,0.39920020699501035,-0.016007877327501724,0.5544156908988953,0.38834032416343695,-0.021937127597630002,0.5693063378334046,0.3838024795055389,-0.025868652760982463,0.5116888403892517,0.4481290698051452,-0.01409901622682804,0.5418023109436035,0.4047326147556305,-0.022884253226220543,0.5633430600166321,0.39338046908378604,-0.02744283434003586,0.5798609614372253,0.38972837328910825,-0.030733046680688804,0.5183203816413879,0.4649057269096375,-0.02070067264139646,0.5444826483726501,0.41898612976074223,-0.02781087569892402,0.5641631960868836,0.4041617035865784,-0.02982964813709256,0.5786316275596619,0.3954951882362366,-0.03148300237953658,0.5261982917785645,0.4830482602119446,-0.02691097036004062,0.5403802275657654,0.44952642917633057,-0.03229119814932342,0.5493798732757569,0.4293157875537872,-0.034008748084306664,0.5572365760803223,0.41125727891922004,-0.0354642163962125
0.5267641901969911,0.5449501872062683,1.778489121306848e-07,0.5196027040481568,0.5133335947990417,-0.003672168962657501,0.516365909576416,0.46711317300796507,-0.00923461143393068,0.5151530146598816,0.42919759154319764,-0.014588314853608581,0.5096269965171814,0.40531815290451045,-0.020402204291895022,0.5100823879241944,0.4380738377571106,-0.016659858450293503,0.5302558302879334,0.4025312662124634,-0.02824965268373484,0.5451163172721862,0.38824833631515504,-0.03606749586760996,0.5576900839805603,0.37959324121475213,-0.041424768418073604,0.5146188139915466,0.4425870060920716,-0.02063078545033926,0.5394490718841553,0.397448468208313,-0.032818156108260096,0.5604633688926697,0.38315575122833256,-0.03961494080722326,0.5776914238929749,0.37610573768615724,-0.0442682914435863,0.5209603428840637,0.4535217463970185,-0.02450582049787038,0.5424357771873475,0.4069937825202942,-0.034873498976230585,0.5616783142089844,0.3904329836368561,-0.03932797238230702,0.576590931415558,0.3801283121109009,-0.04234516248106952,0.528200101852417,0.4672593653202057,-0.02836737073957916,0.539608907699585,0.43392133116722104,-0.03639658093452451,0.5482424378395081,0.413635754585266,-0.04015201404690738,0.5560633182525635,0.39567009806632997,-0.04300234988331788
0.5316076040267945,0.53749338388443,1.8474276828328586e-07,0.5254308938980103,0.515417218208313,-0.010366964526474502,0.522314190864563,0.4738038003444671,-0.018912955862469938,0.5229113101959229,0.436639016866684,-0.0258667780086398,0.5210540294647217,0.41117743253707884,-0.03315577195025978,0.5124966263771058,0.4414072513580322,-0.025410328060388523,0.5246506094932557,0.4078599393367768,-0.03930139318108554,0.5349645495414734,0.39089333415031435,-0.0487442873418331,0.5448320627212524,0.37884871363639827,-0.055348268896341285,0.5177129983901978,0.4385736048221589,-0.026420756429433763,0.5370627522468567,0.39207829236984254,-0.041297790408134416,0.5569506645202638,0.3755017459392548,-0.04991497062146658,0.5744203090667725,0.3656105399131775,-0.05577365681529042,0.5243375420570373,0.4430667817592621,-0.02762093432247632,0.5412076473236084,0.3963945806026459,-0.040658604726195285,0.5594525098800659,0.37924622297286986,-0.04714637398719784,0.5744014263153077,0.36823163628578187,-0.05137548036873337,0.5315498471260071,0.45200392603874207,-0.029184986650943726,0.5410420298576355,0.41875688433647157,-0.039395939931273424,0.549792754650116,0.3992478966712951,-0.0448164120316505,0.557867980003357,0.3821777939796448,-0.04883684962987894
0.5364579439163208,0.5322575569152832,2.1095532360959625e-07,0.532826828956604,0.5106740355491639,-0.013801324181258682,0.5310544490814209,0.4690918505191803,-0.02346573595423248,0.5338074088096619,0.43166373968124394,-0.0307329224422574,0.5350668549537659,0.40363737344741824,-0.0382610511500388,0.5156851530075074,0.44046143293380735,-0.028747247904539062,0.5214978218078614,0.4059747934341431,-0.04351167678833004,0.5285880327224731,0.3852241277694703,-0.05375761501491068,0.5371025204658508,0.3691343188285827,-0.06105235442519184,0.5205881237983704,0.43562676906585696,-0.028138355538248967,0.5344641804695129,0.3868418753147126,-0.04435957036912438,0.5526309728622436,0.3660898506641388,-0.054288147762417735,0.5701813459396363,0.35206112265586853,-0.060981772094964956,0.5267281770706177,0.4383709311485291,-0.02795132435858244,0.5388243198394775,0.3907154560089111,-0.04274963811039918,0.5557212710380555,0.36996065378189086,-0.05080505311489103,0.5705486059188843,0.35567969679832456,-0.055939690768718686,0.5329608798027039,0.44632834792137144,-0.02825859040021892,0.5392250537872314,0.4144844710826874,-0.0402874812483787,0.5467993140220643,0.3955250382423401,-0.04696436300873752,0.5541338086128236,0.37888068556785587,-0.05178084149956698
0.5421555757522584,0.5272025227546693,2.2832408319573005e-07,0.5412208080291748,0.508879667520523,-0.01790509168058632,0.5407794117927551,0.46755815148353574,-0.02871799853164696,0.5444236993789673,0.4297006130218506,-0.03632677840068934,0.5480233311653138,0.39919077754020693,-0.04399133082479234,0.5216784715652466,0.43762649297714235,-0.030955734103918043,0.5233222246170044,0.40125114321708677,-0.04621765501797194,0.5281826853752136,0.37812534570693973,-0.057093858718872036,0.5354660034179688,0.3593136548995972,-0.06474670767784114,0.5243482112884522,0.4305187642574311,-0.028357044607400843,0.5331065058708191,0.3808894217014313,-0.04479360207915302,0.54812570810318,0.35626024603843687,-0.055503337085247004,0.5641278982162476,0.3375763654708862,-0.0627053081989288,0.5278952479362489,0.43250278234481815,-0.02661877460777754,0.5338715314865112,0.3847188353538513,-0.0424003660678863,0.5473761677742004,0.35964274406433105,-0.05205885618925091,0.5606341719627381,0.34071931838989256,-0.05811282247304915,0.5314664483070374,0.4414327621459961,-0.0256115328520536,0.5323465824127197,0.4107212543487549,-0.038847551494836756,0.5359231531620026,0.39092861413955693,-0.0466619491577148,0.5401191949844361,0.3733947217464447,-0.05214234814047808
0.5450101733207703,0.5221728324890137,2.2803622812261895e-07,0.5497679591178894,0.507081961631775,-0.02021065931767222,0.550683307647705,0.4670798778533936,-0.0313251538202166,0.5543917655944824,0.4294580578804016,-0.03895360603928562,0.5592917680740357,0.3976453185081482,-0.04644392579793925,0.5269096374511719,0.43128480315208434,-0.029952821508049923,0.5255347847938538,0.39464227557182313,-0.04460603483021254,0.5284330248832703,0.3700557053089142,-0.05522535927593706,0.5340603113174439,0.34911326169967655,-0.06258333548903462,0.5261293649673462,0.4213196873664856,-0.026084522530436464,0.5315770030021668,0.3726876556873322,-0.04105868935585018,0.5435176253318786,0.3451350569725037,-0.05113459751009936,0.5568417906761169,0.32304792404174804,-0.05787984319031236,0.5266965866088867,0.4221726536750794,-0.023542412929236842,0.528681766986847,0.3754717946052551,-0.03880170248448844,0.5393061876296997,0.34821210503578187,-0.04877325445413584,0.5505824804306031,0.3264993846416473,-0.05488814748823641,0.5282572865486145,0.4322203755378723,-0.0219633528962731,0.5256770133972168,0.402063912153244,-0.034979990124702404,0.5269307613372802,0.3826706826686859,-0.042666295543313,0.5289808630943298,0.36556695103645326,-0.047855444625019984
0.544946837425232,0.5227788686752319,2.3499824521877597e-07,0.5536355972290039,0.5002753436565399,-0.01572225913405416,0.5565832495689392,0.45680668354034426,-0.02421969510614868,0.5602510333061218,0.41848328709602356,-0.030289460346102658,0.5646095871925354,0.3860731899738312,-0.03623928762972352,0.5327950954437256,0.42170236110687254,-0.021299143508076622,0.5345586061477662,0.3820689618587494,-0.03404071480035776,0.5394217610359192,0.35692375898361206,-0.04368993192911146,0.5464258790016174,0.3357026040554047,-0.05026814118027684,0.5275798082351685,0.41630579233169557,-0.019439844042062702,0.5322751998901367,0.3677682101726532,-0.03180352523922916,0.5418354630470276,0.3378872811794281,-0.04056117534637446,0.5528252363204956,0.3134243607521057,-0.046441631764173485,0.5236331462860108,0.42232832312583923,-0.01902345754206176,0.5235016226768494,0.37490316629409787,-0.03227027207612988,0.531461763381958,0.345207154750824,-0.04097020030021663,0.540520429611206,0.3202509760856628,-0.046290705353021606,0.5209251761436463,0.4379935264587402,-0.019382294639945,0.5147790670394897,0.409175181388855,-0.03130192086100572,0.5124375641345978,0.3888400554656983,-0.03798958286643026,0.5112901329994202,0.369996601343155,-0.04234999343752856
0.5448615431785584,0.5238714933395385,2.430021908139679e-07,0.5578965306282044,0.4939558923244476,-0.01161408424377438,0.5631745338439942,0.4469271540641785,-0.017544051632285083,0.5668667078018189,0.4075009286403656,-0.022053708508610662,0.5712169408798218,0.37454416751861574,-0.0264859031885862,0.5392305731773377,0.4116225004196167,-0.013034913316369,0.5441904544830323,0.36814441680908205,-0.023836435377597737,0.5504755020141601,0.34167760610580444,-0.03244700990617272,0.5580462932586671,0.31939172148704537,-0.03823881745338435,0.5291204810142518,0.4107520937919617,-0.013018754310905881,0.5328386902809144,0.36144790649414066,-0.02274413891136642,0.5392860174179077,0.32893777489662174,-0.030163589119911145,0.5470471382141113,0.30171827673912044,-0.03516675569117066,0.520393455028534,0.4217649221420289,-0.014562077820301021,0.5181431770324707,0.373499983549118,-0.025636820495128602,0.5226569890975953,0.34110644459724426,-0.033023780584335284,0.5287137866020203,0.3128597974777221,-0.037531620636582365,0.5132175445556642,0.44290438890457146,-0.01674765069037672,0.5033038437366486,0.4149853825569153,-0.02742851041257374,0.4974250078201294,0.3938214361667633,-0.0330224238336086,0.4932510852813721,0.37334268689155586,-0.036456441506743376
0.5444065928459167,0.5235321164131165,2.3312096857353027e-07,0.5606582760810852,0.4953647553920746,-0.01126496922224756,0.5674227118492128,0.449383294582367,-0.01665434204041954,0.5711934208869934,0.40936794281005856,-0.020965584367513602,0.5763676166534424,0.3765344500541687,-0.02515198215842244,0.5452177286148072,0.4049459874629974,-0.01038707289844746,0.5516752243041992,0.3597640097141266,-0.0205774158239364,0.5576899647712708,0.3325004816055298,-0.028879108652472462,0.5640189409255981,0.3094906210899353,-0.034402176737785305,0.5310519218444825,0.40320969223976133,-0.010640402324497642,0.5335195422172546,0.35334584116935736,-0.018978810310363723,0.537054717540741,0.3198977649211883,-0.025504526868462524,0.5413298010826111,0.29137439727783204,-0.029944759607315023,0.518263840675354,0.41462349891662603,-0.01265950296074148,0.5138754963874818,0.36597332954406736,-0.022408951446413965,0.5150104641914368,0.3338367760181427,-0.0289572581648826,0.5178909301757812,0.3049066007137298,-0.032969342172145824,0.5075841784477233,0.437541651725769,-0.015489028953015783,0.4952334284782409,0.4093278288841248,-0.02535012438893312,0.48714199662208557,0.3876909792423249,-0.030321209877729377,0.48099975585937504,0.36615726947784427,-0.033212277665734244
0.5425996184349061,0.5256680607795715,2.3353610174581262e-07,0.5609172940254212,0.49752575159072876,-0.012028098851442301,0.5692872405052185,0.45171878933906556,-0.017365909740328762,0.574060320854187,0.4104998767375946,-0.0216250460594892,0.5806406259536743,0.37732393741607667,-0.025661894679069482,0.5474451184272766,0.4012149155139923,-0.00931605733931058,0.5532970905303956,0.3545250713825226,-0.018834088370203922,0.5578886389732362,0.3253261804580689,-0.026711603254079785,0.5622393250465394,0.3006733119487762,-0.03197424747049804,0.5317868947982789,0.39864093661308286,-0.00909348241984838,0.5330493927001954,0.3472582757472992,-0.01627979874610896,0.53458172082901,0.31285316348075864,-0.02206937596201892,0.536250102519989,0.28375166058540346,-0.026017602905631022,0.5177940130233765,0.40963736772537235,-0.010769055411219561,0.5127642035484314,0.3607164740562439,-0.019201450794935182,0.51194908618927,0.3293155610561371,-0.02470135837793344,0.5126742362976074,0.30094600319862364,-0.028074796497821783,0.5060235857963562,0.4328602790832519,-0.01348509937524792,0.49413613080978386,0.403912216424942,-0.02218875288963312,0.486750328540802,0.38312934637069707,-0.02603570297360416,0.4809818267822266,0.36218709349632267,-0.02804605439305302
0.5417527198791504,0.5277171850204468,2.3550679202344326e-07,0.5611316680908203,0.49963391423225406,-0.013101800903677902,0.5704890847206117,0.4534025490283966,-0.01862752493470904,0.5759184956550598,0.4110931932926178,-0.02290889434516426,0.5836857199668884,0.3776822566986084,-0.0269216693937778,0.5486320018768311,0.3991348206996918,-0.0097573718056082,0.5545080065727234,0.3503886640071869,-0.01893675364553924,0.558032774925232,0.31978961825370783,-0.02650898471474642,0.560940182209015,0.29405365586280824,-0.031614384055137584,0.5322542071342469,0.39656671285629275,-0.0089867683127522,0.532991087436676,0.3430048286914826,-0.01575623974204058,0.5333100914955139,0.3080151498317718,-0.02126732431352134,0.5335402250289917,0.27875118851661684,-0.02498786635696882,0.5178791761398316,0.40766285061836244,-0.010165131837129561,0.5127137541770935,0.35830467939376826,-0.018039479851722662,0.5106916189193726,0.3267389416694641,-0.023244979232549604,0.5101497292518615,0.29847334623336785,-0.026434519514441465,0.5058485388755798,0.43105515241622916,-0.01254109665751452,0.49404673576354974,0.4016089797019958,-0.02079619765281672,0.4869012296199799,0.3811385750770569,-0.02430746667087072,0.4814769625663758,0.3606597125530243,-0.026004248857498143
0.5410778284072876,0.5304123640060425,2.3353605911324847e-07,0.5614161491394043,0.5022760748863221,-0.0141488710418343,0.5717648029327393,0.4552076756954193,-0.01982092075049874,0.5779254198074342,0.4118322491645813,-0.02410319484770294,0.586907172203064,0.3784233689308167,-0.028089691698551123,0.5500010609626771,0.3972379982471467,-0.010383386723697121,0.5558156251907349,0.3463083744049072,-0.01939325630664822,0.5584147453308106,0.31427815556526184,-0.026795353740453658,0.5600663781166078,0.28725406527519226,-0.031841378659009885,0.532893717288971,0.3948475241661072,-0.00916905812919136,0.5330515384674073,0.33892104625701913,-0.01569959148764604,0.5322124838829041,0.30329399704933163,-0.02105420902371402,0.5311613202095032,0.2736445009708405,-0.02466542348265642,0.5181044220924378,0.4061599373817444,-0.009952616877853841,0.5129752159118652,0.35614080429077144,-0.01738208904862398,0.5098984599113465,0.3241565704345703,-0.022330875694751683,0.5082301735877991,0.2956774234771728,-0.025397067144513102,0.5057021141052246,0.4297961771488189,-0.0120942279696464,0.4943500399589539,0.3994677901268005,-0.0198934860527515,0.4876281261444092,0.379112696647644,-0.0230267468839883,0.48259386420249945,0.35891897082328794,-0.0244343541562557
0.540150809288025,0.5336003780364991,2.3296644258152813e-07,0.561091673374176,0.5054534554481507,-0.015145694650709581,0.57232084274292,0.45784497857093814,-0.021070392057299582,0.5791897892951966,0.4135925531387329,-0.02545950338244434,0.5890796422958375,0.3798147976398468,-0.029457943886518442,0.5508895754814149,0.3961376667022705,-0.010511711053550182,0.5567495346069335,0.3438775300979614,-0.019320177286863298,0.5590120077133178,0.31127139925956726,-0.02666806615889066,0.56023770570755,0.28356225490570064,-0.03171588778495784,0.5336504101753234,0.39390163421630864,-0.008825911581516221,0.5337641835212708,0.33675312399864205,-0.01506744809448712,0.532516634464264,0.30088735222816465,-0.0203301794826984,0.5310362577438356,0.27099868655204773,-0.023905699327588018,0.5187297940254212,0.4055291056632995,-0.009229869209229902,0.5140050053596497,0.3553357720375061,-0.0162814144045114,0.5107776284217835,0.32339547872543334,-0.020928501710295623,0.5088953971862793,0.29472391009330745,-0.023846663534641224,0.5059915781021118,0.4294320702552795,-0.01114412564784284,0.49551764130592346,0.39855447411537165,-0.0184514261782169,0.4894353270530701,0.37821517586708076,-0.021163000166416077,0.4849072515964508,0.35811010003089905,-0.02230723090469834
0.5398025155067444,0.5369354724884033,2.2961296508583476e-07,0.5610048294067382,0.5081221222877503,-0.015411339513957461,0.5724380850791931,0.45970774888992316,-0.02153176926076408,0.5792909622192384,0.4152132749557495,-0.02614978589117522,0.5899421572685242,0.3812561511993408,-0.03040376566350456,0.5514919519424438,0.39690650105476377,-0.01079061292111866,0.5575102925300599,0.3437986791133881,-0.019827478751540138,0.5598334193229675,0.31091813445091243,-0.0273802544921636,0.5610985398292542,0.2825597286224365,-0.0326164804399013,0.5343638896942139,0.39527505040168764,-0.00916896369308228,0.5349361300468445,0.3375942945480347,-0.015683235228061622,0.5338868618011475,0.3015273034572601,-0.02122689448297018,0.5325219869613648,0.2710143983364105,-0.02506798207759852,0.5194191336631775,0.40747309923172,-0.00964867714792484,0.5154136419296265,0.3569502115249633,-0.0168398324400186,0.5124984741210937,0.32476205825805665,-0.021402895450592003,0.5108113765716553,0.29559718966484066,-0.024321706220507583,0.5063903570175171,0.4317727029323577,-0.01168257221579546,0.4969851136207581,0.3996447086334228,-0.01887336038053032,0.4917129218578339,0.3785248219966888,-0.02136567234992972,0.487767493724823,0.3578262209892273,-0.02243858650326726
0.5399164319038392,0.5394970059394837,2.267642571496254e-07,0.5611654639244079,0.5100713014602661,-0.015482131578028161,0.5724936962127686,0.4612135171890259,-0.02182171605527396,0.5791392087936402,0.4166657626628876,-0.026719922944903322,0.5901782274246217,0.38250225782394415,-0.0313122414052486,0.5517834305763245,0.39838212728500366,-0.0112204881384968,0.5579735159873963,0.34483532309532167,-0.0206969585269689,0.5605116724967957,0.31174204945564266,-0.028599123656749683,0.5619940757751465,0.28271654844284055,-0.03413607515394682,0.5348719954490662,0.3972607493400574,-0.00981268454343074,0.5359367847442627,0.3396400511264801,-0.01689456254243846,0.5351725935935974,0.3034551441669464,-0.022913168370723665,0.5340489625930787,0.2722560465335846,-0.02717896662652488,0.5199705719947815,0.40985363125801083,-0.0105030653998255,0.5166299939155579,0.35893849730491634,-0.01816971041262144,0.5141692519187928,0.3263417303562164,-0.02291047759354112,0.512827742099762,0.29658307433128356,-0.026006082072854,0.5067242145538331,0.43436243534088126,-0.01274344585835928,0.49811941385269165,0.40116139054298394,-0.020179715380072558,0.4935060441493988,0.37919040918350216,-0.02275563254952422,0.49003316760063176,0.3576498508453369,-0.023982527107000322
0.5394492030143738,0.5424607515335084,2.2613064061260964e-07,0.5609821081161499,0.5130343079566956,-0.01586020626127716,0.5723671436309814,0.463714474439621,-0.02246677018702024,0.5789324998855592,0.4187756597995758,-0.027607982233166642,0.5905299305915833,0.3842966020107269,-0.032489845529198605,0.5518184781074524,0.40075004696846006,-0.011835183762013842,0.5582659959793091,0.34684002995491026,-0.02171507403254502,0.5609537363052368,0.3134200036525726,-0.0299564484506845,0.5625460028648377,0.2836235105991363,-0.03578474819660182,0.5351027727127076,0.39985845088958744,-0.01039814502000802,0.5368733763694764,0.34218016266822815,-0.017957645654678302,0.5365168690681458,0.30582010149955746,-0.024374772980809145,0.5357439875602722,0.2738997519016266,-0.0290136698633432,0.5202737331390381,0.41257211565971375,-0.011077999509870921,0.5178199887275696,0.3613094329833984,-0.01909151114523406,0.5160327434539795,0.32833515405654906,-0.0239380333572626,0.5152169108390808,0.29812499284744265,-0.02716414667665954,0.5068472981452943,0.4369797587394714,-0.01333953440189356,0.49936890602111816,0.402519679069519,-0.020859689265489537,0.495649242401123,0.37961006164550776,-0.02345281057059758,0.4928136050701141,0.3572673678398133,-0.024803084507584543
0.5387771248817443,0.5452543020248413,2.302654110053482e-07,0.5607124090194702,0.5160290479660035,-0.01636079289019104,0.5721753120422364,0.46662188768386836,-0.02325768955051892,0.5785543203353882,0.4212360680103302,-0.02861416488885874,0.590746557712555,0.38641753792762756,-0.0337223574519157,0.5516388654708864,0.40351557135581967,-0.01214865092188112,0.5584678173065186,0.34941813349723816,-0.022106981277465743,0.561258590221405,0.3157631874084472,-0.030495659261941862,0.5628814101219177,0.2854654967784882,-0.03649557381868356,0.5350367546081543,0.4026378810405732,-0.010443781688809321,0.5376079440116883,0.34525911808013915,-0.01815541423857208,0.5376098990440369,0.3088420450687408,-0.024817271158099105,0.5370817065238953,0.2765415847301483,-0.029704951122403105,0.5202515959739685,0.41521671414375305,-0.010881977528333581,0.5187710404396058,0.3638236582279205,-0.01898517236113542,0.5176511764526368,0.3307760000228882,-0.02388881295919416,0.5173620700836181,0.30063855051994326,-0.02719074115157122,0.5067288637161256,0.4392748951911926,-0.01294054836034768,0.5001839399337769,0.40379900336265556,-0.02041604332625862,0.4972633898258209,0.38016411066055295,-0.023037888854742002,0.49512920379638675,0.35735235214233396,-0.024478689208626704
0.5380055427551269,0.5470701813697816,2.3803771114216947e-07,0.5605907797813415,0.5182838916778565,-0.01635427586734292,0.5719061255455018,0.4689486861228943,-0.02334224916994566,0.5781998038291931,0.4230139970779419,-0.028668299689888904,0.5908929347991944,0.38841800689697265,-0.0337708361446857,0.5508351922035217,0.40668112635612486,-0.012708783335983681,0.5581727862358093,0.35144196152687074,-0.02237152159214012,0.5612197399139405,0.31753934621810914,-0.030441246181726424,0.5629299283027649,0.28727280497550967,-0.03622530922293656,0.5340916872024536,0.4059085071086884,-0.010663479194045,0.5375640153884889,0.34750539660453794,-0.01811965852975842,0.538238251209259,0.31074611544609065,-0.024546508491039204,0.5381187796592712,0.2787569642066955,-0.02930084317922588,0.5194028973579408,0.41840928196907046,-0.010658201668411419,0.518666660785675,0.36598494052886965,-0.018348468467593117,0.5183209657669068,0.33254494667053225,-0.023175893910229183,0.5185569405555726,0.30279392600059507,-0.02650632150471206,0.5062602996826172,0.44193216562271115,-0.01222770186141126,0.5004900991916656,0.40516511797904964,-0.019337195158004722,0.49821182489395144,0.38084768056869506,-0.02196477819234128,0.4966484785079956,0.35801899433135986,-0.023477144166827165
0.5370179653167725,0.547950005531311,2.4716034090488393e-07,0.5601629614830017,0.5201459407806397,-0.016580313630402063,0.5716268658638001,0.4711169242858887,-0.0235545333474874,0.5781596422195434,0.4244988381862641,-0.028653151541948266,0.5912201523780822,0.39024858474731444,-0.03347057029604908,0.5499916911125183,0.40885339975357055,-0.012915498204529221,0.5577455520629884,0.352783477306366,-0.02195187844336026,0.5610207676887512,0.3189071893692017,-0.02953580021858212,0.5628082275390626,0.288950914144516,-0.034955693036317764,0.5330181241035462,0.40778196454048155,-0.0102266121655702,0.5371556758880616,0.34839058518409727,-0.01695976890623566,0.5382893681526184,0.3114519834518432,-0.022843329980969364,0.5384521484375,0.2800028324127197,-0.027219098433852163,0.5183667182922364,0.4198459327220917,-0.009518789127469,0.5182478666305542,0.36693014502525334,-0.0163411617279052,0.5184962630271912,0.3334539890289307,-0.020866032317280743,0.5191805839538575,0.30433979034423825,-0.02406575679779048,0.5055468678474426,0.44257843494415283,-0.010394296422600681,0.5003416776657105,0.4051034033298493,-0.01670714616775508,0.49850407838821414,0.38077092170715326,-0.01907575055956836,0.49737201333045955,0.35849695205688475,-0.020458240061998326
0.5362592697143556,0.5505370855331421,2.5454928049839513e-07,0.559467113018036,0.523257315158844,-0.016993927210569342,0.5710904479026795,0.47435326576232906,-0.0240818709135055,0.5779268741607666,0.4276502788066864,-0.02918952703475946,0.5912013173103332,0.393450403213501,-0.03397929891943928,0.5492011427879333,0.4124034821987152,-0.013016521185636459,0.5573376893997193,0.356180989742279,-0.02194003276526922,0.5608593106269837,0.32220092415809637,-0.029493818059563602,0.5628402590751648,0.29222825169563293,-0.03487559482455248,0.5321704030036927,0.41097109913825985,-0.01001058295369144,0.5367859721183778,0.351091456413269,-0.01659082360565658,0.5383173108100892,0.3137962281703949,-0.022431992739438942,0.5388380885124207,0.28224750757217404,-0.026772035285830463,0.5175395607948303,0.4226629376411438,-0.009020622260868501,0.5180739879608154,0.36928484439849857,-0.01566852778196328,0.5189334154129028,0.3355782568454742,-0.020164263993501623,0.5201517820358277,0.30658084750175474,-0.023335276171565,0.5047638535499573,0.4448854446411133,-0.009653705731034221,0.5001570045948028,0.40664803981781006,-0.01576733328402038,0.49872983098030094,0.3819622457027435,-0.0180651497095823,0.49800519943237304,0.3596170365810394,-0.019410339370369862
0.5354868531227113,0.5532180309295655,2.6160274728681544e-07,0.5588319420814515,0.5260088443756104,-0.0169826857745647,0.5704947352409363,0.4775475740432739,-0.02417891845107074,0.5775356531143189,0.4307154834270477,-0.029317548498511245,0.5910738587379456,0.39688362479209904,-0.03411319106817242,0.5481580376625061,0.4161880433559418,-0.01322298347949976,0.5567384481430054,0.35927819609642025,-0.021916097775101624,0.560651707649231,0.32538412213325507,-0.029254451021552063,0.5629683375358582,0.2956725835800171,-0.034438163042068426,0.5309727668762207,0.414515084028244,-0.0099933266639709,0.53614000082016,0.35374838113784784,-0.01628699153661724,0.538090455532074,0.31617363095283507,-0.0218728426843881,0.5389589071273804,0.2847427248954773,-0.0260124638676643,0.5163684129714966,0.425855016708374,-0.00872590001672502,0.5175401329994201,0.37168572545051576,-0.014969138801097803,0.5188889622688294,0.33778514862060544,-0.019305252283811525,0.5205573439598083,0.30907954573631286,-0.022392176836729,0.5037873387336731,0.4475822985172272,-0.0090663101524114,0.4994716107845306,0.40862520337104796,-0.014777280762791601,0.4982789993286133,0.3838450312614441,-0.016901787370443302,0.4978618025779724,0.36183662414550777,-0.01813616715371602
0.5342926383018494,0.5559612393379212,2.704484643345495e-07,0.5580047130584718,0.5289948701858521,-0.016754293441772424,0.5696242690086364,0.4809532046318054,-0.02386865504086012,0.5769543290138245,0.433946830034256,-0.0288395214825868,0.5907657623291016,0.4004485666751862,-0.03343081697821614,0.5466894268989564,0.41943506598472596,-0.01300195865333074,0.5557639479637146,0.3615927994251251,-0.02113222666084762,0.5600688219070435,0.32797541618347165,-0.02803595103323456,0.5626455783843994,0.2988168358802795,-0.032872752845287276,0.5293378710746766,0.4176844358444214,-0.0095040348358452,0.5351264357566834,0.3556749403476715,-0.015158500894904102,0.5376607775688171,0.31790311336517335,-0.02031953819096082,0.5389389991760254,0.2868970036506653,-0.024151795729994742,0.5147831082344055,0.4289927065372467,-0.00789818530902262,0.5163957238197328,0.3740644156932831,-0.0134245585650205,0.5182196140289307,0.33990447521209716,-0.01759043559432026,0.5202967405319214,0.31150628328323365,-0.020631584525108302,0.502553504705429,0.4504554092884064,-0.007863656617701002,0.4983085215091705,0.410955673456192,-0.012979990430176221,0.4972862720489502,0.386087703704834,-0.01494239587336774,0.49717472195625306,0.36439318060874937,-0.01609624531120056
0.5334720134735108,0.5587026953697205,2.732136067606916e-07,0.5572450757026672,0.5316984057426453,-0.01670302599668498,0.5688594937324525,0.48371360898017884,-0.02377886064350598,0.5763354897499084,0.43684699535369875,-0.028723140433430622,0.5902873635292053,0.40344055294990544,-0.03328099250793454,0.5457754015922547,0.4219829857349396,-0.01264251135289662,0.5550519824028015,0.364163464307785,-0.0206442635506391,0.5595493435859681,0.33074323534965516,-0.02753222621977324,0.562309730052948,0.30178821086883545,-0.032355047762393924,0.5283746123313904,0.4201290965080261,-0.00914252977818248,0.5343738794326783,0.3579191744327545,-0.014643251895904503,0.5371613025665284,0.3201376914978028,-0.01981457285583012,0.5387274384498596,0.289099383354187,-0.02366046272218224,0.5138004899024964,0.4314294159412384,-0.00755088152363892,0.5157167196273804,0.37627176046371463,-0.012955648452043481,0.5177869319915771,0.3419701814651489,-0.017170953564345802,0.5201462388038636,0.31359156370162966,-0.0202566001564264,0.5016094326972961,0.45293380618095397,-0.00753168286755676,0.4973672866821289,0.4132725477218628,-0.012552591785788502,0.4963983118534089,0.3882604897022247,-0.01451466660946604,0.4964357972145081,0.3665197730064392,-0.01567880250513548
0.532859468460083,0.5637849926948547,2.7062861818194506e-07,0.5561666131019593,0.5358785390853882,-0.01659448631107802,0.5677276253700256,0.48696656823158263,-0.023590883240103642,0.5754606842994691,0.44056785106658936,-0.02864418104290958,0.5893251776695252,0.40745893716812137,-0.03335088714957234,0.5447168827056885,0.4262653410434723,-0.01228181011974804,0.5539363026618958,0.3690867304801941,-0.02081575840711588,0.558532214164734,0.3354691386222839,-0.02819618321955198,0.5615003228187561,0.30609050989151,-0.03335807323455808,0.5275200009346008,0.4243326783180237,-0.009271694906055901,0.5333855986595154,0.3627034306526184,-0.015315549820661502,0.5362427473068238,0.3246032595634461,-0.020981292426586085,0.5380871534347534,0.2926709532737732,-0.02517029419541356,0.51295964717865,0.4355446696281433,-0.00825160145759578,0.5150588989257813,0.38065038919448857,-0.01426638774573798,0.5173845410346986,0.34607202410697935,-0.018695700541138602,0.5200818777084351,0.31706051230430604,-0.0218473359942436,0.5004398822784424,0.457199090719223,-0.00883351489901538,0.49620116949081416,0.41755554676055906,-0.014300127699971162,0.4953331291675568,0.39215053319931026,-0.0163446698337793,0.49553193449974064,0.36976832151412964,-0.01754458323121066
0.5315944910049439,0.5679156422615051,2.716810399761016e-07,0.5551518797874451,0.539647102355957,-0.016365068778395622,0.5666956186294556,0.4902095675468445,-0.023284699395298883,0.5745948195457459,0.44358499646186833,-0.028306794166564904,0.5886218070983887,0.4109791457653046,-0.033018526434898346,0.5431516408920288,0.43045082688331604,-0.01246367003768676,0.5524070024490357,0.3730641305446625,-0.021127061918377817,0.5571179747581483,0.3392935097217559,-0.02853941619396204,0.5602288722991944,0.3098758220672607,-0.0336837403476238,0.52588951587677,0.4285501420497895,-0.009583915770053821,0.5318627715110779,0.3666331768035888,-0.0157219428569078,0.5348940491676331,0.328206205368042,-0.021336144581437042,0.5370177507400512,0.2959642767906189,-0.0254649184644222,0.5113855481147767,0.4396783173084259,-0.00866200812160964,0.5135572552680969,0.38447930812835696,-0.01467090547084804,0.5160564064979554,0.349670273065567,-0.01906009726226326,0.5190310835838318,0.32061576247215273,-0.02216835916042326,0.4989837169647217,0.4612769842147827,-0.0093316519632935,0.4946926355361938,0.4215839982032776,-0.014738254249095882,0.4938352704048157,0.3959772288799286,-0.01676805689930912,0.4941058933734894,0.37361555695533755,-0.01795288920402522
0.5308008670806885,0.5726197361946106,2.7281723760097524e-07,0.554125463962555,0.5441642284393311,-0.01646486595273014,0.565520989894867,0.49383507370948787,-0.023262355849146762,0.5735524654388429,0.44721525907516485,-0.028218099102377863,0.5875674962997437,0.4149238884449005,-0.03285672068595882,0.5416982293128967,0.4344882011413574,-0.012283051945269042,0.5508414268493653,0.37748604416847226,-0.02122276984155172,0.5555495977401733,0.343392676115036,-0.028910875320434522,0.5587617754936218,0.3136400103569031,-0.03423734530806538,0.5245318174362184,0.43249001502990725,-0.009541260823607402,0.5303409337997437,0.3710744976997375,-0.0159364584833383,0.5333333492279053,0.3322296738624573,-0.021740150079131063,0.5355715870857239,0.29941364526748654,-0.025974034145474403,0.5100622415542603,0.4435247600078583,-0.00883213747292752,0.5121007442474366,0.38839355707168577,-0.015147380158305121,0.5146489262580872,0.35325641632080074,-0.01961651667952534,0.5177507519721984,0.32384917140007025,-0.02270366661250588,0.49756417870521547,0.465196269750595,-0.0097592024132609,0.49312109351158145,0.42584998011589054,-0.01542074047029014,0.4921804487705231,0.3999533116817474,-0.01753669045865532,0.49245224595069886,0.3772391378879547,-0.0187417276203632
0.5303231358528138,0.5777604818344116,2.7129382829116366e-07,0.5530765771865845,0.5486136674880981,-0.016620160639286,0.564342224597931,0.49762029647827144,-0.023585880547761843,0.5724690914154054,0.45138878226280216,-0.028830835595726922,0.5863242268562316,0.4191572368144989,-0.0338296234607696,0.5403569221496581,0.43983020186424254,-0.01298699826002114,0.5492549777030945,0.3832378208637237,-0.02288580983877176,0.5538554310798646,0.34840841293334956,-0.03122410327196118,0.5571251630783082,0.3178560554981232,-0.03695023953914638,0.5234715223312378,0.43777070045471195,-0.01068798312917346,0.5289272189140319,0.37663363814353945,-0.018052429705858183,0.5317287087440491,0.3370536148548126,-0.024376868456602044,0.5339988708496094,0.3031049072742462,-0.028913535177707644,0.5090902090072632,0.44858710169792176,-0.010482121910899821,0.5108012795448303,0.39322422146797176,-0.01772029735147948,0.5132440328598022,0.3575377941131592,-0.022400659322738603,0.5163908839225769,0.32730816006660457,-0.0255012564361095,0.4963432550430298,0.4701915800571442,-0.011951177008450001,0.4917397141456604,0.43093093037605285,-0.01831824537366624,0.49064319729804995,0.4045960307121277,-0.020614325441420042,0.49074968695640564,0.38127145171165466,-0.021879255212843382
0.529845404624939,0.5829012274742127,2.6977041898135214e-07,0.5520276904106141,0.5530631065368653,-0.016775455325841862,0.5631634593009949,0.501405519247055,-0.023909405246376924,0.5713857173919679,0.45556230545043946,-0.02944357208907598,0.5850809574127198,0.4233905851840973,-0.03480252623558038,0.5390156149864197,0.4451722025871277,-0.013690944574773241,0.5476685285568238,0.3889895975589752,-0.024548849835991798,0.5521612644195557,0.3534241497516632,-0.03353733122348784,0.5554885506629944,0.32207210063934333,-0.039663133770227385,0.5224112272262573,0.44305138587951665,-0.01183470543473952,0.5275135040283203,0.38219277858734135,-0.02016840092837806,0.5301240682601929,0.341877555847168,-0.027013586834073025,0.5324261546134949,0.30679616928100584,-0.03185303620994088,0.5081181764602661,0.45364944338798524,-0.012132106348872122,0.5095018148422241,0.39805488586425775,-0.020293214544653843,0.5118391394615174,0.3618191719055176,-0.025184801965951863,0.5150310158729554,0.33076714873313906,-0.028298846259713118,0.49512233138084416,0.4751868903636932,-0.014143151603639104,0.49035833477973934,0.4360118806362152,-0.021215750277042342,0.48910594582557676,0.40923874974250796,-0.02369196042418476,0.4890471279621124,0.3853037655353546,-0.02501678280532356
0.5290553569793702,0.5863779187202454,2.7326044573783296e-07,0.5510899543762208,0.5566363215446473,-0.01676497310400004,0.5621238589286804,0.5053789675235748,-0.024091020599007543,0.5704190611839295,0.4597117960453034,-0.02978928387165062,0.5841553092002869,0.42750589251518245,-0.035365954786539006,0.5373422980308533,0.44947479963302617,-0.014473252743482521,0.5460110306739807,0.3931107640266418,-0.02564852535724634,0.5504699110984803,0.35723038911819455,-0.0347719945013523,0.5537633895874023,0.3257419049739838,-0.04094522744417187,0.5207795858383178,0.44733022451400756,-0.012703318335115841,0.5259160041809082,0.38586782217025756,-0.02136640623211856,0.5285115122795105,0.3450871825218201,-0.028267775848507842,0.530775249004364,0.3097172737121582,-0.03309154771268364,0.506562864780426,0.4579375088214874,-0.013038257881998961,0.5077652931213379,0.4013675808906555,-0.021472493559122043,0.5099847793579102,0.364574271440506,-0.026479921489953942,0.5130838036537171,0.3331918179988861,-0.02963278181850904,0.49374749064445494,0.47948954105377195,-0.01505616921931502,0.48880050778388984,0.4401688873767853,-0.02242791131138798,0.48728350996971126,0.41312225461006163,-0.025086911767721144,0.48693859577178955,0.38913314938545224,-0.026489492133259723
0.5286761641502381,0.5902947306632996,2.752197246991273e-07,0.5501865386962891,0.5598554849624634,-0.01646770723164076,0.5610446810722352,0.5087606310844421,-0.02389399297535414,0.5693557739257813,0.4637135922908783,-0.02976170219480984,0.5828893423080446,0.43140735030174254,-0.03559709414839738,0.5358771800994874,0.45366818904876716,-0.01493371129035942,0.5443698763847351,0.39732878208160405,-0.02654786407947534,0.5487498044967651,0.36108216047286984,-0.03595347106456756,0.5520195007324219,0.32915900349617006,-0.042296775430440865,0.5195469856262207,0.45159914493560793,-0.01351832952350372,0.5244738936424256,0.38986040353775026,-0.02263783849775786,0.5269394516944885,0.3486280381679535,-0.029794437810778576,0.5290521621704102,0.3127001583576202,-0.03478139527142044,0.5053902387619019,0.4622852623462677,-0.01416262723505492,0.5062628030776978,0.40520237088203426,-0.02301273904740806,0.5084038257598877,0.367883163690567,-0.028172299265861463,0.5114086389541627,0.33581025004386894,-0.0314082853496074,0.4924966931343079,0.48388984203338625,-0.01644261125475166,0.4872202396392823,0.44445860385894775,-0.02419001683592792,0.485597687959671,0.4170487582683563,-0.02699330970644946,0.48516608476638795,0.39258231520652764,-0.0284803014248609
0.5279478549957275,0.5938809752464295,2.786308527902293e-07,0.5492135047912599,0.5628039479255676,-0.016313868016004502,0.5600316762924195,0.5120909690856933,-0.02394590303301806,0.5683653354644775,0.4675120413303375,-0.030067767202854083,0.5817086935043335,0.43489611744880674,-0.03623965308070178,0.5342495679855347,0.4576816320419312,-0.0154443642124533,0.5426025867462159,0.400981467962265,-0.027410357445478383,0.5469101786613464,0.36445258855819695,-0.03699618354439734,0.5500703573226929,0.3323438107967377,-0.04343359544873234,0.5180136680603027,0.4558619558811188,-0.014273249544203219,0.5228116393089295,0.39344135522842405,-0.023769531399011563,0.525148904323578,0.3519003927707672,-0.031149981170892682,0.5270784378051758,0.3157057464122772,-0.03628722131252286,0.5039280652999879,0.4667777359485626,-0.01512110158801074,0.5046281814575195,0.4091740608215332,-0.02427161745727058,0.5066277861595154,0.37136777043342595,-0.02962982282042498,0.5094955205917359,0.3386484801769256,-0.03302344381809228,0.49106769561767577,0.4885234355926514,-0.01756125688552854,0.4857333958148956,0.4489315152168274,-0.025585329905152283,0.48407291173934935,0.4212035298347473,-0.028553900495171505,0.4835725426673889,0.3962713122367859,-0.030167708545923183
0.5273582935333252,0.5964924454689026,2.820823738147737e-07,0.548471236228943,0.5650198698043823,-0.01622580215334886,0.5592889666557312,0.5145224452018738,-0.023981609940528822,0.5676287412643433,0.47010483741760256,-0.030249873548746038,0.5808563590049745,0.437255173921585,-0.0366006143391132,0.5329678416252136,0.4603471100330353,-0.01561446785926814,0.5412253856658936,0.4034573793411255,-0.027737825736403425,0.5454710006713867,0.366808021068573,-0.03740538656711576,0.5485327482223511,0.3346217513084412,-0.04389009401202198,0.5167448043823242,0.4586218237876892,-0.014561647735536042,0.5214921236038208,0.39592634439468377,-0.024222831055521903,0.5236823439598084,0.3542463481426239,-0.031697136163711524,0.5253983259201049,0.31791846752166747,-0.03689988702535626,0.5027139902114868,0.46971098184585575,-0.015512260794639542,0.5033740997314454,0.41186031699180603,-0.02480280399322506,0.5052548050880432,0.3738030374050141,-0.03024992868304248,0.5079671621322632,0.3406847178936004,-0.03372245840728276,0.4899102985858917,0.491680783033371,-0.01802867688238618,0.48457584381103513,0.45215306878089906,-0.02620663829147812,0.4829255163669586,0.4242324888706207,-0.029266102239489503,0.48241466879844663,0.39896050095558167,-0.030945217981934496
0.5267126798629761,0.5994499921798706,2.835136513112957e-07,0.5475751519203187,0.5675236225128174,-0.01604286171495908,0.5583166837692262,0.5172685027122499,-0.02384596616029734,0.5665827155113221,0.4732579648494721,-0.030220719054341257,0.5796511530876161,0.4403433799743652,-0.03672232404351232,0.531538212299347,0.46309081912040717,-0.01553647257387634,0.5395554780960083,0.40637109875679017,-0.027767505496740303,0.5436512351036072,0.3698062121868133,-0.03754470348358151,0.5465618968009949,0.33755809664726255,-0.044121201336383774,0.5153587460517883,0.46163050532341,-0.014673583023250062,0.5199150681495667,0.39898762106895447,-0.02444347776472562,0.5219070076942445,0.35738112330436705,-0.032032389566302284,0.5233971595764161,0.32084615826606755,-0.0373362004756927,0.5013530552387238,0.4730400383472443,-0.015809261798858602,0.5019158303737641,0.4150961220264435,-0.025234743580222103,0.503662109375,0.37693771719932556,-0.030768110603094062,0.5062018632888794,0.3433561384677887,-0.03432230800390236,0.4885517001152039,0.49538410902023317,-0.01848454512655732,0.48311942219734183,0.4560808718204499,-0.0268078129738569,0.48145062327384947,0.4281926572322845,-0.029926323145627924,0.4808891713619232,0.40263041257858273,-0.031659995764493895
0.5259535193443299,0.602421796321869,2.8455814344852114e-07,0.5466410994529725,0.5701266646385194,-0.0159510646015405,0.5572638750076294,0.51972496509552,-0.02370713688433166,0.5654579162597657,0.4758766353130341,-0.030080546066164924,0.578359079360962,0.44286397099494934,-0.03659471198916434,0.5302540898323059,0.46581919193267823,-0.015245285071432562,0.537961745262146,0.40920327901840214,-0.027522520348429644,0.5419300794601442,0.3726311385631561,-0.037386903911828945,0.5447362184524537,0.3402964949607849,-0.0440318308770656,0.5141393542289734,0.4644937634468078,-0.014476323127746542,0.5184069991111756,0.40192182660102843,-0.024281584471464102,0.5202047228813171,0.3603283166885376,-0.03194875866174696,0.5215062618255615,0.3236396670341492,-0.03731676116585726,0.5001738131046296,0.4759778499603272,-0.01573265604674812,0.5005124270915986,0.418140059709549,-0.0251930512487888,0.5021368801593781,0.37996768355369565,-0.0307279825210571,0.504561197757721,0.3461491107940674,-0.03429452627897256,0.4873461425304413,0.49838521480560305,-0.01853296831250188,0.48183220624923706,0.4593355834484101,-0.026839362829923604,0.4801810264587402,0.4315263986587525,-0.029911937192082343,0.4796458661556244,0.40576691031455997,-0.03163698986172672
0.5248001337051391,0.6048821926116944,2.86516598180242e-07,0.5455339550971985,0.572886884212494,-0.01614991053938858,0.5561679840087891,0.5225261807441711,-0.023886298015713646,0.5643237590789795,0.47837412953376773,-0.030195518955588283,0.5772433400154113,0.44520694017410284,-0.03658766001462934,0.5288846492767334,0.46803640723228457,-0.0148785741999745,0.5364806056022644,0.41127713918685915,-0.026952223852276764,0.540359377861023,0.3747639894485473,-0.0367209188640117,0.5430047273635865,0.3425584077835083,-0.04329799041151994,0.512703251838684,0.466562271118164,-0.0138942182064056,0.5169393181800842,0.40394842028617856,-0.0234610322862863,0.5186153888702393,0.362465751171112,-0.0310103978961706,0.5197505593299866,0.3259340226650238,-0.03628049343824382,0.49875248074531553,0.477861887216568,-0.01497637126594778,0.49917851090431214,0.42017573118209844,-0.024205150827765424,0.5007288515567779,0.382106876373291,-0.02964902892708774,0.5030231356620789,0.34832603931427,-0.033160468190908385,0.4860124111175537,0.5000929951667786,-0.017637071758508663,0.48062429428100584,0.46139135360717776,-0.02572104632854458,0.47899621129035946,0.4338891863822937,-0.02867345772683614,0.4784214973449707,0.40833485722541807,-0.03031137995421882
0.5241193771362305,0.6066036343574525,2.8505980935733534e-07,0.5447914242744446,0.5745152592658996,-0.01599368751049034,0.5553900003433228,0.5240430593490601,-0.02360786385834212,0.5635066509246827,0.47989068031311044,-0.029818585142493182,0.5763862133026123,0.44675842523574827,-0.03610434159636494,0.5280748605728149,0.4694549083709717,-0.01453388724476094,0.5355239987373351,0.4128040611743927,-0.026497821882367083,0.5393446683883667,0.376359885931015,-0.0362244009971618,0.5419216990470886,0.3441565990447998,-0.042779195308685236,0.5119223237037659,0.46794762611389157,-0.013586567714810342,0.5160311222076416,0.4054246604442596,-0.02305522784590716,0.5176527976989745,0.36398088932037354,-0.03056648448109624,0.5187193274497985,0.3273970305919647,-0.035802545398473704,0.49796217083930966,0.47917538285255434,-0.014702268317341779,0.49831792712211614,0.4215603411197663,-0.023861492797732305,0.4998841464519501,0.38358608484268186,-0.029250176623463582,0.5021453976631165,0.34979133605957036,-0.03271140083670612,0.4852245271205902,0.5013086557388305,-0.01739114820957182,0.4797714948654175,0.4627522647380829,-0.02540178336203094,0.4781338214874267,0.4354287922382355,-0.028281082585453924,0.47750758528709414,0.40999323725700376,-0.02985829450190062
0.5231365323066711,0.6089843153953552,2.828499759743863e-07,0.543800401687622,0.5764947175979614,-0.015786773338913842,0.5544199347496033,0.5261175990104676,-0.0233445387333631,0.5625054836273193,0.48205962181091316,-0.029525537043809825,0.5753575086593629,0.4489207208156586,-0.03578272908926006,0.5270972371101379,0.4717041075229645,-0.014365545846521801,0.534419584274292,0.41507142782211304,-0.026274378597736302,0.5381724953651429,0.37857049107551577,-0.03596299737691872,0.5407050967216492,0.3462817668914795,-0.042501942068338336,0.5110061883926391,0.47008395195007324,-0.01349357925355432,0.514978039264679,0.40754575133323667,-0.02294735759496684,0.5165221333503723,0.3660547912120819,-0.030444070696830722,0.5175151824951172,0.3293312966823578,-0.0356732919812202,0.4970574796199798,0.4811431169509888,-0.014655967988073799,0.4972965776920319,0.4235228002071382,-0.02378351464867586,0.49884425997734066,0.3856157600879669,-0.029113657772541005,0.501072132587433,0.3518186330795288,-0.03253528252243992,0.4843209803104401,0.503065323829651,-0.01737618669867514,0.4786764204502106,0.4645855188369751,-0.02533579841256138,0.47705025672912593,0.4372461438179016,-0.028171079978346763,0.47644639611244205,0.4117524325847626,-0.029721589013934083
0.5224755048751831,0.6120641350746155,2.8272812642171634e-07,0.543160045146942,0.5788535475730896,-0.015658214688301024,0.5535281300544739,0.5284668564796449,-0.023346324637532202,0.5615625262260437,0.484251493215561,-0.02966385632753364,0.5745748043060303,0.4509357392787934,-0.03607807531952854,0.5262817502021789,0.4748070776462555,-0.014785514399409241,0.5334492206573487,0.41769737601280216,-0.026900896430015503,0.5371734499931335,0.38069173097610476,-0.036662467569112726,0.539695429801941,0.3480980396270752,-0.04324253574013704,0.5102984666824341,0.4730839908123016,-0.01401748098433014,0.5140267968177796,0.40997792482376094,-0.02376533523201938,0.515511691570282,0.36786219477653503,-0.031396118924021686,0.5164115309715271,0.3307504117488861,-0.036707536131143546,0.4964205861091613,0.4840023398399353,-0.0152268415316939,0.4963590919971466,0.42585147619247443,-0.024574126675724922,0.49789903759956355,0.3874647796154022,-0.030010299012064885,0.500133889913559,0.3534667074680328,-0.033480963110923745,0.48379148840904235,0.5057008862495422,-0.01795836649835108,0.47784334421157837,0.46676351428031915,-0.02610744312405582,0.47612853646278386,0.43882335424423213,-0.0290904223918914,0.4754677474498749,0.4129792392253876,-0.03073161840438836
0.5220256209373475,0.6144941568374634,2.8249883712305743e-07,0.5427446961402893,0.580643892288208,-0.01545314416289324,0.5529789328575134,0.5303982019424439,-0.02316173203289504,0.5609543919563293,0.48626930117607114,-0.02952881641685954,0.5740603566169739,0.45299816131591797,-0.03600004240870472,0.525657820701599,0.4769267618656159,-0.01483682543039316,0.5327531933784485,0.4196461677551269,-0.02698839940130704,0.5364176392555237,0.3824143409729004,-0.03675879016518588,0.5388381361961365,0.3496436715126037,-0.04335659444332118,0.5097147703170777,0.4751207888126373,-0.014184680394828281,0.5134039044380189,0.4117243647575378,-0.02403071671724314,0.5148553729057312,0.36933745741844176,-0.031715858727693495,0.5156467199325562,0.33197808265686035,-0.037079971283674226,0.4959038376808167,0.48601338267326355,-0.0154646566137671,0.49572537541389466,0.42773648500442507,-0.024855657666921563,0.4972978711128234,0.3892558395862579,-0.030300363525748185,0.4995343506336212,0.35519173741340637,-0.03378277122974392,0.48337210416793824,0.5077829480171203,-0.0182421840727329,0.47717511653900146,0.46858107447624203,-0.02641611881554122,0.47544068694114683,0.4402750670909882,-0.02942354604601854,0.47475730776786806,0.4141543328762054,-0.03109083585441106
0.5219826579093934,0.6162398576736451,2.8098261282138994e-07,0.5426724195480347,0.5817933559417724,-0.01517751626670356,0.5526696920394897,0.5315184354782104,-0.022840945050120305,0.5606359124183655,0.4875930905342103,-0.029218827933072962,0.5737971305847168,0.45457898974418637,-0.03572699949145314,0.5253647804260254,0.4783858716487885,-0.014848640188574742,0.5323224782943726,0.421146297454834,-0.027053944393992363,0.5358997225761414,0.3837591350078583,-0.036873745173215816,0.5382136940956116,0.35083625316619876,-0.0435335092246532,0.5094987750053406,0.47663269639015193,-0.014386432990431741,0.5130811452865601,0.4130997061729431,-0.0243562906980514,0.5144989252090455,0.37051549553871155,-0.03213788159191602,0.5151954412460327,0.3329225659370423,-0.03759842440485952,0.4957707285881043,0.48761976361274717,-0.01581300050020212,0.4953870475292206,0.42924787998199465,-0.025293979048728904,0.4969699859619141,0.3906722486019134,-0.030784252285957263,0.49919903874397276,0.3565575540065765,-0.03430891633033748,0.4833130478858948,0.5095873355865479,-0.01870777718722816,0.4768286943435669,0.4701130628585815,-0.026943889632821037,0.4750306189060211,0.4414499998092652,-0.02999750599265094,0.4743044376373291,0.4150373816490174,-0.031721028685569704
0.5216211915016175,0.6177667498588563,2.816096241531341e-07,0.5424287557601929,0.582812511920929,-0.015117296390235381,0.552383029460907,0.5326750159263611,-0.022846977040171565,0.5603378534317017,0.4888364970684052,-0.02927407510578624,0.5735232472419739,0.45600721240043635,-0.03583353385329244,0.5248361587524415,0.4797925353050232,-0.015145186521112882,0.5318108677864075,0.42227771282196047,-0.02733062654733652,0.5353613853454591,0.3847999751567841,-0.037102582305669735,0.5375850796699524,0.3518293261528015,-0.04374456629157062,0.5089255809783936,0.47809376716613766,-0.014684763550758321,0.5125627398490906,0.4141820728778839,-0.02470469251275058,0.5140060067176819,0.371501749753952,-0.03250809535384172,0.514647901058197,0.3338409543037415,-0.03800094649195668,0.4952541530132294,0.4891136884689331,-0.016058090142905643,0.49483943581581114,0.4305734217166901,-0.025546787679195365,0.49648038744926454,0.3919543445110321,-0.031077300757169662,0.49875112175941466,0.35795187354087826,-0.03464184626936908,0.48294730186462403,0.5111151337623596,-0.01887774318456644,0.4763116776943207,0.4713544249534607,-0.02711300589144226,0.4745271444320679,0.4424271285533905,-0.030215646699070904,0.4738293826580048,0.4158840835094452,-0.03198689930140966
0.5221724271774292,0.6192558646202088,2.8063482773177387e-07,0.542667579650879,0.5836830615997315,-0.01500700097531076,0.5522336721420289,0.5334438920021057,-0.022805080190300885,0.5600029826164246,0.4898581027984619,-0.029341222345828942,0.5732949376106262,0.4571525454521179,-0.03603551536798474,0.5247739672660828,0.4808089196681976,-0.01529089417308564,0.5316321849822998,0.423396223783493,-0.027661107853054943,0.5351342082023621,0.38591046333312984,-0.03759278729557988,0.5372976779937745,0.3528069734573364,-0.04437755718827242,0.5089320778846741,0.4793587327003479,-0.015026112645864441,0.512465238571167,0.41538036465644834,-0.02530028074979778,0.5139321327209473,0.37256560325622556,-0.033316817134618704,0.5145423173904419,0.33462685346603394,-0.03898240774869916,0.495292741060257,0.49066138863563535,-0.016584511473774842,0.49469085335731505,0.43192583322525024,-0.026353590190410586,0.4963756263256073,0.3930240750312805,-0.03209299892187112,0.49870293140411376,0.3587272822856903,-0.03579343333840366,0.4830100774765015,0.5130240082740783,-0.01956548132002348,0.4761670470237732,0.472892028093338,-0.02804258279502388,0.4743057310581208,0.44365044832229616,-0.031317135319113704,0.47355571389198303,0.4167783677577973,-0.03322693854570382
0.5219720482826233,0.618992018699646,2.818726613895706e-07,0.5423790812492371,0.5836166858673096,-0.014890923723578402,0.5523160457611085,0.5335869669914246,-0.02260675430297844,0.5602302789688111,0.4901756584644318,-0.029066949710249843,0.5733431458473206,0.4576398313045502,-0.03566641062498088,0.5244444251060486,0.4805304288864135,-0.014981792680919122,0.5314487338066101,0.4232528269290924,-0.02711905837059016,0.5350298881530762,0.38610587716102596,-0.03689584434032436,0.5372189044952392,0.35335956215858455,-0.04357163831591602,0.5085575103759766,0.4791474163532257,-0.014705034159123862,0.5123671412467957,0.41513572335243226,-0.02475410699844356,0.5139083862304688,0.3726721882820129,-0.03264516741037364,0.5145056486129761,0.3350396990776062,-0.03823214620351788,0.49497472643852236,0.4905296802520751,-0.01624476127326482,0.49461065530776976,0.4319592654705048,-0.025817314535379384,0.49633815288543703,0.39336214065551756,-0.03147323168814176,0.49865161180496215,0.3592766523361206,-0.03514187633991238,0.48276866078376773,0.5130211353302002,-0.01919865831732744,0.4761245131492615,0.4729229509830475,-0.02749484740197654,0.47440145015716556,0.4437655746936798,-0.03066200129687784,0.47375938296318054,0.41684789061546323,-0.032512745261192265
0.5217783093452454,0.6186869263648987,2.83941415091249e-07,0.5421112179756165,0.5834191322326661,-0.014983264170587002,0.5523642659187317,0.5337567687034607,-0.022838084772229122,0.5603407740592956,0.49040507674217226,-0.0294066578149795,0.5733761310577393,0.4577389717102051,-0.036109761893749176,0.524254322052002,0.4805555284023285,-0.015177433006465383,0.5313895344734192,0.42314613461494444,-0.02729459516704078,0.5350785613059998,0.3861245989799499,-0.037010048329830125,0.5374046921730042,0.3535960555076599,-0.04362280219793316,0.5083549499511719,0.4792876899242401,-0.014837292395532102,0.5122912168502808,0.41504796147346495,-0.02487348839640614,0.513884460926056,0.37268182039260866,-0.03273555487394331,0.5145267844200134,0.3351791381835937,-0.038299271464347806,0.4947963774204254,0.490733128786087,-0.01630748547613614,0.4945876955986023,0.4319749176502228,-0.025877740606665582,0.49630833268165586,0.3933530211448669,-0.03156314529478545,0.49863815903663633,0.3592781662940979,-0.03525975719094274,0.4826434910297394,0.5131797552108764,-0.01918279379606242,0.47614925503730776,0.47294521927833555,-0.027490115165710403,0.4745204091072083,0.4436745822429657,-0.030692644044756863,0.47398356199264535,0.416583514213562,-0.032568742334842624
0.52191002368927,0.6187224864959717,2.841137757059187e-07,0.5421881675720215,0.5834228038787842,-0.015242002345621522,0.5525137662887574,0.5341459155082703,-0.02333151847124092,0.5603451251983642,0.49087017178535464,-0.03009188883006568,0.573443627357483,0.4579268693923951,-0.03699358478188508,0.5243322372436523,0.48058975338935855,-0.015550509653985443,0.531538224220276,0.4232464611530304,-0.02780210264027114,0.5352548003196717,0.3864030003547668,-0.037622724473476366,0.5376072049140931,0.3539297699928283,-0.04432430341839786,0.5084291934967041,0.47944738268852233,-0.015170801803469622,0.5123876214027405,0.4152405321598053,-0.02535148337483402,0.5140291094779968,0.37303168177604673,-0.03334333822131154,0.514706587791443,0.335529625415802,-0.03901427090167994,0.4948428809642792,0.49106228947639463,-0.01661825329065316,0.494614440202713,0.4322832226753235,-0.026367895305156663,0.49635587930679315,0.39355208873748776,-0.032221174985170326,0.4987473607063293,0.3593267917633057,-0.03603475913405416,0.48266286849975587,0.5136666774749756,-0.019475020840764,0.4761538863182068,0.47328395843505866,-0.027951436862349462,0.47447772622108464,0.44394410252571104,-0.03129508383572098,0.47388157248497015,0.41672680377960203,-0.03327925428748124
0.5218235135078431,0.6180338382720948,2.8481252343226517e-07,0.5420133829116822,0.5831950664520265,-0.015319040045142122,0.5525767803192139,0.5342157602310181,-0.02341685034334652,0.5605400800704956,0.49105448126792905,-0.03017731420695778,0.5737062931060792,0.4581140756607056,-0.03704621866345398,0.524447500705719,0.4795259177684784,-0.015175205655395922,0.5317030310630799,0.42262603044509883,-0.02726536802947516,0.5354431509971619,0.3861762642860413,-0.03703500553965564,0.5378360152244568,0.3540666341781616,-0.04369728490710254,0.5085587501525879,0.478412127494812,-0.014714569970965341,0.5126010417938233,0.4145141422748566,-0.024677662923932038,0.5142252802848817,0.37263750433921816,-0.03258331194519994,0.5149001359939576,0.3354501485824585,-0.03819392025470729,0.49496089816093447,0.4900848984718323,-0.0161213852465152,0.494797819852829,0.4316005766391754,-0.02569591030478474,0.4964559495449066,0.39312973022460934,-0.031484683603048284,0.4987754702568054,0.3590905010700226,-0.0352648843079805,0.48272705078125,0.512805163860321,-0.01895440015941854,0.47633993029594424,0.47271339297294623,-0.027269732952117882,0.47470369935035706,0.44355050921440126,-0.030515713244676543,0.4741397678852081,0.4163592755794525,-0.03243452422320836
0.5212254047393798,0.6171499133110045,2.837835495483887e-07,0.5418468475341797,0.5828159689903261,-0.015290110185742322,0.5527342081069946,0.5338327527046205,-0.02321921996772282,0.5609352827072144,0.4906013906002044,-0.029789161682128862,0.5740579605102539,0.4579141855239868,-0.0364300832152366,0.5246410965919495,0.47848194837570196,-0.014769874885678241,0.5320144176483155,0.42165512442588804,-0.026539445295929862,0.5357850551605224,0.3853555679321289,-0.03609642609953877,0.5381938815116882,0.35350183844566346,-0.04259654060006138,0.508635437488556,0.47709699869155886,-0.01413313448429104,0.5128611207008362,0.4134311616420746,-0.023717293143272363,0.5144873023033142,0.37187560796737673,-0.031352256610989546,0.5151937127113342,0.335129976272583,-0.036751742660999245,0.4949544548988343,0.48845984339714055,-0.01536705251783126,0.494962352514267,0.4302941739559174,-0.02454266846179958,0.49659259319305427,0.392241096496582,-0.03006196953356262,0.49886812567710875,0.3586621105670929,-0.033667666837573024,0.4826526999473571,0.5109227657318115,-0.018044720403850023,0.47638685107231143,0.471254026889801,-0.025985969603061623,0.474693238735199,0.44255619645118716,-0.02896755449473854,0.47405259609222417,0.4158584594726562,-0.03068873398005956
0.52111314535141,0.6169737339019775,2.804742052830989e-07,0.5420107841491699,0.5827065944671631,-0.015283481217920721,0.5528112173080444,0.5334862470626831,-0.023084258288145,0.5610195398330688,0.49026908874511715,-0.029522322490811298,0.5742399811744691,0.457790470123291,-0.036007326841354326,0.5250878095626831,0.477800852060318,-0.014479142241179903,0.5324892282485962,0.4211497366428375,-0.02613388076424594,0.5362115621566772,0.3848965525627136,-0.035654006898403146,0.5385694265365601,0.3530125916004181,-0.04214225038886066,0.5090019702911377,0.4761456251144409,-0.013773699291050401,0.5132774949073792,0.41290374398231505,-0.023205490410327864,0.5148877501487732,0.37154865860939024,-0.030739012360572783,0.5156389355659485,0.33498303890228276,-0.03605414256453508,0.495183676481247,0.48722689747810366,-0.0149558756500482,0.4951788246631622,0.42939098477363585,-0.023963161557912782,0.49678699970245366,0.39156537055969237,-0.029343484714627242,0.49906582832336427,0.358203798532486,-0.03285095952451226,0.4827096879482269,0.5095272421836854,-0.01760401222854846,0.4763685464859009,0.47025035023689266,-0.025362022593617382,0.4745312988758088,0.4419790089130402,-0.02819865420460698,0.47377316951751713,0.4157340705394744,-0.029813173040747584
0.5209956288337708,0.6162785530090332,2.7779692004514803e-07,0.5421161890029907,0.5822964072227478,-0.015351336076855602,0.5529704689979553,0.5329195022583009,-0.023036501184105822,0.5613114595413208,0.4897172987461089,-0.02933775559067722,0.5746413230895997,0.45743914842605593,-0.03564328849315638,0.5254637360572815,0.47620108127593996,-0.014113878831267322,0.5327996730804444,0.41988980174064633,-0.02558496594429012,0.536457324028015,0.38393687605857846,-0.03502608016133306,0.5387779235839844,0.35226571559906006,-0.0414690382778644,0.509312105178833,0.4743433356285095,-0.013300804607570141,0.5135207414627075,0.41162018179893495,-0.022512261942028943,0.5150958299636841,0.37063437700271606,-0.029928284510970085,0.5158897995948792,0.3344347476959228,-0.03513414189219469,0.49536302685737615,0.48534138202667243,-0.01440259180963034,0.4952390968799591,0.42796669602394105,-0.023239045962691263,0.4968314468860626,0.39055812954902647,-0.02853045910596846,0.4991160213947296,0.3575582802295685,-0.03195813633501526,0.4827933132648468,0.5077561497688294,-0.016992381028830942,0.4762820184230805,0.4690892457962036,-0.02461629211902612,0.4742698788642884,0.44127420783042914,-0.027353298664092984,0.47335156202316286,0.41543148756027215,-0.028869853913783963
0.5208490729331972,0.6158713936805725,2.7615374165179674e-07,0.5421468377113343,0.5818962335586548,-0.0152511710301041,0.5531322717666627,0.532231342792511,-0.022769470512866923,0.5617019772529602,0.4888858199119568,-0.02890409640967842,0.5749866366386414,0.4566408812999725,-0.0350091122090816,0.5256514310836792,0.47545378804206845,-0.013732976093888242,0.5330462813377381,0.4190795660018921,-0.02503514215350148,0.5367807388305664,0.3830407917499542,-0.03435388952493666,0.5392507314682007,0.35143263339996333,-0.04067369699478145,0.5095118641853333,0.47331039309501655,-0.01281580850481984,0.5137684583663941,0.4106641530990601,-0.02181876264512534,0.5153173089027405,0.36965144276618955,-0.029072381556034067,0.5161863923072815,0.3336235165596008,-0.03412612974643702,0.4955456733703614,0.48397910594940186,-0.013810100592672781,0.495491486787796,0.42662878632545476,-0.02237991020083424,0.4970193147659302,0.3894049644470215,-0.027472841367125505,0.49926825761795046,0.35668824911117547,-0.03075592331588264,0.4829404711723328,0.5061074376106263,-0.01630363408476108,0.47644280195236205,0.46771668195724486,-0.023677449300885146,0.47436456680297856,0.44017305374145516,-0.02622969485819336,0.4734019339084625,0.4146902859210968,-0.027587611228227563
0.5209652066230774,0.6157259821891785,2.7321489710629975e-07,0.5423939108848572,0.5816421985626221,-0.0151046942919492,0.5533693671226502,0.531593382358551,-0.02246923521161074,0.5620449662208558,0.4881484806537628,-0.028483460471034,0.5753971219062806,0.4560823857784271,-0.03446770459413524,0.5261659264564514,0.47463308572769164,-0.013447654619812921,0.5334963560104371,0.418350088596344,-0.02467801719903944,0.5371734261512757,0.3823342382907867,-0.0339711010456085,0.5396000266075135,0.3507340788841247,-0.04028390720486637,0.5100017905235291,0.47237344384193425,-0.012602199241518942,0.5141743779182434,0.4098868668079377,-0.02153300866484636,0.5157005310058594,0.36900049448013306,-0.028731691464781745,0.5165702223777772,0.3330961585044861,-0.033740763738751366,0.4959300458431244,0.4830356419086457,-0.013671593740582421,0.49584276080131523,0.42580386996269226,-0.0221763432025909,0.4974146246910095,0.38873831033706663,-0.02717984914779662,0.4997100234031677,0.3561215221881866,-0.03040022328495976,0.48316658735275275,0.5053137421607972,-0.01624332647770638,0.4765567839145661,0.4670491695404052,-0.023563356697559282,0.47438592314720157,0.4396380424499512,-0.02603736631572244,0.47335246205329895,0.4142400681972504,-0.027335569262504526
0.5209823250770569,0.6151543855667114,2.7435862648417247e-07,0.542398738861084,0.58133704662323,-0.015164951793849399,0.5535668253898621,0.531238317489624,-0.0224847819656133,0.5624085783958435,0.487617951631546,-0.028440616652369438,0.5758446097373963,0.45558306574821467,-0.03433791324496264,0.526303493976593,0.4733520984649658,-0.01316685304045672,0.533614730834961,0.4172435462474823,-0.024225322529673562,0.5372588634490967,0.3815372884273529,-0.03344269096851346,0.539612627029419,0.3502256333827972,-0.039704367518424946,0.5101001024246216,0.47116150259971623,-0.012256113067269281,0.5142576217651368,0.40870539546012885,-0.02098868340253824,0.5157669305801392,0.3680809020996094,-0.0281020227819681,0.5165849804878235,0.332470726966858,-0.03304959088563914,0.4959980964660644,0.4820318281650543,-0.013281417265534341,0.49597461819648736,0.42499799132347105,-0.021634359285235362,0.4975837051868439,0.3881998300552368,-0.02658809646964072,0.4998830437660217,0.35580380558967584,-0.029780259728431662,0.48321837782859806,0.5046188473701477,-0.01582334376871582,0.47667977809906004,0.4665018737316131,-0.02303758487105362,0.4745828270912171,0.439179813861847,-0.02544810548424718,0.4735942482948303,0.4137747406959534,-0.026694038882851545
0.5214088082313537,0.615233862400055,2.743142829331191e-07,0.5428818583488465,0.5812345027923584,-0.015289871022105161,0.5539573311805726,0.5310020685195923,-0.022684409841895042,0.5627368807792663,0.4870714247226715,-0.02867752164602274,0.5761990070343017,0.454782897233963,-0.034616557508706985,0.5265087485313416,0.47328064441680906,-0.01349061150103802,0.5338511228561402,0.41670742034912106,-0.02464626282453534,0.5375789523124695,0.3807717800140381,-0.033895051479339564,0.5400637865066529,0.3493364155292511,-0.04016121104359622,0.5103498339653015,0.471037209033966,-0.01250302232801908,0.5143750071525574,0.4082333445549012,-0.0213636871427297,0.5158724069595337,0.36738671660423283,-0.0285969167947769,0.5167303085327148,0.3315976262092591,-0.03362805470824236,0.49629041552543635,0.4818858563899994,-0.013428301922976902,0.49620289802551265,0.4246951580047607,-0.02185166068375106,0.4977726936340332,0.3877352595329284,-0.026945713162422162,0.5000337362289429,0.35523796677589414,-0.030237175524234723,0.48357093334198004,0.5044289827346802,-0.01586592867970464,0.4769066274166107,0.4661463320255279,-0.023165136948227822,0.4747655987739563,0.43865994811058046,-0.02570832222700116,0.473699939250946,0.4132084906101227,-0.027042656764388023
0.5217119932174683,0.6153077721595764,2.738753437370179e-07,0.543285608291626,0.5810012578964233,-0.0151903728023171,0.5543273448944093,0.5304666042327881,-0.02252978496253484,0.5629922270774841,0.4863457322120666,-0.02849570699036114,0.5765512585639954,0.45411447882652284,-0.0344204150140285,0.5269508719444276,0.47313291430473325,-0.01341427676379674,0.5342911362648011,0.4163163840770721,-0.024525778740644422,0.5379565000534058,0.38029956817626953,-0.033741214126348465,0.5403271555900574,0.3487852871417999,-0.0400028899312019,0.5107418179512024,0.47106058597564693,-0.012485199980437681,0.5147855281829834,0.40795645713806156,-0.02134494297206396,0.5163002371788026,0.36700786352157594,-0.02858494371175764,0.5171327710151672,0.33109230995178224,-0.03364361077547068,0.49665109515190126,0.48199324011802674,-0.013459913805127082,0.49662317633628844,0.42468617558479305,-0.02186144962906832,0.49821748733520504,0.3875663042068481,-0.02695122137665746,0.5004990577697754,0.354878556728363,-0.03026593029499048,0.483835244178772,0.5045324206352234,-0.015943646058440182,0.4772333025932312,0.46593037247657776,-0.02321970425546164,0.4751955628395081,0.43825277686119074,-0.025778419896960243,0.4742342889308929,0.41256811618804934,-0.0271554641425609
0.5219504237174988,0.6145654678344727,2.7426837050370524e-07,0.5436371445655823,0.5801661968231201,-0.01514741051942106,0.5548182725906372,0.5295015573501587,-0.02247386649250978,0.5634698152542114,0.4855152785778045,-0.028448200970888064,0.5769753456115723,0.45356254577636723,-0.03440352678298946,0.5274353146553039,0.47214962244033815,-0.013534016162157003,0.5346891522407532,0.41518818736076357,-0.02462867386639114,0.5382410168647767,0.37926262617111206,-0.0337844997644424,0.5404748678207397,0.3478697061538696,-0.040023741126060455,0.5111217617988587,0.4703238785266876,-0.012692411616444521,0.5150860190391541,0.4069721996784211,-0.02160538919270032,0.5165626764297486,0.36605831384658816,-0.028868232294917077,0.5173283696174622,0.33021546602249147,-0.0339410483837127,0.49694370031356816,0.4815330564975739,-0.01374318394809954,0.496857076883316,0.4241069912910461,-0.02225624024868006,0.4984759628772735,0.38698579072952266,-0.027445537224411922,0.5007762074470521,0.35427169203758235,-0.030827115476131383,0.4840847611427308,0.5043295383453369,-0.0162848889827728,0.4773915410041809,0.46573412418365473,-0.023701629415154406,0.47536514401435853,0.43799757361412045,-0.02636734321713446,0.474452817440033,0.41213560104370117,-0.02782531231641764
0.5224628925323487,0.6145044326782227,2.732874406774499e-07,0.5441953778266907,0.5795467138290405,-0.01511705238372084,0.5552978157997132,0.5287692666053773,-0.022532435506582203,0.5637839078903198,0.48495185375213623,-0.028622241690754828,0.5771497488021851,0.45292413830757144,-0.03474548161029812,0.5277911901474,0.4723902463912964,-0.014021823368966521,0.5349484801292419,0.4150687038898468,-0.02537197507917876,0.5384645700454712,0.3788452446460724,-0.03462489619851108,0.5407239675521851,0.34721595644950864,-0.04093341827392577,0.5115134239196777,0.470736962556839,-0.01332139968872064,0.5153069376945496,0.40702113509178167,-0.022587077692151,0.5167483210563659,0.3657126009464264,-0.030055926740169478,0.5175192475318908,0.32951080799102783,-0.03526712097227566,0.4973465323448181,0.48207306861877447,-0.01448335982859128,0.4970447421073913,0.42419161796569826,-0.023343114554882,0.4986361861228943,0.3866745054721832,-0.0287605889141559,0.5009575247764587,0.3536179363727569,-0.03227987959980958,0.48451720476150517,0.5048966646194458,-0.017106167413294283,0.4775857627391815,0.4660327553749084,-0.024860484525561284,0.4754328072071075,0.43803714513778685,-0.027762620896100983,0.4744331896305084,0.41195926666259763,-0.029384524002671202
0.5229891657829285,0.6143380522727967,2.7142231147081474e-07,0.544703209400177,0.5788574457168579,-0.01498514954000708,0.5557296395301818,0.5278790235519409,-0.022406168282031964,0.5640969514846802,0.4842391610145569,-0.028550650179386083,0.5773828148841857,0.4521665453910828,-0.03477219268679616,0.528194808959961,0.47219297885894773,-0.014178781397640642,0.5353231072425843,0.4147404134273529,-0.02568439804017538,0.5388378143310547,0.3783935010433197,-0.03501564785838122,0.5411319613456727,0.34660217761993406,-0.04139522239565847,0.5119775891304016,0.47072404026985165,-0.013654710724949781,0.5157000064849854,0.4069192469120026,-0.02316963709890836,0.5171647191047668,0.36538717746734617,-0.03080840148031706,0.5179648399353027,0.3289024531841278,-0.03614205271005624,0.4978344440460205,0.4821913063526154,-0.01497703157365316,0.4973472356796264,0.424050521850586,-0.0241007916629314,0.4989536166191101,0.38620346188545224,-0.029691855236887863,0.5013182640075684,0.35282583832740777,-0.03331805616617196,0.4850253939628601,0.5050701022148132,-0.017732710391283,0.4779087543487549,0.46600182056427,-0.02573558688163752,0.47566153407096856,0.437754487991333,-0.028810002282261826,0.4745833575725555,0.4114395439624786,-0.0305613715201616
0.5231330156326295,0.6131946921348572,2.7103109232484714e-07,0.5447725415229798,0.5777181029319765,-0.01492732577025886,0.5560670614242553,0.5267283082008363,-0.022317877784371325,0.5645887851715088,0.48350230455398563,-0.028484419733285842,0.5778145551681518,0.4516813278198243,-0.0347446449100971,0.528637433052063,0.47048954963684086,-0.013909778557717743,0.5357314825057984,0.41363725662231443,-0.0253499791026115,0.5391181588172913,0.37775623202323916,-0.034711863100528664,0.5412286520004272,0.34620843529701234,-0.04115831181406973,0.5123837113380432,0.4693349480628967,-0.01353210210800166,0.5161800384521484,0.405898779630661,-0.02301224134862416,0.5176325678825379,0.36469621062278745,-0.030697006359696324,0.5183410525321961,0.3283817708492278,-0.03608542382717126,0.49817699193954473,0.4811791062355042,-0.01503163557499642,0.4976662755012512,0.4231713473796845,-0.02423289157450196,0.49932438135147095,0.3855109572410583,-0.029880563542246743,0.5017308115959167,0.35220718383789057,-0.03355067148804658,0.4853010594844819,0.5044932961463928,-0.01796491928398606,0.47822471857070925,0.4655378460884094,-0.026053170487284602,0.4759790897369384,0.4373421788215637,-0.029149042442440966,0.47491677999496457,0.4108644783496857,-0.030935448035597782
0.5236249566078186,0.6125725746154785,2.6956875558425964e-07,0.5451652169227601,0.5767876148223877,-0.0148550253361463,0.5564635515213013,0.5259162545204162,-0.02227727063000196,0.5649370193481446,0.4831500113010406,-0.028528075292706442,0.5780555844306946,0.45124530792236334,-0.034920809417963,0.5291192889213563,0.46974457502365113,-0.013917964510619583,0.5362652182579041,0.41320140957832335,-0.02552393712103362,0.5397110223770142,0.3773626685142517,-0.0350499235093593,0.5419263124465943,0.34571497440338134,-0.041636414080858206,0.5129728317260742,0.46865437030792234,-0.01371699124574656,0.5167383909225465,0.40554378032684324,-0.023423081636428762,0.5181792855262757,0.3643214523792267,-0.03135969117283814,0.5188851594924927,0.3277628600597381,-0.03694231137633318,0.4987648844718934,0.4805948495864868,-0.015398821979761062,0.4981369853019714,0.422612988948822,-0.02487821392714974,0.49976221323013303,0.3849020421504974,-0.03074972964823238,0.5021609544754028,0.3514599621295929,-0.03456100896000856,0.485830157995224,0.5040339469909668,-0.01849330663681028,0.4786029934883118,0.4651238143444061,-0.0268296711146831,0.47629599571228026,0.43693231344223016,-0.030075540021061862,0.47520838379859925,0.4104122221469879,-0.03197326920926568
0.5236496210098267,0.611258602142334,2.6931822389997255e-07,0.5452142000198364,0.5760870456695557,-0.01494783461093896,0.5567009925842286,0.5255523920059205,-0.02236557826399798,0.5652394652366639,0.4828714668750763,-0.02859503701329226,0.5784362196922302,0.4510013341903687,-0.03492843136191365,0.5295142769813538,0.4680821478366851,-0.013585823215544163,0.5367832064628602,0.4120599031448364,-0.025010170415043782,0.5402136206626893,0.3765857219696045,-0.03448927775025362,0.5423858046531678,0.34519351124763487,-0.04106416255235668,0.5133284091949464,0.4668955028057098,-0.01329639144241804,0.5172276735305786,0.4043745696544647,-0.0227661676704883,0.5186849594116212,0.3636571526527405,-0.030599807947874,0.5193864703178406,0.32746552824974057,-0.03612450733780856,0.49906572103500374,0.4788240134716034,-0.014920473657548361,0.4985403597354888,0.42146432399749756,-0.02418896704912182,0.500141841173172,0.38423456549644475,-0.02992806471884244,0.5024755239486695,0.35109469294548035,-0.03366980291903014,0.48608647584915166,0.5023708939552307,-0.01798485927283762,0.4789683341979981,0.46388335227966304,-0.02611625045537944,0.47672593593597407,0.43597092628479006,-0.02921428903937336,0.4756847023963928,0.40958996415138244,-0.031019446253776523
0.4189875960350037,0.48854985237121584,2.1482155716512354e-07,0.43620392084121706,0.46054413318634035,-0.01193851698189968,0.44544327259063726,0.4201815485954285,-0.0178441725671291,0.4523070454597473,0.3861330211162567,-0.0228107742965221,0.4629078269004822,0.3606600403785706,-0.0278543226420879,0.4238028049468994,0.37374454736709595,-0.010635673440992782,0.4296929717063904,0.3292241275310516,-0.019702293723821603,0.43245577812194824,0.3010382056236267,-0.027294027805328323,0.43419600725173957,0.27600635290145875,-0.032579408586025205,0.4108684659004212,0.37279466986656185,-0.01041627861559386,0.41407139301300055,0.323112553358078,-0.0179124359041452,0.4152655363082886,0.29075782299041747,-0.024184960871934842,0.41583287715911865,0.26188037991523744,-0.0286262325942516,0.39944812059402474,0.3823486864566803,-0.011743044666945882,0.39906454086303705,0.33673099279403684,-0.01910150945186612,0.4003476023674011,0.3071088194847107,-0.0236773338168859,0.4021997213363648,0.28066795468330386,-0.02667206488549706,0.38903155326843264,0.40123684406280524,-0.01422872766852378,0.38338251113891597,0.3705707550048828,-0.02067121639847752,0.38162266612052914,0.34831211566925047,-0.02311107441782948,0.3808126986026764,0.3272130787372589,-0.024542360007762883
0.3143117666244507,0.3659464478492737,1.6120908981065442e-07,0.3272440433502197,0.345071005821228,-0.00903074406087394,0.3342332720756531,0.3149686574935913,-0.013507603108882882,0.33937567472457886,0.2895438432693481,-0.01727214381098744,0.3473207712173462,0.27043793201446537,-0.02109545767307278,0.31804358959198,0.2798448383808136,-0.008016372844576802,0.32248743772506716,0.24659715890884398,-0.014825295284390423,0.32454824447631836,0.22552505135536194,-0.020548422634601562,0.3258473157882691,0.20677922368049623,-0.024542527645826324,0.3083360195159912,0.27911984324455263,-0.00783184282481666,0.3107429623603821,0.2420013606548309,-0.01345783323049542,0.3116153597831726,0.21783820390701292,-0.0182053335011005,0.31202456951141355,0.19619892835617064,-0.02157909870147702,0.29974544048309326,0.2862951338291168,-0.008812119811773262,0.2994738936424255,0.2522233843803406,-0.01434324905276296,0.30039615631103517,0.23014283180236816,-0.01781038828194138,0.3017444968223572,0.210379558801651,-0.020088914409279804,0.29190088510513307,0.3004964828491211,-0.010667331516742701,0.2876679182052612,0.2775877237319946,-0.01550993509590624,0.28635833263397215,0.2609755337238312,-0.01735575608909128,0.2857708990573883,0.24517958164215087,-0.018447637930512403
