0,1,2,3,4,5,6,7,8,9,10,11,12,13,14,15,16,17,18,19,20,21,22,23,24,25,26,27,28,29,30,31,32,33,34,35,36,37,38,39,40,41,42,43,44,45,46,47,48,49,50,51,52,53,54,55,56,57,58,59,60,61,62
0.3104501008987427,0.32695080041885377,1.355243426814923e-07,0.3240958094596863,0.31378626823425293,-0.012177225947380061,0.33129401206970216,0.2874364793300629,-0.01708867773413654,0.33414430618286134,0.2599126875400543,-0.020442347973585122,0.33888019323349,0.23606795072555542,-0.02340463250875468,0.3188423871994019,0.2423631489276886,-0.008418401144444901,0.32138673067092893,0.20846314430236818,-0.01372527629137036,0.3219125032424927,0.18822619915008543,-0.018342968821525543,0.32138864994049077,0.1710242986679077,-0.02163832560181616,0.30905933380126954,0.24069663286209106,-0.005719834752380821,0.3106337666511536,0.20467926263809205,-0.00985817275941368,0.31071306467056276,0.18204120397567747,-0.01406606249511238,0.310186243057251,0.16381561756134033,-0.01721654906868934,0.3005191802978516,0.2466921269893646,-0.00443829912692306,0.3003386855125427,0.21444891691207885,-0.00849968828260896,0.30092200040817263,0.19369420409202576,-0.01201598718762394,0.3017481923103333,0.17595660686492917,-0.014572924003005,0.29266818761825564,0.2587752163410187,-0.0042963083833455805,0.28935936689376834,0.23595262169837955,-0.00837013870477672,0.28806314468383787,0.21997162103652956,-0.010645595379173721,0.28734622001647947,0.20538217425346372,-0.0121090456843376
0.4138657331466675,0.43594181537628174,1.8036127471532385e-07,0.4321129083633423,0.4184136867523193,-0.016200549900531762,0.44172394275665283,0.38320044279098514,-0.02268005609512324,0.4455208063125611,0.34651321172714233,-0.02707797437906264,0.4518082857131958,0.3147526025772095,-0.030943509936332637,0.4251353025436402,0.3230373501777649,-0.0110022976994514,0.4285211086273193,0.27792513370513916,-0.0179551929235458,0.4292998313903809,0.25105805397033687,-0.024077203869819604,0.4286771535873414,0.22819184064865108,-0.02845219373703,0.4120604753494263,0.32073813676834106,-0.007348427549004521,0.41413583755493166,0.27287744283676146,-0.01271976009011264,0.41427695751190186,0.24281139373779295,-0.01829831898212428,0.41360545158386236,0.21857727766036988,-0.02249056249856948,0.40064768791198735,0.328671932220459,-0.005584122613072361,0.40044207572937013,0.28586986064910885,-0.010851767659187281,0.40124690532684326,0.25834609270095826,-0.015513953566551159,0.4023352146148682,0.2348239183425903,-0.01892259940505024,0.39017336368560795,0.3447200655937195,-0.005341851711273161,0.3858345746994019,0.3143937468528748,-0.01063764914870256,0.3841226100921631,0.29317568540573125,-0.013626993075013121,0.3831435203552246,0.27384747266769405,-0.015559411793947198
0.5172675132751465,0.5449899196624756,2.2652715756521504e-07,0.5400761008262634,0.5230531573295594,-0.020391022786498063,0.5520371079444886,0.47903853058815005,-0.02852128185331816,0.5568029046058656,0.4331702709197998,-0.034009332954883564,0.5646872043609619,0.39341233372688295,-0.03880923166871064,0.5314298272132874,0.4036000669002533,-0.01366242747753852,0.5356640100479125,0.3473445296287537,-0.02223654389381404,0.5366670727729798,0.31391683220863337,-0.029856458306312523,0.5359158515930177,0.2854136228561401,-0.03531291931867596,0.5150665402412415,0.4006531536579132,-0.008968432992696722,0.5176600575447083,0.34101616144180297,-0.01552270408719772,0.5178759455680847,0.30362075567245483,-0.022429887205362257,0.5170710802078248,0.2734837055206299,-0.02764046564698218,0.5007577061653138,0.41052069067955016,-0.006654745899140781,0.5005179286003113,0.3571760356426239,-0.013073629699647382,0.5015449762344361,0.32299888134002686,-0.018818188458681037,0.5029070138931275,0.2937294602394104,-0.023047413676977123,0.48762724995613105,0.43056748509407045,-0.006266075465828141,0.48221715688705447,0.3927757799625397,-0.01272360440343612,0.4800900280475616,0.3663419842720032,-0.0163757480680942,0.4788713216781616,0.3422289252281189,-0.0187522783875465
0.5170251965522766,0.5449363350868226,2.2693180028454664e-07,0.5398380875587463,0.5231122255325318,-0.02043225914239882,0.5518538594245911,0.47907843589782717,-0.02850683964788908,0.5567422151565552,0.433171159029007,-0.03392230942845342,0.5646525979042053,0.3934553265571594,-0.0386121235787868,0.531365728378296,0.4034421563148499,-0.01323956865817302,0.5356288552284241,0.3473696351051331,-0.021590986847877462,0.5367647647857666,0.3142315685749054,-0.029140008985996203,0.5361742734909059,0.285929000377655,-0.0345533691346645,0.5149573564529419,0.4003133893013,-0.008416331466287341,0.5175129890441895,0.3409121572971344,-0.01469686608761544,0.517828369140625,0.30374751687049867,-0.0215143453329801,0.5171406626701356,0.2737597942352295,-0.026680329442024222,0.500613558292389,0.41005758047103885,-0.005998068489134261,0.5004034161567689,0.3570132434368134,-0.01214152611792082,0.5015153527259827,0.32312707304954524,-0.01779427975416178,0.5029142856597901,0.2941298246383667,-0.021987717971205682,0.48749617934226996,0.43002253770828247,-0.005527090746909341,0.4821734726428986,0.39242255687713623,-0.0117180205881595,0.4800364911556244,0.36613333225250244,-0.01525799520313734,0.4787489533424377,0.34222475886344905,-0.01757999919354912
0.5167828798294067,0.5448827505111695,2.2733644300387823e-07,0.5396000742912292,0.5231712937355041,-0.02047349549829958,0.5516706109046936,0.4791183412075043,-0.028492397442460002,0.5566815257072448,0.4331720471382141,-0.03383528590202328,0.5646179914474487,0.39349831938743585,-0.03841501548886296,0.5313016295433045,0.40328424572944643,-0.01281670983880752,0.5355937004089356,0.3473947405815125,-0.020945429801940876,0.5368624567985535,0.3145463049411774,-0.02842355966567988,0.536432695388794,0.2864443778991699,-0.03379381895065304,0.5148481726646423,0.39997362494468686,-0.00786422993987796,0.5173659205436707,0.3408081531524658,-0.013871028088033161,0.5177807927131652,0.30387427806854245,-0.02059880346059794,0.5172102451324463,0.2740358829498291,-0.025720193237066265,0.5004694104194641,0.4095944702625275,-0.005341391079127741,0.5002889037132263,0.3568504512310028,-0.01120942253619426,0.5014857292175293,0.32325526475906374,-0.01677037104964252,0.5029215574264527,0.294530189037323,-0.02092802226543424,0.4873651087284088,0.4294775903224945,-0.004788106027990541,0.4821297883987427,0.3920693337917328,-0.010712436772882881,0.4799829542636872,0.36592468023300173,-0.014140242338180481,0.47862658500671384,0.34222059249877923,-0.01640771999955174
0.5167178153991699,0.5450425624847413,2.2702786566242145e-07,0.5394739627838135,0.523317015171051,-0.020468520745635,0.5515054225921631,0.4792296409606933,-0.02854575291275972,0.5565576672554016,0.4333176255226135,-0.03396306633949276,0.5645373106002808,0.39370399117469784,-0.038617624342441544,0.5313144564628601,0.4034971117973328,-0.01294952705502504,0.5355950355529786,0.3475024104118348,-0.02117697522044178,0.5368461370468139,0.3146864712238312,-0.0286672662943601,0.5364195227622985,0.28663276433944695,-0.03403344154357906,0.5148544192314148,0.4002187609672546,-0.00807340312749144,0.5173572659492492,0.34092554450035095,-0.01418237630277868,0.5177884697914124,0.30400627851486206,-0.02089952938258642,0.5172469973564149,0.27420724630355836,-0.02599167078733442,0.5004812240600587,0.40988478660583505,-0.005628859344869801,0.5002455234527589,0.35701945424079895,-0.01158014517277472,0.50145423412323,0.3234232187271118,-0.01709447577595706,0.5029380440711976,0.29466948509216306,-0.0212017763406038,0.48738383650779726,0.42987282276153566,-0.00515498183667656,0.4820657014846802,0.392415326833725,-0.011133051849901621,0.47990611195564276,0.36620086431503296,-0.014537201635539461,0.47857595086097715,0.34238495826721194,-0.0167776986956596
0.5166527509689331,0.545202374458313,2.2671928832096463e-07,0.5393478512763977,0.5234627366065979,-0.02046354599297042,0.5513402342796326,0.47934094071388245,-0.028599108383059443,0.5564338088035583,0.4334632039070129,-0.034090846776962246,0.5644566297531128,0.39390966296195984,-0.03882023319602012,0.5313272833824157,0.40370997786521906,-0.013082344271242559,0.5355963706970215,0.347610080242157,-0.02140852063894268,0.5368298172950744,0.31482663750648504,-0.028910972923040318,0.5364063501358033,0.28682115077972403,-0.034273064136505084,0.5148606657981873,0.4004638969898223,-0.00828257631510492,0.5173486113548279,0.3410429358482361,-0.0144937245175242,0.5177961468696594,0.3041382789611816,-0.0212002553045749,0.5172837495803833,0.27437860965728755,-0.02626314833760258,0.5004930377006531,0.4101751029491425,-0.00591632761061186,0.5002021431922913,0.35718845725059506,-0.011950867809355179,0.5014227390289308,0.3235911726951599,-0.0174185805022716,0.5029545307159424,0.29480878114700315,-0.02147553041577336,0.48740256428718565,0.4302680552005768,-0.005521857645362581,0.48200161457061774,0.39276131987571716,-0.011553666926920362,0.4798292696475983,0.3664770483970642,-0.014934160932898441,0.47852531671524046,0.34254932403564453,-0.01714767739176746
0.5167157292366028,0.5453818798065186,2.2587759360703793e-07,0.5393203258514405,0.5235929489135742,-0.0203375499695539,0.5513011932373048,0.4794874846935272,-0.028367862105369502,0.5564344048500062,0.43358001708984373,-0.03379121646285052,0.564514446258545,0.3941140294075012,-0.03844203650951384,0.5311965942382812,0.4039637923240661,-0.0128054758533835,0.5355386853218079,0.34783763289451597,-0.021084406971931424,0.5367780685424806,0.3150346398353577,-0.028557721897959618,0.5363481402397157,0.2870067477226257,-0.03390422090888018,0.5148042798042298,0.40075467824935906,-0.00807015122845764,0.5173189878463746,0.3413199305534363,-0.01428297422826286,0.5177549481391907,0.30438669919967654,-0.020997117087244922,0.5172148585319519,0.27457045316696166,-0.02605800889432426,0.5005011796951294,0.41047475337982176,-0.00577589794993396,0.5001730322837831,0.35749009251594543,-0.01184979472309344,0.5013991117477417,0.3238668441772461,-0.017355649918317763,0.5029405951499939,0.29508628845214846,-0.021417578309774362,0.4874477863311767,0.43048257231712345,-0.00544651914387938,0.4819859981536866,0.3929200768470764,-0.011523594520986022,0.47976807355880735,0.3665635287761688,-0.014949978888034742,0.47846412658691406,0.34253990650177,-0.01718765720725056
0.5168819904327393,0.5457451939582825,2.2609234235915214e-07,0.5394337415695191,0.5238097429275513,-0.0203349251300096,0.5512481212615967,0.47971240282058714,-0.028366955369710862,0.5563295006752015,0.4338538348674774,-0.03378532305359836,0.5644524574279786,0.3943139255046844,-0.03843264207243916,0.5311577081680299,0.4041438996791839,-0.012804367765784239,0.5354636907577515,0.34799343943595884,-0.021054994314908943,0.5366911292076111,0.31511364579200746,-0.028532603010535163,0.5362241625785829,0.28700601458549496,-0.03388750478625292,0.5148334860801697,0.4010189890861511,-0.00804302683100098,0.5173238158226015,0.34159896373748777,-0.01420988906174894,0.5177000641822815,0.3046456933021546,-0.02092200815677636,0.5170742750167847,0.27483097910881044,-0.02599518559873098,0.5005715250968933,0.41075936555862425,-0.005716388858854719,0.5002702236175538,0.35779663920402527,-0.01175027396529906,0.5014138579368592,0.3241797626018524,-0.017267025634646382,0.5028388261795044,0.29535536766052245,-0.02134510762989516,0.4875100731849671,0.43070319890975955,-0.00535106901079412,0.48208160996437077,0.393079936504364,-0.01140942405909294,0.479875409603119,0.3666737794876098,-0.01484837606549256,0.4785710275173187,0.3425665318965912,-0.017098817788064442
0.5170482516288757,0.5461085081100464,2.2630709111126638e-07,0.5395471572875977,0.5240265369415283,-0.020332300290465302,0.5511950492858887,0.4799373209476471,-0.028366048634052222,0.5562245965003967,0.434127652645111,-0.0337794296443462,0.5643904685974122,0.39451382160186765,-0.03842324763536448,0.5311188220977784,0.4043240070343017,-0.012803259678184981,0.5353886961936951,0.3481492459774017,-0.021025581657886462,0.5366041898727417,0.31519265174865724,-0.028507484123110702,0.5361001849174499,0.28700528144836424,-0.03387078866362566,0.5148626923561096,0.4012832999229431,-0.00801590243354432,0.5173286437988281,0.3418779969215393,-0.014136803895235021,0.5176451802253723,0.30490468740463256,-0.0208468992263078,0.5169336915016175,0.27509150505065916,-0.025932362303137703,0.5006418704986572,0.41104397773742674,-0.00565687976777548,0.5003674149513245,0.3581031858921051,-0.01165075320750468,0.5014286041259766,0.32449268102645873,-0.017178401350975002,0.5027370572090148,0.2956244468688965,-0.02127263695001596,0.48757236003875737,0.43092382550239566,-0.00525561887770886,0.48217722177505495,0.39323979616165156,-0.01129525359719986,0.4799827456474305,0.3667840301990508,-0.01474677324295038,0.4786779284477234,0.3425931572914123,-0.01700997836887832
0.5169304728507996,0.5463249921798706,2.2794900189637707e-07,0.5394728660583497,0.5242649793624878,-0.0205843143165111,0.5510628581047059,0.4803742408752441,-0.02870012894272798,0.556114661693573,0.43456321358680716,-0.03412186875939366,0.5642932653427124,0.3946936309337616,-0.03875954523682588,0.5309950113296509,0.40436553955078125,-0.01287096925079822,0.5353111267089844,0.34834154844284054,-0.020983185991644823,0.536529040336609,0.3154122233390808,-0.028466102853417344,0.5360174894332885,0.2871737122535705,-0.03385817110538478,0.5147716879844666,0.40118329524993895,-0.00788020649924866,0.5172735929489136,0.3419565737247467,-0.013844179920852143,0.5175771236419678,0.30504530668258667,-0.0205512281507253,0.5168259978294374,0.2752105593681335,-0.02567705512046806,0.5005254983901978,0.41085867285728456,-0.0053311289288103005,0.5002945899963379,0.3580956757068634,-0.011170124448835781,0.5013285398483276,0.32457334399223325,-0.01670657470822332,0.5025760412216186,0.29571487903594973,-0.020853677392005863,0.48745795488357546,0.43067964911460876,-0.00476453676819796,0.482113653421402,0.39312312006950373,-0.01067802812904114,0.47990925312042243,0.3667560756206512,-0.01412248294800514,0.4785386621952057,0.34265500903129575,-0.016413531824946363
0.5168126940727233,0.5465414762496948,2.2959091268148772e-07,0.5393985748291016,0.5245034217834472,-0.0208363283425569,0.550930666923523,0.48081116080284114,-0.02903420925140374,0.5560047268867493,0.4349987745285034,-0.03446430787444112,0.5641960620880127,0.3948734402656555,-0.039095842838287286,0.5308712005615235,0.4044070720672607,-0.012938678823411461,0.5352335572242737,0.3485338509082794,-0.020940790325403177,0.5364538908004761,0.3156317949295044,-0.028424721583723986,0.5359347939491272,0.2873421430587768,-0.0338455535471439,0.5146806836128235,0.4010832905769348,-0.007744510564952999,0.5172185420989991,0.34203515052795413,-0.013551555946469262,0.5175090670585633,0.3051859259605408,-0.020255557075142802,0.5167183041572572,0.2753296136856079,-0.02542174793779842,0.5004091262817383,0.4106733679771423,-0.0050053780898451205,0.5002217650413513,0.3580881655216217,-0.01068949569016688,0.5012284755706787,0.3246540069580078,-0.01623474806547164,0.5024150252342224,0.2958053112030029,-0.020434717833995763,0.48734354972839355,0.4304354727268219,-0.00427345465868706,0.48205008506774905,0.3930064439773559,-0.010060802660882419,0.4798357605934144,0.36672812104225155,-0.0134981926530599,0.478399395942688,0.34271686077117913,-0.0158170852810144
0.5166916251182556,0.5469167709350586,2.3158946191870205e-07,0.539364755153656,0.5249507188796997,-0.02120147123932832,0.5508911371231079,0.4811735272407532,-0.02953139394521706,0.5559476256370545,0.43539446592330927,-0.03500137403607367,0.563994014263153,0.3950153410434723,-0.03968247026205056,0.5308526873588562,0.4047687411308289,-0.01330514568835496,0.5351567983627319,0.34873164892196656,-0.02124452814459798,0.5363658189773559,0.31576802730560305,-0.028722926601767503,0.5358405947685242,0.2874399542808532,-0.0341593392193317,0.5145844101905823,0.40145668387413025,-0.00788429332897058,0.5170993566513061,0.3422825574874878,-0.013598667643964241,0.5173789739608765,0.30532653331756593,-0.02038602791726584,0.5165843605995178,0.27542418241500854,-0.025655573233961983,0.5002751708030702,0.41106322407722473,-0.004922421090304801,0.500153386592865,0.3583840250968933,-0.010497202724218281,0.501177453994751,0.32482488751411437,-0.01620448306202886,0.5023486614227295,0.2959491491317749,-0.020572231709957062,0.4872475922107697,0.43082989454269405,-0.00398599463514978,0.482039213180542,0.3933220744132995,-0.009706846810877261,0.4798217356204987,0.3670014321804046,-0.01325019672513002,0.4783366799354553,0.3430955111980438,-0.01568908654153344
0.5166728496551514,0.5472391128540038,2.3040792598294505e-07,0.5393464088439942,0.5253803610801697,-0.021313487738370843,0.5509270071983337,0.4815426468849182,-0.029744460433721483,0.5558892607688903,0.4358342051506042,-0.03532581776380536,0.5638981342315674,0.39538000226020814,-0.0401446253061294,0.5308677196502686,0.405206573009491,-0.013680060207843762,0.5351882934570312,0.3492345929145813,-0.02189369946718214,0.536373233795166,0.3161975681781769,-0.02952416203916068,0.5358563661575317,0.287736964225769,-0.035070931911468456,0.5145770192146302,0.4018672227859497,-0.00834866743534796,0.5170981645584107,0.3426902055740357,-0.014383592829108182,0.5173422217369079,0.30565931200981145,-0.0213401392102241,0.5165355563163758,0.27554754018783567,-0.0267164830118417,0.5002491712570191,0.4115085363388062,-0.0054834472015499605,0.5000793814659119,0.35876075029373167,-0.011366168037056841,0.5010801911354066,0.3250212550163269,-0.017195567488670318,0.5022845625877381,0.2959538817405701,-0.02162094078958028,0.48723138570785524,0.43140589594841006,-0.00464825923554594,0.4819768846035004,0.3938320457935333,-0.010622887127101362,0.4797451794147492,0.3674427032470703,-0.01427882201969618,0.47825270891189575,0.34344835281372066,-0.01678730975836512
0.5166540741920471,0.5475614547729492,2.2922639004718808e-07,0.5393280625343323,0.5258100032806396,-0.02142550423741336,0.5509628772735596,0.4819117665290833,-0.029957526922225898,0.5558308959007263,0.4362739443778992,-0.035650261491537064,0.5638022541999818,0.395744663476944,-0.040606780350208246,0.5308827519416809,0.4056444048881531,-0.014054974727332562,0.5352197885513306,0.3497375369071961,-0.0225428707897663,0.5363806486129761,0.31662710905075075,-0.030325397476553856,0.5358721375465393,0.28803397417068477,-0.03598252460360522,0.514569628238678,0.4022777616977692,-0.008813041541725339,0.5170969724655152,0.3430978536605835,-0.015168518014252121,0.5173054695129394,0.3059920907020569,-0.02229425050318236,0.5164867520332337,0.2756708979606628,-0.02777739278972142,0.5002231717109681,0.4119538486003876,-0.006044473312795121,0.5000053763389587,0.35913747549057,-0.012235133349895401,0.5009829282760621,0.3252176225185394,-0.01818665191531178,0.5022204637527466,0.2959586143493652,-0.0226696498692035,0.4872151792049408,0.431981897354126,-0.0053105238359421,0.4819145560264587,0.3943420171737671,-0.01153892744332546,0.4796686232089996,0.367883974313736,-0.01530744731426234,0.4781687378883362,0.34380119442939755,-0.0178855329751968
0.5167856335639953,0.5478363633155823,2.2733221101134406e-07,0.5393437385559082,0.5261118769645691,-0.02133430875837798,0.5509634852409363,0.4820913076400757,-0.02985978648066516,0.5557748794555665,0.4365626096725464,-0.03560308218002316,0.5637484550476075,0.3961455523967743,-0.040636695921421,0.5309077143669129,0.4060193479061127,-0.014169567637145481,0.5351747155189515,0.35012726187706,-0.022878646478056878,0.5362730622291566,0.316905415058136,-0.0307694144546985,0.5356991767883301,0.2881828546524048,-0.03649529367685312,0.5146125078201295,0.40279811024665835,-0.00910309841856356,0.5170943260192872,0.3435733199119567,-0.01574455089867108,0.5172302842140198,0.30634601712226867,-0.022998079657554578,0.5163448810577392,0.2758487820625305,-0.028546461835503523,0.5002987504005433,0.412594610452652,-0.006509378179907761,0.5000466465950013,0.3597037553787231,-0.012999908812343999,0.5009614944458008,0.32559258341789243,-0.01905911825597282,0.502145802974701,0.29615249037742614,-0.02356834113597864,0.4872886955738067,0.43273612856864935,-0.00593714243732388,0.4819840908050537,0.3949215352535248,-0.012426825053989841,0.4797345280647278,0.36835044622421265,-0.01630091574043032,0.4782291829586029,0.34411253929138186,-0.018926965445280042
0.5169171929359436,0.5481112718582154,2.2543803197550007e-07,0.5393594145774842,0.5264137506484985,-0.021243113279342602,0.550964093208313,0.48227084875106807,-0.02976204603910442,0.5557188630104065,0.43685127496719356,-0.03555590286850926,0.5636946558952332,0.3965464413166046,-0.04066661149263376,0.5309326767921447,0.40639429092407225,-0.014284160546958401,0.5351296424865724,0.35051698684692384,-0.02321442216634746,0.5361654758453369,0.3171837210655213,-0.031213431432843143,0.5355262160301208,0.28833173513412474,-0.03700806275010102,0.5146553874015808,0.4033184587955475,-0.00939315529540178,0.5170916795730591,0.34404878616333,-0.01632058378309004,0.5171550989151001,0.3066999435424804,-0.0237019088119268,0.5162030100822449,0.2760266661643982,-0.029315530881285624,0.5003743290901185,0.41323537230491636,-0.006974283047020401,0.5000879168510437,0.3602700352668762,-0.0137646842747926,0.5009400606155395,0.3259675443172454,-0.01993158459663386,0.5020711421966553,0.29634636640548706,-0.02446703240275378,0.4873622119426727,0.43349035978317263,-0.00656376103870566,0.48205362558364867,0.3955010533332825,-0.01331472266465422,0.479800432920456,0.3688169181346893,-0.017294384166598297,0.4782896280288696,0.3444238841533661,-0.01996839791536328
0.5169789552688598,0.5482549786567689,2.2474976049124965e-07,0.5393465757369995,0.5265426874160766,-0.02106002941727634,0.5509615659713745,0.4824102699756622,-0.029554332047700846,0.5557313919067384,0.43699463605880734,-0.035375287383794765,0.5637340068817139,0.3968516170978546,-0.04051506742835038,0.5309575319290161,0.4065757155418396,-0.014271522872149901,0.5351532936096192,0.3507106721401215,-0.02336998432874674,0.5361703991889955,0.31731232404708865,-0.03144664578139776,0.5355060219764709,0.28843677043914795,-0.03726494237780564,0.5146904468536377,0.40349892377853397,-0.00953152794390914,0.517111098766327,0.34421933889389034,-0.01663351468741888,0.5171106815338136,0.3068294107913971,-0.02401588745415206,0.5160759925842285,0.2761178493499756,-0.029585571587085684,0.5003898918628693,0.4134042501449585,-0.0072554124519228404,0.5000572979450226,0.3603907525539398,-0.0142013451084494,0.5008006930351258,0.32604916691780084,-0.02028889693319794,0.5018408894538879,0.2963871657848358,-0.024719738587737045,0.4873213350772858,0.433699643611908,-0.00697428993880744,0.48201559782028197,0.3957081317901612,-0.01382280755788086,0.4797620177268982,0.369048136472702,-0.0177308777347207,0.4782439470291137,0.34465924501419065,-0.02030992954969402
0.5167785167694092,0.5482738614082336,2.2617175261530066e-07,0.5392568230628968,0.5266062140464783,-0.02107295803725714,0.5509459853172303,0.48258366584777834,-0.02950404845178122,0.5557568669319153,0.43709589242935176,-0.035219032317399965,0.5637329459190369,0.3969702959060669,-0.04023042619228356,0.5308676362037659,0.4065194487571716,-0.01400070469826456,0.5350870847702026,0.35064083933830265,-0.022818197309970804,0.5361188054084778,0.31736205220222474,-0.030762030556797944,0.5354304432868958,0.28861366510391234,-0.036499232053756644,0.5145885944366455,0.40336884856224064,-0.00910613918676968,0.5170380830764771,0.3441511511802673,-0.015879767388105342,0.5170786023139954,0.306885141134262,-0.02313082925975318,0.51603844165802,0.27633867263793943,-0.028635250031948042,0.5002636671066284,0.4131649971008301,-0.006671814434230261,0.4999610006809235,0.360239577293396,-0.01329912506043906,0.5007532715797424,0.3261123597621917,-0.01927370112389322,0.50178302526474,0.29662498235702517,-0.02367058470845218,0.4871591448783875,0.43332728147506716,-0.00623804996721442,0.4818982481956482,0.39545431137084963,-0.01280547454953192,0.47968128323555,0.3689928829669953,-0.01657791063189506,0.4781575798988342,0.3448404014110565,-0.01908464618027206
0.5165780782699585,0.5482927441596985,2.275937447393517e-07,0.539167070388794,0.5266697406768799,-0.02108588665723794,0.550930404663086,0.4827570617198944,-0.029453764855861604,0.5557823419570923,0.43719714879989624,-0.035062777251005164,0.5637318849563598,0.39708897471427923,-0.03994578495621674,0.5307777404785157,0.40646318197250364,-0.01372988652437922,0.5350208759307862,0.35057100653648376,-0.02226641029119486,0.5360672116279602,0.31741178035736084,-0.030077415332198126,0.5353548645973206,0.28879055976867674,-0.03573352172970764,0.5144867420196533,0.40323877334594727,-0.008680750429630221,0.5169650673866273,0.34408296346664424,-0.0151260200887918,0.5170465230941773,0.306940871477127,-0.0222457710653543,0.5160008907318115,0.2765594959259033,-0.027684928476810408,0.5001374423503876,0.4129257440567017,-0.006088216416537681,0.4998647034168243,0.36008840203285214,-0.012396905012428721,0.5007058501243592,0.32617555260658265,-0.018258505314588502,0.5017251610755921,0.29686279892921447,-0.022621430829167323,0.48699695467948917,0.43295491933822633,-0.0055018099956214,0.48178089857101436,0.3952004909515381,-0.01178814154118298,0.47960054874420166,0.3689376294612885,-0.01542494352906942,0.4780712127685547,0.3450215578079224,-0.0178593628108501
0.5166982054710388,0.5486168503761292,2.2983435314927196e-07,0.5393155336380006,0.5268616080284119,-0.021052174270152983,0.5510587096214294,0.48287236094474795,-0.029294122755527445,0.5559046506881714,0.43711160421371464,-0.034751372039318065,0.5637662529945373,0.39701859354972846,-0.0394458465278148,0.5306737422943115,0.4065398871898651,-0.013333653099834879,0.5349937558174134,0.3506022334098816,-0.0215746253728866,0.5361262202262879,0.3175793349742889,-0.029230298474431024,0.5355098366737366,0.2890878915786743,-0.03478193581104272,0.5143686771392821,0.40333056449890137,-0.00815593646839254,0.5168824076652527,0.34415819644927975,-0.014271719940006701,0.5170084834098816,0.3070850610733032,-0.0212440866976976,0.5160115599632263,0.2768240749835968,-0.026596623286604826,0.5000116288661958,0.413007390499115,-0.00544341402128332,0.49975822567939754,0.36013529300689695,-0.011463504098355741,0.5006761312484742,0.3263063907623291,-0.017258392274379683,0.5017687201499939,0.29713562726974485,-0.02160154394805426,0.4868496716022491,0.4329342544078827,-0.004739542584866241,0.4815668404102325,0.39522665143013,-0.010785486176609961,0.47938330173492427,0.36900756359100345,-0.01434635668992994,0.47792072296142574,0.34516760110855105,-0.0167450580745935
0.5168183326721192,0.5489409565925598,2.3207496155919218e-07,0.539463996887207,0.5270534753799438,-0.021018461883068024,0.5511870145797729,0.4829876601696015,-0.029134480655193286,0.5560269594192505,0.43702605962753294,-0.03443996682763096,0.5638006210327148,0.3969482123851777,-0.03894590809941286,0.5305697441101075,0.4066165924072266,-0.012937419675290539,0.5349666357040406,0.35063346028327946,-0.02088284045457834,0.5361852288246155,0.317746889591217,-0.028383181616663918,0.5356648087501527,0.28938522338867184,-0.0338303498923778,0.5142506122589111,0.40342235565185547,-0.00763112250715486,0.5167997479438782,0.34423342943191526,-0.0134174197912216,0.516970443725586,0.30722925066947937,-0.0202424023300409,0.5160222291946411,0.27708865404129024,-0.02550831809639924,0.4998858153820038,0.4130890369415284,-0.004798611626028961,0.49965174794197076,0.36018218398094176,-0.010530103184282762,0.5006464123725891,0.3264372289180756,-0.01625827923417086,0.5018122792243958,0.29740845561027524,-0.0205816570669412,0.48670238852500913,0.43291358947753905,-0.00397727517411108,0.48135278224945066,0.3952528119087219,-0.009782830812036942,0.47916605472564694,0.3690774977207184,-0.013267769850790461,0.47777023315429684,0.34531364440917967,-0.0156307533383369
0.5166736245155336,0.5492107510566712,2.3157609803092784e-07,0.5394329190254211,0.5274850606918335,-0.02104792632162564,0.5511656165122987,0.48336272239685063,-0.02920511774718756,0.555966067314148,0.4373003065586091,-0.03454394042491908,0.5637456297874451,0.39712853431701667,-0.0390927210450172,0.530497419834137,0.407065498828888,-0.013021741434931702,0.534855329990387,0.3509405255317688,-0.02091969139873976,0.5361376643180847,0.3181041479110718,-0.02837893292307852,0.5357229351997376,0.28978406190872197,-0.03380146548151966,0.5141703486442566,0.4038672387599945,-0.0076822433620690606,0.5166674137115479,0.3445027887821197,-0.013383529707789402,0.5169132471084594,0.30751392245292664,-0.02017690949141976,0.516075873374939,0.27735386490821834,-0.025448912754654822,0.499870491027832,0.4135007679462433,-0.004807311948388761,0.49968107342720025,0.36068688035011287,-0.010441008768975722,0.5007600903511047,0.326944100856781,-0.01616674140095704,0.5019765615463258,0.2978907465934753,-0.02052037678658956,0.4867430984973907,0.43328421115875243,-0.00394577449187632,0.48140645027160645,0.39549019336700436,-0.00967212058603758,0.4792327046394348,0.3693332374095917,-0.013155893795192202,0.4778038740158081,0.3456270217895508,-0.01554591655731196
0.5167393684387207,0.549626636505127,2.3190475246792632e-07,0.5394131064414978,0.5279645800590516,-0.02124379314482206,0.5510797023773194,0.4838168025016785,-0.029516050592064802,0.5558103322982788,0.43775340318679806,-0.034953007847070644,0.5635818243026733,0.3973968625068665,-0.039610195159912064,0.530466616153717,0.4073610246181488,-0.013302859850227782,0.5348111271858216,0.35128452181816106,-0.02133174464106554,0.5360612750053406,0.31837581992149355,-0.02887923307716844,0.5356247305870057,0.2899084329605103,-0.03438077345490452,0.5141455650329589,0.40419219732284545,-0.00795134482905262,0.5166241765022278,0.344913899898529,-0.01378703173249958,0.5168652772903443,0.30792818069458006,-0.020663074776530243,0.5160621643066406,0.27772737145423887,-0.02600962668657298,0.4998470902442932,0.41390634775161744,-0.005079496931284621,0.49958093166351314,0.3611534297466278,-0.010842564702033982,0.5006391763687135,0.32735790610313414,-0.016627197898924282,0.5019030213356018,0.29820807576179503,-0.02102925516664976,0.4867602229118347,0.4338290452957153,-0.00424122544936832,0.4813013851642608,0.3960148274898529,-0.0100813260301947,0.4791002988815308,0.36980735063552855,-0.013637428730726202,0.47770155072212217,0.3459558129310608,-0.016096879169344862
0.516805112361908,0.5500425219535827,2.3223340690492477e-07,0.5393932938575745,0.5284440994262696,-0.02143965996801848,0.5509937882423401,0.4842708826065064,-0.02982698343694204,0.5556545972824096,0.43820649981498716,-0.0353620752692222,0.5634180188179017,0.39766519069671635,-0.040127669274806925,0.5304358124732971,0.40765655040740967,-0.013583978265523862,0.5347669243812561,0.3516285181045532,-0.02174379788339132,0.5359848856925965,0.3186474919319152,-0.029379533231258362,0.5355265259742737,0.2900328040122986,-0.03496008142828938,0.5141207814216614,0.40451715588569637,-0.008220446296036181,0.5165809392929077,0.34532501101493834,-0.014190533757209762,0.516817307472229,0.3083424389362335,-0.02114924006164072,0.5160484552383423,0.2781008780002594,-0.02657034061849114,0.49982368946075434,0.4143119275569916,-0.005351681914180481,0.499480789899826,0.3616199791431427,-0.011244120635092242,0.500518262386322,0.3277717113494873,-0.01708765439689152,0.5018294811248779,0.2985254049301147,-0.02153813354670996,0.48677734732627864,0.4343738794326782,-0.00453667640686032,0.48119632005691526,0.39653946161270137,-0.01049053147435182,0.47896789312362675,0.3702814638614655,-0.014118963666260202,0.4775992274284363,0.34628460407257083,-0.01664784178137776
0.5167610883712769,0.550265896320343,2.334938045578383e-07,0.5393144130706787,0.5286980509757996,-0.021624030545353844,0.5509384512901307,0.4845842838287354,-0.030157718807458826,0.5556326031684876,0.43850540518760683,-0.03581829220056529,0.5634025335311891,0.3978493809700012,-0.04071500897407526,0.5303268909454346,0.4079751431941986,-0.013770061172544902,0.5346188187599182,0.35175642371177673,-0.02196707203984256,0.5357771635055543,0.3186063587665558,-0.029640282690525023,0.5352292060852051,0.2899770736694336,-0.035237115621566735,0.5140475392341615,0.4049426317214965,-0.00833153752610082,0.5164574265480042,0.3455712497234344,-0.01432077698409554,0.5166581630706788,0.3084853947162628,-0.0213304407894611,0.5158294320106507,0.27824883460998534,-0.02678881920874116,0.4998170137405395,0.41470651626586913,-0.005391853861510701,0.4994507312774658,0.36197048425674433,-0.0112385483458638,0.5004164934158325,0.3279911041259766,-0.01710142455995076,0.5016168475151062,0.2987826824188232,-0.02158163972198958,0.48686107993125916,0.4347071349620819,-0.00452492060139772,0.4813479423522949,0.3967207372188568,-0.010425323620438522,0.47907086014747624,0.37037851214408873,-0.014042920991778342,0.47758922576904295,0.34651713371276854,-0.016572788171470117
0.5167170643806458,0.5504892706871033,2.3475420221075183e-07,0.539235532283783,0.5289520025253296,-0.021808401122689204,0.5508831143379211,0.4848976850509644,-0.030488454177975605,0.5556106090545655,0.4388043105602265,-0.03627450913190836,0.5633870482444764,0.3980335712432862,-0.041302348673343606,0.530217969417572,0.4082937359809875,-0.01395614407956594,0.5344707131385803,0.3518843293190002,-0.0221903461962938,0.535569441318512,0.3185652256011963,-0.02990103214979168,0.5349318861961365,0.2899213433265686,-0.0355141498148441,0.5139742970466614,0.40536810755729674,-0.008442628756165459,0.5163339138031006,0.3458174884319305,-0.014451020210981321,0.5164990186691285,0.30862835049629206,-0.02151164151728148,0.515610408782959,0.27839679121971134,-0.02700729779899118,0.49981033802032465,0.41510110497474667,-0.00543202580884092,0.4994206726551056,0.362320989370346,-0.01123297605663536,0.500314724445343,0.32821049690246584,-0.01711519472301,0.5014042139053345,0.2990399599075317,-0.021625145897269195,0.48694481253623967,0.4350403904914856,-0.00451316479593512,0.4814995646476745,0.39690201282501225,-0.010360115766525221,0.47917382717132573,0.370475560426712,-0.013966878317296481,0.47757922410964965,0.3467496633529663,-0.016497734561562477
0.5166420459747314,0.5506679058074951,2.349697581394139e-07,0.5391181468963624,0.5291802167892456,-0.02190267145633692,0.5507570505142212,0.4852817714214326,-0.030713389441370923,0.5554848432540894,0.4392414271831513,-0.03662065416574474,0.5632801651954651,0.39826657176017755,-0.04178832322359078,0.5301132321357727,0.4086163878440857,-0.014250697754323423,0.5344114065170288,0.3523114681243896,-0.02263157851994034,0.5355072975158691,0.31893917918205267,-0.03042888566851612,0.5348790764808655,0.29024581909179686,-0.03611090630292888,0.5139236092567444,0.40559852719306944,-0.008759021013975101,0.5163131594657898,0.34604650735855097,-0.0149195965379476,0.5164846777915955,0.308827805519104,-0.0220575656741857,0.5156055212020875,0.2785308718681336,-0.02761333771049974,0.49977637529373165,0.41528549790382385,-0.00576480412855738,0.49932533502578735,0.3624307870864868,-0.0116828894242644,0.5001929759979248,0.32829600572586054,-0.01758663728833192,0.5013089418411255,0.2990765452384948,-0.022122813761234237,0.4869578361511231,0.43525355458259585,-0.004867705516517121,0.4814941883087158,0.39722854495048526,-0.0108105536550283,0.4791687309741974,0.37078654766082764,-0.014456857740879021,0.47757512927055357,0.3470417022705078,-0.01702629625797266
0.5167365312576294,0.5509131073951722,2.3239923336859649e-07,0.5392154812812806,0.5293729066848755,-0.02169495187699788,0.5508037924766541,0.4852796316146851,-0.03044622913002964,0.5554940462112428,0.4393120408058167,-0.03633259907364842,0.5631525874137878,0.39857158064842224,-0.04151485785841936,0.53007230758667,0.4092324316501617,-0.014588333480060042,0.5343767166137696,0.3527217209339142,-0.023195474222302403,0.5354438185691834,0.3192083895206452,-0.03103150315582748,0.534760570526123,0.29050646424293514,-0.03670396655797954,0.5138648748397827,0.40626971125602723,-0.00928031448274846,0.516294550895691,0.3464285552501678,-0.01571214217692608,0.5164283633232117,0.30907803773880005,-0.022893506288528383,0.5154689073562623,0.27871527671813967,-0.028433284163475,0.4997331202030182,0.41602863073349,-0.00643153609707946,0.4993187069892883,0.3628357708454132,-0.01260788701474662,0.5001704752445222,0.3285133481025695,-0.01857909671962256,0.5012444257736206,0.29921641349792477,-0.02311277016997334,0.4869089424610138,0.43608058691024776,-0.005642092972993801,0.48146147131919864,0.3978790700435639,-0.011821707896888219,0.4791450500488281,0.3712666690349578,-0.015556507557630501,0.47756478786468504,0.3474332094192505,-0.018147727474570222
0.5168310165405274,0.5511583089828491,2.2982870859777906e-07,0.5393128156661988,0.5295655965805054,-0.02148723229765884,0.5508505344390869,0.4852774918079376,-0.030179068818688363,0.555503249168396,0.4393826544284821,-0.0360445439815521,0.5630250096321106,0.3988765895366669,-0.041241392493247944,0.5300313830375671,0.4098484754562378,-0.014925969205796662,0.5343420267105103,0.3531319737434387,-0.023759369924664462,0.5353803396224976,0.3194775998592377,-0.03163412064313884,0.5346420645713806,0.29076710939407346,-0.0372970268130302,0.513806140422821,0.40694089531898503,-0.00980160795152182,0.516275942325592,0.34681060314178463,-0.01650468781590456,0.5163720488548279,0.3093282699584961,-0.02372944690287106,0.515332293510437,0.2788996815681457,-0.029253230616450264,0.49968986511230473,0.41677176356315615,-0.00709826806560154,0.4993120789527893,0.36324075460433963,-0.013532884605228841,0.5001479744911194,0.3287306904792785,-0.0195715561509132,0.5011799097061158,0.2993562817573547,-0.024102726578712444,0.48686004877090455,0.4369076192378997,-0.006416480429470481,0.4814287543296814,0.39852959513664243,-0.01283286213874814,0.4791213691234588,0.3717467904090881,-0.01665615737438198,0.4775544464588165,0.3478247165679932,-0.01926915869116778
0.5166949748992921,0.5509588241577148,2.2585743693070983e-07,0.5392196774482727,0.5295965790748596,-0.02123629637062542,0.5508055686950684,0.48525087237358094,-0.029843471571803063,0.5554728269577027,0.43944128751754763,-0.035694000869989376,0.5630529880523683,0.3991692662239075,-0.04091309607028956,0.5300987005233765,0.40996908545494076,-0.01505027841776604,0.5343024849891662,0.3534197211265564,-0.02410258501768108,0.5352407336235047,0.31967737078666686,-0.0320704903453588,0.5344399213790894,0.2908637344837188,-0.037796083837747525,0.5138493180274963,0.40701073408126837,-0.01016634386032814,0.5162430882453919,0.3469231426715851,-0.01713693570345636,0.5163288950920105,0.3094405114650726,-0.024446532502770364,0.5153499364852906,0.27890940904617306,-0.0300048634409904,0.4997283339500427,0.4168667793273926,-0.0076745714992284405,0.49933122396469115,0.3632890164852143,-0.01440143343061202,0.5002150893211365,0.328838437795639,-0.02048213370144364,0.5013453483581544,0.2994696259498596,-0.024990078806877123,0.4868754506111145,0.43714852929115294,-0.007174848206341201,0.481441742181778,0.39872183799743655,-0.01385214049369094,0.47915647029876707,0.37195812463760375,-0.017737930640578242,0.47761756777763364,0.34797924757003784,-0.020355140231549704
0.5165164828300477,0.5510285139083863,2.2344067929225278e-07,0.5391322731971742,0.5297444581985473,-0.02122499607503408,0.5507382750511169,0.4854397773742676,-0.029892209917306862,0.5552769064903259,0.43977029919624333,-0.035798298567533485,0.5628173828125,0.39944681525230413,-0.041111268848180726,0.5301439762115479,0.4104611277580261,-0.015603741072118241,0.5343755006790162,0.353962230682373,-0.024929955974221183,0.5352874040603638,0.3201691627502441,-0.03299964033067222,0.5344776153564453,0.2912108898162842,-0.03880049958825106,0.5138415217399598,0.4074502468109131,-0.01082393527030938,0.5162799954414368,0.34739071726799015,-0.01810069046914574,0.5163732647895813,0.3099647223949432,-0.025495413318276344,0.5154138445854187,0.27939759492874144,-0.031114069372415502,0.49964624643325806,0.41735773682594307,-0.008408119529485681,0.49927076101303103,0.363665771484375,-0.01543973311781876,0.5001520693302155,0.3291994512081146,-0.021551082655787437,0.5013311386108399,0.2996606349945068,-0.02606470361351966,0.4867492914199829,0.43775885105133056,-0.007963805273175181,0.4812797725200654,0.3992922842502594,-0.01489066984504458,0.4790423572063446,0.3724780678749084,-0.018844703957438442,0.4775620520114898,0.34825232625007635,-0.021507204324007004
0.5165927171707154,0.5510928630828857,2.2244985586894475e-07,0.5392062783241272,0.5296458959579469,-0.0211732510477304,0.5507925033569336,0.4853035390377045,-0.029798092693090403,0.5552165269851685,0.439758712053299,-0.03566777706146238,0.5626849055290222,0.39958469867706303,-0.04094914644956584,0.530190110206604,0.4105208277702332,-0.01573010347783562,0.5344248652458191,0.35404292345046995,-0.025149037688970522,0.5352509975433349,0.3201944470405579,-0.03324197269976136,0.5343212246894837,0.29113934636116023,-0.0390535861253738,0.5138441681861878,0.4076790511608124,-0.01100668199360362,0.5163047075271606,0.34771732687950135,-0.01840981021523472,0.5163370370864868,0.3103608310222626,-0.02581164017319672,0.5152912616729737,0.27984496355056765,-0.031417437270283656,0.499580717086792,0.4177472412586213,-0.0086396382190287,0.499220484495163,0.36394975781440736,-0.015820032544434003,0.5000534892082213,0.32941281795501703,-0.021908143162727343,0.501185429096222,0.299786102771759,-0.02637263908982276,0.48662658929824826,0.4382824718952179,-0.00823170058429236,0.4811060965061188,0.399692714214325,-0.015270394086837722,0.47887366414070126,0.37275972366333004,-0.01921320892870424,0.477426129579544,0.3483153760433197,-0.02184513658285138
0.5166890978813171,0.5508545517921448,2.2249941480367855e-07,0.5392573356628418,0.5292401194572449,-0.020826663449406584,0.5507969737052918,0.4848354637622833,-0.02932645417749878,0.5553334116935731,0.4393331706523895,-0.03514817804098126,0.5628676533699035,0.39942836165428164,-0.04037443846464152,0.5302460789680481,0.4100964665412903,-0.015217429213225803,0.5342913150787354,0.3536389350891113,-0.02447990402579302,0.5350547909736634,0.319797158241272,-0.03247744031250474,0.5340932726860047,0.290853726863861,-0.03821184486150739,0.5139225482940675,0.4075102031230926,-0.01062773782759898,0.5162238359451294,0.34752565026283266,-0.01789371930062766,0.5162675619125365,0.31011335253715516,-0.025208700820803585,0.5152848839759826,0.27962843179702757,-0.030732811242341958,0.49970245361328125,0.41769650578498846,-0.008377976622432441,0.4992882966995239,0.3638462007045746,-0.015425106324255401,0.5001154005527496,0.32920551896095274,-0.02142359130084512,0.5012347340583801,0.2995839238166809,-0.02580890282988546,0.4867784380912781,0.4382809042930603,-0.00806481502950186,0.4812544763088227,0.39952439665794376,-0.01500104721635574,0.47897798418998716,0.372448194026947,-0.01886339299380776,0.47748309373855585,0.34795833230018614,-0.02141135893762108
0.516785478591919,0.5506162405014039,2.2254897373841235e-07,0.5393083930015564,0.528834342956543,-0.02048007585108276,0.5508014440536498,0.48436738848686217,-0.02885481566190716,0.5554502964019776,0.4389076292514801,-0.03462857902050014,0.5630504012107849,0.39927202463150024,-0.0397997304797172,0.5303020477294922,0.40967210531234743,-0.014704754948615981,0.5341577649116517,0.3532349467277527,-0.023810770362615523,0.5348585844039917,0.31939986944198606,-0.03171290792524813,0.5338653206825257,0.29056810736656186,-0.03737010359764096,0.514000928401947,0.40734135508537284,-0.010248793661594341,0.5161429643630981,0.347333973646164,-0.0173776283860206,0.5161980867385865,0.30986587405204774,-0.02460576146841044,0.5152785062789916,0.27941190004348754,-0.03004818521440026,0.49982419013977053,0.41764577031135564,-0.008116315025836181,0.4993561089038849,0.3637426435947418,-0.015030180104076802,0.5001773118972779,0.32899821996688844,-0.0209390394389629,0.5012840390205383,0.2993817448616028,-0.025245166569948158,0.48693028688430784,0.4382793366909027,-0.00789792947471136,0.48140285611152644,0.39935607910156246,-0.01473170034587376,0.479082304239273,0.372136664390564,-0.018513577058911282,0.4775400578975677,0.3476012885570526,-0.020977581292390784
0.5166200280189515,0.550939965248108,2.2694664494338216e-07,0.5392364740371705,0.5290988445281982,-0.020977265387773482,0.5506783485412597,0.48473268151283266,-0.0295923344790935,0.5552839040756226,0.43927467465400694,-0.0354724451899528,0.5627695798873902,0.3992596805095673,-0.04073728919029232,0.5302593588829041,0.40986515283584596,-0.015182881802320441,0.5342251062393188,0.35326328277587893,-0.024251165241002962,0.5350259304046632,0.31949634552001954,-0.03215747773647307,0.534089195728302,0.29066863059997555,-0.03783743381500242,0.5139402627944947,0.4073712170124054,-0.01041279509663578,0.5161711573600769,0.34740470647811894,-0.01746128611266606,0.5162755846977234,0.3099515974521637,-0.02470576204359526,0.515344500541687,0.2795280694961548,-0.030199482291936842,0.4996717214584351,0.41758241653442385,-0.00798326833173628,0.4992626368999481,0.3638015151023865,-0.014769599772989682,0.5000547349452973,0.32912784814834595,-0.02068070508539672,0.5011042475700379,0.29939253330230714,-0.02505435273051258,0.486731070280075,0.43811708092689516,-0.007501631882041641,0.4812521636486053,0.3994604766368866,-0.014221244677901201,0.47899699211120605,0.37231857180595396,-0.01800802685320372,0.4774827718734741,0.3477393925189972,-0.02052759565412994
0.5167335987091065,0.5512054681777954,2.2510745907311507e-07,0.5392271995544433,0.529226541519165,-0.020647801086306525,0.55068119764328,0.4846108734607697,-0.0289906989783048,0.5554540395736695,0.4390398621559143,-0.0346635721623897,0.5629631400108337,0.3992914974689484,-0.039692076295614206,0.5302668690681458,0.40962703824043273,-0.014466138184070543,0.5341573715209962,0.3530720233917236,-0.02332712449133388,0.5349124908447266,0.3193188130855561,-0.031126692146062826,0.5339271783828736,0.29059686064720147,-0.036722648143768286,0.5139845728874206,0.4070464670658112,-0.00979999825358388,0.5161426901817322,0.34709100127220155,-0.01665789522230618,0.5161909461021423,0.30957897305488585,-0.023799952492117842,0.5152030348777772,0.2792087435722351,-0.029188799858093223,0.49974012970924375,0.4171975553035736,-0.00748290987685318,0.49926393032073973,0.3633746922016144,-0.014137973077595163,0.5000410795211792,0.32881280183792116,-0.02000743485987182,0.5010563731193542,0.299270236492157,-0.0243157539516687,0.4867708086967468,0.43768211007118224,-0.0071003983728587005,0.4812712848186493,0.3990176856517792,-0.013733404688537062,0.4789770185947418,0.37194690108299255,-0.017477349564433038,0.4774591028690338,0.34745271205902095,-0.01992985159158702
0.5168471693992615,0.551470971107483,2.2326827320284798e-07,0.5392179250717164,0.5293542385101319,-0.02031833678483956,0.5506840467453004,0.4844890654087066,-0.028389063477516102,0.5556241750717164,0.43880504965782163,-0.0338546991348266,0.5631567001342773,0.39932331442832947,-0.038646863400936086,0.5302743792533875,0.4093889236450195,-0.013749394565820642,0.5340896368026734,0.35288076400756835,-0.0224030837416648,0.53479905128479,0.3191412806510925,-0.03009590655565258,0.5337651610374451,0.29052509069442745,-0.03560786247253414,0.5140288829803467,0.40672171711921695,-0.009187201410531979,0.5161142230033875,0.34677729606628416,-0.015854504331946302,0.5161063075065613,0.30920634865760804,-0.022894142940640422,0.5150615692138673,0.27888941764831543,-0.028178117424249596,0.4998085379600524,0.41681269407272337,-0.0069825514219700804,0.4992652237415313,0.3629478693008423,-0.013506346382200643,0.5000274240970611,0.3284977555274963,-0.019334164634346923,0.5010084986686707,0.2991479396820068,-0.023577155172824823,0.4868105471134186,0.4372471392154693,-0.00669916486367576,0.4812904059886932,0.39857489466667173,-0.013245564699172922,0.4789570450782776,0.37157523036003115,-0.01694667227566236,0.47743543386459353,0.34716603159904474,-0.0193321075290441
0.5165180683135986,0.5519046545028686,2.283528345969899e-07,0.5389772415161134,0.5298959374427795,-0.02105744853615754,0.5504824757575989,0.48529171347618105,-0.029350919649004863,0.5554657816886902,0.4393029987812042,-0.03485281318426126,0.5631008505821229,0.3992097795009613,-0.03962303102016444,0.5301167726516725,0.40959718227386477,-0.01393312327563758,0.5341396093368531,0.3529613375663757,-0.02234414480626576,0.5349406480789185,0.31929866671562196,-0.02999408207833762,0.5339582204818726,0.2906991243362427,-0.03551198467612262,0.513881528377533,0.40659480094909667,-0.008831579331308579,0.5160824537277222,0.346634304523468,-0.015166086889803341,0.5160949349403382,0.3091216921806335,-0.022176029533147783,0.5150218605995178,0.2789128541946411,-0.027509824186563437,0.4996135950088501,0.4164085209369659,-0.0061487658880650595,0.49916421175003045,0.36277965307235716,-0.012332290410995404,0.49997665286064147,0.32858021855354314,-0.018183871544897524,0.5009878635406494,0.2994272172451019,-0.022533681988716102,0.48661137819290157,0.43651109933853144,-0.00545809546019876,0.48122352361679077,0.39813238978385923,-0.011692789569497063,0.47890369296073915,0.371366024017334,-0.015373807772993981,0.4773566603660584,0.34719384908676143,-0.01782394908368582
0.5161889672279358,0.5523383378982544,2.334373959911318e-07,0.5387365579605103,0.5304376363754273,-0.021796560287475522,0.5502809047698974,0.4860943615436554,-0.030312775820493625,0.5553073883056641,0.4398009479045868,-0.03585092723369592,0.5630450010299684,0.39909624457359316,-0.0405991986393928,0.5299591660499573,0.40980544090271,-0.014116851985454523,0.5341895818710327,0.35304191112518307,-0.02228520587086672,0.5350822448730469,0.3194560527801514,-0.02989225760102266,0.5341512799263001,0.29087315797805785,-0.0354161068797111,0.5137341737747193,0.40646788477897644,-0.00847595725208518,0.5160506844520569,0.3464913129806519,-0.01447766944766038,0.516083562374115,0.30903703570365904,-0.021457916125655146,0.5149821519851685,0.2789362907409668,-0.026841530948877278,0.49941865205764774,0.41600434780120843,-0.00531498035416004,0.4990631997585296,0.36261143684387204,-0.011158234439790162,0.4999258816242218,0.3286626815795899,-0.01703357845544812,0.5009672284126282,0.299706494808197,-0.021490208804607384,0.4864122092723846,0.43577505946159356,-0.0042170260567217606,0.48115664124488833,0.39768988490104673,-0.010140014439821201,0.4788503408432007,0.3711568176746368,-0.013800943270325602,0.47727788686752326,0.34722166657447817,-0.01631579063832754
0.5165327191352844,0.5525621056556702,2.3291240722755906e-07,0.5389021635055542,0.5303990602493286,-0.021603456884622504,0.5503827333450317,0.48601835370063784,-0.029960086569189966,0.5554252147674561,0.43955265283584594,-0.035357473790645536,0.5632478117942811,0.398885715007782,-0.03993385732173914,0.5298890948295594,0.4097305655479431,-0.0136484261602163,0.5341927528381347,0.35284697413444516,-0.021598442271351763,0.5351014256477356,0.3192910194396973,-0.02907023131847376,0.5341693162918091,0.29081017971038814,-0.03448841944336886,0.5136922717094422,0.4065400719642639,-0.00800553578883406,0.5160518169403077,0.3463691592216492,-0.0137863771989941,0.5160595536231996,0.3089006841182709,-0.02062956169247624,0.5149026632308961,0.2789170563220978,-0.02590884082019324,0.49945412874221806,0.4161527812480927,-0.004848431888967721,0.49907385706901547,0.36260694265365595,-0.010502298921346583,0.49998470544815066,0.328579044342041,-0.01634408384561536,0.5010669350624085,0.2997195482254028,-0.020780174061655977,0.48651517033576963,0.4358691453933715,-0.00374556696042414,0.4812050640583039,0.39768599867820736,-0.009522282332181881,0.47882304787635804,0.3710792064666748,-0.013153431378304901,0.4772364974021912,0.34718496799468995,-0.015645565465092603
0.5163440465927124,0.5529914975166321,2.3643666224870688e-07,0.5387502431869506,0.5307410597801209,-0.022086558490991524,0.5501932859420776,0.48644096255302427,-0.030739945545792523,0.5552154421806336,0.43980899453163147,-0.036381168663501676,0.5632300853729248,0.39866818785667424,-0.0412042915821075,0.5298303842544556,0.4100905776023865,-0.01391521375626322,0.5341980934143067,0.353153920173645,-0.021998757496476125,0.5351814389228821,0.3196026980876923,-0.029650802165269798,0.5343571782112122,0.29093436598777767,-0.03522370904684062,0.5136784911155701,0.40692464113235477,-0.00809600241482254,0.5160377383232116,0.34678925871849064,-0.01398394443094724,0.5161093831062317,0.3092841863632202,-0.02104377448558804,0.5150907874107361,0.2790500342845917,-0.02652364447712894,0.4994827926158905,0.4164841413497925,-0.0048052174970507205,0.49921570420265193,0.36329897046089166,-0.010512180440127781,0.500183367729187,0.3292264878749847,-0.016452490910887678,0.5013733506202698,0.3001999378204345,-0.02099593095481394,0.4865439474582672,0.4361759722232818,-0.0036175048910081003,0.4813386797904968,0.3980939924716949,-0.009390490688383522,0.4790337145328522,0.37139356732368467,-0.01305691357702012,0.4774904787540436,0.3474166691303253,-0.015622128546237901
0.5161553740501403,0.553420889377594,2.399609172698547e-07,0.5385983228683472,0.5310830593109132,-0.02256966009736054,0.5500038385391236,0.48686357140541076,-0.031519804522395084,0.555005669593811,0.44006533622741695,-0.03740486353635782,0.5632123589515686,0.3984506607055664,-0.042474725842475865,0.5297716736793519,0.41045058965682985,-0.01418200135231014,0.5342034339904785,0.35346086621284484,-0.022399072721600483,0.5352614521980286,0.3199143767356873,-0.03023137301206584,0.5345450401306153,0.2910585522651672,-0.03595899865031238,0.513664710521698,0.4073092103004456,-0.00818646904081102,0.5160236597061157,0.34720935821533205,-0.01418151166290038,0.5161592125892639,0.3096676886081695,-0.021457987278699842,0.5152789115905763,0.2791830122470856,-0.02713844813406464,0.499511456489563,0.41681550145149227,-0.00476200310513372,0.49935755133628845,0.3639909982681274,-0.010522061958908983,0.5003820300102234,0.3298739314079285,-0.01656089797616,0.5016797661781311,0.3006803274154663,-0.021211687847971897,0.4865727245807647,0.4364827990531921,-0.0034894428215920606,0.4814722955226899,0.39850198626518246,-0.00925869904458516,0.47924438118934637,0.37170792818069454,-0.01296039577573534,0.477744460105896,0.34764837026596074,-0.015598691627383202
0.5161071658134461,0.5535171508789063,2.355027305611657e-07,0.5385704874992371,0.5311488389968873,-0.02188768051564686,0.550102186203003,0.4865523874759674,-0.0305081900209188,0.5552169919013977,0.4397945523262024,-0.03619667366147036,0.5632996678352357,0.3986558079719544,-0.04108570963144301,0.5298834323883057,0.4102123320102692,-0.0136939669027924,0.5342483043670654,0.3532742321491241,-0.021928383782505924,0.5352615237236023,0.31964287161827093,-0.029702153429388957,0.534488594532013,0.2907838821411133,-0.03536728844046588,0.5137773275375367,0.40709336996078493,-0.008079870976507619,0.5161286354064941,0.34705007672309873,-0.014154698327183659,0.5162398934364318,0.30947605967521663,-0.021369823813438382,0.5153263330459595,0.27897524237632754,-0.026950453966855983,0.49961876273155215,0.4166638135910034,-0.004986814502626601,0.4994694352149963,0.3637437403202057,-0.01084083113819356,0.500473463535309,0.329547131061554,-0.0167867692187428,0.5017273783683778,0.3002254784107208,-0.0213113948702812,0.4866565585136413,0.43661858439445494,-0.00398773422930386,0.4814892053604127,0.3986000359058379,-0.00985343866050236,0.4792252898216248,0.37180215716362,-0.01348461136221882,0.4776860773563385,0.3477151215076446,-0.016005824878811803
0.5160589575767518,0.5536134123802186,2.3104454385247667e-07,0.538542652130127,0.5312146186828614,-0.02120570093393318,0.5502005338668824,0.48624120354652406,-0.029496575519442517,0.5554283142089844,0.4395237684249878,-0.034988483786582904,0.5633869767189026,0.3988609552383423,-0.03969669342041015,0.5299951910972596,0.40997407436370853,-0.013205932453274661,0.5342931747436523,0.3530875980854034,-0.02145769484341136,0.535261595249176,0.3193713665008545,-0.029172933846712077,0.5344321489334107,0.2905092120170593,-0.03477557823061938,0.5138899445533752,0.4068775296211242,-0.00797327291220422,0.5162336111068726,0.3468907952308654,-0.01412788499146694,0.5163205742835999,0.30928443074226375,-0.02128166034817692,0.5153737545013428,0.27876747250556944,-0.026762459799647323,0.49972606897354127,0.41651212573051455,-0.00521162590011948,0.4995813190937043,0.36349648237228394,-0.01115960031747814,0.5005648970603944,0.3292203307151795,-0.0170126404613256,0.5017749905586244,0.2997706294059753,-0.0214111018925905,0.4867403924465179,0.4367543697357178,-0.00448602563701566,0.48150611519813535,0.39869808554649344,-0.01044817827641956,0.4792061984539033,0.3718963861465454,-0.014008826948702301,0.477627694606781,0.34778187274932854,-0.016412958130240404
0.5158497571945191,0.553924822807312,2.2929841918539752e-07,0.5383773446083069,0.5314640402793884,-0.021159848198294563,0.5500247120857239,0.48632792234420774,-0.02935019917786116,0.5553624033927917,0.4395666778087616,-0.03476794064044948,0.5633954882621766,0.39887866377830505,-0.03940232321619987,0.5299460887908936,0.41001040339469913,-0.012903794087469502,0.5343156099319458,0.3534365057945251,-0.021151465922594002,0.5353773713111878,0.3197738528251648,-0.02894044704735274,0.5346596717834473,0.2908220887184143,-0.034610755741596166,0.5138790369033813,0.4067288815975189,-0.00770289842039342,0.5162205457687378,0.34708266258239745,-0.013818025961518222,0.5163368344306946,0.3095694839954376,-0.02103058248758312,0.5154538869857789,0.27904421687126163,-0.026574423164129245,0.4997223436832428,0.41627215147018437,-0.00498768640682094,0.4996521472930908,0.36342470049858094,-0.01090187970548864,0.5005922436714172,0.3292557239532471,-0.01672676689922804,0.5017738938331604,0.2998379349708557,-0.02110862247645852,0.4867395341396332,0.4366043567657471,-0.004320477182045541,0.48151364326477053,0.39866465926170347,-0.01022648671641938,0.4791854441165924,0.37183092832565307,-0.01372813172638412,0.47753697633743286,0.34766163825988766,-0.01609346270561214
0.5157078981399537,0.5535940051078797,2.2510085955218532e-07,0.5383790016174317,0.531516683101654,-0.02071918696165078,0.5501111745834351,0.4859844148159027,-0.02859288342297072,0.5555344820022583,0.43911883831024173,-0.033728013187646816,0.563499915599823,0.39887704849243166,-0.03807681426405904,0.5300753474235534,0.40959860086441047,-0.012637971714138921,0.5343744277954101,0.35288333892822266,-0.0207164112478494,0.5354109406471252,0.3191573083400726,-0.02830213643610472,0.5346222639083863,0.29046634435653684,-0.03379104807972902,0.5139639616012573,0.4062459051609039,-0.007545014098286581,0.5163247585296631,0.3464458048343658,-0.013473840989172401,0.5164154291152954,0.3089745223522186,-0.020444341003894757,0.5154449343681335,0.2786986887454987,-0.025774145498871782,0.4997810781002045,0.4157263100147247,-0.0048910923302173,0.4997577309608459,0.3625535130500793,-0.01063188388943668,0.5006870031356812,0.3283893942832947,-0.0163268089294433,0.501778793334961,0.29909546375274654,-0.020599896833300563,0.486769962310791,0.43608639240264896,-0.00424253134988244,0.4815149307250977,0.3980889618396759,-0.010035917069762881,0.479144537448883,0.37136836647987365,-0.013453316874802059,0.47742667198181155,0.3474267184734344,-0.0157210379838943
0.5155660390853882,0.5532631874084473,2.209032999189731e-07,0.5383806586265565,0.5315693259239197,-0.020278525725007,0.5501976370811462,0.4856409072875977,-0.027835567668080277,0.5557065606117249,0.4386709988117218,-0.03268808573484416,0.5636043429374695,0.39887543320655827,-0.036751305311918225,0.5302046060562133,0.40918679833412175,-0.01237214934080834,0.5344332456588745,0.3523301720619202,-0.0202813565731048,0.5354445099830628,0.3185407638549804,-0.027663825824856707,0.5345848560333253,0.2901105999946594,-0.03297134041786188,0.5140488862991334,0.40576292872428893,-0.007387129776179741,0.5164289712905884,0.34580894708633425,-0.013129656016826582,0.5164940237998963,0.3083795607089996,-0.0198580995202064,0.5154359817504883,0.27835316061973575,-0.024973867833614324,0.4998398125171662,0.41518046855926516,-0.00479449825361366,0.499863314628601,0.36168232560157776,-0.01036188807338472,0.5007817625999451,0.32752306461334235,-0.01592685095965856,0.5017836928367615,0.29835299253463743,-0.0200911711901426,0.48680039048194884,0.43556842803955076,-0.00416458551771934,0.48151621818542484,0.3975132644176483,-0.00984534742310638,0.4791036307811737,0.3709058046340942,-0.01317850202322,0.4773163676261902,0.34719179868698113,-0.015348613262176462
0.5160297632217408,0.5532787680625916,2.195122533521499e-07,0.5386430501937867,0.5312681794166565,-0.02048145458102222,0.5502703785896301,0.4853410542011261,-0.0282206773757934,0.5556009769439698,0.4384876370429992,-0.033277557045221284,0.5635834455490112,0.39848905801773077,-0.037577155232429466,0.5302980422973633,0.40935413241386415,-0.012685154378414101,0.5345372080802918,0.3527877569198608,-0.020889317244291262,0.5355933308601379,0.3190923571586609,-0.0285094611346721,0.5348527312278748,0.290489375591278,-0.0339982077479362,0.5141509175300598,0.40608100295066835,-0.0077754071913659,0.5165005087852479,0.34628439545631406,-0.013817413896322203,0.5165746450424195,0.3089433550834656,-0.02074708938598628,0.5155946016311646,0.2787042915821076,-0.02602793388068672,0.4999970197677613,0.41561174392700195,-0.005292881373316001,0.49995159506797787,0.3620238661766052,-0.01116592530161138,0.5008350253105164,0.32784181237220766,-0.016845554113388003,0.5018750190734863,0.29863975048065183,-0.02107855938374992,0.4870156466960907,0.4359993398189545,-0.00479705636389548,0.4816008090972901,0.39768351912498473,-0.010697254259139262,0.4792043447494506,0.370881313085556,-0.014132261835038601,0.47750169038772583,0.34690327644348146,-0.016398081928491542
0.5164934873580933,0.5532943487167359,2.1812120678532668e-07,0.5389054417610168,0.5309670329093934,-0.02068438343703744,0.550343120098114,0.48504120111465454,-0.02860578708350652,0.5554953932762146,0.43830427527427673,-0.033867028355598405,0.5635625481605531,0.3981026828289032,-0.038403005152940706,0.5303914785385132,0.40952146649360655,-0.012998159416019861,0.534641170501709,0.3532453417778015,-0.021497277915477724,0.5357421517372132,0.31964395046234134,-0.0293550964444875,0.5351206064224243,0.29086815118789666,-0.03502507507801052,0.5142529487609864,0.40639907717704776,-0.008163684606552061,0.5165720462799073,0.3467598438262939,-0.014505171775817822,0.5166552662849426,0.3095071494579315,-0.02163607925176616,0.5157532215118409,0.27905542254447935,-0.027081999927759122,0.5001542270183563,0.41604301929473875,-0.0057912644930183405,0.5000398755073547,0.36236540675163265,-0.011969962529838039,0.5008882880210876,0.328160560131073,-0.017764257267117445,0.5019663453102112,0.29892650842666624,-0.02206594757735724,0.4872309029102325,0.4364302515983582,-0.00542952721007162,0.48168540000915533,0.3978537738323212,-0.011549161095172143,0.47930505871772766,0.3708568215370178,-0.015086021646857201,0.47768701314926143,0.34661475419998167,-0.017447550594806623
0.5162624835968018,0.5529257297515869,2.1663877305400095e-07,0.538799250125885,0.5308919787406922,-0.0205307289958,0.550422739982605,0.4847764790058136,-0.02846910990774626,0.5556115865707398,0.4380597710609436,-0.033797805011272386,0.5636920094490052,0.3980747401714325,-0.03842704892158502,0.5306415438652039,0.40919091701507565,-0.013247148506343301,0.5347144126892089,0.3528896808624267,-0.021964444965124102,0.5356073141098023,0.31908067464828493,-0.029887423664331378,0.5347659945487977,0.2901837348937988,-0.03558658361434934,0.514492392539978,0.4061084985733032,-0.00861925017088646,0.5167972087860108,0.3464240193367004,-0.015252056717872583,0.5168034672737122,0.3089860439300537,-0.022431150078773457,0.5158115983009339,0.27832075357437136,-0.02785446569323534,0.5003805994987488,0.4157951056957245,-0.006429553590714881,0.5002041578292846,0.3620731770992279,-0.012898975051939439,0.501037347316742,0.32776602506637575,-0.018691733106970743,0.502082657814026,0.29841367602348323,-0.022917809337377498,0.48735453486442565,0.43635118603706363,-0.0062296889722346606,0.48175882101058964,0.39753320813179016,-0.012594326958060242,0.47936537861824036,0.3705291152000427,-0.016147670522332142,0.47773876190185544,0.3462860226631165,-0.0184629969298839
0.5167928457260133,0.552706253528595,2.1363622977332857e-07,0.5390590310096741,0.5300600528717041,-0.02021726183593272,0.5505133032798767,0.4839701771736145,-0.028141174837946842,0.555675458908081,0.43777078986167905,-0.0335726529359817,0.5637709379196167,0.39814374446868894,-0.0383424006402492,0.5308376073837281,0.40879363417625425,-0.013310682214796482,0.534930694103241,0.3530279815196991,-0.022300497069954843,0.5358317375183106,0.319386911392212,-0.03037153668701642,0.535077428817749,0.2902984976768493,-0.03618960157036778,0.5146934032440186,0.4059087634086609,-0.00904815085232252,0.5169201970100403,0.34655154347419737,-0.016004439443349804,0.5168307781219482,0.30912165045738216,-0.02324127629399296,0.5157909154891969,0.27815020084381104,-0.028693259134888578,0.5006101846694946,0.4159081161022187,-0.007220178283750961,0.5001328587532043,0.36219707727432254,-0.014060251601040298,0.5007529795169829,0.32788400650024413,-0.019839660450816123,0.5016587138175965,0.2983045637607574,-0.02400935478508466,0.487664532661438,0.43679328560829167,-0.00736188134178512,0.48175740838050846,0.3979462802410126,-0.014057566598057722,0.4792020380496979,0.37089088559150696,-0.0176682205870747,0.47749671936035154,0.3462935626506805,-0.01999769769608968
0.5173232078552247,0.552486777305603,2.1063368649265615e-07,0.5393188118934631,0.5292281270027162,-0.01990379467606544,0.5506038665771484,0.4831638753414154,-0.027813239768147424,0.5557393312454224,0.43748180866241454,-0.03334750086069102,0.5638498663902283,0.3982127487659454,-0.038257752358913384,0.5310336709022523,0.4083963513374328,-0.013374215923249663,0.535146975517273,0.35316628217697144,-0.022636549174785584,0.5360561609268188,0.3196931481361389,-0.030855649709701463,0.5353888630867005,0.29041326045989985,-0.036792619526386225,0.5148944139480591,0.40570902824401855,-0.009477051533758581,0.5170431852340698,0.34667906761169437,-0.016756822168827023,0.5168580889701844,0.3092572569847107,-0.024051402509212463,0.5157702326774598,0.2779796481132507,-0.029532052576541817,0.5008397698402405,0.4160211265087128,-0.008010802976787041,0.500061559677124,0.36232097744941716,-0.01522152815014116,0.5004686117172241,0.32800198793411256,-0.0209875877946615,0.501234769821167,0.2981954514980316,-0.025100900232791823,0.48797453045845035,0.4372353851795197,-0.00849407371133558,0.48175599575042727,0.398359352350235,-0.015520806238055202,0.47903869748115546,0.3712526559829712,-0.01918877065181726,0.4772546768188477,0.3463011026382446,-0.02153239846229546
0.5169317722320557,0.552498960494995,2.088442727199436e-07,0.5391309261322021,0.5293801307678223,-0.01975289471447466,0.5505942463874818,0.4834182858467102,-0.02755245566368098,0.555832302570343,0.4379218995571137,-0.033025213330984064,0.563880980014801,0.39890387058258053,-0.037887827306985825,0.5312341928482056,0.40861091017723083,-0.013285943120717942,0.5353784680366517,0.35368374586105344,-0.022569139674305884,0.53627108335495,0.32024916410446164,-0.03077529072761528,0.5357038378715516,0.29089443683624266,-0.03671125322580332,0.5150215148925781,0.4054694414138794,-0.00948877800256008,0.5170015454292297,0.3466858744621277,-0.016779712960123983,0.5165937185287477,0.30903653502464296,-0.0240180660039186,0.5153841257095337,0.2773338735103607,-0.029445050284266402,0.5008992910385133,0.415521901845932,-0.008116864226758442,0.4998783171176911,0.3621264457702637,-0.01538925226777784,0.49992163777351384,0.3279272139072418,-0.02109369561076162,0.5003932654857636,0.2979324042797089,-0.02513740696012966,0.48792080283164985,0.4367972314357758,-0.00868620928376906,0.481397420167923,0.39843011498451236,-0.01582593452185388,0.4784467399120331,0.37159262895584105,-0.01949108652770514,0.47645375728607176,0.346628999710083,-0.02179932929575436
0.5165403366088868,0.5525111436843873,2.07054858947231e-07,0.5389430403709412,0.5295321345329285,-0.01960199475288388,0.550584626197815,0.483672696352005,-0.02729167155921454,0.5559252738952637,0.4383619904518128,-0.0327029258012771,0.5639120936393738,0.39959499239921564,-0.037517902255058265,0.5314347147941589,0.4088254690170288,-0.013197670318186222,0.5356099605560303,0.35420120954513556,-0.022501730173826184,0.5364860057830811,0.3208051800727844,-0.030694931745529102,0.5360188126564026,0.2913756132125854,-0.03662988692522042,0.5151486158370971,0.4052298545837403,-0.009500504471361582,0.5169599056243896,0.346692681312561,-0.01680260375142094,0.5163293480873108,0.3088158130645752,-0.023984729498624742,0.5149980187416077,0.27668809890747065,-0.02935804799199098,0.5009588122367858,0.4150226771831513,-0.00822292547672984,0.4996950745582581,0.36193191409111025,-0.015556976385414522,0.49937466382980344,0.32785243988037105,-0.02119980342686174,0.4995517611503601,0.2976693570613861,-0.025173913687467502,0.4878670752048493,0.4363590776920319,-0.008878344856202541,0.4810388445854187,0.3985008776187897,-0.01613106280565256,0.4778547823429108,0.3719326019287109,-0.01979340240359302,0.4756528377532959,0.3469568967819213,-0.022066260129213262
0.5171298384666443,0.5523005962371826,2.0225461128120517e-07,0.5393800258636474,0.5287627577781678,-0.0187803171575069,0.5509066343307496,0.48276898264884943,-0.02614768855273718,0.5561201333999634,0.43820593953132636,-0.03147426024079317,0.5637796998023987,0.39999390244483946,-0.036269654333591445,0.5317654967308044,0.4088305115699768,-0.012793460302054822,0.5361852645874023,0.35490725636482234,-0.02229521535336966,0.5372820138931275,0.32174503803253174,-0.030540255084633743,0.5372156262397767,0.29233353734016415,-0.036503469944000166,0.5154220819473266,0.40504299402236943,-0.009708902984857501,0.5168859839439393,0.34660550355911257,-0.01723357066512104,0.5159008741378784,0.30864992737770075,-0.02432784661650652,0.5143916964530946,0.2762557029724121,-0.029584424197673743,0.5012104988098145,0.4149767398834229,-0.00901506990194318,0.4993059158325196,0.3615865111351013,-0.01665664017200462,0.4982894301414489,0.3274511337280273,-0.022215081006288502,0.49794986248016354,0.29699425697326665,-0.026068086922168665,0.48824453353881836,0.43674876093864445,-0.01019355040043586,0.4807869493961334,0.39923340082168585,-0.017795369029045043,0.47716116309165957,0.37272903323173523,-0.021490400284528678,0.47466277480125435,0.3474513411521912,-0.023729223385453163
0.5172227025032043,0.5522168040275574,2.008033220590733e-07,0.53941468000412,0.528551733493805,-0.01855630911886686,0.5508440494537353,0.4830090403556824,-0.02577402926981444,0.5558669209480286,0.4383682191371918,-0.03100175447762006,0.5635734081268311,0.40008486509323116,-0.035627118498086904,0.5320484161376953,0.40769208073616026,-0.011980016715824542,0.5368019223213196,0.35414866805076595,-0.02112690880894656,0.5379972934722901,0.3211871862411499,-0.029217842593789022,0.5379523277282715,0.2919364094734192,-0.035123295336961666,0.5155933737754822,0.40367363691329955,-0.00894668176770204,0.5166859984397889,0.3456170916557312,-0.0160510946065187,0.5151445508003235,0.30826714634895325,-0.02287146598100656,0.5130361199378968,0.2766863167285919,-0.027954156324267343,0.5013222336769104,0.413601815700531,-0.00833040662109848,0.4988793313503265,0.3605154693126678,-0.01563846636563532,0.49723479747772215,0.3271582007408142,-0.02094652615487572,0.496235316991806,0.2974255204200745,-0.024647706374525964,0.4883506298065186,0.4356622457504273,-0.009603554941713761,0.48040237426757815,0.3987115621566773,-0.01702907457947724,0.47628522515296945,0.3727180898189545,-0.020600647479295683,0.4733075499534607,0.34783957004547117,-0.022728064656257582
0.5173155665397644,0.5521330118179322,1.993520328369414e-07,0.5394493341445923,0.5283407092094422,-0.01833230108022682,0.5507814645767213,0.48324909806251526,-0.025400369986891706,0.5556137084960937,0.4385304987430573,-0.030529248714446955,0.5633671164512635,0.40017582774162297,-0.03498458266258236,0.5323313355445862,0.40655364990234377,-0.011166573129594261,0.5374185800552369,0.3533900797367096,-0.01995860226452346,0.5387125730514526,0.3206293344497681,-0.0278954301029443,0.5386890292167664,0.2915392816066742,-0.033743120729923165,0.5157646656036377,0.4023042798042297,-0.008184460550546582,0.5164860129356384,0.3446286797523499,-0.01486861854791636,0.5143882274627686,0.3078843653202057,-0.021415085345506603,0.511680543422699,0.2771169304847717,-0.02632388845086094,0.5014339685440063,0.4122268915176392,-0.00764574334025378,0.49845274686813357,0.35944442749023436,-0.01462029255926602,0.4961801648139954,0.3268652677536011,-0.019677971303462938,0.49452077150344853,0.2978567838668823,-0.023227325826883263,0.48845672607421875,0.4345757305622101,-0.009013559482991661,0.48001779913902287,0.39818972349166876,-0.01626278012990944,0.4754092872142792,0.3727071464061737,-0.01971089467406268,0.4719523251056671,0.3482277989387512,-0.021726905927062
0.5185454726219177,0.5521966695785523,1.8899699512076044e-07,0.5401140213012695,0.5275977849960327,-0.01772581562399856,0.550982689857483,0.4826233506202698,-0.02467879354953762,0.5551740169525146,0.43820772767066957,-0.02988700419664378,0.5625446677207947,0.3997660934925079,-0.0343683153390884,0.5329829812049866,0.404787528514862,-0.01031878925859922,0.5380083322525024,0.3517718136310577,-0.01902434267103668,0.5392679810523986,0.319195580482483,-0.02690063826739782,0.5392130494117737,0.29047651290893556,-0.032717479020357064,0.5163789510726928,0.4011566758155823,-0.007725586183369101,0.5163534402847291,0.3442176103591919,-0.01444997750222678,0.5136440634727479,0.309039431810379,-0.02082195989787572,0.510401451587677,0.2806111872196197,-0.02554190866649146,0.5020197987556458,0.4116438627243042,-0.0075961815193295,0.4981525599956513,0.3595073819160461,-0.0145849354565143,0.4953017711639404,0.32794344425201416,-0.01939596459269518,0.4931445181369781,0.30052006244659424,-0.022721914947032882,0.4890980124473572,0.43450903296470644,-0.009365794621407941,0.48020026683807376,0.39810169935226447,-0.016660888865590022,0.47520255446434023,0.37279853224754333,-0.020083328336477222,0.4714249968528747,0.34881287217140194,-0.02203061729669568
0.5197753787040711,0.5522603273391724,1.7864195740457949e-07,0.5407787084579468,0.5268548607826233,-0.017119330167770303,0.5511839151382447,0.4819976031780243,-0.023957217112183543,0.5547343254089355,0.43788495659828186,-0.029244759678840597,0.5617222189903259,0.3993563592433929,-0.03375204801559444,0.533634626865387,0.4030214071273803,-0.00947100538760418,0.5385980844497681,0.35015354752540584,-0.0180900830775499,0.5398233890533447,0.3177618265151978,-0.02590584643185134,0.539737069606781,0.28941374421119687,-0.03169183731079096,0.516993236541748,0.40000907182693485,-0.007266711816191621,0.5162208676338196,0.3438065409660339,-0.0140313364565372,0.5128998994827272,0.31019449830055235,-0.02022883445024484,0.5091223597526551,0.28410544395446774,-0.02475992888212198,0.5026056289672851,0.41106083393096926,-0.00754661969840522,0.497852373123169,0.35957033634185787,-0.01454957835376258,0.49442337751388543,0.3290216207504273,-0.01911395788192742,0.49176826477050783,0.3031833410263062,-0.0222165040671825,0.4897392988204956,0.4344423353672028,-0.00971802975982422,0.4803827345371246,0.39801367521286013,-0.017058997601270602,0.47499582171440125,0.3728899180889129,-0.02045576199889176,0.47089766860008236,0.3493979454040527,-0.02233432866632936
0.5209234952926637,0.5513977527618409,1.6884474405287624e-07,0.5415085196495057,0.5266640901565552,-0.01789019182324402,0.5515589237213135,0.4821853399276734,-0.025112178176641443,0.5539826035499573,0.4381588637828827,-0.030735303461551622,0.5603926301002502,0.39934490323066707,-0.03550308272242542,0.5343290567398071,0.40102760791778563,-0.00951330736279482,0.5388663172721863,0.3480570793151855,-0.01812178865075108,0.539805245399475,0.31535984277725215,-0.02607931829988952,0.5394560337066652,0.28779838681221004,-0.031948726624250356,0.5172670364379883,0.3986410081386566,-0.006985173188149861,0.5153148531913758,0.3415285587310791,-0.01483794711530204,0.5116860508918762,0.31379709839820863,-0.02187594398856156,0.5081016778945924,0.29671898484230036,-0.0264713935554027,0.5026018023490906,0.40980553030967715,-0.00692018084228034,0.4970816612243653,0.3584746301174163,-0.01472576893866058,0.493534904718399,0.3330638647079468,-0.01988383531570428,0.4911818206310272,0.3155685901641846,-0.022903756052255583,0.4896564722061157,0.4330290317535401,-0.00877591073513026,0.47999139428138726,0.39501025080680846,-0.01658204793930046,0.4746789395809174,0.37143524289131163,-0.02048321999609464,0.470986944437027,0.3525747179985046,-0.022467557340860343
0.5211984395980835,0.5505308985710144,1.4142981328291176e-07,0.5423282504081727,0.5257742881774903,-0.017419260740280083,0.5525502324104309,0.48161612153053285,-0.024461071938276263,0.5540340542793274,0.4376621901988983,-0.029979865625500642,0.5586824297904969,0.3989544928073883,-0.03465484157204624,0.5347245454788209,0.40108175873756413,-0.00941502768546336,0.5387410759925843,0.3479342103004455,-0.017546548694372142,0.5395229220390321,0.31519243121147156,-0.02487321868538852,0.5390283226966859,0.28778975605964663,-0.030339865386486,0.5172987937927246,0.39797500967979427,-0.006851209420710741,0.5151923894882202,0.3418541193008423,-0.015706313028931582,0.5125932097434998,0.3243001222610473,-0.022671007364988262,0.5098841786384583,0.317708271741867,-0.02653287276625628,0.5020555436611176,0.40795173645019533,-0.00651563010178502,0.49723080992698676,0.3594291269779205,-0.015264623798429921,0.4954001307487487,0.34397335648536687,-0.019914893805980622,0.4941569328308106,0.3366898775100708,-0.021931811608374062,0.48858011364936826,0.42918004989624026,-0.007953437091782641,0.47944825887680054,0.3919357597827911,-0.01597066316753618,0.476335221529007,0.3751754283905029,-0.019305342063307702,0.47467106580734253,0.36472244858741754,-0.020515005476772742
0.5214733839035035,0.549664044380188,1.1401488251294727e-07,0.5431479811668396,0.5248844861984253,-0.01694832965731614,0.5535415410995483,0.4810469031333923,-0.023809965699911083,0.5540855050086975,0.43716551661491393,-0.02922442778944966,0.5569722294807434,0.3985640823841095,-0.03380660042166706,0.5351200342178345,0.4011359095573426,-0.0093167480081319,0.5386158347129821,0.34781134128570557,-0.016971308737993202,0.5392405986785889,0.3150250196456909,-0.02366711907088752,0.5386006116867066,0.2877811253070831,-0.028731004148721644,0.517330551147461,0.397309011220932,-0.006717245653271621,0.5150699257850647,0.3421796798706055,-0.01657467894256112,0.5135003685951234,0.3348031461238862,-0.023466070741414963,0.5116666793823242,0.3386975586414337,-0.02659435197710986,0.5015092849731445,0.4060979425907135,-0.006111079361289701,0.49737995862960815,0.3603836238384247,-0.01580347865819926,0.49726535677909844,0.3548828482627868,-0.019945952296256963,0.4971320450305939,0.35781116485595704,-0.02095986716449254,0.4875037550926209,0.42533106803894044,-0.0071309634484350215,0.4789051234722137,0.3888612687587738,-0.015359278395771902,0.4779915034770966,0.3789156138896942,-0.018127464130520764,0.478355187177658,0.3768701791763305,-0.018562453612685142
0.5234947681427002,0.5495011925697327,9.400342193544023e-08,0.5444819688796998,0.5239808320999146,-0.016006281040608823,0.5545051097869873,0.4795313775539398,-0.02273182496428486,0.5547647118568421,0.436292552947998,-0.028241982683539356,0.5561631321907043,0.3982957601547242,-0.03306007757782932,0.5354676842689514,0.4023826837539673,-0.009549089893698619,0.5380160570144653,0.34868186712265015,-0.01732150875031944,0.5388180494308472,0.31570177078247075,-0.02386981323361392,0.537906837463379,0.2878968000411987,-0.02888103574514382,0.5177634000778198,0.4000050663948059,-0.007585011236369561,0.5145959496498108,0.3446698069572449,-0.01907693184912202,0.5167463779449464,0.34819517135620115,-0.026207256689667644,0.5173502206802368,0.36193575263023375,-0.02885163687169548,0.5019260883331298,0.4094812989234924,-0.007312048505991661,0.4974075794219971,0.3642864286899567,-0.018276186287403042,0.5015012264251708,0.3682950079441071,-0.02179371565580362,0.5038372457027436,0.3806584894657135,-0.021800054237246444,0.48774228692054744,0.4284583151340485,-0.0085084804333746,0.4797394096851349,0.39073271751403804,-0.01723428666591636,0.48262612819671635,0.3864170610904694,-0.01940486356616014,0.4857464134693145,0.3915918171405792,-0.019150615483522364
0.525831949710846,0.5499423980712891,7.7455404579041e-08,0.5459120392799377,0.5238967180252077,-0.015221817418932863,0.5555434346199035,0.4789883315563202,-0.02202867530286308,0.5556284785270691,0.4363341689109802,-0.02785107009112832,0.5557347178459168,0.39905271530151376,-0.03311799764633174,0.5355796098709107,0.40573936700820923,-0.010283076763153,0.5368911504745484,0.35117076039314266,-0.01846165284514422,0.5375883102416992,0.317557156085968,-0.02478527612984176,0.5361969113349915,0.28891862034797666,-0.029624151438474584,0.5182605266571045,0.4050606608390808,-0.008982307463884301,0.5143495678901673,0.3491076350212097,-0.0226098325103521,0.5206443071365356,0.36389120221138,-0.029831890761852203,0.5240003347396851,0.38753783106803896,-0.0316804341971874,0.5027658462524414,0.4154594004154205,-0.009079609718173702,0.4981101453304291,0.37091304659843444,-0.02187153026461594,0.5067512333393097,0.3850902497768402,-0.024484727531671482,0.5118073880672455,0.40683260560035706,-0.023056516423821387,0.48869297504425047,0.4344161868095398,-0.01047335574403402,0.48130995631217954,0.3962011635303497,-0.019999837502837098,0.488465279340744,0.39846584796905526,-0.0213338896632194,0.49465467333793633,0.4114138901233673,-0.02006114125251764
0.527792465686798,0.5516512155532838,6.215702157419402e-08,0.5469502210617065,0.523912501335144,-0.013689443655312002,0.5561834812164307,0.4786039113998413,-0.020317410305142364,0.5566472053527832,0.4363295257091522,-0.026279607042670242,0.5558581590652466,0.3995993196964264,-0.03180443421006198,0.5354977130889893,0.4097626209259033,-0.01038534920662634,0.5357471346855164,0.35434044599533077,-0.0187860637903213,0.5364671945571899,0.3205814361572265,-0.024686224758625003,0.5347047328948975,0.2906332731246948,-0.02926706150174134,0.5189167022705079,0.4106622636318206,-0.01002657320350404,0.5148222208023071,0.3559278011322021,-0.02459850981831546,0.5251495480537415,0.37768971323966977,-0.030983639508485723,0.5307073473930359,0.40443196296691897,-0.03191102296113966,0.5039858937263488,0.42211958169937136,-0.010853235330432622,0.49941601157188414,0.3791417896747589,-0.02452138960361474,0.5124807953834534,0.3995477497577667,-0.025458978116512262,0.5197424650192262,0.4240069687366485,-0.022557716444134665,0.4900295317173004,0.4412818968296051,-0.012819976452738021,0.4833608567714691,0.40417826771736143,-0.02255092076957218,0.4945682764053345,0.4117706537246705,-0.022535520046949344,0.5032837629318236,0.42847350835800174,-0.020136643946170738
0.5312516450881958,0.5508664250373841,6.50117797817984e-08,0.5482877135276795,0.521511971950531,-0.012856682762503562,0.556413996219635,0.47699812054634094,-0.019888195395469623,0.5575907468795777,0.4365513384342194,-0.026682392880320545,0.5570405721664429,0.4010312497615815,-0.03313014209270472,0.5348403573036195,0.4113150417804718,-0.01045638881623738,0.5341307878494264,0.35634671449661254,-0.02002481184899802,0.5346753239631653,0.322650808095932,-0.02649564482271668,0.5328188300132752,0.2925615668296814,-0.03130064532160752,0.5192777752876283,0.41524419784545896,-0.0109730738215148,0.5159027338027954,0.3640841245651245,-0.027253264933824482,0.5292187333106995,0.388608056306839,-0.0338347099721431,0.5367500424385071,0.41629534363746645,-0.03455990776419638,0.5056032717227936,0.4290636479854584,-0.012675735121592842,0.5024222195148468,0.3892565965652466,-0.027684269100427563,0.5179125070571899,0.41132358908653255,-0.028056396543979602,0.5266518473625184,0.436130553483963,-0.024416325055062724,0.4927796542644501,0.4504621624946594,-0.015488683478906721,0.48878994584083557,0.41629324555397035,-0.02599568422883742,0.5020504891872406,0.42425840497016903,-0.025768271088600123,0.5116101682186126,0.4401693522930145,-0.02302242126315826
0.5347108244895935,0.5500816345214844,6.78665379894028e-08,0.5496252059936524,0.519111442565918,-0.012023921869695121,0.5566445112228393,0.4753923296928406,-0.019458980485796883,0.5585342884063721,0.4367731511592865,-0.027085178717970844,0.5582229852676392,0.4024631798267365,-0.034455849975347466,0.5341830015182495,0.4128674626350403,-0.010527428425848421,0.5325144410133362,0.3583529829978943,-0.021263559907674742,0.5328834533691407,0.32472018003463743,-0.028305064886808364,0.5309329271316529,0.29448986053466797,-0.0333342291414737,0.5196388483047486,0.4198261320590973,-0.01191957443952556,0.5169832468032837,0.3722404479980469,-0.029908020049333503,0.5332879185676574,0.39952639937400813,-0.03668578043580048,0.5427927374839783,0.42815872430801394,-0.037208792567253096,0.5072206497192383,0.4360077142715454,-0.014498234912753063,0.5054284274578095,0.39937140345573424,-0.030847148597240383,0.5233442187309265,0.42309942841529846,-0.03065381497144694,0.5335612297058105,0.44825413823127747,-0.026274933665990784,0.4955297768115997,0.4596424281597137,-0.01815739050507542,0.4942190349102021,0.42840822339057927,-0.02944044768810266,0.5095327019691468,0.4367461562156677,-0.0290010221302509,0.5199365735054016,0.45186519622802734,-0.02590819858014578
0.5357256174087525,0.5477154016494752,6.458728947222882e-08,0.5500615239143372,0.5148380279541016,-0.010962178185582101,0.5568461894989014,0.47275439500808714,-0.01850958541035646,0.5596664667129516,0.4362877666950226,-0.02656236514449118,0.5600721001625062,0.40424425005912784,-0.03438613414764398,0.5327299475669861,0.41432991027832033,-0.0106201779097318,0.5313588619232178,0.3612074017524719,-0.021827511489391282,0.5316442251205444,0.3282374441623687,-0.028857005387544606,0.5297924518585205,0.2988657414913177,-0.033685235679149564,0.5189365863800048,0.4223844468593598,-0.01248824279755348,0.5202735543251038,0.3803139746189117,-0.031127579510211865,0.5372990608215332,0.4089133918285369,-0.03737474828958504,0.5468408823013307,0.4376605749130249,-0.037242766469717,0.5077781081199646,0.4393914699554443,-0.015488588437437962,0.5110540986061096,0.40914825797080995,-0.032569216191768585,0.5290550231933594,0.43498069047927856,-0.0315962933003902,0.5388562202453614,0.46011378765106203,-0.02628429867327208,0.49770457744598384,0.4636109948158264,-0.01947173625230786,0.5003365516662598,0.43807517886161806,-0.03096290752291674,0.516164791584015,0.44844349026679986,-0.02987978681921956,0.5263497114181519,0.46399908661842343,-0.02601490952074522
0.5356554865837098,0.5472166180610657,5.228630310938344e-08,0.5498146891593934,0.51081862449646,-0.0086508714128285,0.5565028548240663,0.4700295388698578,-0.01575510697439306,0.5602674007415771,0.4357864499092102,-0.023859433643519858,0.5618312001228334,0.40544259548187256,-0.03180884420871728,0.5297844409942627,0.416675478219986,-0.0092178263701498,0.5307435035705567,0.36655539870262144,-0.020501523092389062,0.5323915719985962,0.3348586618900299,-0.027605083957314445,0.5319729804992676,0.3066716015338897,-0.032344980910420346,0.5168097138404847,0.4246286153793335,-0.01196353714913124,0.525518262386322,0.39030281901359554,-0.0302135054022073,0.5421030759811402,0.4201879262924194,-0.03583008423447602,0.5503942012786867,0.4485447525978089,-0.03536420240998264,0.5074428439140319,0.44161268472671505,-0.0157197099179029,0.5184908032417297,0.41876325011253357,-0.0326338313519954,0.5351618647575379,0.44645130634307856,-0.03124230876564974,0.5434365272521973,0.4715566515922546,-0.025638750195503178,0.49991267323493954,0.4656314253807068,-0.0203113034367561,0.5087047398090363,0.44678213000297545,-0.03162289708852764,0.5243452668190003,0.45904859304428103,-0.0302968647330999,0.5337775230407714,0.47476016283035277,-0.026137551292777
0.5355853557586671,0.5467178344726563,3.998531674653806e-08,0.5495678544044494,0.5067992210388184,-0.006339564640074901,0.556159520149231,0.46730468273162845,-0.01300062853842966,0.5608683347702026,0.43528513312339784,-0.02115650214254854,0.5635903000831604,0.40664094090461733,-0.029231554269790582,0.5268389344215393,0.4190210461616516,-0.0078154748305678,0.5301281452178955,0.371903395652771,-0.019175534695386843,0.533138918876648,0.34147987961769105,-0.026353162527084282,0.5341535091400147,0.3144774615764618,-0.031004726141691124,0.5146828413009644,0.4268727838993073,-0.011438831500709,0.5307629704475403,0.4002916634082794,-0.02929943129420274,0.5469070911407471,0.4314624607563019,-0.034285420179367004,0.5539475202560424,0.45942893028259285,-0.03348563835024828,0.5071075797080994,0.4438338994979858,-0.01595083139836784,0.5259275078773499,0.42837824225425714,-0.03269844651222222,0.5412687063217163,0.4579219222068786,-0.030888324230909283,0.5480168342590332,0.48299951553344733,-0.02499320171773428,0.5021207690238952,0.4676518559455872,-0.02115087062120434,0.5170729279518127,0.45548908114433284,-0.03228288665413854,0.5325257420539856,0.4696536958217621,-0.03071394264698024,0.541205334663391,0.48552123904228217,-0.02626019306480878
0.5335670113563538,0.5514680624008179,3.371485952641252e-08,0.5473764300346374,0.5089836120605469,-0.0041528355624904575,0.5541965246200562,0.4686731159687042,-0.010341717768460441,0.5599793553352356,0.43729462623596194,-0.018299847654998282,0.5640925407409668,0.4093847095966339,-0.026291115209460203,0.5235009908676147,0.42621548175811763,-0.0073974623344838205,0.5308904647827148,0.3809295773506165,-0.01864203102886672,0.5366320610046387,0.35126590728759766,-0.02580018974840634,0.539852523803711,0.3253016293048859,-0.030419192463159484,0.5128565549850465,0.43434360027313235,-0.01199788376688952,0.5362558960914613,0.4103415846824646,-0.02862739525735372,0.5515556335449219,0.4414375126361847,-0.03274835124611848,0.5565774202346803,0.4677998304367066,-0.03186965063214296,0.5077353835105896,0.45170495510101316,-0.017280331067740882,0.5330610275268555,0.43730562329292294,-0.0330655720084905,0.54679012298584,0.4666833698749542,-0.03075969964265818,0.5513368129730225,0.49052510261535653,-0.02498434856534,0.5058256149291992,0.4751790046691895,-0.023091047629713982,0.5254827022552491,0.46364185214042664,-0.03343278132379052,0.5403734087944031,0.47792846560478214,-0.03136269673705096,0.5479260683059692,0.4933522164821625,-0.02680956646800036
0.5315486669540406,0.5562182903289795,2.744440230628698e-08,0.5451850056648254,0.5111680030822754,-0.0019661064849060142,0.5522335290908813,0.47004154920578,-0.007682806998491221,0.5590903759002686,0.439304119348526,-0.015443193167448023,0.5645947813987732,0.4121284782886505,-0.023350676149129824,0.5201630473136902,0.4334099173545837,-0.00697944983839984,0.5316527843475342,0.3899557590484619,-0.0181085273623466,0.5401252031326294,0.36105193495750426,-0.0252472169697284,0.5455515384674072,0.3361257970333099,-0.029833658784627844,0.5110302686691285,0.4418144166469574,-0.01255693603307004,0.5417488217353821,0.42039150595664976,-0.0279553592205047,0.5562041759490968,0.4514125645160676,-0.03121128231286996,0.5592073202133179,0.4761707305908203,-0.030253662914037645,0.5083631873130798,0.4595760107040405,-0.01860983073711392,0.5401945471763612,0.44623300433158875,-0.03343269750475878,0.5523115396499634,0.47544481754302975,-0.03063107505440708,0.5546567916870118,0.4980506896972656,-0.02497549541294572,0.5095304608345032,0.4827061533927918,-0.02503122463822362,0.5338924765586853,0.4717946231365204,-0.0345826759934425,0.5482210755348206,0.4862032353878022,-0.03201145082712168,0.5546468019485474,0.5011831939220429,-0.02735893987119194
0.5294411540031434,0.5644241452217102,3.235159447001479e-08,0.5398499608039856,0.5185322046279908,-0.00038526732314493454,0.5468855142593384,0.4750393748283386,-0.005825706943869541,0.5560136675834656,0.4429090023040771,-0.013315471820533241,0.5640718698501587,0.4158393323421478,-0.02101907506585116,0.5160514354705811,0.4433459043502807,-0.00730631873011584,0.5327501773834229,0.4007190644741059,-0.017941796407103482,0.5442358136177063,0.37252076864242556,-0.024826228991150782,0.5524080514907836,0.3485036015510559,-0.029286964982747965,0.5100441217422486,0.4526519536972046,-0.01341433301568028,0.5465311408042908,0.43171123266220096,-0.027108734846115062,0.5591012120246888,0.46120107173919683,-0.029643419757485318,0.559926176071167,0.4834060311317444,-0.028979383409023243,0.5105881810188294,0.47091060876846313,-0.019736653938889463,0.5467114210128785,0.45532054305076597,-0.033032208681106526,0.5565700173377991,0.4829965591430664,-0.030048906803131062,0.5568231821060181,0.5037774085998535,-0.02498785033822058,0.5148921251296997,0.4934008240699768,-0.02627237290143964,0.5420669913291931,0.47980672121047974,-0.03464247360825536,0.5556037306785584,0.49296898841857917,-0.03178911358118052,0.5613453149795533,0.5065394520759583,-0.027392764389514882
0.5275724768638611,0.5714914917945862,4.354228249070503e-08,0.5338814616203309,0.5260339736938476,0.00037996271785230545,0.5409705758094787,0.4804594755172729,-0.005015223380178161,0.5525381803512573,0.447070163488388,-0.012295119650661903,0.5625527262687684,0.42092523574829105,-0.01980245448648924,0.5136234760284424,0.4531443655490875,-0.0087051860056817,0.5338139295578004,0.4097492814064026,-0.01875261776149268,0.5473284482955932,0.3829085707664489,-0.025041091814637123,0.5571875333786012,0.3607646286487579,-0.029113182425498905,0.5111240983009339,0.4640181183815003,-0.01496789753437038,0.5492228269577026,0.4405507445335388,-0.02724559456109996,0.560238242149353,0.4679488897323609,-0.02904730662703508,0.559432578086853,0.4880898654460907,-0.028479762002825704,0.5144949555397034,0.4825889825820923,-0.021190585941076222,0.5513741970062257,0.4630687117576599,-0.03294487595558162,0.5598885416984558,0.48874367475509645,-0.02948822490870948,0.5586215257644653,0.5077881693840027,-0.02471355721354482,0.5209381937980652,0.5042023003101349,-0.02751377485692498,0.5487308144569396,0.4861188232898712,-0.034359008818864785,0.560973060131073,0.49804141521453865,-0.03082613870501514,0.5653708457946778,0.5106865525245667,-0.026435064524412123
0.5257037997245788,0.5785588383674621,5.4732970511395257e-08,0.5279129624366761,0.5335357427597046,0.0011451927588495454,0.5350556373596191,0.4858795762062073,-0.004204739816486781,0.5490626931190491,0.451231324672699,-0.011274767480790562,0.561033582687378,0.4260111391544342,-0.01858583390712732,0.5111955165863038,0.46294282674789433,-0.01010405328124756,0.5348776817321778,0.4187794983386993,-0.019563439115881882,0.5504210829734802,0.39329637289047237,-0.025255954638123464,0.5619670152664185,0.37302565574645996,-0.028939399868249845,0.5122040748596192,0.47538428306579594,-0.01652146205306048,0.5519145131111145,0.44939025640487673,-0.02738245427608486,0.5613752722740174,0.47469670772552497,-0.028451193496584842,0.5589389801025391,0.49277369976043695,-0.027980140596628164,0.5184017300605774,0.4942673563957215,-0.02264451794326298,0.5560369729995728,0.47081688046455383,-0.03285754323005672,0.5632070660591125,0.4944907903671265,-0.028927543014287897,0.5604198694229127,0.5117989301681518,-0.024439264088869064,0.5269842624664307,0.515003776550293,-0.02875517681241032,0.5553946375846863,0.4924309253692627,-0.0340755440294742,0.5663423895835877,0.5031138420104981,-0.02986316382884976,0.5693963766098022,0.5148336529731751,-0.025477364659309363
0.5250896692276001,0.5849122047424316,5.518156456219004e-08,0.523297905921936,0.5405335783958436,0.0014577579157048026,0.5303976535797119,0.49132641553878786,-0.0035956386476754605,0.5462033987045288,0.45591833591461184,-0.010176052991300762,0.5597259879112244,0.4316880762577057,-0.01692629605531686,0.5103456497192383,0.47235902547836306,-0.010413279104977802,0.5352055668830872,0.42775729298591614,-0.01891043409705158,0.5509199976921082,0.40351465940475467,-0.023734171688556623,0.5626135468482971,0.38462879657745364,-0.026897510141134222,0.5144750475883485,0.4850840926170349,-0.016632967069745,0.552850103378296,0.45695250630378725,-0.026232436299324,0.5602466106414795,0.4797656297683716,-0.0267952118068933,0.5563118100166321,0.4960364818572998,-0.026331860199570623,0.5228434681892395,0.503019666671753,-0.02239880189299576,0.5586272358894349,0.47691882848739625,-0.031108481436967803,0.5639665484428406,0.49886269569396974,-0.026846557855606017,0.5598389387130738,0.51451016664505,-0.022601431235671002,0.5327734708786012,0.5222181975841522,-0.02810454741120334,0.5598707914352417,0.49706150293350226,-0.03216177038848394,0.5684211134910584,0.5086402356624603,-0.027517282217740982,0.5694511532783508,0.5206270337104798,-0.023177719116210905
0.5244755387306214,0.5912655711174012,5.563015861298482e-08,0.518682849407196,0.5475314140319825,0.00177032307256006,0.5257396697998047,0.4967732548713685,-0.0029865374788641402,0.5433441042900086,0.4606053471565247,-0.009077338501810962,0.5584183931350708,0.4373650133609772,-0.015266758203506401,0.5094957828521729,0.48177522420883184,-0.010722504928708042,0.5355334520339966,0.43673508763313296,-0.018257429078221282,0.5514189124107362,0.41373294591903687,-0.022212388738989782,0.5632600784301758,0.39623193740844725,-0.024855620414018606,0.5167460203170777,0.49478390216827395,-0.016744472086429523,0.5537856936454774,0.4645147562026978,-0.02508241832256314,0.5591179490089416,0.48483455181121826,-0.02513923011720176,0.5536846399307251,0.49929926395416263,-0.02468357980251308,0.5272852063179017,0.5117719769477844,-0.02215308584272854,0.5612174987792968,0.48302077651023867,-0.029359419643878882,0.5647260308265686,0.5032346010208131,-0.024765572696924143,0.5592580080032349,0.5172214031219482,-0.020763598382472943,0.5385626792907715,0.5294326186180115,-0.02745391800999636,0.5643469452857971,0.5016920804977417,-0.030247996747493677,0.570499837398529,0.5141666293144227,-0.025171400606632203,0.5695059299468994,0.5264204144477844,-0.020878073573112443
0.5248623013496398,0.5965916633605958,4.804326430019046e-08,0.517634642124176,0.5542821168899537,0.0019466830417513201,0.5243363857269288,0.5041933178901673,-0.0022810861002653202,0.5415982723236085,0.46832879781723025,-0.0077425518073141,0.5565927982330322,0.44599673748016355,-0.01319619938731186,0.5103464841842652,0.49119023084640506,-0.009961120970547162,0.5346867084503173,0.44516785740852355,-0.01670123953372236,0.5496149301528931,0.4226633667945862,-0.019890055432915645,0.5606066942214966,0.4058581054210663,-0.022021542116999603,0.5191817045211793,0.5030570387840271,-0.01573764178901902,0.5534432768821717,0.4707056701183319,-0.023391335085034343,0.557372522354126,0.489716637134552,-0.023030170798301663,0.5512017726898194,0.5037077784538269,-0.022263052314519822,0.5308635234832764,0.5180665135383606,-0.02087245732545846,0.5618667960166931,0.48801448345184323,-0.027105651795864043,0.5640541076660156,0.5072554588317871,-0.022024838253855643,0.557951807975769,0.5205924153327942,-0.017907088436186262,0.5427182435989379,0.5338594317436218,-0.02591822482645506,0.5669165134429932,0.5059133768081665,-0.0278489660471677,0.570679759979248,0.5202680349349976,-0.022333736717700923,0.5677884578704835,0.5335920095443726,-0.01791474241763348
0.5262511014938354,0.6039130926132202,3.862401705134744e-08,0.5178971648216247,0.5634283661842346,0.0019375002011656202,0.5238463878631593,0.5146463990211487,-0.0017178649723063708,0.5400352954864502,0.4793207049369812,-0.0064728424418717,0.5544863700866699,0.45786787867546086,-0.01119065927341574,0.511709475517273,0.5011908888816834,-0.009012094140052761,0.5335803627967834,0.4541274726390839,-0.015098989382386161,0.5468436717987061,0.43034203052520753,-0.017905806563794563,0.5564716577529908,0.41227816343307494,-0.019819915294647182,0.5219401597976685,0.5115075409412384,-0.01437748465687028,0.5529137969017028,0.47832494378089907,-0.021363312378525703,0.5558170676231384,0.4961400747299194,-0.02082241587340828,0.549467670917511,0.5097593724727632,-0.01990683898329728,0.5346280574798584,0.5248579144477845,-0.01908890642225736,0.5622024416923523,0.49452365636825557,-0.02443107627332204,0.5631982207298278,0.5126858472824096,-0.01902878377586598,0.5568274855613708,0.5255818605422974,-0.014868284389376601,0.5469472169876098,0.5393673419952393,-0.023756056278943956,0.568595016002655,0.5118842482566834,-0.025057874619960722,0.570569384098053,0.5273142099380493,-0.019256055355071983,0.566756808757782,0.5409988641738892,-0.014725102111697141
0.5276399016380311,0.6112345218658448,2.9204769802504417e-08,0.5181596875190735,0.5725746154785156,0.0019283173605799202,0.5233563899993897,0.5250994801521301,-0.0011546438443474217,0.538472318649292,0.4903126120567322,-0.0052031330764293,0.5523799419403076,0.46973901987075806,-0.009185119159519622,0.5130724668502807,0.5111915469169617,-0.008063067309558362,0.5324740171432495,0.4630870878696442,-0.013496739231049961,0.5440724134445191,0.4380206942558289,-0.01592155769467348,0.5523366212844849,0.4186982214450836,-0.01761828847229476,0.5246986150741577,0.5199580430984497,-0.01301732752472154,0.5523843169212341,0.4859442174434662,-0.01933528967201706,0.5542616128921509,0.5025635123252868,-0.0186146609485149,0.5477335691452027,0.5158109664916992,-0.01755062565207474,0.5383925914764405,0.5316493153572083,-0.01730535551905626,0.5625380873680115,0.501032829284668,-0.02175650075078004,0.5623423337936401,0.5181162357330322,-0.01603272929787632,0.5557031631469727,0.5305713057518006,-0.01182948034256694,0.5511761903762817,0.5448752522468567,-0.021593887731432858,0.5702735185623169,0.5178551197052003,-0.022266783192753742,0.5704590082168579,0.5343603849411012,-0.01617837399244304,0.5657251596450805,0.5484057188034057,-0.0115354618057608
0.5303166508674622,0.6196641087532044,2.3092499468191363e-08,0.5192065119743348,0.582518458366394,0.0018071621889248,0.5232845664024353,0.5362991571426392,-0.0010200001881457618,0.5371442198753358,0.5022053360939026,-0.0047085061669349,0.5505056500434875,0.48327782154083254,-0.00837832745164628,0.5145572066307068,0.5218175053596497,-0.008249535039067241,0.5310482978820801,0.47190014719963075,-0.013684058189392041,0.5411639690399169,0.44518329501152043,-0.01616632826626296,0.5484525322914123,0.4241609275341034,-0.01789218373596662,0.5273463129997253,0.5295856237411499,-0.012920361757278362,0.5518936038017274,0.4940217554569245,-0.01924280487000938,0.5533779263496399,0.5102034151554108,-0.01846547909080978,0.547422480583191,0.5239302396774292,-0.0172042712569236,0.5419483423233032,0.5404096603393556,-0.01688391342759126,0.562754237651825,0.5089781761169434,-0.02107462733983988,0.5621307730674744,0.5253331542015076,-0.015085808001458601,0.5560215830802918,0.5381127238273621,-0.01064523607492444,0.5551361560821534,0.5529418826103211,-0.020876182615756942,0.5713156223297119,0.5251131653785706,-0.021221626177430102,0.5708913564682008,0.5408985495567322,-0.01481286287307734,0.5665848851203918,0.5547628045082093,-0.00991440182551736
0.5329934000968933,0.628093695640564,1.6980229133878313e-08,0.520253336429596,0.5924623012542725,0.0016860070172696803,0.5232127428054809,0.5474988341331481,-0.0008853565319441017,0.5358161211013794,0.514098060131073,-0.004213879257440501,0.5486313581466675,0.4968166232109069,-0.00757153574377294,0.5160419464111328,0.5324434638023376,-0.008436002768576121,0.5296225786209107,0.4807132065296173,-0.01387137714773412,0.5382555246353149,0.45234589576721196,-0.01641109883785244,0.5445684432983399,0.42962363362312317,-0.018166078999638482,0.529994010925293,0.5392132043838501,-0.01282339598983518,0.5514028906822205,0.5020992934703827,-0.0191503200680017,0.5524942398071289,0.5178433179855346,-0.01831629723310466,0.5471113920211792,0.5320495128631593,-0.016857916861772463,0.545504093170166,0.5491700053215027,-0.01646247133612626,0.5629703879356385,0.5169235229492187,-0.02039275392889972,0.5619192123413086,0.5325500726699829,-0.01413888670504088,0.5563400030136109,0.5456541419029236,-0.00946099180728194,0.5590961217880249,0.5610085129737854,-0.02015847750008102,0.5723577260971069,0.532371211051941,-0.02017646916210646,0.5713237047195435,0.5474367141723633,-0.013447351753711641,0.5674446105957032,0.5611198902130127,-0.00829334184527392
0.5353949308395386,0.6380516648292541,8.9653665824585e-09,0.5213725447654725,0.6026520967483521,0.00160570302978154,0.5235195875167847,0.5583234906196595,-0.0008228009333833817,0.53524751663208,0.5252504467964173,-0.003939167549833581,0.547596287727356,0.5088600397109986,-0.0071331730112433,0.5178677082061768,0.5426183342933655,-0.008617496304213981,0.5291290998458862,0.48975380659103396,-0.01405981406569476,0.5363278508186341,0.45994304418563847,-0.016725001856684643,0.5416013479232789,0.435790491104126,-0.01858092062175266,0.5328122735023498,0.5485376119613647,-0.01277987062931052,0.5514193773269653,0.510569441318512,-0.018911231681704478,0.552199161052704,0.5259070992469788,-0.01805757321417328,0.5472521781921387,0.5404103875160218,-0.016540520638227404,0.5490354418754577,0.5580373167991638,-0.01614785306155674,0.563783073425293,0.5253394484519959,-0.01970419883728024,0.5623682022094727,0.5402969717979431,-0.013366172648966262,0.5571096420288086,0.553632414340973,-0.00862458646297452,0.5630165219306946,0.5696330785751343,-0.01959282644093032,0.5739826917648315,0.5403671264648438,-0.01922644451260562,0.5724041223526002,0.5545812845230103,-0.012304211035370782,0.568708598613739,0.5680493235588073,-0.006997847463935561
0.5384616374969483,0.6486688733100892,-3.429834016799307e-09,0.5233659863471986,0.6131415963172913,0.0015445183962583,0.5248237967491151,0.5685025691986084,-0.000785447109956271,0.5359390616416931,0.5348468542098999,-0.00371246100403362,0.5479566454887391,0.5185656130313874,-0.00671156160533424,0.5202659845352173,0.5528586626052857,-0.00914986003190276,0.5295644283294678,0.49897382855415345,-0.01462207753211256,0.5355987668037415,0.46840982437133794,-0.01730955783277746,0.5400390744209289,0.4435738861560822,-0.01920633949339382,0.5357678651809692,0.5584487080574035,-0.01312804073095314,0.5522238254547119,0.5194342374801636,-0.01907691545784468,0.5526416778564454,0.5346120238304138,-0.018047580868005723,0.5480227470397949,0.5494411349296571,-0.016420243307948064,0.5524002552032471,0.5679001331329346,-0.016265434771776117,0.5650462508201599,0.5343649387359619,-0.019426050782203642,0.5632725596427918,0.5487336635589599,-0.01295081675052636,0.5583554267883302,0.5621378779411317,-0.00817006425932046,0.5666904091835022,0.5793999552726745,-0.019486131519079162,0.5758684635162353,0.5490662813186646,-0.01870995983481402,0.5738141655921937,0.5621377110481263,-0.011659252829849661,0.5702564358711242,0.5751680254936219,-0.006310797855257941
0.5415283441543579,0.6592860817909241,-1.5825034616057116e-08,0.5253594279289245,0.6236310958862304,0.0014833337627350599,0.5261280059814454,0.5786816477775574,-0.0007480932865291602,0.5366306066513062,0.5444432616233825,-0.00348575445823366,0.5483170032501221,0.5282711863517762,-0.006289950199425179,0.5226642608642578,0.5630989909172058,-0.009682223759591541,0.5299997568130493,0.508193850517273,-0.01518434099853036,0.5348696827888488,0.4768766045570374,-0.01789411380887028,0.5384768009185792,0.4513572812080383,-0.019831758365034983,0.5387234568595887,0.5683598041534423,-0.013476210832595762,0.5530282735824585,0.5282990336418152,-0.01924259923398488,0.5530841946601868,0.5433169484138489,-0.018037588521838163,0.5487933158874512,0.5584718823432923,-0.016299965977668723,0.5557650685310364,0.5777629494667054,-0.0163830164819955,0.5663094282150269,0.5433904290199281,-0.01914790272712704,0.5641769170761108,0.5571703553199768,-0.012535460852086462,0.5596012115478516,0.5706433415412903,-0.007715542055666401,0.5703642964363098,0.5891668319702148,-0.019379436597228,0.5777542352676391,0.5577654361724854,-0.01819347515702242,0.5752242088317872,0.5696941375732423,-0.01101429462432854,0.5718042731285096,0.5822867274284362,-0.005623748246580321
0.544811236858368,0.6706557869911194,-2.56234830686708e-08,0.5281872630119324,0.6346971035003661,0.0015949753811582202,0.5287796974182128,0.5892148971557617,-0.0005711356643587001,0.5388439893722534,0.5538728833198547,-0.0032015260308980403,0.5500230550765992,0.536711835861206,-0.00588290290907022,0.52573082447052,0.5734111070632935,-0.009975440986454441,0.5320106625556946,0.5175591588020325,-0.015543477423489058,0.5361347556114197,0.48556427955627446,-0.01831925064325328,0.5391308784484864,0.4594516515731812,-0.020295774191617905,0.5420639634132386,0.5784776210784912,-0.013671385310590221,0.5552053213119507,0.5381970286369324,-0.01923628635704512,0.5551864743232727,0.5530234098434448,-0.01797701232135294,0.5511468172073365,0.568225622177124,-0.016258693858981103,0.5593310594558716,0.5878445744514466,-0.01642273589968674,0.5686818957328797,0.5534220099449159,-0.018871331214904738,0.5665136098861695,0.5668861746788025,-0.012226202525198382,0.5622550368309022,0.5804058313369751,-0.007451422326266721,0.574137568473816,0.5990332961082458,-0.01924941614270204,0.5805635571479797,0.5677449345588684,-0.01772989928722376,0.5778539180755615,0.5792544841766358,-0.01050195712596172,0.5746093273162842,0.591560423374176,-0.0051138393580913
0.5480941295623779,0.6820254921913147,-3.542193152128448e-08,0.5310150980949402,0.6457631111145019,0.0017066169995813801,0.5314313888549804,0.5997481465339661,-0.00039417804218824,0.5410573720932007,0.563302505016327,-0.00291729760356242,0.5517291069030762,0.545152485370636,-0.00547585561871526,0.5287973880767822,0.5837232232093811,-0.010268658213317341,0.5340215682983399,0.5269244670867921,-0.01590261384844776,0.5373998284339905,0.4942519545555115,-0.01874438747763628,0.5397849559783936,0.467546021938324,-0.020759790018200823,0.5454044699668885,0.5885954380035401,-0.013866559788584684,0.5573823690414429,0.5480950236320495,-0.019229973480105363,0.5572887539863587,0.5627298712730407,-0.01791643612086772,0.5535003185272218,0.5779793620109558,-0.016217421740293482,0.5628970503807068,0.5979261994361877,-0.01646245531737798,0.5710543632507324,0.5634535908699035,-0.018594759702682442,0.568850302696228,0.5766019940376282,-0.011916944198310301,0.5649088621139526,0.5901683211326599,-0.00718730259686704,0.577910840511322,0.6088997602462769,-0.01911939568817608,0.5833728790283202,0.5777244329452514,-0.0172663234174251,0.580483627319336,0.5888148307800293,-0.0099896196275949,0.5774143815040589,0.6008341193199157,-0.00460393046960228
0.5516686558723449,0.6934644460678101,-3.988123040699066e-08,0.5344747543334961,0.6567923069000245,0.0015408132458104799,0.5351015806198121,0.6099954366683961,-0.00064585154177616,0.5445963859558106,0.5725899815559388,-0.0031753325834869804,0.5550391793251038,0.5537187099456787,-0.0056954279541969206,0.5325878381729126,0.5941068649291992,-0.01081967446953052,0.5373543858528138,0.5361107110977174,-0.01666091643273826,0.5404583215713501,0.5027923226356507,-0.019540161639451922,0.5426210999488831,0.4755860209465027,-0.02154125384986396,0.5491749882698059,0.5990650177001953,-0.0142895584926009,0.5611954927444458,0.5583374738693238,-0.019734089449048,0.5610638737678528,0.5730531573295593,-0.01832745373249052,0.5572150588035584,0.5882738590240478,-0.01656468138098714,0.566748046875,0.6086565732955933,-0.01674891114234918,0.5748504400253296,0.5742048263549805,-0.01894909404218192,0.5725582480430603,0.587349247932434,-0.01224746536463492,0.5686115980148315,0.6008055925369262,-0.0074982743710279,0.5818956375122071,0.6197487831115722,-0.01926098391413682,0.5873435139656067,0.588953971862793,-0.017407151684164943,0.5843514561653138,0.5999415040016174,-0.01016081329435104,0.581195330619812,0.6116162538528442,-0.0047918982803821
0.5552369832992554,0.7052120685577393,-3.6271132231036075e-08,0.5382633328437805,0.6678094387054444,0.00082297571934754,0.5396540284156799,0.619797444343567,-0.0017757660301867201,0.5496561288833619,0.5820364236831665,-0.00456729619763786,0.5606254100799561,0.5637798070907593,-0.007273532170802341,0.5368483066558838,0.6044163823127746,-0.01181932594627136,0.5418105125427247,0.5456936001777649,-0.01816654354333872,0.5450000762939453,0.5117958426475526,-0.021355265378951962,0.547298800945282,0.4839716374874115,-0.02355240732431408,0.553292977809906,0.6100348711013794,-0.01513076592236754,0.5662447690963746,0.5691269516944886,-0.0211788989603519,0.5660414814949035,0.5839716672897339,-0.0199733071029186,0.5619622349739075,0.5990852475166322,-0.018266393616795502,0.5708664536476136,0.6204002499580383,-0.01747656241059298,0.5798914313316346,0.5858535051345826,-0.020300986617803524,0.5773965120315552,0.5991244435310364,-0.013735566101968221,0.5731325149536133,0.6124129056930542,-0.00894359303638334,0.5860985398292542,0.632153844833374,-0.01991790272295468,0.5924610376358033,0.6015423059463502,-0.01846210472285742,0.5893276453018189,0.6128026604652405,-0.01130447462201114,0.5858294606208801,0.6244132161140442,-0.00593228349462146
0.5588053107261658,0.7169596910476685,-3.2661034055081475e-08,0.5420519113540649,0.6788265705108644,0.00010513819288460007,0.5442064762115479,0.6295994520187378,-0.00290568051859728,0.5547158718109131,0.5914828658103943,-0.00595925981178874,0.5662116408348083,0.5738409042358399,-0.008851636387407762,0.541108775138855,0.61472589969635,-0.012818977423012202,0.5462666392326355,0.5552764892578126,-0.01967217065393918,0.5495418310165405,0.5207993626594544,-0.023170369118452005,0.5519765019416809,0.4923572540283203,-0.025563560798764203,0.5574109673500061,0.6210047245025635,-0.01597197335213418,0.5712940454483033,0.5799164295196534,-0.0226237084716558,0.5710190892219544,0.5948901772499084,-0.02161916047334668,0.5667094111442567,0.6098966360092164,-0.019968105852603862,0.574984860420227,0.6321439266204835,-0.018204213678836782,0.5849324226379395,0.5975021839141845,-0.021652879193425123,0.58223477602005,0.6108996391296387,-0.015223666839301523,0.577653431892395,0.6240202188491821,-0.01038891170173878,0.5903014421463013,0.6445589065551758,-0.02057482153177254,0.5975785613059998,0.6141306400299072,-0.019517057761549904,0.594303834438324,0.6256638169288635,-0.012448135949671242,0.5904635906219482,0.6372101783752442,-0.0070726687088608214
0.5619502663612366,0.7285228371620178,-3.0704674713888386e-08,0.5458109498023987,0.6891630172729493,-0.00041424578521399993,0.548943817615509,0.6390958309173584,-0.0037669670069589403,0.5601738929748535,0.6009014487266541,-0.00699460017494852,0.5723820447921754,0.5838144421577454,-0.010019968915730681,0.5459527015686035,0.625324535369873,-0.014055730029940561,0.5515334486961365,0.565231215953827,-0.021443172916769924,0.5552101969718933,0.530390465259552,-0.025220621004700603,0.5580074429512024,0.5014116883277893,-0.02777984738349912,0.5621026277542114,0.6324721813201906,-0.01712638456374402,0.5768257260322571,0.5901787638664246,-0.02435237616300578,0.576278305053711,0.605552089214325,-0.023333840444684,0.5716574311256408,0.6209018707275391,-0.02155363336205476,0.57955242395401,0.6445734620094299,-0.01928780600428576,0.5904881477355958,0.6091850399971008,-0.023134055361151644,0.587396240234375,0.6227771401405334,-0.01657044626772398,0.582487177848816,0.6358039975166321,-0.01154514010995622,0.5948527932167054,0.65806884765625,-0.02163252569735044,0.6030981183052063,0.6272863388061524,-0.02081203758716578,0.5994797229766846,0.6387592792510987,-0.013733052834868401,0.5952989935874939,0.6500119090080261,-0.008321304246783222
0.5650952219963074,0.7400859832763671,-2.8748315372695292e-08,0.5495699882507324,0.6994994640350342,-0.0009336297633125999,0.5536811590194702,0.6485922098159791,-0.0046282534953206,0.565631914138794,0.6103200316429138,-0.0080299405381083,0.5785524487495423,0.593787980079651,-0.011188301444053602,0.550796627998352,0.635923171043396,-0.01529248263686892,0.5568002581596374,0.5751859426498414,-0.023214175179600664,0.5608785629272461,0.5399815678596497,-0.0272708728909492,0.5640383839607238,0.5104661226272583,-0.029996133968234043,0.5667942881584168,0.6439396381378175,-0.01828079577535386,0.5823574066162109,0.6004410982131958,-0.02608104385435576,0.5815375208854676,0.6162140011787415,-0.02504852041602132,0.5766054511070251,0.6319071054458618,-0.02313916087150566,0.5841199874877929,0.6570029973983764,-0.020371398329734742,0.596043872833252,0.620867896080017,-0.024615231528878165,0.5925577044486999,0.6346546411514282,-0.01791722569614644,0.5873209238052368,0.647587776184082,-0.012701368518173661,0.5994041442871094,0.6715787887573241,-0.02269022986292834,0.6086176753044129,0.6404420375823975,-0.022107017412781663,0.6046556115150452,0.6518547415733338,-0.015017969720065562,0.6001343965530396,0.6628136396408081,-0.009569939784705623
0.5680691719055176,0.7515992403030396,-2.48486816900595e-08,0.5532380938529968,0.710069763660431,-0.0010783232719404122,0.5583316564559937,0.658451247215271,-0.00498767946846776,0.5711877584457398,0.6200354576110839,-0.00856949752196666,0.5847446084022523,0.6036012887954713,-0.011947512999176922,0.5554327845573426,0.6465108633041382,-0.015943773835897422,0.5624826431274415,0.585585105419159,-0.024404954910278283,0.5672828197479248,0.550063443183899,-0.028827638179063763,0.5710316061973572,0.5199715614318848,-0.03180059716105458,0.5712410926818848,0.6555386781692506,-0.0190577451139688,0.5874732732772827,0.6098422050476074,-0.027528328076004922,0.5862790822982789,0.6260825514793397,-0.02657653540372846,0.5811017513275147,0.642484998703003,-0.02451987862586968,0.5883371829986572,0.6695036411285401,-0.02127175033092494,0.6010281443595886,0.6317260384559632,-0.025833662599325125,0.597154986858368,0.6458118319511413,-0.01886417791247362,0.5917562484741211,0.6590018987655639,-0.013322589546442,0.6034808516502381,0.6849312424659728,-0.0237541921436786,0.6132693290710449,0.6527430176734925,-0.02328967861831184,0.608886754512787,0.6642422914505004,-0.01606019064784048,0.6042845129966736,0.6751564979553223,-0.010486479476094221
0.5702939152717591,0.7609436392784119,-2.0024389207895515e-08,0.556408441066742,0.7185655593872071,-0.00035940750676671215,0.5623039603233337,0.6671062111854553,-0.004185932991094821,0.5755625128746034,0.6286401629447937,-0.007911355420947041,0.5891683340072633,0.6109675884246827,-0.011538412794470721,0.5595377206802368,0.6552397847175598,-0.01558119058609006,0.5676453471183777,0.5943423032760621,-0.024283219501376123,0.5732356548309326,0.5589508533477784,-0.028817918896675083,0.5776348233222962,0.5289913892745972,-0.031813631951808904,0.5746187090873718,0.6652624249458313,-0.01916891336441036,0.5923181056976319,0.6191119313240051,-0.027910627797245922,0.59086674451828,0.6355402588844299,-0.02684106342494484,0.5852300643920899,0.6519775867462159,-0.024636598676443043,0.5910442471504211,0.6801967382431031,-0.02182871289551254,0.6051688671112061,0.6421658992767335,-0.026323827356100025,0.6011762380599976,0.6563535690307617,-0.01889297440648074,0.5955385446548462,0.669250226020813,-0.013081102073192562,0.6055990815162658,0.6965283513069153,-0.024735420197248403,0.6166361689567567,0.6635801434516908,-0.0240187387913465,0.6120930671691894,0.6750516772270203,-0.01640152893960474,0.6072060465812683,0.6857154250144959,-0.010639338754117461
0.5725186586380004,0.7702880382537842,-1.520009672573153e-08,0.5595787882804871,0.7270613551139831,0.00035950825840698795,0.5662762641906739,0.6757611751556396,-0.00338418651372188,0.5799372673034668,0.6372448682785035,-0.007253213319927421,0.5935920596122741,0.6183338880538941,-0.011129312589764519,0.5636426568031312,0.6639687061309815,-0.015218607336282702,0.572808051109314,0.6030995011329651,-0.024161484092473963,0.5791884899139405,0.5678382635116578,-0.028808199614286403,0.5842380404472352,0.5380112171173096,-0.03182666674256322,0.5779963254928588,0.6749861717224122,-0.01928008161485192,0.597162938117981,0.6283816576004029,-0.028292927518486923,0.5954544067382813,0.6449979662895202,-0.027105591446161224,0.5893583774566651,0.6614701747894287,-0.024753318727016402,0.5937513113021851,0.6908898353576661,-0.02238567546010014,0.6093095898628236,0.6526057600975037,-0.026813992112874926,0.6051974892616272,0.6668953061103822,-0.01892177090048786,0.5993208408355712,0.679498553276062,-0.012839614599943122,0.6077173113822938,0.7081254601478577,-0.0257166482508182,0.6200030088424683,0.674417269229889,-0.02474779896438116,0.6152993798255921,0.68586106300354,-0.016742867231369,0.610127580165863,0.6962743520736695,-0.010792198032140701
0.5735848546028137,0.7779355049133302,-1.3549388711009418e-08,0.5614602327346803,0.734240460395813,0.001501078254659628,0.568548083305359,0.6833466053009033,-0.00187306315638122,0.5825905680656434,0.6454925537109375,-0.00569119645515454,0.5963385581970215,0.6262876391410828,-0.009643842652440001,0.5658263087272645,0.6706472039222717,-0.01423102319240566,0.5760319590568543,0.6100730538368225,-0.02316231764852998,0.5828568696975708,0.5748972177505494,-0.02776101082563398,0.5880990743637085,0.5452686429023743,-0.0306955315172672,0.579323410987854,0.6821744799613952,-0.018836598098278,0.600286066532135,0.6359462976455689,-0.027806593105196904,0.5985474348068238,0.6531500101089478,-0.026392992585897383,0.5918728947639466,0.6696855425834656,-0.02386720106005664,0.5943997144699097,0.6986254334449769,-0.02244787290692326,0.611770522594452,0.6606172680854798,-0.026795399561524325,0.6077276229858399,0.6754087448120117,-0.018601050227880438,0.6014742732048035,0.6879148840904236,-0.012336478196084442,0.6077956438064576,0.7164288997650147,-0.026189591735601384,0.6216867327690124,0.6821946740150452,-0.02501269541680808,0.6170417904853822,0.6942696928977966,-0.016664453223347638,0.6114990592002869,0.7049650549888612,-0.010523458570241883
0.5746228337287903,0.7870091795921327,-6.472757518860562e-09,0.5633020043373108,0.7427321076393127,0.002132251908187708,0.5705970525741577,0.6916736602783203,-0.0010940157342702002,0.5851221799850465,0.6541015386581421,-0.0050451469258405,0.5989440202713013,0.6344459414482118,-0.009179518558084899,0.5669651746749879,0.6782611846923827,-0.01307867988944048,0.5778282880783081,0.6180668830871582,-0.02202577069401738,0.5851107954978942,0.583142113685608,-0.026579475402832002,0.5905971527099609,0.5537964940071106,-0.029447957873344383,0.5796229243278503,0.690196692943573,-0.01830313280224794,0.6024702668190003,0.6437953591346741,-0.02760538980364794,0.6010381579399109,0.6619387149810791,-0.026295487210154463,0.593984043598175,0.6786268711090088,-0.023705016821622803,0.5941987156867982,0.7070513486862182,-0.02257445901632306,0.6136161088943481,0.6689953804016113,-0.027272777259349762,0.6097408652305604,0.6847063899040222,-0.01895503103733058,0.6030187606811523,0.6970876574516296,-0.012506788782775342,0.6073113799095154,0.7252543568611146,-0.026934868842363322,0.622894275188446,0.6902512192726136,-0.025917787849903062,0.6184228420257569,0.7035485148429871,-0.01731424704194066,0.6124505877494812,0.7146217823028564,-0.010971981659531543
0.560475766658783,0.7500582695007325,4.7481420850648e-08,0.556256103515625,0.7096866607666016,-0.0019735437817872004,0.564336109161377,0.6597002863883972,-0.006073804758489121,0.5770778059959412,0.6205171823501587,-0.010332685115281461,0.5897535443305969,0.5966455757617951,-0.01462217066437,0.5567690014839173,0.6334701299667359,-0.0129567209631204,0.5670809864997864,0.5740260839462281,-0.0218586359173059,0.5736175537109376,0.5394624412059784,-0.02704893723130222,0.5782765746116638,0.5104594886302948,-0.03039746955037112,0.5631996393203735,0.6424057483673096,-0.0164181508123874,0.5834522843360901,0.5941075086593627,-0.0251287449151277,0.5828577280044556,0.6010385751724244,-0.0253830395638942,0.5771484971046448,0.6078206300735474,-0.024335230514407103,0.5717400550842285,0.6579843640327454,-0.01958056557923552,0.5888260841369629,0.6173563539981841,-0.02457552719861262,0.5865678668022156,0.6228928804397582,-0.018960436433553662,0.5816222667694092,0.6264233350753784,-0.014620468579232621,0.5793995201587677,0.6769609153270721,-0.023164814151823504,0.5919683575630188,0.641033709049225,-0.02347673196345562,0.5882257223129272,0.6461672425270081,-0.0170707449316978,0.5829430401325226,0.6500710368156433,-0.012329930439591361
0.5459471821784974,0.710979974269867,9.792903311045543e-08,0.5484145998954773,0.674821412563324,-0.006500860489904901,0.5569976329803468,0.6256809949874877,-0.011552569014020261,0.5679962515830994,0.5847171783447266,-0.01605212750146162,0.5796463131904602,0.5570781707763672,-0.02038098331540818,0.5455937504768371,0.5871053576469422,-0.01315823160111898,0.5550794005393982,0.5281454801559449,-0.02205136939883226,0.56069974899292,0.4936946511268615,-0.027912059053778603,0.5643534541130066,0.4646327018737793,-0.03179095722734922,0.5463321805000305,0.5926517486572266,-0.014610048383474282,0.5627769231796265,0.5407981991767883,-0.022828060016035982,0.5630163550376892,0.5366207003593445,-0.024727641418576182,0.559010660648346,0.5340751051902771,-0.025179923698306024,0.5492924213409424,0.6064432740211487,-0.01642511971294876,0.5628659725189209,0.5618905544281005,-0.0218410458415746,0.5620989561080934,0.5573997497558594,-0.01905610784888264,0.5592203855514526,0.5526150941848754,-0.0167882073670625,0.5519712805747986,0.6256540775299073,-0.019016848877072324,0.5603343844413757,0.5885314464569092,-0.02084886319935316,0.5571661591529847,0.5855112433433532,-0.01684819050133222,0.552982497215271,0.5823464035987854,-0.01377023626118894
0.5305162727832795,0.6709657788276673,1.444201899403197e-07,0.5399892330169678,0.639769470691681,-0.011020698677748441,0.5495022058486938,0.5916259765625,-0.0169615384656936,0.5590416312217712,0.5488463878631592,-0.02162090424681078,0.569405698776245,0.5174017488956452,-0.0259192237630486,0.5346173882484436,0.5403430342674256,-0.0132896421477198,0.5432286381721497,0.4820129036903381,-0.022005647793412145,0.5478760361671448,0.4478736400604248,-0.02847931236028666,0.5505585432052613,0.4188927412033081,-0.03287538215517992,0.5295698046684265,0.5420010805130006,-0.012636190280318203,0.5422337055206299,0.48689504861831656,-0.020115672238171064,0.5432373285293579,0.47199715375900264,-0.02368578314781184,0.5409477233886719,0.4601468086242676,-0.025722512230277005,0.5268726825714112,0.5536536514759064,-0.0129772968590259,0.5371090650558472,0.5054161131381989,-0.01853482592850918,0.537685114145279,0.491166603565216,-0.01859342269599434,0.5367133557796478,0.4782674074172974,-0.01849059406667942,0.5244918644428254,0.5729862570762635,-0.014448540750890963,0.5288935422897338,0.5349210858345033,-0.017534509301185563,0.5262979388236999,0.5240840554237366,-0.015865333937108442,0.5231105506420136,0.5142413258552552,-0.014454264193773221
0.5151951074600221,0.6288849472999573,1.9526676737768868e-07,0.5315840721130372,0.6027909159660341,-0.01605520071461796,0.5422116756439209,0.5553046464920044,-0.023140750359743823,0.5502181768417359,0.5101776480674743,-0.02813633978366846,0.5590855121612549,0.47438815832138065,-0.032551009580492916,0.523761546611786,0.4918843865394592,-0.013778597861528342,0.531273353099823,0.43419315814971926,-0.022364423424005443,0.534973406791687,0.40046621561050416,-0.02948983572423452,0.5368753671646118,0.3716710448265076,-0.03445410132408136,0.5130183458328247,0.4898602962493897,-0.01090992540121074,0.5217479586601258,0.43176290988922117,-0.01785047911107536,0.5234631896018982,0.4056427121162414,-0.023300287500023803,0.5230208992958069,0.38410052061080935,-0.027072501182556104,0.5046978950500488,0.49955531358718874,-0.009698418900370539,0.5113748192787171,0.44786074161529543,-0.015530662611126862,0.5132679343223572,0.4234337449073792,-0.018513067811727478,0.5142632484436035,0.40218557119369513,-0.020643226988613563,0.4972440958023071,0.5190639257431031,-0.010032801143825041,0.49750002622604367,0.48022456169128425,-0.0144802056252956,0.4954746127128601,0.46119396686553954,-0.015212731063365861,0.49329265356063845,0.4444935798645019,-0.0155293239280581
0.5008228659629822,0.5859519481658936,2.407681478189261e-07,0.5238256216049194,0.5644602179527283,-0.02075317203998564,0.535338282585144,0.5180914759635925,-0.028915933892130822,0.541288423538208,0.47124304175376897,-0.034254286438226644,0.548892593383789,0.4311385989189148,-0.038890827447175924,0.5140078186988831,0.44292358756065364,-0.014639359340071621,0.5207855105400085,0.3857149600982666,-0.023315400257706582,0.5235648036003113,0.3520627975463867,-0.03122145235538476,0.5245525479316712,0.32315181493759154,-0.03682893812656399,0.49770303368568425,0.43790444731712347,-0.00958803091198202,0.5023316025733948,0.3771609425544739,-0.015969392284750902,0.504392671585083,0.33911018371582025,-0.023111052438616702,0.5054527759552001,0.3076894164085388,-0.028580518811941104,0.4837228834629059,0.44619952440261845,-0.0068207979202270005,0.4864163100719452,0.39127900004386906,-0.012852557003498041,0.4894843995571137,0.3559675693511962,-0.018714200332760778,0.4924547731876373,0.3261270642280579,-0.023113938421010925,0.4710084736347198,0.466178172826767,-0.00597978252917526,0.4668843746185303,0.4263259828090668,-0.0117801163345575,0.465259838104248,0.3980426013469696,-0.01504258923232548,0.4641102373600007,0.37389597296714777,-0.01722763441503042
0.5008984684944153,0.5848909258842468,2.384117152587351e-07,0.5239745140075683,0.5635986566543579,-0.020429667085409144,0.5355585098266602,0.5172744631767273,-0.028559378162026364,0.5414917349815369,0.47059517502784726,-0.03394787609577174,0.5489816546440125,0.43059656023979187,-0.03868472874164577,0.5144644856452942,0.44251584410667416,-0.014707184396684121,0.5211069107055665,0.38509718179702757,-0.02350496090948576,0.5238857507705689,0.35142542719841,-0.03140134885907166,0.5249254465103149,0.3226606726646423,-0.036972909420728645,0.4981224477291108,0.43764048814773565,-0.00990667343139644,0.5027242064476014,0.376726496219635,-0.01643495857715604,0.5048166155815125,0.33875463008880613,-0.02362010888755316,0.505939531326294,0.3073999285697937,-0.029103249683976123,0.48408911824226375,0.44601087570190434,-0.007355036586523,0.4867668986320496,0.39083754420280453,-0.013502465374767741,0.4897865235805512,0.3553717017173767,-0.0194150228053331,0.4927496194839478,0.3254044890403747,-0.023851341381669004,0.47128363251686095,0.4660481870174408,-0.0066881952807307,0.4671141624450683,0.4260319352149964,-0.0126110894605517,0.46542173027992245,0.39759576320648193,-0.01593714691698544,0.4642145276069642,0.37326772212982173,-0.01816755011677736
0.5009740710258485,0.5838299036026001,2.360552826985441e-07,0.5241234064102173,0.5627370953559876,-0.02010616213083264,0.5357787370681762,0.516457450389862,-0.028202822431921903,0.5416950464248658,0.46994730830192566,-0.03364146575331684,0.5490707159042358,0.430054521560669,-0.0384786300361156,0.5149211525917053,0.4421081006526947,-0.014775009453296621,0.5214283108711243,0.3844794034957886,-0.02369452156126494,0.5242066979408264,0.35078805685043335,-0.03158124536275856,0.5252983450889588,0.3221695303916931,-0.0371168807148933,0.49854186177253723,0.4373765289783478,-0.010225315950810861,0.5031168103218079,0.37629204988479614,-0.01690052486956118,0.5052405595779419,0.338399076461792,-0.024129165336489622,0.5064262866973878,0.3071104407310486,-0.029625980556011143,0.4844553530216217,0.44582222700119023,-0.007889275252819,0.487117487192154,0.39039608836174006,-0.014152373746037441,0.4900886476039886,0.3547758340835571,-0.02011584527790542,0.4930444657802582,0.32468191385269163,-0.02458874434232708,0.47155879139900203,0.46591820120811467,-0.0073966080322861415,0.4673439502716064,0.42573788762092596,-0.0134420625865459,0.4655836224555969,0.39714892506599425,-0.016831704601645403,0.46431881785392765,0.3726394712924957,-0.0191074658185243
0.501674622297287,0.5832723259925843,2.3892400520253436e-07,0.5248146891593933,0.5621050834655762,-0.02007402181625362,0.5361839294433594,0.5159856677055359,-0.028238403797149602,0.5418211102485657,0.4694362342357635,-0.03375402018427846,0.5493611574172974,0.42940667867660526,-0.038668762147426566,0.5150578022003174,0.4414848446846008,-0.01482566688209768,0.5215130090713501,0.3835276663303375,-0.023753066360950422,0.5243471741676331,0.34979221820831297,-0.03156983107328408,0.525439977645874,0.32131724953651425,-0.03703070580959317,0.4986974179744721,0.43722220659255984,-0.01031411569565528,0.5032091736793518,0.37585132122039794,-0.01708824057132004,0.5054062962532044,0.33766047358512874,-0.024271173775196022,0.5066345572471619,0.3065451502799988,-0.029692631214857046,0.48465798497200013,0.44605612754821783,-0.00801801895722742,0.4871988594532013,0.3903423070907593,-0.014389565773308223,0.4902186214923859,0.35453681945800786,-0.020385256409645038,0.4932548403739929,0.3243688225746154,-0.024844734370708423,0.47185279130935665,0.4662705302238464,-0.007550588436424701,0.4673928678035736,0.42588947415351874,-0.013784179836511559,0.4655117213726043,0.3970837116241455,-0.01730519365519278,0.46422910690307617,0.37240999341011044,-0.019635178521275463
0.5023751735687256,0.5827147483825683,2.417927277065246e-07,0.5255059719085693,0.5614730715751648,-0.020041881501674602,0.5365891218185425,0.5155138850212097,-0.0282739851623773,0.5419471740722657,0.4689251601696014,-0.03386657461524008,0.5496515989303589,0.42875883579254154,-0.03885889425873752,0.5151944518089295,0.44086158871650694,-0.01487632431089874,0.521597707271576,0.3825759291648864,-0.0238116111606359,0.5244876503944398,0.3487963795661926,-0.031558416783809606,0.5255816102027893,0.3204649686813354,-0.03694453090429302,0.49885297417640695,0.43706788420677184,-0.0104029154404997,0.5033015370368957,0.3754105925559998,-0.017275956273078902,0.5055720329284668,0.3369218707084656,-0.024413182213902422,0.5068428277969361,0.305979859828949,-0.029759281873702945,0.48486061692237853,0.4462900280952454,-0.00814676266163584,0.48728023171424867,0.3902885258197784,-0.014626757800579003,0.49034859538078307,0.35429780483245843,-0.02065466754138466,0.49346521496772766,0.3240557312965393,-0.025100724399089763,0.47214679121971126,0.46662285923957825,-0.00770456884056326,0.46744178533554076,0.42604106068611153,-0.01412629708647722,0.4654398202896118,0.3970184981822968,-0.01777868270874016,0.46413939595222475,0.3721805155277252,-0.020162891224026626
0.5022916197776794,0.582233190536499,2.403571812692462e-07,0.5256117463111878,0.5610316276550293,-0.019842010363936364,0.5368303775787353,0.5152173280715941,-0.028013816103339143,0.5421687841415406,0.4684005320072174,-0.03357550427317618,0.5498807430267334,0.42810692191123967,-0.038550084084272344,0.515423583984375,0.44069422483444215,-0.014732582308351963,0.5217191219329834,0.3821011900901794,-0.023603846877813278,0.5244867205619812,0.34827788472175597,-0.031246665120124764,0.525542163848877,0.3200206279754638,-0.036566972732543904,0.499071753025055,0.4368997573852539,-0.010332309454679401,0.5034358382225037,0.37508019208908083,-0.0172132261097431,0.5056832671165467,0.336616188287735,-0.02433609440922732,0.5069888472557068,0.3058127760887146,-0.029665511846542304,0.4850650727748871,0.4461158990859985,-0.008128593116998619,0.4873578906059265,0.39003993272781373,-0.014643458835780542,0.49037558436393736,0.35397602319717403,-0.02069584205746646,0.4935447454452515,0.3237037062644958,-0.02516134977340692,0.4723159074783325,0.46638520956039425,-0.00770975016057488,0.4674217343330383,0.4258616983890534,-0.01419422887265676,0.4653189599514007,0.3968401253223419,-0.01790772005915634,0.46402624249458313,0.37192373275756835,-0.02033387273550028
0.5022370219230652,0.5821863412857056,2.4175124906378193e-07,0.5256135821342468,0.5611761569976806,-0.020049051567912042,0.536844265460968,0.515570616722107,-0.028157397732138583,0.5422563910484315,0.46843136548995973,-0.0335716016590595,0.550092077255249,0.4279982209205628,-0.038338952511548945,0.5154629826545716,0.4405784547328949,-0.014327953569591,0.5217654466629028,0.382148540019989,-0.022826206684112504,0.5243955254554749,0.34839285016059873,-0.030308948457241025,0.5252388119697571,0.3200779616832733,-0.03556656539440152,0.4991428554058076,0.43637422323226926,-0.009629044122993861,0.5034700155258178,0.3747955083847046,-0.01611182466149328,0.5055103421211243,0.3362888157367706,-0.023079026862978882,0.5065683722496033,0.30548726916313174,-0.028340332955121943,0.4850896954536438,0.4452385485172272,-0.00715337414294476,0.4874117791652679,0.38959257006645204,-0.013292724266648221,0.49032368659973147,0.3539003252983093,-0.019241012632846777,0.4933116972446442,0.3239095866680145,-0.023678850382566383,0.47229467630386346,0.4651398420333862,-0.0064984461292624,0.46750398874282834,0.4250134229660035,-0.01266639381647104,0.46539418101310726,0.3964842438697815,-0.016276023723185002,0.4640568315982818,0.3720391452312469,-0.0186511350795626
0.5021824240684509,0.5821394920349121,2.4314531685831755e-07,0.5256154179573059,0.561320686340332,-0.02025609277188772,0.5368581533432006,0.5159239053726197,-0.028300979360938023,0.5423439979553223,0.468462198972702,-0.03356769904494282,0.5503034114837646,0.4278895199298859,-0.038127820938825545,0.5155023813247681,0.4404626846313477,-0.013923324830830041,0.5218117713928223,0.3821958899497986,-0.022048566490411724,0.5243043303489685,0.34850781559944155,-0.029371231794357286,0.5249354600906373,0.32013529539108276,-0.034566158056259136,0.4992139577865601,0.43584868907928465,-0.00892577879130832,0.5035041928291322,0.37451082468032837,-0.01501042321324346,0.5053374171257019,0.3359614431858063,-0.021821959316730442,0.5061478972434997,0.3051617622375488,-0.027015154063701582,0.4851143181324005,0.44436119794845585,-0.006178155168890901,0.4874656677246093,0.3891452074050903,-0.011941989697515901,0.49027178883552547,0.3538246273994446,-0.017786183208227103,0.49307864904403687,0.32411546707153316,-0.02219635099172584,0.47227344512939445,0.4638944745063781,-0.005287142097949921,0.4675862431526184,0.42416514754295354,-0.01113855876028532,0.46546940207481385,0.39612836241722105,-0.014644327387213659,0.4640874207019806,0.3721545577049255,-0.016968397423624923
0.5024078130722046,0.583447551727295,2.4109176024467164e-07,0.5255918860435487,0.5620621681213379,-0.0203694593161344,0.5367433786392212,0.5163199424743652,-0.028554781526327084,0.5421207189559937,0.46893997192382814,-0.03402446359395976,0.5502151966094971,0.4281362175941467,-0.03882505670189852,0.515670132637024,0.44156713485717775,-0.014056516624987062,0.5219394445419311,0.3832333624362945,-0.022516629472374886,0.5243586897850037,0.3493280947208404,-0.030063900351524325,0.5249421358108521,0.3206292748451233,-0.03543944135308264,0.499505889415741,0.43706915974617,-0.009253713116049701,0.5036792397499085,0.37561659812927245,-0.01573444828391072,0.5054076552391052,0.336879163980484,-0.022797552868723803,0.5061276674270629,0.30575736761093136,-0.02816172800958152,0.48545290827751164,0.44563434123992923,-0.00674243932589882,0.48764957189559943,0.39042014479637144,-0.012894190661609121,0.4903306901454925,0.3548863887786865,-0.018865690380334803,0.49304001331329345,0.3247771024703979,-0.02333144135773174,0.47258646488189693,0.4652944386005401,-0.006107375305145921,0.4679407238960266,0.4253245055675507,-0.01226877681910986,0.46579368114471437,0.3970974087715149,-0.01588887609541412,0.464333313703537,0.3727740168571472,-0.018294024467468202
0.5026332020759582,0.5847556114196778,2.390382036310257e-07,0.5255683541297913,0.5628036499023438,-0.02048282586038108,0.5366286039352417,0.5167159795761109,-0.02880858369171614,0.5418974399566651,0.4694177448749542,-0.0344812281429767,0.5501269817352294,0.42838291525840755,-0.039522292464971506,0.5158378839492799,0.44267158508300775,-0.01418970841914408,0.52206711769104,0.3842708349227905,-0.02298469245433804,0.5244130492210388,0.35014837384223935,-0.030756568908691363,0.5249488115310669,0.3211232542991639,-0.03631272464990614,0.4997978210449219,0.43828963041305546,-0.009581647440791081,0.5038542866706849,0.37672237157821653,-0.016458473354577983,0.5054778933525086,0.3377968847751618,-0.023773146420717164,0.5061074376106263,0.3063529729843139,-0.02930830195546146,0.48579149842262276,0.4469074845314026,-0.007306723482906741,0.48783347606658944,0.3916950821876526,-0.01384639162570234,0.49038959145545963,0.35594815015792847,-0.019945197552442503,0.49300137758255,0.32543873786926264,-0.02446653172373764,0.4728994846343994,0.4666944026947021,-0.006927608512341921,0.4682952046394348,0.42648386359214785,-0.0133989948779344,0.4661179602146148,0.3980664551258086,-0.01713342480361458,0.4645792067050934,0.37339347600936884,-0.019619651511311485
0.5029415130615235,0.5846942663192749,2.4347810949620914e-07,0.5256343841552735,0.562681245803833,-0.020595544949173882,0.5365877151489258,0.5167446136474609,-0.029046446830034205,0.5420313954353333,0.46953504681587216,-0.034808181971311504,0.5503811955451965,0.42861288189887997,-0.03991001620888706,0.5158311009407044,0.44251673221588134,-0.0144259121268987,0.5221402525901795,0.38412550687789915,-0.023334882780909522,0.5244885921478272,0.3499830603599548,-0.031177500635385463,0.5249464392662049,0.32095719575881965,-0.03673992827534674,0.49983589649200444,0.43802328705787663,-0.00977989546954628,0.5039703488349915,0.3762974739074707,-0.016677033156156502,0.5055063009262085,0.337267130613327,-0.02388737723231308,0.5059859275817872,0.3057496607303619,-0.02930872105062004,0.48575569391250617,0.4465319871902466,-0.007478814013302261,0.4878438174724579,0.39122481346130367,-0.01399345062673088,0.4904361248016358,0.3555317401885986,-0.0199250247329473,0.4930355906486511,0.3250339686870575,-0.02430663444101804,0.4727651596069336,0.46634274125099184,-0.00709111448377364,0.46821458935737614,0.4263695299625397,-0.013490241952240418,0.46604708433151243,0.3981075346469879,-0.0170454733073711,0.46443151235580443,0.3736092329025268,-0.019374663382768584
0.50260329246521,0.5846821546554566,2.4280077468574753e-07,0.5253368496894837,0.5629194140434265,-0.02103755511343474,0.5364962100982666,0.5170424580574036,-0.029688482731580684,0.5419476509094239,0.4700096607208252,-0.03559681028127664,0.55021790266037,0.4289299130439758,-0.04085522219538684,0.5157169342041017,0.4422491371631622,-0.01504960078746074,0.5222047686576844,0.3838807582855224,-0.024226377531886084,0.5246013045310974,0.34969395995140073,-0.032246296852827004,0.5250790357589722,0.32056261301040656,-0.03791891708970068,0.49968447089195256,0.4377868056297302,-0.01028734017163512,0.5038847088813782,0.37614765763282776,-0.017392999678850142,0.5053960680961609,0.33725841641426085,-0.02473774142563336,0.5058047056198121,0.3056761264801025,-0.03025054596364494,0.48564195632934576,0.44647608995437627,-0.007893903553485801,0.48762908577919006,0.3914118051528931,-0.01459982991218564,0.490121328830719,0.35573201179504393,-0.02061972357332702,0.4926368236541748,0.32512986660003657,-0.025049761310219697,0.4726883292198181,0.46660073399543767,-0.00745314182713622,0.468015718460083,0.42685976028442385,-0.014011706784367521,0.4657321751117706,0.3986522376537323,-0.017647544480860183,0.46395558714866636,0.37411937117576594,-0.020027972571551762
0.5022650718688966,0.5846700429916383,2.4212343987528587e-07,0.5250393152236938,0.56315758228302,-0.0214795652776956,0.5364047050476074,0.5173403024673462,-0.030330518633127163,0.5418639063835144,0.47048427462577824,-0.036385438591241784,0.5500546097755432,0.42924694418907167,-0.04180042818188662,0.5156027674674988,0.4419815421104431,-0.015673289448022782,0.5222692847251893,0.3836360096931457,-0.025117872282862642,0.5247140169143677,0.3494048595428466,-0.03331509307026854,0.5252116322517395,0.3201680302619935,-0.039097905904054625,0.4995330452919007,0.43755032420158385,-0.010794784873723961,0.5037990689277649,0.3759978413581848,-0.018108966201543782,0.5052858352661134,0.3372497022151947,-0.02558810561895364,0.5056234836578369,0.3056025922298431,-0.031192370876669838,0.48552821874618535,0.44642019271850586,-0.00830899309366934,0.48741435408592226,0.3915987968444824,-0.0152062091976404,0.48980653285980225,0.35593228340148925,-0.021314422413706742,0.49223805665969855,0.3252257645130157,-0.02579288817942136,0.4726114988327026,0.46685872673988343,-0.0078151691704988,0.4678168475627899,0.427349990606308,-0.01453317161649462,0.4654172658920288,0.39919694066047673,-0.01824961565434926,0.46347966194152834,0.3746295094490051,-0.02068128176033494
0.5023682117462158,0.5836193203926087,2.4036800994053925e-07,0.5249719619750977,0.5623454689979553,-0.021706590801477382,0.5365137934684754,0.516951608657837,-0.030574516952037764,0.5420602798461914,0.4704871058464051,-0.03662825301289554,0.5503496646881103,0.42968860268592834,-0.04202266186475748,0.5157528519630432,0.44104692339897156,-0.01583416126668448,0.5223711252212524,0.38325956463813776,-0.02536617964506146,0.5246647477149964,0.3490621626377105,-0.033660267293453144,0.5249843597412109,0.31964538693428046,-0.03950855433940884,0.499623692035675,0.4366016566753388,-0.01086376551538702,0.5037704467773437,0.37537705302238467,-0.01816748343408106,0.5048252701759339,0.33685351014137266,-0.02561994157731528,0.5046606302261353,0.30515779852867125,-0.0312117468565702,0.48555724620819096,0.445477169752121,-0.00831840168684714,0.48714463114738465,0.39129318594932555,-0.01524224579334256,0.4891611754894257,0.35594531893730164,-0.02130862697958942,0.49122946262359624,0.32555255889892576,-0.025739791616797382,0.47250895500183104,0.46582865715026855,-0.007805614732205821,0.4673653066158294,0.4269463658332825,-0.014497197233140443,0.46484490036964415,0.39925245046615604,-0.01816536001861088,0.46284058690071106,0.3748736202716827,-0.020561817660927743
0.5024713516235352,0.5825685977935792,2.3861258000579257e-07,0.5249046087265015,0.5615333557128906,-0.02193361632525916,0.5366228818893433,0.5165629148483276,-0.030818515270948366,0.5422566533088684,0.47048993706703185,-0.0368710674345493,0.5506447196006775,0.4301302611827851,-0.04224489554762834,0.5159029364585876,0.4401123046875,-0.01599503308534618,0.5224729657173157,0.3828831195831298,-0.025614487007260284,0.5246154785156251,0.34871946573257445,-0.034005441516637744,0.5247570872306824,0.31912274360656745,-0.03991920277476307,0.4997143387794495,0.4356529891490937,-0.010932746157050081,0.5037418246269226,0.3747562646865845,-0.018226000666618343,0.5043647050857545,0.3364573180675506,-0.02565177753567692,0.5036977767944336,0.30471300482749936,-0.03123112283647056,0.4855862736701966,0.4445341467857361,-0.00832781028002494,0.48687490820884705,0.3909875750541687,-0.01527828238904472,0.4885158181190491,0.355958354473114,-0.0213028315454721,0.4902208685874938,0.3258793532848358,-0.0256866950541734,0.47240641117095944,0.4647985875606536,-0.007796060293912841,0.466913765668869,0.42654274106025697,-0.014461222849786261,0.4642725348472595,0.3993079602718354,-0.018081104382872498,0.4622015118598938,0.3751177310943603,-0.020442353561520542
0.5022215485572815,0.5822674036026002,2.3199361010028954e-07,0.524698531627655,0.5611535787582398,-0.021838889271020862,0.5367865562438965,0.5162432193756104,-0.030539742857217743,0.5425725817680359,0.47059125304222105,-0.03647503927350042,0.5508137106895447,0.4307097434997558,-0.0417463026940822,0.5162479639053346,0.4394092857837677,-0.015720950253307782,0.5225527048110963,0.38324741125106804,-0.025372584536671586,0.5245380640029907,0.3493939399719238,-0.03385257199406618,0.5247185945510865,0.3196513533592224,-0.039878091216087284,0.4998826146125794,0.43473032712936405,-0.01077095493674272,0.5034661293029785,0.37482511401176455,-0.018030798807740202,0.5037204265594483,0.33689778447151175,-0.025450531020760503,0.5028818964958192,0.30491174459457393,-0.03106838054955,0.4856260776519776,0.44363656640052795,-0.008311511576175622,0.4863079309463501,0.39089106917381283,-0.01533918417990204,0.4873491048812866,0.35635195970535277,-0.0213537640869617,0.4885870575904846,0.3263921976089477,-0.025729777291417042,0.47235792279243466,0.4640461385250091,-0.00794869344681498,0.46628764271736145,0.4265087366104126,-0.01472990065813062,0.4632872104644775,0.3999342441558838,-0.01839388571679584,0.4609448671340942,0.3758440792560577,-0.02078906372189518
0.5032920360565185,0.58266841173172,2.2633933554061515e-07,0.5254085779190063,0.5607437610626221,-0.02136940285563466,0.5375365018844604,0.5156466841697693,-0.029798504710197404,0.5433754801750184,0.47055082917213437,-0.035606630891561485,0.5512081265449524,0.43121392726898194,-0.04076160565018648,0.5167319297790528,0.4390058219432831,-0.01527838800102468,0.5225820779800415,0.3834838151931762,-0.025046000257134386,0.5243841886520386,0.34965392947196966,-0.03365746363997454,0.5245338916778565,0.3197261035442352,-0.039797399938106486,0.5002522468566895,0.43458430171012874,-0.010748569108545719,0.503020715713501,0.3750613391399384,-0.018100521713495243,0.502628231048584,0.3371830761432647,-0.025517011433839762,0.5013268172740937,0.30512931346893307,-0.031130032241344398,0.48592618107795715,0.4438897848129273,-0.00872596576809876,0.48569839596748354,0.391233617067337,-0.01594965066760774,0.48597161173820497,0.3567368984222412,-0.02198210693895812,0.4865514278411865,0.3266985952854156,-0.026334891095757422,0.4727002680301666,0.46479114890098566,-0.00878583258017894,0.4658275365829468,0.42755802869796755,-0.015844772197306123,0.46228886842727657,0.4012860357761383,-0.01958499886095516,0.45954248309135437,0.37709535956382745,-0.021994253247976263
0.5043625235557556,0.5830694198608399,2.2068506098094078e-07,0.5261186242103577,0.5603339433670044,-0.02089991644024846,0.5382864475250244,0.5150501489639282,-0.029057266563177066,0.5441783785820007,0.4705104053020477,-0.03473822250962254,0.5516025424003601,0.431718111038208,-0.03977690860629075,0.517215895652771,0.43860235810279846,-0.01483582574874158,0.5226114511489869,0.38372021913528437,-0.024719415977597182,0.5242303133010865,0.3499139189720154,-0.0334623552858829,0.5243491888046266,0.31980085372924805,-0.03971670866012569,0.5006218791007996,0.4344382762908935,-0.01072618328034872,0.5025753021240235,0.37529756426811217,-0.01817024461925028,0.5015360355377197,0.3374683678150177,-0.025583491846919028,0.4997717380523682,0.3053468823432922,-0.0311916839331388,0.4862262845039368,0.4441430032253266,-0.0091404199600219,0.485088860988617,0.39157616496086123,-0.016560117155313442,0.4845941185951233,0.35712183713912965,-0.022610449790954543,0.48451579809188844,0.3270049929618835,-0.026940004900097802,0.4730426132678986,0.4655361592769623,-0.009622971713542901,0.46536743044853207,0.4286073207855225,-0.016959643736481622,0.4612905263900756,0.40263782739639287,-0.020776112005114478,0.4581400990486144,0.3783466398715973,-0.02319944277405734
0.5063403248786926,0.5832948088645935,2.1370131548792416e-07,0.5277008771896363,0.5591869831085206,-0.01991940252482888,0.5394618630409241,0.5137989044189453,-0.027800907194614366,0.5449044108390808,0.47000354528427124,-0.0334360625594854,0.5519164085388184,0.43181054592132573,-0.03843452930450434,0.5178140878677369,0.43743060827255253,-0.014016726054251142,0.522619879245758,0.38305305838584897,-0.0238070778548717,0.5239316701889039,0.3496402740478516,-0.03248457387089724,0.5239761352539063,0.31974418163299556,-0.03876243159174914,0.5010683417320252,0.4340218842029572,-0.010584996454417659,0.5019649863243103,0.37534320354461664,-0.01803392246365544,0.5004097878932954,0.3382548451423645,-0.025359369069337803,0.49840883016586307,0.30662288069725036,-0.030911221727728776,0.48663089871406556,0.4447190880775452,-0.009638250060379442,0.48415686488151555,0.3919716954231262,-0.017203021794557523,0.4828099429607391,0.3578063786029816,-0.02326808683574194,0.4821185350418091,0.32753421068191524,-0.027612910419702482,0.47367271184921267,0.46732625961303714,-0.01068240031599994,0.4650299072265625,0.4308477640151978,-0.01834762021899218,0.46020858883857724,0.4052060425281525,-0.022330217808484962,0.456447172164917,0.380757862329483,-0.0248388927429914
0.5083181262016296,0.5835201978683472,2.0671756999490755e-07,0.5292831301689148,0.5580400228500366,-0.0189388886094093,0.5406372785568238,0.5125476598739624,-0.026544547826051666,0.5456304430961609,0.4694966852664947,-0.03213390260934826,0.5522302746772766,0.43190298080444334,-0.03709215000271792,0.5184122800827027,0.4362588584423065,-0.013197626359760701,0.5226283073425293,0.38238589763641356,-0.02289473973214622,0.5236330270767212,0.3493666291236877,-0.03150679245591158,0.523603081703186,0.3196875095367431,-0.0378081545233726,0.5015148043632508,0.43360549211502075,-0.010443809628486601,0.5013546705245971,0.37538884282112117,-0.0178976003080606,0.49928354024887084,0.3390413224697113,-0.025135246291756584,0.4970459222793579,0.3078988790512085,-0.030630759522318758,0.48703551292419434,0.4452951729297638,-0.010136080160736981,0.4832248687744141,0.39236722588539125,-0.017845926433801604,0.48102576732635505,0.35849092006683353,-0.02392572388052934,0.47972127199172976,0.32806342840194697,-0.028285815939307162,0.47430281043052674,0.46911635994911194,-0.01174182891845698,0.46469238400459295,0.4330882072448731,-0.01973559670150274,0.45912665128707886,0.40777425765991215,-0.02388432361185544,0.45475424528121955,0.3831690847873688,-0.02647834271192546
0.511168110370636,0.5842726707458497,2.019226087668358e-07,0.5314112186431885,0.557210898399353,-0.01814175173640246,0.5420267581939697,0.5117947578430176,-0.02573288492858406,0.5459757566452026,0.4695525169372558,-0.03155113905668254,0.5521427869796753,0.4321180105209351,-0.03676594272255892,0.5189933061599732,0.4356900632381439,-0.01248593721538776,0.5224788546562196,0.3818738102912903,-0.022133639827370603,0.5231095910072328,0.3490398347377777,-0.03070447929203506,0.5229390978813171,0.31957796812057493,-0.037047187983989684,0.5018795251846314,0.434566068649292,-0.0103408023715019,0.5007663846015931,0.37699385881423947,-0.01786187998950476,0.49839112162590027,0.341828715801239,-0.02508892044425006,0.4961539030075073,0.3118968725204468,-0.030600961297750404,0.48738315105438235,0.44755684733390805,-0.010613727197051,0.48233355879783635,0.3947646260261536,-0.0184481799602508,0.4794392645359039,0.3613303184509278,-0.024510719999670923,0.4777717709541321,0.33111053109169003,-0.028901121392846063,0.47495089173316957,0.4725826382637024,-0.012739841453731,0.46458966732025153,0.43675347566604616,-0.020956209674477522,0.4585319995880127,0.41187995672225947,-0.025195060670375764,0.4538442492485047,0.38751991987228396,-0.0278589870780706
0.5149391531944275,0.5845460772514344,1.8982198923822585e-07,0.5340103030204773,0.5552360892295838,-0.016919109225273083,0.5431788444519043,0.5099738955497742,-0.024764537811279262,0.5460915207862853,0.46935330629348754,-0.031214928254485082,0.5515552997589112,0.4325647175312042,-0.03724260851740832,0.5198820233345032,0.43663183450698856,-0.012846709974110079,0.522250497341156,0.3830873966217041,-0.023137394711375183,0.522374975681305,0.3507797360420227,-0.03203085772693154,0.5222488403320312,0.3213518679141998,-0.03865103796124454,0.5031168818473817,0.43781311511993404,-0.01174287013709542,0.5007044792175293,0.38208778500556945,-0.020262645184993683,0.49861915707588195,0.3490410327911377,-0.027870795875787682,0.4975018441677093,0.3208161473274231,-0.033662212267517984,0.489035588502884,0.45250886082649233,-0.0129366589710116,0.4824721693992616,0.40123016834259034,-0.0216046474874019,0.4795573353767395,0.36863553524017334,-0.0277950726449489,0.47869679927825926,0.33946936726570126,-0.03226838856935496,0.4771876513957977,0.4787618398666382,-0.01586278919130558,0.4659607648849488,0.4429430186748505,-0.02469902001321312,0.45970268845558165,0.41798858642578124,-0.029204591736197404,0.45532047748565674,0.3940844476222992,-0.03210610263049598
0.518710196018219,0.5848194837570191,1.777213697096159e-07,0.5366093873977661,0.5532612800598145,-0.0156964667141437,0.5443309307098388,0.5081530332565307,-0.023796190693974463,0.5462072849273683,0.4691540956497192,-0.030878717452287617,0.550967812538147,0.43301142454147334,-0.03771927431225772,0.5207707405090332,0.43757360577583315,-0.013207482732832398,0.5220221400260925,0.384300982952118,-0.024141149595379763,0.5216403603553772,0.3525196373462677,-0.03335723616182802,0.5215585827827454,0.3231257677078247,-0.040254887938499406,0.5043542385101318,0.44106016159057615,-0.013144937902688942,0.5006425738334657,0.3871817111968994,-0.022663410380482602,0.4988471925258636,0.35625334978103634,-0.0306526713073253,0.4988497853279114,0.3297354221343994,-0.036723463237285564,0.49068802595138555,0.45746087431907656,-0.0152595907449722,0.4826107800006867,0.4076957106590271,-0.024761115014553,0.479675406217575,0.375940752029419,-0.03107942529022688,0.4796218276023864,0.3478282034397125,-0.035635655745863866,0.47942441105842587,0.48494104146957395,-0.01898573692888016,0.46733186244964603,0.4491325616836548,-0.02844183035194872,0.4608733773231507,0.42409721612930296,-0.03321412280201904,0.45679670572280884,0.4006489753723144,-0.03635321818292136
0.5218951106071472,0.5849539637565613,1.8055706902941897e-07,0.5382119178771974,0.5512422680854797,-0.014522230066358981,0.5448633790016175,0.5062885522842407,-0.02298808507621284,0.5463816285133363,0.4693403899669647,-0.030802056565880722,0.5504537463188172,0.4342276155948639,-0.03866070657968516,0.5203365206718445,0.4408464670181274,-0.014153415150940402,0.5205205082893372,0.38798869848251344,-0.025945875048637324,0.5204126834869385,0.355980908870697,-0.035681778565049144,0.5210080981254579,0.32701091766357415,-0.0428552314639091,0.5048357844352722,0.4465634524822235,-0.015062060579657501,0.4999880909919739,0.39454004168510437,-0.026460848003625803,0.501059639453888,0.3673319876194,-0.03543119393289082,0.5045167207717896,0.3460142433643341,-0.0417990311980247,0.4920822381973267,0.464368087053299,-0.01788500845432278,0.4826740324497223,0.41712341904640193,-0.02865320779383176,0.4828230381011963,0.3881889581680298,-0.03537092320621008,0.48659366369247437,0.3650361537933349,-0.03991986773908134,0.48177711963653563,0.49252569675445557,-0.022157190367579398,0.4691066205501556,0.4578112006187439,-0.03220915421843526,0.4653733432292939,0.4341982185840607,-0.03717754893004886,0.4649002313613892,0.4143016278743744,-0.040371748432517
0.5250800251960754,0.5850884437561035,1.8339276834922206e-07,0.5398144483566284,0.549223256111145,-0.013347993418574261,0.545395827293396,0.5044240713119507,-0.02217997945845122,0.5465559720993042,0.4695266842842102,-0.03072539567947382,0.5499396800994873,0.43544380664825444,-0.0396021388471126,0.5199023008346558,0.4441193282604217,-0.015099347569048401,0.5190188765525818,0.3916764140129089,-0.027750600501894884,0.5191850066184998,0.3594421803951263,-0.03800632096827026,0.5204576134681702,0.33089606761932366,-0.0454555749893188,0.5053173303604126,0.45206674337387087,-0.016979183256626063,0.49933360815048217,0.40189837217330937,-0.030258285626769,0.5032720863819122,0.3784106254577637,-0.04020971655845634,0.5101836562156677,0.3622930645942688,-0.046874599158763845,0.4934764504432679,0.47127529978752136,-0.02051042616367336,0.4827372848987579,0.4265511274337769,-0.032545300573110524,0.4859706699848175,0.4004371643066406,-0.039662421122193287,0.49356549978256226,0.38224410414695736,-0.044204079732298826,0.4841298282146454,0.5001103520393372,-0.02532864380627864,0.47088137865066537,0.466489839553833,-0.035976478084921805,0.469873309135437,0.44429922103881836,-0.041140975058078684,0.47300375699996944,0.42795428037643435,-0.04439027868211264
0.5264232754707336,0.5816733241081238,1.6979628298940954e-07,0.5387763500213623,0.5515326976776123,-0.01562987565994256,0.5437843799591064,0.5090399742126465,-0.026323971152305538,0.5462232112884522,0.4730082392692566,-0.036205155402421904,0.5496920108795167,0.43697322607040406,-0.04626995027065272,0.5140750050544739,0.45852539539337156,-0.02099008709192274,0.5116603791713715,0.4135035276412964,-0.03591818138957018,0.5143354713916779,0.38428300023078915,-0.04706330746412272,0.5183668732643127,0.3588535368442536,-0.054661972820758756,0.5032085061073304,0.4597410798072815,-0.02198279276490204,0.4989106178283691,0.41367447972297666,-0.03816249221563334,0.5073557019233703,0.3944451093673706,-0.04916320592164986,0.5180419445037843,0.38409570455551145,-0.05605894327163692,0.4955631732940674,0.47169151306152346,-0.02447623498737808,0.4880888700485229,0.43012242913246157,-0.03887701556086534,0.4958398461341858,0.40924849510192873,-0.04655869975686068,0.5068109631538391,0.39785851836204533,-0.050875690579414344,0.4903849124908448,0.49316156506538394,-0.02828512899577612,0.4800911664962769,0.45779972076416015,-0.039729706943035084,0.48171421289443966,0.4343756258487701,-0.045180004835128705,0.4871061682701111,0.4185368895530701,-0.048519331961870145
0.5257445335388183,0.5802742123603821,1.5750311348483593e-07,0.5374135494232178,0.5483880877494812,-0.013708545826375422,0.5426085591316223,0.5063607513904572,-0.023913590796291764,0.5460667490959168,0.47092556357383725,-0.0337705627083778,0.5503355264663696,0.4360829472541809,-0.04374255686998362,0.5106778383255005,0.46081514954566954,-0.01875876849517224,0.509576028585434,0.4179209768772125,-0.03333672247827048,0.5137883722782135,0.38962202072143554,-0.044048235937952936,0.5190137147903443,0.36543284058570863,-0.051217843964695864,0.5009875595569611,0.46254146099090576,-0.02032901998609298,0.5020784378051758,0.4198796093463898,-0.03732542544603342,0.5151217341423034,0.40662763118743894,-0.04800360128283494,0.5284628510475159,0.4030411958694458,-0.05398687720298763,0.49516059756278996,0.4738334596157074,-0.023197263106703725,0.4944077014923096,0.43595809936523433,-0.038211625069379765,0.5067769825458527,0.4215447247028351,-0.04497682079672808,0.5203167200088501,0.4170586407184601,-0.04797128029167648,0.4920615434646607,0.49384529590606696,-0.02724082805216306,0.4884799838066101,0.4615790545940399,-0.03855309598147864,0.4946175873279572,0.44309290647506716,-0.043283437937498025,0.5029805779457093,0.43257555961608884,-0.04566279686987397
0.5250657916069031,0.5788751006126404,1.4520994398026236e-07,0.5360507488250732,0.5452434778213502,-0.01178721599280828,0.5414327383041382,0.5036815285682679,-0.021503210440277983,0.5459102869033814,0.468842887878418,-0.0313359700143337,0.5509790420532227,0.43519266843795773,-0.041215163469314524,0.5072806715965271,0.46310490369796753,-0.01652744989842174,0.5074916779994965,0.42233842611312866,-0.03075526356697078,0.5132412731647492,0.3949610412120819,-0.04103316441178316,0.5196605563163758,0.37201214432716373,-0.047773715108632965,0.49876661300659175,0.46534184217453,-0.01867524720728392,0.5052462577819824,0.42608473896980287,-0.0364883586764335,0.5228877663612366,0.41881015300750735,-0.04684399664402003,0.5388837575912475,0.4219866871833801,-0.05191481113433832,0.4947580218315124,0.4759754061698913,-0.02191829122602936,0.5007265329360961,0.44179376959800715,-0.03754623457789418,0.5177141189575195,0.43384095430374153,-0.04339494183659548,0.5338224768638611,0.4362587630748749,-0.04506687000393862,0.49373817443847656,0.4945290267467499,-0.02619652710855,0.49686880111694337,0.46535838842391974,-0.0373764850199222,0.5075209617614747,0.45181018710136417,-0.041386871039867344,0.5188549876213073,0.4466142296791077,-0.042806261777877774
0.5233667373657227,0.579307746887207,1.2889962022200055e-07,0.534174656867981,0.5448702931404115,-0.009795666206628018,0.5400092005729675,0.5034920454025268,-0.018779838085174482,0.5457688450813294,0.46805232763290405,-0.02817813903093336,0.5515054345130921,0.4347734808921814,-0.0374393373727798,0.5037290513515472,0.467971533536911,-0.014783311448991261,0.5068167984485626,0.4279215693473816,-0.0284585621207952,0.5143945634365082,0.4013411223888397,-0.037952520325779865,0.521891164779663,0.378932124376297,-0.04409938007593149,0.4967124223709106,0.4694666743278503,-0.01741642653942104,0.5101680994033814,0.43158116936683655,-0.0349457755684852,0.5304824709892273,0.428966212272644,-0.04395349919795984,0.5465025186538697,0.4358051717281342,-0.047850675880908924,0.4952048361301422,0.478697794675827,-0.02098270542919632,0.5094226062297821,0.4454981923103332,-0.03655221760272977,0.5286211490631103,0.4428281724452973,-0.04076526090502734,0.5440311312675477,0.44916117191314703,-0.04095833152532573,0.49701699018478396,0.4951032340526581,-0.025421082228422102,0.5075585067272186,0.46648635864257815,-0.03615413084626192,0.5202682793140412,0.4561029851436615,-0.03908434808254236,0.5313304007053375,0.4534046053886413,-0.039497904479503604
0.5223744630813599,0.5807145476341247,1.1128084906886216e-07,0.5326474428176879,0.5451501607894897,-0.00766997273312876,0.5385955691337585,0.5039436221122742,-0.01586408233270042,0.5456196308135987,0.4680037975311279,-0.02476639952510594,0.5522240281105042,0.435427963733673,-0.03332222066819664,0.5004495084285736,0.4738203406333923,-0.012927495408803181,0.5066818773746491,0.4348646938800812,-0.0259067609906196,0.5162004292011262,0.4091738104820251,-0.034609749168157525,0.5249901175498962,0.3874179244041443,-0.0401353765279054,0.495176750421524,0.4752024590969086,-0.01602124534547326,0.5160375952720643,0.43908311128616334,-0.032889274135231926,0.5382274508476257,0.4415599167346954,-0.040331285446882206,0.5537347078323365,0.4520929634571076,-0.042974249273538545,0.4964108824729919,0.4833041071891785,-0.0198648020625114,0.5191675901412964,0.4512794435024261,-0.03501972779631612,0.5399240612983703,0.45422678589820864,-0.03737980164587492,0.5543079733848572,0.46446447968482973,-0.0360010810196399,0.5013943195343017,0.4974146544933319,-0.024433822929859104,0.5193947196006775,0.4691843330860138,-0.03437147289514536,0.5339755892753602,0.46215922832489015,-0.035968205332756006,0.5447705388069153,0.4618819057941437,-0.0352066162973642
0.522485089302063,0.5851136803627015,1.1049909858229513e-07,0.5332426548004151,0.5410643219947815,-0.0022210485534742003,0.5389529466629028,0.4976898670196533,-0.00805794540792698,0.5460138916969299,0.46427742242813114,-0.01573264263570308,0.5529362797737122,0.43556101918220513,-0.02326265573501584,0.5024099886417389,0.4680714666843414,-0.006338757276535,0.5125617623329163,0.4231165885925293,-0.01726043708622448,0.5219217419624329,0.3949812293052673,-0.024842436984181343,0.5299242019653321,0.37111222743988037,-0.029881551861762945,0.4962176203727722,0.47784600257873544,-0.01170687302947042,0.5217872262001038,0.44052401185035706,-0.026965794712305022,0.54404616355896,0.44691618084907536,-0.032858495414257005,0.5583658814430237,0.4599309742450714,-0.03434511423110956,0.49699281454086297,0.49329419136047364,-0.01752585917711252,0.5238976955413819,0.46130591034889223,-0.03126700669527052,0.5448277115821838,0.46703689694404604,-0.0317772023379802,0.5585139513015747,0.47898295521736145,-0.029116679728031083,0.5019199132919311,0.5130887269973755,-0.023731232061982084,0.5239380598068237,0.487984174489975,-0.032784367352724025,0.5404645562171936,0.4865640223026276,-0.03308907374739644,0.5522479295730591,0.4913222432136536,-0.031184269487857783
0.5225157141685486,0.5897191405296326,1.0952832241173384e-07,0.5327875375747682,0.5451470613479614,-0.0010853992775082403,0.5384870290756226,0.5011249244213104,-0.00661067352630194,0.5459463834762573,0.46768085360527045,-0.014034601300954802,0.5531632304191589,0.4398628056049346,-0.02135270312428472,0.5019547641277313,0.47518176436424253,-0.006770448852330401,0.5135775089263915,0.42916646003723147,-0.01742214336991302,0.5236675977706909,0.40025693774223325,-0.024670717492699563,0.5319944977760315,0.3760261297225952,-0.029482705891132305,0.4971857845783233,0.48522463440895086,-0.012621062062680702,0.5251813292503358,0.4463561773300171,-0.027321836352348285,0.5464651465415955,0.4556707501411438,-0.03236343637108798,0.5589591383934022,0.47019825577735896,-0.033379526063799805,0.49964292049407955,0.500854653120041,-0.01871971115469926,0.5286978721618653,0.4672801971435547,-0.03202855512499807,0.5483975410461426,0.47571783065795903,-0.03173897191882126,0.5602050662040711,0.48905586004257207,-0.028637225180864263,0.5063865721225739,0.519941544532776,-0.025066715106368,0.5296609282493592,0.4927858591079712,-0.033655284717678965,0.5461451768875122,0.4913016378879547,-0.0333079136908054,0.5575327038764955,0.4958826899528504,-0.03102023079991336
0.5225463390350342,0.5943246006965637,1.0855754624117255e-07,0.5323324203491211,0.5492298007011414,5.024999845771997e-05,0.5380211114883423,0.5045599818229676,-0.0051634016446769,0.5458788752555848,0.4710842847824097,-0.012336559966206521,0.5533901810646057,0.4441645920276641,-0.0194427505135536,0.5014995396137238,0.4822920620441437,-0.007202140428125801,0.514593255519867,0.4352163314819336,-0.01758384965360156,0.525413453578949,0.4055326461791992,-0.02449899800121778,0.534064793586731,0.38094003200531,-0.029083859920501665,0.4981539487838745,0.4926032662391663,-0.01353525109589098,0.5285754323005676,0.4521883428096771,-0.02767787799239154,0.5488841295242309,0.4644253194332123,-0.03186837732791896,0.5595523953437805,0.4804655373096466,-0.03241393789649004,0.5022930264472961,0.5084151148796082,-0.019913563132285997,0.5334980487823486,0.4732544839382172,-0.0327901035547256,0.5519673705101013,0.48439876437187196,-0.03170074149966232,0.5618961811065674,0.4991287648677826,-0.028157770633697444,0.5108532309532166,0.5267943620681763,-0.026402198150753925,0.5353837966918945,0.49758754372596736,-0.0345262020826339,0.5518257975578309,0.49603925347328187,-0.03352675363421436,0.5628174781799317,0.5004431366920472,-0.030856192111968946
0.5222049355506897,0.5995483160018921,1.030261046253145e-07,0.529789924621582,0.5543782472610475,0.00048173236427826,0.5355239629745483,0.5085750699043274,-0.00472694151103494,0.5447932243347168,0.47499294281005855,-0.011798509582877122,0.5535307288169861,0.4495140194892884,-0.01882399506866928,0.5020968914031982,0.4886057376861573,-0.008235195279121341,0.5154397606849671,0.44064074754714966,-0.018288966640829962,0.5261685490608216,0.41019641160964965,-0.024883268401026663,0.534718406200409,0.38490296006202696,-0.029227143526077224,0.5004655480384828,0.49965804815292364,-0.01465976722538468,0.5325834274291993,0.45936723351478576,-0.028019187599420504,0.54996817111969,0.47406772375106815,-0.031459847092628446,0.5577800750732422,0.4907001137733459,-0.03165931552648538,0.5058256149291992,0.5156861782073975,-0.0209596443921327,0.5385204434394837,0.4808773994445801,-0.03285168483853337,0.5538589477539063,0.49450260400772095,-0.030963487923145225,0.5609153151512146,0.5097561717033386,-0.02709322981536382,0.5153059124946595,0.5335847973823548,-0.02737648561596866,0.5403789043426513,0.5037038207054139,-0.03449206203222268,0.5560558080673218,0.5022502303123475,-0.0327181331813335,0.566417670249939,0.5059116125106812,-0.029617016017436944
0.5217118501663208,0.6060684800148011,9.366821700496078e-08,0.5265849351882935,0.56213618516922,0.0007463713176548,0.5325632691383362,0.5147427797317505,-0.0043549427762627204,0.5435417056083679,0.48083200454711905,-0.011146386340260462,0.5536454200744629,0.4565588533878327,-0.01791813187301154,0.5028511762619019,0.49694905877113343,-0.009531162399798562,0.5164377808570862,0.4475717842578888,-0.01935144476592534,0.5268546581268311,0.4161483108997345,-0.02563943862915034,0.5349201321601869,0.3898784279823303,-0.029786055907607023,0.5032492578029633,0.5081426441669464,-0.01593346372246738,0.5363946318626405,0.4678070843219757,-0.028747045993804884,0.5514171361923218,0.4841307997703552,-0.03172214403748508,0.5566839218139649,0.5007937431335449,-0.0317773282527923,0.5100088596343995,0.5237959146499633,-0.02203058116137976,0.5435284376144409,0.48893111348152163,-0.033158577978610944,0.5561172842979432,0.5043640971183777,-0.0307183846831321,0.5603666305541992,0.519672065973282,-0.026710463687777464,0.5202726364135742,0.5408849596977234,-0.0282200817018747,0.545592474937439,0.5099854826927185,-0.034520800411701136,0.5601861476898193,0.509863293170929,-0.032117894291877704,0.5694140434265137,0.5140454828739167,-0.028747594729065865
0.521218764781952,0.61258864402771,8.431032938460704e-08,0.5233799457550049,0.5698941230773926,0.00101101027103134,0.5296025753021241,0.5209104895591736,-0.0039829440414905,0.5422901868820191,0.48667106628417967,-0.010494263097643801,0.5537601113319397,0.46360368728637696,-0.0170122686773538,0.5036054611206054,0.5052923798561096,-0.010827129520475782,0.5174358010292054,0.4545028209686279,-0.020413922891020717,0.5275407671928406,0.4221002101898193,-0.026395608857274024,0.5351218581199646,0.39485389590263364,-0.030344968289136826,0.5060329675674439,0.5166272401809693,-0.01720716021955008,0.5402058362960815,0.47624693512916566,-0.02947490438818926,0.5528661012649536,0.49419387578964236,-0.031984440982341725,0.5555877685546875,0.5108873724937439,-0.031895340979099226,0.5141921043395996,0.5319056510925293,-0.02310151793062682,0.5485364317893981,0.49698482751846307,-0.03346547111868852,0.55837562084198,0.5142255902290344,-0.030473281443118984,0.5598179459571838,0.5295879602432251,-0.026327697560191102,0.5252393603324891,0.548185122013092,-0.02906367778778074,0.5508060455322266,0.5162671446800232,-0.0345495387911796,0.564316487312317,0.5174763560295106,-0.0315176554024219,0.5724104166030884,0.5221793532371521,-0.027878173440694785
0.5218421220779419,0.6192238807678223,7.487677677886496e-08,0.520719850063324,0.5782063126564025,0.0008331079618073401,0.5268009543418884,0.5281457901000977,-0.00423275162465864,0.5409367442131043,0.4934589028358459,-0.010566218383610201,0.5537233591079713,0.4712232887744903,-0.016876991093158662,0.5049610137939453,0.514420747756958,-0.012300399132072839,0.5188474416732788,0.4621885597705841,-0.021730848401784842,0.5286577105522156,0.4292963445186615,-0.027333455160260166,0.5358534693717957,0.40173417925834654,-0.031025302037596646,0.5095575451850891,0.5253589034080506,-0.01844514645636076,0.5436857223510743,0.48579663038253784,-0.03016562089323992,0.5536468505859375,0.5038595259189607,-0.03214837536215778,0.553613293170929,0.5195222735404968,-0.031945272535085625,0.5192124366760253,0.5399489879608155,-0.023987486958503678,0.5527721643447876,0.5056267023086547,-0.03352767005562776,0.5598396182060242,0.5230791687965393,-0.029879501834511702,0.5586798667907715,0.5372781157493591,-0.025637868419289542,0.530955982208252,0.5554056763648987,-0.029605585336685163,0.5560437560081481,0.5233872890472412,-0.03413666859269136,0.5669282793998718,0.5274237871170044,-0.03027879334986206,0.5722872257232666,0.5335518717765808,-0.026326808333396883
0.522465479373932,0.6258591175079347,6.544322417312287e-08,0.5180597543716431,0.5865185022354126,0.0006552056525833401,0.5239993333816528,0.5353810906410217,-0.00448255920782678,0.5395833015441894,0.5002467393875123,-0.010638173669576602,0.5536866068840027,0.47884289026260374,-0.016741713508963522,0.5063165664672852,0.5235491156578064,-0.0137736687436699,0.5202590823173523,0.46987429857254026,-0.02304777391254896,0.5297746539115906,0.43649247884750364,-0.028271301463246305,0.5365850806236268,0.4086144626140594,-0.031705635786056466,0.5130821228027344,0.5340905666351319,-0.01968313269317144,0.5471656084060669,0.49534632563591,-0.03085633739829058,0.5544275999069215,0.5135251760482789,-0.03231230974197384,0.5516388177871705,0.5281571745872498,-0.031995204091072024,0.5242327690124512,0.5479923248291015,-0.02487345598638054,0.557007896900177,0.5142685770988464,-0.033589868992567,0.5613036155700684,0.5319327473640443,-0.02928572222590442,0.5575417876243591,0.5449682712554932,-0.02494803927838798,0.536672604084015,0.5626262307167053,-0.03014749288558958,0.5612814664840698,0.5305074334144593,-0.03372379839420312,0.5695400714874268,0.5373712182044983,-0.02903993129730222,0.5721640348434449,0.5449243903160096,-0.02477544322609898
0.524918830394745,0.633722722530365,4.853758692746624e-08,0.5187497138977051,0.5953806638717651,0.0011120921000837601,0.524135959148407,0.5444026231765747,-0.00361036866670468,0.5392210006713867,0.509105658531189,-0.009373565111309242,0.5532280206680298,0.4878621101379394,-0.015078078024089281,0.5086952090263367,0.532440984249115,-0.0132952665910124,0.5223043441772461,0.47812869548797604,-0.022479473426938002,0.5312092900276184,0.4446677684783936,-0.027625110372900923,0.53734370470047,0.4166781187057495,-0.031020719558000506,0.5166445136070251,0.5425479531288147,-0.01924854144453998,0.5494528889656067,0.504071319103241,-0.03008043393492694,0.5554561734199525,0.5221532225608826,-0.03129887171089646,0.5512722730636597,0.5362707853317261,-0.030912003666162424,0.5288189888000489,0.5558143854141235,-0.02443591915071006,0.5598416566848755,0.5219125986099243,-0.03258072771131987,0.5628549814224244,0.539298450946808,-0.027757653221487943,0.5578810691833496,0.5515276432037354,-0.0232852511107921,0.5418101072311401,0.5698317766189575,-0.029680238291621183,0.5656607747077942,0.537398898601532,-0.03255142793059342,0.5713656306266786,0.5478065013885498,-0.02717550806701182,0.5713044166564942,0.5575902462005615,-0.022619462013244582
0.5277821302413941,0.6426614880561828,3.601292934973799e-08,0.5204036474227904,0.6041381359100342,0.00159224886447186,0.525186026096344,0.5536702275276184,-0.00282660243101412,0.5393285393714905,0.5183981537818909,-0.008381471224129142,0.5527087807655335,0.497459602355957,-0.01391099896281952,0.5116617798805237,0.541263723373413,-0.01255315747112028,0.524330222606659,0.4863150119781494,-0.02173581384122366,0.5325364351272582,0.45287730097770695,-0.026878127828240343,0.5380051612854004,0.424834668636322,-0.030293340235948502,0.5204640626907349,0.5506894350051881,-0.01867526024579998,0.5517672777175904,0.5121314883232116,-0.029270298033952664,0.5566023826599121,0.5304334044456482,-0.03019612729549404,0.5513057589530945,0.5443793535232544,-0.029619888216257023,0.5333726525306702,0.5636081695556641,-0.0240297898650169,0.5625533819198609,0.5301787495613098,-0.031663653999566985,0.5643608927726745,0.5474289417266845,-0.026327123120427082,0.5584514260292053,0.5590357661247254,-0.021661311388015702,0.5468026638031006,0.5775885581970215,-0.029440129920840222,0.5697730660438538,0.5457741141319274,-0.03173272423446172,0.5731128692626953,0.558319103717804,-0.025802368298172937,0.5707161784172059,0.56894451379776,-0.020987369492649982
0.5306454300880432,0.6516002535820007,2.3488271772009742e-08,0.522057580947876,0.6128956079483032,0.0020724056288599605,0.5262360930442811,0.5629378318786621,-0.00204283619532356,0.5394360780715942,0.5276906490325928,-0.007389377336949041,0.5521895408630371,0.5070570945739746,-0.01274391990154976,0.5146283507347107,0.5500864624977112,-0.011811048351228162,0.5263561010360718,0.4945013284683228,-0.02099215425550932,0.5338635802268982,0.4610868334770203,-0.026131145283579762,0.5386666178703308,0.4329912185668946,-0.029565960913896502,0.5242836117744446,0.5588309168815613,-0.01810197904705998,0.554081666469574,0.5201916575431824,-0.028460162132978382,0.5577485918998718,0.5387135863304139,-0.02909338288009162,0.5513392448425294,0.5524879217147828,-0.028327772766351622,0.5379263162612915,0.5714019536972046,-0.023623660579323743,0.5652651071548462,0.5384449005126953,-0.0307465802878141,0.5658668041229249,0.5555594325065613,-0.024896593019366225,0.559021782875061,0.5665438890457154,-0.020037371665239303,0.551795220375061,0.5853453397750855,-0.029200021550059265,0.5738853573799133,0.554149329662323,-0.03091402053833002,0.5748601078987121,0.5688317060470581,-0.02442922852933406,0.5701279401779176,0.5802987813949585,-0.019355276972055382
0.5339556694030763,0.6617487788200379,1.1804677946258835e-08,0.5243489384651184,0.6226572394371033,0.0025834236992522603,0.5279507756233215,0.5732044696807862,-0.0010970680043101,0.5404392123222351,0.5380118131637573,-0.0061079031322150805,0.552588677406311,0.5175623416900634,-0.01114324368536466,0.5178409814834595,0.5593320250511169,-0.01076478864997618,0.5284756422042848,0.5034014582633972,-0.01994856446981426,0.5352548360824585,0.46986835002899174,-0.025267909839749286,0.5394691109657287,0.44144520759582523,-0.028830274194478922,0.5281551241874696,0.5676131248474121,-0.01714444309473034,0.5559651732444764,0.5280527830123902,-0.027300282195210406,0.5592514038085938,0.5466952204704285,-0.02797736227512354,0.5529745221138002,0.5606651306152344,-0.027173139527440004,0.5423696160316467,0.5798845052719117,-0.022747516259551022,0.5678639650344849,0.5466973543167115,-0.029480540007352802,0.5679989933967591,0.563901960849762,-0.023510161787271465,0.5611893415451049,0.5749488353729248,-0.01859726123511788,0.5566725850105285,0.5937549352645874,-0.028391716256737642,0.577507758140564,0.5629521727561951,-0.02973514758050436,0.5774752855300903,0.5782652854919434,-0.02308080494403838,0.5722338676452637,0.589740264415741,-0.017915133573114823
0.5372659087181091,0.671897304058075,1.21084120507931e-10,0.5266402959823608,0.6324188709259033,0.00309444176964456,0.5296654582023621,0.5834711074829102,-0.00015129981329663997,0.541442346572876,0.5483329772949219,-0.0048264289274811195,0.552987813949585,0.5280675888061523,-0.009542567469179562,0.5210536122322083,0.5685775876045227,-0.009718528948724199,0.5305951833724976,0.5123015880584717,-0.018904974684119197,0.5366460919380188,0.47864986658096315,-0.024404674395918806,0.5402716040611267,0.4498991966247559,-0.028094587475061345,0.5320266366004944,0.5763953328132629,-0.016186907142400703,0.5578486800193787,0.5359139084815979,-0.02614040225744242,0.5607542157173158,0.5546768546104431,-0.026861341670155463,0.5546097993850708,0.5688423395156861,-0.026018506288528385,0.546812915802002,0.5883670568466186,-0.021871371939778304,0.5704628229141235,0.5549498081207276,-0.028214499726891502,0.5701311826705933,0.5722444891929627,-0.022123730555176704,0.563356900215149,0.5833537817001343,-0.01715715080499646,0.5615499496459961,0.6021645307540894,-0.02758341096341602,0.5811301589012146,0.5717550158500673,-0.0285562746226787,0.5800904631614685,0.5876988649368287,-0.021732381358742704,0.5743397951126099,0.5991817474365235,-0.01647499017417426
0.5410414457321167,0.6823484778404236,-7.252567613136309e-09,0.5292589545249938,0.642913818359375,0.00261485172668468,0.531600832939148,0.5935347437858581,-0.0005649195518344601,0.543125855922699,0.5579822421073913,-0.0050026379525661005,0.5545491456985473,0.5380096316337585,-0.009415869601070822,0.5242876172065735,0.5785300374031066,-0.00996785778552286,0.5330600619316102,0.5217352509498596,-0.019142605364322638,0.5386308312416077,0.4880274891853333,-0.024657992273569067,0.5420001149177551,0.4591662764549256,-0.02835355624556534,0.5360656142234803,0.5861696600914001,-0.016040847823023743,0.5601571440696717,0.5450218558311463,-0.025924910977482743,0.5625455021858216,0.5635913133621216,-0.026614113152027063,0.5566705346107483,0.5777835130691529,-0.025682074204087205,0.5513814210891724,0.5978943943977356,-0.021359762176871282,0.5731586456298828,0.5642889857292175,-0.027650835365056983,0.572309935092926,0.581394898891449,-0.021633905544877024,0.5658204197883606,0.5925681948661805,-0.01665745973587034,0.5664934635162354,0.6113495707511902,-0.02672961913049214,0.584537947177887,0.5809471130371093,-0.02774020843207832,0.5828262209892273,0.5967905521392822,-0.021000191196799262,0.5770760416984558,0.608217191696167,-0.0157406989485025
0.5448413491249084,0.6935283422470093,-1.3715414581838559e-08,0.5322902560234071,0.6541338443756104,0.0018311001011170197,0.5344377040863038,0.6040505528450012,-0.0013987140147946801,0.5460967779159546,0.567870557308197,-0.00559856025502082,0.5577199101448059,0.5480988025665283,-0.009702561236917921,0.5279669165611267,0.5892699360847473,-0.01077305581420654,0.5364174485206604,0.5318909645080567,-0.01998603940010068,0.5418064713478089,0.4980328261852265,-0.025494944304227784,0.5451502919197083,0.4689417958259583,-0.029162002354860238,0.5405223727226257,0.5967491745948792,-0.0162822794169187,0.5629963159561158,0.5545671105384826,-0.02609315961599344,0.5648364663124085,0.5731189012527467,-0.026636409386992403,0.559126329421997,0.5877834796905518,-0.025540826097130723,0.5562557220458985,0.6082548379898072,-0.02107725366950032,0.5763399243354798,0.5738059878349304,-0.027401262521743765,0.5750143885612488,0.5909801363945009,-0.021445480734109842,0.5687180161476135,0.6025551319122315,-0.016419708356261224,0.5716058731079101,0.621469271183014,-0.025953302159905378,0.588248074054718,0.5907455205917359,-0.02703125253319736,0.5860603213310243,0.606467890739441,-0.0203840836882591,0.580400824546814,0.6180270433425904,-0.015132276341319039
0.5486412525177002,0.704708206653595,-2.017826155054081e-08,0.5353215575218201,0.6653538703918458,0.00104734847554936,0.5372745752334595,0.6145663619041444,-0.0022325084777549005,0.5490676999092102,0.5777588725090027,-0.00619448255747554,0.5608906745910645,0.5581879734992982,-0.009989252872765022,0.53164621591568,0.6000098347663879,-0.01157825384289022,0.5397748351097107,0.5420466780662537,-0.02082947343587872,0.54498211145401,0.5080381631851196,-0.026331896334886504,0.5483004689216614,0.478717315196991,-0.02997044846415514,0.5449791312217712,0.6073286890983581,-0.016523711010813662,0.5658354878425599,0.5641123652458191,-0.02626140825450414,0.5671274304389954,0.5826464891433716,-0.02665870562195774,0.5615821242332458,0.5977834463119507,-0.02539957799017424,0.5611300230026246,0.6186152815818787,-0.02079474516212936,0.5795212030410767,0.5833229899406434,-0.027151689678430544,0.5777188420295716,0.6005653738975525,-0.02125705592334266,0.5716156125068665,0.6125420689582826,-0.0161819569766521,0.5767182826995849,0.6315889716148376,-0.025176985189318622,0.5919582009315492,0.6005439281463624,-0.0263222966343164,0.5892944216728211,0.6161452293395997,-0.019767976179718937,0.5837256073951721,0.6278368949890137,-0.01452385373413558
0.5528223872184753,0.716409432888031,-2.1924697435338204e-08,0.5386998057365417,0.6769157171249389,0.0003979927365435369,0.5405936956405639,0.6255292534828186,-0.0029993462725542404,0.5524091601371766,0.5881358742713929,-0.00678916615433988,0.5647213220596314,0.5690943360328675,-0.010389691218733762,0.5359039545059204,0.6116812348365783,-0.01276197023689742,0.5441685795783997,0.5531133890151978,-0.02196016572415824,0.5494712471961976,0.5188989162445068,-0.027366445586085263,0.5530386686325073,0.4892433404922486,-0.030962111800909,0.5500182628631592,0.6190804004669189,-0.017220041528344103,0.5694952249526978,0.5740556478500367,-0.026804539933800643,0.570076858997345,0.5924034714698792,-0.026888395845890024,0.5646451711654663,0.608315646648407,-0.0253824565559625,0.5664846301078796,0.6303852677345276,-0.02097925804555412,0.5833491086959839,0.5936554074287415,-0.027041293680667863,0.5808940768241881,0.6104857444763184,-0.02094721719622606,0.5749368906021118,0.6231379985809327,-0.01575206443667406,0.582080352306366,0.6434412598609924,-0.024898902326822264,0.5960196614265443,0.6116890668869019,-0.02589555233716962,0.5927962899208069,0.6266085386276246,-0.019354156032204597,0.587308931350708,0.6384811162948608,-0.01411805655807252
0.5570035219192505,0.7281106591224671,-2.36711333201356e-08,0.5420780539512635,0.6884775638580323,-0.0002513630024622861,0.5439128160476684,0.636492145061493,-0.0037661840673535803,0.5557506203651429,0.598512876033783,-0.00738384975120422,0.5685519695281983,0.5800006985664368,-0.0107901295647025,0.5401616930961609,0.6233526349067688,-0.013945686630904619,0.5485623240470886,0.5641800999641419,-0.02309085801243776,0.553960382938385,0.5297596693038941,-0.028400994837284022,0.5577768683433533,0.4997693657875062,-0.03195377513766286,0.5550573945045472,0.6308321118354797,-0.01791637204587454,0.5731549620628358,0.5839989304542541,-0.027347671613097146,0.5730262875556946,0.6021604537963867,-0.027118086069822304,0.5677082180976868,0.6188478469848633,-0.025365335121750758,0.5718392372131348,0.6421552538871766,-0.02116377092897888,0.5871770143508912,0.6039878249168396,-0.026930897682905183,0.5840693116188049,0.6204061150550844,-0.02063737846910946,0.5782581686973572,0.6337339282035828,-0.01532217189669602,0.587442421913147,0.6552935481071471,-0.024620819464325903,0.6000811219215394,0.6228342056274414,-0.025468808040022838,0.5962981581687927,0.6370718479156495,-0.01894033588469026,0.5908922553062439,0.649125337600708,-0.01371225938200946
0.5603310585021972,0.739947497844696,-1.936975555505427e-08,0.5455060720443726,0.6997363328933716,-0.000642577052349186,0.5480558991432191,0.647213876247406,-0.0043358772061765,0.5602137804031373,0.6086911916732789,-0.00798020139336582,0.5734794735908508,0.590401303768158,-0.01145722176879642,0.5449411630630494,0.6354761004447937,-0.014797787740826561,0.5538256525993347,0.5758542776107789,-0.02399235516786568,0.5597848296165466,0.5410016536712647,-0.02922697402536862,0.5641876697540283,0.5107265591621399,-0.0326990835368633,0.5602853894233704,0.643296754360199,-0.01855284795165056,0.5777973055839539,0.5941658854484558,-0.028131837025284705,0.5769823074340821,0.6120720982551575,-0.027656823396682725,0.5714899659156799,0.6298932075500489,-0.02557074837386602,0.5771226406097412,0.6551344394683838,-0.0215568177402019,0.591838037967682,0.6151739358901978,-0.027206061407923685,0.5882444858551026,0.6311105012893679,-0.02059409655630582,0.5823986530303956,0.6450963139533997,-0.01498773880302898,0.5925233602523804,0.6689330577850342,-0.024815076589584345,0.6047222256660462,0.6352469325065613,-0.02548862919211386,0.6005054831504822,0.6488594293594361,-0.01879369243979452,0.5950506329536438,0.6611264944076538,-0.01343171373009676
0.5636723399162293,0.7514422297477722,-1.2700257712161546e-08,0.5491112828254701,0.7109291553497314,-0.0005857289826962661,0.5522201657295227,0.658613133430481,-0.004361503198742841,0.5646638035774231,0.6204888939857484,-0.0081568598747253,0.5782917261123658,0.6024571537971497,-0.01184827014803884,0.549789035320282,0.6471982240676881,-0.014864788204431482,0.5591638684272766,0.5876085877418519,-0.024122233688831263,0.5658356189727783,0.5524950981140136,-0.029300296306610043,0.5708998799324037,0.5223054051399232,-0.0326714865863323,0.5650466561317444,0.6556974172592163,-0.01876941993832582,0.5827707052230835,0.6047017097473145,-0.028802711516618663,0.5814635276794434,0.6224163889884949,-0.028328716009855245,0.5756561756134033,0.6413308382034302,-0.02595678158104414,0.5816844344139098,0.6684021711349487,-0.021893899887800182,0.5965776681900025,0.6270638704299927,-0.027651905268430685,0.5926502346992493,0.6426866769790649,-0.02076371759176248,0.5867672443389893,0.6573811888694763,-0.01479441821575158,0.5967919826507568,0.6830126762390137,-0.025289401784539204,0.6091292142868042,0.6480931282043457,-0.025910004600882497,0.6046040534973145,0.6613729715347291,-0.01899193376302716,0.5991567015647888,0.6740051865577698,-0.0133967394009232
0.5670136213302612,0.7629369616508483,-6.030759869268822e-09,0.5527164936065674,0.7221219778060914,-0.0005288809130433461,0.5563844323158265,0.6700123906135558,-0.00438712919130918,0.5691138267517091,0.6322865962982178,-0.00833351835608478,0.5831039786338806,0.6145130038261414,-0.012239318527281263,0.5546369075775146,0.6589203476905823,-0.014931788668036402,0.5645020842552185,0.5993628978729248,-0.02425211220979684,0.57188640832901,0.5639885425567627,-0.029373618587851463,0.5776120901107789,0.5338842511177063,-0.0326438896358013,0.5698079228401185,0.6680980801582336,-0.01898599192500108,0.5877441048622132,0.6152375340461732,-0.029473586007952624,0.5859447479248048,0.6327606797218323,-0.029000608623027762,0.5798223853111267,0.6527684688568116,-0.026342814788222264,0.5862462282180787,0.6816699028015137,-0.02223098203539846,0.601317298412323,0.6389538049697876,-0.028097749128937685,0.5970559835433961,0.6542628526687622,-0.02093333862721914,0.5911358356475831,0.6696660637855529,-0.014601097628474181,0.6010606050491334,0.6970922946929932,-0.025763726979494063,0.6135362029075623,0.6609393239021302,-0.026331380009651136,0.6087026238441468,0.6738865137100221,-0.0191901750862598,0.6032627701759339,0.6868838787078857,-0.01336176507174964
0.569425082206726,0.7734162330627441,2.5036794193411532e-09,0.556209409236908,0.7323339819908143,-0.00026165225135624313,0.5608374238014221,0.6803515791893004,-0.00422686398960646,0.5739893913269043,0.6426870346069337,-0.00838665449991818,0.5877771258354187,0.6237993478775025,-0.01254731677472588,0.5588458895683288,0.6691901922225952,-0.015084071084856942,0.5694536924362184,0.6096629619598389,-0.024769427999854023,0.5775391101837158,0.5744014620780945,-0.03006453402340406,0.5838122606277466,0.5446157813072205,-0.033354367315769184,0.5731860876083374,0.6794529914855957,-0.01942097954452032,0.592843759059906,0.6259790420532227,-0.030441016331314963,0.590973436832428,0.6437079191207886,-0.03003362827002998,0.5843958497047425,0.663698434829712,-0.027262460067868186,0.5890015006065369,0.6940204858779908,-0.022927371785044642,0.6058658957481384,0.6509654879570007,-0.029084199294447863,0.601454746723175,0.6666739940643311,-0.02163367792963976,0.5951491951942444,0.6819383144378662,-0.014988389424979641,0.6033190131187439,0.7102870583534241,-0.026701143756508783,0.6172289848327637,0.6735457181930543,-0.027231076732277815,0.6123480916023254,0.6866448879241944,-0.019745435565710023,0.6066234827041627,0.6994503974914551,-0.01365103311836714
0.571836543083191,0.78389550447464,1.1038118707951127e-08,0.5597023248672486,0.742545986175537,5.5764103308598685e-06,0.5652904152870178,0.6906907677650451,-0.004066598787903741,0.5788649559020997,0.6530874729156495,-0.00843979064375158,0.5924502730369567,0.6330856919288635,-0.0128553150221705,0.563054871559143,0.6794600367546082,-0.01523635350167748,0.5744053006172181,0.6199630260467529,-0.0252867437899112,0.5831918120384216,0.5848143815994262,-0.03075544945895666,0.5900124311447144,0.5553473114967347,-0.03406484499573706,0.5765642523765564,0.6908079028129579,-0.01985596716403956,0.5979434132575989,0.6367205500602723,-0.031408446654677305,0.5960021257400513,0.6546551585197449,-0.031066647917032203,0.5889693140983582,0.6746284008026123,-0.0281821053475141,0.5917567729949951,0.7063710689544678,-0.02362376153469082,0.6104144930839539,0.6629771709442138,-0.03007064945995804,0.6058535099029541,0.6790851354598999,-0.022334017232060382,0.5991625547409057,0.6942105650901794,-0.015375681221485102,0.6055774211883544,0.723481822013855,-0.027638560533523503,0.6209217667579651,0.6861521124839784,-0.0281307734549045,0.6159935593605042,0.6994032621383668,-0.02030069604516024,0.6099841952323914,0.7120169162750245,-0.013940301164984641
0.5738540768623352,0.7932052493095398,1.3522271125054884e-08,0.5623783230781555,0.7515305399894714,0.0009376678615808599,0.5684206604957581,0.7004853367805481,-0.0028646492515690208,0.5822522044181824,0.6636024355888367,-0.0071275200694799,0.5957462668418885,0.6431502461433412,-0.01150036994367834,0.5661636233329773,0.6877662062644958,-0.014806841686367962,0.5782974481582642,0.6284453511238098,-0.02478976584970944,0.5874113202095033,0.593820583820343,-0.03016867935657496,0.5943852066993713,0.5646953463554383,-0.033402936533093446,0.5789582371711731,0.6996754884719849,-0.019759317487478216,0.6018964648246765,0.6463550448417664,-0.03103428035974494,0.5999200820922852,0.6644618511199951,-0.03043801374733444,0.5925142168998718,0.6836504697799682,-0.027478269860148362,0.5935257792472839,0.7157650351524354,-0.023779369890689822,0.6135725021362305,0.6734738945960999,-0.029871606454253158,0.6088595509529114,0.6899130582809448,-0.021837654709815923,0.6018274068832398,0.7044538497924805,-0.01480647474527356,0.6067520499229431,0.7333545327186585,-0.027964496985077802,0.6229872584342957,0.6969844937324525,-0.02802571654319758,0.618077278137207,0.7104665279388428,-0.01987397484481328,0.611905860900879,0.7226035594940187,-0.01338251605629916
0.5745765209197999,0.7999165534973145,1.247209224786161e-08,0.5634806036949158,0.7577231526374817,0.0018746927846223001,0.5698560357093811,0.7074515581130982,-0.00164115311345084,0.5839139461517334,0.6712108373641967,-0.005727074295282321,0.5975567460060119,0.6512927293777466,-0.009969195071607779,0.5676500797271729,0.6941880941390991,-0.01467955913394686,0.5804552435874939,0.6345544219017029,-0.02446722462773316,0.5896516561508179,0.6002803802490234,-0.029661407694220505,0.5965759754180908,0.5713977217674255,-0.032771771401166896,0.5800071358680725,0.7064683794975282,-0.019790615141391715,0.6040964722633362,0.6543402791023255,-0.030461492016911423,0.6020244717597961,0.67257399559021,-0.02941250316798684,0.5942925453186035,0.6908420205116271,-0.026382035762071543,0.5941809892654419,0.7226744651794434,-0.023855119198560683,0.6152833342552185,0.6812163114547729,-0.02935944534838196,0.6104672193527222,0.6976529955863954,-0.021019022166728924,0.6031175255775452,0.7115987539291383,-0.014018809422850581,0.6069645524024964,0.7403096079826355,-0.027986948564648582,0.6239731073379517,0.7046488642692567,-0.02748967148363586,0.6190478920936584,0.7179767370224,-0.0190492875874042,0.6125933408737183,0.7296186447143556,-0.01249758061021562
0.5752989649772644,0.8066278576850892,1.1421913370668334e-08,0.564582884311676,0.763915765285492,0.00281171770766374,0.5712914109230042,0.7144177794456482,-0.00041765697533265993,0.5855756878852845,0.6788192391395569,-0.00432662852108474,0.5993672251701355,0.6594352126121521,-0.00843802019953722,0.5691365361213685,0.7006099820137024,-0.01455227658152576,0.5826130390167237,0.6406634926795959,-0.02414468340575688,0.5918919920921326,0.6067401766777039,-0.02915413603186604,0.5987667441368103,0.5781000971794129,-0.03214060626924036,0.5810560345649719,0.7132612705230713,-0.019821912795305218,0.6062964797019958,0.6623255133628846,-0.0298887036740779,0.6041288614273072,0.6806861400604248,-0.02838699258863924,0.5960708737373351,0.6980335712432861,-0.02528580166399472,0.5948361992835999,0.7295838952064515,-0.02393086850643154,0.6169941663742066,0.6889587283134461,-0.028847284242510762,0.612074887752533,0.7053929328918458,-0.020200389623641922,0.6044076442718506,0.718743658065796,-0.0132311441004276,0.6071770548820496,0.7472646832466125,-0.028009400144219362,0.6249589562416077,0.7123132348060608,-0.02695362642407414,0.6200185060501099,0.7254869461059571,-0.018224600329995122,0.6132808208465577,0.7366337299346923,-0.01161264516413208
0.5749134182929992,0.8105433583259583,1.2431665297185646e-08,0.5642273306846619,0.7675094485282898,0.00272478889673944,0.5709319472312928,0.7181073069572448,-0.0005124003277160402,0.5855651497840881,0.6829665064811706,-0.00440306607633824,0.5998638510704041,0.6647361159324646,-0.008463273197412441,0.5685914874076844,0.7046399354934693,-0.0145534167066216,0.5819558143615723,0.6447354555130005,-0.0239935908466577,0.5911862850189209,0.6108318924903869,-0.028815496340393983,0.5979804754257202,0.5822688221931458,-0.03167704083025452,0.5805196523666382,0.7174651145935059,-0.01979120336472984,0.6059168219566345,0.6667652845382692,-0.029835334420204085,0.6036327123641968,0.6851174592971803,-0.028289707377552962,0.5953495621681214,0.7024020075798034,-0.02513885460793966,0.5943071126937867,0.7338385701179505,-0.0238706391304731,0.6165695548057557,0.6932914614677429,-0.028881904855370483,0.6116611719131471,0.7095718264579775,-0.020321214944124186,0.603916311264038,0.722748637199402,-0.013365606032311881,0.6066593885421754,0.7513741493225098,-0.027906739339232402,0.6244045734405518,0.7162218570709228,-0.02689906284213062,0.6195128440856934,0.7294656038284303,-0.018164025992155042,0.6127686142921448,0.7407207489013672,-0.011528733372688262
0.5745278716087341,0.8144588589668273,1.3441417223702958e-08,0.5638717770576478,0.7711031317710877,0.0026378600858151403,0.5705724835395813,0.7217968344688415,-0.0006071436800994202,0.5855546116828919,0.6871137738227844,-0.00447950363159174,0.6003604769706726,0.6700370192527771,-0.00848852619528766,0.5680464386940003,0.7086698889732361,-0.01455455683171744,0.5812985897064209,0.6488074183464051,-0.023842498287558522,0.5904805779457093,0.61492360830307,-0.02847685664892192,0.5971942067146302,0.5864375472068788,-0.03121347539126868,0.5799832701683044,0.7216689586639404,-0.019760493934154463,0.6055371642112732,0.6712050557136537,-0.029781965166330263,0.6031365633010864,0.6895487785339356,-0.028192422166466682,0.5946282505989076,0.7067704439163207,-0.024991907551884598,0.5937780261039733,0.7380932450294495,-0.02381040975451466,0.6161449432373047,0.6976241946220398,-0.0289165254682302,0.6112474560737611,0.713750720024109,-0.020442040264606443,0.6034249782562257,0.7267536163330078,-0.013500067964196158,0.606141722202301,0.7554836153984071,-0.027804078534245442,0.6238501906394959,0.7201304793357849,-0.026844499260187102,0.6190071821212768,0.7334442615509034,-0.018103451654314963,0.6122564077377319,0.7448077678680419,-0.011444821581244439
0.5735267758369446,0.8166798472404481,1.839280781013031e-08,0.5626094818115235,0.7737568140029908,0.0019768238460528206,0.5688246488571167,0.7236945033073425,-0.0015685410704463802,0.5838260412216187,0.6887329339981079,-0.005740612931549501,0.5989724755287171,0.672217071056366,-0.00998162273317572,0.5657546281814576,0.7112932682037353,-0.0144672386348247,0.5781930804252625,0.6514721870422364,-0.023955514281988124,0.5870033383369446,0.6173269033432006,-0.0286941241472959,0.5933885455131531,0.5887880444526672,-0.0314835667610168,0.577491843700409,0.7238644957542419,-0.019687353074550582,0.6030003666877747,0.6729285717010499,-0.030365389585494923,0.6010296106338501,0.691667127609253,-0.0292054586112499,0.5925786256790162,0.7092479109764099,-0.026092134788632343,0.5913581371307373,0.73977929353714,-0.02386646419763562,0.6140271663665772,0.698796308040619,-0.02981410324573512,0.6095020294189454,0.7155568599700928,-0.02171398587524888,0.6016059875488282,0.7286913990974427,-0.014746678248047778,0.6040650248527527,0.7566080212593079,-0.028026156127452802,0.6221618413925171,0.7203613638877869,-0.027721306309103924,0.6176505327224732,0.7344057559967041,-0.01920387521386144,0.6108046650886536,0.7461750626564027,-0.01255984138697382
0.5721810936927796,0.8175338864326478,2.4239767082434582e-08,0.5607426166534424,0.7752401590347291,0.0015061381665872804,0.5660217165946961,0.7241755723953247,-0.0023371005663648005,0.5805391073226929,0.6881048083305359,-0.006797080859541841,0.5954845428466797,0.6707717061042786,-0.011295041907578681,0.5620584011077882,0.7123735070228576,-0.01438443008810276,0.57316232919693,0.6526517152786256,-0.023928626999258965,0.5813079714775086,0.6183981657028199,-0.02869431972503656,0.5871037125587464,0.5897181987762452,-0.031548326089978165,0.5738722681999207,0.7243009805679321,-0.019789747521281202,0.5987440347671509,0.6722337007522584,-0.030928219854831643,0.5973111510276794,0.6914647340774536,-0.03008383661508556,0.5890304446220398,0.7095152854919434,-0.02707449533045286,0.5879979491233827,0.739604151248932,-0.024238143116235702,0.6103613376617432,0.6977371454238893,-0.03083151727914806,0.6063361048698426,0.7154911637306213,-0.02291269190609452,0.5985211491584778,0.7289841413497926,-0.015902183204889238,0.6012277007102966,0.755938720703125,-0.028699134290218302,0.6190130949020386,0.7184985518455507,-0.0289728451520204,0.6149417519569398,0.7336193919181824,-0.020559606701135602,0.6082277774810791,0.7460184931755067,-0.01390783246606584
0.5708354115486145,0.8183879256248474,3.0086726354738856e-08,0.5588757514953613,0.7767235040664673,0.0010354524871217404,0.5632187843322755,0.7246566414833069,-0.00310566006228322,0.5772521734237671,0.6874766826629639,-0.00785354878753418,0.5919966101646423,0.6693263411521913,-0.012608461081981642,0.5583621740341187,0.71345374584198,-0.01430162154138082,0.5681315779685975,0.6538312435150148,-0.023901739716529802,0.5756126046180725,0.619469428062439,-0.02869451530277722,0.5808188796043396,0.590648353099823,-0.03161308541893952,0.5702526926994325,0.7247374653816223,-0.01989214196801182,0.5944877028465271,0.6715388298034669,-0.03149105012416836,0.5935926914215087,0.6912623405456544,-0.03096221461892122,0.5854822635650635,0.7097826600074768,-0.02805685587227338,0.5846377611160278,0.7394290089607238,-0.024609822034835784,0.6066955089569092,0.6966779828071595,-0.031848931312561,0.6031701803207398,0.7154254674911499,-0.02411139793694016,0.5954363107681274,0.7292768836021424,-0.0170576881617307,0.5983903765678407,0.7552694201469421,-0.029372112452983802,0.6158643484115601,0.7166357398033143,-0.030224383994936883,0.6122329711914063,0.7328330278396608,-0.02191533818840976,0.6056508898735047,0.7458619236946107,-0.015255823545157862
0.5694273591041565,0.8185078978538514,2.995384207338248e-08,0.5565773963928223,0.7777118682861328,0.0012342302521573803,0.5596537828445435,0.7253963828086853,-0.0028603875311091,0.5728462219238282,0.6877956390380859,-0.007656371872872061,0.5872157692909241,0.6692273736000062,-0.012494194693863361,0.5543437719345092,0.714165210723877,-0.013780467584729141,0.5628567934036255,0.6545022010803223,-0.02319177649915212,0.5693246483802796,0.6200098633766175,-0.02787718363106244,0.5736088752746582,0.5910029649734497,-0.03079080618917936,0.5663409948349,0.724554467201233,-0.01960438974201676,0.5895415544509888,0.6703873991966248,-0.0310716554522514,0.5894172787666321,0.6905308604240418,-0.030558080226182886,0.5818532466888428,0.709471070766449,-0.027731219679117142,0.5810158610343934,0.7382734179496766,-0.024584159255027743,0.6022263288497925,0.6943341374397278,-0.03190354816615578,0.5993854045867919,0.7138461112976073,-0.024235207214951482,0.5919947385787965,0.7282275199890137,-0.01725152470171446,0.5952615141868591,0.7533015012741089,-0.029590414837002706,0.6119066953659058,0.7132337450981141,-0.03061634488403792,0.6088553071022034,0.7301674127578737,-0.0223636250942945,0.6026013255119325,0.7439092159271241,-0.01576542872935528
0.5677725315093994,0.818845796585083,2.8445467492588253e-08,0.5538613915443421,0.7792242527008058,0.0017273077901336002,0.5553703904151917,0.7268420338630677,-0.002234779406990079,0.5673974394798279,0.6886097669601441,-0.00702813379466528,0.5811309218406677,0.6691608548164368,-0.0119414700195193,0.5495012640953064,0.7155046820640564,-0.013350877538323341,0.556350827217102,0.6553346633911132,-0.02250633463263504,0.5615873813629151,0.6205503106117249,-0.026988087967038103,0.5647225618362427,0.5912514567375182,-0.02983541823923582,0.5616546750068665,0.7244886040687561,-0.01949833035469052,0.5834291338920594,0.6689502000808716,-0.030633307620882958,0.5842469453811645,0.6894623994827271,-0.0299481332302093,0.5772913098335266,0.7088310122489929,-0.02715452127158636,0.5766930937767029,0.7368462800979615,-0.024788590520620324,0.596790862083435,0.6915908932685852,-0.031969841569662066,0.5948149681091308,0.7117496490478515,-0.024227598682045902,0.587823748588562,0.7266746640205384,-0.017320079728960942,0.5914384841918946,0.7507941126823426,-0.030065038800239526,0.607007873058319,0.7091764092445374,-0.03110361546277996,0.6046740055084229,0.7267983317375184,-0.022816920280456503,0.5987950205802918,0.7413317441940308,-0.0162719694897532
0.5663126707077026,0.8183617949485779,2.438806170346197e-08,0.5517035961151123,0.779278564453125,0.0023738597752526,0.5521883845329285,0.7272449374198913,-0.0013664911579325783,0.5633642792701721,0.688879406452179,-0.006012139841914121,0.576454496383667,0.6689646482467652,-0.010860668495297399,0.5459786653518677,0.7160087585449219,-0.013294336944818422,0.5515252590179444,0.6552991032600404,-0.0221278488636016,0.5558393597602844,0.6203725218772889,-0.026371332630515065,0.5580917954444885,0.590870237350464,-0.02913473658263676,0.5583781003952026,0.7242543339729308,-0.019688624888658482,0.5787652730941772,0.6676592707633973,-0.030232157558202723,0.580114197731018,0.6882997989654542,-0.02916674688458438,0.5735756874084472,0.7078844428062439,-0.026364306733012162,0.5737283229827881,0.7359051823616028,-0.02515052929520604,0.5927003860473633,0.6894394040107729,-0.03185446783900259,0.5912574172019959,0.7095815896987915,-0.023903009295463525,0.5846253395080566,0.7248874187469483,-0.01709994152188296,0.5887842535972595,0.7492889404296875,-0.030545077472925144,0.603232491016388,0.7063478708267213,-0.03134230636060234,0.6012774705886841,0.7239674448966981,-0.022941331565380065,0.5956984281539917,0.7390454888343813,-0.01645431816577908
0.5651683807373047,0.8183187007904053,2.138725214706483e-08,0.5500168800354004,0.7794021248817444,0.0027078069979324603,0.5499294757843018,0.7279306054115295,-0.0007465643420800783,0.5606410026550293,0.6898842334747315,-0.0051622177008539,0.5733887672424316,0.6701141238212587,-0.00978879183530804,0.5437742710113527,0.7163350224494934,-0.012827567569911422,0.5485191702842713,0.6553322196006776,-0.02134432159364216,0.5520941615104675,0.6201892733573914,-0.025356201082468006,0.5537210822105408,0.5905880689620973,-0.02796734645962708,0.5563212752342225,0.7242058873176574,-0.01922592669725414,0.575512170791626,0.6667328357696534,-0.02942799776792522,0.5770613074302673,0.6872601866722108,-0.02824776396155354,0.5710497856140136,0.7069869995117188,-0.025404193624854066,0.5718061685562135,0.7352759838104249,-0.024655459821224184,0.5897524118423463,0.68800185918808,-0.031068633869290325,0.5885091185569764,0.7077348470687866,-0.02319016978144642,0.5822086095809936,0.7230855822563172,-0.01647993549704546,0.5869138717651368,0.7481430172920228,-0.029989483579993204,0.6005099534988403,0.704386365413666,-0.03049821928143498,0.5987530946731567,0.7214708447456362,-0.022077398374676684,0.5934099793434143,0.7366977334022523,-0.015600333735346762
0.5640240907669067,0.8182756066322326,1.8386442590667684e-08,0.5483301639556886,0.7795256853103638,0.0030417542206123203,0.5476705670356751,0.7286162734031677,-0.00012663752622757811,0.5579177260398864,0.6908890604972839,-0.004312295559793681,0.5703230381011963,0.6712635993957521,-0.00871691517531868,0.5415698766708374,0.716661286354065,-0.012360798195004422,0.5455130815505982,0.6553653359413147,-0.020560794323682723,0.5483489632606506,0.6200060248374939,-0.024341069534420938,0.5493503689765931,0.5903059005737304,-0.0267999563366174,0.5542644500732422,0.724157440662384,-0.0187632285058498,0.5722590684890747,0.6658064007759095,-0.02862383797764772,0.5740084171295166,0.6862205743789673,-0.027328781038522702,0.5685238838195801,0.7060895562171937,-0.02444408051669596,0.5698840141296386,0.7346467852592469,-0.024160390347242322,0.5868044376373291,0.6865643143653871,-0.03028279989957806,0.5857608199119568,0.7058881044387818,-0.022477330267429322,0.5797918796539306,0.7212837457656861,-0.015859929472207962,0.5850434899330139,0.746997094154358,-0.029433889687061263,0.5977874159812928,0.7024248600006104,-0.02965413220226762,0.5962287187576294,0.7189742445945742,-0.021213465183973303,0.591121530532837,0.7343499779701234,-0.014746349304914443
0.5635152578353881,0.8189102172851562,1.7741574254159787e-08,0.5475592732429504,0.7800518035888673,0.00332570108585056,0.5468886494636536,0.7291429758071899,0.00019590416141000185,0.5568704366683961,0.6909507513046265,-0.00399328032508488,0.568986189365387,0.6705392122268677,-0.00842302199453112,0.5407668590545655,0.7170005321502686,-0.01236445903778072,0.5445298194885254,0.6552425146102906,-0.020612764358520462,0.5472357034683228,0.6196707487106323,-0.02445885837078092,0.5481852650642395,0.5898716688156128,-0.026940508931875162,0.5536384582519531,0.7242984652519227,-0.01881714984774586,0.5712544560432433,0.6655227422714234,-0.0286204926669597,0.5729159593582153,0.6858546018600464,-0.027283486723899825,0.5675352215766907,0.7056766390800477,-0.024406740069389324,0.5693471431732178,0.7344685316085815,-0.02421311661601062,0.5859102964401245,0.6860774517059327,-0.030112899094819984,0.5848649501800537,0.705233895778656,-0.022134733572602244,0.5790235280990601,0.720657205581665,-0.015473049320280482,0.5843876600265503,0.7465728521347046,-0.029474911466240844,0.5968940615653993,0.7018215417861938,-0.029395710304379423,0.5952988982200623,0.718230950832367,-0.0207601673901081,0.5902593731880188,0.7336830496788026,-0.014193438366055461
0.5633656620979309,0.8192298531532287,2.016387590231261e-08,0.5475946068763733,0.7795056700706482,0.0029790478758513605,0.5474487185478211,0.7282064199447632,-0.0003579645107492791,0.5578569769859314,0.6899795532226562,-0.004674508981406641,0.5700495600700379,0.669596803188324,-0.00918772052973504,0.5415887832641602,0.7163808226585389,-0.012739379517734023,0.5461900472640991,0.6550182580947876,-0.02127731479704376,0.5493144512176513,0.6196569919586182,-0.02545625306665894,0.5506219983100892,0.5897987604141235,-0.028173965960740982,0.5545663595199585,0.7243358373641968,-0.01907372623682018,0.5728459239006043,0.665815830230713,-0.0291848357766866,0.5740271925926209,0.6863067865371704,-0.028025043010711643,0.5683370709419251,0.7061315536499024,-0.025245312973856904,0.5701770067214966,0.7349999070167541,-0.02437320351600642,0.5871063113212586,0.6867660641670228,-0.03036351352930064,0.5857215285301208,0.7059994578361511,-0.0223675854504108,0.5797452211380005,0.7214550137519836,-0.01569622997194522,0.5850472569465637,0.7475743770599366,-0.02959670610725876,0.5980321168899536,0.7033412098884583,-0.02952445484697814,0.5960588693618775,0.7197762846946716,-0.0209021210670471,0.5907490134239197,0.7351708412170411,-0.014352263510227161
0.5632160663604736,0.8195494890213013,2.258617755046544e-08,0.5476299405097962,0.7789595365524291,0.0026323946658521604,0.5480087876319886,0.7272698640823365,-0.0009118331829085601,0.5588435173034668,0.6890083551406861,-0.005355737637728401,0.5711129307746887,0.6686543941497803,-0.009952419064938961,0.542410707473755,0.7157611131668091,-0.013114299997687321,0.5478502750396729,0.6547940015792847,-0.02194186523556706,0.55139319896698,0.619643235206604,-0.02645364776253696,0.5530587315559388,0.5897258520126343,-0.029407422989606795,0.5554942607879638,0.7243732094764709,-0.019330302625894503,0.5744373917579652,0.6661089181900025,-0.0297491788864135,0.5751384258270265,0.6867589712142943,-0.028766599297523465,0.5691389203071594,0.7065864682197571,-0.026083885878324484,0.5710068702697754,0.7355312824249268,-0.02453329041600222,0.5883023262023925,0.6874546766281129,-0.030614127963781296,0.586578106880188,0.7067650198936462,-0.02260043732821936,0.580466914176941,0.7222528219223022,-0.01591941062360996,0.5857068538665772,0.7485759019851685,-0.02971850074827668,0.5991701722145081,0.7048608779907226,-0.029653199389576862,0.5968188405036926,0.7213216185569764,-0.0210440747439861,0.5912386536598206,0.7366586327552797,-0.014511088654398862
0.563642954826355,0.8191248059272767,2.6925061291649403e-08,0.5490034341812134,0.7778968334197999,0.00207549922633912,0.5506459593772888,0.7254345655441284,-0.0019289164571091,0.5623106598854066,0.6867832660675051,-0.00669354558922344,0.5746272444725037,0.6657121896743775,-0.011568308807909421,0.5444147825241089,0.7153748154640198,-0.01429371777921912,0.5513281345367432,0.6547755718231203,-0.023548994585871664,0.5559154629707337,0.6199593424797059,-0.02830970659852024,0.5584524750709534,0.5900378227233887,-0.0314290408045053,0.5572727680206299,0.7248498916625976,-0.020365567505359602,0.5782355546951294,0.668000102043152,-0.03113540858030312,0.5787773251533509,0.6887584209442138,-0.030123402923345526,0.5722150564193725,0.7082832813262939,-0.0275071386247873,0.5725922465324402,0.7368863821029663,-0.025454186275601344,0.591464114189148,0.6900431990623475,-0.0317119855433702,0.5894889831542969,0.7095336198806763,-0.02351262122392648,0.5829033374786377,0.7247792840003968,-0.01681236308068032,0.5871261358261108,0.7506088733673096,-0.03059429377317426,0.6019876718521119,0.7083259582519531,-0.030643770098686164,0.599393367767334,0.7249920248985291,-0.022053070366382557,0.5933725237846376,0.7398968815803529,-0.015627501159906323
0.5640698432922363,0.818700122833252,3.1263945032833366e-08,0.5503769278526306,0.7768341302871705,0.00151860378682608,0.5532831311225891,0.7235992670059205,-0.00294599973130964,0.5657778024673463,0.6845581769943239,-0.00803135354071848,0.5781415581703186,0.6627699851989747,-0.013184198550879881,0.5464188575744628,0.7149885177612305,-0.01547313556075092,0.5548059940338135,0.6547571420669556,-0.025156123936176264,0.5604377269744873,0.6202754497528076,-0.03016576543450352,0.5638462185859681,0.5903497934341431,-0.0334506586194038,0.5590512752532959,0.7253265738487243,-0.0214008323848247,0.5820337176322938,0.6698912858963013,-0.032521638274192737,0.5824162244796753,0.6907578706741333,-0.03148020654916758,0.5752911925315858,0.7099800944328307,-0.02893039137125012,0.574177622795105,0.7382414817810059,-0.026375082135200463,0.5946259021759033,0.692631721496582,-0.0328098431229591,0.5923998594284058,0.7123022198677064,-0.024424805119633602,0.5853397607803345,0.7273057460784913,-0.01770531553775068,0.5885454177856445,0.7526418447494508,-0.03147008679807184,0.6048051714897156,0.7117910385131836,-0.031634340807795466,0.6019678950309754,0.7286624312400818,-0.023062065988779017,0.5955063939094544,0.7431351304054261,-0.016743913665413782
0.5645471692085267,0.8179437279701234,3.792733238583424e-08,0.5521999478340149,0.7751395583152773,0.00111299837008114,0.5566344618797302,0.7220738291740417,-0.0036443044431507003,0.5703247904777526,0.6837848782539369,-0.00888451691716902,0.582883894443512,0.6623751163482666,-0.014146576635539462,0.5495709776878357,0.7143834352493287,-0.016452493891119902,0.5597161650657654,0.655049180984497,-0.026471713185310324,0.5665836572647096,0.6210819721221924,-0.031728036701679195,0.5708898901939392,0.5913638114929199,-0.035154702514409976,0.5618224501609802,0.7258802890777587,-0.022221963107585865,0.5868021726608277,0.6721699237823486,-0.03357513174414628,0.5868331551551819,0.692940628528595,-0.03251640200614925,0.5790665149688721,0.7117551803588867,-0.0299928121268749,0.5765551686286926,0.7400276541709899,-0.027046435698866802,0.5986328601837159,0.6961253166198731,-0.03364362716674802,0.5959228277206421,0.7155652284622193,-0.0252650968730449,0.5882946372032165,0.730070424079895,-0.0185748670250177,0.5905911922454834,0.755460810661316,-0.03202278688549994,0.6082937836647034,0.7163986206054688,-0.032264344394206945,0.6051112174987794,0.7329368591308594,-0.02376949414610858,0.5981642365455628,0.7466065287590028,-0.0175423461943864
0.5655594587326049,0.8171890377998352,4.296780424795089e-08,0.5543677806854248,0.7743645548820497,0.00128833679482336,0.559995174407959,0.7221651315689086,-0.0033478862373157803,0.5743609309196472,0.6851945161819458,-0.00846967948600642,0.5870681524276733,0.664277446269989,-0.013612936809658943,0.553222393989563,0.7137473583221436,-0.01652969680726522,0.5649912118911744,0.6552435517311097,-0.026617954298853823,0.5730757355690004,0.6218517065048217,-0.0318925932049751,0.5784545183181763,0.5927915811538695,-0.03525097519159314,0.5649094343185425,0.7261604189872742,-0.022191367298364604,0.59160475730896,0.6745373010635376,-0.033443316072225504,0.5913655757904054,0.6947829484939576,-0.03226685002446171,0.583275043964386,0.7127030372619629,-0.02967016287147996,0.5791103601455688,0.7412423968315125,-0.026879490539431526,0.6026674509048462,0.6996749758720398,-0.033374197036027876,0.599533486366272,0.7185791492462159,-0.02497407421469682,0.5915642738342285,0.7323326587677002,-0.01826185099780556,0.5925569534301758,0.7574285268783569,-0.03168666958808897,0.6116018772125245,0.7204560518264771,-0.03180893100798124,0.6081515908241272,0.7363881945610047,-0.02330804131925102,0.6009314894676209,0.7490875124931337,-0.017060489393770622
0.5665717482566834,0.8164343476295471,4.800827611006754e-08,0.5565356135368348,0.7735895514488221,0.0014636752195655801,0.5633558869361878,0.7222564339637756,-0.0030514680314808603,0.5783970713615417,0.6866041541099548,-0.00805484205484382,0.5912524104118347,0.6661797761917114,-0.01307929698377842,0.5568738102912902,0.7131112813949585,-0.01660689972341054,0.5702662587165832,0.6554379224777223,-0.026764195412397322,0.579567813873291,0.6226214408874512,-0.032057149708271,0.5860191464424134,0.5942193508148194,-0.0353472478687763,0.5679964184761047,0.7264405488967896,-0.022160771489143343,0.5964073419570923,0.6769046783447267,-0.03331150040030472,0.5958979964256287,0.6966252684593202,-0.03201729804277416,0.5874835729599,0.7136508941650391,-0.029347513616085022,0.581665551662445,0.742457139492035,-0.02671254537999624,0.6067020416259766,0.7032246351242066,-0.03310476690530774,0.6031441450119018,0.7215930700302126,-0.024683051556348742,0.5948339104652405,0.7345948934555054,-0.017948834970593422,0.5945227146148682,0.759396243095398,-0.031350552290677985,0.6149099707603455,0.7245134830474853,-0.03135351762175554,0.6111919641494751,0.7398395299911499,-0.02284658849239346,0.603698742389679,0.7515684962272645,-0.01657863259315484
0.5677647233009339,0.8162528872489929,4.90756143278759e-08,0.5582296371459962,0.773640525341034,0.0018773151794448002,0.5655162453651429,0.7236737251281739,-0.00229341471567746,0.5807687640190125,0.6895619750022889,-0.0069510065950452405,0.5936607003211976,0.6698918819427491,-0.01167050004005426,0.5603352546691894,0.7128468990325927,-0.01638209410011762,0.5750225901603698,0.655821192264557,-0.026397653669118823,0.5850031971931458,0.6235058426856994,-0.03167378865182396,0.5921054601669311,0.5956666707992554,-0.03491941168904302,0.5713724732398987,0.7267779111862183,-0.021815536171197865,0.5999192476272583,0.677958393096924,-0.032564541324973044,0.5987868309020996,0.6967566967010498,-0.031129048019647564,0.5904152035713196,0.713026237487793,-0.028384701162576638,0.584671413898468,0.7433494567871095,-0.0261753693222999,0.609837019443512,0.7048580169677735,-0.03209699355065818,0.6057042956352234,0.7224384307861329,-0.02356192171573634,0.5974830627441406,0.7352029442787171,-0.01678515095263716,0.5969366431236267,0.7607682228088379,-0.030582386627793265,0.6175162434577942,0.7267875790596008,-0.03027553483843798,0.6133035063743592,0.7413209676742554,-0.02170177996158596,0.6058338761329651,0.7526602506637574,-0.01535947974771256
0.5689576983451844,0.8160714268684387,5.0142952545684246e-08,0.5599236607551575,0.7736914992332459,0.00229095513932402,0.5676766037940979,0.725091016292572,-0.00153536139987406,0.5831404566764832,0.6925197958946229,-0.005847171135246661,0.5960689902305604,0.6736039876937866,-0.0102617030963301,0.5637966990470886,0.7125825166702271,-0.0161572884768247,0.5797789216041564,0.6562044620513917,-0.026031111925840317,0.5904385805130006,0.6243902444839478,-0.031290427595376924,0.5981917738914491,0.5971139907836914,-0.03449157550930974,0.5747485280036926,0.727115273475647,-0.021470300853252376,0.6034311532974244,0.6790121078491211,-0.03181758224964136,0.6016756653785705,0.6968881249427795,-0.030240797996520963,0.5933468341827393,0.7124015808105468,-0.02742188870906826,0.587677276134491,0.744241774082184,-0.025638193264603565,0.6129719972610475,0.7064913988113404,-0.031089220196008623,0.6082644462585449,0.7232837915420532,-0.02244079187512394,0.6001322150230408,0.7358109951019288,-0.015621466934680901,0.5993505716323853,0.7621402025222779,-0.029814220964908544,0.6201225161552429,0.7290616750717163,-0.029197552055120417,0.6154150485992432,0.7428024053573609,-0.02055697143077846,0.6079690098762512,0.7537520051002503,-0.014140326902270281
0.5702502250671386,0.8157470107078553,4.6362337258187845e-08,0.5611509203910827,0.774035406112671,0.00271478025242682,0.5687534213066101,0.7263463616371155,-0.0006491372361779001,0.5841653466224671,0.6948914766311646,-0.0044866454787551606,0.5972737789154052,0.6768662095069885,-0.00846676956862204,0.5662514209747315,0.7122317075729371,-0.01580112539231772,0.5828503131866456,0.6558055758476258,-0.025255775451660103,0.5937949180603028,0.6242705225944518,-0.030097782984375904,0.6019611358642578,0.5973764777183532,-0.03297293111681934,0.5773037552833558,0.7267630577087403,-0.0209566298872232,0.6058414578437805,0.678906786441803,-0.030750426650047243,0.6034189462661743,0.6962498784065246,-0.02876750454306598,0.5951108694076538,0.7114364981651307,-0.025644599646329844,0.5900230884552002,0.7440095067024232,-0.024910352379083584,0.6151687026023865,0.7067123651504517,-0.02991857267916196,0.6099862456321716,0.7229787230491639,-0.02114947512745852,0.6019746899604798,0.7354052424430848,-0.01424434334039684,0.6012708902359009,0.7620785236358643,-0.028804161399602825,0.6217665195465087,0.7295482397079467,-0.02786817662417884,0.6167263746261598,0.7427742123603821,-0.01913911849260326,0.6093993663787842,0.7535841107368471,-0.012636395916342701
0.5709107041358947,0.8150307893753053,4.1983773257925355e-08,0.5615968942642212,0.7733423471450807,0.00273260362446304,0.5693634510040283,0.7258734464645387,-0.0005375374923460002,0.5850118637084961,0.6944483280181886,-0.00421860190108412,0.5984237432479859,0.6771415948867798,-0.008045273274183199,0.567105495929718,0.7116978526115418,-0.01590191479772324,0.5837925910949707,0.6548978328704834,-0.025100380927324244,0.5947636842727662,0.6230879545211793,-0.029649379104375782,0.6029756903648377,0.5959339022636413,-0.0323233656585216,0.5783966541290283,0.7260001301765442,-0.02093201279640194,0.6064306259155274,0.6781368613243103,-0.03046790622174734,0.6036962628364563,0.695276176929474,-0.028359542787075,0.5953351855278015,0.7104389190673828,-0.02513349205255504,0.5912820339202881,0.7430996298789978,-0.02471447885036464,0.6158618688583374,0.7057533383369446,-0.0295699063688516,0.6105872511863709,0.7217786431312562,-0.02082470729947086,0.6026936054229737,0.7341158151626587,-0.0139227600768208,0.602609121799469,0.7609759449958802,-0.028401872143149324,0.6223999619483948,0.728205382823944,-0.02729986421763892,0.6172689437866211,0.7413553953170777,-0.01849911324679846,0.610140872001648,0.7521811723709108,-0.011944329179823361
0.571571183204651,0.8143145680427551,3.760520925766287e-08,0.5620428681373596,0.7726492881774902,0.00275042699649926,0.5699734807014465,0.7254005312919617,-0.0004259377485141001,0.5858583807945251,0.6940051794052126,-0.00395055832341308,0.5995737075805664,0.677416980266571,-0.007623776979744361,0.5679595708847046,0.7111639976501466,-0.01600270420312876,0.584734869003296,0.6539900898933411,-0.02494498640298838,0.5957324504852295,0.6219053864479065,-0.029200975224375664,0.6039902448654175,0.5944913268089295,-0.03167380020022386,0.579489552974701,0.7252372026443481,-0.02090739570558068,0.6070197939872741,0.6773669362068176,-0.03018538579344744,0.6039735794067383,0.6943024754524232,-0.02795158103108402,0.5955595016479492,0.7094413399696351,-0.02462238445878024,0.592540979385376,0.7421897530555726,-0.024518605321645702,0.6165550351142883,0.7047943115234375,-0.02922124005854124,0.6111882567405701,0.7205785632133485,-0.020499939471483198,0.6034125208854676,0.7328263878822328,-0.013601176813244761,0.6039473533630371,0.7598733663558961,-0.027999582886695823,0.6230334043502808,0.7268625259399414,-0.026731551811099,0.6178115129470825,0.7399365782737732,-0.017859108000993662,0.6108823776245117,0.7507782340049745,-0.01125226244330402
0.571348261833191,0.8123364925384522,3.4084397526612526e-08,0.5618321299552917,0.7705122351646423,0.00266229617409404,0.569810950756073,0.7227596759796143,-0.0005422090645879201,0.5858168244361878,0.6910019636154177,-0.00410057362169022,0.5998020648956299,0.6752026081085205,-0.0077868523076176,0.5673969149589538,0.7091187119483948,-0.01588495001196856,0.583544397354126,0.6517558813095092,-0.024795561283826782,0.594399917125702,0.6195168256759644,-0.028960576653480483,0.6024765253067017,0.5919814705848694,-0.03137563131749624,0.5786467075347901,0.7230852842330933,-0.020827981457114182,0.606163215637207,0.6755865812301636,-0.03024495914578432,0.6033700823783875,0.6929376244544982,-0.0281510185450315,0.5948164343833924,0.708033275604248,-0.02485971935093398,0.591748583316803,0.7399729013442993,-0.0244947429746389,0.6157490253448487,0.7029427766799927,-0.02955472506582732,0.6106605410575867,0.7189544081687929,-0.021109375730156858,0.602823293209076,0.7307600975036621,-0.01429298799484962,0.6034768581390381,0.7575518250465394,-0.02799306698143478,0.6225049614906312,0.7242274045944214,-0.02705099582672114,0.6174439787864685,0.7378249168395996,-0.01831235326826566,0.610459554195404,0.7485377788543702,-0.011741888895630779
0.571125340461731,0.8103584170341492,3.0563585795562175e-08,0.5616213917732239,0.7683751821517946,0.00257416535168882,0.5696484208106994,0.7201188206672668,-0.0006584803806617401,0.5857752680778504,0.6879987478256226,-0.0042505889199673606,0.6000304222106934,0.67298823595047,-0.00794992763549084,0.5668342590332031,0.707073426246643,-0.01576719582080836,0.582353925704956,0.6495216727256774,-0.02464613616466518,0.5930673837661744,0.6171282649040222,-0.028720178082585306,0.6009628057479859,0.5894716143608094,-0.03107746243476862,0.5778038620948791,0.7209333658218384,-0.02074856720864768,0.6053066372871398,0.6738062262535095,-0.030304532498121203,0.6027665853500367,0.6915727734565735,-0.028350456058978984,0.5940733671188355,0.7066252112388611,-0.02509705424308772,0.5909561872482301,0.7377560496330262,-0.0244708806276321,0.614943015575409,0.7010912418365478,-0.029888210073113403,0.6101328253746032,0.7173302531242371,-0.02171881198883052,0.6022340655326843,0.7286938071250915,-0.01498479917645448,0.6030063629150391,0.7552302837371827,-0.02798655107617374,0.6219765186309816,0.7215922832489013,-0.027370439842343282,0.6170764446258545,0.7357132554054261,-0.01876559853553766,0.6100367307662964,0.746297323703766,-0.01223151534795754
0.5705755949020386,0.808580756187439,3.091008196065559e-08,0.5606896281242371,0.7667713761329651,0.0020533947856165003,0.568416166305542,0.7175084471702576,-0.00143022246193134,0.5843409776687623,0.6841813564300537,-0.005306098423898161,0.5986898183822632,0.6687777161598205,-0.00924476627260442,0.5647101521492005,0.7054443597793579,-0.01533794552087778,0.5791790962219239,0.6478430151939392,-0.02429846934974188,0.5895130753517152,0.6151196002960205,-0.028452375903725586,0.5970007658004761,0.5872745275497437,-0.03089298009872432,0.5755819916725159,0.7187381029129029,-0.020397699251770943,0.6023685812950135,0.6707417130470277,-0.030450258404016443,0.6006021976470948,0.6888106942176819,-0.029047583416104264,0.5921550035476685,0.7041255950927735,-0.02603245563805098,0.5890133142471314,0.7350315093994141,-0.02428696155548092,0.6125692009925843,0.6975059270858766,-0.03031174838542934,0.6083632707595825,0.7144235968589784,-0.022496211156249,0.6005385637283326,0.7258591890335082,-0.01582426056265826,0.6016433000564576,0.7520800590515138,-0.02801808677613732,0.620456874370575,0.7173377513885498,-0.0280019730329513,0.615912938117981,0.7322859525680542,-0.01965760886669152,0.6088708877563477,0.743233072757721,-0.013202886283397601
0.5696368098258973,0.8071816682815552,3.039833629259192e-08,0.5592321038246154,0.7658303260803223,0.0019608548493124,0.566146194934845,0.7156426191329956,-0.00146501803537824,0.5814271926879884,0.6812361478805542,-0.00531305540353054,0.5954431056976319,0.6650210618972778,-0.0092050227336585,0.5619857311248779,0.7039198517799378,-0.014590123854577478,0.5749833822250366,0.6461658954620362,-0.023448344692587803,0.5845883011817932,0.6131104111671448,-0.027615129947662326,0.5913977384567262,0.5850947022438049,-0.030113610252737958,0.5729367136955261,0.7164742231369019,-0.019783641770482023,0.5984801650047302,0.6671861052513123,-0.02982963919639582,0.5975333094596863,0.6856749415397645,-0.02860021591186518,0.589629340171814,0.7013837933540344,-0.02569993510842318,0.5866232991218567,0.7322226762771608,-0.023885738104581798,0.6093498110771179,0.6931491613388062,-0.030093914642929983,0.6058349728584289,0.7106119990348817,-0.0223984625190496,0.5982729315757751,0.7223774790763855,-0.01577191129326816,0.5997140526771546,0.7490408062934876,-0.02785043679177758,0.6179273724555969,0.7128833293914796,-0.02818428315222258,0.6139073252677918,0.7284717440605164,-0.01997824572026724,0.6070703864097595,0.7399239897727967,-0.013582065515220102
0.5686980247497558,0.8057825803756714,2.9886590624528254e-08,0.5577745795249939,0.7648892760276795,0.0018683149130082999,0.5638762235641479,0.7137767910957336,-0.00149981360882514,0.5785134077072144,0.6782909393310548,-0.0053200123831629205,0.5921963930130005,0.6612644076347352,-0.009165279194712581,0.5592613101005555,0.7023953437805176,-0.01384230218827718,0.5707876682281494,0.6444887757301331,-0.02259822003543372,0.5796635270118714,0.6111012220382691,-0.026777883991599066,0.5857947111129761,0.5829148769378663,-0.0293342404067516,0.5702914357185365,0.714210343360901,-0.0191695842891931,0.5945917487144471,0.663630497455597,-0.029209019988775203,0.5944644212722778,0.682539188861847,-0.0281528484076261,0.5871036767959595,0.6986419916152955,-0.02536741457879538,0.584233283996582,0.7294138431549073,-0.023484514653682682,0.6061304211616516,0.6887923955917359,-0.029876080900430625,0.6033066749572754,0.706800401210785,-0.0223007138818502,0.5960072994232178,0.7188957691192628,-0.015719562023878062,0.5977848052978516,0.7460015535354615,-0.027682786807417842,0.6153978705406189,0.7084289073944092,-0.02836659327149386,0.6119017124176025,0.7246575355529785,-0.020298882573842963,0.6052698850631715,0.7366149067878722,-0.0139612447470426
0.5685083746910096,0.8064698934555055,2.6197746016975995e-08,0.5562764525413514,0.766308331489563,0.0020693096914328,0.5610339879989624,0.7146516561508178,-0.0010760263656265602,0.5747954845428467,0.6777665495872498,-0.004692257335409481,0.5881413459777832,0.6594033598899842,-0.00837038625031704,0.5564575195312501,0.7027981758117676,-0.013360779918730201,0.5666747927665711,0.6439511179924011,-0.021965031698346082,0.5746358752250672,0.6097710132598877,-0.026103558763861626,0.5799574017524719,0.5809925913810731,-0.02867212779819962,0.5681703805923463,0.7133075714111329,-0.01870471797883506,0.5905787825584412,0.6605129718780518,-0.028363215923309284,0.590896475315094,0.679736328125,-0.027128383517265278,0.5840811491012573,0.6967426419258118,-0.02428165711462492,0.5826128959655761,0.7274317622184755,-0.02304924279451366,0.6028804779052734,0.6847760915756226,-0.029140196368098205,0.6005193352699281,0.7032386302947999,-0.02137481085956092,0.5936540246009827,0.7163408279418946,-0.014729252830147702,0.5964459300041199,0.7432409644126893,-0.027280275896191582,0.6126508474349976,0.7040654301643372,-0.02787444852292532,0.609532356262207,0.7206331968307496,-0.019727402552962264,0.6033556461334229,0.7334447979927063,-0.013345306552946521
0.5683187246322632,0.8071572065353394,2.2508901409423743e-08,0.5547783255577088,0.7677273869514465,0.0022703044698573,0.5581917524337769,0.7155265212059021,-0.0006522391224279803,0.571077561378479,0.6772421598434448,-0.004064502287656041,0.5840862989425659,0.6575423121452332,-0.0075754933059215,0.5536537289619446,0.7032010078430176,-0.012879257649183221,0.5625619173049927,0.6434134602546693,-0.02133184336125844,0.569608223438263,0.6084408044815064,-0.025429233536124186,0.5741200923919678,0.5790703058242798,-0.02801001518964764,0.566049325466156,0.7124047994613648,-0.018239851668477018,0.5865658164024353,0.6573954463005065,-0.027517411857843364,0.5873285293579101,0.6769334673881531,-0.026103918626904463,0.5810586214065552,0.6948432922363281,-0.02319589965045446,0.5809925079345704,0.7254496812820436,-0.02261397093534464,0.5996305346488953,0.6807597875595093,-0.028404311835765784,0.5977319955825806,0.6996768593788147,-0.02044890783727164,0.5913007497787476,0.7137858867645264,-0.013738943636417342,0.5951070547103882,0.7404803752899171,-0.026877764984965323,0.6099038243293763,0.6997019529342652,-0.02738230377435678,0.6071630001068116,0.7166088581085206,-0.01915592253208156,0.6014414072036743,0.7302746891975402,-0.012729368358850442
0.568065345287323,0.8081116914749147,1.881568998385319e-08,0.5537369847297668,0.768830680847168,0.00284496443346136,0.5564793348312378,0.7165850281715394,0.00029152042698114,0.5688027501106262,0.67750403881073,-0.0027943020453676205,0.5812811017036438,0.6568706631660463,-0.00602056207135314,0.5519489169120789,0.7037575602531433,-0.01252949517220254,0.5600295305252075,0.6428014039993286,-0.020527011156082103,0.5663166522979737,0.6071355819702149,-0.024218178540468184,0.5701694250106812,0.5772883534431458,-0.026525338366627665,0.5647998332977295,0.7121738314628602,-0.01788524538278574,0.583941912651062,0.6562114238739013,-0.026472457870840987,0.5847894310951233,0.6756478667259216,-0.02459405921399592,0.5789525270462036,0.6939895272254943,-0.021500786766409822,0.5800244688987732,0.7244585514068604,-0.02217275835573668,0.5973680138587952,0.6788486838340759,-0.027372410520911165,0.5957256555557251,0.6975836753845215,-0.01915518715977664,0.5897588729858398,0.7122371673583985,-0.012406628765165741,0.5941862344741822,0.7388872981071473,-0.02629636749625204,0.6078208446502686,0.697337555885315,-0.02624946534633632,0.6052850008010864,0.7140254020690918,-0.017757681570947124,0.5999838709831238,0.7280717015266419,-0.011215095128864021
0.5683274388313293,0.8096358180046082,1.8004730861775898e-08,0.5534666776657104,0.7702220916748047,0.00296157575212412,0.5558122634887696,0.7179118514060975,0.0004371067334432,0.5678785443305969,0.6781387090682983,-0.0026801711646839603,0.5801576018333435,0.6563722133636475,-0.0059402953833341,0.5512742161750793,0.7048844933509826,-0.012344125844538182,0.5593453407287597,0.643192982673645,-0.02021172568202014,0.5653848171234132,0.6072703361511231,-0.023742302134633023,0.5691553831100464,0.5772691011428833,-0.0259139638394117,0.5645053505897523,0.7130092620849611,-0.01770016625523562,0.5832575798034668,0.6561166405677796,-0.026320876181125608,0.5837979078292848,0.6753859996795654,-0.024423261731863002,0.5781497359275818,0.6942261338233947,-0.021249801293015423,0.5799174427986145,0.7247494220733643,-0.02195889130234712,0.5967733144760132,0.6784134030342102,-0.027051826938986723,0.5948700428009034,0.6971524238586425,-0.01872542351484294,0.5891318321228027,0.7123210430145264,-0.011876197904348301,0.5940592408180236,0.7385732054710389,-0.026058885455131502,0.6072211623191833,0.6966998696327209,-0.0257355727255344,0.6044878125190735,0.7132534980773926,-0.017103163339197584,0.5993666052818298,0.7276475429534912,-0.0104568685404956
0.5685895323753357,0.8111599445343018,1.7193771739698608e-08,0.553196370601654,0.7716135025024414,0.0030781870707868803,0.5551451921463013,0.7192386746406556,0.00058269303990526,0.5669543385505676,0.6787733793258667,-0.0025660402840003,0.5790341019630432,0.6558737635612487,-0.0058600286953150605,0.5505995154380798,0.706011426448822,-0.012158756516873821,0.558661150932312,0.6435845613479614,-0.01989644020795818,0.5644529819488525,0.6074050903320313,-0.023266425728797863,0.5681413412094116,0.5772498488426209,-0.025302589312195742,0.5642108678817749,0.7138446927070619,-0.0175150871276855,0.5825732469558715,0.6560218572616576,-0.026169294491410224,0.5828063845634461,0.6751241326332093,-0.02425246424973008,0.57734694480896,0.6944627404212952,-0.02099881581962102,0.5798104166984559,0.7250402927398683,-0.02174502424895756,0.5961786150932312,0.6779781222343444,-0.02673124335706228,0.5940144300460816,0.6967211723327636,-0.01829565986990924,0.5885047912597656,0.7124049186706543,-0.011345767043530863,0.5939322471618652,0.7382591128349304,-0.02582140341401096,0.6066214799880982,0.696062183380127,-0.025221680104732483,0.6036906242370605,0.7124815940856933,-0.01644864510744804,0.5987493395805359,0.7272233843803406,-0.00969864195212718
0.5681414246559143,0.8113434672355653,2.150623554797449e-08,0.5532942533493043,0.7710786700248718,0.0031471411697565803,0.5560967326164246,0.718722128868103,0.00048501312267032,0.5684226393699646,0.6785779953002931,-0.0028799944324418405,0.5804781436920166,0.6551940321922303,-0.00637204637750976,0.5512042760848999,0.7059388756752014,-0.012344031222164601,0.5602594375610351,0.6437695860862732,-0.020181069895625084,0.5666239738464356,0.6080003738403321,-0.02357356920838352,0.5708320617675782,0.5781136512756349,-0.02559177130460736,0.5646575689315796,0.7141886115074159,-0.0178256314247846,0.5841486334800721,0.6571385741233826,-0.026651728898286785,0.5841780304908752,0.6760347247123719,-0.024723953381180722,0.5785036802291871,0.6950521349906922,-0.021498589962720804,0.5800617575645447,0.7256733179092408,-0.02217608243226998,0.5974814534187317,0.6793213129043579,-0.02711664587259286,0.5951036930084229,0.6980022430419922,-0.01856229454278942,0.5893688201904297,0.7134783029556275,-0.011609611846506522,0.5939888954162598,0.7391868352890014,-0.02640546001493926,0.6076739311218262,0.6981131911277771,-0.025515309721231443,0.6045908212661744,0.7142525315284729,-0.01665950845926994,0.5993642449378968,0.7286163330078125,-0.00995280491188164
0.5676933169364929,0.8115269899368287,2.5818699356250372e-08,0.5533921360969544,0.7705438375473023,0.0032160952687262804,0.5570482730865479,0.7182055830955505,0.00038733320543538004,0.5698909401893616,0.6783826112747193,-0.0031939485808833803,0.58192218542099,0.6545143008232117,-0.00688406405970446,0.55180903673172,0.7058663249015809,-0.01252930592745538,0.5618577241897583,0.643954610824585,-0.02046569958329198,0.5687949657440186,0.6085956573486329,-0.02388071268796918,0.5735227823257447,0.5789774537086487,-0.025880953297018984,0.5651042699813843,0.7145325303077699,-0.0181361757218837,0.5857240200042725,0.6582552909851075,-0.027134163305163345,0.5855496764183045,0.6769453167915345,-0.025195442512631363,0.5796604156494141,0.6956415295600892,-0.02199836410582058,0.5803130984306335,0.7263063430786134,-0.022607140615582402,0.5987842917442322,0.6806645035743714,-0.02750204838812344,0.5961929559707642,0.6992833137512207,-0.0188289292156696,0.5902328491210938,0.7145516872406007,-0.01187345664948218,0.5940455436706543,0.7401145577430726,-0.02698951661586756,0.6087263822555542,0.7001641988754274,-0.025808939337730402,0.6054910182952882,0.7160234689712526,-0.016870371811091838,0.5999791502952576,0.7300092816352844,-0.010206967871636101
0.5674233555793763,0.8105485916137696,3.2514801517891114e-08,0.5539817810058594,0.7690384268760682,0.0030159832909702603,0.5585426449775697,0.7169372081756592,-0.00010622096015142001,0.5721674680709838,0.6778737545013428,-0.0038802318274974205,0.5845424771308899,0.6539786100387573,-0.00774161145091048,0.5531651735305786,0.7048824548721314,-0.013531998917460401,0.5649568438529968,0.6437096118927002,-0.021910517290234542,0.5729897975921631,0.6092921972274781,-0.025761364772915803,0.5786797165870667,0.5802473783493043,-0.028057292848825424,0.5662051916122437,0.7147976636886598,-0.019062091410160003,0.5886333107948304,0.6594143629074096,-0.028255066648125604,0.5880458354949951,0.6778609275817872,-0.026313409581780384,0.581632649898529,0.6958452105522157,-0.023251364752650182,0.5810642957687377,0.727454435825348,-0.02345444522798054,0.6011338591575623,0.6823378205299377,-0.028251451998948983,0.5980262398719788,0.7008105158805846,-0.01941021457314488,0.5915837287902832,0.715862011909485,-0.012499065510928562,0.5944325804710389,0.7418479084968567,-0.02780472151935096,0.6104402899742127,0.7030842423439028,-0.02657697163522242,0.6068366885185242,0.71865953207016,-0.01767572388052936,0.6008992314338685,0.7322633385658264,-0.011136397346854161
0.5668946146965027,0.8084288954734803,3.964065520278838e-08,0.5543292164802551,0.7665949106216431,0.00275385738350444,0.5600625634193421,0.7149437308311463,-0.0006168232939671801,0.574751102924347,0.6766748785972595,-0.0044201464392244205,0.5875370621681213,0.6531225085258484,-0.008273645676672381,0.5546286821365356,0.7033626079559326,-0.01514968853443856,0.5685486555099488,0.6429210662841798,-0.023611770942807166,0.5778427600860596,0.6094559907913208,-0.027462042495608303,0.5844698786735535,0.5811583876609803,-0.029738182201981503,0.5674923658370972,0.7144903659820557,-0.020343644544482162,0.5915995717048645,0.660396420955658,-0.029254496470093684,0.590482234954834,0.6780094265937806,-0.026912039890885302,0.5834389686584474,0.695015323162079,-0.02379705831408494,0.5819933295249939,0.7279682636260987,-0.02432985380291932,0.6035637259483337,0.6837233424186707,-0.02869163714349264,0.5998489022254944,0.7013748288154602,-0.01966631822288032,0.592850422859192,0.7160794377326966,-0.01285827774554484,0.5948881864547729,0.7428672075271606,-0.02828960344195362,0.6122240900993348,0.7055288910865783,-0.026762880384922,0.6082564234733582,0.7201080679893495,-0.01793660111725326,0.6018786787986756,0.7331061124801636,-0.011583757400512642
0.5663658738136291,0.8063091993331909,4.676650888768565e-08,0.5546766519546509,0.764151394367218,0.00249173147603862,0.5615824818611146,0.7129502534866333,-0.0011274256277829403,0.57733473777771,0.6754760026931762,-0.00496006105095142,0.5905316472053528,0.6522664070129394,-0.00880567990243428,0.5560921907424927,0.701842761039734,-0.016767378151416722,0.5721404671669007,0.6421325206756592,-0.025313024595379784,0.582695722579956,0.6096197843551636,-0.029162720218300804,0.5902600407600402,0.5820693969726562,-0.03141907155513758,0.5687795400619506,0.7141830682754516,-0.02162519767880432,0.5945658326148987,0.6613784790039063,-0.030253926292061764,0.5929186344146729,0.6781579256057739,-0.02751067019999022,0.5852452874183656,0.6941854357719422,-0.024342751875519705,0.58292236328125,0.7284820914268494,-0.025205262377858105,0.6059935927391052,0.6851088643074036,-0.0291318222880363,0.6016715645790099,0.7019391417503358,-0.01992242187261576,0.5941171169281005,0.7162968635559083,-0.01321748998016112,0.5953437924385071,0.7438865065574646,-0.028774485364556283,0.6140078902244568,0.7079735398292542,-0.026948789134621582,0.6096761584281921,0.7215566039085389,-0.01819747835397716,0.6028581261634827,0.7339488863945007,-0.012031117454171122
0.565771508216858,0.8022800326347351,5.81677838340511e-08,0.5548453569412233,0.7601869940757752,0.00161103237187486,0.5626470804214477,0.709459137916565,-0.0024416115134954204,0.57931547164917,0.6725526213645936,-0.0063717429991811,0.5931336998939515,0.6501097083091736,-0.01020128503441804,0.5569210410118104,0.6990871667861939,-0.0186635827645659,0.574872612953186,0.6403493523597718,-0.02717419825494284,0.5864197850227356,0.6087472915649415,-0.030833262577652905,0.5948739886283875,0.5822139382362366,-0.03291845656931394,0.5695407629013062,0.7132805705070496,-0.02295857183635228,0.5966736555099488,0.6612687587738038,-0.031598505005240404,0.5943134427070618,0.6766363382339478,-0.02867502532899376,0.586269199848175,0.6918084025382997,-0.025430121645331344,0.5834627509117127,0.72854962348938,-0.025917494669556562,0.607537603378296,0.6851730585098267,-0.02975478358566756,0.6023821234703064,0.70047025680542,-0.0206015039235353,0.5944516420364381,0.714271068572998,-0.0139815775677561,0.5956178188323975,0.7442249298095703,-0.028898604214191402,0.6150599241256713,0.7088277697563171,-0.02701286599040026,0.6101686954498291,0.7210324406623841,-0.01841194666922088,0.6030567288398743,0.7329105615615845,-0.012362424656748723
0.5647396802902223,0.795117199420929,7.335213751957783e-08,0.5548056483268738,0.7531735181808472,0.00027679324848575986,0.5636877059936525,0.7027417898178101,-0.004375981772318441,0.581464183330536,0.6664971470832824,-0.008531897608190741,0.5960644125938417,0.6447816133499146,-0.012440405413508361,0.5571638226509095,0.693841004371643,-0.02040121704339978,0.5774442672729493,0.6369829893112182,-0.028995114192366542,0.5902711391448975,0.6062976241111756,-0.03260436989367004,0.5998356938362122,0.5808983802795411,-0.03461919575929634,0.5698499917984009,0.7099608063697815,-0.02407964728772634,0.5986266613006591,0.659315860271454,-0.033087645843625016,0.5955348491668702,0.6729483127593995,-0.03026824854314324,0.5868032097816468,0.6875752806663514,-0.027018410339951483,0.5837018132209778,0.7262984037399293,-0.026447750627994482,0.6087466359138489,0.6834027886390686,-0.030486880242824498,0.6028500318527221,0.697011959552765,-0.02151841595768924,0.5944759964942932,0.7101789593696594,-0.014974754117429179,0.5958351850509644,0.7422797918319702,-0.028926268965005844,0.6159848570823669,0.7075391173362733,-0.02723648101091378,0.6104955792427063,0.7184695005416871,-0.01887325458228584,0.6030301809310914,0.7299140095710754,-0.012959211692213963
0.552623164653778,0.7506171345710755,1.0595656334544402e-07,0.549378776550293,0.712629783153534,-0.00445316174300388,0.5591940641403199,0.663259518146515,-0.01005836986005302,0.574829137325287,0.6252059042453766,-0.014613810181617701,0.5880742073059082,0.5999610960483551,-0.018797884881496384,0.5495333552360535,0.6418667137622833,-0.020091762579977482,0.5676084876060487,0.5860001623630524,-0.028888424113392763,0.578623127937317,0.5549816727638245,-0.03336749300360676,0.5867085337638855,0.529050326347351,-0.03608739823102944,0.5565123438835144,0.6541480183601379,-0.02189438492059702,0.5804077148437501,0.6023088574409485,-0.03064200580120082,0.5774653315544128,0.6048875212669372,-0.029832299426197962,0.5699560403823852,0.6098356246948243,-0.02830604165792462,0.5647701501846314,0.6690092265605926,-0.0231305249035358,0.5849357187747954,0.6243577837944031,-0.02779996059834952,0.5797953546047211,0.6275846600532532,-0.02183765359222884,0.5729028046131134,0.6318979620933532,-0.01746859438717358,0.5718185126781463,0.6857723832130432,-0.02489496115595098,0.5867059171199799,0.6508230924606323,-0.0248696302995085,0.5813552141189575,0.6537374496459961,-0.0189513642340898,0.5746802031993866,0.6580305576324463,-0.014724047109484622
0.5406236171722413,0.7067973017692567,1.3663641169614495e-07,0.5439967393875123,0.6727389097213746,-0.008929926587734362,0.5545010566711426,0.624358355998993,-0.01538650677539404,0.5677140951156616,0.5845293164253236,-0.02034091055393214,0.579450809955597,0.5557091355323792,-0.02484324239194388,0.5416662335395813,0.5902984499931336,-0.01930386908352372,0.5568046331405639,0.5351021647453309,-0.028450513631105363,0.5656264424324036,0.503537118434906,-0.0339904878288507,0.5719608306884766,0.4768173336982727,-0.03755153268575662,0.5428240895271301,0.5985806941986084,-0.01942547224462028,0.5614997863769532,0.5451656103134155,-0.02804275080561632,0.5589542031288147,0.5371384978294372,-0.029360497742891258,0.5528277039527894,0.5326017141342163,-0.029618811979889845,0.5454901337623597,0.6119675636291504,-0.019744030758738478,0.5605742931365967,0.5652440547943115,-0.02520135492086406,0.5564256310462952,0.5586046934127809,-0.022213998436927743,0.5511172652244567,0.5541896224021912,-0.019961005821823998,0.5475464701652526,0.6295949220657349,-0.020993199199438047,0.5569844841957092,0.5939675688743591,-0.022757058218121462,0.5518876314163208,0.5893968343734741,-0.01919237300753588,0.5460496306419372,0.5867198944091797,-0.0165668504312634
0.529266369342804,0.6622760057449342,1.6947859222682384e-07,0.5392477869987489,0.6318393468856812,-0.013050202385056723,0.5504598498344422,0.5845709443092346,-0.02020225757732984,0.5609761834144593,0.5433423459529877,-0.02550725564360614,0.5709504723548889,0.5112003207206727,-0.030276743322610804,0.5340306162834167,0.5371965885162353,-0.017986701056361163,0.5462827444076539,0.4829907655715942,-0.02744245193898672,0.552872896194458,0.4509314775466919,-0.03402429968118662,0.5573987245559693,0.42352540493011476,-0.038431069999933176,0.5293495416641236,0.5420287251472473,-0.01672339458018538,0.5424728035926819,0.48714303374290463,-0.02524165697395796,0.540178906917572,0.4683966159820556,-0.02869498506188388,0.5353254735469819,0.45439050197601316,-0.03072884194552894,0.5264587819576263,0.5546010494232178,-0.016432082280516583,0.5358579993247986,0.5058395624160766,-0.022828969359397842,0.5324517130851746,0.48935402631759645,-0.022892376780509902,0.5285588026046752,0.47609015703201296,-0.02276633828878396,0.5236235380172729,0.5737806618213653,-0.017446792498230883,0.5271145224571229,0.5377264678478242,-0.0213157016783952,0.5219620764255524,0.5255662858486176,-0.020280316844582497,0.5167776763439178,0.5154304683208466,-0.019320963323116263
0.51838299036026,0.620143461227417,1.9635498205161642e-07,0.534609353542328,0.5932374358177185,-0.016737037990242204,0.5461678147315979,0.5469172716140747,-0.02432970404624936,0.5537282347679138,0.5040091037750245,-0.029845011606812445,0.5617049694061279,0.46800963878631585,-0.03479041121900076,0.5264319896697998,0.48578537702560426,-0.01591532304882998,0.5352896690368653,0.43206193447113034,-0.025631274282932222,0.5394639134407043,0.39921381473541256,-0.033319545537233305,0.5419506907463074,0.37068780660629275,-0.03864007741212838,0.5159862518310547,0.4862766623497009,-0.013423222675919503,0.5231209039688111,0.42958397865295406,-0.02165112495422358,0.5212653279304504,0.40071032047271726,-0.02723125666379924,0.5177192449569703,0.3774893999099732,-0.031059645116329138,0.5075832009315491,0.49753545522689824,-0.012684004753828002,0.5109697818756103,0.4468065738677979,-0.019874884933233222,0.5085651516914368,0.42116205692291253,-0.02293164953589434,0.5062082529067993,0.3994448900222779,-0.02491245009005064,0.4998237609863281,0.518089199066162,-0.013602781295776321,0.49704699516296386,0.48156208992004396,-0.019510224834084447,0.4920759439468384,0.4623255610466004,-0.02094845809042448,0.48770302534103394,0.44500659704208373,-0.021620232053101023
0.5087684392929077,0.580388641357422,2.170556626879261e-07,0.5308260798454285,0.5564787983894348,-0.019766817241907084,0.5424903512001038,0.5114078283309936,-0.02763293683528896,0.5467515468597413,0.4670976281166077,-0.033286838978528945,0.5521086215972901,0.42741581201553347,-0.038377856463193846,0.5197627782821655,0.4354303300380707,-0.0139536084607243,0.5245981097221375,0.381190937757492,-0.02389023862779134,0.5259616494178772,0.34770520925521853,-0.03260778114199634,0.5261159896850587,0.31804344058036804,-0.038786642998456904,0.503338074684143,0.43198649883270257,-0.01046949829906222,0.5037516355514526,0.37292451858520503,-0.018088399991393042,0.5020408511161805,0.3347113251686096,-0.02550365179777142,0.4998714089393616,0.3025389015674591,-0.03105402439832682,0.48926535248756403,0.44235056042671206,-0.00942729283124204,0.4861671328544616,0.38907457590103156,-0.01711354143917558,0.4842942535877228,0.3546059012413024,-0.023030905425548504,0.48321076631546017,0.32467519640922543,-0.02715516686439508,0.47646452784538273,0.4648943185806274,-0.01033597718924278,0.46728050112724306,0.42796152234077456,-0.01806373670697206,0.46227169632911685,0.4016201376914978,-0.02193777598440642,0.45848516225814817,0.3770097732543945,-0.024268265441060043
0.5111078262329102,0.578742527961731,2.1347333358789914e-07,0.5327774882316589,0.5534934997558594,-0.019014929980039542,0.5441344857215881,0.5090444803237915,-0.02678197845816608,0.5477463960647583,0.46556500792503364,-0.03257219865918157,0.5524535655975342,0.4262519836425781,-0.03776036500930782,0.5206801772117615,0.4317932426929474,-0.012966580130159801,0.5251698851585388,0.3779662787914276,-0.02276286743581288,0.526230263710022,0.3448509573936463,-0.03142406232655044,0.5261728167533875,0.31533896923065186,-0.037662792950868565,0.5039668083190918,0.4294552624225616,-0.01007170584052798,0.5031945824623107,0.3712875127792358,-0.017651229351758918,0.5009791672229766,0.33431279659271235,-0.024947702512145023,0.49849613308906554,0.3033116281032562,-0.03044445998966688,0.48983534574508664,0.4411047697067261,-0.0096271395683288,0.4851875245571136,0.3885968148708344,-0.017406914010643922,0.48259273171424866,0.3550470471382141,-0.023217714205384203,0.4810077905654907,0.3255535185337067,-0.027290235087275443,0.47737498879432677,0.46498146057128903,-0.011106345988810001,0.46726917624473574,0.42898102402687077,-0.019131666980683745,0.46163405179977424,0.4032448410987854,-0.02312887087464328,0.4573511481285096,0.3786653101444244,-0.025514255464076964
0.5134472131729126,0.57709641456604,2.0989100448787216e-07,0.5347288966178894,0.5505082011222839,-0.018263042718172,0.5457786202430724,0.5066811323165894,-0.0259310200810432,0.5487412452697754,0.46403238773345945,-0.03185755833983418,0.5527985095977783,0.4250881552696228,-0.0371428735554218,0.5215975761413575,0.4281561553478241,-0.011979551799595301,0.5257416605949402,0.37474161982536314,-0.021635496243834422,0.5264988780021668,0.341996705532074,-0.03024034351110454,0.5262296438217163,0.31263449788093567,-0.03653894290328022,0.5045955419540405,0.42692402601242063,-0.00967391338199374,0.502637529373169,0.3696505069732666,-0.0172140587121248,0.499917483329773,0.3339142680168152,-0.024391753226518625,0.4971208572387695,0.30408435463905337,-0.029834895581006944,0.49040533900260924,0.43985897898674015,-0.00982698630541556,0.48420791625976567,0.38811905384063716,-0.01770028658211226,0.4808912098407746,0.3554881930351257,-0.023404522985219903,0.47880481481552123,0.32643184065818787,-0.027425303310155805,0.47828544974327086,0.4650686025619506,-0.011876714788377221,0.4672578513622284,0.4300005257129669,-0.020199597254395425,0.46099640727043156,0.404869544506073,-0.024319965764880144,0.45621713399887087,0.3803208470344543,-0.026760245487093885
0.5162527441978455,0.5758064031600952,2.0131330700223773e-07,0.5368624806404114,0.5477391481399536,-0.017496406845748363,0.5472771644592286,0.5043132066726685,-0.025199589505791622,0.5496787190437318,0.4628295540809631,-0.031377978250384284,0.552924394607544,0.4244522094726562,-0.0369354836642742,0.522584092617035,0.42594918608665466,-0.011702967062592462,0.5259288549423219,0.37231613993644713,-0.021399170160293503,0.5262591004371644,0.3395590960979462,-0.0299526888877153,0.5258403658866883,0.3105692148208618,-0.03623589575290676,0.5053182482719422,0.4260011613368988,-0.009904628805816142,0.5023019433021546,0.36956228017807013,-0.0177135247737169,0.49947677850723265,0.3359732210636138,-0.024830397590994827,0.4970268487930297,0.3093400299549103,-0.03014782033860678,0.49106907844543457,0.4400436639785767,-0.01050602197647088,0.4836444199085236,0.38893617987632756,-0.018552147224545422,0.47997918725013733,0.3574684083461761,-0.024136342480778644,0.47799211740493774,0.3301672220230103,-0.028057465702295246,0.4793069183826446,0.4661994874477386,-0.01294363345950834,0.46780279278755194,0.4315893471240997,-0.021432350948452902,0.46128872632980344,0.4070955455303192,-0.025612434372305842,0.45644618868827824,0.38367210626602166,-0.028073845803737604
0.5190582752227784,0.5745163917541505,1.927356095166033e-07,0.5389960646629334,0.5449700951576233,-0.01672977097332472,0.5487757086753846,0.5019452810287476,-0.02446815893054004,0.550616192817688,0.46162672042846686,-0.030898398160934384,0.5530502796173096,0.4238162636756897,-0.0367280937731266,0.5235706090927124,0.42374221682548524,-0.011426382325589622,0.5261160492897035,0.36989066004753113,-0.02116284407675258,0.5260193228721619,0.33712148666381836,-0.029665034264326057,0.5254510879516602,0.30850393176078794,-0.035932848602533304,0.5060409545898438,0.425078296661377,-0.010135344229638542,0.5019663572311401,0.3694740533828736,-0.018212990835309,0.4990360736846924,0.33803217411041253,-0.025269041955471024,0.49693284034728996,0.3145957052707672,-0.03046074509620662,0.4917328178882599,0.44022834897041324,-0.011185057647526201,0.48308092355728155,0.38975330591201784,-0.01940400786697858,0.4790671646595001,0.3594486236572265,-0.024868161976337382,0.47717941999435426,0.3339026033878327,-0.028689628094434684,0.4803283870220184,0.4673303723335266,-0.01401055213063946,0.4683477342128754,0.43317816853523256,-0.02266510464251038,0.46158104538917544,0.4093215465545654,-0.026904902979731544,0.4566752433776855,0.3870233654975891,-0.029387446120381324
0.5216416001319886,0.5733658671379089,1.803414221512867e-07,0.5407389044761658,0.5436169266700744,-0.016403685510158483,0.5499347567558289,0.5002786755561828,-0.02432795688509936,0.5512368083000183,0.46067618727684023,-0.031152491271495743,0.5529526829719544,0.42361455559730526,-0.037471906840801227,0.5244977712631226,0.42352980375289917,-0.011259466595947702,0.5260658383369446,0.3694405794143677,-0.02083512730896466,0.5253298997879028,0.3363286018371582,-0.02926500774919982,0.5243702292442323,0.30778270959854126,-0.03557068482041354,0.5069321393966675,0.42578589916229254,-0.01030136644840236,0.501985502243042,0.3699243366718293,-0.019464045017957662,0.4997750520706177,0.3446972489356994,-0.027115549147129044,0.4990768551826477,0.3289765477180481,-0.03224396556615826,0.49249442219734196,0.44104903340339663,-0.01152198333293194,0.48291605114936825,0.3897012650966645,-0.02049635462462894,0.4798447430133819,0.36404663324356074,-0.026098170131444887,0.47967217564582826,0.34594946503639223,-0.029608603566884942,0.4809798777103424,0.4677277326583863,-0.01445419527590266,0.4679782629013062,0.4319864153862,-0.023513023927807783,0.46283914446830743,0.4109862864017486,-0.027746236324310284,0.46049070358276367,0.39495720267295836,-0.029995333403348885
0.5253018379211426,0.573102343082428,1.6976800054635535e-07,0.5428675293922424,0.5411715388298035,-0.015005257911980102,0.5511492133140564,0.49707183837890623,-0.0228587500751018,0.5521111607551575,0.4590230166912079,-0.030018144473433424,0.5532916069030762,0.42320955991744996,-0.03689943775534628,0.525315010547638,0.42557047605514525,-0.011377723701298201,0.5253588676452636,0.3705940127372742,-0.021172567084431576,0.5241528153419495,0.3366277754306793,-0.02962528318166728,0.5229836225509644,0.3078809916973114,-0.035950303077697705,0.5086229681968689,0.42970998883247374,-0.011342323385179001,0.5022005558013916,0.3744559168815613,-0.02209798358380792,0.5022671163082123,0.35383673906326296,-0.030572725087404225,0.5043534457683564,0.3446542978286743,-0.0357835132628679,0.4949208617210389,0.44592125415802003,-0.01317271329462524,0.4836651384830475,0.3961616575717926,-0.022969504445791163,0.4833330512046814,0.3737307071685791,-0.028875228017568547,0.48658415079116824,0.36155143380165095,-0.032300099730491603,0.4839114367961883,0.47274072170257564,-0.01655977275222532,0.47027614116668703,0.43746291995048525,-0.02585836388170716,0.4679886758327484,0.4178736209869384,-0.03022802881896494,0.469338470697403,0.40572712421417234,-0.03249409943819043
0.5289620757102966,0.5728388190269471,1.59194578941424e-07,0.5449961543083192,0.5387261509895325,-0.013606830313801721,0.5523636698722839,0.49386500120162957,-0.02138954326510424,0.5529855132102967,0.4573698461055756,-0.028883797675371102,0.553630530834198,0.42280456423759466,-0.03632696866989134,0.5261322498321533,0.42761114835739134,-0.0114959808066487,0.5246518969535828,0.3717474460601806,-0.021510006859898498,0.5229757308959961,0.3369269490242004,-0.029985558614134745,0.5215970158576966,0.30797927379608153,-0.03632992133498186,0.5103137969970704,0.433634078502655,-0.012383280321955641,0.5024156093597413,0.37898749709129337,-0.02473192214965818,0.5047591805458068,0.3629762291908264,-0.0340299010276794,0.5096300363540649,0.3603320479393005,-0.039323060959577535,0.4973473012447358,0.45079347491264343,-0.01482344325631854,0.48441422581672666,0.40262205004692075,-0.02544265426695338,0.4868213593959808,0.38341478109359745,-0.03165228590369221,0.4934961259365082,0.37715340256690977,-0.03499159589409827,0.4868429958820343,0.4777537107467651,-0.01866535022854798,0.4725740194320679,0.44293942451477053,-0.02820370383560654,0.4731382071971893,0.4247609555721283,-0.0327098213136196,0.4781862378120422,0.4164970457553863,-0.034992865473031966
0.5323217391967774,0.5718804121017457,1.5198796461390889e-07,0.5468642592430115,0.5358240723609924,-0.012423663400113541,0.5531959414482117,0.49067044258117676,-0.02037317045032972,0.5539753794670106,0.4553497612476349,-0.02842536717653268,0.5551162481307984,0.4219268620014191,-0.036615976691246,0.5263558983802796,0.4291246712207794,-0.01110296621918674,0.5233261823654175,0.3740419924259185,-0.02131316475570196,0.5216514706611634,0.3392772257328033,-0.029898853600025123,0.5199395179748536,0.3103631794452667,-0.03637460991740222,0.5117917656898499,0.4372227907180786,-0.01291702855378386,0.5030666947364808,0.3834282040596008,-0.02683510817587372,0.510036313533783,0.37311039566993714,-0.03695448972284791,0.5183570563793183,0.3761191666126251,-0.042311249673366524,0.4999588429927826,0.45545525550842286,-0.01601476520299908,0.4869452357292175,0.4094095945358276,-0.027700001373886982,0.49413779377937317,0.3950102806091309,-0.0339369665831327,0.5043525755405427,0.39467989206314086,-0.0368471875786781,0.4901560485363006,0.48272561430931094,-0.02036517597734922,0.4759665012359619,0.4486571490764618,-0.030085643380880323,0.4806118309497833,0.4330009043216705,-0.03431183099746702,0.48945153951644893,0.42892975211143486,-0.036271679401397666
0.5356814026832581,0.5709220051765442,1.4478135028639373e-07,0.5487323641777039,0.5329219937324524,-0.011240496486425361,0.5540282130241394,0.4874758839607239,-0.0193567976355552,0.5549652457237244,0.4533296763896942,-0.027966936677694263,0.5566019654273987,0.42104915976524354,-0.03690498471260066,0.5265795469284058,0.4306381940841675,-0.010709951631724779,0.5220004677772523,0.3763365387916565,-0.021116322651505422,0.5203272104263306,0.34162750244140627,-0.029812148585915504,0.5182820200920105,0.3127470850944519,-0.03641929849982258,0.5132697343826294,0.4408115029335022,-0.01345077678561208,0.5037177801132202,0.38786891102790827,-0.028938294202089262,0.515313446521759,0.38324456214904784,-0.039879078418016405,0.5270840764045716,0.39190628528594973,-0.0452994383871555,0.5025703847408295,0.4601170361042023,-0.017206087149679618,0.4894762456417084,0.41619713902473454,-0.029957348480820583,0.5014542281627655,0.40660578012466436,-0.0362216472625732,0.5152090251445771,0.412206381559372,-0.03870277926325794,0.49346910119056697,0.4876975178718568,-0.022065001726150463,0.4793589830398559,0.4543748736381531,-0.031967582926154106,0.4880854547023773,0.44124085307121275,-0.03591384068131444,0.5007168412208557,0.44136245846748345,-0.03755049332976337
0.5375044345855713,0.5690927982330323,1.2691894397676153e-07,0.5497187614440918,0.5273979902267456,-0.00867872256785626,0.5547066450119019,0.4827006638050079,-0.01644934304058546,0.5567721366882324,0.45001908540725705,-0.025296682864427503,0.5591183066368103,0.41920652985572815,-0.03442632593214508,0.5253689527511597,0.42866332530975343,-0.00908376472070808,0.5213130831718445,0.3777474403381348,-0.01962269973009818,0.5202229022979736,0.34439250230789187,-0.02819920554757112,0.5186212658882141,0.3160864233970642,-0.03472528047859666,0.5130096554756165,0.44001136422157283,-0.01302280575037,0.5088151574134827,0.39476810693740844,-0.028815719485282863,0.5240035176277161,0.39415545463562013,-0.039169428497552845,0.5368085384368897,0.4043144524097443,-0.044130986183881726,0.5041537642478943,0.46063974499702454,-0.017778209783136798,0.49774823188781736,0.4251396298408508,-0.030738909170031484,0.5132436275482178,0.4197820603847504,-0.03567201942205424,0.5277635574340821,0.42659611701965333,-0.037150730937719305,0.4972403526306152,0.48918613195419314,-0.02348193824291224,0.4901682257652282,0.4620792865753174,-0.03290150500833984,0.5016653537750244,0.4521086573600769,-0.03581345602869984,0.5145762085914611,0.45266663432121274,-0.036672811955213505
0.5375225424766541,0.5671221375465394,1.145676591818301e-07,0.5496724128723145,0.5244322299957276,-0.00714436857961114,0.5549625158309937,0.480396419763565,-0.014667979441583101,0.5583000540733337,0.4480284035205841,-0.023568188026547362,0.5616016030311585,0.41824842691421504,-0.03271068967878814,0.5244060397148133,0.4291835188865662,-0.008358374051749641,0.5217739701271058,0.38107271790504454,-0.01918848063796752,0.521940541267395,0.3491440534591675,-0.0276559200137853,0.5211344003677368,0.3216934859752655,-0.03398313634097574,0.5126846909523011,0.4408837676048279,-0.012861076369881602,0.5142976164817811,0.39940935373306274,-0.029230178147554364,0.5327194094657899,0.40293081998825075,-0.03882914707064626,0.5464857578277588,0.415479588508606,-0.04297255352139469,0.5051851868629456,0.4612546443939209,-0.01808126587420696,0.5060991883277893,0.4291975736618042,-0.0318625103682279,0.524274754524231,0.42859265208244324,-0.03568446263670916,0.5389347434043884,0.4379225194454193,-0.035944341123104045,0.49998150467872615,0.4890424489974976,-0.02409656606614584,0.4994173586368561,0.4647845327854156,-0.03372979499399658,0.5129172623157501,0.458371502161026,-0.03590013235807414,0.5256904125213623,0.4610006332397461,-0.03595396280288692
0.5375406503677369,0.5651514768600464,1.0221637438689868e-07,0.5496260643005372,0.5214664697647095,-0.0056100145913660195,0.5552183866500855,0.47809217572212215,-0.012886615842580742,0.5598279714584351,0.44603772163391114,-0.02183969318866722,0.5640848994255065,0.41729032397270194,-0.0309950534254312,0.5234431266784668,0.4297037124633789,-0.0076329833827912,0.5222348570823669,0.38439799547195436,-0.018754261545836863,0.5236581802368164,0.3538956046104431,-0.02711263447999948,0.5236475348472596,0.3273005485534668,-0.033240992203354816,0.5123597264289856,0.44175617098808284,-0.012699346989393201,0.5197800755500793,0.404050600528717,-0.029644636809825865,0.5414353013038635,0.4117061853408814,-0.038488865643739684,0.556162977218628,0.42664472460746766,-0.04181412085890764,0.5062166094779968,0.46186954379081724,-0.01838432196527712,0.5144501447677612,0.4332555174827576,-0.03298611156642432,0.5353058815002442,0.43740324378013606,-0.035696905851364084,0.5501059293746948,0.44924892187118526,-0.03473795130848878,0.5027226567268371,0.488898766040802,-0.024711193889379438,0.5086664915084839,0.46748977899551386,-0.03455808497965332,0.5241691708564759,0.46463434696197514,-0.03598680868744844,0.5368046164512634,0.4693346321582795,-0.03523511365056034
0.5364071846008301,0.565527081489563,9.124321422859794e-08,0.5484694600105285,0.5212467789649964,-0.0037322875796234807,0.554769206047058,0.4779875516891479,-0.0103815048001706,0.5606486678123475,0.4457873344421387,-0.0189347401261329,0.5659016251564026,0.4175487577915191,-0.027601440995931585,0.5221333861351014,0.4334314525127411,-0.0071543360128998,0.524323296546936,0.3891600131988525,-0.01827737856656306,0.5276798963546754,0.35950347185134884,-0.0262767862528562,0.5295659184455872,0.33342445492744444,-0.03199589028954504,0.5120364904403687,0.44467135667800906,-0.012743687443435162,0.5267366647720337,0.4103015780448913,-0.029409188777208304,0.5487262606620789,0.42003828883171085,-0.037034166604280445,0.5627974390983582,0.43577861189842226,-0.03948270455002781,0.5077790021896362,0.46387904882431025,-0.018796409107744622,0.5239152669906616,0.4377941727638245,-0.033275473490357366,0.5449262380599975,0.4449267208576202,-0.034682826697826324,0.5587872385978698,0.4579432368278503,-0.03269790112972254,0.5067715644836426,0.4893103182315826,-0.02535558156669134,0.5197232365608215,0.46989568471908566,-0.0347605105489492,0.535643994808197,0.46959615349769596,-0.03526461198925966,0.547325325012207,0.4755059957504273,-0.033719081431627246
0.5352737188339234,0.5659026861190796,8.02700540702972e-08,0.54731285572052,0.5210270881652832,-0.00185456056788094,0.5543200254440307,0.4778829276561737,-0.007876393757760461,0.5614693641662598,0.44553694725036624,-0.01602978706359858,0.5677183508872986,0.4178071916103363,-0.024207828566431965,0.5208236455917359,0.4371591925621033,-0.0066756886430084,0.5264117360115051,0.39392203092575073,-0.017800495587289262,0.5317016124725342,0.3651113390922546,-0.02544093802571292,0.5354843020439148,0.3395483613014222,-0.03075078837573526,0.5117132544517518,0.4475865423679352,-0.012788027897477123,0.533693253993988,0.41655255556106563,-0.029173740744590743,0.5560172200202942,0.4283703923225403,-0.03557946756482121,0.5694319009780884,0.4449124991893768,-0.03715128824114796,0.5093413949012757,0.46588855385780326,-0.01920849625021212,0.533380389213562,0.4423328280448914,-0.0335648354142904,0.554546594619751,0.4524501979351044,-0.03366874754428856,0.5674685478210449,0.4666375517845153,-0.0306578509509563,0.510820472240448,0.48972187042236326,-0.02599996924400324,0.5307799816131593,0.47230159044265746,-0.03496293611824508,0.5471188187599182,0.47455796003341677,-0.03454241529107088,0.5578460335731507,0.48167735934257505,-0.03220304921269414
0.5348610401153564,0.5697093605995178,8.563354896296006e-08,0.5461308836936951,0.5250527143478394,-0.00094276239105964,0.5532676577568054,0.48087281584739683,-0.0065665017813443406,0.561282229423523,0.44773381948471075,-0.0142882520332932,0.5689962983131409,0.42026625871658324,-0.022092123329639404,0.5208844542503357,0.44582133889198305,-0.00724332723766558,0.5294263243675232,0.4012410283088684,-0.01836634166538708,0.5370996117591859,0.3721813321113586,-0.02570272646844382,0.542788290977478,0.34713999629020686,-0.03061238862574098,0.5136370539665223,0.45627403855323795,-0.01355175878852604,0.538077747821808,0.42270194292068475,-0.029586767777800543,0.560763156414032,0.4343730688095093,-0.035215616971254304,0.5743523120880127,0.4508168697357178,-0.03627751544117924,0.5131147027015687,0.47374587655067435,-0.02003990188240998,0.5392090439796449,0.4476951658725738,-0.034177077561616864,0.560310697555542,0.4582451462745667,-0.0338847987353801,0.5731231331825257,0.4727100074291229,-0.03055217489600178,0.5164913296699524,0.4956326484680175,-0.02676890119910234,0.5376316189765931,0.4757591009140015,-0.035429401695728266,0.5540124535560608,0.47777286171913147,-0.03473771363496774,0.5647904992103577,0.4848233938217163,-0.03221180327236648
0.5337225556373596,0.5749045848846436,8.959560346966101e-08,0.5425493597984314,0.5302571654319763,-0.00030246186943257993,0.5502283811569214,0.48477727770805357,-0.005639134906232281,0.5604869484901429,0.4512966334819794,-0.01293373890221114,0.5701704144477845,0.42476873397827153,-0.020294510573148683,0.5205688357353211,0.453859692811966,-0.00778968529775732,0.5326080083847046,0.4080681800842285,-0.01829408220946782,0.5423478484153748,0.3789821326732635,-0.025021483004093122,0.5497318267822267,0.35440390706062314,-0.029444447159767122,0.5162471175193787,0.46429806351661684,-0.01408465355634688,0.5444954633712769,0.43022459149360653,-0.028794134780764563,0.5653993725776673,0.4428538501262665,-0.033570662513375246,0.5768850803375245,0.4590038418769836,-0.03433427140116688,0.5183276295661927,0.4815488636493683,-0.02037959061563008,0.5474504470825196,0.4546911358833313,-0.03331088274717328,0.5665745615959168,0.4660631299018859,-0.03256110064685338,0.577315890789032,0.48040329217910765,-0.02916777841746804,0.5239008665084839,0.5025389432907104,-0.02682886905968184,0.5465702056884766,0.4812021136283875,-0.0344113543629646,0.5624940991401672,0.4828297138214111,-0.03320032432675356,0.5728381514549256,0.4893414080142975,-0.03044621683657164
0.5325840711593628,0.5800998091697693,9.355765797636196e-08,0.5389678359031678,0.5354616165161132,0.00033783865219448004,0.5471891045570374,0.4886817395687103,-0.00471176803112022,0.5596916675567627,0.45485944747924806,-0.01157922577112908,0.5713445305824281,0.42927120923995965,-0.01849689781665796,0.5202532172203065,0.4618980467319489,-0.00833604335784906,0.535789692401886,0.4148953318595886,-0.018221822753548562,0.5475960850715638,0.38578293323516843,-0.024340239539742424,0.5566753625869751,0.3616678178310394,-0.028276505693793263,0.5188571810722351,0.4723220884799957,-0.014617548324167721,0.5509131789207459,0.4377472400665283,-0.028001501783728584,0.5700355887413026,0.45133463144302366,-0.03192570805549618,0.5794178485870362,0.4671908140182495,-0.03239102736115452,0.5235405564308167,0.48935185074806214,-0.02071927934885018,0.5556918501853944,0.4616871058940888,-0.0324446879327297,0.5728384256362915,0.47388111352920526,-0.031237402558326667,0.5815086483955384,0.4880965769290924,-0.0277833819389343,0.5313104033470154,0.5094452381134034,-0.02688883692026134,0.5555087924003601,0.48664512634277346,-0.03339330703020094,0.5709757447242737,0.48788656592369073,-0.031662935018539375,0.5808858036994935,0.4938594222068786,-0.0286806304007768
0.5326220393180847,0.585761272907257,8.888513747251636e-08,0.536009919643402,0.5416816592216491,0.00047712633531772,0.5446018576622009,0.49360625743865966,-0.0043144735042005,0.5590387344360352,0.46006352305412296,-0.01070734225213522,0.5720743536949159,0.436311936378479,-0.017119115591049144,0.5215071558952331,0.4702297925949097,-0.00919784633442754,0.538664960861206,0.42223912477493286,-0.01855649091303342,0.5510534167289735,0.3928453683853149,-0.024154423177242226,0.5605711936950684,0.36861876845359803,-0.027728131785988784,0.5227677226066589,0.4807900369167328,-0.015174227952957139,0.5568466067314148,0.44655776023864746,-0.027672166004776944,0.5731056571006775,0.4621917605400085,-0.03104329183697698,0.5796339511871338,0.4781725943088531,-0.0313038624823093,0.5294189453125,0.49737299680709846,-0.020815772563219002,0.5627144694328309,0.46985242962837215,-0.03159805387258526,0.5770239233970642,0.4835445940494537,-0.030143134295940344,0.5830683588981629,0.4976266443729401,-0.026761777326464623,0.5384724497795106,0.5166674971580505,-0.0264804001897573,0.5630108118057251,0.4932949304580688,-0.032250487059354765,0.5778082728385926,0.49496301412582394,-0.030304556712508156,0.5873302936553956,0.5008296132087707,-0.02730527818202966
0.5326600074768066,0.5914227366447449,8.42126169686708e-08,0.5330520033836366,0.547901701927185,0.0006164140184409599,0.5420146107673645,0.498530775308609,-0.00391717897728078,0.5583858013153077,0.46526759862899786,-0.009835458733141362,0.5728041768074036,0.4433526635169983,-0.015741333365440324,0.52276109457016,0.47856153845787053,-0.01005964931100602,0.5415402293205261,0.4295829176902771,-0.01889115907251828,0.5545107483863831,0.3999078035354614,-0.023968606814742024,0.5644670248031617,0.3755697190761566,-0.027179757878184305,0.5266782641410828,0.48925798535346987,-0.01573090758174656,0.5627800345420837,0.45536828041076655,-0.027342830225825305,0.5761757254600525,0.4730488896369933,-0.030160875618457785,0.5798500537872314,0.48915437459945676,-0.030216697603464078,0.5352973341941833,0.5053941428661346,-0.020912265777587823,0.5697370886802674,0.4780177533626556,-0.03075141981244082,0.5812094211578369,0.4932080745697021,-0.029048866033554027,0.5846280694007874,0.5071567118167878,-0.02574017271399494,0.5456344962120057,0.5238897562026978,-0.026071963459253264,0.5705128312110901,0.4999447345733642,-0.03110766708850858,0.5846408009529114,0.5020394623279572,-0.028946178406476945,0.5937747836112977,0.5077998042106628,-0.025929925963282523
0.533726978302002,0.5975785374641419,7.668021950735239e-08,0.531259310245514,0.5550415873527528,0.00053297680569808,0.5404081344604492,0.5052645683288575,-0.00393579723313444,0.5581236839294433,0.4725528419017792,-0.00956114493310446,0.5733075499534607,0.4520601034164429,-0.015143788233399342,0.5247139573097229,0.4879200339317322,-0.011188324354588941,0.5434935808181763,0.43747809529304504,-0.019586105644702863,0.5560361981391908,0.40719403028488155,-0.024106522276997503,0.5656430363655092,0.3822792410850525,-0.026947708800435042,0.5309985637664795,0.49845277070999144,-0.016579049453139278,0.5674309015274048,0.46513075232505796,-0.027690907940268503,0.5776297211647033,0.48407936096191406,-0.03004689402878282,0.5783661007881165,0.49985967874526976,-0.02983228191733356,0.5413384914398194,0.5140616536140442,-0.021327501907944604,0.5757097959518434,0.4873346328735352,-0.03042679056525226,0.5838227987289428,0.5032685399055481,-0.02833937332034106,0.5842468857765198,0.5163896203041076,-0.024974180757999384,0.5525544881820679,0.5318289518356324,-0.0260374896228313,0.5772793292999268,0.508280897140503,-0.0303990043699741,0.5896375060081482,0.5117199063301087,-0.027833733707666383,0.5973066568374634,0.517786729335785,-0.024662589654326383
0.5365259289741516,0.6047027230262756,6.454822596424494e-08,0.532439136505127,0.5629066944122315,0.00078340136678884,0.5410727381706237,0.5134993433952332,-0.0034948738291859,0.5585019350051881,0.48167800307273867,-0.00890163946896786,0.5732409477233886,0.4631124794483185,-0.0142579939216375,0.5274454236030579,0.49654641747474676,-0.01130757685750718,0.5452830195426941,0.4453721821308136,-0.01961509771645064,0.556962013244629,0.4145469844341278,-0.0239677190780639,0.5657922625541688,0.38890886902809146,-0.02673363573849198,0.53477463722229,0.5066137731075286,-0.01673558577895162,0.5704249143600464,0.4736183643341064,-0.027608516812324502,0.5780610918998719,0.4935485661029816,-0.02948939464986322,0.5762133359909057,0.5088909089565277,-0.02896310277283188,0.5458473920822144,0.5216566443443298,-0.021466356143355302,0.5794270634651184,0.4953435778617859,-0.03004989176988596,0.5848602533340455,0.5120209217071534,-0.02717880532145496,0.5826779484748841,0.5244398832321167,-0.023454976826906164,0.5574238061904907,0.538790225982666,-0.02617838680744166,0.5819800138473511,0.5151788830757141,-0.029921618476510002,0.591613495349884,0.5215211689472199,-0.02655685059726236,0.596350634098053,0.5289419412612915,-0.022957592085003805
0.5393248796463013,0.6118269085884094,5.2416232421137475e-08,0.5336189627647401,0.5707718014717102,0.0010338259278796001,0.5417373418807984,0.5217341184616089,-0.0030539504252373607,0.5588801860809327,0.4908031642436981,-0.00824213400483126,0.5731743454933167,0.47416485548019416,-0.013372199609875662,0.5301768898963928,0.5051728010177613,-0.011426829360425418,0.547072458267212,0.4532662689685822,-0.01964408978819842,0.5578878283500671,0.42189993858337405,-0.023828915879130302,0.5659414887428283,0.3955384969711304,-0.026519562676548925,0.5385507106781006,0.5147747755050659,-0.01689212210476396,0.573418927192688,0.4821059763431549,-0.027526125684380502,0.5784924626350403,0.5030177712440491,-0.02893189527094362,0.574060571193695,0.5179221391677857,-0.0280939236283302,0.5503562927246094,0.5292516350746155,-0.021605210378766,0.5831443309783936,0.5033525228500366,-0.029672992974519658,0.585897707939148,0.5207733035087586,-0.026018237322568867,0.5811090111732483,0.5324901461601258,-0.02193577289581294,0.5622931241989135,0.5457515001296998,-0.026319283992052023,0.5866806983947754,0.5220768690109253,-0.029444232583045904,0.5935894846916199,0.5313224315643311,-0.02527996748685834,0.5953946113586426,0.5400971531867981,-0.021252594515681223
0.5420188665390014,0.6207372903823852,4.024543267533432e-08,0.5351260662078858,0.5796431183815003,0.00174669856205576,0.5425192356109619,0.5312146663665772,-0.00205554107669738,0.5588486790657043,0.5003871142864227,-0.007097719144076061,0.5724823474884033,0.4841912150382996,-0.012173539772629721,0.5327152729034423,0.5139267504215241,-0.01072025652974838,0.5487646341323853,0.4614751935005188,-0.01884188242256636,0.5590535759925842,0.4299865484237671,-0.02299242503941054,0.566474175453186,0.4032195627689362,-0.025709852576255764,0.5418644428253174,0.5230942368507385,-0.01649596150964496,0.5752205848693848,0.4894960105419159,-0.026808992773294422,0.5788937091827393,0.510752660036087,-0.0277680933475494,0.5728769659996032,0.5254950284957887,-0.02667358033359048,0.5542629957199097,0.5372192978858948,-0.02149388119578356,0.5856274008750916,0.5106644153594971,-0.029012330248951838,0.5867561340332031,0.5285427808761597,-0.024569057673215842,0.5803853034973144,0.5399271845817566,-0.020127048715949003,0.5664914846420288,0.5534072160720825,-0.026476933807134582,0.5903752446174622,0.5291341900825501,-0.0289235215634107,0.5945592045783997,0.5410149335861206,-0.023935096338391262,0.5934698104858398,0.5507002949714661,-0.019485871307551802
0.5447128534317017,0.6296476721763611,2.8074632929531164e-08,0.5366331696510316,0.5885144352912903,0.00245957119623192,0.5433011293411255,0.5406952142715454,-0.0010571317281573998,0.5588171720504761,0.5099710643291473,-0.005953304283320859,0.57179034948349,0.49421757459640503,-0.01097487993538378,0.5352536559104919,0.5226806998252869,-0.01001368369907134,0.5504568099975586,0.4696841180324554,-0.0180396750569343,0.5602193236351013,0.43807315826416016,-0.02215593419969078,0.5670068621635437,0.41090062856674203,-0.024900142475962603,0.5451781749725342,0.5314136981964112,-0.016099800914525963,0.5770222425460816,0.4968860447406769,-0.02609185986220834,0.5792949557304382,0.518487548828125,-0.026604291424155182,0.5716933608055115,0.5330679178237916,-0.02525323703885076,0.5581696987152099,0.5451869606971741,-0.02138255201280112,0.5881104707717896,0.5179763078689575,-0.02835166752338402,0.5876145601272583,0.5363122582435609,-0.02311987802386282,0.5796615958213807,0.5473642230033875,-0.018318324536085062,0.5706898450851441,0.5610629320144653,-0.026634583622217142,0.594069790840149,0.5361915111541748,-0.0284028105437755,0.5955289244651795,0.5507074356079101,-0.022590225189924183,0.5915450096130371,0.561303436756134,-0.01771914809942238
0.5475393772125245,0.6398698329925537,1.388233474841627e-08,0.5381861090660096,0.5984811544418336,0.0034794318955391,0.5438241720199585,0.5512581706047058,0.0006067827809601801,0.5583041906356812,0.5206753969192506,-0.0038774657179601203,0.5708261966705322,0.5052209377288819,-0.0085867717862129,0.5374896645545959,0.5318892359733582,-0.008423393126577059,0.5519783973693848,0.47871166467666626,-0.016157138533890177,0.5612373471260071,0.44731270670890805,-0.02029078826308246,0.5674947381019593,0.419989812374115,-0.023106898367404902,0.5479633331298828,0.5401968240737915,-0.01483913026750086,0.5780843615531922,0.5047205924987793,-0.02422466464340684,0.5797372698783874,0.5263283610343933,-0.024519110471010165,0.5716230750083924,0.5411175489425659,-0.02313537932932374,0.5613595724105835,0.5536324977874756,-0.02043048031628126,0.589452874660492,0.5253520607948303,-0.02670514695346348,0.588408386707306,0.5441973447799683,-0.021002851612865903,0.5801252126693726,0.555474579334259,-0.016079282015561983,0.5741074085235596,0.5694011926651001,-0.025944774225354163,0.5964926719665528,0.5435692310333252,-0.0269941128790378,0.5962200999259949,0.5596232652664185,-0.020572752691805304,0.5905629873275757,0.5707964062690736,-0.01543402019888156
0.5502406716346742,0.6503583073616028,1.1289488455190617e-09,0.5398292541503906,0.6091448545455933,0.00401029970962548,0.5443949341773987,0.5623241901397705,0.0016191462054848203,0.5578156232833863,0.5314024448394776,-0.0024647569589433156,0.5701358675956726,0.5153587579727172,-0.00683458927087482,0.5394921183586121,0.5418356537818909,-0.0074161286465823,0.5530901193618775,0.48827898502349854,-0.01466851606965058,0.5617441773414612,0.4569117367267609,-0.018604052998125502,0.5675585269927979,0.4297030568122863,-0.02131565287709232,0.5507668375968933,0.5498222351074219,-0.01383039541542528,0.5784555912017822,0.5132805883884429,-0.022515684366226165,0.5796753764152527,0.534309697151184,-0.02260217331349844,0.5717968583106995,0.5495135068893433,-0.021192115917801818,0.5647454142570496,0.5629186272621155,-0.0193897377699613,0.5902000427246095,0.5331321716308595,-0.024936939030885622,0.5889034867286682,0.5518381595611572,-0.01892963200807568,0.5809983968734741,0.5636665105819703,-0.013969078287482182,0.5777774453163147,0.5784992456436158,-0.02484332993626592,0.5981732845306397,0.5511893510818482,-0.025304804369807202,0.5971615314483643,0.5673908829689026,-0.018512804619967883,0.5912979483604431,0.5790023446083069,-0.01320453304797404
0.5529419660568238,0.6608467817306518,-1.1624437057378147e-08,0.5414723992347718,0.6198085546493531,0.00454116752371186,0.5449656963348388,0.5733902096748352,0.0026315096300094606,0.5573270559310913,0.5421294927597046,-0.0010520481999265105,0.569445538520813,0.5254965782165527,-0.00508240675553674,0.5414945721626282,0.5517820715904236,-0.00640886416658754,0.5542018413543701,0.4978463053703308,-0.01317989360541098,0.5622510075569154,0.46651076674461367,-0.01691731773316854,0.5676223158836364,0.4394163012504577,-0.01952440738677974,0.5535703420639038,0.5594476461410522,-0.0128216605633497,0.5788268208503723,0.5218405842781068,-0.02080670408904548,0.5796134829521179,0.5422910332679748,-0.02068523615598672,0.5719706416130066,0.5579094648361207,-0.0192488525062799,0.5681312561035157,0.5722047567367554,-0.018348995223641338,0.5909472107887268,0.5409122824668885,-0.023168731108307763,0.5893985867500305,0.5594789743423462,-0.016856412403285462,0.5818715810775756,0.5718584418296815,-0.01185887455940238,0.5814474821090698,0.5875972986221314,-0.02374188564717768,0.5998538970947266,0.558809471130371,-0.0236154958605766,0.5981029629707336,0.5751585006713867,-0.01645285654813046,0.5920329093933105,0.5872082829475403,-0.010975045897066521
0.5558847904205323,0.6715166687965393,-1.9784813698464634e-08,0.5435386538505556,0.630534827709198,0.00457064807415002,0.5463382124900819,0.5840774416923523,0.0029441952938213207,0.5582332611083985,0.5523447036743164,-0.00039967658522075045,0.5703134894371034,0.535805892944336,-0.00407799407839768,0.5435082197189331,0.5622099995613098,-0.0061380694620310795,0.5551619529724121,0.5076896667480468,-0.01247900221496814,0.5625394701957702,0.47603579759597775,-0.01593390014022582,0.5674641966819763,0.4490347504615783,-0.018355365097522683,0.5563221931457519,0.5696256637573243,-0.01232664771378038,0.5793857574462891,0.5312722682952882,-0.01969691216945642,0.5799065709114075,0.5507816195487977,-0.019352925196289963,0.5727461218833924,0.5665995597839356,-0.0178507018834352,0.5713453412055969,0.5821325898170472,-0.01760456711053842,0.5918466329574585,0.5497635722160339,-0.02183697856962674,0.5901279091835021,0.5675166130065918,-0.01538515090942378,0.5830808877944946,0.5802724838256836,-0.01039284970611326,0.5848543047904968,0.5972733616828918,-0.02275295369327066,0.6014437079429626,0.5671849131584168,-0.02220288924872872,0.5994033932685852,0.5828164339065552,-0.014858758822083422,0.5935319423675538,0.5952402830123902,-0.00928738024085754
0.5596001267433167,0.6857244372367859,-2.8785062511360596e-08,0.5465108036994935,0.6446123361587525,0.00445613218471402,0.5487123370170592,0.5976665258407593,0.0030316495802252806,0.5601959466934204,0.5652558207511902,-3.9839991950430334e-05,0.5722448468208313,0.5486595869064331,-0.0034054983407258202,0.5464484691619873,0.5758465647697448,-0.0059223603457212,0.5568087577819825,0.5205690145492554,-0.01192986033856864,0.5633347511291504,0.4885388374328613,-0.015150895901024261,0.567714262008667,0.46152411699295043,-0.01741359271109098,0.5599329590797425,0.5832628846168518,-0.011893937923014141,0.5807767868041993,0.5438363552093506,-0.01886789835989468,0.5809671401977539,0.5624911785125734,-0.0184308003634214,0.5742711901664734,0.5785065174102784,-0.016908016428351342,0.5753849506378175,0.5955915689468384,-0.01694641336798662,0.5934986591339112,0.5616896629333497,-0.020786343887448263,0.5915774941444397,0.5788280367851257,-0.01423883885145182,0.5850409030914306,0.5919612050056458,-0.00923133455216878,0.5891582727432251,0.6104280829429627,-0.021885208785533877,0.6038816571235657,0.5785999536514282,-0.021020827814936603,0.6015200853347779,0.5936422109603883,-0.01350816320627924,0.5958714723587037,0.6064538359642029,-0.00784127805382008
0.5623606085777283,0.6961822748184204,-3.2375678671314746e-08,0.5489229679107666,0.6548411250114441,0.00408170903101558,0.5508704662322998,0.6072307586669922,0.00256084799766534,0.562317717075348,0.5742666602134705,-0.0004760453972266703,0.5744286298751831,0.5577741622924806,-0.00376347787678234,0.548771870136261,0.5859956264495849,-0.006449621170759159,0.558079969882965,0.5299549818038941,-0.0124163273721933,0.5640290379524231,0.4975116908550262,-0.015520233474671762,0.5680770993232727,0.47034643888473515,-0.01769123822450632,0.5627219557762146,0.5936510443687439,-0.01220714915543792,0.5821331739425659,0.5530521512031555,-0.01916486173868172,0.5820394158363342,0.571347188949585,-0.01863215565681454,0.575593090057373,0.5876019954681397,-0.01702430285513394,0.578441596031189,0.6060196161270142,-0.01704286076128478,0.5950875401496888,0.5708243489265442,-0.02081010602414604,0.5929844737052917,0.5875104188919068,-0.01418377440422768,0.5867347836494445,0.6009116411209107,-0.0091052839532494,0.592391037940979,0.6206878900527955,-0.0217918276786804,0.6058556199073792,0.5873295903205872,-0.020842880755662884,0.6033440470695496,0.6018244504928589,-0.01325225364416834,0.597944974899292,0.6148632884025574,-0.0075287422165274
0.5652040123939515,0.7069422245025635,-3.657869811490856e-08,0.551766836643219,0.6653947591781616,0.0037757230456917997,0.5537549018859863,0.616590416431427,0.0021258897031656804,0.565199625492096,0.5824598431587219,-0.0009558881472912151,0.5768269181251526,0.5651146054267884,-0.004218682320788441,0.5512907624244691,0.595881986618042,-0.00687695052474732,0.5601216316223144,0.5392921924591065,-0.012987436540424781,0.5656457781791687,0.5065652132034302,-0.016153634712099962,0.5693669557571411,0.47912139892578126,-0.018371393904089883,0.5652254819869995,0.6040463447570801,-0.012599531188607179,0.5845678567886353,0.5628523588180543,-0.01982377134263508,0.5844482898712159,0.5812088847160339,-0.01941239722073074,0.5780279040336609,0.5973784804344178,-0.01786262914538376,0.5810372829437256,0.6167310237884522,-0.017406016215681983,0.5974945187568664,0.5806144595146179,-0.02146311029791828,0.5953650832176208,0.5973950982093812,-0.014869614318013142,0.5891620635986328,0.6108487248420715,-0.009764648973941761,0.5952423810958862,0.6314326643943787,-0.022136252373456917,0.6085744380950928,0.5970490217208863,-0.021419395506381944,0.6060440897941589,0.6115623354911804,-0.01384206768125292,0.6006900429725647,0.6247323036193848,-0.00810695290565486
0.5680474162101746,0.7177021741867066,-4.078171755850236e-08,0.5546107053756714,0.6759483933448792,0.00346973706036802,0.5566393375396729,0.6259500741958619,0.00169093140866602,0.568081533908844,0.5906530261039734,-0.0014357308973557599,0.5792252063751221,0.5724550485610962,-0.0046738867647945406,0.5538096547126771,0.605768346786499,-0.0073042798787354805,0.5621632933616638,0.5486294031143188,-0.01355854570865626,0.5672625184059144,0.5156187355518341,-0.01678703594952816,0.5706568121910096,0.4878963589668274,-0.019051549583673444,0.5677290081977844,0.6144416451454163,-0.012991913221776438,0.5870025396347046,0.5726525664329529,-0.02048268094658844,0.5868571639060974,0.591070580482483,-0.02019263878464694,0.5804627180099488,0.6071549654006958,-0.018700955435633583,0.5836329698562622,0.6274424314498901,-0.01776917167007918,0.5999014973640442,0.5904045701026917,-0.02211611457169052,0.5977456927299499,0.6072797775268555,-0.015555454231798603,0.591589343547821,0.6207858085632324,-0.010424013994634121,0.5980937242507935,0.6421774387359619,-0.022480677068233437,0.6112932562828064,0.6067684531211853,-0.021995910257101,0.6087441325187684,0.6213002204895021,-0.014431881718337501,0.6034351110458374,0.6346013188362122,-0.00868516359478232
0.5706086993217468,0.7284328222274781,-3.987568248930985e-08,0.5574703693389893,0.6860894680023193,0.0030835222918539997,0.5597709655761719,0.6350812911987305,0.0009599282289855,0.5712891459465027,0.5993260264396667,-0.0024780715815722,0.5823827862739563,0.5811129093170166,-0.0059793364256620005,0.5566685318946839,0.6157495617866516,-0.007843807898461761,0.564937448501587,0.5581475257873535,-0.01448368728160854,0.5699246048927308,0.5249759793281555,-0.017954192310571618,0.5732224106788636,0.49688637256622314,-0.02038959339261052,0.5703757405281067,0.6249629497528078,-0.01360250823199744,0.5903105854988098,0.5826150178909302,-0.02173653617501252,0.5901677370071411,0.6012856364250183,-0.021750215440988502,0.5835959076881408,0.6172869205474854,-0.0203676909208297,0.5862750291824341,0.6383432507514953,-0.01846992932260032,0.6030637979507447,0.6008299112319947,-0.023402821645140605,0.6007911205291748,0.6180439472198487,-0.016974711045622783,0.5944432497024537,0.6314215898513794,-0.01181059703230854,0.6010124683380127,0.6533076286315918,-0.02329312711954112,0.6146578550338745,0.6175372123718261,-0.023184307292103704,0.6119987726211548,0.6323329806327821,-0.015699872747063602,0.6065739631652832,0.645606541633606,-0.009965934604406321
0.5730587124824524,0.739001488685608,-3.5186926083952134e-08,0.5602904558181764,0.6961567997932435,0.0027369210030883198,0.5630951762199401,0.6445618748664856,0.00029730742098764,0.5749126553535462,0.6085408568382263,-0.0034120772965251602,0.585998821258545,0.5901986241340638,-0.007149121165275541,0.5597883820533753,0.6258209705352784,-0.008428482804447362,0.5685166120529175,0.5676986098289489,-0.015446801669895602,0.5737918615341188,0.5345067977905273,-0.01910215131938454,0.5773831129074097,0.5061236619949341,-0.02164403498172756,0.573333740234375,0.635339653491974,-0.0141823142766952,0.5941672444343566,0.592738687992096,-0.022846990451216638,0.5939951658248901,0.611703908443451,-0.0229978203773498,0.5873417377471923,0.6275985956192016,-0.0216023121029138,0.5891910552978517,0.649009644985199,-0.019066233932971903,0.6068774461746216,0.6118934035301209,-0.024395543709397262,0.6043972015380858,0.6292682051658631,-0.018012884259223903,0.5978344082832338,0.642339825630188,-0.01278775911778208,0.604039192199707,0.6641923666000367,-0.02393858954310412,0.6184462189674377,0.6293082594871521,-0.024012999609112684,0.6156015992164612,0.6442278265953065,-0.0166065545752644,0.6100121736526489,0.6570876002311706,-0.01090201605111358
0.5755087256431579,0.7495701551437377,-3.049816967859443e-08,0.5631105422973633,0.7062241315841675,0.00239031971432264,0.5664193868637085,0.6540424585342407,-0.00036531338701022,0.5785361647605896,0.617755687236786,-0.00434608301147812,0.5896148562431335,0.5992843389511109,-0.00831890590488908,0.5629082322120667,0.6358923792839051,-0.009013157710432962,0.5720957756042481,0.5772496938705445,-0.01640991605818266,0.5776591181755066,0.5440376162528991,-0.020250110328197464,0.5815438151359559,0.515360951423645,-0.022898476570844598,0.5762917399406433,0.6457163572311402,-0.01476212032139296,0.5980239033699035,0.6028623580932617,-0.023957444727420757,0.5978225946426391,0.6221221804618836,-0.0242454253137111,0.5910875678062439,0.637910270690918,-0.022836933284997904,0.5921070814132691,0.6596760392189026,-0.01966253854334348,0.6106910943984986,0.6229568958282471,-0.025388265773653922,0.6080032825469971,0.6404924631118775,-0.01905105747282502,0.6012255668640137,0.6532580614089967,-0.01376492120325562,0.6070659160614014,0.6750771045684816,-0.02458405196666712,0.622234582901001,0.6410793066024781,-0.024841691926121665,0.6192044258117676,0.6561226725578309,-0.0175132364034652,0.6134503841400146,0.6685686588287353,-0.011838097497820842
0.5774789452552795,0.759034538269043,-2.2613884542721507e-08,0.565660035610199,0.7150200009346008,0.00217935196124012,0.5697763919830322,0.6629569292068482,-0.00088492920622224,0.5825260639190675,0.627290952205658,-0.0051520151551812405,0.594463312625885,0.6095038414001465,-0.00941744744777676,0.5663146257400513,0.6454623818397522,-0.009661646932363462,0.5760994553565979,0.5867132782936096,-0.01748869046568866,0.5822113156318665,0.5535981416702271,-0.021551324054598784,0.5866538047790527,0.5247953772544861,-0.024320953339338237,0.5793681740760803,0.6556047558784485,-0.015392418764531561,0.6022050857543946,0.6129876613616944,-0.02496976442635056,0.6018815636634827,0.6324984312057496,-0.02521900795400136,0.5949710965156556,0.6481000065803528,-0.023720461875200244,0.5948532462120056,0.6699764609336853,-0.020289244502782765,0.6146560311317444,0.6344384908676148,-0.026139762625098182,0.6116501688957214,0.6520321607589721,-0.0196500591933727,0.604557192325592,0.6643251419067383,-0.014246073924005,0.6094887256622314,0.6859211921691895,-0.02525582835078234,0.6257691860198975,0.6534961819648744,-0.02547271586954588,0.6224116921424866,0.6685624837875366,-0.018122190609574238,0.6163242101669312,0.6803509712219239,-0.012454528920352441
0.5794491648674011,0.7684989213943482,-1.4729599406848594e-08,0.5682095289230347,0.7238158702850341,0.0019683842081575998,0.573133397102356,0.6718713998794557,-0.00140454502543426,0.5865159630775452,0.6368262171745301,-0.00595794729888436,0.5993117690086365,0.6197233438491822,-0.01051598899066444,0.5697210192680359,0.6550323843955994,-0.01031013615429396,0.5801031351089478,0.5961768627166748,-0.01856746487319466,0.5867635130882263,0.5631586670875549,-0.0228525377810001,0.5917637944221497,0.5342298030853272,-0.025743430107831877,0.5824446082115173,0.6654931545257569,-0.01602271720767016,0.6063862681388855,0.623112964630127,-0.02598208412528036,0.6059405326843261,0.6428746819496155,-0.026192590594291618,0.5988546252250672,0.6582897424697877,-0.024603990465402584,0.5975994110107422,0.6802768826484681,-0.02091595046222204,0.6186209678649903,0.6459200859069825,-0.02689125947654244,0.6152970552444458,0.6635718584060668,-0.02024906091392038,0.6078888177871704,0.67539222240448,-0.014727226644754381,0.6119115352630615,0.6967652797698975,-0.025927604734897563,0.629303789138794,0.6659130573272705,-0.026103739812970102,0.6256189584732056,0.6810022950172423,-0.01873114481568328,0.6191980361938477,0.6921332836151124,-0.01307096034288404
0.5809394478797913,0.7761985063552856,-9.209169693491504e-09,0.5703631520271302,0.7312846899032592,0.0022041123826056002,0.5762348532676697,0.6801932215690613,-0.0011631597182712799,0.5901163935661317,0.6456926345825197,-0.005673289112746701,0.6032203316688538,0.6284746766090392,-0.010236864909529641,0.5729194045066833,0.6634851217269898,-0.010900242440402462,0.5841846585273743,0.6046136498451233,-0.01939152888953682,0.5915027856826782,0.5717790126800537,-0.023818376660346943,0.5971041679382325,0.5429751873016359,-0.02675760053098194,0.5853278875350952,0.6746111989021301,-0.016554013267159422,0.609946882724762,0.6323224425315858,-0.02639803774654864,0.609223198890686,0.6518420457839966,-0.0263126425445079,0.6020458459854126,0.6667895793914795,-0.024592098593711822,0.6000696301460267,0.6898852705955505,-0.02133724205195898,0.6217530488967896,0.6560618042945863,-0.026839003711938845,0.618114459514618,0.6733375787734985,-0.01976545229554174,0.610566520690918,0.6847349762916565,-0.014102176576852782,0.6137884378433228,0.706814193725586,-0.02625730335712428,0.6316998481750489,0.6767821669578552,-0.0259837999939918,0.6277220487594605,0.6914759397506713,-0.018370085209608,0.6211237788200379,0.701991605758667,-0.012629155069589601
0.5820932507514953,0.7823185443878174,-8.581856736356032e-09,0.571865177154541,0.7375774502754212,0.0028033713344483998,0.5782135367393494,0.6875254034996032,-0.0003062659990973399,0.5923434257507324,0.6536564826965333,-0.00456087864004074,0.605791437625885,0.6366464734077454,-0.00894519207067782,0.5751697540283203,0.6704994201660156,-0.011220831982791382,0.5871466279029847,0.6116533994674683,-0.01974669881165024,0.5949466466903687,0.5787509202957154,-0.02415028363466258,0.6008765935897827,0.5501899838447571,-0.027007334306836064,0.5872443675994874,0.6821194887161255,-0.01689286492764946,0.6123508453369141,0.6394533038139343,-0.02641135044395922,0.6113634586334229,0.6588620066642762,-0.02587602660059922,0.6039356350898742,0.6738906979560852,-0.02389280237257476,0.6016157865524292,0.6978682279586792,-0.021601711958646724,0.6237032890319825,0.663721466064453,-0.026613201573491084,0.6198588490486145,0.6809328079223633,-0.01908336952328678,0.6122168779373169,0.6924200177192688,-0.013207676261663422,0.6147820115089416,0.7153104662895202,-0.026389081776142062,0.6330352187156678,0.6849628686904907,-0.02570371292531484,0.6288385152816772,0.6994974732398987,-0.01776005290448658,0.6220879077911378,0.7099591612815858,-0.01183543000370262
0.5832470536231995,0.7884385824203491,-7.954543779220559e-09,0.5733672022819519,0.7438702106475831,0.0034026302862911998,0.580192220211029,0.6948575854301453,0.0005506277200766001,0.5945704579353333,0.6616203308105469,-0.0034484681673347803,0.6083625435829163,0.6448182702064514,-0.007653519231826,0.5774201035499573,0.6775137186050415,-0.011541421525180302,0.590108597278595,0.6186931490898133,-0.020101868733763663,0.5983905076980591,0.585722827911377,-0.024482190608978223,0.604649019241333,0.5574047803878784,-0.027257068082690183,0.5891608476638794,0.6896277785301208,-0.017231716588139503,0.6147548079490662,0.6465841650962829,-0.026424663141369802,0.6135037183761597,0.6658819675445558,-0.02543941065669054,0.6058254241943359,0.680991816520691,-0.023193506151437705,0.6031619429588319,0.7058511853218079,-0.021866181865334462,0.6256535291671754,0.67138112783432,-0.026387399435043323,0.6216032385826111,0.6885280370712281,-0.01840128675103182,0.6138672351837158,0.7001050591468811,-0.012313175946474061,0.6157755851745605,0.7238067388534546,-0.026520860195159843,0.6343705892562866,0.6931435704231261,-0.02542362585663788,0.6299549818038941,0.707519006729126,-0.01715002059936516,0.6230520367622375,0.7179267168045045,-0.01104170493781564
0.5835858464241028,0.7936251282691956,-7.373748500683065e-09,0.5737430214881898,0.7490597963333131,0.00384331289678808,0.5805990338325501,0.7002421259880066,0.00125409945612772,0.5950288414955139,0.6668954253196717,-0.00246217478998004,0.6089013814926147,0.6499849796295166,-0.0064092626795172,0.5779021739959718,0.6827832818031311,-0.011565864831209142,0.5909082174301148,0.6238273024559021,-0.02026401273906228,0.5993415713310242,0.5904307723045349,-0.024814734607934902,0.6056173920631409,0.5619813561439515,-0.027672098577022505,0.5895280361175537,0.6952602028846742,-0.017306710779666862,0.6153400778770447,0.6510531544685365,-0.026375377178192123,0.6140178442001343,0.6706094264984132,-0.02515616156160826,0.6062180876731873,0.6861760258674622,-0.022732946649193703,0.6034173727035523,0.7116897821426392,-0.02195130772888654,0.6261141300201417,0.6761145234107971,-0.026286355778574924,0.6219638586044312,0.693380904197693,-0.01804588437080378,0.614197051525116,0.7052422881126404,-0.011778748407959921,0.615874719619751,0.729681384563446,-0.026556693762540762,0.6344567537307739,0.6980266928672791,-0.025278642028570098,0.62987459897995,0.7124872446060181,-0.01677625663578504,0.6229225754737854,0.7230691075325013,-0.01050704009830948
0.5839246392250061,0.7988116741180421,-6.7929532221455705e-09,0.5741188406944275,0.7542493820190431,0.004283995507284959,0.5810058474540711,0.7056266665458679,0.00195757119217884,0.5954872250556946,0.6721705198287964,-0.0014758814126253,0.6094402194023132,0.6551516890525818,-0.0051650061272084,0.5783842444419861,0.6880528450012208,-0.011590308137237982,0.5917078375816346,0.6289614558219909,-0.020426156744360904,0.6002926349639893,0.5951387166976929,-0.025147278606891584,0.6065857648849488,0.5665579319000245,-0.028087129071354824,0.5898952245712281,0.7008926272392273,-0.017381704971194224,0.6159253478050232,0.6555221438407899,-0.026326091215014443,0.6145319700241089,0.6753368854522706,-0.02487291246652598,0.6066107511520387,0.6913602352142334,-0.022272387146949704,0.6036728024482727,0.7175283789634705,-0.022036433592438624,0.626574730873108,0.6808479189872743,-0.026185312122106525,0.6223244786262512,0.6982337713241579,-0.01769048199057574,0.6145268678665161,0.7103795170783997,-0.011244320869445781,0.6159738540649414,0.7355560302734375,-0.02659252732992168,0.6345429182052612,0.7029098153114319,-0.02513365820050232,0.629794216156006,0.7174554824829102,-0.01640249267220492,0.6227931141853332,0.7282114982604981,-0.009972375258803321
0.5837701201438904,0.8023408293724061,-3.929712999450885e-09,0.5735177755355836,0.7577736258506775,0.00409917347133156,0.5800226688385011,0.7085530281066894,0.00174532217206432,0.5946358799934387,0.6747113466262817,-0.0016647469252347802,0.608912467956543,0.6579757452011108,-0.0052676812745630006,0.5770160794258118,0.6915653705596925,-0.011498166061937761,0.5898435950279236,0.6321687817573548,-0.02021336928009984,0.5982036352157593,0.5979796409606933,-0.024743635579943603,0.6042766094207764,0.5691567659378052,-0.027541712298989246,0.5885091781616212,0.7038571238517761,-0.017267573252320242,0.6145575523376465,0.6574942708015442,-0.026280600950121864,0.613413405418396,0.6779751420021057,-0.02472464255988594,0.605525028705597,0.6948698401451111,-0.021915837004780704,0.6023689031600952,0.720046651363373,-0.02193654440343372,0.6254998922348023,0.6827425360679626,-0.026274855434894523,0.6214621067047119,0.7004856228828431,-0.01782889962196344,0.6137029767036439,0.7129895567893982,-0.01129053793847558,0.6148947715759278,0.7375913023948669,-0.02650087699294086,0.6335837125778199,0.7045075654983521,-0.02515893355011932,0.6289166212081909,0.7195575594902038,-0.016460013762116383,0.6218679189682007,0.7306359410285951,-0.01000726465135808
0.5830304145812988,0.80415016412735,8.648890492679584e-10,0.5720391273498535,0.7597442269325257,0.00363886402919884,0.5777220726013184,0.7096626877784729,0.0010595886851661,0.5919631481170654,0.674907636642456,-0.002552354009822,0.6063253283500671,0.6578558802604675,-0.006293242471292541,0.5741464614868164,0.6932977199554444,-0.01126740239560598,0.5859912991523744,0.6338944554328919,-0.01999801732599732,0.5937208771705628,0.5994901776313781,-0.024582169204950283,0.5992058634757995,0.5703559160232544,-0.027466489747166586,0.5856988072395325,0.7048531889915467,-0.017046476900577503,0.6114710450172425,0.6580326437950135,-0.026234897226095184,0.6109242796897888,0.6786827921867371,-0.024887256696820223,0.603258240222931,0.695799481868744,-0.02218120060861104,0.599785590171814,0.7202841401100158,-0.02181521244347088,0.6228749394416809,0.6828841805458069,-0.02649725303053852,0.6192567110061645,0.700870954990387,-0.018278709426522204,0.6115098476409913,0.7134628057479859,-0.01181927565485236,0.6127951860427857,0.7370687007904053,-0.02652442045509812,0.6313786625862122,0.7035549521446228,-0.02556900568306438,0.6269926071166992,0.7192973971366882,-0.01704587452113624,0.6198822379112244,0.7308095574378969,-0.010663425736129238
0.5822907090187073,0.8059594988822938,5.659491097986802e-09,0.5705604791641236,0.7617148280143738,0.0031785545870661206,0.5754214763641358,0.7107723474502563,0.0003738551982678801,0.5892904162406922,0.6751039266586304,-0.0034399610944092205,0.6037381887435913,0.6577360153198242,-0.007318803668022081,0.571276843547821,0.6950300693511963,-0.011036638729274201,0.582139003276825,0.635620129108429,-0.019782665371894805,0.5892381191253662,0.601000714302063,-0.02442070282995696,0.5941351175308227,0.5715550661087037,-0.027391267195343925,0.5828884363174438,0.7058492541313172,-0.016825380548834763,0.6083845376968384,0.6585710167884826,-0.026189193502068504,0.6084351539611816,0.6793904423713684,-0.025049870833754505,0.6009914517402649,0.6967291235923767,-0.02244656421244138,0.5972022771835328,0.7205216288566589,-0.02169388048350804,0.6202499866485597,0.6830258250236511,-0.02671965062618252,0.6170513153076171,0.7012562870979309,-0.018728519231080962,0.6093167185783386,0.7139360547065736,-0.012348013371229141,0.6106956005096436,0.7365460991859437,-0.026547963917255384,0.6291736125946046,0.7026023387908935,-0.025979077816009444,0.6250685930252076,0.7190372347831726,-0.017631735280156102,0.617896556854248,0.7309831738471986,-0.0113195868209004
0.5811456084251404,0.8058261632919312,1.0867937705327791e-08,0.5685986399650573,0.762558126449585,0.00277642705477768,0.5724049925804138,0.7111343264579773,-0.00022576566552738004,0.585755729675293,0.6750292658805847,-0.00423945817165076,0.6000429630279541,0.657382607460022,-0.0082860930822789,0.5676081776618958,0.6956953048706055,-0.010901109129190381,0.5772256255149841,0.6358915805816652,-0.019250350072979882,0.5835499167442322,0.6014147281646729,-0.02344167605042454,0.587742006778717,0.5721544981002807,-0.026139883697032885,0.5792988181114197,0.7055730223655701,-0.016686937958002062,0.6041230440139771,0.6577681422233581,-0.026074510812759383,0.6047786951065064,0.6784453749656678,-0.025007976964116062,0.597680962085724,0.6960045337677002,-0.022416710481047562,0.5938440799713135,0.7193106293678283,-0.0216009754687547,0.6164761781692506,0.6813504338264464,-0.02693641074001786,0.6138519763946533,0.6999080777168274,-0.019234220311045602,0.6062886118888855,0.7128464579582215,-0.01297255828976628,0.6078058362007142,0.734448802471161,-0.026516193151473983,0.6259807109832763,0.699830985069275,-0.026281203702092103,0.622501528263092,0.7167190551757813,-0.01815508641302582,0.6154899477958679,0.7291624188423157,-0.01195364072918888
0.5800005078315735,0.8056928277015687,1.607638431266878e-08,0.5666368007659912,0.7634014248847961,0.00237429952248924,0.5693885087966919,0.7114963054656982,-0.00082538652932264,0.5822210431098939,0.674954605102539,-0.0050389552488922995,0.5963477373123169,0.6570291996002198,-0.00925338249653572,0.5639395117759705,0.6963605403900146,-0.010765579529106561,0.5723122477531433,0.636163032054901,-0.01871803477406496,0.5778617143630981,0.6018287420272828,-0.02246264927089212,0.5813488960266113,0.5727539300918579,-0.024888500198721845,0.5757091999053956,0.705296790599823,-0.01654849536716936,0.5998615503311157,0.6569652676582336,-0.02595982812345026,0.6011222362518311,0.677500307559967,-0.024966083094477624,0.5943704724311829,0.6952799439430237,-0.022386856749653742,0.5904858827590943,0.7180996298789978,-0.021508070454001358,0.6127023696899414,0.6796750426292419,-0.027153170853853204,0.6106526374816894,0.6985598683357238,-0.019739921391010242,0.6032605051994324,0.7117568612098695,-0.01359710320830342,0.6049160718917848,0.7323515057563782,-0.02648442238569258,0.6227878093719482,0.6970596313476564,-0.02658332958817476,0.6199344635009766,0.7144008755683899,-0.01867843754589554,0.6130833387374878,0.7273416638374328,-0.01258769463747736
0.5785337090492249,0.8048759579658509,1.5374509487742214e-08,0.5645067811012268,0.7637596368789673,0.0023605990689247198,0.5660704135894776,0.7116899490356445,-0.0008528406498953,0.5784315824508668,0.6747479438781738,-0.00509557714685796,0.5924560189247131,0.6567449927330018,-0.00939166788011784,0.5602052569389343,0.6966363191604614,-0.01083510722964996,0.5673674821853638,0.6362312316894531,-0.01854817979037756,0.5720535993576049,0.6020209670066834,-0.02207054309546946,0.5747074007987977,0.5731413483619691,-0.02440272755920884,0.5721650719642639,0.7050178170204162,-0.016724509745836242,0.5953855276107789,0.6558225870132447,-0.02602184712886808,0.5972387433052063,0.6762113690376282,-0.025026549771428062,0.5908777952194214,0.6940226197242737,-0.02254519499838346,0.5872572779655456,0.7171445608139039,-0.02179192900657648,0.6087243437767029,0.6776012778282166,-0.0276016768068075,0.6072203516960144,0.6967108011245728,-0.020402819290757143,0.600050961971283,0.7101308822631837,-0.01443994939327238,0.6021731734275818,0.7306993007659912,-0.02684422619640824,0.6193798303604126,0.6939651489257813,-0.027177473530173243,0.6171310901641847,0.7116240859031677,-0.01939914412796494,0.6105268001556396,0.7251410245895387,-0.01343244109302754
0.5768546462059021,0.8036499738693238,1.4008722448721754e-08,0.5625792741775513,0.7633963346481324,0.00262175793759518,0.5634258031845093,0.711522376537323,-0.00049941907636816,0.5755272150039673,0.6746496319770814,-0.00468152486719188,0.5893297314643859,0.656920063495636,-0.00898396596312518,0.5571385264396668,0.696689260005951,-0.0110796064138412,0.5633790493011475,0.6358503103256226,-0.018389995023608163,0.5674663662910462,0.6017322540283203,-0.02149458415806292,0.569512665271759,0.5731046795845032,-0.02359094433486458,0.569103491306305,0.7048152327537537,-0.017125298827886562,0.5917578220367432,0.6547289967536927,-0.02612717673182484,0.5940417408943177,0.6752304553985595,-0.02490152716636652,0.5879232287406921,0.6932824611663818,-0.02239663079380984,0.5843178510665894,0.7166291117668153,-0.02229113392531866,0.6053337693214417,0.6757715821266175,-0.028021421656012523,0.604340136051178,0.6949154496192932,-0.020888303592801062,0.5973941564559937,0.7085922122001649,-0.01507934574037788,0.5994539976119996,0.7298203825950622,-0.02738411426544186,0.6161873936653137,0.6916816592216493,-0.027672179043292944,0.614542043209076,0.7091586947441102,-0.019915585964918103,0.6082245588302613,0.7231557011604309,-0.0140645116567611
0.5751755833625793,0.8024239897727967,1.2642935409701294e-08,0.5606517672538758,0.7630330324172975,0.0028829168062656403,0.560781192779541,0.7113548040390014,-0.00014599750284102005,0.5726228475570679,0.6745513200759887,-0.0042674725875258,0.5862034440040589,0.6570951342582703,-0.00857626404613252,0.5540717959403991,0.6967422008514406,-0.01132410559803244,0.5593906164169312,0.635469388961792,-0.01823181025683876,0.5628791332244873,0.6014435410499572,-0.020918625220656382,0.5643179297447205,0.5730680108070374,-0.02277916111052032,0.566041910648346,0.704612648487091,-0.017526087909936882,0.5881301164627075,0.6536354064941405,-0.0262325063347816,0.590844738483429,0.6742495417594909,-0.024776504561304983,0.5849686622619629,0.69254230260849,-0.022248066589236223,0.5813784241676331,0.7161136627197267,-0.02279033884406084,0.6019431948661804,0.6739418864250184,-0.028441166505217545,0.6014599204063416,0.6931200981140136,-0.02137378789484498,0.5947373509407043,0.707053542137146,-0.01571874208748338,0.5967348217964172,0.7289414644241333,-0.02792400233447548,0.6129949569702148,0.6893981695175172,-0.02816688455641264,0.6119529962539673,0.7066933035850524,-0.020432027801871262,0.6059223175048829,0.7211703777313232,-0.01469658222049466
0.5740329027175903,0.8025521874427796,9.004376178012308e-09,0.5593442678451538,0.7633553743362427,0.00317115047946566,0.5591166019439697,0.7119541645050048,0.00034788635093720003,0.5705786705017091,0.6752373933792115,-0.0036114912480115402,0.5839445352554322,0.6576292991638184,-0.007800634019076781,0.5526209592819213,0.6971364617347717,-0.01117138843983408,0.557421362400055,0.6358179926872254,-0.0179513085633516,0.5605113744735718,0.6016793608665466,-0.020572056621313083,0.561641812324524,0.573236358165741,-0.02239610627293582,0.5645379424095154,0.7047520279884338,-0.017420753091573683,0.5860080122947693,0.653031623363495,-0.025870423018932297,0.5888349175453187,0.6736076593399049,-0.024323417618870663,0.5831114530563355,0.6920014023780823,-0.021813871711492502,0.5798422336578369,0.7158836960792543,-0.022702345997095058,0.6000115752220154,0.6727952837944031,-0.028132222592830644,0.599755084514618,0.691880202293396,-0.0210822761058807,0.5931748867034912,0.7059563517570496,-0.01551222000271078,0.5951123952865601,0.7285174608230591,-0.0278346579521894,0.6111736655235291,0.6880102038383484,-0.02790986597537988,0.6103630542755127,0.7050772547721863,-0.0201850343495607,0.6044076204299927,0.7198486924171448,-0.01450252849608652
0.5728902220726013,0.8026803851127625,5.365816946323321e-09,0.5580367684364319,0.763677716255188,0.0034593841526656803,0.5574520111083985,0.7125535249710082,0.00084177020471542,0.5685344934463501,0.6759234666824341,-0.0029555099084972803,0.5816856265068054,0.6581634640693665,-0.007025003992021041,0.5511701226234436,0.6975307226181031,-0.011018671281635719,0.5554521083831787,0.6361665964126588,-0.01767080686986444,0.5581436157226562,0.601915180683136,-0.02022548802196978,0.5589656949043275,0.5734047055244446,-0.022013051435351316,0.5630339741706848,0.7048914074897766,-0.01731541827321048,0.583885908126831,0.6524278402328492,-0.025508339703083,0.5868250966072083,0.6729657769203186,-0.023870330676436343,0.581254243850708,0.6914605021476745,-0.021379676833748782,0.5783060431480408,0.7156537294387818,-0.02261435315012928,0.5980799555778503,0.671648681163788,-0.027823278680443743,0.5980502486228944,0.6906403064727783,-0.02079076431691642,0.5916124224662781,0.7048591613769531,-0.01530569791793818,0.5934899687767029,0.7280934572219848,-0.02774531356990332,0.6093523740768433,0.6866222381591797,-0.027652847394347122,0.6087731122970581,0.7034612059593202,-0.019938040897250143,0.6028929233551026,0.7185270071029664,-0.014308474771678382
0.5724667906761169,0.8034049510955811,5.028347516145004e-09,0.5577301025390625,0.7641031861305236,0.0035103575326501804,0.5572398066520691,0.7129776477813721,0.0009544388318317676,0.5678318977355957,0.6760460734367371,-0.00280089005827898,0.5803298592567444,0.6570783972740174,-0.0068093767389654815,0.5513066053390503,0.6973302841186524,-0.010816219449043239,0.5558637857437134,0.6359606385231018,-0.01759544909000394,0.5585917592048646,0.6015457034111024,-0.02032575868070124,0.5594933271408081,0.5728614687919616,-0.022208555042743622,0.5631428360939026,0.7048498630523681,-0.017069327458739222,0.5838603377342224,0.6524977326393129,-0.025269962102174724,0.5865901947021485,0.6728949904441834,-0.023725024983286786,0.581026840209961,0.6912501692771911,-0.02130994275212284,0.5782645344734192,0.715733540058136,-0.02232639640569682,0.5979075074195861,0.6718244791030884,-0.02750540785491464,0.5978161454200746,0.6908179998397828,-0.02042998746037478,0.5914820551872254,0.7050853490829467,-0.014914268441498221,0.5931613206863404,0.7283899307250976,-0.02742312960326666,0.6090378284454345,0.6869920253753662,-0.02731983624398702,0.6083856701850892,0.7037949919700623,-0.01957800500094888,0.6025471925735474,0.7189415454864502,-0.013889632746577202
0.5726375579833984,0.8050847768783569,6.773137872784219e-09,0.558174228668213,0.7648785829544068,0.00329510192386802,0.5583674907684326,0.7135300636291504,0.0006427446132874875,0.5693394541740417,0.6771634817123413,-0.0031788336578755997,0.5818809747695923,0.6581002116203308,-0.007214016839861842,0.552933144569397,0.6973418354988098,-0.01074802223592992,0.5584097266197205,0.636451542377472,-0.01796484105288978,0.5615549206733704,0.6021486163139343,-0.02119150906801222,0.5629272222518921,0.5731400132179261,-0.023395020142197544,0.5648879647254944,0.7051987767219544,-0.01689490303397172,0.585922360420227,0.6532707333564758,-0.025383864715695346,0.5881374835968018,0.6737276673316956,-0.024085766822099626,0.5824771523475647,0.6918402910232544,-0.02177495844662184,0.5798400163650512,0.7163626670837403,-0.022088267654180482,0.5998117923736572,0.6731943964958191,-0.027250877022743203,0.5992135047912598,0.6923392176628114,-0.0200928028672933,0.5927665114402771,0.7065199732780456,-0.01449088491499418,0.5944014668464661,0.7294219136238098,-0.02719716876745218,0.6107200026512146,0.6892764687538147,-0.027014511823654122,0.6095238208770752,0.7063310861587525,-0.01924000829458234,0.6034690976142884,0.7211628437042237,-0.01348990406841034
0.5728083252906799,0.8067646026611328,8.517928229423432e-09,0.5586183547973633,0.7656539797782899,0.003079846315085861,0.5594951748847962,0.7140824794769287,0.0003310503947432076,0.5708470106124878,0.6782808899879456,-0.00355677725747222,0.5834320902824401,0.6591220259666444,-0.0076186569407582,0.5545596837997436,0.6973533868789673,-0.010679825022816601,0.5609556674957276,0.636942446231842,-0.01833423301577562,0.5645180821418763,0.6027515292167663,-0.022057259455323202,0.566361117362976,0.5734185576438904,-0.024581485241651463,0.5666330933570862,0.7055476903915405,-0.016720478609204222,0.5879843831062317,0.6540437340736389,-0.025497767329215965,0.5896847724914551,0.6745603442192079,-0.024446508660912462,0.5839274644851684,0.6924304127693177,-0.02223997414112084,0.5814154982566834,0.7169917941093445,-0.02185013890266414,0.6017160773277282,0.6745643138885499,-0.026996346190571764,0.6006108641624451,0.6938604354858399,-0.019755618274211822,0.5940509676933289,0.7079545974731445,-0.01406750138849014,0.5956416130065918,0.730453896522522,-0.0269712079316377,0.6124021768569946,0.6915609121322632,-0.026709187403321222,0.6106619715690613,0.7088671803474427,-0.0189020115882158,0.6043910026550293,0.7233841419219972,-0.01309017539024348
0.5734058260917664,0.8074007630348206,1.0275272455118057e-08,0.559793496131897,0.765241014957428,0.0028782098554074403,0.5618449687957764,0.7135804414749146,-8.67561626364325e-05,0.5739365935325622,0.6780554175376892,-0.00410839738324278,0.5867001414299011,0.6591526508331299,-0.00828345268964764,0.55708909034729,0.6973709106445312,-0.01123770959675306,0.5648986816406251,0.6374536752700806,-0.019379032775759638,0.5692964792251587,0.6034888982772827,-0.023550784215331064,0.5718652606010437,0.5739413142204285,-0.026365577057003903,0.5692830443382264,0.7062412023544311,-0.017195506021380362,0.5916052579879761,0.6559310555458069,-0.026220398768782564,0.5927502036094666,0.6765030503273011,-0.025213925540447202,0.5866981387138367,0.6938781619071961,-0.023043016716837818,0.5839129090309143,0.7183304905891419,-0.0222481101751327,0.6048482418060303,0.6774307966232301,-0.0273277476429939,0.6031458020210266,0.6966536402702332,-0.01984773427247994,0.5963953971862793,0.7104414582252503,-0.01404797416180368,0.5978591442108154,0.7323699951171876,-0.027351145818829484,0.6150766611099243,0.6952855467796325,-0.026965799555182423,0.6126618385314941,0.7127714037895203,-0.01901623569428918,0.606149458885193,0.7268753528594971,-0.013133052550256201
0.5740033268928528,0.8080369234085083,1.2032616680812682e-08,0.5609686374664307,0.7648280501365663,0.0026765733957290197,0.5641947627067566,0.7130784034729005,-0.0005045627200160724,0.5770261764526368,0.677829945087433,-0.00466001750901334,0.589968192577362,0.6591832756996154,-0.008948248438537079,0.5596184968948364,0.6973884344100951,-0.011795594170689521,0.5688416957855225,0.6379649043083192,-0.02042383253574366,0.5740748763084412,0.604226267337799,-0.025044308975338922,0.5773694038391113,0.5744640707969666,-0.028149668872356343,0.5719329953193665,0.7069347143173217,-0.017670533433556502,0.5952261328697205,0.6578183770179749,-0.026943030208349164,0.595815634727478,0.6784457564353943,-0.025981342419981946,0.5894688129425049,0.6953259110450745,-0.023846059292554803,0.5864103198051454,0.7196691870689392,-0.02264608144760126,0.6079804062843323,0.6802972793579103,-0.027659149095416044,0.6056807398796082,0.6994468450546265,-0.019939850270748065,0.5987398266792298,0.7129283189773561,-0.01402844693511722,0.6000766754150391,0.7342860937118532,-0.027731083706021266,0.617751145362854,0.6990101814270019,-0.027222411707043623,0.614661705493927,0.716675627231598,-0.01913045980036256,0.6079079151153566,0.7303665637969972,-0.01317592971026892
0.5750173091888429,0.8085787892341614,1.3343924365472051e-08,0.5625006079673768,0.7648885250091554,0.0030061431229114,0.5667173624038697,0.7136531233787538,-8.483141427855997e-05,0.5801798939704895,0.6793533682823182,-0.0041522871702908805,0.5933243274688721,0.6611921191215515,-0.008370378613471941,0.5626784682273865,0.697615396976471,-0.012002146989107062,0.573332154750824,0.6387754559516907,-0.02102015689015384,0.57949937582016,0.6053308844566345,-0.02606195807456968,0.5835829019546509,0.5755913376808167,-0.02941221296787254,0.5747848629951477,0.707901918888092,-0.017876621708273845,0.5994146943092347,0.6597394347190857,-0.027128527685999798,0.5993837714195251,0.6803617954254151,-0.026008907705545425,0.5925156593322753,0.6968352913856507,-0.02380301207303994,0.588870108127594,0.721355438232422,-0.02282467707991594,0.611584496498108,0.6830816149711609,-0.02757342197000976,0.60870361328125,0.7022029399871826,-0.01955938786268228,0.6014644742012024,0.7155459880828858,-0.01351904254406688,0.6020330429077149,0.7366639614105226,-0.027882357314228983,0.6207159280776978,0.702964150905609,-0.027109931781887982,0.6170068383216858,0.7204834580421449,-0.018859988451004,0.6098361372947693,0.7336578011512757,-0.01283346544951196
0.5760446190834047,0.8082102417945862,1.2817836392287065e-08,0.564115595817566,0.7644280791282655,0.00327897625975304,0.5690313220024109,0.7139286041259767,0.00031586201512258003,0.5826372623443604,0.6798960328102112,-0.00362295678351068,0.5956272244453431,0.6615917921066286,-0.00773802911862726,0.5655107498168945,0.6976908683776857,-0.012103075534105242,0.5772482395172119,0.63930401802063,-0.021148720756173103,0.5841662883758545,0.6059699058532716,-0.026248409226536724,0.5888412356376648,0.5764161944389343,-0.0296112082898616,0.5775014638900757,0.7087231636047363,-0.017925083264708482,0.6027063846588134,0.6615069508552551,-0.02701237909495824,0.6020228147506714,0.6816469907760621,-0.025701461359858506,0.5947227239608764,0.6977087497711182,-0.02340366654098028,0.5913157343864441,0.7229520678520204,-0.0227765835821628,0.6142705678939819,0.6853928327560425,-0.027295581623911803,0.6109882593154907,0.704004168510437,-0.019078555703163084,0.6036547660827637,0.7171436667442322,-0.01294487453997132,0.60406973361969,0.738922142982483,-0.027703632041811924,0.6228834509849549,0.705835461616516,-0.026741093769669502,0.6188221931457519,0.7226309657096863,-0.01837207488715646,0.611596965789795,0.7353363871574402,-0.01228017304092642
0.5770719289779663,0.8078416943550111,1.2291748419102078e-08,0.5657305836677551,0.7639676332473756,0.00355180939659468,0.5713452816009522,0.7142040848731995,0.00071655544452372,0.5850946307182312,0.6804386973381042,-0.0030936263967304796,0.597930121421814,0.6619914650917054,-0.00710567962378258,0.5683430314064026,0.6977663397789002,-0.012204004079103423,0.5811643242835999,0.6398325800895691,-0.02127728462219236,0.5888332009315491,0.6066089272499084,-0.026434860378503764,0.5940995693206788,0.577241051197052,-0.02981020361185066,0.5802180647850037,0.7095444083213807,-0.01797354482114312,0.6059980750083924,0.6632744669914246,-0.02689623050391668,0.6046618580818176,0.682932186126709,-0.025394015014171583,0.5969297885894775,0.6985822081565858,-0.023004321008920622,0.5937613606452943,0.7245486974716188,-0.02272849008440966,0.616956639289856,0.687704050540924,-0.027017741277813843,0.6132729053497314,0.7058053970336915,-0.01859772354364388,0.605845057964325,0.7187413454055788,-0.012370706535875759,0.6061064243316651,0.7411803245544435,-0.027524906769394862,0.625050973892212,0.7087067723274231,-0.026372255757451023,0.6206375479698182,0.7247784733772278,-0.017884161323308924,0.6133577942848206,0.7370149731636049,-0.01172688063234088
0.5774688601493836,0.8069137692451477,1.132063385256288e-08,0.566800093650818,0.763146710395813,0.0039704477414488,0.572885286808014,0.7141247630119324,0.0013692135456949402,0.586905837059021,0.6809238076210021,-0.0022316781454719,0.5998355150222778,0.6629894018173218,-0.00605842145159836,0.5702458620071411,0.6968774557113648,-0.012021631747484163,0.5835272431373597,0.6392871975898744,-0.02085290327668186,0.5916340947151185,0.6062063694000244,-0.025793099030852282,0.5972670912742615,0.5771193742752075,-0.029000047594308784,0.5819136500358582,0.7090490937232972,-0.01782912053167818,0.6080259203910828,0.6635092258453369,-0.0264535173773765,0.6063513398170471,0.6830740451812745,-0.024741753935813883,0.5983715415000916,0.6986247777938843,-0.02221346348524088,0.5952632546424866,0.7246280074119569,-0.022564392164349502,0.6186312317848206,0.688644552230835,-0.026626692339777883,0.6147058963775636,0.7064942717552185,-0.018168608099222123,0.6071720480918885,0.7191235065460206,-0.01192559674382206,0.6073351263999939,0.7417656898498536,-0.02727127783000466,0.6262960433959962,0.7099503993988037,-0.02588039264082904,0.6217305064201355,0.7255286574363708,-0.01731277070939538,0.6144559144973756,0.7372504830360413,-0.01111583095043894
0.5776701688766479,0.8056383728981018,1.0039737130540516e-08,0.5675350666046143,0.7618610501289369,0.0043736740946769,0.5740527033805848,0.7133862257003785,0.0019344423897564,0.5883363723754883,0.6805766701698304,-0.0015608928282744598,0.6015836834907531,0.6634826183319092,-0.005305253993719779,0.5716110229492188,0.6956576466560365,-0.01182486880570646,0.5853706240653992,0.6382058024406434,-0.0204604651778936,0.5938963770866394,0.6051237463951111,-0.025229329988360364,0.5997822284698486,0.5762605190277099,-0.028320642560720387,0.5829670190811157,0.7081048250198365,-0.01771298721432684,0.6094383478164673,0.663248610496521,-0.026106160134077024,0.6076798439025879,0.682612156867981,-0.024286604672670343,0.599377465248108,0.6979921698570252,-0.021709529682993844,0.5961705446243286,0.7241825580596923,-0.02247131764888758,0.6198191642761232,0.6888569235801697,-0.026392620056867544,0.6158568382263183,0.7064368367195129,-0.01794589348137374,0.6081632256507874,0.7187258481979371,-0.01173181552439924,0.6081242084503173,0.7417324900627137,-0.027131375297903985,0.627316415309906,0.7102834939956666,-0.025667686387896484,0.6226671338081361,0.7255553364753723,-0.017092390358448003,0.6152963042259216,0.7368596315383912,-0.010899534262716741
0.5773434996604919,0.8042560577392578,8.954940788896693e-09,0.5676190376281738,0.760307550430298,0.004394167009741,0.574504840373993,0.7119856595993042,0.0019304387737065,0.5891340494155884,0.679318404197693,-0.0016120847896672202,0.6029114961624146,0.6633424639701845,-0.00540776131674644,0.5718942761421204,0.6945126175880432,-0.011744154617190321,0.5858196377754211,0.6370844602584839,-0.02011710032820698,0.5945019006729126,0.6039201736450195,-0.02457708828151222,0.6004163503646851,0.5751460790634155,-0.027485029399394945,0.5830803036689759,0.7068966865539551,-0.0176829934120178,0.6095777153968811,0.6626205444335938,-0.026011271774768783,0.6079893946647644,0.6819271206855775,-0.024207641929388023,0.5995626807212829,0.6972947597503663,-0.0216166008263826,0.5963300943374634,0.7231244683265686,-0.02246735319495196,0.6199365854263306,0.6884153723716736,-0.026425401866435962,0.6160902261734009,0.7058431863784791,-0.01809227801859374,0.6082842707633972,0.7177591681480407,-0.01193495690822598,0.608422827720642,0.7408115744590761,-0.027126164734363523,0.627516508102417,0.709489369392395,-0.025721490755677163,0.6229164838790894,0.7247605443000793,-0.017196417972445463,0.6155600666999816,0.7358748674392701,-0.01103668212890622
0.5767520308494568,0.8024815082550049,1.130516302794149e-08,0.5669814944267273,0.7587404727935791,0.004114856384694519,0.5737432599067688,0.709774911403656,0.00146459736861284,0.5884741902351379,0.676586651802063,-0.00225721517344932,0.6025907397270203,0.6609665513038636,-0.00618760827928778,0.5704124808311463,0.6927345156669618,-0.0117559671401977,0.5840184569358826,0.6348763942718505,-0.020058186724781962,0.5926404118537903,0.601584267616272,-0.024313824623823123,0.5984307765960694,0.5728785514831544,-0.027095461636781663,0.5813399076461793,0.7047915458679199,-0.01775858402252194,0.6081358194351196,0.6607065916061401,-0.026369409263133962,0.6071542501449585,0.6803317427635194,-0.024713098257780043,0.5987846970558166,0.6958911776542664,-0.02213559597730632,0.5947045683860779,0.720758855342865,-0.022646352276205962,0.6186983823776245,0.6863931655883789,-0.027087266743183104,0.6152108550071717,0.7042649269104004,-0.01895618923008438,0.6073029875755309,0.7159940004348755,-0.01282137371599672,0.6071940541267395,0.7381964445114138,-0.027404000610113104,0.6265399932861329,0.7068912386894226,-0.026457500830292642,0.6221684813499451,0.7229304909706116,-0.0180936202406883,0.6147493124008179,0.7341776132583618,-0.01198535393923518
0.5761605620384217,0.8007069587707519,1.3655385266986286e-08,0.5663439512252808,0.7571733951568604,0.00383554575964804,0.5729816794395447,0.7075641632080079,0.00099875596351918,0.5878143310546875,0.6738548994064332,-0.0029023455572314205,0.602269983291626,0.6585906386375427,-0.006967455241829119,0.5689306855201721,0.6909564137458801,-0.011767779663205078,0.582217276096344,0.6326683282852172,-0.019999273121356943,0.590778923034668,0.5992483615875244,-0.024050560966134022,0.5964452028274536,0.5706110239028931,-0.02670589387416838,0.5795995116233826,0.7026864051818849,-0.01783417463302608,0.6066939234733582,0.6587926387786864,-0.026727546751499145,0.6063191056251527,0.6787363648414613,-0.025218554586172063,0.5980067133903504,0.6944875955581664,-0.02265459112823004,0.5930790424346923,0.7183932423591615,-0.02282535135745996,0.6174601793289185,0.6843709588050841,-0.027749131619930242,0.6143314838409424,0.7026866674423218,-0.01982010044157502,0.6063217043876649,0.7142288327217101,-0.013707790523767461,0.6059652805328369,0.7355813145637513,-0.027681836485862685,0.6255634784698486,0.7042931079864503,-0.02719351090490812,0.6214204788208008,0.7211004376411438,-0.01899082250893114,0.6139385581016541,0.7324803590774536,-0.012934025749564142
0.5751286149024963,0.798814880847931,1.6656792034552838e-08,0.5647487998008728,0.7553653120994569,0.0034797080326825,0.570830476284027,0.7049572587013245,0.00044623643625526,0.5855756521224975,0.6708592891693116,-0.0036562318913638207,0.6001696586608887,0.6557432413101196,-0.00790847409516568,0.5660994052886963,0.6890992879867555,-0.01167633179575198,0.5788852095603944,0.6305123329162599,-0.01983605213463304,0.5871024370193482,0.5969630122184754,-0.023839385062456062,0.592334508895874,0.5682644724845887,-0.026536343991756424,0.5768038868904114,0.7004205226898194,-0.01777756027877326,0.6036820769309998,0.6562051415443421,-0.02683146148920056,0.6039038062095643,0.6762459635734559,-0.025514261424541426,0.5957221388816833,0.6921676993370056,-0.023096938058733904,0.5905378580093384,0.7157675266265869,-0.022862529754638622,0.6148589730262757,0.6811392664909363,-0.02807912491261956,0.6122280716896057,0.6996511340141297,-0.020316345244646043,0.6042456865310669,0.7112754464149476,-0.014297465234994861,0.6039147973060608,0.7326211810112,-0.027846754342317544,0.6235565066337585,0.7004503846168518,-0.027754896879196102,0.6198232769966125,0.7176725745201111,-0.019729641079902622,0.6123751044273377,0.7293976902961732,-0.013774286955595003
0.573662805557251,0.7965916514396668,1.8442469507107265e-08,0.5627371549606324,0.7535759091377259,0.00305321426130828,0.5680408835411073,0.7025060772895813,-0.00017254294361917998,0.5825212478637696,0.6678759336471558,-0.004432845721021261,0.5968951106071473,0.6520864605903625,-0.00881906300783152,0.5626981258392334,0.6873902201652528,-0.0117432449012994,0.5745013594627381,0.6284917235374452,-0.01985606327652928,0.5821207761764526,0.5948816537857056,-0.023761315643787324,0.5868623495101929,0.5661516666412354,-0.026431830599904043,0.5736498594284059,0.6982542276382446,-0.017875949665904,0.5999159455299378,0.6532285571098329,-0.02718009166419502,0.6005839705467225,0.6735783576965333,-0.025996579229831646,0.5927779793739318,0.6898864388465881,-0.02363433316349978,0.5876921057701111,0.7130688309669495,-0.02306168191134924,0.6115587472915649,0.6774399995803833,-0.028680257871746984,0.6092990159988403,0.6962687969207764,-0.021055655553936924,0.6014866232872009,0.70814208984375,-0.0150593355298042,0.6015422821044922,0.7293747663497925,-0.028175728395581204,0.6206925392150879,0.6960168838500977,-0.028465170413255622,0.617374050617218,0.7135788083076477,-0.02054667063057418,0.6101435422897339,0.7257358431816101,-0.01463431306183336
0.5721969962120056,0.7943684220314027,2.0228146979661688e-08,0.5607255101203918,0.751786506175995,0.0026267204899340603,0.5652512907981873,0.7000548958778381,-0.00079132232349362,0.5794668436050415,0.664892578125,-0.0052094595506787,0.5936205625534058,0.6484296798706055,-0.009729651920497361,0.5592968463897705,0.6856811523437502,-0.01181015800684682,0.5701175093650818,0.6264711141586304,-0.01987607441842552,0.5771391153335571,0.5928002953529358,-0.023683246225118585,0.5813901901245118,0.5640388607978821,-0.026327317208051662,0.5704958319664002,0.6960879325866699,-0.017974339053034742,0.5961498141288758,0.6502519726753235,-0.02752872183918948,0.5972641348838806,0.6709107518196107,-0.026478897035121865,0.5898338198661804,0.6876051783561706,-0.02417172826826566,0.5848463535308839,0.710370135307312,-0.02326083406805986,0.6082585215568543,0.6737407326698304,-0.0292813908308744,0.6063699603080749,0.6928864598274231,-0.0217949658632278,0.598727560043335,0.7050087332725525,-0.015821205824613542,0.5991697669029236,0.7261283516883851,-0.028504702448844864,0.6178285717964173,0.6915833830833436,-0.029175443947315142,0.6149248242378235,0.7094850420951844,-0.02136370018124574,0.6079119801521302,0.722073996067047,-0.01549433916807172
0.5704638719558716,0.792417883872986,1.8411244084859394e-08,0.5585129737854004,0.7501198768615723,0.0027926652226596804,0.5623948216438294,0.6985620260238647,-0.0005520442384295,0.576353132724762,0.6633502721786501,-0.004919433873146741,0.5903659820556642,0.6468862414360047,-0.00945027954876418,0.5561885118484498,0.6847133398056031,-0.01189400851726524,0.5660862684249878,0.6251087784767151,-0.019864019751548723,0.5725382924079895,0.5912028789520264,-0.023604171350598287,0.5763088107109071,0.5622323632240296,-0.026225722581148123,0.5676916837692261,0.6946043372154236,-0.01815110184252258,0.5922475576400758,0.6475107789039612,-0.02749364599585528,0.5936186194419861,0.6682314515113831,-0.026329715549945783,0.5864792704582213,0.6852344989776612,-0.024027439951896618,0.58234361410141,0.7083244442939759,-0.023506870493292743,0.604907238483429,0.6704883456230163,-0.029329811409115742,0.6033320546150208,0.6895122289657593,-0.02179865948855872,0.5958920240402222,0.7018744945526123,-0.01587749831378456,0.5969242215156555,0.7235319495201111,-0.028807704523205722,0.6148126363754273,0.6876375794410706,-0.029297786206006923,0.612261700630188,0.7053435921669007,-0.02138633951544754,0.6054991006851197,0.7182630896568298,-0.01551466751843688
0.5687307476997376,0.7904673457145692,1.6594341190057096e-08,0.5563004374504089,0.7484532475471497,0.0029586099553853,0.5595383524894715,0.6970691561698914,-0.00031276615336538,0.5732394218444824,0.6618079662323,-0.00462940819561478,0.5871114015579224,0.6453428030014039,-0.009170907177031,0.5530801773071289,0.6837455272674561,-0.011977859027683661,0.5620550274848938,0.6237464427947998,-0.01985196508467192,0.5679374694824219,0.5896054625511169,-0.023525096476077978,0.5712274312973022,0.560425865650177,-0.026124127954244583,0.5648875355720521,0.6931207418441772,-0.018327864632010422,0.5883453011512757,0.6447695851325989,-0.027458570152521084,0.5899731040000915,0.6655521512031555,-0.026180534064769702,0.5831247210502625,0.6828638195991517,-0.02388315163552758,0.5798408746719361,0.7062787532806397,-0.02375290691852562,0.6015559554100036,0.6672359585762023,-0.029378231987357083,0.6002941489219666,0.6861379981040955,-0.021802353113889637,0.5930564880371094,0.6987402558326722,-0.01593379080295558,0.5946786761283874,0.7209355473518373,-0.02911070659756658,0.6117967009544373,0.6836917757987976,-0.029420128464698703,0.6095985770225525,0.701202142238617,-0.02140897884964934,0.6030862212181092,0.7144521832466126,-0.01553499586880204
0.5671398997306825,0.7892316341400147,1.6095032151497434e-08,0.5545090317726136,0.7478194475173952,0.0030063878279179,0.5573132157325745,0.6965678811073304,-0.00017200643778779998,0.5707788705825806,0.6610442519187928,-0.00441789692267772,0.5844560503959656,0.6442984819412232,-0.00888845929875966,0.550617265701294,0.6831793069839478,-0.011987079307436881,0.5590746879577637,0.6225967049598694,-0.019755716249346682,0.5645856499671936,0.5882041215896607,-0.02325267791748042,0.5675518751144409,0.5589475870132447,-0.025703012570738763,0.562421989440918,0.6922756910324097,-0.018367618322372402,0.5854611873626709,0.6427445769309997,-0.027502120286226225,0.5873320579528809,0.6635722279548645,-0.026171638071536982,0.5806931138038636,0.6811781764030457,-0.02380406074225898,0.5774238228797913,0.7049904108047486,-0.02381478846073142,0.5988830327987671,0.6647568464279174,-0.029535057395696583,0.5979001045227051,0.6837432980537415,-0.02202201448380942,0.5907928466796875,0.6966395378112793,-0.01614400371909138,0.5923151135444642,0.7192415118217469,-0.02917563207447526,0.6092902064323426,0.6808343529701233,-0.029500322788953703,0.6074337840080262,0.698219132423401,-0.021492129191756162,0.6010353088378906,0.7118901610374451,-0.015608231350779501
0.5658572435379028,0.7887585639953614,1.5626097393806047e-08,0.5532666563987731,0.7473869800567627,0.00309274126775558,0.5560361623764039,0.6962304711341858,9.941999451254005e-05,0.5691981554031372,0.6604289531707764,-0.003954470716416801,0.5823957443237304,0.6429816126823426,-0.008225756790488922,0.5494565486907959,0.6822189331054688,-0.011846225149929461,0.5579643845558167,0.6215063333511353,-0.01947629190981382,0.563402271270752,0.5870891809463501,-0.0228694655001163,0.5663699626922607,0.5578392267227172,-0.025211064890027002,0.5611571550369263,0.6913110733032227,-0.018131887540221183,0.5841279745101929,0.6415538787841797,-0.027014269679784726,0.5859867334365845,0.6622233152389526,-0.0255951307713985,0.579453456401825,0.6797607302665711,-0.02320600338280196,0.5760128378868103,0.7039783358573914,-0.023469721898436463,0.5975432634353638,0.6635580897331237,-0.02900397218763822,0.5965968847274781,0.682601809501648,-0.021535636484622898,0.5895024180412293,0.6955579280853272,-0.015713835693895783,0.5906504273414612,0.7183098316192628,-0.028715452924370742,0.6078972935676574,0.679819643497467,-0.028870313987135823,0.6061282992362976,0.6969603300094606,-0.020895136520266464,0.5996272683143615,0.7106975078582765,-0.01504065338522192
0.5645745873451233,0.788285493850708,1.5157162636114663e-08,0.5520242810249328,0.7469545125961303,0.00317909470759326,0.5547591090202332,0.6958930611610413,0.00037084642681288,0.5676174402236939,0.6598136544227601,-0.0034910445101558802,0.5803354382514954,0.641664743423462,-0.00756305428221818,0.5482958316802979,0.6812585592269897,-0.01170537099242204,0.5568540811538696,0.6204159617424011,-0.01919686757028096,0.5622188925743103,0.5859742403030396,-0.022486253082752178,0.5651880502700806,0.5567308664321899,-0.02471911720931524,0.5598923206329346,0.6903464555740356,-0.01789615675806996,0.5827947616577148,0.6403631806373596,-0.026526419073343223,0.584641408920288,0.6608744025230407,-0.02501862347126002,0.5782137989997864,0.6783432841300966,-0.02260794602334494,0.5746018528938294,0.7029662609100342,-0.023124655336141504,0.5962034940719605,0.6623593330383302,-0.028472886979579864,0.595293664932251,0.6814603209495544,-0.02104925848543638,0.5882119894027711,0.694476318359375,-0.015283667668700181,0.5889857411384583,0.7173781514167786,-0.028255273774266225,0.6065043807029724,0.6788049340248108,-0.028240305185317942,0.6048228144645691,0.6957015275955201,-0.020298143848776762,0.5982192277908326,0.7095048546791077,-0.01447307541966434
0.5638887882232666,0.7879889369010925,1.6035251348966995e-08,0.5516856908798218,0.7464858412742615,0.0030203858390449798,0.5546358585357666,0.6954347491264344,0.00016415514401157998,0.5673381686210632,0.6591760396957399,-0.0037178986705839203,0.5797120571136475,0.6400744676589967,-0.007758217211812701,0.5483069896697998,0.680192744731903,-0.0117997964844107,0.5573850512504578,0.6197434544563294,-0.01951184011995786,0.5629919290542602,0.5855313420295716,-0.0229864981025457,0.5662715315818787,0.5563609719276428,-0.0253096673637628,0.5597246885299683,0.6897711634635926,-0.01789738461375234,0.5833335995674133,0.6400354266166687,-0.026747710257768585,0.5850785493850708,0.6605092644691467,-0.025359368324279742,0.5786356449127197,0.6777254104614259,-0.02299067303538316,0.5741631984710693,0.7026785254478455,-0.023057920113205843,0.596380090713501,0.6625207901000977,-0.028574556112289366,0.5952807307243347,0.6817739844322205,-0.02122683636844152,0.5880589962005616,0.6946550846099854,-0.015462982654571501,0.588217043876648,0.7172844767570496,-0.02814153581857678,0.6064266920089723,0.6793767929077149,-0.028240165486931763,0.6046028256416321,0.6962443351745605,-0.02042370885610576,0.5977440357208252,0.7098421812057496,-0.01464967224746938
0.5632029891014099,0.787692379951477,1.691334006181933e-08,0.5513471007347107,0.7460171699523926,0.0028616769704967,0.5545126080513,0.6949764370918274,-4.253613878972003e-05,0.5670588970184327,0.6585384249687196,-0.00394475283101196,0.5790886759757996,0.6384841918945312,-0.00795338014140722,0.5483181476593018,0.6791269302368164,-0.011894221976399362,0.5579160213470459,0.6190709471702576,-0.019826812669634764,0.5637649655342103,0.5850884437561035,-0.02348674312233922,0.5673550128936767,0.5559910774230957,-0.02590021751821036,0.559557056427002,0.6891958713531495,-0.01789861246943472,0.5838724374771118,0.6397076725959778,-0.026969001442193944,0.5855156898498535,0.6601441264152527,-0.025700113177299463,0.579057490825653,0.6771075367927551,-0.023373400047421382,0.5737245440483093,0.7023907899856567,-0.022991184890270182,0.5965566873550415,0.6626822471618653,-0.028676225244998868,0.5952677965164185,0.6820876479148865,-0.021404414251446666,0.587906002998352,0.6948338508605957,-0.01564229764044282,0.5874483466148377,0.7171908020973206,-0.02802779786288734,0.606349003314972,0.6799486517906189,-0.028240025788545578,0.6043828368186951,0.696787142753601,-0.02054927386343476,0.5972688436508179,0.7101795077323914,-0.014826269075274418
0.5627127051353454,0.7866825580596923,1.9047417509909793e-08,0.5514609813690186,0.7446649551391602,0.0026958858128636404,0.5552906155586244,0.6938050627708435,-0.00037712408229706007,0.5681151986122132,0.6575723767280579,-0.00436665304005142,0.5801087737083435,0.6371425151824952,-0.00845913458615538,0.5491884589195252,0.6780575752258301,-0.012633396498858862,0.5599308729171752,0.6185622930526733,-0.020947167277336084,0.5664116501808167,0.5849621891975403,-0.02495015934109686,0.5706689596176148,0.5559326648712158,-0.02758789658546442,0.5604020357131958,0.6888002991676332,-0.01852353066205976,0.5855549693107606,0.6403976440429688,-0.027747530490159943,0.5867225170135498,0.6605427742004395,-0.02648267075419422,0.5800829410552979,0.676902711391449,-0.024240295961499143,0.5743273258209228,0.7024656534194946,-0.02349977456033226,0.5977349400520325,0.6639596939086915,-0.029135617613792342,0.5959239602088929,0.6832233786582947,-0.021763059496879525,0.5883174300193788,0.6955991148948669,-0.01602779440581796,0.587727689743042,0.7176342368125916,-0.02846190184354778,0.6071807503700257,0.6817024588584901,-0.02868017144501206,0.604716432094574,0.6984169125556946,-0.021048618480563143,0.5972408175468445,0.7114134788513184,-0.015409668907523098
0.5622729539871216,0.7846175312995911,2.536001737496463e-08,0.5517711281776428,0.7427776575088502,0.00247363061644132,0.5562868118286133,0.6924612164497376,-0.00093385890359054,0.5697573184967042,0.6568782687187195,-0.0052077833563089,0.582123875617981,0.6368443727493287,-0.00959290694445368,0.5499681830406189,0.6769377946853637,-0.01349464394152158,0.5622396349906922,0.618220341205597,-0.02218815870583054,0.569614052772522,0.5851584672927856,-0.02646206840872762,0.5745372772216797,0.5563458204269409,-0.02929701022803778,0.5609254598617555,0.6883851051330567,-0.019324301928281763,0.5873199701309204,0.6409171342849733,-0.028930982947349502,0.588182544708252,0.6609531283378601,-0.02770488746464248,0.5811209559440613,0.6768352746963501,-0.025500584766268663,0.5745524644851685,0.7025015592575073,-0.024236961081624,0.5989099979400635,0.6651708722114563,-0.030054795742034842,0.596711540222168,0.6842440724372865,-0.022611879929900124,0.5887299180030823,0.6962115406990051,-0.01685368064790962,0.5876479983329772,0.7178727984428407,-0.0291625283658504,0.6078420281410217,0.6833782553672791,-0.029538210853934262,0.6050640106201173,0.6999842405319214,-0.022009028121829,0.5972895622253418,0.7124981999397278,-0.016468978114426082
0.5618332028388977,0.7825525045394897,3.167261724001946e-08,0.5520812749862671,0.7408903598785401,0.002251375420019,0.5572830080986023,0.6911173701286316,-0.0014905937248840201,0.5713994383811951,0.656184160709381,-0.006048913672566381,0.5841389775276185,0.6365462303161622,-0.01072667930275198,0.5507479071617126,0.6758180141448974,-0.014355891384184302,0.564548397064209,0.6178783893585206,-0.023429150134325,0.5728164553642273,0.585354745388031,-0.027973977476358377,0.5784055948257446,0.556758975982666,-0.031006123870611142,0.5614488840103149,0.6879699110984803,-0.020125073194503764,0.5890849709510804,0.6414366245269776,-0.03011443540453906,0.5896425724029541,0.6613634824752808,-0.028927104175090743,0.5821589708328248,0.6767678380012513,-0.026760873571038183,0.5747776031494141,0.70253746509552,-0.02497414760291574,0.6000850558280945,0.6663820505142212,-0.030973973870277345,0.5974991202354432,0.6852647662162781,-0.023460700362920722,0.5891424059867859,0.6968239665031433,-0.01767956689000128,0.5875683069229126,0.7181113600730896,-0.02986315488815302,0.6085033059120178,0.6850540518760682,-0.03039625026285646,0.6054115891456604,0.7015515685081483,-0.022969437763094864,0.5973383069038392,0.7135829210281373,-0.01752828732132906
0.560893189907074,0.779227077960968,4.261073627276346e-08,0.5519233465194703,0.7378145456314087,0.00164360920316538,0.5582959175109864,0.6881654977798463,-0.00249549598665902,0.5735088348388672,0.6535109877586365,-0.007276552263647281,0.5866483330726624,0.6345318317413331,-0.012113555520772881,0.5507972717285157,0.6737369418144226,-0.01540962737053626,0.5664325594902039,0.6165224432945252,-0.02445944808423516,0.5756437301635743,0.5847176671028137,-0.028857937082648236,0.581879484653473,0.5566558718681336,-0.0318086333572864,0.561266028881073,0.6865445494651794,-0.02089541144669052,0.5900829076766969,0.6410792946815491,-0.03098992891609664,0.5903995752334594,0.6606916546821594,-0.0296942606568336,0.5825776696205139,0.6755845189094545,-0.027507992833852704,0.5743847846984863,0.7015186190605163,-0.02545992173254486,0.6006252527236938,0.6661637902259827,-0.03150631003081793,0.5977858304977417,0.6846966505050659,-0.023967964574694606,0.5891867995262146,0.6959184527397155,-0.01821721754968164,0.5870086908340454,0.7173233509063721,-0.030114419013261735,0.6087877988815308,0.6855113267898559,-0.03069940470159052,0.6055282235145569,0.7016393780708314,-0.0234334789216518,0.5972565054893494,0.7133459806442262,-0.01815394125878806
0.5599531769752503,0.7759016513824463,5.354885530550746e-08,0.5517654180526734,0.7347387313842773,0.00103584298631176,0.5593088269233704,0.6852136254310608,-0.00350039824843402,0.5756182312965393,0.6508378148078918,-0.00850419085472818,0.5891576886177063,0.6325174331665039,-0.013500431738793782,0.5508466362953186,0.6716558694839477,-0.01646336335688822,0.5683167219161988,0.6151664972305299,-0.02548974603414532,0.5784710049629211,0.5840805888175964,-0.029741896688938098,0.5853533744812012,0.5565527677536011,-0.03261114284396166,0.5610831737518311,0.6851191878318788,-0.02166574969887728,0.5910808444023132,0.6407219648361206,-0.03186542242765422,0.5911565780639649,0.660019826889038,-0.03046141713857646,0.5829963684082031,0.6744011998176576,-0.028255112096667225,0.5739919662475587,0.7004997730255127,-0.025945695862173983,0.6011654496192932,0.6659455299377441,-0.0320386461913585,0.5980725407600402,0.6841285347938537,-0.024475228786468482,0.5892311930656433,0.6950129389762878,-0.018754868209362,0.5864490747451783,0.7165353417396545,-0.03036568313837046,0.6090722918510437,0.6859686017036437,-0.031002559140324584,0.6056448578834535,0.7017271876335145,-0.02389752008020874,0.5971747040748596,0.713109040260315,-0.018779595196247063
0.5588433027267456,0.7715165853500366,6.864368202741389e-08,0.5512322425842286,0.7306022167205811,0.00014511070912705997,0.559578561782837,0.6810094237327575,-0.00491735283285376,0.5766361594200134,0.6464357256889343,-0.010257970727980101,0.5907171964645386,0.6284282445907593,-0.015467021241784042,0.5498709559440613,0.6689008355140685,-0.01735174804925912,0.5687410831451416,0.6131227731704711,-0.02625317946076388,0.5796112418174744,0.5825010061264038,-0.030256672203540762,0.5869959831237793,0.5557692527770997,-0.03293178901076312,0.560121762752533,0.6830750942230225,-0.0221711598336696,0.5909343600273133,0.6394712090492249,-0.03250902295112604,0.591169559955597,0.6576254844665528,-0.03118606060743326,0.5829360485076904,0.6714231610298157,-0.02903352193534368,0.5730541467666627,0.6988197684288026,-0.026081800088286346,0.6009904146194458,0.6642363667488098,-0.032327985018491684,0.5981000661849976,0.6814333677291871,-0.024923959374427762,0.5892533421516418,0.6920026540756226,-0.019276121631264662,0.585508394241333,0.7147070884704589,-0.0301882985979318,0.6088853716850281,0.6847165346145629,-0.03088272809982298,0.6059553027153015,0.6995167374610902,-0.023978425562381698,0.5978405714035034,0.7105065822601319,-0.018998300284147222
0.5571146726608277,0.7659478545188905,8.634629651282922e-08,0.5500249028205872,0.7250848889350892,-0.0006778515526093201,0.5590684175491334,0.674749493598938,-0.0062034943141043,0.5768131017684937,0.6398637056350708,-0.011814345233142341,0.591529655456543,0.6232240200042725,-0.017175200209021503,0.5478750228881836,0.6649003744125366,-0.01815344989299768,0.5675698637962342,0.6098899602890016,-0.02713507115840906,0.5791033506393433,0.5793430924415588,-0.031178849935531584,0.5870852708816529,0.5533376097679139,-0.033835148066282225,0.5580719232559204,0.6796821713447572,-0.02267743125557892,0.590070366859436,0.6368272542953491,-0.03337136358022684,0.5907575011253358,0.6540855526924134,-0.032268585637211744,0.5825905203819275,0.6678868412971497,-0.03017382621765132,0.5709426641464235,0.6959506392478944,-0.026317175105214065,0.5999326944351198,0.660929012298584,-0.03294516578316682,0.5977538943290711,0.6773072838783265,-0.025814082473516423,0.5892603516578675,0.6880106329917908,-0.02018562704324718,0.5834030866622925,0.7120069980621339,-0.0301948715001344,0.6077913403511048,0.6820809602737428,-0.03111963644623754,0.606214737892151,0.6954000711441041,-0.024461611732840498,0.5991878151893615,0.7060640096664429,-0.01957547962665554
0.5553860425949096,0.7603791236877442,1.0404891099824454e-07,0.5488175630569458,0.7195675611495972,-0.0015008138143457002,0.5585582733154297,0.6684895634651185,-0.00748963579535484,0.576990044116974,0.6332916855812073,-0.01337071973830458,0.5923421144485473,0.6180197954177857,-0.01888337917625896,0.5458790898323059,0.6608999133110046,-0.01895515173673624,0.5663986444473267,0.6066571474075317,-0.028016962856054237,0.5785954594612122,0.5761851787567138,-0.0321010276675224,0.5871745586395264,0.550905966758728,-0.03473850712180132,0.556022083759308,0.6762892484664917,-0.02318370267748824,0.5892063736915589,0.6341832995414735,-0.03423370420932764,0.5903454422950745,0.650545620918274,-0.033351110666990216,0.5822449922561646,0.6643505215644837,-0.03131413049995896,0.5688311815261842,0.693081510066986,-0.026552550122141784,0.5988749742507935,0.6576216578483582,-0.03356234654784196,0.5974077224731446,0.6731812000274657,-0.026704205572605083,0.5892673611640931,0.684018611907959,-0.0210951324552297,0.581297779083252,0.7093069076538087,-0.030201444402336998,0.6066973090171814,0.6794453859329225,-0.0313565447926521,0.6064741730690002,0.6912834048271179,-0.0249447979032993,0.6005350589752197,0.7016214370727539,-0.02015265896916386
0.5533663392066955,0.7540273785591126,1.2938688485064633e-07,0.5471497654914856,0.712773323059082,-0.0016383578360545802,0.556936538219452,0.6617399692535402,-0.0078250137157738,0.5752588868141175,0.6266133069992066,-0.01380925904959438,0.5906530380249023,0.612889313697815,-0.01938181146979324,0.5433926820755004,0.6551716208457947,-0.01951815560460086,0.5640348076820374,0.6019108533859253,-0.02884521409869188,0.576660442352295,0.5712461233139038,-0.03329247497022148,0.5855260014533996,0.5463255167007446,-0.03616112843155854,0.5528979063034059,0.6711014389991761,-0.02374696731567374,0.5869170665740967,0.6285417675971985,-0.034782055020332284,0.5904162049293518,0.6439648628234864,-0.03413247093558306,0.5839391827583313,0.6578994512557985,-0.03231385238468644,0.5653602957725525,0.6886798501014709,-0.027097660675644824,0.5964417815208436,0.6523441791534423,-0.0342918656766414,0.5971277713775635,0.666918170452118,-0.027812197059392883,0.5901024341583252,0.6782328367233277,-0.0223712727427482,0.5778039455413818,0.7054903149604799,-0.030709700658917358,0.6037331819534302,0.6750673413276673,-0.03226537555456158,0.6066451668739319,0.6837671875953674,-0.02630051635205742,0.6032779812812805,0.6927401900291443,-0.02172690816223618
0.5513466358184814,0.747675633430481,1.5472485870304808e-07,0.5454819679260254,0.705979084968567,-0.0017759018577634602,0.5553148031234743,0.6549903750419617,-0.008160391636192761,0.5735277295112611,0.6199349284172059,-0.014247798360884181,0.5889639616012573,0.6077588319778443,-0.01988024376332752,0.5409062743186951,0.6494433283805847,-0.020081159472465478,0.561670970916748,0.5971645593643188,-0.02967346534132952,0.5747254252433778,0.5663070678710938,-0.03448392227292056,0.583877444267273,0.5417450666427612,-0.037583749741315765,0.5497737288475038,0.6659136295318604,-0.024310231953859243,0.5846277594566345,0.6229002356529235,-0.035330405831336925,0.5904869675636292,0.6373841047286988,-0.034913831204175905,0.585633373260498,0.6514483809471132,-0.03331357426941392,0.5618894100189209,0.6842781901359558,-0.027642771229147864,0.5940085887908936,0.6470667004585267,-0.035021384805440835,0.5968478202819825,0.6606551408767701,-0.028920188546180677,0.5909375071525573,0.6724470615386964,-0.0236474130302667,0.5743101119995118,0.701673722267151,-0.031217956915497717,0.600769054889679,0.6706892967224121,-0.03317420631647106,0.6068161606788636,0.6762509703636169,-0.02765623480081554,0.6060209035873413,0.6838589429855347,-0.0233011573553085
0.5490386724472046,0.7405129194259644,1.8265119479110582e-07,0.5437098622322083,0.6986962080001832,-0.0013450733051285563,0.5526756763458252,0.6494764208793641,-0.00784473521634932,0.5698333144187928,0.6157817721366883,-0.01423777639865874,0.584770941734314,0.6040362000465394,-0.020317370072007103,0.5383045434951783,0.6414162755012512,-0.01992882937192912,0.5586278438568115,0.590497612953186,-0.030050277709960882,0.5720370650291443,0.5595852136611938,-0.035471415519714306,0.5812566995620727,0.5352004051208497,-0.03895927295088761,0.5456801652908325,0.6582673072814941,-0.024641515687107964,0.5801238179206848,0.613825511932373,-0.036139799654483745,0.5894373536109925,0.6270394086837769,-0.03641842827200886,0.5873874545097351,0.6411830067634583,-0.03521378263831136,0.5571289896965027,0.6775835394859313,-0.028447587788104963,0.5891164779663086,0.6389201402664185,-0.03651732653379434,0.5954757571220398,0.6504497051239015,-0.031310220062732666,0.5920906066894531,0.6622322082519532,-0.02646664604544632,0.5693435668945312,0.6960059523582459,-0.032399617880582765,0.5958275318145753,0.6650571703910828,-0.035289078205823866,0.6048462271690369,0.6673125982284547,-0.03061983883380886,0.60658940076828,0.6730406165122986,-0.0266987934708595
0.5469862222671509,0.7325101733207703,2.106102215293504e-07,0.5430177092552185,0.690729033946991,-0.0008943662644014163,0.5511480212211609,0.6441586971282959,-0.007459298521280241,0.5668285608291627,0.6121737718582154,-0.0142027238383889,0.5809577941894531,0.5991490840911866,-0.020795340090990003,0.5361114740371704,0.6321430563926698,-0.019478198885917623,0.5554225206375122,0.5820814728736877,-0.03011176213622088,0.5686848640441895,0.5512183308601379,-0.036065457761287625,0.5777070999145508,0.52701495885849,-0.039889173209667145,0.5417290687561036,0.6491807460784913,-0.024765271320939003,0.573622465133667,0.6029181241989136,-0.03684803247451778,0.5868873596191406,0.6127500057220459,-0.03821214661002156,0.5890483975410462,0.6256250500679016,-0.03770441561937328,0.5522887349128723,0.6691352248191834,-0.02915064394474024,0.5824829459190369,0.6293655633926392,-0.03816473782062524,0.5928780794143678,0.6376502394676209,-0.0343747284263372,0.5931556940078736,0.6484280943870545,-0.030336073040962162,0.56418377161026,0.6883265495300294,-0.0335691604763269,0.5896351695060731,0.6578564405441284,-0.03768711090087887,0.6011413693428039,0.6569400787353515,-0.03421839661896224,0.6054118633270265,0.6605587124824525,-0.03097499459981916
0.5449337720870973,0.7245074272155761,2.38569248267595e-07,0.5423255562782288,0.6827618598937988,-0.0004436592236742763,0.5496203660964966,0.6388409733772278,-0.007073861826211161,0.5638238072395325,0.6085657715797425,-0.01416767127811906,0.5771446466445923,0.5942619681358338,-0.021273310109972902,0.5339184045791626,0.6228698372840882,-0.01902756839990612,0.552217197418213,0.5736653327941895,-0.03017324656248088,0.5653326630592346,0.542851448059082,-0.036659500002860945,0.5741575002670288,0.5188295125961304,-0.04081907346844668,0.5377779722213746,0.6400941848754882,-0.024889026954770042,0.5671211123466492,0.5920107364654541,-0.03755626529455182,0.5843373656272888,0.598460602760315,-0.040005864948034264,0.5907093405723571,0.610067093372345,-0.040195048600435206,0.547448480129242,0.6606869101524353,-0.029853700101375523,0.5758494138717651,0.6198109865188599,-0.03981214910745614,0.5902804017066956,0.6248507738113405,-0.03743923678994174,0.594220781326294,0.6346239805221557,-0.034205500036478,0.5590239763259888,0.6806471467018128,-0.03473870307207104,0.5834428071975708,0.6506557106971741,-0.04008514359593386,0.5974365115165711,0.6465675592422485,-0.03781695440411562,0.6042343258857727,0.6480768084526063,-0.03525119572877882
0.5441627740859986,0.7166539072990418,2.5015013989104777e-07,0.5432229280471802,0.6754160881042481,3.926196222894373e-05,0.5495801091194153,0.6328874111175536,-0.006434927694499441,0.5622824430465698,0.6035796284675599,-0.01371187716722484,0.5749833822250366,0.5870643973350526,-0.021265427023172342,0.5324006915092468,0.6130897283554078,-0.01768930014222856,0.548591995239258,0.5653275012969972,-0.029074653983116098,0.5612571477890014,0.5342798352241516,-0.035863950848579344,0.5698764681816102,0.5104835748672486,-0.04026475548744199,0.53449467420578,0.6293277263641358,-0.024140342697501142,0.5614910006523133,0.5807271003723145,-0.03731663152575488,0.5809898614883423,0.5838905572891235,-0.040767560154199564,0.5898527264595032,0.5941360116004943,-0.04162809699773782,0.5431231498718262,0.6502786159515381,-0.029756267368793426,0.5692018866539001,0.6088584184646607,-0.040684642642736385,0.5864045023918152,0.6100469112396241,-0.03962761275470252,0.5930012226104737,0.618009650707245,-0.037237600982189145,0.5539960741996766,0.6717099070549012,-0.03514991328120228,0.5770810604095459,0.6423606753349304,-0.04161333367228502,0.5917903661727905,0.635853385925293,-0.040302683413028666,0.5992857098579407,0.6356369495391846,-0.038388279825448964
0.5433917760849,0.7088003873825074,2.617310315145005e-07,0.5441202998161316,0.6680703163146973,0.0005221831481321637,0.549539852142334,0.6269338488578796,-0.00579599356278772,0.5607410788536071,0.5985934853553773,-0.01325608305633062,0.572822117805481,0.5798668265342712,-0.02125754393637178,0.5308829784393311,0.6033096194267273,-0.016351031884551,0.5449667930603028,0.5569896697998047,-0.027976061403751317,0.5571816325187683,0.5257082223892212,-0.03506840169429774,0.5655954360961915,0.5021376371383668,-0.03971043750643729,0.5312113761901855,0.6185612678527832,-0.023391658440232242,0.5558608889579774,0.5694434642791748,-0.03707699775695794,0.5776423573493957,0.5693205118179321,-0.04152925536036485,0.5889961123466492,0.5782049298286438,-0.04306114539504043,0.5387978196144104,0.639870321750641,-0.02965883463621132,0.5625543594360352,0.5979058504104614,-0.041557136178016624,0.5825286030769348,0.5952430486679077,-0.04181598871946331,0.5917816638946534,0.601395320892334,-0.04026970192790028,0.5489681720733642,0.6627726674079896,-0.035561123490333524,0.570719313621521,0.6340656399726867,-0.04314152374863618,0.5861442208290101,0.6251392126083374,-0.0427884124219417,0.5943370938301087,0.6231970906257629,-0.041525363922119106
0.5439899682998657,0.6999488949775696,2.6289731067663526e-07,0.5466335892677308,0.6594300270080568,0.0007477154023945201,0.5517199993133545,0.6189998388290405,-0.00555051583796734,0.5615352988243103,0.5907400250434875,-0.01314300373196596,0.5723289966583252,0.5700487971305848,-0.02151004448533056,0.5299502015113831,0.5951744079589845,-0.01615074947476382,0.5414127826690673,0.5498490333557129,-0.028385153412818862,0.5525929927825928,0.518075966835022,-0.0360529355704784,0.5606507420539857,0.4946373403072358,-0.04118285700678822,0.5288653135299684,0.6090781569480896,-0.02371422238647934,0.5505271673202515,0.5599100351333618,-0.03809252530336374,0.5732454895973205,0.5555672883987427,-0.04357068166136736,0.5863453626632691,0.5619169235229493,-0.04599078297615044,0.5351273059844971,0.6301173806190491,-0.03057644665241234,0.5556733846664429,0.5882385611534118,-0.043551222980022404,0.5767542839050293,0.5815960049629212,-0.04515057429671282,0.5878072142601014,0.5847696423530578,-0.04466131180524824,0.5440917491912842,0.6538599491119386,-0.036956820636987645,0.5625584125518799,0.6256205320358277,-0.0458947449922561,0.5778517365455628,0.6147819399833679,-0.0466366752982139,0.5866629838943482,0.61136554479599,-0.046262626349925964
0.5454675078392028,0.6909141898155213,2.6587729280436183e-07,0.5498091340065002,0.6511834979057313,-0.00138409743085506,0.5541458606719971,0.6100217819213867,-0.00823198175057762,0.5620553731918335,0.5803009033203125,-0.01596384495496744,0.5705478072166443,0.5569454193115235,-0.02464082986116406,0.5311278939247132,0.5868516564369202,-0.017929445952177,0.5392765283584595,0.5426522731781006,-0.031176542118191684,0.5488924264907837,0.5108156800270081,-0.0397587105631828,0.5563617587089539,0.48728160262107845,-0.045560148358345,0.528754186630249,0.5997167706489563,-0.024755565449595403,0.5460300207138062,0.5513324737548828,-0.039707547426223705,0.5675645232200623,0.5430457472801209,-0.046255380660295435,0.5810123205184936,0.5451304852962494,-0.0497320115566253,0.5331584095954895,0.6205673456192017,-0.031150574982166224,0.5486839175224305,0.5792900204658509,-0.044937679916620225,0.5683899283409118,0.5687701344490051,-0.04790389835834499,0.5797982454299927,0.5677830457687378,-0.04867393299937246,0.5401784420013428,0.6452035188674926,-0.037187776714563324,0.5538836359977721,0.6180240750312807,-0.0473334796726703,0.567589557170868,0.6056568384170533,-0.04924969598650926,0.5761486768722535,0.6004402279853821,-0.04992933049798009
0.5469450473785401,0.6818794846534729,2.6885727493208834e-07,0.5529846787452698,0.6429369688034059,-0.00351591026410464,0.5565717220306396,0.6010437250137329,-0.0109134476631879,0.5625754475593567,0.5698617815971374,-0.01878468617796892,0.5687666177749634,0.5438420414924622,-0.02777161523699756,0.5323055863380433,0.578528904914856,-0.01970814242959018,0.5371402740478516,0.5354555130004883,-0.0339679308235645,0.5451918601989746,0.5035553932189941,-0.043464485555887195,0.5520727753639221,0.4799258649349213,-0.04993743970990178,0.5286430597305298,0.590355384349823,-0.02579690851271146,0.5415328741073608,0.5427549123764038,-0.04132256954908366,0.561883556842804,0.5305242061614991,-0.04894007965922352,0.5756792783737184,0.5283440470695496,-0.05347324013710016,0.5311895132064819,0.6110173106193543,-0.0317247033119201,0.541694450378418,0.5703414797782899,-0.04632413685321805,0.5600255727767944,0.5559442639350891,-0.05065722241997715,0.5717892765998841,0.5507964491844177,-0.05268655419349669,0.5362651348114014,0.6365470886230469,-0.037418732792139,0.5452088594436646,0.6104276180267334,-0.0487722143530845,0.5573273777961731,0.5965317368507386,-0.051862716674804625,0.5656343698501587,0.5895149111747742,-0.053596034646034206
0.5460936903953553,0.6722735047340394,2.7020480501960266e-07,0.5488547801971435,0.6358360648155214,-0.00572026227600874,0.550643515586853,0.595183527469635,-0.01348406560719006,0.5555171489715577,0.5639662623405456,-0.02114461995661254,0.560970163345337,0.5376364827156067,-0.02977502346038814,0.5307515501976013,0.5704825282096863,-0.021065819822251763,0.5346985697746277,0.527581262588501,-0.03549360819160934,0.5421761870384216,0.4972558617591858,-0.04523312672972676,0.5490800023078919,0.4743769705295563,-0.05184748023748395,0.5302143335342409,0.5814120173454285,-0.026103909313678682,0.5388625621795654,0.5352427959442139,-0.041442031413316684,0.5554988026618958,0.5179396271705629,-0.0496167719364166,0.567812466621399,0.5096512377262116,-0.05474215149879451,0.5340830326080322,0.6014786958694458,-0.031209921091794917,0.5413392543792725,0.5639728903770447,-0.04590215086936947,0.556439769268036,0.5471318364143372,-0.051265708357095666,0.5671404600143433,0.5376675844192506,-0.05417662635445593,0.5396259903907776,0.6264029622077941,-0.03624790869653218,0.5445466756820678,0.6055405020713807,-0.04813134968280787,0.5529971361160279,0.5947712182998657,-0.051819998025894105,0.5592530012130738,0.5887043118476868,-0.05399954095482823
0.5474416375160218,0.6620898842811584,2.5995295231950883e-07,0.5504478573799134,0.6283113956451416,-0.007976585067808621,0.5510470271110535,0.5868348717689514,-0.015720391646027503,0.5540648221969604,0.5542833924293518,-0.022897476702928504,0.5577296733856202,0.5255634784698486,-0.031004212424159,0.5315290212631225,0.5620998859405518,-0.0217091269791126,0.5331647753715515,0.5189245700836181,-0.0361758559942245,0.5381993293762207,0.4884968817234039,-0.04615006819367404,0.5434613227844238,0.46475507616996764,-0.053013986349105806,0.5306849598884583,0.5714986801147461,-0.0256441287696361,0.5332013726234436,0.5266324281692505,-0.04064006023108956,0.5451425075531007,0.5033232927322387,-0.049373786151409124,0.555275297164917,0.48771008253097536,-0.05512479245662685,0.5332517504692078,0.5904865264892579,-0.02994585931301114,0.534674894809723,0.5527701973915101,-0.04473334625363344,0.5454605817794801,0.5305379152297974,-0.051181996613740864,0.5543234348297119,0.514003986120224,-0.055040930211544006,0.537448787689209,0.6151999950408935,-0.03436551168560974,0.5384033441543579,0.5947373747825624,-0.04707650691270822,0.5442216873168946,0.5815096974372864,-0.051749507337808545,0.5495343446731568,0.5715041399002075,-0.054662331938743564
0.5433228731155396,0.6341259121894837,2.331925799126111e-07,0.5481214761734009,0.5997857332229615,-0.0085276673780754,0.5494754910469055,0.5579911887645722,-0.01631563156843178,0.55286203622818,0.5250405609607697,-0.02368074469268316,0.5562624454498292,0.4957950830459595,-0.03171651922166342,0.528250002861023,0.529275119304657,-0.02003046143800018,0.5291143298149109,0.48548793792724604,-0.034015981480479206,0.5330912351608277,0.45548621416091917,-0.04372173286974425,0.5373144149780273,0.4311303436756134,-0.050441186875104876,0.5263011693954468,0.5386562824249268,-0.02361598573625082,0.5290939569473266,0.4956664085388184,-0.03887457810342308,0.5413762688636781,0.47728458046913147,-0.047511297464370696,0.5513105511665345,0.46541043519973757,-0.052767086774110745,0.5277745246887207,0.5573017060756683,-0.027692709118127802,0.5304853796958924,0.5216846108436585,-0.04262187927961344,0.5418528079986572,0.5050711691379547,-0.048318212479352904,0.5507165193557739,0.4930314660072327,-0.051194391399621925,0.5312802314758301,0.581888633966446,-0.03206265494227402,0.534254539012909,0.5627854764461517,-0.04457993805408473,0.5411536931991577,0.5530116200447083,-0.048703657835721906,0.5469619512557984,0.5460964560508728,-0.050869504362344706
0.538958764076233,0.6093400359153748,1.9929464087908857e-07,0.5447327852249146,0.5737112283706666,-0.006705096596851919,0.5471713542938232,0.5325631499290466,-0.013939351961016581,0.5518154621124267,0.5004078030586243,-0.02137132249772542,0.5561918616294861,0.4721346735954285,-0.029256683960556945,0.5233681678771973,0.49975693225860596,-0.01664183139801022,0.5248112797737122,0.4552202701568603,-0.02951804324984546,0.5285266637802124,0.42519407868385317,-0.03840940743684762,0.5319598078727722,0.40031191110610964,-0.04468003585934635,0.5207498669624329,0.508969783782959,-0.020992067083716343,0.5266012191772461,0.4671910166740417,-0.03617842830717559,0.5405361413955689,0.45524271726608273,-0.04410276263952252,0.5502973437309265,0.4496910393238068,-0.04838907271623606,0.5221199274063111,0.5272171974182129,-0.025730886310338964,0.5288841843605041,0.49286810159683225,-0.04043873921036716,0.5423198342323303,0.4827631354331971,-0.044686218351125684,0.551291859149933,0.47708438038825995,-0.046064862608909574,0.5259282469749451,0.5515518188476562,-0.03073349967598908,0.5329161405563355,0.5326736450195313,-0.04262222051620478,0.5419763922691345,0.5263493776321411,-0.045645672827959005,0.5485006093978883,0.5232716560363769,-0.046660581976175265
0.5352570414543152,0.5849098801612854,1.613424728930113e-07,0.5416802883148194,0.5484938025474548,-0.0049038914265110796,0.5449842929840087,0.5080968856811523,-0.011758628301322401,0.5506615400314331,0.4768844842910767,-0.01936194673180574,0.5561738967895509,0.44962984323501587,-0.027227026224136322,0.5186166167259216,0.4718662559986115,-0.01391343194991346,0.5206566333770752,0.4264334321022033,-0.0257921058684587,0.5242067933082581,0.3959873974323273,-0.033931575715541784,0.5269291162490846,0.3704638004302979,-0.039747099578380546,0.5155399918556214,0.48101720809936527,-0.019025476649403524,0.526306688785553,0.4407644808292389,-0.03392245136201376,0.5412235975265504,0.4361316263675689,-0.04071632549166676,0.5497829675674439,0.4374226450920105,-0.04381654933094972,0.517080569267273,0.4992302536964417,-0.024398047104477863,0.5296274185180664,0.4663743078708648,-0.03865946158766742,0.5443556785583497,0.463626915216446,-0.04084327891468998,0.5524465084075928,0.46460605859756465,-0.040377268940210306,0.5215509891510011,0.5234506130218506,-0.030015512555837558,0.5333190083503724,0.504079931974411,-0.04094222635030743,0.544220757484436,0.5017795741558075,-0.04217318072915072,0.5508110284805298,0.5031151056289673,-0.04155837446451183
0.5331945180892944,0.5631759524345399,1.283985056943493e-07,0.5449174046516418,0.5242465019226075,-0.0033453952521085403,0.5503268361091613,0.483306348323822,-0.010285598039627022,0.5566023349761963,0.4522228598594666,-0.018652489036321582,0.5619741797447204,0.4241702198982239,-0.02729560807347294,0.5167745232582092,0.4469745993614197,-0.01229945905506606,0.5182005286216735,0.4006278276443481,-0.02420258522033688,0.5208562254905701,0.36841692328453063,-0.03232782930135722,0.5223578333854675,0.34145951271057134,-0.03817068487405772,0.5094045281410218,0.4568992376327514,-0.018347272276878303,0.5248074173927307,0.41733078956604,-0.034124920889735184,0.5430095076560975,0.42130066156387325,-0.040415994077920875,0.5523558259010315,0.431360799074173,-0.04268724545836443,0.5083229422569275,0.4754195094108582,-0.024546062946319544,0.5252328634262085,0.4414286851882935,-0.0392400167882442,0.5429469823837281,0.44558951854705814,-0.03969653919339176,0.5517824649810792,0.45389252305030814,-0.03757597878575322,0.5113664269447327,0.4999324083328247,-0.030984019860625198,0.527758526802063,0.47611581087112426,-0.041603112965822184,0.5425780653953552,0.4742782831192017,-0.04160985872149462,0.551345145702362,0.47796847820281974,-0.03981723114848132
0.5288318276405335,0.5448586583137512,1.0405978514427261e-07,0.5423067092895508,0.5026371955871582,-0.00153091088868674,0.5490447402000427,0.4631217658519745,-0.008803120069205701,0.5568036913871766,0.43317987322807316,-0.018081622198224023,0.5634687185287476,0.40643982291221614,-0.02753338702023026,0.5125615477561951,0.42566703557968144,-0.0111878935247659,0.5156020522117615,0.3781347572803497,-0.023179022222757303,0.5195034503936768,0.34542745351791376,-0.031245719641447022,0.5214382648468018,0.31826746463775635,-0.03695287927985186,0.5049737215042115,0.43716407418251035,-0.018183987960219323,0.5278544902801514,0.3972448348999023,-0.03472649306058878,0.5497320055961609,0.4114931285381317,-0.04011935517191884,0.5597900032997132,0.43142021298408517,-0.041256854683160725,0.504611110687256,0.4560739040374756,-0.02514337748289104,0.529379415512085,0.4233537673950195,-0.04000785127282138,0.5501436829566956,0.43826394081115727,-0.03829772472381588,0.5594918847084046,0.4570026993751526,-0.03417844288051126,0.5087185740470886,0.47957686185836784,-0.032331765443086566,0.5303439855575562,0.45550994277000423,-0.042073102295398686,0.5474218845367432,0.46025505065917977,-0.04022203236818308,0.556592583656311,0.47132334113121027,-0.036782153695821704
0.528672707080841,0.550924551486969,9.622963830224763e-08,0.5410532355308533,0.5087539196014405,-0.0013201817404478401,0.5478674054145813,0.46860480308532715,-0.00856640441343184,0.5562170863151551,0.4379572927951813,-0.017733186855912162,0.5635469555854797,0.4112299561500549,-0.0270599782466888,0.5125191569328308,0.43346285820007324,-0.011491750180721221,0.5174625873565674,0.3848651051521301,-0.023294154927134485,0.5223962426185609,0.35129937529563904,-0.031107588484883264,0.5250590562820435,0.32354384064674374,-0.03651436343789096,0.5064616322517395,0.4449972689151764,-0.018394399434328024,0.5331550717353821,0.40503498315811154,-0.03413550443947311,0.5528618574142456,0.4216662526130676,-0.038544479757547344,0.5603516221046448,0.44198489785194406,-0.0390974082052707,0.5075632333755493,0.4637053310871125,-0.025220427662134122,0.5358986973762513,0.43116210103034974,-0.03926672711968416,0.5539255142211914,0.44797388315200803,-0.036555489152669866,0.5605742335319519,0.466860419511795,-0.03186781555414198,0.5130203485488892,0.486164802312851,-0.032303137704729985,0.5366533279418946,0.4609343349933624,-0.04095716923475262,0.552458643913269,0.4668694078922272,-0.03803045526146884,0.5600321292877197,0.4783454298973084,-0.033914209157228425
0.5285135865211488,0.5569904446601868,8.839949146022264e-08,0.5397997617721558,0.5148706436157227,-0.0011094525922089402,0.5466900706291199,0.47408784031867984,-0.008329688757657982,0.5556304812431336,0.44273471236228945,-0.0173847515136003,0.5636251926422119,0.41602008938789364,-0.026586569473147338,0.5124767661094666,0.4412586808204651,-0.011795606836676542,0.5193231225013734,0.3915954530239105,-0.023409287631511663,0.5252890348434448,0.35717129707336426,-0.030969457328319502,0.5286798477172852,0.3288202166557312,-0.03607584759593006,0.5079495429992675,0.4528304636478424,-0.018604810908436725,0.5384556531906128,0.41282513141632077,-0.03354451581835742,0.5559917092323303,0.43183937668800354,-0.03696960434317584,0.5609132409095764,0.4525495827198029,-0.03693796172738069,0.5105153560638428,0.4713367581367493,-0.025297477841377203,0.5424179792404176,0.43897043466568,-0.03852560296654694,0.5577073454856873,0.4576838254928589,-0.03481325358152384,0.5616565823554993,0.4767181396484375,-0.029557188227772698,0.5173221230506897,0.49275274276733394,-0.032274509966373405,0.5429626703262329,0.4663587272167206,-0.03984123617410656,0.557495403289795,0.4734837651252746,-0.0358388781547546,0.5634716749191284,0.48536751866340644,-0.03104626461863514
0.527087414264679,0.5646742582321167,8.122330399373823e-08,0.5353641033172608,0.5219593405723573,-0.00029845631215718005,0.5427417278289796,0.47940385341644287,-0.007109004212543341,0.5539178133010865,0.4473535597324372,-0.01576507929712528,0.5635942459106446,0.4221162140369415,-0.02459195479750628,0.5123466730117798,0.4501817226409912,-0.011524531617760602,0.5218965291976929,0.3992510974407196,-0.022413436323404284,0.5291606426239014,0.3646562337875366,-0.029261068999767246,0.5334177851676941,0.3360613703727722,-0.03386015482246872,0.5102874875068665,0.4614168226718902,-0.018405059352517083,0.542878270149231,0.422018426656723,-0.03218608796596522,0.5579053401947023,0.44246440529823305,-0.03472534231841558,0.5603576183319092,0.46254444122314453,-0.034301622211933086,0.5147400617599487,0.47911283969879154,-0.02504484243690962,0.5483311414718628,0.44746652841568,-0.03703848794102662,0.5606774330139161,0.4673657834529877,-0.032803669571876484,0.5620160579681397,0.48585248589515684,-0.02746775634586808,0.5228436708450317,0.49921714067459105,-0.03192975297570224,0.5493188619613647,0.4730873942375183,-0.03817345350980754,0.5619998455047608,0.4816771686077118,-0.033628886193037,0.5662796139717102,0.4936827600002289,-0.028717215359210943
0.5256612420082092,0.5723580718040466,7.404711652725381e-08,0.5309284448623658,0.5290480375289917,0.00051253996789458,0.5387933850288391,0.48471986651420595,-0.005888319667428701,0.5522051453590393,0.4519724071025849,-0.01414540708065026,0.5635632991790771,0.42821233868598935,-0.02259734012186522,0.512216579914093,0.4591047644615173,-0.01125345639884466,0.5244699358940126,0.4069067418575287,-0.021417585015296902,0.5330322504043579,0.372141170501709,-0.027552680671214986,0.538155722618103,0.34330252408981315,-0.03164446204900738,0.5126254320144653,0.4700031816959381,-0.01820530779659744,0.5473008871078491,0.43121172189712526,-0.03082766011357302,0.559818971157074,0.45308943390846257,-0.032481080293655325,0.5598019957542419,0.47253929972648623,-0.03166528269648548,0.5189647674560547,0.48688892126083383,-0.02479220703244204,0.5542443037033081,0.45596262216567995,-0.0355513729155063,0.5636475205421447,0.47704774141311646,-0.03079408556222912,0.5623755335807801,0.4949868321418762,-0.025378324463963462,0.5283652186393738,0.5056815385818482,-0.03158499598503108,0.5556750535964966,0.479816061258316,-0.03650567084550853,0.5665042877197266,0.48987057209014895,-0.0314188942313194,0.569087553024292,0.5019980013370514,-0.026388166099786746
0.5246487736701966,0.5788195729255677,6.819780367095518e-08,0.5264645218849183,0.5360663414001465,0.00111124739050866,0.5348421454429627,0.4900209069252015,-0.0048517929855733805,0.5503257036209106,0.4571529924869538,-0.012607982382178222,0.5631673693656922,0.43509225845336913,-0.02054991051554674,0.5127197742462158,0.46725565791130064,-0.011279663629829842,0.5267549872398376,0.4142120003700257,-0.020688957348465903,0.5361611008644104,0.3799265444278717,-0.025950502604246063,0.5420526742935181,0.35134881734848017,-0.029453686252236322,0.5152927041053772,0.47735396027564997,-0.018241181597113583,0.5507996320724488,0.43996044993400574,-0.029866632074117622,0.5606674671173095,0.4623859643936158,-0.030799109116196564,0.5583838701248169,0.4807566165924072,-0.029723536968231164,0.5230501413345336,0.493406629562378,-0.02471877038478846,0.5585962414741517,0.4640933334827423,-0.03420531079173082,0.5652413845062256,0.48516396284103397,-0.029094669595360723,0.5617928147315979,0.5013966083526611,-0.02386810407042498,0.5331711053848267,0.5114333510398865,-0.03136293515563006,0.5605156660079956,0.48665491938591,-0.03501924052834504,0.5689718127250671,0.49848254919052126,-0.029540482163429242,0.5695178508758545,0.5105177760124207,-0.024607197195291503
0.5252122640609742,0.5848277807235718,6.092889535125324e-08,0.5235483884811402,0.5427394032478332,0.00172368476632982,0.5312188386917114,0.4958081603050232,-0.00370575713459398,0.5474775195121765,0.4635914266109467,-0.01087392801418892,0.5614577889442445,0.4439395785331726,-0.01826934870332474,0.5140519142150879,0.475049763917923,-0.01139441654086108,0.5284357070922852,0.42107260823249815,-0.020360729098319978,0.5378952741622924,0.38731832504272456,-0.025063272193074162,0.5438325166702271,0.35903317928314205,-0.028218085318803744,0.5184614181518555,0.48452720046043396,-0.01829821392893788,0.5533180713653565,0.44764384627342224,-0.029237877577543224,0.5610381960868835,0.46988211870193486,-0.029542697966098725,0.5570095658302308,0.48724300861358644,-0.028192881867289504,0.5273812413215637,0.49993884563446056,-0.024607782438397362,0.5616628289222717,0.47131105661392214,-0.033182957023382115,0.5662451386451721,0.49203724265098575,-0.027703510969877203,0.5612432360649109,0.5069693803787232,-0.022543212771415643,0.538025188446045,0.5175164461135864,-0.03102126829326146,0.5644651889801026,0.4934213876724243,-0.03392740897834294,0.570598590373993,0.5070370495319367,-0.028152828291058515,0.5692071557044983,0.5192547619342804,-0.023256222531199425
0.5257757544517517,0.5908359885215759,5.365998703155129e-08,0.5206322550773621,0.5494124650955201,0.00233612214215098,0.5275955319404603,0.5015954136848451,-0.00255972128361458,0.5446293354034424,0.4700298607349396,-0.009139873646199621,0.5597482085227966,0.45278689861297605,-0.015988786891102738,0.51538405418396,0.4828438699245453,-0.01150916945189232,0.5301164269447327,0.4279332160949707,-0.02003250084817406,0.5396294474601746,0.39471010565757747,-0.02417604178190226,0.5456123590469361,0.3667175412178039,-0.026982484385371167,0.5216301321983338,0.4917004406452179,-0.01835524626076218,0.5558365106582641,0.45532724261283875,-0.028609123080968822,0.5614089250564576,0.47737827301025393,-0.028286286816000886,0.5556352615356446,0.49372940063476556,-0.026662226766347843,0.5317123413085938,0.506471061706543,-0.02449679449200626,0.5647294163703919,0.47852877974510194,-0.03216060325503342,0.5672488927841186,0.4989105224609375,-0.02631235234439368,0.560693657398224,0.5125421524047852,-0.021218321472406303,0.5428792715072632,0.5235995411872865,-0.03067960143089286,0.5684147119522095,0.5001878559589386,-0.03283557742834085,0.5722253680229188,0.5155915498733521,-0.026765174418687795,0.5688964605331421,0.5279917478561402,-0.02190524786710734
0.5273741364479065,0.5971026659011841,4.6524288777050065e-08,0.5208451628684998,0.5564376831054688,0.00249993181787428,0.5267742514610291,0.5090843737125397,-0.00200540593359614,0.5427626252174378,0.47814387679100034,-0.008118795230984601,0.557702898979187,0.46187113523483275,-0.01448759939521546,0.5171564936637879,0.49040491580963136,-0.01149731837213034,0.5311720967292786,0.43499047756195064,-0.01999238505959508,0.5402566432952881,0.40209745764732363,-0.02402847670018668,0.5460341334342957,0.3742022037506103,-0.026731669530272444,0.5243605256080628,0.49887223839759826,-0.01812093108892438,0.5574372172355652,0.4619686484336853,-0.028184405341744382,0.5616988420486451,0.48373883962631226,-0.027564056217670385,0.5550343990325928,0.49963099360466,-0.0257083967328071,0.5351254940032959,0.5131291270256042,-0.02401011399924752,0.566616916656494,0.4851790904998779,-0.031211246177554063,0.5678720831871032,0.5050560712814331,-0.02503505870699878,0.5606263160705567,0.517899751663208,-0.01983859799802296,0.5465996384620667,0.529794728755951,-0.029937790334224623,0.5713798284530639,0.5063346564769745,-0.031728789210319464,0.5735445380210877,0.5226433515548706,-0.02542214468121526,0.5689704537391663,0.5349426746368409,-0.02046476677060122
0.5289725184440612,0.6033693432807923,3.9388590522548844e-08,0.5210580706596375,0.5634629011154175,0.00266374149359758,0.525952970981598,0.5165733337402344,-0.0014510905835777002,0.5408959150314331,0.48625789284706117,-0.00709771681576958,0.5556575894355774,0.47095537185668945,-0.01298641189932818,0.5189289331436158,0.4979659616947174,-0.01148546729236836,0.5322277665138245,0.4420477390289307,-0.0199522692710161,0.5408838391304016,0.40948480963706974,-0.023880911618471102,0.5464559078216553,0.38168686628341675,-0.02648085467517372,0.5270909190177918,0.5060440361499786,-0.017886615917086582,0.5590379238128662,0.46861005425453184,-0.027759687602519942,0.5619887590408326,0.4900994062423706,-0.026841825619339885,0.554433536529541,0.5055325865745545,-0.02475456669926636,0.5385386466979981,0.5197871923446655,-0.02352343350648878,0.5685044169425965,0.4918294012546539,-0.0302618891000747,0.5684952735900879,0.5112016201019287,-0.023757765069603882,0.5605589747428894,0.5232573509216308,-0.01845887452363962,0.5503200054168701,0.5359899163246156,-0.02919597923755638,0.5743449449539184,0.5124814569950104,-0.03062200099229808,0.5748637080192567,0.5296951532363892,-0.02407911494374272,0.5690444469451904,0.5418936014175415,-0.0190242856740951
0.5310248970985413,0.611077344417572,2.8526952766672055e-08,0.5217483401298524,0.5717629313468933,0.0030614997260272,0.5255824446678162,0.5253759741783142,-0.0005172657780348999,0.5392210602760314,0.49504144191741944,-0.00565595377702258,0.5532821178436279,0.48000991344451904,-0.01106583392247552,0.5203725934028626,0.5058374881744385,-0.01059182202443474,0.5330297350883485,0.45006820559501654,-0.018917944468557803,0.541284692287445,0.4177019238471985,-0.0229382440447807,0.5467200994491578,0.39003893733024597,-0.02557672336697574,0.5294037938117981,0.5135262966156006,-0.016860311478376362,0.5599288225173951,0.47627855539321895,-0.02639199122786516,0.5621504187583923,0.4974542021751404,-0.02552322112023824,0.5543605566024781,0.5128383159637452,-0.023466633260250024,0.5415005326271057,0.5268361806869507,-0.022342007607221583,0.5698558449745178,0.498709762096405,-0.02870259732007974,0.5692736387252808,0.5179275870323181,-0.02212290093302722,0.5613100528717041,0.5299930095672608,-0.01679786350578064,0.5535459637641906,0.5427203536033631,-0.0278271492570638,0.5766037225723267,0.5189104437828064,-0.02894163541495796,0.5763414978981019,0.5362789750099182,-0.0222252149134874,0.5702199697494507,0.5484185338020325,-0.017028525285422758
0.5326956629753113,0.6189181208610535,2.027754747446764e-08,0.522675883769989,0.5798581361770629,0.00340064642950886,0.5260403394699097,0.5338999390602112,0.00021625778172166003,0.5390502452850342,0.5034535944461822,-0.0045400754781439205,0.5526661038398742,0.4882849037647247,-0.00957284010946746,0.5213565111160279,0.513951587677002,-0.00982368374243372,0.5334241986274719,0.45840011835098265,-0.0178161961957812,0.5413020253181458,0.42615085244178774,-0.02180694229900834,0.5465804457664489,0.3987243056297302,-0.024446178227662978,0.5312029123306274,0.521375858783722,-0.01602093316614624,0.5600810408592224,0.48373304605484,-0.025097851827740623,0.5619678974151612,0.5043648242950439,-0.02431249991059296,0.5543368935585022,0.5197406649589539,-0.022381730377674044,0.543952214717865,0.5341408967971801,-0.021393281593918782,0.5705942273139953,0.5051743984222412,-0.027188000828027678,0.5697142958641053,0.524117660522461,-0.02052852921187874,0.5619501113891602,0.5363640427589417,-0.01525684297084804,0.5562623500823975,0.5494768977165223,-0.02675623260438436,0.5780418753623963,0.5248706579208374,-0.02739082314074036,0.5772578477859498,0.5420207023620606,-0.02050603143870826,0.5711255192756653,0.5540673613548279,-0.01524034440517422
0.5343664288520813,0.6267588973045349,1.2028142182263225e-08,0.5236034274101258,0.5879533410072327,0.0037397931329905204,0.5264982342720032,0.5424239039421082,0.0009497813414782201,0.5388794302940368,0.511865746974945,-0.00342419717926526,0.5520500898361206,0.4965598940849304,-0.0080798462964594,0.5223404288291931,0.5220656871795655,-0.0090555454604327,0.5338186621665955,0.46673203110694883,-0.0167144479230046,0.5413193583488465,0.434599781036377,-0.02067564055323598,0.5464407920837403,0.40740967392921446,-0.023315633088350225,0.5330020308494569,0.5292254209518433,-0.01518155485391612,0.5602332592010498,0.4911875367164611,-0.023803712427616083,0.56178537607193,0.5112754464149475,-0.02310177870094768,0.5543132305145264,0.5266430139541627,-0.021296827495098064,0.5464038968086243,0.5414456129074097,-0.020444555580615982,0.5713326096534729,0.5116390347480774,-0.02567340433597562,0.5701549530029297,0.5303077340126038,-0.018934157490730262,0.5625901699066163,0.5427350759506225,-0.013715822435915442,0.5589787364006042,0.5562334418296815,-0.025685315951704923,0.5794800281524658,0.5308308720588684,-0.02584001086652276,0.5781741976737976,0.5477624297142029,-0.01878684796392912,0.5720310688018799,0.5597161889076233,-0.013452163524925682
0.5364566564559936,0.6353938221931458,5.084012466571863e-09,0.5247304797172547,0.596869695186615,0.0038213475141673603,0.527198314666748,0.5511487722396851,0.0013556163758039201,0.5393269777297973,0.5199606657028198,-0.00263643653597678,0.5521419882774353,0.5041151762008667,-0.006893263012170761,0.5230542063713074,0.5307257413864136,-0.00852525001391762,0.5340025901794434,0.47522181868553165,-0.01586809568107124,0.5410701155662536,0.44297718405723574,-0.01976267062127588,0.5459282755851746,0.41579144597053525,-0.02238940708339206,0.5344995021820069,0.5375721335411072,-0.01449104528874154,0.5597853541374206,0.49850483536720275,-0.02269557602703568,0.5611400604248047,0.5181737124919892,-0.02204172313213342,0.5540081977844238,0.5337645649909973,-0.02032302357256408,0.5485170125961304,0.5492438077926636,-0.019584347680211042,0.5714935302734375,0.5177552461624146,-0.024367294088006,0.5702181339263916,0.5362219572067262,-0.0175840180367231,0.5630181550979615,0.5489782691001892,-0.012401527166366543,0.5613768577575684,0.5634764909744263,-0.02464504875242704,0.5802399039268493,0.5364927649497986,-0.02445163354277606,0.5786250352859497,0.5531750202178956,-0.01726738084107632,0.5726528525352478,0.5652159333229065,-0.011875588446855502
0.538546884059906,0.6440287470817567,-1.860117249119498e-09,0.5258575320243836,0.6057860493659973,0.0039029018953442,0.5278983950614929,0.559873640537262,0.00176145141012962,0.5397745251655579,0.5280555844306947,-0.0018486758926883,0.55223388671875,0.511670458316803,-0.005706679727882121,0.5237679839134216,0.5393857955932617,-0.00799495456740254,0.5341865181922913,0.4837116062641144,-0.015021743439137881,0.540820872783661,0.4513545870780945,-0.01884970068931578,0.5454157590866089,0.4241732180118561,-0.0214631810784339,0.5359969735145569,0.5459188461303711,-0.01380053572356696,0.5593374490737916,0.5058221340179444,-0.021587439626455276,0.5604947447776795,0.5250719785690308,-0.02098166756331916,0.5537031650543214,0.5408861160278321,-0.0193492196500301,0.5506301283836365,0.5570420026779175,-0.018724139779806102,0.571654450893402,0.5238714575767517,-0.02306118384003638,0.5702813148498536,0.5421361804008484,-0.01623387858271594,0.5634461402893066,0.5552214622497559,-0.011087231896817642,0.5637749791145324,0.5707195401191711,-0.02360478155314916,0.580999779701233,0.5421546578407287,-0.02306325621902936,0.5790758728981018,0.5585876107215881,-0.01574791371822352,0.5732746362686157,0.5707156777381897,-0.010299013368785323
0.5404923439025879,0.6525413632392884,-4.271537346056676e-09,0.5271981596946717,0.6139970541000367,0.00368038923479612,0.5290034770965577,0.5676950097084046,0.00155532525386656,0.54092036485672,0.5350929021835328,-0.00190558354370292,0.5531132221221924,0.5181668043136597,-0.005572661664336901,0.5246648550033569,0.5480521082878114,-0.008258844166994041,0.5343308687210083,0.4916093826293946,-0.015043957158923102,0.5405668020248413,0.45902782082557675,-0.01871016696095464,0.5448439121246338,0.43172627687454224,-0.021232728660106583,0.5376155734062195,0.5545860886573792,-0.013876386918127481,0.5591678261756897,0.5131182074546814,-0.02141708470880984,0.5602276444435119,0.5318989634513855,-0.02076350897550578,0.5538858652114869,0.5479726314544678,-0.019130187109112698,0.5527768135070801,0.5654901385307312,-0.0185885269194841,0.5719223737716674,0.5307880163192749,-0.02259871326386928,0.5705320835113525,0.5485275506973266,-0.0157146984711289,0.5641033887863159,0.5618547558784485,-0.010577192902564963,0.5662621259689331,0.578752601146698,-0.02327217645943158,0.5817419528961182,0.5484532356262206,-0.02243147902190678,0.5797243237495422,0.5642055153846741,-0.01499176044017072,0.5742697954177857,0.5764312982559204,-0.009496513940393862
0.5427310585975647,0.6612214684486389,-7.95151184895815e-09,0.5287526011466981,0.6225630640983582,0.00325871496461328,0.5305028915405273,0.5755597472190856,0.00103367519332092,0.5423765182495117,0.5417763233184815,-0.0023490023333578797,0.554058861732483,0.52388014793396,-0.005875371675938341,0.5258723855018616,0.5567052483558655,-0.0088758265599608,0.534947681427002,0.4996524393558503,-0.01563137285411352,0.540817415714264,0.4667887210845947,-0.019266759976744617,0.5448482275009155,0.43919441699981693,-0.02176494561135762,0.5394259810447694,0.5633415460586548,-0.014251114055514281,0.5597146034240723,0.5208616852760315,-0.02177127897739408,0.5606515169143677,0.5393208026885986,-0.02112259343266484,0.5547002673149108,0.5556737303733826,-0.0194834683090448,0.5550328969955445,0.5742042422294618,-0.01869675368070598,0.5727768898010255,0.5382743239402772,-0.0225959464907646,0.5712306022644044,0.5557047009468079,-0.0156260339543223,0.565090560913086,0.5693738341331482,-0.010424159653484782,0.5688462734222413,0.5871561169624329,-0.02314402349293226,0.5830463647842408,0.5555236458778382,-0.022176102921366618,0.5808688402175903,0.5707677960395814,-0.014626266993582202,0.5756913304328919,0.583191978931427,-0.0090594852343201
0.5449697732925416,0.6699015736579895,-1.1631486351859623e-08,0.5303070425987244,0.6311290740966797,0.00283704069443044,0.532002305984497,0.5834244847297668,0.00051202513277528,0.5438326716423035,0.5484597444534303,-0.0027924211230128397,0.5550045013427735,0.5295934915542603,-0.0061780816875397805,0.5270799160003662,0.5653583884239197,-0.009492808952927562,0.5355644941329956,0.5076954960823059,-0.01621878854930394,0.5410680294036865,0.47454962134361267,-0.0198233529925346,0.5448525428771973,0.4466625571250916,-0.02229716256260866,0.5412363886833191,0.5720970034599304,-0.014625841192901081,0.5602613806724549,0.5286051630973816,-0.022125473245978324,0.5610753893852234,0.5467426419258118,-0.0214816778898239,0.555514669418335,0.5633748292922973,-0.0198367495089769,0.5572889804840088,0.5829183459281921,-0.01880498044192786,0.5736314058303833,0.5457606315612793,-0.02259317971765992,0.5719291210174561,0.5628818511962891,-0.015537369437515701,0.566077733039856,0.5768929123878479,-0.010271126404404602,0.5714304208755494,0.5955596327781677,-0.02301587052643294,0.5843507766723633,0.5625940561294556,-0.021920726820826457,0.5820133566856385,0.5773300766944885,-0.014260773546993682,0.5771128654479981,0.5899526596069337,-0.008622456528246341
0.5469053149223329,0.6783121347427368,-1.0025822605452817e-08,0.5320024371147156,0.6392645478248596,0.0023482113843783406,0.5338521480560302,0.5910832762718201,-0.00017720006871967993,0.5456318616867065,0.5554117798805237,-0.00354905705898994,0.5563259243965148,0.5360465049743652,-0.006912923417985401,0.5289063453674316,0.5736548066139222,-0.010025891475379441,0.5370864987373352,0.5154414772987366,-0.0168931340798735,0.5425474286079407,0.48214074373245236,-0.020544736832380256,0.5464027762413025,0.45412550568580634,-0.02300664521753782,0.5434525728225709,0.5807045221328735,-0.0149578042328357,0.5618220448493958,0.5366932630538941,-0.022711078822612724,0.5624335885047913,0.5543367862701417,-0.02217871136963366,0.5572473883628846,0.5707420945167542,-0.02052983753383156,0.5597899198532104,0.5916510581970215,-0.01894328556954856,0.575262987613678,0.5541220068931579,-0.02288841828703876,0.5732097148895263,0.5706834435462952,-0.01590513903647658,0.5675483465194702,0.5845329284667968,-0.01060887090861794,0.574259078502655,0.6041353106498718,-0.02299983873963352,0.5863685131072999,0.5710647702217102,-0.02193431071937078,0.5837695360183716,0.5851224303245545,-0.014313898980617462,0.5790669322013855,0.5974303007125855,-0.0086613861843943
0.5488408565521241,0.6867226958274841,-8.420158859046013e-09,0.5336978316307068,0.6474000215530396,0.00185938207432624,0.5357019901275635,0.5987420678138733,-0.0008664252702146399,0.5474310517311096,0.5623638153076171,-0.00430569299496704,0.5576473474502563,0.5424995183944702,-0.007647765148431021,0.5307327747344971,0.5819512248039246,-0.010558973997831322,0.5386085033416749,0.5231874585151672,-0.01756747961044306,0.5440268278121949,0.4897318661212921,-0.02126612067222592,0.5479530096054077,0.46158845424652106,-0.023716127872466984,0.5456687569618225,0.5893120408058167,-0.01528976727277032,0.5633827090263367,0.5447813630104065,-0.023296684399247123,0.5637917876243592,0.5619309306144715,-0.022875744849443422,0.5589801073074341,0.5781093597412109,-0.021222925558686222,0.5622908592224122,0.6003837704658508,-0.01908159069716926,0.5768945693969727,0.5624833822250367,-0.0231836568564176,0.5744903087615967,0.5784850358963013,-0.016272908635437462,0.5690189599990845,0.5921729445457459,-0.010946615412831283,0.5770877361297607,0.612710988521576,-0.0229838069528341,0.5883862495422364,0.5795354843139648,-0.0219478946179151,0.5855257153511048,0.5929147839546204,-0.014367024414241243,0.581020998954773,0.6049079418182374,-0.008700315840542261
0.5506473302841187,0.6953285098075868,-6.813785780046544e-09,0.5354519963264466,0.655374276638031,0.0013329652254469198,0.5378643989562989,0.6060900211334228,-0.0016757796285673397,0.5496506452560426,0.5695553779602052,-0.0052360122092067595,0.5601274847984314,0.5500933766365051,-0.00865437909960742,0.5332301139831543,0.5900428891181946,-0.01150659862905738,0.5413214445114136,0.5312202215194702,-0.01901184692978854,0.547006106376648,0.4975213408470153,-0.02307357899844644,0.5513120055198669,0.4689640045166016,-0.025729351490735942,0.5484959363937377,0.5980345845222473,-0.01601198948919766,0.5661283254623414,0.5526457548141479,-0.024505567923188164,0.5659705638885498,0.5697282075881959,-0.024157274141907683,0.5609541296958924,0.5861133575439452,-0.022417316213250122,0.5653148293495178,0.6095848679542542,-0.01958819776773448,0.579689109325409,0.5710593581199647,-0.02395748272538178,0.5766735911369324,0.5866498351097107,-0.01703711152076718,0.5710262298583985,0.6004029035568238,-0.01158300489187238,0.5802611351013183,0.6221975207328797,-0.02331653647124764,0.591331696510315,0.5889235377311707,-0.02243508026003832,0.5879971027374268,0.6017733812332153,-0.014927607402205383,0.5833892464637757,0.6134862184524537,-0.00923937764018768
0.5524935841560364,0.7043474078178406,-2.6862463142762754e-09,0.5375441551208496,0.663494348526001,0.0009878388314972998,0.5406751275062561,0.613752818107605,-0.0022721438552252404,0.5528220891952514,0.5771214008331299,-0.00596909122541542,0.5639514207839966,0.558431088924408,-0.00951730748638506,0.5362038016319275,0.5983935117721557,-0.012434579804539641,0.5452561855316163,0.5393718123435974,-0.02047137059271332,0.5516680121421814,0.5055869400501252,-0.024924305081367462,0.5566858053207397,0.47659732699394225,-0.027820615470409323,0.5516828656196595,0.6070578455924989,-0.016818726994097158,0.5698080658912659,0.5611132264137269,-0.025665863230824423,0.5691327333450318,0.5780910730361939,-0.0253236938267946,0.5638182044029236,0.5942701816558839,-0.02351978607475754,0.5686779499053956,0.6192629098892213,-0.02027680538594718,0.5831735968589784,0.5806348085403443,-0.024748873338103224,0.5797438502311707,0.5957225918769836,-0.01776490882039066,0.5739327073097229,0.6091643810272217,-0.012225579470396021,0.5837846636772156,0.6324800491333009,-0.02392606027424332,0.5948327064514161,0.5994489669799805,-0.023061246052384323,0.5911805272102356,0.6118315815925598,-0.015548919513821521,0.586528754234314,0.6231537699699402,-0.009825925156474062
0.5543398380279542,0.7133663058280945,1.4412931514939941e-09,0.5396363139152527,0.6716144204139709,0.0006427124375476801,0.5434858560562134,0.6214156150817871,-0.00286850808188314,0.5559935331344604,0.5846874237060546,-0.00670217024162408,0.5677753567695618,0.5667688012123108,-0.0103802358731627,0.5391774892807008,0.606744134426117,-0.013362560980021903,0.5491909265518189,0.5475234031677246,-0.0219308942556381,0.5563299179077148,0.5136525392532348,-0.026775031164288483,0.5620596051216126,0.4842306494712829,-0.029911879450082703,0.5548697948455811,0.6160811066627503,-0.01762546449899666,0.5734878063201905,0.5695806980133057,-0.02682615853846068,0.5722949028015137,0.5864539384841919,-0.026490113511681526,0.5666822791099548,0.6024270057678223,-0.02462225593626496,0.5720410704612733,0.6289409518241883,-0.020965413004159883,0.5866580843925476,0.5902102589607239,-0.025540263950824663,0.582814109325409,0.6047953486442567,-0.018492706120014142,0.5768391847610475,0.6179258584976197,-0.01286815404891966,0.5873081922531128,0.642762577533722,-0.024535584077239003,0.5983337163925171,0.6099743962287903,-0.023687411844730322,0.5943639516830445,0.6218897819519044,-0.01617023162543766,0.5896682620048523,0.6328213214874269,-0.010412472672760442
0.5559420704841614,0.7221626877784729,6.599371860094295e-09,0.5420263886451722,0.6795806050300599,0.00040204630058719997,0.5468092441558838,0.6291204571723938,-0.00339222098700698,0.5599618077278137,0.5927848577499389,-0.007478205487132041,0.5723150610923767,0.5754368901252747,-0.011443695425987199,0.5424848318099975,0.6147971034049988,-0.014078518189489783,0.5539376974105835,0.5560317754745484,-0.023101440072059602,0.5620436310768128,0.5223039150238037,-0.028271273523569063,0.568486249446869,0.492801707983017,-0.0316119868308305,0.5579735517501831,0.6251567244529725,-0.018385207653045584,0.5780970454216003,0.5787248373031617,-0.02801824994385238,0.576714026927948,0.595745575428009,-0.027770693600177726,0.5705223083496094,0.61157705783844,-0.02590555399656292,0.5750592708587647,0.6391074776649476,-0.021771109476685483,0.5909329533576966,0.6005397558212281,-0.02659598141908638,0.5869557976722718,0.6149178147315979,-0.01944429464638228,0.5804970383644105,0.627712106704712,-0.01371143814176318,0.5902474880218507,0.6540681600570679,-0.025415940582752185,0.6024112462997437,0.6210374593734742,-0.024717442691326082,0.5982570052146912,0.6328367590904236,-0.01711782552301876,0.5930917859077454,0.643588423728943,-0.011287158168852281
0.5575443029403687,0.7309590697288514,1.1757450568694596e-08,0.5444164633750915,0.6875467896461487,0.00016138016362672,0.5501326322555542,0.6368252992630006,-0.0039159338921308205,0.563930082321167,0.6008822917938232,-0.00825424073264,0.5768547654151917,0.5841049790382385,-0.0125071549788117,0.5457921743392944,0.6228500723838806,-0.01479447539895766,0.5586844682693481,0.5645401477813721,-0.024271985888481104,0.5677573442459107,0.5309552907943725,-0.029767515882849645,0.5749128937721253,0.5013727664947509,-0.033312094211578304,0.5610773086547851,0.6342323422431946,-0.0191449508070945,0.5827062845230102,0.5878689765930176,-0.029210341349244082,0.5811331510543823,0.6050372123718262,-0.029051273688673926,0.5743623375892639,0.6207271099090577,-0.027188852056860884,0.5780774712562562,0.6492740035057069,-0.022576805949211083,0.5952078223228454,0.6108692526817322,-0.027651698887348104,0.5910974860191346,0.6250402808189393,-0.020395883172750418,0.5841548919677735,0.6374983549118043,-0.014554722234606701,0.5931867837905884,0.6653737425804138,-0.026296297088265363,0.6064887762069703,0.632100522518158,-0.02574747353792184,0.6021500587463379,0.6437837362289429,-0.01806541942059986,0.5965153098106385,0.6543555259704591,-0.01216184366494412
0.5588914752006531,0.7385466694831848,2.1477176481710106e-08,0.5470245718955994,0.694826102256775,8.994371164588002e-05,0.5537824749946594,0.644428551197052,-0.0041960556991398005,0.568280053138733,0.6092998623847962,-0.00882056187838314,0.5812623262405396,0.5926233291625977,-0.013378456234931899,0.5490802526473999,0.6302657961845397,-0.0149653630331158,0.5635766506195068,0.5724703669548035,-0.024877201393246604,0.5737282633781433,0.5393489837646485,-0.030658465623855543,0.5816124200820924,0.510196590423584,-0.03434211909770961,0.5636600375175476,0.6427271127700805,-0.01953719742596142,0.5873124241828919,0.5968649387359619,-0.030198264867067302,0.5858809113502502,0.6140287637710571,-0.030299613624811123,0.5787245273590088,0.6291523098945617,-0.0285064913332462,0.5801992654800415,0.6587924838066102,-0.023223502561449963,0.5991168856620789,0.6210120916366577,-0.028772870451211862,0.595111644268036,0.6352410078048706,-0.021510656550526558,0.587775993347168,0.6470147490501404,-0.015559851750731421,0.5949998378753663,0.6758805513381958,-0.027215842902660325,0.6098913908004762,0.6427742362022401,-0.02692305780947202,0.6056538820266724,0.6545687437057496,-0.01915302574634544,0.5996312141418457,0.6647937893867494,-0.0131489653140306
0.5600537657737732,0.7449529886245728,2.854179603772878e-08,0.5494895339012147,0.7014647245407105,0.00034183891839346004,0.556950032711029,0.6517092466354371,-0.00396415567956862,0.5719844698905945,0.6175918936729432,-0.008767983783036441,0.5848881602287292,0.6001283526420593,-0.01354058776050802,0.5520421862602234,0.6365484714508056,-0.0146176835522055,0.567931854724884,0.5794264435768128,-0.02458773665130132,0.5788953185081482,0.5469876408576965,-0.030280306562781283,0.5872105956077576,0.5185999274253845,-0.033838479965925164,0.565763258934021,0.6497260808944703,-0.019521685317158644,0.5913111805915833,0.6047925233840943,-0.03051945790648458,0.590008819103241,0.6222829341888427,-0.0306798186153173,0.5824431657791138,0.6372262597084046,-0.0288297343999147,0.5815706968307496,0.666465175151825,-0.023566558957099863,0.6024049282073974,0.6297311782836914,-0.02943594530224794,0.5984523415565491,0.6445934176445007,-0.022038897126913017,0.5906938672065736,0.6560328960418701,-0.01593237556517118,0.5957678914070129,0.6842592358589172,-0.027906749397516206,0.6124343514442444,0.6516768574714661,-0.02774915471673006,0.6082687377929689,0.664065968990326,-0.01980864703655236,0.6017333388328552,0.6742142915725708,-0.013680020533502039
0.5612160563468933,0.7513593077659607,3.5606415593747456e-08,0.5519544959068299,0.708103346824646,0.0005937341251410402,0.5601175904273986,0.6589899420738221,-0.0037322556599974407,0.5756888866424561,0.6258839249610901,-0.008715405687689741,0.588513994216919,0.607633376121521,-0.01370271928608414,0.5550041198730469,0.6428311467170716,-0.0142700040712952,0.5722870588302612,0.586382520198822,-0.02429827190935604,0.5840623736381532,0.5546262979507447,-0.029902147501707024,0.5928087711334229,0.5270032644271851,-0.03333484083414072,0.5678664803504944,0.6567250490188599,-0.019506173208355862,0.5953099370002747,0.6127201080322267,-0.03084065094590186,0.5941367268562316,0.6305371046066284,-0.031060023605823484,0.5861618041992188,0.6453002095222473,-0.029152977466583203,0.5829421281814575,0.6741378664970399,-0.023909615352749762,0.6056929707527161,0.6384502649307251,-0.03009902015328402,0.6017930388450623,0.6539458274841309,-0.022567137703299482,0.593611741065979,0.6650510430335999,-0.01630489937961094,0.5965359449386597,0.6926379203796388,-0.028597655892372082,0.6149773120880128,0.6605794787406922,-0.0285752516239881,0.6108835935592651,0.6735631942749024,-0.020464268326759284,0.6038354635238647,0.6836347937583923,-0.014211075752973479
0.562087368965149,0.7566120624542237,3.441200000509071e-08,0.5536009073257446,0.7135915279388428,0.0017284701898460802,0.5621774911880493,0.6653944730758667,-0.0020878731738776003,0.5780544638633728,0.6327207207679749,-0.006809390586568001,0.5909846901893616,0.6139041423797608,-0.01163867413997646,0.5571667194366455,0.6479106545448304,-0.01314510535448784,0.5751574873924256,0.5915615677833557,-0.022731599956750802,0.5873538255691529,0.5602707505226135,-0.02795478701591486,0.5962782025337219,0.5331177234649659,-0.03111429587006564,0.5694325685501098,0.6616041898727417,-0.018827981129288643,0.5976238369941711,0.6184450864791871,-0.02970613501965998,0.5964868664741516,0.6366471886634827,-0.029621824249625162,0.5883180618286132,0.6514032125473023,-0.027571204304695084,0.5839025020599365,0.679059112071991,-0.02361457087099546,0.6074446320533753,0.6443557739257812,-0.029458094760775523,0.6035888075828553,0.6605991244316103,-0.0216893188655376,0.5953057885169983,0.671716296672821,-0.015355779230594562,0.5969160556793213,0.6977534890174867,-0.028589389100670784,0.6159998893737794,0.6665113925933839,-0.028178234025835937,0.6119688153266907,0.6800749540328981,-0.0197859719395637,0.6047637224197389,0.6902189731597901,-0.01342408247292034
0.5630129814147949,0.7626813650131227,3.368810190806927e-08,0.5551402568817139,0.7199066400527955,0.00267584305838676,0.5640437126159669,0.6720720171928406,-0.0006925149355083999,0.5805308222770691,0.6400010824203491,-0.005137720279162699,0.5940351486206055,0.6214220404624939,-0.00975198913365598,0.558778154850006,0.6536160707473755,-0.0122239232063293,0.5772307395935059,0.5971003413200379,-0.021366358548402724,0.589650571346283,0.5659677028656006,-0.02612586133182044,0.5985899686813354,0.5390969276428222,-0.02897669076919552,0.5703223705291748,0.6667969584465027,-0.018209634721279122,0.5993849754333496,0.6242862820625306,-0.02857505232095716,0.5986861228942871,0.6434235930442811,-0.02813078537583346,0.590555763244629,0.6583157539367677,-0.025920570641756024,0.584235990047455,0.6839151859283448,-0.0232482381165027,0.6089873552322389,0.6501728177070618,-0.028860008716583202,0.6053815722465515,0.6676646709442139,-0.02094170525670048,0.59704669713974,0.6788788437843323,-0.01457945778965944,0.596796202659607,0.7023594975471497,-0.028367714583873722,0.6168233036994935,0.6722580552101135,-0.02778266407549376,0.6129282951354981,0.6871361851692199,-0.01926988288760182,0.6055531978607178,0.6974866151809692,-0.012888544984161782
0.5637006521224976,0.7668285012245178,2.926233868549844e-08,0.55586496591568,0.7243565440177918,0.00356996371410782,0.5647109746932983,0.676649284362793,0.0006522513460367401,0.5816151738166809,0.6447168231010437,-0.0034643357794265604,0.5957165241241456,0.626391887664795,-0.0078103525564074214,0.5592897176742554,0.6573710680007935,-0.01143555808812376,0.5777837395668031,0.6003795862197876,-0.01993231698870652,0.5901275515556336,0.5691763997077942,-0.02406167276203628,0.5988521814346314,0.5423276901245118,-0.02652297839522358,0.570485258102417,0.6696473002433777,-0.01761039011180398,0.5997641921043396,0.6276885747909546,-0.027154987305402722,0.599586296081543,0.6477108240127565,-0.026195662468671742,0.5916859269142151,0.6628519415855407,-0.023806388676166503,0.58417888879776,0.6861568450927735,-0.02276353575289244,0.6094912767410279,0.6532603025436402,-0.027902662754058782,0.6062206268310547,0.6718665957450867,-0.019795189052820177,0.5979769587516784,0.6833887338638307,-0.01346247978508468,0.5965802431106567,0.7041369318962097,-0.02788708470761772,0.6169687509536743,0.6750054240226746,-0.0270084392279386,0.6132011771202087,0.6911601781845094,-0.01837457679212092,0.6057628154754638,0.7018761277198792,-0.012008211947977462
0.5634985446929932,0.7691103696823121,2.803596323985858e-08,0.5553552865982057,0.7260221958160401,0.00405595775227988,0.5639874696731568,0.6777910232543946,0.0013715447625144601,0.5811460852622986,0.6458532571792602,-0.0025767790328245005,0.5955304980278016,0.6289201974868774,-0.006770555768161981,0.5582352042198181,0.6589718818664551,-0.010905452258884882,0.5758706688880921,0.6016595244407654,-0.019118561968207298,0.5878436803817749,0.5700643658638,-0.02308675125241276,0.5961985349655152,0.5429630875587463,-0.025513004511594738,0.5692391157150269,0.6706095099449159,-0.01722950674593446,0.5981535315513611,0.6283226251602173,-0.02638123929500576,0.5985583901405336,0.6487379789352419,-0.02534968592226498,0.5909512519836426,0.6639073252677917,-0.02302795052528378,0.5829995751380921,0.6866069316864014,-0.02248933725059028,0.608412504196167,0.6538015127182008,-0.02751235738396638,0.6054914712905883,0.6728104591369628,-0.019579698145389523,0.5973289132118226,0.6843631982803345,-0.01341915559023614,0.5956472158432007,0.7041838765144348,-0.027651264518499342,0.616144073009491,0.6751972317695618,-0.026815451681613863,0.6124621391296386,0.6920496821403505,-0.01832946985960004,0.6049317359924317,0.702959668636322,-0.01209497600793832
0.5632964372634888,0.7713922381401062,2.680958779421872e-08,0.5548456072807313,0.7276878476142884,0.00454195179045194,0.5632639646530151,0.6789327621459962,0.00209083817899218,0.5806769967079163,0.6469896912574769,-0.00168922228622244,0.5953444719314576,0.63144850730896,-0.005730758979916541,0.5571806907653809,0.6605726957321167,-0.010375346429646003,0.5739575982093811,0.6029394626617433,-0.01830480694770808,0.5855598092079163,0.5709523320198059,-0.022111829742789243,0.593544888496399,0.5435984849929809,-0.024503030627965904,0.5679929733276368,0.6715717196464539,-0.01684862338006494,0.5965428709983825,0.62895667552948,-0.0256074912846088,0.5975304841995239,0.6497651338577272,-0.024503709375858218,0.5902165770530701,0.6649627089500427,-0.022249512374401058,0.581820261478424,0.6870570182800293,-0.02221513874828812,0.6073337316513061,0.6543427228927613,-0.02712205201387398,0.6047623157501221,0.6737543225288392,-0.019364207237958862,0.5966808676719666,0.6853376626968385,-0.0133758313953876,0.5947141885757447,0.70423082113266,-0.027415444329380964,0.6153193950653076,0.675389039516449,-0.026622464135289126,0.6117231011390686,0.6929391860961915,-0.018284362927079162,0.6041006565093994,0.7040432095527649,-0.01218174006789918
0.5627084016799927,0.7721477746963502,2.820823539195772e-08,0.5534337759017944,0.7284510731697083,0.0039775388780980804,0.5609525918960572,0.6785072326660156,0.00126068950630718,0.5780150651931764,0.645951247215271,-0.00265218182466918,0.5929102540016175,0.631067717075348,-0.006762339919805501,0.5547091007232666,0.6613600611686706,-0.01097560096532104,0.570266842842102,0.6032052993774415,-0.01908856667578216,0.5811675429344177,0.5705469846725464,-0.02300355881452558,0.5886181950569154,0.5427487015724183,-0.0255205515772104,0.5656438112258911,0.6718560695648192,-0.01726907789707182,0.5934529900550842,0.6279931902885437,-0.026211103796958884,0.5948270559310913,0.6489625096321107,-0.025151252746581962,0.5877269625663757,0.6644895553588868,-0.02293210253119466,0.5797729969024659,0.6866894721984864,-0.02250689826905724,0.604951548576355,0.6529731392860413,-0.027691459655761638,0.6027312755584717,0.6725537776947023,-0.020042228698730423,0.5948346018791199,0.6843776345252991,-0.014089857786893801,0.59316143989563,0.703212320804596,-0.027615839242935144,0.6134993195533753,0.6733523011207581,-0.027263848111033384,0.6101375102996827,0.691396987438202,-0.019164427742361982,0.6027024984359741,0.7029739022254944,-0.0131802914664149
0.5615606069564819,0.7717170357704164,2.752233214664557e-08,0.5512940287590027,0.7283621311187745,0.00345367058180268,0.5574306368827819,0.6776500105857849,0.00055008695926514,0.5735337972640991,0.643971610069275,-0.0034098773961886205,0.5881551742553711,0.6286312222480774,-0.00753843542188402,0.5515886306762695,0.6617488980293273,-0.01144758127629754,0.5655370116233825,0.6031489849090577,-0.01955770477652546,0.5755265712738037,0.5700167655944824,-0.02352724969387052,0.5822452664375306,0.5418721079826355,-0.02615433074533936,0.563047480583191,0.6717175722122193,-0.01759047247469424,0.589416253566742,0.6262070059776307,-0.026586288586258843,0.5907779812812806,0.6468739986419678,-0.025482684001326503,0.5837683081626892,0.6627882480621339,-0.02323596142232414,0.5775331258773804,0.686021637916565,-0.02272489890456196,0.6013554215431214,0.6505788683891296,-0.02798005007207386,0.5993632555007935,0.6696620702743531,-0.0203402634710073,0.5916779160499573,0.6818730235099792,-0.014390099793672501,0.5913306236267091,0.7020998120307923,-0.02777603082358834,0.6104921221733093,0.6702625751495361,-0.027685505896806663,0.6074355483055115,0.6878728032112122,-0.0197044283151626,0.6002979159355163,0.6999637365341187,-0.01378063615411518
0.5604128122329712,0.7712862968444826,2.6836428901333424e-08,0.5491542816162109,0.7282731890678407,0.0029298022855072797,0.5539086818695069,0.6767927885055541,-0.00016051558777690003,0.569052529335022,0.6419919729232789,-0.004167572967708061,0.5834000945091248,0.6261947274208068,-0.00831453092396254,0.5484681606292725,0.6621377348899842,-0.011919561587274042,0.560807180404663,0.6030926704406738,-0.020026842877268764,0.5698855996131897,0.5694865465164185,-0.02405094057321546,0.5758723378181458,0.5409955143928528,-0.02678810991346832,0.5604511499404907,0.6715790748596192,-0.01791186705231666,0.5853795170783997,0.6244208216667175,-0.026961473375558802,0.5867289066314698,0.644785487651825,-0.025814115256071045,0.5798096537590026,0.6610869407653809,-0.023539820313453624,0.575293254852295,0.6853538036346436,-0.02294289954006668,0.5977592945098877,0.648184597492218,-0.02826864048838608,0.5959952354431153,0.666770362854004,-0.020638298243284184,0.5885212302207947,0.6793684124946594,-0.014690341800451201,0.5894998073577882,0.7009873032569885,-0.02793622240424154,0.6074849247932435,0.6671728491783142,-0.02810716368257994,0.6047335863113403,0.6843486189842225,-0.020244428887963222,0.5978933334350586,0.6969535708427429,-0.014380980841815461
0.5591999650001527,0.7707587838172913,2.3078690603028922e-08,0.5468814373016357,0.7289369583129883,0.00254529709927734,0.5501084446907044,0.6770060539245606,-0.00061757785733786,0.5640138506889344,0.6411534190177919,-0.0045935776084661,0.5781574130058289,0.6244133591651917,-0.00867249900475138,0.545107364654541,0.6628169775009156,-0.0121314393356442,0.5558971762657166,0.6031417369842529,-0.020195683091878865,0.563903021812439,0.5690736055374146,-0.02417513020336626,0.5690950393676758,0.5402809262275696,-0.0269125528633594,0.5575407385826111,0.6715085864067079,-0.0179145138710737,0.5810842633247375,0.6229549288749695,-0.02696229182183736,0.5823577165603638,0.6432319760322571,-0.025700814649462663,0.575539493560791,0.6600817799568177,-0.023326266184449142,0.5726503968238831,0.6844672560691833,-0.022783476859331082,0.5937598705291748,0.6454467296600342,-0.02814949415624134,0.5922217726707458,0.6638528466224671,-0.020478400215506523,0.5850787162780762,0.6770979285240174,-0.01447032988071434,0.5870927810668946,0.6992701888084413,-0.02763811983168122,0.6037423968315125,0.6636448979377747,-0.02798907607793802,0.6013760685920716,0.6804844617843628,-0.02020014859735958,0.5950210928916931,0.6936543941497804,-0.014342097193002681
0.557987117767334,0.7702312707901001,1.932095230472442e-08,0.5446085929870605,0.729600727558136,0.0021607919130474003,0.5463082075119019,0.6772193193435669,-0.00107464012689882,0.5589751720428467,0.6403148651123048,-0.00501958224922414,0.572914731502533,0.6226319909095764,-0.00903046708554022,0.5417465686798095,0.663496220111847,-0.01234331708401436,0.55098717212677,0.603190803527832,-0.02036452330648896,0.5579204440116883,0.5686606645584107,-0.02429931983351706,0.5623177409172058,0.5395663380622864,-0.02703699581325048,0.5546303272247315,0.6714380979537964,-0.01791716068983074,0.5767890095710755,0.6214890360832215,-0.02696311026811592,0.5779865264892579,0.6416784644126892,-0.025587514042854285,0.5712693333625793,0.6590766191482544,-0.02311271205544466,0.5700075387954713,0.6835807085037231,-0.02262405417859548,0.5897604465484619,0.6427088618278504,-0.0280303478240966,0.5884483098983765,0.6609353303909302,-0.020318502187728862,0.5816362023353576,0.6748274445533753,-0.01425031796097748,0.5846857547760009,0.6975530743598939,-0.027340017259120906,0.5999998688697815,0.6601169466972352,-0.027870988473296096,0.5980185508728028,0.6766203045845032,-0.02015586830675594,0.5921488523483277,0.6903552174568177,-0.0143032135441899
0.5573103427886963,0.7703266859054566,1.531685853706222e-08,0.5430102348327637,0.73045471906662,0.0024360953830182205,0.5434974193572998,0.678330147266388,-0.0005175979807972399,0.5553881883621216,0.6412404775619508,-0.00420091626001516,0.5690672636032105,0.6233125686645508,-0.00797693207859984,0.5387877821922302,0.6642409563064576,-0.01178301181644196,0.546449100971222,0.6035354495048523,-0.019350665435194942,0.5524098753929139,0.5687483191490174,-0.022952915355563142,0.5559864521026612,0.539541220664978,-0.025491043925285277,0.5518471121788024,0.6711703181266785,-0.01732512135058636,0.5728049397468568,0.6204594612121582,-0.025853164866566584,0.5742793798446655,0.6406551122665405,-0.024297527223825426,0.5678350090980531,0.6583821892738343,-0.021742220222949922,0.5673641562461853,0.6824366569519043,-0.02197736166417592,0.5861165642738343,0.6409917354583741,-0.02703959271311752,0.5851476788520813,0.6589925408363343,-0.019462051615118964,0.578569781780243,0.6731692671775819,-0.0135248323902487,0.5821100354194642,0.6956220269203187,-0.026594112068414645,0.596467936038971,0.6579215168952942,-0.02688994295895092,0.594939661026001,0.6740378141403199,-0.01922929733991616,0.5893414735794068,0.6879183530807496,-0.013426630571484521
0.5569024205207825,0.7714776873588562,1.1485065376515283e-08,0.5420652389526367,0.7322530508041383,0.00287627447396512,0.5418949484825135,0.6804325222969055,0.00028812207747254,0.5531661391258239,0.643150794506073,-0.0031810929313450653,0.5664541363716126,0.6248381972312927,-0.006752981292083781,0.5369318842887878,0.6654219388961793,-0.01078552054241294,0.5435765027999878,0.6045307040214538,-0.01792619451880452,0.5488057851791381,0.5695960879325866,-0.02122516501694914,0.5517726182937622,0.5404314279556275,-0.023548613488674097,0.5497739672660827,0.6715174555778504,-0.016423312202095922,0.5699534177780151,0.6206144332885742,-0.024562935903668343,0.5716763019561768,0.640529453754425,-0.023020530864596326,0.5655149221420288,0.6583815932273865,-0.020495808869600243,0.5652925372123718,0.6819545269012451,-0.02114751636981958,0.5835967659950256,0.6404505014419557,-0.025903833657503064,0.5828679323196412,0.658419167995453,-0.01851792242377994,0.5765383601188661,0.6727423548698426,-0.01274191401898854,0.5800679445266723,0.6945080041885376,-0.0258121713995933,0.5942608237266541,0.6569888830184937,-0.025778322294354363,0.5929792404174805,0.6729674339294435,-0.01817551739513868,0.5875354647636414,0.6869404554367065,-0.012429936416447122
0.5564944982528687,0.7726286888122559,7.653272215968343e-09,0.5411202430725097,0.7340513825416566,0.00331645356491202,0.5402924776077271,0.682534897327423,0.00109384213574232,0.5509440898895264,0.6450611114501953,-0.002161269602674971,0.5638410091400147,0.6263638257980346,-0.00552903050556772,0.5350759863853455,0.666602921485901,-0.00978802926838392,0.5407039046287536,0.6055259585380555,-0.0165017236024141,0.5452016949653626,0.570443856716156,-0.019497414678335143,0.5475587844848633,0.5413216352462769,-0.021606183052062918,0.547700822353363,0.6718645930290224,-0.01552150305360548,0.5671018958091736,0.6207694053649903,-0.023272706940770098,0.569073224067688,0.6404037952423096,-0.021743534505367222,0.5631948351860047,0.6583809971809388,-0.019249397516250558,0.5632209181785583,0.681472396850586,-0.02031767107546324,0.5810769677162171,0.6399092674255372,-0.024768074601888602,0.580588185787201,0.6578457951545715,-0.017573793232440918,0.574506938457489,0.6723154425621033,-0.01195899564772838,0.5780258536338806,0.6933939814567566,-0.02503023073077196,0.5920537114143372,0.6560562491416931,-0.024666701629757804,0.59101881980896,0.671897053718567,-0.0171217374503612,0.585729455947876,0.6859625577926636,-0.01143324226140972
0.5564274430274964,0.7743069887161256,5.318850448965406e-09,0.5409249424934387,0.7360972523689271,0.00337306293658906,0.5398948907852174,0.6846322178840637,0.0014121954678557801,0.5502772092819215,0.6466538906097412,-0.001619103984285131,0.5626508355140687,0.627258014678955,-0.004735801555216241,0.5346292853355408,0.668380391597748,-0.00912655480206008,0.5398586392402649,0.6072551488876343,-0.015408203005790683,0.5439839363098145,0.5721402406692505,-0.018084883317351284,0.5459061861038208,0.5432010531425476,-0.019970171153545317,0.5471330404281617,0.6730731129646301,-0.014793822728097381,0.5659165978431702,0.6222976565361024,-0.02218688093125816,0.5681798219680786,0.6414280652999879,-0.02071169130504126,0.5626944184303284,0.6591752290725709,-0.01829816401004786,0.5625791907310487,0.6820370316505433,-0.019518258422613097,0.580111837387085,0.64086172580719,-0.023746214434504462,0.5797721385955811,0.6585875988006593,-0.01676938943564888,0.5738627791404725,0.6729414224624635,-0.011345683224499161,0.5772701382637024,0.6935032606124878,-0.0241645380854606,0.5914332628250122,0.6568496346473693,-0.023590852320194183,0.5905209064483643,0.6725765228271485,-0.01616833060979838,0.5852788209915162,0.6865931391716004,-0.01059368271380658
0.556360387802124,0.7759852886199952,2.9844286819624704e-09,0.5407296419143677,0.7381431221961976,0.0034296723082660996,0.5394973039627076,0.6867295384407043,0.0017305487999692403,0.5496103286743165,0.648246669769287,-0.001076938365895291,0.5614606618881226,0.6281522035598754,-0.00394257260486476,0.5341825842857361,0.6701578617095949,-0.00846508033573624,0.5390133738517762,0.6089843392372132,-0.014314682409167263,0.5427661776542664,0.573836624622345,-0.01667235195636742,0.5442535877227783,0.5450804710388184,-0.01833415925502772,0.5465652585029602,0.6742816329002381,-0.014066142402589282,0.5647312998771667,0.6238259077072145,-0.021101054921746222,0.5672864198684693,0.642452335357666,-0.019679848104715302,0.562194001674652,0.659969460964203,-0.01734693050384516,0.5619374632835389,0.6826016664505006,-0.01871884576976296,0.5791467070579529,0.6418141841888427,-0.02272435426712032,0.5789560914039612,0.6593294024467469,-0.01596498563885684,0.5732186198234558,0.6735674023628235,-0.01073237080126994,0.5765144228935242,0.693612539768219,-0.023298845440149242,0.5908128142356872,0.6576430201530457,-0.02251500301063056,0.5900229930877686,0.6732559919357299,-0.015214923769235562,0.5848281860351563,0.6872237205505372,-0.00975412316620344
0.5558806777000428,0.7777165412902833,5.608270803314497e-09,0.5406524777412415,0.7397581815719605,0.00287071301136158,0.5401370882987977,0.6879600167274476,0.0009179648244753402,0.5504090070724488,0.6491483449935914,-0.002057117761887611,0.5618053436279298,0.6286247730255127,-0.00504596652463072,0.5349416494369507,0.6717249751091005,-0.009033191576600041,0.5406076550483704,0.6108081102371217,-0.015356101840734441,0.5446877598762512,0.5757922530174255,-0.01816648691892618,0.5465392112731934,0.5469230771064759,-0.0201129082590341,0.5475887775421142,0.6766497850418091,-0.014510654285550081,0.5659653067588806,0.6262053251266481,-0.02207440771162506,0.5680718779563904,0.6445522308349609,-0.02097503356635566,0.5630204319953919,0.6617087125778199,-0.0188147190958261,0.5630331635475159,0.685442328453064,-0.019084870070219,0.5802842617034912,0.6442361831665039,-0.0233987636864185,0.5796963453292847,0.6616063594818117,-0.01664068698883052,0.573999285697937,0.6757314920425416,-0.01135608162730926,0.5775940418243408,0.6968266606330872,-0.02367048487067216,0.5921693325042725,0.6605187654495239,-0.0230908058583736,0.5909338235855103,0.6760004520416261,-0.01583779565989966,0.5856083869934082,0.689866065979004,-0.010381414927542161
0.55591881275177,0.7796108603477478,1.1761075258132082e-08,0.5413030147552491,0.7409508109092713,0.0020892949600237604,0.5417927384376526,0.6887398600578309,-0.00045226889196782016,0.5525907874107361,0.6499810099601746,-0.003861367366198426,0.5640105247497559,0.6294291615486145,-0.0072506949771195,0.536824643611908,0.6735382795333863,-0.01033506961539384,0.5438105583190919,0.6130863785743714,-0.01759290285408492,0.5486863613128662,0.5782495856285095,-0.02114547844976182,0.5513221263885498,0.5491956949234009,-0.023544866964220937,0.5497561812400819,0.6798385500907899,-0.015704764612019022,0.5690287351608276,0.6288002967834473,-0.02434882074594494,0.5705605149269104,0.6475142478942871,-0.0236129496246576,0.5652166962623597,0.6648583412170411,-0.021493605896830505,0.5652089715003967,0.689675486087799,-0.020225383713841402,0.5829634070396423,0.647773265838623,-0.0252193350344896,0.5818113923072815,0.6652786254882813,-0.018313557468354662,0.5759008765220642,0.6793769121170045,-0.01275094114243978,0.5797020077705384,0.7018179774284363,-0.024839295819401683,0.5946227192878724,0.6650670289993286,-0.02466671653091904,0.5928207516670227,0.6805648684501648,-0.01733817197382444,0.5872773170471192,0.6942301273345949,-0.01175747327506536
0.5559569478034974,0.7815051794052125,1.7913879712949665e-08,0.5419535517692566,0.7421434402465821,0.00130787690868594,0.5434483885765076,0.6895197033882141,-0.0018225026084109802,0.5547725677490235,0.6508136749267579,-0.00566561697050924,0.5662157058715821,0.6302335500717163,-0.00945542342960828,0.5387076377868653,0.6753515839576721,-0.01163694765418764,0.5470134615898132,0.6153646469116212,-0.019829703867435402,0.5526849627494812,0.5807069182395935,-0.024124469980597463,0.5561050415039063,0.5514683127403259,-0.026976825669407782,0.5519235849380493,0.6830273151397706,-0.016898874938487962,0.5720921635627747,0.6313952684402466,-0.026623233780264825,0.5730491518974304,0.6504762649536132,-0.026250865682959545,0.5674129605293274,0.6680079698562622,-0.024172492697834905,0.5673847794532776,0.6939086437225341,-0.021365897357463803,0.5856425523757934,0.6513103485107421,-0.0270399063825607,0.5839264392852783,0.668950891494751,-0.0199864279478788,0.5778024673461915,0.6830223321914674,-0.0141458006575703,0.5818099737167359,0.7068092942237854,-0.0260081067681312,0.5970761060714722,0.6696152925491332,-0.026242627203464482,0.5947076797485352,0.6851292848587036,-0.018838548287749224,0.5889462471008301,0.6985941886901856,-0.013133531622588561
0.5562337398529053,0.7832523465156557,2.643640857336038e-08,0.54327472448349,0.7428534388542176,0.00125073114177206,0.5461712121963501,0.6905662655830384,-0.0022893164656124605,0.5584159851074219,0.6531053304672242,-0.0065662389621138,0.5703132152557373,0.6331303834915162,-0.010841485578566741,0.5413705587387085,0.6767284750938416,-0.012481240369379481,0.5513081431388855,0.6173082947731019,-0.02147797681391234,0.5581234097480775,0.582934582233429,-0.02634068913757798,0.5626622319221497,0.5536707162857056,-0.029507733136415415,0.5544716238975526,0.6858373403549195,-0.017928083986043883,0.5763674974441528,0.6344069838523865,-0.028388458117842644,0.5768243551254273,0.6536912441253662,-0.028098650649189923,0.5707566261291505,0.6710358262062073,-0.02595631889998906,0.5697449445724487,0.6981864094734191,-0.022592790052294705,0.5892608404159546,0.6560822129249574,-0.028678772225975962,0.5870382070541382,0.6737794637680055,-0.0213351737707853,0.5805559158325195,0.6874859571456909,-0.01519829705357546,0.5840311408042909,0.7124312162399292,-0.02744985595345492,0.6001358032226562,0.6753474354743958,-0.027790864557027783,0.5973005771636963,0.6907322525978089,-0.02011863291263574,0.5912118792533875,0.7036983132362367,-0.014208892174065041
0.5565105319023133,0.7849995136260988,3.4958937433771097e-08,0.5445958971977234,0.743563437461853,0.0011935853748581801,0.5488940358161927,0.6916128277778626,-0.0027561303228139395,0.5620594024658203,0.6553969860076905,-0.007466860953718361,0.5744107246398926,0.6360272169113159,-0.0122275477275252,0.5440334796905518,0.6781053662300109,-0.013325533084571321,0.5556028246879579,0.6192519426345826,-0.02312624976038928,0.5635618567466736,0.5851622462272644,-0.0285569082945585,0.5692194223403931,0.5558731198310852,-0.03203864060342306,0.5570196628570556,0.6886473655700683,-0.0189572930335998,0.5806428313255311,0.6374186992645263,-0.030153682455420463,0.5805995583534241,0.6569062232971191,-0.029946435615420305,0.5741002917289735,0.6740636825561525,-0.027740145102143222,0.5721051096916199,0.7024641752243042,-0.023819682747125603,0.5928791284561157,0.6608540773391725,-0.03031763806939122,0.5901499748229981,0.6786080360412599,-0.0226839195936918,0.5833093643188476,0.6919495820999146,-0.016250793449580622,0.5862523078918458,0.718053138256073,-0.028891605138778642,0.6031955003738403,0.6810795783996583,-0.02933910191059108,0.5998934745788574,0.6963352203369142,-0.02139871753752226,0.5934775114059448,0.7088024377822877,-0.015284252725541521
0.5576622486114502,0.7867770910263062,4.023497339744609e-08,0.5464909791946412,0.7447562575340272,0.001622699026484,0.551771092414856,0.693519425392151,-0.0023228765523526404,0.5657627701759339,0.6584516763687134,-0.007129170559346601,0.5787287712097168,0.6394047617912293,-0.01202487088739868,0.5469889283180237,0.6794509768486023,-0.013294930011033981,0.5600043773651123,0.620915412902832,-0.02320031784474846,0.5689215779304505,0.5871716141700745,-0.02859072908759114,0.5753329873085022,0.5583026409149171,-0.03198421299457544,0.5596129655838012,0.6905288577079773,-0.01908873543143268,0.5846774101257325,0.6404745697975159,-0.030311617627739887,0.5844481825828554,0.6599188327789306,-0.029890586063265764,0.5775882363319398,0.6767764568328858,-0.02751654237508766,0.5743546605110169,0.7050459504127503,-0.024086528643965703,0.5962977170944214,0.6650087594985963,-0.030502113699912983,0.5932933688163757,0.6828971147537232,-0.022597984969615903,0.5861145257949829,0.6959400296211243,-0.01599136125296348,0.5881341576576233,0.7213377237319946,-0.029260484874248465,0.6059467673301697,0.6857219934463502,-0.029469933733344025,0.6024031639099121,0.701042413711548,-0.021288688853383,0.5957458376884461,0.7130545616149904,-0.015034548379480761
0.5588258981704711,0.7877323746681214,4.169260634512285e-08,0.5481433510780335,0.7455507278442384,0.0023774691449943604,0.554255485534668,0.6951648116111755,-0.00125174343702382,0.5689362049102784,0.6607685685157776,-0.005859526433050561,0.5822340965270997,0.6415966391563415,-0.01061008227989074,0.5493608951568604,0.6799748420715332,-0.012709953263401961,0.5636355757713318,0.6215029120445252,-0.02209396213293072,0.5733371257781983,0.5882612109184265,-0.02695886120200154,0.5803134202957153,0.5599057793617249,-0.029963845759630164,0.561718487739563,0.6911857843399049,-0.0186504445970058,0.5877023577690125,0.6427505373954774,-0.029181452095508546,0.5873150825500489,0.6616574645042419,-0.028337752819061243,0.5802592396736146,0.6777677655220032,-0.02583992294967168,0.5761770844459534,0.7060148715972902,-0.02372074760496614,0.5988493084907531,0.6675461292266847,-0.029628223553299863,0.5957533717155457,0.6854342103004456,-0.02149357870221134,0.5884649753570557,0.698242735862732,-0.014880640432238522,0.5895820975303651,0.7226125717163085,-0.028892838954925483,0.6078511476516724,0.6883992433547974,-0.028586749732494303,0.6042512774467469,0.7037855744361878,-0.02014682143926614,0.5975267767906189,0.7155881643295289,-0.01380919720977538
0.5599895477294922,0.7886876583099366,4.31502392927996e-08,0.5497957229614259,0.7463451981544496,0.00313223926350472,0.5567398786544799,0.6968101978302002,-0.00018061032169499995,0.5721096396446228,0.6630854606628419,-0.00458988230675452,0.5857394218444825,0.6437885165214539,-0.0091952936723828,0.551732861995697,0.6804987072944642,-0.012124976515769941,0.5672667741775513,0.6220904111862182,-0.02098760642111298,0.5777526736259461,0.5893508076667786,-0.025326993316411944,0.5852938532829285,0.5615089178085327,-0.027943478524684883,0.5638240098953248,0.6918427109718324,-0.01821215376257892,0.5907273054122926,0.6450265049934388,-0.028051286563277204,0.5901819825172424,0.6633960962295532,-0.026784919574856722,0.5829302430152894,0.6787590742111207,-0.024163303524255702,0.5779995083808899,0.7069837927818299,-0.023354966565966584,0.601400899887085,0.670083498954773,-0.028754333406686743,0.5982133746147156,0.687971305847168,-0.02038917243480678,0.5908154249191284,0.7005454421043396,-0.013769919611513562,0.5910300374031067,0.7238874197006226,-0.028525193035602504,0.609755527973175,0.6910764932632446,-0.027703565731644578,0.6060993909835816,0.7065287351608276,-0.019004954025149283,0.5993077158927917,0.7181217670440674,-0.012583846040070002
0.5609832406044006,0.7892837285995484,4.1919318505279084e-08,0.5507177472114564,0.7471513390541077,0.0032571068499237,0.558016562461853,0.6977113366127015,0.00020423983223734145,0.573805582523346,0.663604760169983,-0.0039044889155774604,0.58742196559906,0.6436217069625855,-0.008177302218973599,0.5529065608978272,0.6805551767349243,-0.011626829393208003,0.5691501021385192,0.6217718958854676,-0.019834790751337962,0.5800184965133667,0.5892809271812439,-0.023552791774272882,0.5878058433532716,0.5616873502731323,-0.025733986124396306,0.5651202440261841,0.6916775345802308,-0.01752553153783078,0.5922668337821961,0.6455154657363893,-0.02685894705355162,0.5914571762084961,0.6640100240707397,-0.0253558367490768,0.5840144038200379,0.6795282602310181,-0.02258026674389834,0.579285991191864,0.7066239953041078,-0.02244423776865002,0.6027373790740967,0.6702176451683045,-0.027519001439213722,0.5994376659393311,0.6883888602256776,-0.01914882287383074,0.5920690655708314,0.7011187076568604,-0.012551405653357462,0.5921041727066041,0.7232240676879883,-0.02735159471631044,0.6107025742530823,0.6912923574447631,-0.026258383691310845,0.6069867849349976,0.7070738315582276,-0.01754135433584444,0.600241219997406,0.7187024593353271,-0.01111362930387254
0.5619769334793091,0.7898797988891602,4.0688397717758565e-08,0.5516397714614869,0.7479574799537659,0.00338197443634268,0.559293246269226,0.6986124753952027,0.0005890899861696827,0.5755015254020691,0.6641240596771241,-0.0032190955244004,0.5891045093536377,0.6434548974037171,-0.0071593107655644,0.5540802597999573,0.6806116461753845,-0.011128682270646062,0.5710334300994873,0.6214533805847169,-0.01868197508156294,0.5822843194007874,0.5892110466957092,-0.021778590232133823,0.5903178334236145,0.561865782737732,-0.02352449372410772,0.5664164781570435,0.6915123581886292,-0.01683890931308264,0.5938063621520997,0.6460044264793396,-0.02566660754382604,0.5927323698997498,0.6646239519119262,-0.02392675392329688,0.5850985646247864,0.6802974462509155,-0.020997229963540982,0.5805724740028382,0.7062641978263856,-0.02153350897133346,0.6040738582611085,0.670351791381836,-0.026283669471740705,0.6006619572639466,0.688806414604187,-0.0179084733128547,0.5933227062225341,0.7016919732093811,-0.011332891695201361,0.5931783080101014,0.7225607156753541,-0.02617799639701838,0.6116496205329895,0.6915082216262818,-0.024813201650977106,0.6078741788864136,0.7076189279556274,-0.016077754646539603,0.6011747241020202,0.719283151626587,-0.00964341256767508
0.5620650172233582,0.7896602392196655,4.0369329212808225e-08,0.551802146434784,0.7473694801330566,0.0035353919491171405,0.5596290707588196,0.6978100419044495,0.0008377578924409628,0.5760792136192322,0.6626421809196472,-0.0028661700896918203,0.5894477128982544,0.6416998863220216,-0.00668126214295622,0.553852665424347,0.6799370527267455,-0.01087689772248264,0.5707384586334229,0.6204954028129578,-0.017933540046215002,0.582122266292572,0.588214385509491,-0.020616408064961383,0.590162456035614,0.5609084725379945,-0.022103891894221284,0.5661515951156617,0.6906511545181275,-0.016604153439402518,0.5935074210166932,0.6449836730957031,-0.02496935054659838,0.5927951812744141,0.6634725689888,-0.02319403588771814,0.5852889776229858,0.679132091999054,-0.020321286097168878,0.5803802251815796,0.7051674723625183,-0.021256495639681783,0.6039552927017213,0.6694176673889161,-0.02574036568403242,0.6007824540138245,0.6878560304641724,-0.01750831417739386,0.5934622406959533,0.700691056251526,-0.01110707838088272,0.5930729031562806,0.7211981058120728,-0.02582157775759692,0.611508047580719,0.6902833938598633,-0.024274848029017422,0.6079002976417541,0.7066847085952759,-0.015565693005919382,0.6011609077453614,0.7185623407363892,-0.00919383615255352
0.5615813374519348,0.7882211089134217,4.148810219817279e-08,0.5510980010032654,0.7458413004875183,0.00328405457548792,0.5585590600967407,0.6955503344535828,0.0004884772934019428,0.5750334858894348,0.6601583242416382,-0.0032318243756889803,0.5882660388946533,0.6398909330368043,-0.007021354418247901,0.5524767756462097,0.6782630681991577,-0.011285070888698059,0.5686480283737183,0.6186186194419862,-0.0183913499116897,0.5798102259635926,0.5861176729202271,-0.02110940180718892,0.5875595331192016,0.5586692929267884,-0.022648434340953802,0.5646868109703064,0.6890525817871094,-0.016939246281981422,0.5913787007331849,0.6423539757728577,-0.02537992298603052,0.5912239909172058,0.6607410311698914,-0.023761941492557462,0.5840842723846436,0.6762805342674256,-0.02100381813943382,0.5790378451347351,0.7033944129943848,-0.021512496471404984,0.6022724509239198,0.6670890212059021,-0.02622039206326004,0.5993940949440003,0.6854642510414124,-0.018292210251092858,0.592138659954071,0.6981456875801088,-0.0120512757450342,0.5920398592948913,0.7191652178764343,-0.0259847149252891,0.6102687120437622,0.6875102639198303,-0.024776377901434863,0.6068625330924988,0.7041678667068482,-0.01633153259754174,0.6001673579216004,0.716155743598938,-0.01010124012827868
0.5610976576805115,0.7867819786071777,4.260687518353735e-08,0.5503938555717469,0.74431312084198,0.0030327172018587006,0.5574890494346618,0.693290627002716,0.00013919669436292275,0.5739877581596374,0.6576744675636292,-0.00359747866168614,0.5870843648910522,0.638081979751587,-0.007361446693539581,0.5511008858680725,0.6765890836715698,-0.01169324405491348,0.5665575981140137,0.6167418360710144,-0.0188491597771644,0.5774981856346131,0.5840209603309632,-0.02160239554941646,0.5849566102027893,0.5564301133155822,-0.023192976787686323,0.5632220268249511,0.6874540090560912,-0.01727433912456032,0.5892499804496766,0.6397242784500122,-0.02579049542546266,0.5896528005599976,0.6580094933509827,-0.024329847097396783,0.5828795671463013,0.673428976535797,-0.02168635018169876,0.5776954650878907,0.7016213536262513,-0.02176849730312818,0.6005896091461181,0.6647603750228882,-0.02670041844248766,0.598005735874176,0.6830724716186524,-0.019076106324791862,0.5908150792121888,0.6956003189086916,-0.01299547310918568,0.5910068154335022,0.7171323299407959,-0.02614785209298128,0.6090293765068054,0.6847371339797973,-0.0252779077738523,0.6058247685432434,0.7016510248184205,-0.0170973721891641,0.5991738080978394,0.7137491464614868,-0.01100864410400384
0.5601555705070496,0.7846632361412048,3.925546430139094e-08,0.5489655613899231,0.7421841740608216,0.0031513543333857603,0.5551553964614868,0.6906789779663086,0.0002256495121400814,0.5711440801620483,0.6548550128936768,-0.0035587702412158,0.5844172954559326,0.6362763404846192,-0.007409735582768881,0.5489234209060669,0.6747104287147523,-0.011956924758851479,0.5633468270301819,0.6148725271224976,-0.01933595500886434,0.5738421201705933,0.581768023967743,-0.02237219847738736,0.580873966217041,0.5538966536521912,-0.02421443834900852,0.5610734343528748,0.6853708505630494,-0.01768263597041364,0.5861001491546631,0.6366525292396547,-0.026238438114523845,0.5868571400642395,0.6550374865531922,-0.024786835908889703,0.5802410840988159,0.6706461191177369,-0.02223215401172634,0.5757555365562439,0.6993349313735963,-0.022315370664000442,0.5979405999183655,0.6615299463272095,-0.02732613384723656,0.5956647753715515,0.6797805070877074,-0.019719750806689224,0.5885471224784852,0.692458474636078,-0.013697739504277679,0.5894573092460633,0.7147434592247011,-0.026818003132939285,0.6069032549858093,0.6809782385826111,-0.026169987767934742,0.603898000717163,0.6979748725891114,-0.01803422961384052,0.5973604321479797,0.710456943511963,-0.0119951341301202
0.5592134833335877,0.7825444936752319,3.590405341924453e-08,0.5475372672080994,0.7400552272796632,0.003269991464912821,0.5528217434883118,0.6880673289299012,0.00031210232991724004,0.5683004021644592,0.6520355582237244,-0.00352006182074546,0.5817502260208129,0.6344707012176514,-0.007458024471998181,0.5467459559440613,0.6728317737579346,-0.01222060546278948,0.5601360559463502,0.6130032181739807,-0.01982275024056428,0.5701860547065736,0.5795150876045227,-0.023142001405358263,0.5767913222312928,0.5513631939888001,-0.025235899910330723,0.5589248418807984,0.6832876920700074,-0.01809093281626696,0.5829503178596497,0.633580780029297,-0.026686380803585028,0.5840614795684815,0.6520654797554016,-0.02524382472038262,0.5776026010513307,0.6678632616996765,-0.02277795784175392,0.5738156080245972,0.6970485091209412,-0.0228622440248727,0.5952915906906128,0.6582995176315308,-0.02795184925198546,0.5933238148689269,0.6764885425567626,-0.02036339528858658,0.5862791657447814,0.6893166303634645,-0.01440000589936968,0.5879078030586242,0.712354588508606,-0.02748815417289728,0.6047771334648133,0.6772193431854248,-0.02706206776201718,0.6019712328910828,0.6942987203598023,-0.018971087038516937,0.5955470561981201,0.7071647405624388,-0.01298162415623656
0.5583993077278138,0.7804861068725586,3.002394564077804e-08,0.5458929061889649,0.7387411236763001,0.0031304550357162406,0.5500559568405151,0.6863719820976257,0.0001852010958828,0.5646280765533447,0.6497963666915894,-0.0035824434831738397,0.5781235694885254,0.6323407769203186,-0.007461099419742781,0.544398832321167,0.6716329216957093,-0.012474606931209501,0.556534254550934,0.6115404725074769,-0.02029410079121582,0.5657759070396424,0.5775856018066406,-0.023823890089988663,0.5717537999153137,0.548975658416748,-0.026096966117620423,0.5568453192710876,0.6815334916114808,-0.01826713085174554,0.5796589374542237,0.630650842189789,-0.0270020585507154,0.5807477474212647,0.6494337677955628,-0.02550252564251416,0.574300491809845,0.6658103704452515,-0.02297648824751372,0.5719850540161133,0.6947790622711182,-0.02298608124256126,0.5923727035522461,0.6546401977539064,-0.028192405030131266,0.5905770063400269,0.6727900743484498,-0.020540348440408664,0.5837123155593872,0.6860070943832398,-0.01450212392956014,0.586310887336731,0.7096244335174562,-0.027569941058754863,0.6022968769073487,0.673045837879181,-0.0273710694164037,0.5996486186981201,0.6900221943855286,-0.019327201321721,0.5934799313545227,0.7032455325126649,-0.0133388374000787
0.5577324271202088,0.7794605851173402,2.679689963258625e-08,0.5446517229080201,0.7381320595741272,0.0031493531540035605,0.5481338500976562,0.6860448956489563,0.00030814215424468004,0.5619699239730835,0.6487848401069641,-0.00337506104260682,0.5751347064971923,0.6308368682861328,-0.007181587908416941,0.5423245072364807,0.6714316487312317,-0.012111729942262102,0.5534117937088013,0.6110677361488343,-0.01979035660624498,0.5618876576423645,0.5765318751335144,-0.02328650318086144,0.5672805547714234,0.5475292682647706,-0.02556021176278586,0.5551178216934204,0.6803147315979005,-0.01785624846816056,0.5769332170486451,0.6292206764221192,-0.026344310119748082,0.5780890941619873,0.6480014204978943,-0.02481297142803662,0.571796464920044,0.6647296905517578,-0.022290299460291797,0.5705692887306214,0.6927335500717163,-0.02253148928284638,0.5900070548057557,0.6524067521095277,-0.027455938234925203,0.5884366631507874,0.6701868414878845,-0.019754660129547064,0.5818223595619202,0.6836182713508606,-0.013733226247131781,0.585028886795044,0.7069072127342225,-0.02709765136241908,0.6002259731292725,0.6701393365859986,-0.026674599200487082,0.5978335618972779,0.6866224169731141,-0.018565314635634336,0.5919677257537842,0.7000026226043702,-0.01254553608596318
0.5570655465126038,0.7784350633621216,2.3569853624394455e-08,0.5434105396270752,0.7375229954719544,0.0031682512722908803,0.5462117433547974,0.6857178092002869,0.00043108321260656004,0.5593117713928223,0.6477733135223388,-0.0031676786020398,0.5721458435058594,0.6293329596519471,-0.006902076397091101,0.5402501821517944,0.6712303757667542,-0.0117488529533147,0.5502893328666687,0.6105949997901917,-0.019286612421274142,0.5579994082450868,0.5754781484603883,-0.02274911627173422,0.562807309627533,0.546082878112793,-0.025023457407951304,0.5533903241157532,0.6790959715843202,-0.01744536608457558,0.5742074966430665,0.6277905106544495,-0.025686561688780765,0.57543044090271,0.6465690732002258,-0.024123417213559078,0.5692924380302429,0.6636490106582642,-0.02160411067306988,0.5691535234451294,0.6906880378723145,-0.022076897323131502,0.5876414060592652,0.6501733064651489,-0.026719471439719138,0.5862963199615479,0.6675836086273194,-0.01896897181868546,0.5799324035644531,0.6812294483184815,-0.01296432856470342,0.5837468862533569,0.7041899919509889,-0.0266253616660833,0.5981550693511963,0.6672328352928162,-0.025978128984570463,0.5960185050964356,0.6832226395606995,-0.01780342794954768,0.5904555201530457,0.6967597126960754,-0.01175223477184766
0.5566359162330627,0.7780099511146547,2.3670222049076984e-08,0.5427053093910217,0.7376705408096313,0.0031147486995905006,0.5451801300048829,0.6862494468688966,0.00045548194320868004,0.5578928112983704,0.648011553287506,-0.00305994646623728,0.5702497124671936,0.6286575078964234,-0.006688663270324421,0.5391008138656617,0.6714037418365478,-0.01150366067886346,0.5484191656112671,0.6104400873184205,-0.0187582433223724,0.5555133342742921,0.5750896096229554,-0.02199188731610772,0.5597732782363892,0.5455099701881408,-0.024121024832129443,0.552297055721283,0.6785365104675294,-0.017101721838116583,0.5725956201553346,0.6270440936088562,-0.025069140642881363,0.5740071773529053,0.6457809090614319,-0.023438303172588278,0.5681644797325134,0.662880027294159,-0.02090594619512552,0.5680825710296631,0.6894730091094972,-0.02163552418351168,0.5862009882926942,0.6487016797065734,-0.026030259206891004,0.58502516746521,0.6660159826278687,-0.018274952098727162,0.5788869380950927,0.6797834873199463,-0.01232141740620132,0.582597053050995,0.7023861527442933,-0.026105121523141823,0.5968875408172608,0.6657437562942504,-0.02523469552397724,0.5949437737464905,0.6814961791038514,-0.0170742763206362,0.5895156264305115,0.6949697136878967,-0.01105965543538326
0.5561734437942505,0.7774920701980592,2.3690144956844964e-08,0.5419389486312867,0.7375331759452821,0.0029479159042238605,0.5441702485084534,0.6864463448524476,0.00029760555480604,0.5564629554748536,0.6478644847869872,-0.00317177544347938,0.5684152722358704,0.6275077342987061,-0.0067195080220698805,0.5381234288215637,0.6717126727104187,-0.011463440395891622,0.5469456553459168,0.6104618787765503,-0.01861998885869976,0.553592050075531,0.5749822735786438,-0.021734242141246765,0.5575010418891907,0.5452407240867615,-0.023761180788278543,0.5515187501907349,0.6782953262329102,-0.01692152991890902,0.571390724182129,0.6261578679084777,-0.02483955100178714,0.572738516330719,0.6448544144630433,-0.023176100105047164,0.5670475482940673,0.6621341228485108,-0.02057515978813166,0.5673542261123657,0.6886168003082276,-0.021322843804955437,0.5850634217262268,0.6474752068519593,-0.025552486255764922,0.5839026689529419,0.6646021842956543,-0.0177436757832765,0.5779534578323364,0.6784757733345032,-0.011747484281659082,0.5817620873451232,0.7009729862213135,-0.02569731995463366,0.595857334136963,0.6645735383033753,-0.024581439048051802,0.5939205050468446,0.6798774123191834,-0.016396998427808222,0.588555133342743,0.6932347655296326,-0.01037372108548874
0.5558647394180298,0.777168869972229,2.5141115500559868e-08,0.5415810465812683,0.7373678088188171,0.00273778671398752,0.5437944650650025,0.6864497303962709,6.891025695948002e-05,0.5560281872749329,0.6478231072425842,-0.0033875285647809,0.5677253127098084,0.6268439412117004,-0.006886622682213741,0.53786780834198,0.6718523740768433,-0.01135027501732108,0.5466426730155944,0.6105773568153381,-0.01839197650551792,0.5531735420227051,0.5751857280731202,-0.0213688280433416,0.5570033431053162,0.5454912304878236,-0.023276969417929602,0.5513347864151001,0.6782978773117067,-0.01668824516236778,0.5710944175720215,0.6258139371871948,-0.024658385664224583,0.5722782373428345,0.6445875763893127,-0.02300432994961732,0.5667304158210755,0.6619766354560853,-0.02033672966063018,0.5671167135238647,0.688358449935913,-0.020994215831160498,0.584682834148407,0.646873414516449,-0.025240174680948222,0.5834233283996583,0.6640215635299682,-0.0174425464123487,0.577640974521637,0.6779719948768616,-0.011399160325527142,0.5814316153526307,0.700469470024109,-0.025298503041267344,0.5954912543296814,0.6642903804779052,-0.024075709655880902,0.5934888601303101,0.6793461203575135,-0.01589747760444874,0.5881806373596192,0.692552649974823,-0.009866791404783661
0.5554690718650818,0.776921558380127,2.5403657488709543e-08,0.5415445923805238,0.7372538924217225,0.0027301999740302002,0.5440798044204712,0.686472523212433,4.920886931357786e-05,0.556463074684143,0.6480982542037965,-0.00341767948120826,0.5680990934371949,0.6263592839241028,-0.00691915117204186,0.5383904337882995,0.6715727567672729,-0.01141062602400778,0.5478965401649475,0.6103470087051392,-0.01865698285400862,0.5547582030296325,0.5752075791358948,-0.021812014654278702,0.5589316844940186,0.5456218481063844,-0.023811033368110603,0.5518076539039611,0.6783831954002382,-0.0167259074747562,0.5721710085868836,0.6261412501335144,-0.02490255348384376,0.5729422450065613,0.6450812339782716,-0.02325673662126058,0.5672284007072449,0.6625079512596131,-0.020556730031967122,0.567395806312561,0.6887243866920472,-0.021031242981553042,0.5854067444801331,0.6472004652023315,-0.02531846128404136,0.5838157176971436,0.6645937561988831,-0.017395853623747782,0.578001892566681,0.6786047935485839,-0.011253914609551382,0.5814885497093202,0.7011296629905701,-0.025349745154380744,0.5960344910621643,0.6651236534118653,-0.02411845847964284,0.5936866044998169,0.6802793741226196,-0.015905711241066402,0.588224196434021,0.6933733224868774,-0.0098419958725571
0.5550734043121338,0.7766742467880249,2.566619947685922e-08,0.541508138179779,0.7371399760246278,0.00272261323407288,0.5443651437759399,0.686495316028595,2.950748166767567e-05,0.5568979620933533,0.6483734011650086,-0.0034478303976356196,0.5684728741645814,0.6258746266365052,-0.0069516796618699795,0.5389130592346191,0.6712931394577026,-0.01147097703069448,0.5491504073143005,0.6101166605949402,-0.01892198920249932,0.5563428640365601,0.5752294301986695,-0.0222552012652158,0.560860025882721,0.5457524657249451,-0.024345097318291604,0.5522805213928224,0.6784685134887696,-0.01676356978714462,0.5732475996017456,0.626468563079834,-0.02514672130346294,0.5736062526702881,0.6455748915672304,-0.023509143292903843,0.5677263855934144,0.663039267063141,-0.02077673040330406,0.5676748991012573,0.6890903234481812,-0.021068270131945583,0.5861306548118592,0.6475275158882141,-0.025396747887134502,0.584208106994629,0.6651659488677979,-0.01734916083514686,0.5783628106117249,0.6792375922203063,-0.01110866889357562,0.5815454840660096,0.7017898559570312,-0.02540098726749414,0.5965777277946472,0.6659569263458253,-0.02416120730340478,0.5938843488693237,0.6812126278877259,-0.01591394487768406,0.5882677555084228,0.6941939949989318,-0.00981720034033054
0.5549790143966675,0.7761114716529846,2.713938229703672e-08,0.5418322086334229,0.7363971590995789,0.0028508144430815802,0.5453871607780457,0.6859109401702881,8.557001565349565e-05,0.55832017660141,0.648144567012787,-0.00345235872082404,0.5700042605400085,0.6255720257759094,-0.0070396286435425,0.5397015333175659,0.670728361606598,-0.011886458843946441,0.551206660270691,0.6097758531570434,-0.01963343359529964,0.559040367603302,0.5752802968025208,-0.023202436789870204,0.5641323447227478,0.5459323167800904,-0.025426591187715467,0.5529285788536072,0.6785829544067382,-0.01721576154232022,0.5748866200447083,0.6267148375511169,-0.0257654562592506,0.5749155640602112,0.6458363175392152,-0.024077638611197424,0.568761682510376,0.6630899786949158,-0.021326164528727484,0.5681476712226867,0.6897312521934511,-0.021532450243830666,0.5873979926109314,0.6482058882713317,-0.02588562779128548,0.5852039098739624,0.6660664200782775,-0.017656682431697802,0.5791821837425232,0.6801278710365295,-0.01130660958588118,0.5818281888961793,0.7028704166412354,-0.025869062542915284,0.5975009918212891,0.6671215057373047,-0.02459207251667974,0.5945141673088074,0.6825214862823485,-0.0162339344620704,0.5887053728103638,0.6954864501953126,-0.0100805547088384
0.5547191619873046,0.775043749809265,3.26657744409431e-08,0.5422607421875,0.735195004940033,0.00287825600244102,0.5466108441352845,0.6849780797958374,3.725940769075647e-06,0.5603045940399171,0.6478623628616333,-0.0036410230211912794,0.5720989227294923,0.6253662347793579,-0.007354114949703181,0.5404051661491394,0.6693626523017884,-0.012245698831975441,0.5532326459884644,0.608689546585083,-0.02008185088634484,0.5617568969726563,0.5745618462562562,-0.023715525120496683,0.5673634290695191,0.5454310894012452,-0.025973595678806242,0.5533529162406922,0.6780381679534913,-0.017633599787950482,0.5762845516204834,0.6266174674034118,-0.02630900777876374,0.5763078331947327,0.6456165790557863,-0.024639403074979742,0.5700466752052308,0.6625094532966613,-0.021931687369942623,0.5683738589286804,0.6897975444793701,-0.021984003111720062,0.5886235594749452,0.6484344840049743,-0.0264570269733667,0.5862687349319458,0.6666940689086915,-0.01816403716802592,0.5799862980842592,0.6807556390762328,-0.0117805572226643,0.5819108128547669,0.7034167647361755,-0.0263430636376142,0.5983660817146301,0.6678901791572571,-0.025146945565938925,0.5952146410942077,0.6836631894111632,-0.016739554330706542,0.5891687750816346,0.6966459631919861,-0.01055814605206246
0.554459309577942,0.7739760279655457,3.8192166584849485e-08,0.5426892757415771,0.7339928507804871,0.00290569756180046,0.5478345274925233,0.6840452194213867,-7.811813411534436e-05,0.5622890114784241,0.6475801587104797,-0.0038296873215585194,0.5741935849189759,0.6251604437828064,-0.007668601255863861,0.5411087989807128,0.6679969429969788,-0.01260493882000444,0.5552586317062378,0.6076032400131226,-0.020530268177390038,0.5644734263420106,0.5738433957099914,-0.024228613451123163,0.5705945134162903,0.5449298620223999,-0.026520600169897022,0.5537772536277772,0.6774933815002442,-0.018051438033580742,0.5776824831962586,0.6265200972557068,-0.02685255929827688,0.5777001023292542,0.6453968405723572,-0.025201167538762063,0.5713316679000855,0.6619289278984068,-0.02253721021115776,0.568600046634674,0.6898638367652894,-0.02243555597960946,0.5898491263389587,0.648663079738617,-0.02702842615544792,0.5873335599899292,0.6673217177391053,-0.01867139190435404,0.5807904124259949,0.6813834071159364,-0.012254504859447422,0.5819934368133545,0.7039631128311157,-0.026817064732313118,0.5992311716079712,0.6686588525772095,-0.025701818615198102,0.5959151148796081,0.684804892539978,-0.01724517419934268,0.5896321773529053,0.6978054761886597,-0.011035737395286519
0.5541752457618714,0.7715145826339722,4.47810425185935e-08,0.5427864193916321,0.7314464569091798,0.00274874842725692,0.5483226895332336,0.6817116498947143,-0.00045199454543760225,0.563213837146759,0.6458979249000549,-0.00435781734995538,0.5754663586616516,0.6241105675697327,-0.0083404242061078,0.5414494633674621,0.6657787322998048,-0.013387792184948882,0.5564988613128663,0.6056290984153747,-0.021354251727461762,0.5662137269973755,0.5723666548728943,-0.024902698770165384,0.5726914286613465,0.5437485575675964,-0.02707221843302244,0.5537590026855469,0.6760982275009156,-0.01882517747581,0.5788405299186706,0.6247364640235901,-0.02782247401773926,0.5788718104362488,0.6439136624336244,-0.026007873192429504,0.5721188306808471,0.6604968786239623,-0.023207988590002025,0.5683342337608338,0.689122486114502,-0.02317632809281346,0.5907799005508423,0.6475797891616822,-0.0280108734965324,0.5881303548812866,0.6666088938713075,-0.0196117259562015,0.5811057806015015,0.6806197047233582,-0.013134284317493382,0.5815499544143677,0.7037085533142089,-0.02750980630517002,0.59972722530365,0.6686520099639893,-0.026541342586278882,0.5963759422302246,0.6848986625671387,-0.01812254115939136,0.5897006392478943,0.697778868675232,-0.011956683732569182
0.5538911819458008,0.7690531373023988,5.1369918452337534e-08,0.5428835630416871,0.7289000630378722,0.00259179929271338,0.5488108515739442,0.6793780803680419,-0.0008258709567598602,0.564138662815094,0.6442156910896301,-0.00488594737835224,0.5767391324043274,0.623060691356659,-0.00901224715635174,0.5417901277542114,0.6635605216026307,-0.014170645549893321,0.5577390909194946,0.603654956817627,-0.022178235277533483,0.5679540276527405,0.5708899140357971,-0.025576784089207598,0.5747883439064025,0.542567253112793,-0.02762383669614786,0.5537407517433166,0.674703073501587,-0.019598916918039264,0.5799985766410828,0.6229528307914733,-0.028792388737201642,0.5800435185432434,0.6424304842948914,-0.02681457884609694,0.572905993461609,0.6590648293495178,-0.023878766968846284,0.5680684208869935,0.6883811354637146,-0.02391710020601746,0.5917106747627259,0.6464964985847473,-0.02899332083761688,0.588927149772644,0.6658960700035095,-0.020552060008048958,0.5814211487770081,0.6798560023307801,-0.014014063775539341,0.5811064720153809,0.7034539937973023,-0.028202547878026916,0.6002232789993286,0.6686451673507692,-0.027380866557359662,0.5968367695808411,0.6849924325942994,-0.01899990811944004,0.5897691011428833,0.6977522611618043,-0.01287763006985184
0.5529427766799927,0.7651315450668335,5.904936557499242e-08,0.542621111869812,0.7245338201522827,0.00204195246333254,0.5489989280700684,0.6747875213623047,-0.0017828883137553401,0.5647189974784852,0.6397174596786499,-0.00615620333701368,0.5773649454116822,0.6189414381980897,-0.01051918119192116,0.5414315581321716,0.6598409175872804,-0.0151814524084329,0.5578842520713807,0.6002522349357605,-0.02343872673809524,0.5683347344398499,0.5678167343139648,-0.0269138198345899,0.5754048585891723,0.5396324992179871,-0.02902442663907998,0.5529871582984924,0.6721000790596008,-0.020590154454111984,0.5804478526115417,0.6207305788993835,-0.030376441031694363,0.58056081533432,0.6402491450309753,-0.028616033494472462,0.5730976700782776,0.6567046046257019,-0.025774344801902743,0.5671202540397644,0.6864686131477357,-0.02490156367421146,0.5920307755470275,0.6449212312698365,-0.030482392758130982,0.5891133785247803,0.6641625046730042,-0.022273561730980822,0.5810983300209046,0.6775449633598329,-0.01583900339901442,0.5801882743835449,0.701869785785675,-0.02921478301286694,0.6004774689674377,0.6675195217132569,-0.028763200342655143,0.5969668984413148,0.6836061716079712,-0.020632242038845984,0.5893346905708313,0.6959733843803406,-0.014685573056340181
0.5518551468849183,0.7597673773765565,6.515943695717399e-08,0.5419821977615357,0.7188347458839417,0.0013786684954538802,0.5485673666000367,0.6684181451797485,-0.00292983003892,0.5644512176513672,0.6331327319145204,-0.007709918636828621,0.5770524859428406,0.6127965331077576,-0.01238306574523442,0.5404025435447692,0.6550172924995423,-0.016053029336035182,0.5570401310920715,0.5957498669624329,-0.02466952353715892,0.5674400210380555,0.5635295271873475,-0.02832064740359778,0.5745399117469788,0.5354161739349366,-0.03058253116905682,0.5515597462654114,0.66800297498703,-0.021408784762024805,0.5803128242492677,0.6171482920646667,-0.03186411783099168,0.5804010272026062,0.636833655834198,-0.03032898828387256,0.5724678754806519,0.6531363010406495,-0.02758628204464908,0.5654534935951233,0.682828688621521,-0.02572986446321006,0.5916641235351563,0.6416735529899598,-0.03186011314392084,0.5887028694152833,0.6605793595314026,-0.023900048434734297,0.5802613973617554,0.6733359694480896,-0.017581221088767002,0.578523862361908,0.6983613252639771,-0.030108381062746,0.6000606179237366,0.6644524455070496,-0.03010274693369862,0.5966028451919556,0.6800414323806763,-0.022322623804211583,0.588568139076233,0.6920012950897217,-0.01662978362292046
0.5507675170898437,0.7544032096862794,7.126950833935554e-08,0.5413432836532593,0.7131356716156007,0.0007153845275752202,0.5481358051300049,0.6620487689971923,-0.00407677176408466,0.5641834378242493,0.6265480041503906,-0.009263633936643562,0.576740026473999,0.6066516280174256,-0.014246950298547681,0.5393735289573669,0.6501936674118043,-0.01692460626363746,0.5561960101127624,0.5912474989891052,-0.025900320336222603,0.566545307636261,0.55924232006073,-0.02972747497260566,0.5736749649047852,0.5311998486518861,-0.032140635699033665,0.5501323342323303,0.6639058709144593,-0.02222741506993762,0.5801777958869935,0.61356600522995,-0.033351794630289006,0.5802412390708924,0.6334181666374207,-0.03204194307327266,0.5718380808830261,0.6495679974555969,-0.02939821928739542,0.5637867331504822,0.6791887640953064,-0.02655816525220866,0.5912974715232849,0.638425874710083,-0.0332378335297107,0.5882923603057861,0.656996214389801,-0.02552653513848778,0.5794244647026062,0.6691269755363465,-0.01932343877851958,0.5768594503402711,0.6948528647422791,-0.03100197911262506,0.5996437668800354,0.6613853693008424,-0.0314422935247421,0.5962387919425964,0.6764766931533814,-0.02401300556957718,0.5878015875816346,0.6880292057991029,-0.01857399418950074
0.5493772983551026,0.7480965375900269,7.757923015105918e-08,0.5403373241424562,0.7065787315368653,-0.00010264801094307999,0.547276794910431,0.6544239163398743,-0.00525423875078556,0.563458526134491,0.6182997226715088,-0.01071477243676776,0.5757549285888672,0.5991849899291992,-0.01586418282240622,0.5376203775405883,0.6442895770072937,-0.0171405024826526,0.5543936610221863,0.5857216954231262,-0.026272105798125223,0.5646132588386535,0.5536690831184388,-0.0302501548081636,0.571763241291046,0.5256903767585754,-0.032794525474309846,0.5482460260391235,0.6582558989524842,-0.02224359698593608,0.5790188074111939,0.609350335597992,-0.033876167610287604,0.5791926383972168,0.6290289759635925,-0.03292895108461376,0.570664930343628,0.644951331615448,-0.03045687265694136,0.56177875995636,0.6735926747322083,-0.0264772735536098,0.5899902582168579,0.6337736368179322,-0.03365198150277132,0.587202000617981,0.651816177368164,-0.026351813599467245,0.5783110380172729,0.6634858012199402,-0.020329527184367122,0.5749808907508851,0.6890130877494813,-0.030898784846067364,0.5984811544418335,0.6560940027236939,-0.03175913393497464,0.5954641461372375,0.6706705927848816,-0.024719557166099523,0.587129557132721,0.6819971919059754,-0.0195060728117823
0.5479870796203614,0.7417898654937745,8.388895196276282e-08,0.5393313646316529,0.7000217914581299,-0.00092068054946138,0.546417784690857,0.6467990636825562,-0.00643170573748646,0.5627336144447327,0.610051441192627,-0.01216591093689196,0.5747698307037354,0.5917183518409729,-0.01748141534626476,0.5358672261238098,0.6383854866027833,-0.01735639870166774,0.5525913119316102,0.5801958918571472,-0.026643891260027842,0.5626812100410461,0.5480958461761475,-0.03077283464372154,0.5698515176773071,0.5201809048652649,-0.03344841524958603,0.5463597178459167,0.652605926990509,-0.022259778901934542,0.5778598189353943,0.6051346659660339,-0.0344005405902862,0.5781440377235413,0.6246397852897645,-0.033815959095954855,0.5694917798042297,0.6403346657752992,-0.0315155260264873,0.5597707867622376,0.6679965853691101,-0.026396381855010944,0.588683044910431,0.6291213989257813,-0.03406612947583194,0.5861116409301758,0.646636140346527,-0.027177092060446703,0.5771976113319397,0.657844626903534,-0.021335615590214664,0.5731023311614991,0.6831733107566834,-0.030795590579509664,0.5973185420036317,0.6508026361465454,-0.03207597434520718,0.5946895003318786,0.6648644924163819,-0.02542610876262186,0.5864575266838074,0.675965178012848,-0.02043815143406386
0.5465564370155335,0.7349298238754274,9.557532791859559e-08,0.5377597093582154,0.6933567047119141,-0.00132832960225638,0.5444587230682373,0.6398950338363648,-0.007039802893996201,0.5605980396270752,0.6032504916191102,-0.01297155097126954,0.5731938004493714,0.5864230513572692,-0.018446819856762824,0.5338421106338501,0.632205867767334,-0.01718598939478394,0.5502219796180725,0.5742702007293702,-0.026562451943755103,0.5603147745132446,0.5417631149291993,-0.030801597237586936,0.5675117135047913,0.513984602689743,-0.033504077047109525,0.5442472934722901,0.6460572719573975,-0.021927883848547863,0.5759087920188903,0.5980355858802796,-0.03421491831541057,0.5767173886299134,0.6173366785049439,-0.033736473321914616,0.5682989954948425,0.6334603905677796,-0.03135897144675248,0.5575561761856079,0.6613366842269899,-0.025976143777370404,0.5866151928901673,0.6218632578849792,-0.03399701267480846,0.5847291588783264,0.6387900233268738,-0.027447161823511083,0.5761322021484375,0.6504971742630005,-0.02160310149192804,0.5708141088485719,0.6764587044715882,-0.030306906625628405,0.5951268076896667,0.6438044548034668,-0.03194564804434774,0.5941832780838012,0.6561854600906372,-0.02566095404326914,0.5873933911323548,0.6668959140777588,-0.02076814509928222
0.5448748469352722,0.7277902007102968,1.1709803686699162e-07,0.5357774257659913,0.6862363576889039,-0.0009940347401425002,0.5418315052986145,0.6338360786437989,-0.00668882355093952,0.5573596358299255,0.5980308532714844,-0.01264028754085296,0.5708566308021545,0.5830491781234741,-0.0182152304798364,0.5316937804222107,0.6252030134201051,-0.01707207262516018,0.5477653741836548,0.5676159858703613,-0.02643302306532854,0.558107852935791,0.5345730304718018,-0.03082443848252294,0.5653458714485169,0.5071206748485565,-0.03357543572783463,0.5417581677436829,0.6388276576995849,-0.021871938928961682,0.572995638847351,0.5888322830200196,-0.03362641707062716,0.5762186765670777,0.6067901611328125,-0.03315096572041506,0.5696165084838867,0.6232968091964722,-0.03082307688891882,0.5549965858459474,0.6544044733047486,-0.025910610705614043,0.583572542667389,0.6130179524421692,-0.03366041928529736,0.5837942361831665,0.628887963294983,-0.027281391248106905,0.576486325263977,0.6416703343391419,-0.021481758356094303,0.568195641040802,0.6701304912567139,-0.030177536979317604,0.5919296622276307,0.6366150975227356,-0.0318839944899082,0.593719494342804,0.6458490014076232,-0.025816303119063362,0.5893146753311157,0.6553096175193786,-0.02094332389533516
0.5431932568550111,0.7206505775451661,1.3862074581538765e-07,0.5337951421737671,0.6791160106658936,-0.00065973987802862,0.5392042875289917,0.6277771234512328,-0.00633784420788284,0.5541212320327759,0.5928112149238587,-0.01230902411043638,0.5685194611549378,0.579675304889679,-0.01798364110290998,0.5295454502105713,0.618200159072876,-0.01695815585553642,0.5453087687492371,0.5609617710113526,-0.026303594186901983,0.5559009313583374,0.5273829460144043,-0.030847279727458942,0.5631800293922424,0.50025674700737,-0.03364679440855972,0.5392690420150758,0.6315980434417724,-0.021815994009375506,0.5700824856758118,0.5796289801597596,-0.03303791582584376,0.575719964504242,0.5962436437606812,-0.0325654581189155,0.5709340214729309,0.6131332278251649,-0.030287182331085162,0.5524369955062867,0.6474722623825074,-0.025845077633857683,0.5805298924446106,0.6041726469993591,-0.03332382589578626,0.5828593134880067,0.618985903263092,-0.027115620672702723,0.5768404483795166,0.6328434944152832,-0.021360415220260564,0.5655771732330322,0.6638022780418396,-0.030048167333006803,0.5887325167655946,0.6294257402420044,-0.031822340935468665,0.5932557106018066,0.6355125427246093,-0.025971652194857583,0.5912359595298767,0.6437233209609985,-0.0211185026913881
0.5414911746978761,0.7124257087707521,1.6186349967028947e-07,0.5321540236473083,0.6705190300941468,0.0001147998962551201,0.5367553472518921,0.6210803270339966,-0.005558482650667379,0.5507558584213257,0.5873263597488404,-0.01169770024716848,0.565610158443451,0.5743639469146729,-0.01766409315168852,0.527432382106781,0.6099270820617676,-0.01702503785490984,0.5427682161331178,0.5531704425811769,-0.026633089408278403,0.5538019180297852,0.5193248331546783,-0.03143363893032072,0.5613356471061707,0.4927094399929047,-0.034279416501522,0.5362614989280702,0.6235762357711792,-0.022281610593199663,0.5664021611213683,0.5688041925430298,-0.033307258039712864,0.5752299189567567,0.5834330797195435,-0.033089905977249076,0.5730817914009094,0.600550651550293,-0.0309752810746431,0.5492717623710632,0.6399933576583863,-0.026591764390468543,0.5768398642539978,0.5938506364822387,-0.034139993786811804,0.5822497606277466,0.6069934248924256,-0.02835855223238462,0.5784293651580811,0.6217990756034851,-0.022763499245047523,0.5624275207519531,0.6568980693817138,-0.030949102714657742,0.5849590420722962,0.6215353369712829,-0.0331369876861572,0.5924013614654541,0.6238348007202149,-0.027741173282265642,0.5930588245391846,0.6302991271018982,-0.023024590685963603
0.5397890925407409,0.7042008399963379,1.851062535251913e-07,0.5305129051208497,0.6619220495223999,0.0008893396705388602,0.5343064069747925,0.6143835306167603,-0.00477912109345192,0.5473904848098755,0.581841504573822,-0.01108637638390058,0.5627008557319642,0.5690525889396667,-0.017344545200467062,0.5253193140029907,0.6016540050506592,-0.01709191985428326,0.5402276635169984,0.545379114151001,-0.026962584629654823,0.551702904701233,0.5112667202949523,-0.0320199981331825,0.5594912648200988,0.4851621329784393,-0.03491203859448428,0.5332539558410645,0.6155544281005859,-0.02274722717702382,0.5627218365669251,0.5579794049263,-0.03357660025358196,0.5747398734092712,0.5706225156784057,-0.03361435383558266,0.5752295613288879,0.5879680752754213,-0.03166337981820104,0.5461065292358399,0.6325144529342651,-0.027338451147079404,0.5731498360633851,0.5835286259651185,-0.03495616167783734,0.5816402077674867,0.595000946521759,-0.02960148379206652,0.5800182819366455,0.6107546567916871,-0.024166583269834483,0.559277868270874,0.6499938607215882,-0.03185003809630868,0.5811855673789978,0.6136449337005616,-0.03445163443684574,0.5915470123291016,0.6121570587158204,-0.029510694369673702,0.5948816895484924,0.6168749332427979,-0.024930678680539102
0.5380209922790528,0.6949891686439514,2.0293129523452083e-07,0.5293855071067811,0.6525583505630493,0.0015185252996161001,0.5327966809272766,0.606876564025879,-0.00419906852766866,0.5451062202453614,0.5754670381546021,-0.01073016617447132,0.5602715134620666,0.5617150068283081,-0.017401529848575542,0.523651397228241,0.5923248767852783,-0.0173666272312402,0.5379199385643005,0.5366220712661743,-0.027636014297604504,0.5498815298080444,0.5026365101337433,-0.03312924578785894,0.5579297661781312,0.4769764482975006,-0.036293475329875896,0.5304874777793884,0.6066047549247742,-0.023526274412870342,0.5589722514152528,0.5481172561645508,-0.034711459279060324,0.5743185520172119,0.5579795479774475,-0.03555879592895502,0.5777075409889222,0.574615478515625,-0.03426464125514028,0.542954182624817,0.6242598772048951,-0.02852510958909982,0.5689268827438355,0.5735305905342103,-0.03660912215709682,0.5808905839920044,0.5824435949325562,-0.032143770903348884,0.5821619153022766,0.5980856060981751,-0.027328636497259105,0.5559918642044067,0.642372977733612,-0.033327142894268004,0.5771665930747987,0.6056239724159241,-0.0367723904550075,0.5895318865776062,0.6010392904281616,-0.03268325999379154,0.5948496222496034,0.6039572358131409,-0.028643319010734518
0.537587559223175,0.6846083998680115,2.1004181007810988e-07,0.5306527137756348,0.6430015206336974,0.0016026544501073002,0.5338868141174317,0.5986271858215333,-0.00416516317054624,0.5452859759330749,0.5677475214004517,-0.010929447785019822,0.5593901991844178,0.5519799709320068,-0.01790571250021452,0.5228437066078186,0.5822663187980652,-0.0169252406805753,0.5359337687492371,0.5274160146713257,-0.027686425670981365,0.5481696009635926,0.4937543928623199,-0.03370956033468244,0.5567718505859376,0.46862797141075135,-0.03722214102745052,0.5284584164619446,0.5962746381759643,-0.02343374527990812,0.5553334593772888,0.5392575860023499,-0.03566330671310422,0.5727310895919799,0.5464806199073792,-0.03782340660691256,0.5785869836807251,0.5617637753486634,-0.03735825233161446,0.5400911092758179,0.6139843106269837,-0.02883608639240258,0.5644492983818055,0.5636688590049743,-0.0380695447325706,0.5788683891296387,0.5697033762931825,-0.03516907021403309,0.5829174757003784,0.5838000893592834,-0.031310791522264445,0.5527150511741639,0.6321471929550171,-0.03397092744708058,0.5733768820762635,0.5968489527702332,-0.03866353109478944,0.5867404460906982,0.5908116340637207,-0.03588589765131468,0.5934255242347718,0.5925697207450867,-0.03270381577312942
0.5371541261672973,0.6742276310920716,2.1715232492169898e-07,0.5319199204444885,0.6334446907043456,0.0016867836005985,0.5349769473075867,0.5903778076171875,-0.004131257813423821,0.5454657316207886,0.5600280046463013,-0.011128729395568322,0.5585088849067689,0.5422449350357056,-0.0184098951518535,0.5220360159873962,0.5722077608108521,-0.0164838541299104,0.5339475989341735,0.5182099580764771,-0.027736837044358226,0.5464576721191406,0.4848722755908965,-0.03428987488150594,0.5556139349937439,0.4602794945240021,-0.038150806725025146,0.5264293551445007,0.5859445214271546,-0.0233412161469459,0.5516946673393249,0.530397915840149,-0.036615154147148124,0.571143627166748,0.5349816918373108,-0.0400880172848701,0.5794664263725281,0.5489120721817017,-0.040451863408088644,0.5372280359268189,0.6037087440490723,-0.02914706319570534,0.5599717140197754,0.5538071274757386,-0.03952996730804438,0.5768461942672729,0.5569631576538087,-0.03819436952471729,0.5836730360984803,0.5695145726203918,-0.035292946547269784,0.5494382381439209,0.6219214081764222,-0.03461471199989316,0.5695871710777283,0.5880739331245423,-0.04055467173457138,0.5839490056037904,0.5805839776992798,-0.039088535308837824,0.5920014262199402,0.5811822056770325,-0.03676431253552432
0.5371039032936097,0.6636808037757873,2.1646781362960617e-07,0.5332705140113831,0.624577808380127,0.0019229745957999801,0.536304783821106,0.582526969909668,-0.0037421923596411403,0.5461307168006897,0.5528622627258302,-0.010769397579133462,0.5587221741676331,0.5342396616935731,-0.01818761415779584,0.5224817514419556,0.5624075770378113,-0.015500007383525301,0.5327574610710144,0.5092537879943848,-0.026970392465591405,0.5450635910034181,0.476417201757431,-0.033764503523707357,0.5544556617736817,0.45282074213027956,-0.037851130217313726,0.5258667588233948,0.5743817329406739,-0.02270477116107936,0.5482065558433533,0.5211934745311737,-0.03661597669124602,0.5690489649772644,0.5226582884788513,-0.04093288928270336,0.5796427607536316,0.534481406211853,-0.0418775208294391,0.5354709267616272,0.5914122343063355,-0.028949348255991863,0.555601680278778,0.5438627004623413,-0.04016441926360124,0.574013352394104,0.5442692995071412,-0.04006895273923868,0.5831490755081177,0.5544724583625793,-0.03801673762500282,0.5467805743217469,0.6097813725471496,-0.0348014615476131,0.5658475160598755,0.5791607022285461,-0.04187959209084505,0.5806987285614014,0.5713499069213867,-0.041576807200908596,0.5897989034652711,0.5714005827903748,-0.040052101388573576
0.537053680419922,0.6531339764595032,2.1578330233751336e-07,0.5346211075782776,0.6157109260559083,0.00215916559100146,0.5376326203346252,0.5746761322021484,-0.00335312690585846,0.5467957019805908,0.5456965208053589,-0.0104100657626986,0.5589354634284973,0.5262343883514404,-0.01796533316373818,0.5229274868965149,0.5526073932647705,-0.0145161606371402,0.5315673232078553,0.5002976179122925,-0.026203947886824584,0.5436695098876954,0.4679621279239655,-0.033239132165908784,0.5532973885536194,0.44536198973655705,-0.037551453709602306,0.5253041625022888,0.5628189444541931,-0.022068326175212823,0.5447184443473816,0.5119890332221985,-0.036616799235343916,0.5669543027877808,0.5103348851203918,-0.04177776128053662,0.5798190951347351,0.5200507402420044,-0.04330317825078956,0.5337138175964355,0.5791157245635986,-0.02875163331627838,0.5512316465377808,0.5339182734489442,-0.0407988712191581,0.5711805105209351,0.5315754413604736,-0.04194353595376008,0.5826251149177551,0.5394303441047669,-0.040740528702735854,0.5441229104995727,0.5976413369178771,-0.03498821109533304,0.5621078610420227,0.57024747133255,-0.043204512447118704,0.5774484515190125,0.5621158361434936,-0.044065079092979374,0.5875963807106018,0.561618959903717,-0.04333989024162284
0.5382927656173706,0.6421749830245971,2.102157935723881e-07,0.5372867226600647,0.609491515159607,0.0003266023937612398,0.5401338100433349,0.5713509082794189,-0.005824241135269361,0.5483153581619263,0.5429760336875915,-0.013175473734736383,0.5594473123550415,0.5221526265144348,-0.02097336947917932,0.5237608194351197,0.5490444898605347,-0.015876717865467002,0.5314151287078858,0.5014774918556213,-0.028360693901777242,0.543927538394928,0.47171615362167363,-0.03583893999457356,0.5542668223381043,0.45203906297683716,-0.04036177247762674,0.5252594590187073,0.5539120078086852,-0.022579953074455223,0.541301155090332,0.5048763930797577,-0.03811313211917876,0.5643375039100648,0.4997579634189606,-0.044245023280382115,0.5791633725166321,0.5068262040615081,-0.04641576036810868,0.5324067950248719,0.5655372738838196,-0.028644436225295,0.5467757701873779,0.5218792200088502,-0.0418110474944114,0.5677155137062073,0.5166646361351013,-0.044581246376037525,0.5809157967567444,0.5218655109405518,-0.04444842413067812,0.5416443824768067,0.5804912567138673,-0.03430673778057092,0.5569364070892334,0.5540731430053711,-0.043509903550147964,0.5718462347984314,0.54521604180336,-0.04564258232712742,0.5824261665344239,0.5439519286155701,-0.0458912104368209
0.5408849596977234,0.6285571455955505,2.0894910051083572e-07,0.5422889947891235,0.5969923853874207,-0.0013270134339109201,0.5447746872901916,0.5589405298233032,-0.0080433182418346,0.5523204207420349,0.5302290797233582,-0.015749426931142743,0.5622383832931519,0.507455027103424,-0.0240847755223512,0.5267034530639648,0.535695368051529,-0.01765285283327096,0.5313591003417969,0.48969538211822516,-0.03121820501983162,0.5436306834220886,0.462002295255661,-0.039577610045671424,0.554612672328949,0.44407486319541933,-0.04470825567841524,0.5264791250228882,0.5409196138381959,-0.023965653777122464,0.5371394395828247,0.49278525710105897,-0.03997729420661924,0.5592013955116272,0.48381227850914,-0.047006935626268335,0.5747915029525758,0.4868046522140503,-0.05011039748787874,0.5313135743141174,0.5535153388977051,-0.02987034395337098,0.5403174638748169,0.5113089025020601,-0.0436406955122947,0.560344910621643,0.5023164033889771,-0.04747741669416421,0.574335789680481,0.5035877346992493,-0.04834665656089778,0.5384021282196045,0.5702821731567383,-0.03549331277608864,0.5487507224082947,0.5445439696311951,-0.045688194781541784,0.562274718284607,0.5335501492023469,-0.04873540103435514,0.572893500328064,0.5299307227134705,-0.04979095384478562
0.5434771537780763,0.614939308166504,2.0768240744928334e-07,0.5472912669181824,0.5844932556152344,-0.00298062926158308,0.5494155645370484,0.5465301513671875,-0.01026239534839984,0.5563254833221436,0.5174821257591248,-0.018323380127549103,0.5650294542312623,0.4927574276924134,-0.027196181565523083,0.5296460866928101,0.5223462462425232,-0.01942898780107492,0.531303071975708,0.4779132723808289,-0.034075716137886,0.5433338284492493,0.45228843688964837,-0.043316280096769286,0.5549585223197937,0.4361106634140014,-0.049054738879203745,0.5276987910270691,0.5279272198677063,-0.025351354479789704,0.5329777240753174,0.4806941211223602,-0.04184145629405972,0.5540652871131897,0.46786659359931937,-0.04976884797215456,0.5704196333885193,0.46678310036659243,-0.0538050346076488,0.5302203536033631,0.5414934039115906,-0.03109625168144696,0.5338591575622559,0.5007385849952698,-0.045470343530178,0.5529743075370789,0.4879681706428528,-0.05037358701229089,0.5677557826042176,0.4853099584579468,-0.05224488899111745,0.5351598739624024,0.5600730895996094,-0.03667988777160636,0.540565037727356,0.5350147962570191,-0.047866486012935604,0.5527032017707825,0.5218842566013336,-0.05182821974158286,0.5633608341217041,0.5159095168113709,-0.053690697252750344
0.5461469411849976,0.6037500381469727,2.1714084255108901e-07,0.5525939464569092,0.5741172194480896,-0.005430896533653121,0.5549291253089905,0.535983955860138,-0.013220231374725661,0.5613727092742921,0.5060296297073364,-0.021318142488598764,0.5686662077903748,0.47915421128273017,-0.030282813683152145,0.5326943874359131,0.5090808153152465,-0.02015710417181248,0.5331933021545411,0.4665557503700257,-0.0351621031761169,0.544154953956604,0.44172881245613094,-0.04511590935289854,0.5552820920944214,0.42530683279037473,-0.05141453370451922,0.5288867831230164,0.5152520537376404,-0.025091061741113623,0.5308732271194458,0.46861539483070375,-0.04102898649871346,0.5488723635673524,0.4513622224330902,-0.04972948208451266,0.5641205906867981,0.44484952092170715,-0.054756452143192254,0.5291823148727417,0.530203664302826,-0.030189149081706942,0.5288408160209657,0.48972672224044805,-0.04456283897161478,0.5450223088264465,0.4728023111820221,-0.050627291202545104,0.5588612914085389,0.46506828665733335,-0.0536653190851211,0.5320600509643555,0.5510558128356934,-0.035312508046626966,0.5331010699272156,0.5258362889289856,-0.04706929251551624,0.5429421424865724,0.5102537035942079,-0.05177731066942212,0.5527623057365417,0.5011791586875916,-0.05436821877956387
0.548816728591919,0.5925607681274414,2.265992776528947e-07,0.5578966259956359,0.5637411832809449,-0.00788116380572316,0.5604426860809326,0.5254377603530884,-0.01617806740105148,0.5664199352264405,0.494577133655548,-0.024312904849648424,0.5723029613494873,0.4655509948730469,-0.0333694458007812,0.5357426881790162,0.4958153843879699,-0.020885220542550043,0.535083532333374,0.4551982283592224,-0.0362484902143478,0.5449760794639588,0.4311691880226135,-0.04691553860902781,0.555605661869049,0.41450300216674807,-0.0537743285298347,0.5300747752189636,0.5025768876075745,-0.024830769002437542,0.5287687301635742,0.45653666853904723,-0.040216516703367206,0.5436794400215149,0.43485785126686105,-0.04969011619687076,0.5578215479850769,0.42291594147682193,-0.055707869678735714,0.5281442761421203,0.5189139246940613,-0.029282046481966924,0.5238224744796753,0.47871485948562625,-0.04365533441305156,0.5370703101158142,0.45763645172119144,-0.050880995392799326,0.5499668002128602,0.4448266148567199,-0.05508574917912476,0.5289602279663086,0.5420385360717773,-0.03394512832164756,0.5256371021270753,0.5166577816009522,-0.04627209901809688,0.533181083202362,0.4986231505870819,-0.051726401597261384,0.5421637773513794,0.48644880056381223,-0.05504574030637739
0.5518996477127076,0.5837169170379639,2.3807224351912738e-07,0.5633888244628906,0.5524691820144654,-0.00846362393349406,0.5659189462661743,0.511842167377472,-0.016406688466668082,0.5712416887283326,0.4794990956783294,-0.02412647865712638,0.5762396097183228,0.4486424207687378,-0.03281494751572604,0.5401685595512391,0.4784763097763061,-0.019273414835333763,0.53751460313797,0.43505011796951293,-0.03401081636548038,0.5447782039642335,0.40887876152992253,-0.044622869789600304,0.5536202311515809,0.3891151547431946,-0.0515729688107967,0.532188367843628,0.48897265195846557,-0.022935912758111902,0.5274635672569274,0.44373971223831177,-0.03677542433142658,0.5380988359451294,0.4181568324565888,-0.0458936639130115,0.5498738169670105,0.4008120596408844,-0.05200948566198348,0.5276581287384033,0.5098362565040588,-0.027334327623248042,0.5193049430847168,0.4706503033638001,-0.040589761734008745,0.5276386737823486,0.44583737850189215,-0.04753579497337337,0.5379022598266602,0.42740970849990845,-0.0518861718475818,0.5262642025947571,0.5379251956939697,-0.03211210295557969,0.5191484332084656,0.5136258363723756,-0.04433690682053562,0.5234189867973328,0.4936117947101593,-0.04969953224062914,0.5302720665931702,0.4780345976352692,-0.052952891588211044
0.5527828574180603,0.5833812355995178,2.473634197031061e-07,0.5653419971466065,0.5515679597854615,-0.00913450522348282,0.568739652633667,0.5099783182144165,-0.01710350476205344,0.5734588027000428,0.4757229745388031,-0.02447886615991588,0.5781805038452149,0.4436830163002014,-0.03279569074511524,0.5443703174591065,0.47833535075187683,-0.02003841437399382,0.5417609810829163,0.4327590823173523,-0.034275919944047877,0.5465057253837586,0.4030434370040894,-0.0441881895065307,0.5528798699378967,0.3796266734600067,-0.050620727986097305,0.5345433473587036,0.48692831993103025,-0.022891495376825284,0.5291928887367249,0.43947916626930233,-0.03601219207048412,0.5356015920639038,0.409076064825058,-0.044506789743900266,0.5438935399055482,0.3866343259811401,-0.050252354890108104,0.5279122233390808,0.5059751987457275,-0.026447403803467703,0.5185163974761964,0.46394578814506526,-0.03918633311986919,0.522349214553833,0.4351353526115418,-0.046132732182741124,0.528923237323761,0.41205489039421084,-0.05053575858473772,0.524419665336609,0.5323196291923523,-0.030367227643728185,0.5159090042114258,0.5057383298873901,-0.04248074293136592,0.5170519053936005,0.4836597859859466,-0.04801006540656084,0.520970916748047,0.46531041264533995,-0.051319245249032946
0.553666067123413,0.5830455541610718,2.5665459588708475e-07,0.5672951698303224,0.5506667375564576,-0.00980538651347158,0.5715603590011596,0.5081144690513612,-0.0178003210574388,0.575675916671753,0.4719468533992768,-0.024831253662705385,0.5801213979721069,0.4387236118316651,-0.03277643397450444,0.5485720753669739,0.4781943917274475,-0.02080341391265388,0.5460073590278626,0.4304680466651917,-0.034541023522615386,0.5482332468032837,0.39720811247825627,-0.0437535092234611,0.5521395087242127,0.3701381921768188,-0.049668487161397906,0.5368983268737793,0.4848839879035949,-0.022847077995538662,0.5309222102165222,0.4352186203002929,-0.03524895980954166,0.5331043481826783,0.3999952971935272,-0.04311991557478902,0.5379132628440857,0.3724565923213959,-0.04849522411823272,0.5281663179397583,0.5021141409873963,-0.025560479983687365,0.5177278518676758,0.45724127292633054,-0.037782904505729624,0.5170597553253173,0.4244333267211914,-0.04472966939210888,0.5199442148208618,0.39670007228851323,-0.04918534532189364,0.5225751280784607,0.5267140626907348,-0.028622352331876683,0.5126695752143859,0.49785082340240483,-0.04062457904219623,0.5106848239898683,0.4737077772617341,-0.04632059857249254,0.5116697669029235,0.45258622765541073,-0.04968559890985484
0.5548391342163086,0.5817366242408752,2.6772299861477227e-07,0.5692116737365723,0.5485698223114014,-0.01063803192228076,0.5740276336669922,0.505491417646408,-0.01922048628330226,0.5776942968368531,0.4679403841495514,-0.026630158349871605,0.5819551825523377,0.4333197951316834,-0.034983916580677,0.5519456148147583,0.47788169980049133,-0.023620431125163998,0.5485891103744507,0.427371084690094,-0.03806729353964322,0.5494901418685914,0.391793292760849,-0.04726939350366588,0.5520394802093507,0.36225451231002803,-0.0530970379710197,0.5388661623001099,0.4836068928241729,-0.02533467076718802,0.5318011164665222,0.4312002539634704,-0.03875340856611724,0.5313693046569825,0.39275254607200627,-0.04684879705309864,0.5333678245544434,0.36166390776634216,-0.052288884669542304,0.5284681558609009,0.49959333539009093,-0.027617113292217225,0.5167775988578797,0.45213207006454464,-0.04048768877983088,0.5130759358406067,0.416126549243927,-0.047615825384855225,0.5128631472587586,0.38522736430168153,-0.05208293274044985,0.5210890531539918,0.5226002216339112,-0.030250380933284707,0.5097560644149781,0.49034446477890015,-0.042702396959066344,0.5052780985832215,0.4638921201229096,-0.048681155592203096,0.5035526514053346,0.44027983546257016,-0.0521659687161445
0.5555693149566651,0.5772010803222657,2.7551483867682695e-07,0.5710649251937867,0.5441560268402099,-0.0115281023085117,0.5767096877098083,0.5008066117763519,-0.02022019661962982,0.5798267841339111,0.46242405772209166,-0.027652755752205823,0.583971357345581,0.4267001807689667,-0.03591788113117214,0.5546005368232727,0.47026161551475526,-0.02338392138481138,0.5513901114463807,0.41854764223098756,-0.037596106901764806,0.5513136982917786,0.38203622698783873,-0.04669849202036854,0.5524802207946777,0.3509775578975677,-0.0524934165179729,0.5399000406265259,0.47483940124511714,-0.024648560769855943,0.5322215557098389,0.4210508942604064,-0.03786913417279714,0.5295440435409546,0.3809159338474274,-0.0459381133317947,0.5288845658302308,0.3474337637424469,-0.051318711042404166,0.5278499841690064,0.48993336558341977,-0.026606795191764804,0.5152505397796631,0.44105311036109923,-0.03917524553835386,0.5090580224990845,0.40344036221504215,-0.04613640680909152,0.5061301827430725,0.37054025530815127,-0.05040056109428402,0.5187957763671875,0.5124919891357422,-0.029045137763023327,0.5062042832374573,0.4776650071144104,-0.04117413759231563,0.4994213819503784,0.44983131289482114,-0.046917302906513185,0.4950842380523682,0.42424914240837097,-0.0501347012817859
0.5501523852348328,0.5789651632308961,2.3645949411843506e-07,0.5624069452285767,0.5433878302574158,-0.008976647909730661,0.5688802838325501,0.498164451122284,-0.01726112300530072,0.5748021125793458,0.45988760590553285,-0.02484127059578892,0.5813955187797546,0.42689524292945863,-0.03321817703545088,0.5480349898338318,0.4714936673641205,-0.022482158057391642,0.54803307056427,0.417784720659256,-0.03585350364446634,0.5490734815597534,0.3805113196372986,-0.04405767954885956,0.5503932714462281,0.348925918340683,-0.04935338422656055,0.5363652348518372,0.47666697502136224,-0.0249247124418616,0.5376059651374817,0.42502041459083556,-0.038053789734840346,0.5362746238708496,0.3957086563110352,-0.044865909591317144,0.5340422987937927,0.37096691131591797,-0.0492215313017368,0.527759099006653,0.49139490723609924,-0.027651738747954343,0.5249041676521302,0.4446615219116211,-0.039653418585658025,0.5202147960662842,0.4173691093921661,-0.04440192878246302,0.5161738514900207,0.3934315145015717,-0.04702010750770566,0.5218297481536865,0.5124393463134765,-0.030744542926549864,0.5171040773391724,0.4778461635112763,-0.041181791573762845,0.5126066923141479,0.45663950443267814,-0.04484839625656602,0.508597218990326,0.43765428066253653,-0.046632565557956626
0.5448358654975891,0.578368890285492,1.9375992934556055e-07,0.5533004879951477,0.5412540435791016,-0.00638508014380932,0.560031282901764,0.49523507952690127,-0.013988714478909918,0.568832290172577,0.45836461782455445,-0.021576681733131358,0.578062629699707,0.42863616347312933,-0.029801911860704362,0.5394305467605591,0.4686358749866486,-0.01943811289966106,0.5431531667709351,0.41497268676757815,-0.03148097284138198,0.5458853960037231,0.37881059646606446,-0.03881964236497874,0.5478681921958923,0.3481055915355682,-0.04369952902197832,0.5315465331077576,0.47491656541824334,-0.023115486092865442,0.5419700622558594,0.4283772528171539,-0.0355623740702867,0.5431188821792603,0.41220290660858155,-0.04094765037298199,0.5405977129936218,0.3979755759239197,-0.044148207455873445,0.5273924469947815,0.49031984210014345,-0.026863856241106963,0.5344863414764405,0.4487690508365631,-0.03792938329279418,0.532339072227478,0.4338456213474273,-0.04015211984515184,0.5283886194229126,0.4200917005538941,-0.0409066170454025,0.525728440284729,0.5112242341041565,-0.030962028354406323,0.5290369033813477,0.47920143604278564,-0.03942706212401386,0.5274722278118134,0.4661597013473511,-0.040680643916130035,0.5246156573295594,0.454981529712677,-0.040772613137960365
0.5394944548606873,0.5794362306594849,1.5122145811119483e-07,0.5436779856681825,0.541259229183197,-0.00406088237650694,0.550608789920807,0.49435409903526306,-0.010991615150123781,0.5623105764389038,0.45901565551757817,-0.0184904353693127,0.573841392993927,0.4325885832309723,-0.0264135025441646,0.5311890244483948,0.4679909229278565,-0.016592960432171802,0.5385269403457642,0.4142188668251038,-0.02739217393100258,0.5429571390151978,0.3794185757637024,-0.03387011624872678,0.5456389904022216,0.34976741671562195,-0.038323276489973,0.5275915861129761,0.4752855539321899,-0.02132946830242868,0.5467065453529358,0.4334183394908905,-0.03304936252534384,0.5496472120285034,0.43016288280487064,-0.03691353499889368,0.5461301684379577,0.425702977180481,-0.03894025161862369,0.5281444787979126,0.4910149872303009,-0.025964347645640342,0.544606626033783,0.4545436501502991,-0.03603018261492248,0.544224739074707,0.45178859829902646,-0.03566484227776522,0.5395192980766297,0.4473905265331269,-0.03461610525846478,0.5308390378952027,0.5113983154296875,-0.03094885572791096,0.5420552134513855,0.4818782687187195,-0.03745778352022168,0.5423999905586243,0.47813614606857296,-0.03625722751021382,0.5394888520240784,0.4749803066253663,-0.0346986256539821
0.533967936038971,0.5827199697494507,9.982217790138749e-08,0.5339041471481324,0.5434111714363098,-0.0011089134030044401,0.5408878087997437,0.495212209224701,-0.00705370977520938,0.5553339362144472,0.46115512847900386,-0.0141553942114114,0.5691359639167786,0.43833073377609255,-0.02148521542549128,0.5231224298477173,0.47071188688278204,-0.01330329254269596,0.5337427616119386,0.4168527960777283,-0.022439387068152402,0.5397983431816101,0.383073341846466,-0.02774166539311402,0.5432310938835144,0.35453467369079583,-0.031544011831283504,0.5237572193145752,0.47901559472084043,-0.01904173884540792,0.551555061340332,0.4420149505138397,-0.0294080059975385,0.5566037058830261,0.45192321538925173,-0.0311893999576568,0.5525713801383972,0.457916259765625,-0.03168995529413218,0.528939962387085,0.49472113847732546,-0.024436834827065424,0.5547545790672302,0.4629196226596832,-0.03284393511712546,0.5564776778221131,0.47259489297866814,-0.02952396720647808,0.5515516400337219,0.47807856202125554,-0.02649611458182332,0.5359763145446778,0.5140240550041199,-0.030134978145360904,0.5552575349807739,0.487095308303833,-0.03423785492777822,0.5577926397323609,0.49288370013237,-0.03043153733015056,0.5551703929901124,0.4980504274368287,-0.027148561924695926
0.529538381099701,0.5919214010238647,4.7390518886913934e-08,0.5243471145629883,0.5507746100425721,0.00188343259505922,0.5308960437774659,0.5012071132659912,-0.0033988844603299604,0.5477172613143921,0.46759520769119256,-0.010255234874784861,0.5634179234504699,0.4477088749408722,-0.01725594680756326,0.5161347746849061,0.4837969303131104,-0.0128535440191626,0.5290880084037781,0.4281093716621399,-0.021293543651699984,0.536360502243042,0.3940251529216766,-0.02555737644433968,0.5405915498733521,0.36551073789596555,-0.028662542998790664,0.5216134190559387,0.49312460422515875,-0.019583154469728418,0.5569518089294434,0.4596937894821167,-0.029800894856452882,0.5635642051696778,0.48116173148155217,-0.02980205491185182,0.5589863538742066,0.4965426921844483,-0.028903854265809003,0.5317274451255798,0.5081794619560243,-0.025509481877088503,0.5658175826072693,0.4796839118003845,-0.03312552422285076,0.5688953042030335,0.500207245349884,-0.02710712999105448,0.5634218931198121,0.5144654035568238,-0.02224140800535676,0.5431466102600098,0.5249707341194153,-0.031571342423558205,0.5697441935539246,0.49977211952209477,-0.03392336182296274,0.573918628692627,0.5143913626670837,-0.027937036380171747,0.5713810443878174,0.5273079156875611,-0.02324967049062248
0.5306512475013733,0.5987467408180237,4.2238135122829595e-08,0.5243164420127868,0.5581454634666443,0.0017008947208523202,0.5302954912185669,0.5088752090930939,-0.0033425674308091005,0.5464412450790406,0.4752437889575958,-0.009828335233032622,0.5612856030464173,0.455225944519043,-0.01640106644481416,0.5173015117645263,0.491754424571991,-0.01258642524480814,0.5300060272216798,0.4357255816459656,-0.021046280488371805,0.5372470736503602,0.4021147727966308,-0.02532096616923802,0.5415501713752747,0.37384946942329406,-0.028370815888047143,0.5239638209342956,0.500838840007782,-0.0190242134034633,0.5576496005058289,0.46661107540130614,-0.0291184272617101,0.5630776286125183,0.48759496808052066,-0.02909526824951166,0.5577414274215698,0.5023641228675843,-0.02815285660326476,0.5348801970481872,0.5151352763175965,-0.024700341373681982,0.5671612024307251,0.4862557470798492,-0.03205233104526992,0.56903795003891,0.5064610362052918,-0.02588587999343868,0.5627171397209167,0.519922947883606,-0.02100232653319832,0.5467340469360352,0.5310832142829895,-0.03052467927336688,0.572197425365448,0.5056744396686554,-0.03262884281575676,0.5747800946235657,0.5217005372047424,-0.026415647566318482,0.5709166407585144,0.5347706198692321,-0.021632026880979503
0.5317641139030457,0.6055720806121826,3.7085751358745256e-08,0.5242857694625854,0.5655163168907166,0.0015183568466454202,0.529694938659668,0.5165433049201966,-0.00328625040128824,0.545165228843689,0.482892370223999,-0.009401435591280378,0.5591532826423645,0.46274301409721375,-0.01554618608206506,0.5184682488441468,0.49971191883087157,-0.012319306470453678,0.5309240460395813,0.44334179162979126,-0.020799017325043623,0.5381336450576782,0.4102043926715851,-0.025084555894136364,0.5425087928771972,0.3821882009506226,-0.02807908877730362,0.5263142228126526,0.5085530757904053,-0.01846527233719818,0.5583473920822144,0.4735283613204956,-0.028435959666967322,0.5625910520553589,0.49402820467948916,-0.0283884815871715,0.5564965009689331,0.5081855535507203,-0.02740185894072052,0.5380329489707947,0.5220910906791687,-0.02389120087027546,0.5685048222541809,0.4928275823593139,-0.030979137867689084,0.5691805958747864,0.5127148270606995,-0.024664629995822883,0.5620123863220214,0.5253804922103882,-0.01976324506103988,0.5503214836120606,0.5371956944465638,-0.02947801612317556,0.5746506571769714,0.5115767598152161,-0.03133432380855078,0.5756415605545044,0.5290097117424012,-0.02489425875246522,0.5704522371292114,0.5422333240509034,-0.02001438327133652
0.5339088439941406,0.6137045145034791,2.80160502796889e-08,0.5251907229423523,0.5740953683853149,0.0016809187829494002,0.5297363996505737,0.5253672838211061,-0.00268792300485072,0.5442131161689758,0.4912845015525818,-0.008325581066310341,0.5576276421546936,0.4710367560386658,-0.01398921161890024,0.5197540402412415,0.5086985409259797,-0.01160123571753496,0.5317436695098877,0.4520242333412171,-0.01990924850106234,0.5387295007705688,0.419033294916153,-0.024158401042222923,0.5430628180503845,0.3910699248313904,-0.02709086574614042,0.5286452770233154,0.5171502113342286,-0.017580543272197182,0.5587490320205689,0.4813014507293701,-0.027348049730062423,0.562350046634674,0.5013519108295441,-0.02736449427902694,0.5562442421913147,0.5157804012298585,-0.02632819972932334,0.5412074089050294,0.5300533056259156,-0.02283030115067956,0.5696168541908264,0.5002338469028473,-0.029505559429526283,0.5697678208351136,0.5198128819465637,-0.02306432574987408,0.562675428390503,0.5325159668922425,-0.01807963512837882,0.5539875268936157,0.5445833802223206,-0.028239491954445778,0.5766567707061767,0.5188216328620912,-0.029639985412359182,0.5768855690956116,0.5364611148834229,-0.02295888587832448,0.571599292755127,0.5495141029357911,-0.01792189627885814
0.5360535740852356,0.6218369483947754,1.894634920063254e-08,0.5260956764221192,0.5826744198799134,0.0018434807192533802,0.5297778606414795,0.5341912627220154,-0.0020895956084132,0.5432610034942628,0.4996766328811646,-0.0072497265413403005,0.5561020016670227,0.47933049798011784,-0.01243223715573542,0.5210398316383362,0.5176851630210877,-0.01088316496461624,0.5325632929801941,0.46070667505264284,-0.01901947967708106,0.5393253564834595,0.4278621971607208,-0.02323224619030948,0.5436168432235717,0.39995164871215827,-0.026102642714977222,0.5309763312339782,0.5257473468780518,-0.01669581420719618,0.5591506719589234,0.4890745401382446,-0.026260139793157524,0.5621090412139893,0.5086756169795991,-0.026340506970882378,0.5559919834136964,0.5233752489089967,-0.02525454051792616,0.544381868839264,0.5380155205726624,-0.02176940143108366,0.570728886127472,0.5076401114463807,-0.02803198099136348,0.5703550457954407,0.526910936832428,-0.02146402150392528,0.5633384704589843,0.5396514415740967,-0.016396025195717763,0.5576535701751709,0.5519710659980774,-0.027000967785716,0.578662884235382,0.5260665059089661,-0.027945647016167578,0.5781295776367188,0.5439125180244446,-0.021023513004183737,0.5727463483810424,0.5567948818206787,-0.015829409286379763
0.538229513168335,0.6300399303436279,1.2290743400811266e-08,0.5273637533187867,0.5910269021987915,0.00196069679222998,0.5302814722061158,0.5426361918449402,-0.0017537501174956398,0.5431445240974426,0.5080321431159973,-0.006647527497261722,0.5556821584701538,0.4882096886634827,-0.011595391854643741,0.522595763206482,0.526681649684906,-0.01075070984661574,0.5334112286567688,0.46956547498703,-0.01878069490194316,0.5399103403091431,0.43684267401695254,-0.02303958348929878,0.5440830111503602,0.40907717347145084,-0.02595190145075318,0.5335061311721803,0.534778904914856,-0.01648571938276286,0.5598226428031922,0.49657194614410405,-0.025805413350462863,0.5621281981468201,0.5156259298324586,-0.025874784961342778,0.5558970808982849,0.5304762721061707,-0.02476809062063688,0.5476874947547913,0.5468363046646119,-0.02144334465265272,0.5719060897827148,0.51527099609375,-0.027270099148154203,0.5710943818092347,0.5339586973190308,-0.02060034349560734,0.5642061352729797,0.5466559052467347,-0.015519022755324801,0.561481809616089,0.560575306415558,-0.026549519225954943,0.5806847333908081,0.5334642410278321,-0.027103871107101378,0.5795843005180359,0.5510229945182801,-0.019951521232724163,0.5742826819419861,0.5637996077537536,-0.01463149301707738
0.5409241557121277,0.6393832206726076,3.622463440322576e-09,0.5290976881980897,0.6006886601448059,0.00215474842116234,0.5315466523170471,0.5522765398025513,-0.0012761601683450717,0.5439603447914124,0.5172062993049622,-0.00582529017701742,0.5562058806419372,0.4974345147609711,-0.010427605081349541,0.5246278762817383,0.5364150524139405,-0.01065850127488368,0.5347658038139343,0.4789935767650604,-0.01857170611619946,0.540902054309845,0.44609522819519043,-0.02288124486804004,0.5448916673660279,0.4182300686836243,-0.025858221575617762,0.5363826274871826,0.5443544507026672,-0.0162898804992437,0.5609577417373657,0.505129998922348,-0.025252718850970222,0.5628848433494569,0.5235997319221497,-0.025268750265240638,0.5568486332893372,0.5384516954421997,-0.024167805537581383,0.5512280106544495,0.5562609434127808,-0.021088832616806,0.5734351754188538,0.5236726403236389,-0.0264192890375852,0.5723222970962525,0.541649866104126,-0.01965006664395328,0.56569904088974,0.554276204109192,-0.014582421071827362,0.5654043912887574,0.5698900938034058,-0.02602021209895604,0.5830072164535522,0.5417321681976319,-0.026199519634246778,0.5814505100250245,0.5586520671844482,-0.018908476829528762,0.5762555241584778,0.5711986184120179,-0.01352447085082524
0.5436187982559204,0.648726511001587,-5.045816520166113e-09,0.5308316230773926,0.6103504180908204,0.0023488000500947,0.5328118324279785,0.5619168877601624,-0.0007985702191945039,0.5447761654853821,0.5263804554939271,-0.00500305285677312,0.5567296028137207,0.5066593408584594,-0.009259818308055341,0.5266599893569947,0.5461484551429749,-0.01056629270315162,0.5361203789710999,0.4884216785430908,-0.01836271733045576,0.5418937683105469,0.4553477823734283,-0.0227229062467813,0.5457003235816955,0.4273829638957977,-0.02576454170048234,0.5392591238021851,0.5539299964904785,-0.01609404161572454,0.5620928406715393,0.5136880517005921,-0.02470002435147758,0.5636414885520935,0.5315735340118408,-0.024662715569138502,0.5578001856803895,0.5464271187782288,-0.02356752045452588,0.5547685265541077,0.5656855821609498,-0.02073432058095928,0.5749642610549927,0.5320742845535278,-0.0255684789270162,0.5735502123832703,0.5493410348892213,-0.01869978979229922,0.5671919465065003,0.5618965029716492,-0.013645819388329922,0.5693269729614259,0.5792048811912537,-0.02549090497195714,0.5853296995162964,0.5500000953674317,-0.02529516816139218,0.583316719532013,0.5662811398506165,-0.01786543242633336,0.5782283663749694,0.578597629070282,-0.0124174486845731
0.5461028933525085,0.6587006568908691,-8.286905872623152e-09,0.5329189300537109,0.6200558185577393,0.00212624424602834,0.5349419951438904,0.5714428424835205,-0.0010757285112049238,0.5468863368034362,0.5357020497322083,-0.00523283211514352,0.5587917447090149,0.516185849905014,-0.00941301546990866,0.5291338086128236,0.5559331536293031,-0.0109902245923876,0.5384891510009766,0.49808979034423834,-0.01893649026751516,0.5443108201026916,0.4648867011070251,-0.023468386009335464,0.5482122659683227,0.43669885993003843,-0.0266288440674543,0.5423400163650514,0.563850212097168,-0.0163464108482003,0.5642813801765443,0.5228419005870819,-0.02500589005649086,0.5653763890266419,0.5404492139816285,-0.024991300702095,0.5595101475715637,0.5553532004356384,-0.023877081274986202,0.5582743406295776,0.5757250428199769,-0.020804718881845444,0.5772716999053955,0.5414980292320251,-0.02558118999004358,0.5754301428794861,0.5582277417182923,-0.0187433678656816,0.5691209077835083,0.5706593155860902,-0.013679278455674581,0.5730957388877869,0.5892718791961671,-0.025386741757392823,0.5881404280662537,0.559309220314026,-0.025137335807085,0.5856670260429383,0.5748348951339722,-0.01773511990904802,0.580508828163147,0.5868106722831726,-0.01228130627423518
0.5485869884490967,0.6686748027801515,-1.152799522508019e-08,0.5350062370300294,0.6297612190246583,0.0019036884419619798,0.5370721578598022,0.5809687972068787,-0.0013528868032153438,0.5489965081214905,0.5450236439704895,-0.00546261137351392,0.5608538866043091,0.5257123589515686,-0.00956621263176198,0.5316076278686523,0.5657178521156312,-0.011414156481623581,0.5408579230308532,0.5077579021453857,-0.019510263204574562,0.5467278718948364,0.4744256198406219,-0.024213865771889623,0.55072420835495,0.4460147559642792,-0.027493146434426262,0.5454209089279175,0.5737704277038574,-0.01659878008067606,0.566469919681549,0.5319957494735719,-0.02531175576150414,0.5671112895011903,0.549324893951416,-0.0253198858350515,0.561220109462738,0.5642792820930481,-0.02418664209544652,0.5617801547050476,0.585764503479004,-0.0208751171827316,0.5795791387557984,0.5509217739105224,-0.02559390105307096,0.577310073375702,0.5671144485473633,-0.01878694593906398,0.5710498690605164,0.579422128200531,-0.013712737523019242,0.576864504814148,0.5993388772010804,-0.025282578542828504,0.5909511566162109,0.5686183452606202,-0.024979503452777822,0.5880173325538636,0.5833886504173279,-0.01760480739176268,0.5827892899513244,0.5950237154960633,-0.01214516386389726
0.5509604692459107,0.679416024684906,-1.0864532951071483e-08,0.5373441457748414,0.639987313747406,0.0013370848027989199,0.539837622642517,0.5906510829925538,-0.002126605057856044,0.5520946025848389,0.5545171737670899,-0.00625529140233992,0.564193868637085,0.5355852246284485,-0.01032890155911442,0.534645390510559,0.5757805228233337,-0.012348787114024101,0.5443538784980774,0.5175600051879884,-0.020843052491545666,0.5505604028701783,0.4839918494224548,-0.025847030431032123,0.5548487186431885,0.4551132798194885,-0.029320189356803843,0.5488176226615906,0.5840416669845581,-0.017212601378560042,0.5696526288986207,0.5417159795761108,-0.0262440405786037,0.5698069334030151,0.559006679058075,-0.026278860867023423,0.5636905431747437,0.5741062879562379,-0.0250690441578626,0.5653462767601013,0.5962737083435059,-0.021189096570014918,0.5828624606132508,0.5615503072738648,-0.025999397411942418,0.580111598968506,0.5772678971290588,-0.019232150539755778,0.573642647266388,0.5893465995788575,-0.0141189903020858,0.5804872393608094,0.6100763440132141,-0.02534809522330756,0.5944879174232484,0.5797157406806946,-0.025103616341948465,0.5910030603408813,0.5938249230384827,-0.017893370613455722,0.5854344964027405,0.6048707365989685,-0.012510445155203281
0.5530156135559082,0.6903072953224183,-6.712541755771184e-09,0.5398056864738465,0.6499023079872132,0.00068793402169832,0.5432509064674378,0.5998151898384094,-0.003246081384713732,0.5562491178512573,0.5637661099433899,-0.00768246445804832,0.5689759850502014,0.5458261847496033,-0.01204930162057276,0.537953269481659,0.5861837983131409,-0.01374326217919582,0.5486266493797303,0.5280921697616577,-0.02285292558372018,0.555504584312439,0.4944356918334961,-0.028288586065173104,0.5603038907051086,0.46502161026000977,-0.03207062073051924,0.5521694660186768,0.5952845335006713,-0.018429193273186664,0.5736802339553833,0.5519514441490174,-0.02813179641962046,0.573445725440979,0.5695826530456544,-0.028223836049437484,0.5668218731880188,0.5851781606674195,-0.02693265639245504,0.5686713457107544,0.6082335233688355,-0.0222512889653444,0.586802864074707,0.5731976151466369,-0.02736023589968676,0.5836616039276123,0.588707685470581,-0.02051523439586158,0.5767677664756775,0.6007540583610534,-0.01529441662132734,0.5837916254997253,0.622675347328186,-0.026325286924838983,0.5984191775321961,0.5921986341476441,-0.02627168297767634,0.5943954110145568,0.6059661388397217,-0.01919079087674614,0.588292396068573,0.616679561138153,-0.013913525827228962
0.5550707578659058,0.7011985659599305,-2.5605505604708873e-09,0.5422672271728516,0.6598173022270203,3.878324059771997e-05,0.5466641902923585,0.6089792966842652,-0.00436555771157142,0.5604036331176758,0.5730150461196899,-0.00910963751375672,0.5737581014633178,0.5560671448707581,-0.013769701682031102,0.5412611484527589,0.5965870738029481,-0.015137737244367542,0.5528994202613831,0.5386243343353272,-0.0248627986758947,0.5604487657546997,0.5048795342445374,-0.030730141699314085,0.5657590627670288,0.474929940700531,-0.03482105210423464,0.5555213093757629,0.6065274000167846,-0.019645785167813283,0.577707839012146,0.5621869087219239,-0.03001955226063722,0.577084517478943,0.5801586270332336,-0.030168811231851545,0.569953203201294,0.5962500333786012,-0.02879626862704748,0.5719964146614075,0.6201933383941651,-0.023313481360673884,0.5907432675361634,0.5848449230194093,-0.0287210743874311,0.5872116088867188,0.6001474738121033,-0.02179831825196738,0.579892885684967,0.6121615171432495,-0.01646984294056888,0.5870960116386413,0.635274350643158,-0.0273024786263704,0.6023504376411438,0.6046815276145935,-0.027439749613404223,0.5977877616882324,0.6181073546409608,-0.02048821114003656,0.5911502957344056,0.6284883856773377,-0.015316606499254641
0.5567770600318909,0.7117176651954652,6.186685441722517e-09,0.5447910904884339,0.6693193316459657,-0.00042364230612290004,0.5504173874855042,0.6185108542442321,-0.00530233690515156,0.5650425791740418,0.5830763101577758,-0.01035078447312112,0.5788100838661194,0.5668339371681215,-0.015313466079533041,0.544629979133606,0.6073938012123108,-0.01668522804975504,0.5574600696563721,0.549577820301056,-0.026876025274395903,0.5658369660377502,0.5158168494701386,-0.033026894554495784,0.5717554807662965,0.48567163944244385,-0.03728551305830474,0.5587730050086975,0.6187540531158447,-0.02108446322381494,0.5818528413772583,0.5729334235191346,-0.03192591518163674,0.5811859726905824,0.5906826257705688,-0.03210641667246816,0.5738617300987244,0.606855285167694,-0.0306767232716083,0.5751659274101257,0.6334675550460815,-0.024591130018234222,0.5947264671325684,0.5968584656715393,-0.03017275445163246,0.5909802079200746,0.6117862701416016,-0.023054561391472765,0.5833644390106202,0.6237847924232482,-0.017543494328856442,0.5901883959770203,0.6493244886398316,-0.02845291346311566,0.606116557121277,0.6176253318786621,-0.02861070595681662,0.6012746453285218,0.6306276559829712,-0.02153912037611004,0.5943515658378602,0.6408657908439637,-0.01629726663231844
0.558483362197876,0.7222367644309998,1.493392144391592e-08,0.5473149538040162,0.678821361064911,-0.0008860678528435201,0.55417058467865,0.6280424118041992,-0.0062391160987317,0.5696815252304077,0.5931375741958618,-0.011591931432485521,0.5838620662689209,0.5776007294654846,-0.016857230477034982,0.5479988098144531,0.6182005286216736,-0.01823271885514254,0.5620207190513611,0.5605313062667847,-0.028889251872897106,0.5712251663208008,0.5267541646957398,-0.035323647409677486,0.577751898765564,0.4964133381843567,-0.039749974012374845,0.5620247006416321,0.6309807062149048,-0.0225231412798166,0.5859978437423706,0.5836799383163452,-0.03383227810263626,0.5852874279022218,0.6012066245079041,-0.034044022113084785,0.5777702569961548,0.6174605369567872,-0.03255717791616912,0.578335440158844,0.6467417716979981,-0.025868778675794565,0.5987096667289734,0.6088720083236695,-0.03162443451583382,0.5947488069534301,0.6234250664710999,-0.024310804530978142,0.5868359923362733,0.635408067703247,-0.018617145717144002,0.5932807803153992,0.6633746266365053,-0.029603348299860922,0.60988267660141,0.6305691361427307,-0.029781662300229016,0.6047615289688111,0.6431479573249816,-0.022590029612183524,0.5975528359413147,0.6532431960105896,-0.01727792676538224
0.5601504921913147,0.7324353933334351,2.381642776327908e-08,0.549827778339386,0.6884711384773254,-0.0008418393088504401,0.557590675354004,0.6380449414253235,-0.00638778507709498,0.5737585663795471,0.6039506196975708,-0.01199421472847456,0.5881572127342225,0.5887405633926392,-0.017541240528225824,0.5511463403701783,0.6285098671913147,-0.018627460673451363,0.566463029384613,0.5712380528450013,-0.029416220635175665,0.5766598224639893,0.5379026770591737,-0.03583206981420514,0.58388352394104,0.5080197811126709,-0.04018841981887814,0.5645634889602661,0.642608916759491,-0.023138195648789384,0.5900090575218201,0.5946036458015442,-0.03494409620761864,0.5891660928726197,0.6121686935424805,-0.03523244336247444,0.5812103033065796,0.6285164117813111,-0.033623909950256305,0.5804532408714294,0.6594853043556214,-0.02666539214551444,0.602180540561676,0.6207507014274597,-0.03278382793068882,0.5979683041572571,0.6354665517807008,-0.025342451035976342,0.5896295070648194,0.64751695394516,-0.01941335201263426,0.5951106548309326,0.6769926428794861,-0.03056099638342854,0.6128472805023193,0.6430927157402039,-0.030873160064220383,0.6077109456062317,0.6555693030357361,-0.023508100584149302,0.6002086997032166,0.6657402873039245,-0.01802489347755904
0.5614116787910461,0.7420948386192322,3.1102213515765695e-08,0.5519409060478211,0.6981423854827881,-0.00057483770069666,0.5601582288742065,0.6483558535575866,-0.0060860604979097194,0.5766799688339234,0.6150306224822999,-0.01172788795083756,0.5910216450691224,0.5992586374282837,-0.01731878202408544,0.5535544037818909,0.6380156636238099,-0.018494629859924262,0.5698000550270081,0.5809210658073426,-0.029294879361987065,0.5807552695274353,0.5481363534927369,-0.03556834831833836,0.5885709285736085,0.5189165711402893,-0.03973002135753628,0.5663150906562805,0.6526883721351624,-0.023188501223921743,0.5930963158607483,0.6047417640686036,-0.035120844095945306,0.5921599507331848,0.6226141571998596,-0.03527726307511329,0.583961796760559,0.6388645172119142,-0.0334805883467197,0.5816396951675415,0.6700810432434082,-0.026890178769826842,0.6046591162681579,0.6313483953475952,-0.033184752613306,0.6002783060073853,0.646649169921875,-0.025529876351356444,0.5917237401008606,0.6587035655975343,-0.01934615448117254,0.595816433429718,0.6880292654037476,-0.03092468753457066,0.6144988894462586,0.654179859161377,-0.03124335445463652,0.6095122814178467,0.6668933510780335,-0.02363366633653634,0.6019652128219605,0.6769664287567139,-0.017926047369837723
0.5626728653907775,0.7517542839050294,3.838799926825231e-08,0.5540540337562561,0.7078136324882507,-0.00030783609254287996,0.5627257823944092,0.6586667656898499,-0.005784335918724459,0.5796013712882996,0.6261106252670289,-0.011461561173200562,0.5938860774040222,0.6097767114639282,-0.017096323519945063,0.5559624671936035,0.6475214600563048,-0.01836179904639716,0.5731370806694032,0.5906040787696838,-0.029173538088798464,0.5848507165908814,0.5583700299263,-0.03530462682247158,0.5932583332061768,0.5298133611679077,-0.03927162289619442,0.5680666923522949,0.6627678275108337,-0.0232388067990541,0.5961835741996765,0.6148798823356628,-0.03529759198427196,0.59515380859375,0.6330596208572388,-0.03532208278775212,0.5867132902145387,0.6492126226425171,-0.0333372667431831,0.5828261494636536,0.6806767821311952,-0.02711496539413924,0.6071376919746398,0.6419460892677307,-0.033585677295923176,0.6025883078575135,0.6578317880630493,-0.025717301666736542,0.5938179731369019,0.6698901772499085,-0.01927895694971082,0.5965222120285034,0.699065887928009,-0.031288378685712784,0.6161504983901978,0.6652670025825501,-0.031613548845052665,0.6113136172294616,0.6782173991203309,-0.02375923208892338,0.6037217259407044,0.6881925702095032,-0.017827201262116402
0.5639314770698547,0.7607597827911378,3.8622446396630036e-08,0.5555037617683412,0.7174580812454224,0.00040847313357514,0.563978910446167,0.6682889580726624,-0.004568962752819,0.580907690525055,0.635567593574524,-0.00987800126895304,0.5951406240463257,0.6180561184883118,-0.015179462917148981,0.55731281042099,0.6557682633399964,-0.01740981992334122,0.5750769495964051,0.598344898223877,-0.027750526368617943,0.5870215654373169,0.566643476486206,-0.03332686759531494,0.5955410361289978,0.538677442073822,-0.03686335310339924,0.568990969657898,0.6708928346633911,-0.0225345909595489,0.59804368019104,0.622858464717865,-0.03431321308016772,0.5968271136283875,0.6416513323783875,-0.03394481167197224,0.5881446480751038,0.6580907464027406,-0.0316382378339767,0.583236837387085,0.6886721134185791,-0.02665003910660738,0.6083988785743714,0.6500949501991272,-0.032986914739012656,0.6038247704505921,0.6668436169624329,-0.024873277544975224,0.5950311183929443,0.6790445327758791,-0.01825626567006108,0.5964622020721435,0.706969976425171,-0.03099030964076516,0.6166400909423828,0.6734709978103639,-0.03113878890871996,0.6119897842407227,0.6871280670166017,-0.02304753325879568,0.6043905735015869,0.6972435355186463,-0.01696096602827306
0.5651900887489318,0.7697652816772461,3.885689352500776e-08,0.556953489780426,0.7271025300025941,0.0011247823596931602,0.5652320384979248,0.6779111504554749,-0.00335358958691354,0.5822140097618103,0.6450245618820192,-0.008294441364705519,0.5963951706886291,0.6263355255126953,-0.013262602314352901,0.5586631536483765,0.6640150666236878,-0.01645784080028528,0.577016818523407,0.6060857176780701,-0.02632751464843742,0.5891924142837525,0.5749169230461121,-0.031349108368158296,0.5978237390518188,0.5475415229797364,-0.03445508331060406,0.5699152469635009,0.6790178418159485,-0.021830375120043703,0.5999037861824036,0.6308370471000672,-0.033328834176063485,0.5985004186630248,0.6502430438995361,-0.03256754055619236,0.589576005935669,0.6669688701629639,-0.029939208924770304,0.5836475253105164,0.6966674447059632,-0.026185112819075523,0.6096600651741029,0.6582438111305237,-0.03238815218210214,0.6050612330436707,0.6758554458618165,-0.024029253423213902,0.5962442636489867,0.6881988883018495,-0.01723357439041134,0.5964021921157837,0.7148740649223329,-0.03069224059581754,0.6171296834945679,0.6816749930381776,-0.030664028972387264,0.6126659512519836,0.6960387349128725,-0.022335834428667982,0.6050594210624695,0.7062945008277893,-0.01609473079442972
0.5659069418907166,0.7768265366554261,3.789403564269378e-08,0.5573532581329346,0.7347647309303285,0.0017910720314830001,0.5650535464286804,0.6855449438095094,-0.0023947744630276597,0.5818592309951782,0.6524414896965027,-0.007134205289185001,0.5962352633476258,0.6335061669349671,-0.011925604753196161,0.5583154439926148,0.6709801077842713,-0.0161064408719539,0.5765336394309998,0.6122503876686096,-0.02576296627521506,0.5884335756301879,0.5810951828956604,-0.030482178181409796,0.5968615889549256,0.5537674307823182,-0.0333676494657993,0.5693018794059753,0.6853469133377076,-0.021640438959002438,0.5997365713119507,0.6366235494613648,-0.032709309458732565,0.5987105369567871,0.6565566778182984,-0.031476542353630024,0.5900185942649842,0.6733387112617493,-0.028655493631958903,0.582831346988678,0.7022774815559388,-0.02612807005643838,0.6094125747680664,0.6634101390838623,-0.03206311091780658,0.6051380872726441,0.6816563963890075,-0.02345779053866858,0.5964809060096741,0.6941211819648744,-0.01662393100559708,0.5954474806785583,0.719829773902893,-0.03070369809865948,0.6165632963180543,0.6866915106773377,-0.03046782165765758,0.6123698472976685,0.7018192410469056,-0.022000099346041642,0.6048131227493286,0.7123123288154602,-0.015754708647727902
0.5654831767082215,0.7815124988555908,3.881976340380788e-08,0.5564762234687806,0.7397080183029175,0.0018594120861962003,0.5636475324630738,0.6896545886993408,-0.00219012671150262,0.5801063537597656,0.6553786635398866,-0.0068263199180364,0.5943638443946838,0.6356935381889343,-0.011492759361863062,0.5563640713691711,0.6759765982627869,-0.015616058371961058,0.5737319350242616,0.6167838335037232,-0.02504335753619662,0.5850680470466614,0.5851088523864747,-0.02954039163887498,0.5930361747741699,0.5576029062271118,-0.032292670011520364,0.5674362301826478,0.6896580576896667,-0.0211952950805425,0.5974622368812561,0.6403967142105104,-0.032112120836973145,0.5970930695533753,0.6604300498962403,-0.03086818903684612,0.5887972593307496,0.6772667169570923,-0.028093856573104804,0.5811818838119507,0.7058190822601319,-0.025753346830606403,0.6074569702148438,0.6662245869636535,-0.03175647556781764,0.6037160873413085,0.6847303867340089,-0.02329377941787238,0.5952513813972473,0.697141456604004,-0.01657771281898018,0.594093406200409,0.7226748943328857,-0.0303781226277351,0.6150040745735169,0.6887701392173767,-0.030241228640079464,0.611192786693573,0.7043949246406556,-0.02185242660343644,0.6037320971488953,0.7152602434158326,-0.0156753528863191
0.5650594115257264,0.7861984610557555,3.9745491164922e-08,0.5555991888046266,0.7446513056755065,0.0019277521409094,0.5622415184974671,0.6937642335891724,-0.0019854789599775802,0.5783534765243531,0.6583158373832704,-0.006518434546887801,0.592492425441742,0.6378809094429017,-0.01105991397052996,0.5544126987457276,0.6809730887413025,-0.015125675871968218,0.5709302306175232,0.6213172793388367,-0.02432374879717818,0.5817025184631347,0.5891225218772889,-0.028598605096340157,0.5892107605934143,0.5614383816719055,-0.031217690557241422,0.5655705809593201,0.6939692020416259,-0.02075015120208256,0.5951879024505615,0.6441698789596558,-0.03151493221521372,0.5954756021499634,0.6643034219741822,-0.03025983572006222,0.5875759243965148,0.6811947226524353,-0.0275322195142507,0.5795324206352234,0.709360682964325,-0.025378623604774424,0.605501365661621,0.6690390348434448,-0.0314498402178287,0.6022940874099731,0.6878043770790101,-0.023129768297076178,0.5940218567848206,0.7001617312431335,-0.01653149463236328,0.5927393317222596,0.7255200147628784,-0.030052547156810716,0.6134448528289795,0.6908487677574159,-0.03001463562250134,0.6100157260894775,0.7069706082344055,-0.02170475386083124,0.602651071548462,0.7182081580162047,-0.0155959971249103
0.5640035629272462,0.7888495683670045,4.2302976055452756e-08,0.5538726449012757,0.7476850271224976,0.0017853050259873,0.5594751954078674,0.6962762236595154,-0.0023411839269101,0.5749746203422547,0.6603724002838135,-0.0071481148712336405,0.5891505002975463,0.6405562281608582,-0.01196170505136246,0.5513334035873414,0.6845945119857789,-0.01513052619993682,0.5662046313285828,0.6247313022613525,-0.024720018729567445,0.5762537360191345,0.5917198896408081,-0.02941566146910188,0.5831744313240051,0.5634966731071472,-0.03236692026257512,0.5623699903488159,0.6967248439788819,-0.02091228477656834,0.5912545561790467,0.6459762454032898,-0.03202588409185404,0.5922179341316223,0.6665149927139283,-0.03101318180561062,0.5845337867736816,0.6836646556854248,-0.028444747626781418,0.5765466332435608,0.7114175319671632,-0.025754996016621543,0.6022609353065491,0.6700419068336487,-0.03228844739496702,0.5995706081390382,0.6891997814178467,-0.024148834124207458,0.5913246631622315,0.701790463924408,-0.01759611293673512,0.590185284614563,0.7270265579223633,-0.03064762614667412,0.6107434391975404,0.6910880327224732,-0.031143673881888358,0.6077316522598267,0.7077337980270386,-0.023024761304259282,0.6004326105117799,0.719457221031189,-0.01698094736784692
0.5629477143287659,0.7915006756782532,4.4860460945983515e-08,0.5521461009979248,0.7507187485694886,0.0016428579110652,0.5567088723182678,0.6987882137298584,-0.0026968888938426203,0.5715957641601563,0.6624289631843567,-0.007777795195579481,0.5858085751533508,0.6432315468788148,-0.01286349613219496,0.5482541084289552,0.6882159352302553,-0.015135376527905421,0.5614790320396423,0.6281453251838685,-0.025116288661956705,0.5708049535751343,0.5943172574043274,-0.030232717841863602,0.5771381020545959,0.565554964542389,-0.033516149967908825,0.5591693997383117,0.6994804859161377,-0.02107441835105412,0.5873212099075318,0.6477826118469239,-0.03253683596849436,0.5889602661132812,0.6687265634536743,-0.03176652789115902,0.5814916491508484,0.6861345887184143,-0.029357275739312138,0.5735608458518981,0.7134743809700013,-0.026131368428468662,0.5990205049514771,0.6710447788238526,-0.03312705457210534,0.596847128868103,0.6905951857566833,-0.02516789995133874,0.5886274695396423,0.7034191966056824,-0.01866073124110696,0.5876312375068664,0.7285331010818481,-0.031242705136537523,0.6080420255661011,0.6913272976875305,-0.03227271214127538,0.6054475784301758,0.7084969878196716,-0.02434476874768732,0.5982141494750977,0.7207062840461732,-0.01836589761078354
0.5614091038703919,0.7934797167778016,4.588802937632864e-08,0.5500124812126159,0.7532238721847535,0.0013991328189149202,0.5536521315574646,0.7007889866828918,-0.0029342357534914406,0.5677452325820923,0.6632851362228394,-0.00801760796457524,0.5812845826148987,0.6431895136833191,-0.0130869876593351,0.5448453307151795,0.6910637736320496,-0.01451413426548238,0.5561450362205506,0.6309370160102844,-0.024480049312114643,0.5644945621490479,0.596231997013092,-0.02970090992748734,0.5699753761291504,0.56695214509964,-0.03307721614837642,0.5560761451721192,0.7013564348220825,-0.020502004772424618,0.5824234366416932,0.6483532547950744,-0.03207887113094324,0.5845468044281006,0.6691879510879517,-0.03165980279445644,0.5774751424789429,0.6871047139167786,-0.02940584085881708,0.5708801865577697,0.7144789457321168,-0.0256673343479633,0.5949394106864929,0.6710458397865295,-0.03290393427014344,0.5932939887046814,0.6906633853912354,-0.02521280124783512,0.5854225516319276,0.7038296818733215,-0.018758606910705543,0.5854089379310607,0.7288082957267761,-0.030906992778182003,0.6045153021812439,0.6902756810188293,-0.032179171591997124,0.6023767828941345,0.7075583934783936,-0.02434675917029378,0.5956083178520203,0.7202095985412599,-0.01833932287991044
0.5607605576515198,0.7950909614562989,4.181039230388706e-08,0.5483521938323974,0.7558470964431764,0.0019694363698363002,0.5505468487739563,0.7037884712219238,-0.0021657346980645605,0.5635656476020813,0.6658400416374206,-0.0071249268949031405,0.5766881465911865,0.6459933996200562,-0.01213817521929738,0.5418382883071899,0.6938251733779908,-0.0144224245101213,0.551504909992218,0.6328744530677796,-0.02431571334600442,0.5588466286659242,0.5976147532463074,-0.029520599544048263,0.563435411453247,0.5678651332855225,-0.032900627702474546,0.553201174736023,0.7034299015998839,-0.02058738842606538,0.5781335949897767,0.6484816551208497,-0.0317901756614446,0.5804834604263306,0.6693641662597656,-0.031069301068782758,0.5736024379730225,0.6877407789230348,-0.028686950355768178,0.5682541370391846,0.7157922506332398,-0.02586244493722912,0.5912155628204345,0.6706483840942383,-0.0328498095273971,0.5899473428726196,0.6903091430664063,-0.02499937452375884,0.5823888778686523,0.7040462851524353,-0.01849672757089136,0.5830990672111511,0.7292941570281982,-0.03113974295556542,0.6011332154273987,0.6890432238578796,-0.03225564770400523,0.5993690609931946,0.706407904624939,-0.02425109259784218,0.5929277896881103,0.7196119904518128,-0.018156049773097
0.5601120114326477,0.7967022061347963,3.773275523144549e-08,0.546691906452179,0.7584703207015991,0.0025397399207576802,0.547441565990448,0.7067879557609558,-0.00139723364263768,0.5593860626220704,0.668394947052002,-0.006232245825231041,0.5720917105674744,0.6487972855567933,-0.011189362779259662,0.5388312458992004,0.6965865731239319,-0.014330714754760221,0.5468647837638855,0.6348118901252746,-0.0241513773798942,0.5531986951828003,0.5989975094795227,-0.029340289160609184,0.5568954467773437,0.568778121471405,-0.03272403925657266,0.5503262042999267,0.7055033683776855,-0.02067277207970614,0.5738437533378602,0.6486100554466248,-0.03150148019194596,0.5764201164245606,0.6695403814315797,-0.030478799343109077,0.5697297334671021,0.6883768439292909,-0.027968059852719277,0.5656280875205995,0.7171055555343628,-0.02605755552649494,0.5874917149543762,0.670250928401947,-0.03279568478465076,0.5866006970405578,0.6899549007415772,-0.024785947799682566,0.5793552041053772,0.704262888431549,-0.01823484823107718,0.5807891964912415,0.7297800183296204,-0.03137249313294884,0.5977511286735535,0.68781076669693,-0.032332123816013324,0.5963613390922546,0.7052574157714844,-0.024155426025390583,0.5902472615242005,0.7190143823623658,-0.01797277666628356
0.5591555953025819,0.798344933986664,3.440563958179155e-08,0.5451942801475526,0.7605004072189332,0.00283498708158728,0.5452942252159119,0.7091221690177917,-0.00085625624051314,0.5563416719436646,0.6700881719589233,-0.005517247784882741,0.5683205008506775,0.6495413541793824,-0.01032784450799224,0.5367945671081543,0.69864981174469,-0.01377790886908766,0.5438152074813842,0.6365191221237183,-0.02329622656106944,0.5492531299591065,0.6005359649658203,-0.028296215087175305,0.5521883249282837,0.5702427387237549,-0.031564845144748624,0.5485403299331665,0.7068683505058289,-0.020091581717133482,0.5706189513206482,0.649751091003418,-0.03041945248842234,0.5733196020126343,0.6700427770614625,-0.029305709898471782,0.5670543193817139,0.6886660575866701,-0.02688115574419496,0.5640305161476136,0.7176978945732116,-0.025425788760185197,0.5846039295196533,0.6704072356224061,-0.031787160411477056,0.5839566230773926,0.6896788597106934,-0.02383100427687162,0.5770771980285645,0.70410977602005,-0.0174376346170902,0.5793139457702636,0.7297310709953309,-0.03067694753408428,0.5953048586845399,0.6872717142105103,-0.0313553065061569,0.59407479763031,0.704307210445404,-0.023194941505789702,0.588198733329773,0.7182762145996094,-0.01707866359502072
0.5583838462829589,0.8004430651664735,3.21377996215233e-08,0.5438659310340882,0.7630309820175172,0.0028724242700263404,0.5434903025627137,0.7116764783859253,-0.00071839018492026,0.553750193119049,0.6717705726623535,-0.00527058690786356,0.5648844957351685,0.6497371554374696,-0.009983687289059122,0.5350555419921875,0.7014205813407898,-0.013584160059690438,0.5411789417266846,0.6391146898269653,-0.0229007557034492,0.5458775162696838,0.6030215740203857,-0.027756590396165785,0.548367714881897,0.5726049184799195,-0.03092818632721894,0.5472550630569458,0.7093030571937561,-0.019809873774647685,0.5678227305412293,0.6513927340507507,-0.02985165975987906,0.5705241918563844,0.6710351586341858,-0.02872526422142976,0.5648724913597107,0.6895301222801208,-0.02637457139790056,0.5630313396453858,0.7195170044898987,-0.02503468766808506,0.5821051597595215,0.6712598681449891,-0.031088550016283963,0.5815085768699646,0.6901590466499329,-0.023071945086121502,0.5750820398330689,0.7048139095306397,-0.01672334894537922,0.5784251928329468,0.7309572815895081,-0.03019175864756102,0.5932382941246034,0.6876732230186463,-0.030537071451544738,0.5920359492301941,0.7042751789093017,-0.02228008657693856,0.5864820122718811,0.7184356689453125,-0.01615588963031764
0.5581011176109314,0.8019492745399476,3.045220537956084e-08,0.5432383775711059,0.7647359132766725,0.00296094655059274,0.5427000761032105,0.7134071111679077,-0.0006087673711590401,0.5525557637214661,0.673015558719635,-0.005134202633053,0.5632484316825868,0.6500340342521669,-0.009842599555849981,0.5343709468841553,0.7033995628356934,-0.013685966841876483,0.5401882886886596,0.6409489631652832,-0.022946101427078182,0.5445545196533204,0.6049401164054871,-0.027764778211712766,0.546949315071106,0.5745596766471862,-0.0309190243482589,0.5468418359756471,0.7113378167152404,-0.019880528375506384,0.5667977809906006,0.6530430555343628,-0.029777349531650482,0.5694358587265015,0.672300696372986,-0.028581921011209422,0.5641685128211975,0.6905688643455505,-0.02626994736492632,0.5627421498298646,0.7213630557060242,-0.025045512244105304,0.5810887575149536,0.672383725643158,-0.030915141478180842,0.5803946018218994,0.6911315321922303,-0.02274236977100368,0.5741946935653687,0.705967688560486,-0.01637547686696048,0.5781199216842652,0.7325817704200746,-0.030146895721554698,0.5924667000770569,0.6887455105781555,-0.03030845522880552,0.5911640763282776,0.7051174998283386,-0.02195108681917184,0.5856813788414001,0.719433331489563,-0.01581659149378534
0.5578748226165772,0.8035300731658936,3.598776885382904e-08,0.5431734561920165,0.7660362839698792,0.0023238023044541,0.5432735800743103,0.7143641948699953,-0.00146624610060824,0.5533456802368164,0.6737339615821839,-0.0060805735178291204,0.5636719822883606,0.6496198773384095,-0.01083198767155404,0.5350023031234741,0.7052588224411012,-0.014109514094889142,0.5414424777030945,0.6430099368095398,-0.023593933507800043,0.5461511611938477,0.6071485757827759,-0.028617050126194886,0.5489771723747253,0.5767953872680665,-0.0318836368620395,0.5478732824325562,0.713546621799469,-0.02009535543620584,0.567868959903717,0.6550276398658753,-0.03046100698411458,0.5701551318168641,0.6738739252090454,-0.029593752324581078,0.5649747729301453,0.6921587586402893,-0.027405988425016382,0.5638853669166566,0.7237635135650635,-0.025097927078604663,0.5819214224815369,0.674439537525177,-0.0311646800488233,0.5808883786201477,0.6929230570793153,-0.02303605675697322,0.5747186064720153,0.707769799232483,-0.016641001403331697,0.5791443705558776,0.7352270960807801,-0.03012582845985884,0.5934027552604676,0.6914912939071656,-0.030337936803698503,0.5917553544044495,0.707550871372223,-0.02201425470411772,0.5862379789352418,0.7217729449272157,-0.015881882049143283
0.557648527622223,0.8051108717918397,4.152333232809725e-08,0.5431085348129273,0.767336654663086,0.0016866580583154598,0.5438470840454102,0.7153212785720826,-0.0023237248300574404,0.5541355967521668,0.6744523644447328,-0.00702694440260524,0.5640955328941346,0.6492057204246522,-0.011821375787258101,0.535633659362793,0.7071180820465088,-0.014533061347901801,0.5426966667175293,0.6450709104537964,-0.0242417655885219,0.547747802734375,0.6093570351600647,-0.029469322040677003,0.5510050296783447,0.5790310978889466,-0.0328482493758201,0.5489047288894654,0.7157554268836976,-0.0203101824969053,0.5689401388168335,0.6570122241973878,-0.03114466443657868,0.5708744049072265,0.6754471540451049,-0.030605583637952738,0.5657810330390931,0.6937486529350282,-0.028542029485106445,0.5650285840034486,0.7261639714241028,-0.025150341913104023,0.5827540874481201,0.6764953494071961,-0.031414218619465764,0.581382155418396,0.6947145819664002,-0.023329743742942763,0.5752425193786621,0.70957190990448,-0.01690652593970292,0.5801688194274903,0.7378724217414856,-0.03010476119816298,0.5943388104438782,0.6942370772361757,-0.03036741837859148,0.5923466324806214,0.7099842429161073,-0.0220774225890636,0.5867945790290833,0.7241125583648682,-0.01594717260450122
0.5577791571617127,0.8062954187393189,4.779668643095648e-08,0.5439132928848267,0.7679298520088196,0.0011601190664804798,0.5458502411842346,0.7154429554939271,-0.0031702790409326204,0.5570065140724183,0.6745716094970704,-0.008012946508824781,0.5670330405235291,0.6489575624465943,-0.0128877373412251,0.5373210668563843,0.7084727048873902,-0.015513499081134762,0.5455847024917603,0.646881103515625,-0.025416996702551785,0.5517322063446045,0.6115685582160949,-0.03068557605147356,0.5559877038002015,0.5814535617828369,-0.034031634032726236,0.5507371902465821,0.7182226300239564,-0.0211425136774778,0.5720025420188904,0.6594671607017517,-0.0323786534368991,0.5734610080718994,0.6779754877090454,-0.03180730566382402,0.5679002404212952,0.6964990735054016,-0.029607367143034902,0.5668221592903138,0.7296754598617554,-0.02583775557577606,0.585325825214386,0.679987633228302,-0.03234104812145226,0.5835415363311768,0.6982006549835206,-0.024118174612522084,0.5771319389343262,0.7130330920219422,-0.01752306893467896,0.5818244218826294,0.7422130942344665,-0.030680947005748704,0.5966310739517212,0.6988281846046448,-0.03094691261649126,0.5943392276763917,0.7143900990486145,-0.02250961028039452,0.5885947108268738,0.7283067464828492,-0.0162772338837385
0.5577972292900086,0.806868040561676,5.362824211374574e-08,0.5451343178749084,0.7675788283348083,0.0007151160330976799,0.5486091375350952,0.7151134610176086,-0.0039480555336922005,0.5609260082244873,0.6748638272285463,-0.00896645477041598,0.5714377522468568,0.6497192144393922,-0.013963438943028402,0.5397172570228577,0.7091892480850219,-0.01663478463888164,0.5496919512748719,0.648271381855011,-0.026764415204524942,0.557106649875641,0.6136044859886169,-0.03210266903042788,0.5623140573501587,0.5840599894523621,-0.0354378223419189,0.552884864807129,0.7200987577438356,-0.02208173684775824,0.5761106252670288,0.6630409479141235,-0.03361619748175136,0.577034628391266,0.681523859500885,-0.03293912783265108,0.5705650568008424,0.6998696804046631,-0.03062626942992206,0.5686356663703919,0.7327258586883545,-0.026591878384351682,0.5887178540229797,0.6845002174377443,-0.0333016969263553,0.586484181880951,0.7025485754013062,-0.025043083727359725,0.5794815301895142,0.7170274615287782,-0.01839267499744886,0.5833209753036499,0.7461923122406006,-0.03126973919570442,0.5994353532791138,0.7043539047241212,-0.031647290661930984,0.5968409657478333,0.7197039127349855,-0.02323457226157186,0.5906726837158204,0.7331509709358216,-0.01701198760420082
0.5578153014183045,0.8074406623840332,5.9459797796535e-08,0.5463553428649903,0.7672278046607971,0.00027011299971488,0.5513680338859559,0.7147839665412903,-0.004725832026451781,0.5648455023765564,0.675156044960022,-0.00991996303200718,0.5758424639701843,0.6504808664321899,-0.015039140544831702,0.5421134471893311,0.7099057912826539,-0.01775607019662852,0.5537992000579834,0.649661660194397,-0.028111833706498106,0.5624810934066773,0.615640413761139,-0.0335197620093822,0.568640410900116,0.5866664171218873,-0.03684401065111156,0.5550325393676758,0.7219748854637147,-0.02302096001803868,0.5802187085151672,0.6666147351264954,-0.03485374152660362,0.5806082487106323,0.6850722312927247,-0.03407095000147814,0.5732298731803894,0.7032402873039246,-0.03164517171680922,0.57044917345047,0.7357762575149536,-0.0273460011929273,0.5921098828315735,0.6890128016471864,-0.03426234573125834,0.589426827430725,0.7068964958190919,-0.025967992842197363,0.5818311214447022,0.721021831035614,-0.019262281060218763,0.5848175287246704,0.7501715302467347,-0.031858531385660145,0.6022396326065064,0.7098796248435976,-0.0323476687073707,0.5993427038192749,0.7250177264213562,-0.0239595342427492,0.5927506566047669,0.737995195388794,-0.01774674132466314
0.5581250190734863,0.8071283459663391,6.40664900686261e-08,0.5477693915367127,0.7664940595626831,5.993565719108001e-05,0.5540078163146973,0.7146515965461732,-0.0051375849172472406,0.5685721158981323,0.676267433166504,-0.010418662428855861,0.5802499651908875,0.6525450706481934,-0.015613121539354263,0.5448938608169556,0.7096106052398683,-0.018765746057033482,0.5582551956176758,0.6502057313919067,-0.029094841703772505,0.5680103898048401,0.6171776533126831,-0.03434952720999714,0.5749871730804443,0.5890942335128785,-0.0375449106097221,0.5573232054710389,0.7229352831840515,-0.023841701075434624,0.5838184237480164,0.6693805694580078,-0.035563167184591224,0.5835714101791382,0.6874058365821839,-0.0345199011266231,0.5755912542343139,0.7047326922416688,-0.03198079913854594,0.5721955895423889,0.7379718065261841,-0.027937177196145004,0.5951298713684082,0.6925694108009339,-0.034796130657196,0.5919116616249085,0.7100785613059999,-0.026436153054237323,0.5839052796363831,0.7237818956375122,-0.01971992254257198,0.5860970735549927,0.7533494472503662,-0.032203540205955485,0.6046996355056763,0.714369583129883,-0.0327254049479961,0.6014885187149048,0.7290442943572998,-0.02440140470862386,0.5945906281471252,0.7415760159492493,-0.01823857426643368
0.5584347367286683,0.8068160295486451,6.867318234071718e-08,0.549183440208435,0.7657603144645692,-0.00015024168533272,0.5566475987434387,0.7145192265510559,-0.0055493378080427,0.5722987294197083,0.6773788213729859,-0.010917361825704542,0.5846574664115906,0.6546092748641967,-0.01618710253387682,0.5476742744445801,0.7093154191970826,-0.019775421917438443,0.5627111911773681,0.6507498025894165,-0.030077849701046905,0.573539686203003,0.6187148928642273,-0.03517929241061208,0.5813339352607727,0.5915220499038697,-0.03824581056833264,0.5596138715744019,0.7238956809043884,-0.024662442132830566,0.5874181389808655,0.6721464037895204,-0.03627259284257882,0.5865345716476441,0.6897394418716432,-0.03496885225176806,0.5779526352882385,0.7062250971794128,-0.03231642656028266,0.5739420056343079,0.7401673555374146,-0.028528353199362703,0.5981498599052429,0.6961260199546815,-0.03532991558313366,0.5943964958190918,0.7132606267929078,-0.02690431326627728,0.5859794378280639,0.7265419602394105,-0.020177564024925203,0.587376618385315,0.7565273642539979,-0.032548549026250824,0.6071596384048462,0.7188595414161684,-0.033103141188621496,0.6036343336105346,0.7330708622932435,-0.024843275174498518,0.5964305996894836,0.7451568365097047,-0.018730407208204222
0.5591019868850708,0.806830608844757,7.149454859245452e-08,0.5503070116043091,0.7662013649940491,-0.0002260888708405862,0.5581321001052857,0.7157547473907471,-0.005587566643953261,0.5742153525352478,0.6795531630516054,-0.01081318072974678,0.5870481610298157,0.6573435664176941,-0.015928375534713178,0.5498122453689576,0.7096369385719301,-0.020357628166675502,0.5664441823959351,0.6513885259628296,-0.030586522817611664,0.5777788043022156,0.6198771595954895,-0.03558421730995176,0.5860660791397095,0.5932925581932068,-0.03858239650726314,0.5615262866020203,0.7251652717590332,-0.024997065216302822,0.5898397207260132,0.673595416545868,-0.03649381250143047,0.5883474707603455,0.6901602983474732,-0.03509658947587008,0.579705023765564,0.7058536410331726,-0.032407319173216785,0.5754640221595765,0.7418966412544251,-0.028561234846711105,0.6002276539802551,0.6976315379142761,-0.03520089387893672,0.5958417892456054,0.7141555309295655,-0.026738336682319598,0.5873217344284057,0.7272717833518982,-0.02000824473798272,0.5884693741798401,0.7583609580993653,-0.03226717859506604,0.6087576985359192,0.7211410641670228,-0.03282336629927156,0.6047761678695679,0.7348249912261963,-0.024702225252985918,0.5974326491355897,0.7466948986053467,-0.018672962486743862
0.5596590399742127,0.8069870591163636,7.195927480552201e-08,0.5506964445114135,0.7668399572372437,-0.000132685007702073,0.5584231495857239,0.7165436744689941,-0.005243530310690341,0.5747506141662598,0.6806082725524902,-0.010203565098345241,0.5879601240158081,0.6586968779563904,-0.015054961852729242,0.5507240891456604,0.7096462607383728,-0.020016073808073943,0.5680520296096802,0.6514803290367126,-0.029946850985288584,0.5795786499977112,0.6200530171394348,-0.034673663973808264,0.5880934357643128,0.5935436844825744,-0.037518305331468535,0.5624599099159241,0.7251933336257934,-0.024580602347850762,0.5906769156455994,0.673045313358307,-0.03593398109078402,0.588821566104889,0.6893622159957885,-0.03444560319185252,0.5802891850471497,0.705060625076294,-0.031630706787109344,0.576259970664978,0.7418953180313111,-0.028059789910912465,0.600981616973877,0.6972684264183044,-0.034667368233203835,0.5963186264038086,0.7136604189872742,-0.02622702792286868,0.587895393371582,0.726796555519104,-0.01945082619786258,0.5890672683715821,0.7583292722702027,-0.031652424111962285,0.6093857407569886,0.7209938764572145,-0.032239769771695105,0.6051812171936035,0.7346193194389343,-0.02419040612876412,0.5978318929672242,0.746578860282898,-0.01818185746669762
0.5602160930633545,0.8071435093879701,7.242400101858948e-08,0.551085877418518,0.7674785494804384,-3.9281144563559845e-05,0.5587141990661622,0.7173326015472412,-0.00489949397742742,0.5752858757972718,0.6816633820533753,-0.009593949466943702,0.5888720870018005,0.6600501894950866,-0.014181548170745302,0.5516359329223633,0.7096555829048157,-0.019674519449472384,0.5696598768234253,0.6515721321105956,-0.029307179152965504,0.5813784956932068,0.6202288746833802,-0.03376311063766476,0.590120792388916,0.5937948107719422,-0.03645421415567394,0.5633935332298279,0.7252213954925537,-0.024164139479398702,0.5915141105651855,0.6724952101707459,-0.03537414968013758,0.5892956614494325,0.688564133644104,-0.03379461690783496,0.5808733463287354,0.7042676091194153,-0.0308540944010019,0.5770559191703797,0.7418939948081972,-0.02755834497511382,0.6017355799674988,0.6969053149223329,-0.03413384258747096,0.5967954635620117,0.7131653070449828,-0.02571571916341776,0.5884690523147583,0.7263213276863099,-0.018893407657742438,0.589665162563324,0.7582975864410401,-0.031037669628858525,0.6100137829780579,0.7208466887474061,-0.031656173244118645,0.6055862665176392,0.7344136476516724,-0.02367858700454232,0.5982311367988586,0.7464628219604493,-0.01769075244665138
0.5603999018669128,0.8067791938781739,6.93591665879012e-08,0.5510558366775513,0.767153823375702,0.00012587429519044017,0.5585025906562806,0.7164484620094299,-0.0044919497799127805,0.5750677466392518,0.6801404833793641,-0.00898821204900738,0.5886208415031433,0.6580387830734253,-0.013358362391591001,0.5511718034744263,0.7084691405296325,-0.01874951161444182,0.5690331935882569,0.6506471872329712,-0.028097911924123725,0.5806851863861083,0.61911700963974,-0.032329580560326546,0.5893147468566895,0.5924139976501466,-0.03490651398897166,0.5628692507743835,0.7237500071525574,-0.02336698956787582,0.5911873579025269,0.6711052656173707,-0.0345598921179771,0.5892184495925903,0.6876293063163756,-0.033116552233695945,0.5807392239570618,0.7034837126731873,-0.030205964297056163,0.5765761137008667,0.7402037024497987,-0.026913526654243423,0.6012845635414124,0.6955391645431519,-0.03371731191873546,0.5965829491615295,0.7123332738876343,-0.02546969093382352,0.588262391090393,0.7253153681755067,-0.018669063225388458,0.5893004417419434,0.7564178228378297,-0.03050357028841966,0.6094074606895447,0.7189294099807739,-0.0313074175268411,0.6051859378814698,0.7333385348320007,-0.0233661741018295,0.5978754997253418,0.7455093622207642,-0.017364858463406498
0.5605837106704712,0.8064148783683778,6.629433215721293e-08,0.5510257959365845,0.7668290972709657,0.00029102973494444015,0.558290982246399,0.7155643224716187,-0.00408440558239814,0.5748496174812316,0.6786175847053528,-0.008382474631071059,0.5883695960044861,0.6560273766517639,-0.0125351766124367,0.5507076740264893,0.7072826981544494,-0.01782450377941126,0.5684065103530884,0.6497222423553467,-0.026888644695281946,0.57999187707901,0.6180051445960999,-0.03089605048298832,0.588508701324463,0.5910331845283509,-0.03335881382226938,0.5623449683189392,0.7222786188125612,-0.022569839656352942,0.5908606052398682,0.6697153210639955,-0.033745634555816625,0.5891412377357483,0.6866944789886473,-0.032438487559556924,0.5806051015853883,0.7026998162269592,-0.02955783419311042,0.5760963082313538,0.7385134100914003,-0.026268708333373022,0.6008335471153259,0.694173014163971,-0.03330078124999996,0.5963704347610475,0.7115012407302858,-0.02522366270422928,0.5880557298660278,0.7243094086647034,-0.01844471879303448,0.5889357209205628,0.7545380592346191,-0.0299694709479808,0.6088011384010316,0.7170121312141418,-0.03095866180956356,0.6047856092453003,0.7322634220123291,-0.02305376119911668,0.5975198626518249,0.7445559024810792,-0.01703896448016162
0.5602764964103699,0.8050544261932374,6.39930618717699e-08,0.5502907633781433,0.7653360724449159,0.0004649845941457664,0.5570668935775757,0.7135369539260864,-0.003807454183697661,0.5735043883323669,0.6763054370880128,-0.008091759774833882,0.587042760848999,0.6541551470756531,-0.012257092632353242,0.54932279586792,0.7054462313652039,-0.01712385341525072,0.5660273909568787,0.6477799534797669,-0.026112736389040905,0.5773765802383424,0.6157924056053162,-0.03012407384812828,0.585563063621521,0.5883730888366699,-0.03262609168887132,0.5608961701393128,0.7196427464485169,-0.02208576537668698,0.5891456246376038,0.6672938346862793,-0.033316207677125904,0.5877972960472108,0.6852108597755433,-0.0321615152060985,0.5791557550430299,0.7016144275665284,-0.02933235503733152,0.5747873902320862,0.7354286432266236,-0.02602878324687476,0.5992333889007568,0.6919589042663575,-0.03327391818165776,0.5951779007911683,0.710013794898987,-0.025379728525876923,0.5868545174598694,0.7227425694465638,-0.018651464581489502,0.5878932476043701,0.7513602852821349,-0.029949115589260982,0.6073338150978089,0.7140377283096313,-0.031117107719182902,0.6036816000938416,0.7301528453826904,-0.0232229899615049,0.596562421321869,0.7425973415374757,-0.01717083901166912
0.5596879839897155,0.8034086108207703,6.229956426295758e-08,0.5492411136627197,0.7638705849647522,0.0007618482370162132,0.5553760647773742,0.7122842192649842,-0.0034457964356988204,0.5712757349014282,0.6751648545265199,-0.0077479285188019,0.5846026182174683,0.6533988237380982,-0.011975283548235821,0.5475542545318604,0.7037715077400208,-0.016773281618952703,0.563279902935028,0.6457937359809875,-0.025857873633503885,0.5741482257843018,0.6133685111999512,-0.0300651881843805,0.5818482041358948,0.5855296611785888,-0.03270063772797578,0.5591737508773804,0.7173662543296815,-0.021899937838315904,0.58668532371521,0.664695918560028,-0.033006190508604025,0.5856461763381958,0.6827095866203308,-0.03195824250578874,0.5770976424217225,0.6990990400314332,-0.0292547103017568,0.5732685565948487,0.73261638879776,-0.0259921126067638,0.5970515370368957,0.6891799926757813,-0.033079959452152224,0.5932863593101502,0.7072683453559876,-0.025245962291955883,0.5850752711296081,0.7199621200561523,-0.018610830232500982,0.5866331696510315,0.7482089519500732,-0.03005030527710908,0.6053615212440491,0.7106921195983887,-0.03107803203165526,0.6019282460212707,0.7270778775215149,-0.0230975620448589,0.5950416564941406,0.739660930633545,-0.0169980555772781
0.5590994715690613,0.8017627954483033,6.060606665414526e-08,0.5481914639472961,0.7624050974845886,0.0010587118798866602,0.5536852359771729,0.7110314846038819,-0.0030841386876999805,0.5690470814704895,0.6740242719650269,-0.0074040972627699205,0.5821624755859376,0.6526425004005433,-0.0116934744641184,0.5457857131958008,0.7020967841148377,-0.01642270982265468,0.5605324149131775,0.6438075184822083,-0.025603010877966865,0.5709198713302612,0.6109446167945862,-0.03000630252063272,0.5781333446502686,0.5826862335205079,-0.03277518376708024,0.557451331615448,0.715089762210846,-0.02171411029994482,0.5842250227928162,0.6620980024337768,-0.03269617334008214,0.5834950566291809,0.6802083134651185,-0.03175496980547898,0.5750395298004151,0.6965836524963378,-0.02917706556618208,0.5717497229576111,0.7298041343688965,-0.02595544196665284,0.5948696851730347,0.6864010810852051,-0.032886000722646684,0.5913948178291322,0.7045228958129883,-0.025112196058034844,0.583296024799347,0.717181670665741,-0.018570195883512462,0.5853730916976929,0.7450576186180116,-0.03015149496495718,0.6033892273902893,0.7073465108871461,-0.03103895634412762,0.6001748919487,0.7240029096603393,-0.0229721341282129,0.5935208916664123,0.7367245197296143,-0.01682527214288708
0.558590829372406,0.8007766008377075,6.056192276560069e-08,0.5469041347503663,0.7622596621513367,0.00136286076158282,0.5512917757034301,0.7115571856498719,-0.0026947172125800804,0.5658972501754761,0.6748934864997864,-0.0069889269769191405,0.5790305733680725,0.6543173551559448,-0.01129048205912106,0.5440366387367249,0.7020503878593445,-0.016438046842813463,0.5580164670944213,0.6427282691001892,-0.025757071748375864,0.5678683757781983,0.6092730164527893,-0.0303213898092508,0.5747393608093262,0.580723226070404,-0.03316673338413232,0.5560492515563965,0.7143559217453004,-0.02173346057534214,0.5816720247268676,0.6596060633659362,-0.03260248601436612,0.5808889269828796,0.67744140625,-0.03151146210730068,0.5728520274162292,0.6942330718040467,-0.028834561258554398,0.5705621123313904,0.7282554149627685,-0.02594880163669582,0.5927593231201173,0.6833232522010804,-0.03265990987420078,0.5892181634902954,0.7011663913726807,-0.024776364490389783,0.5814234495162964,0.7144004344940186,-0.0181812863796949,0.5842939972877503,0.7427229046821594,-0.030106795206665943,0.6015787363052368,0.7040380597114563,-0.030784643441438643,0.5982966303825379,0.7202625274658203,-0.02264340631663796,0.5918846130371094,0.7332884073257446,-0.01644749753177162
0.5580821871757508,0.799790406227112,6.051777887705612e-08,0.5456168055534363,0.7621142268180847,0.0016670096432789801,0.5488983154296875,0.712082886695862,-0.0023052957374601803,0.5627474188804626,0.6757627010345459,-0.0065737566910683614,0.5758986711502077,0.6559922099113464,-0.01088748965412372,0.542287564277649,0.7020039916038512,-0.01645338386297224,0.5555005192756653,0.6416490197181701,-0.025911132618784864,0.5648168802261353,0.6076014161109925,-0.030636477097868882,0.5713453769683837,0.5787602186203002,-0.0335582830011844,0.554647171497345,0.7136220812797547,-0.021752810850739462,0.5791190266609192,0.6571141242980957,-0.032508798688650094,0.5782827973365784,0.6746744990348816,-0.03126795440912238,0.5706645250320435,0.6918824911117554,-0.028492056950926718,0.5693745017051697,0.7267066955566406,-0.025942161306738803,0.5906489610671998,0.6802454233169555,-0.03243381902575488,0.5870415091514587,0.697809886932373,-0.024440532922744722,0.5795508742332458,0.7116191983222961,-0.01779237687587734,0.5832149028778078,0.7403881907463074,-0.030062095448374706,0.5997682452201843,0.7007296085357666,-0.030530330538749664,0.5964183688163758,0.7165221452713013,-0.02231467850506302,0.5902483344078064,0.729852294921875,-0.01606972292065616
0.557921862602234,0.7993325114250184,6.097502733837248e-08,0.5450416088104248,0.7622536659240723,0.0017149604624136802,0.5480260133743287,0.7121916174888612,-0.00223714318126432,0.5614980101585388,0.6752024769783022,-0.006448397412896101,0.5743327021598816,0.6545483350753784,-0.01072295196354384,0.5412186980247498,0.7020991325378417,-0.01669002026319502,0.554155969619751,0.6411350131034851,-0.026054535061120945,0.5632495760917664,0.6066763162612916,-0.030670228973031004,0.5696813583374024,0.5778032422065735,-0.0334808394312858,0.5539841413497926,0.7134045481681824,-0.0218791726976633,0.5776273250579834,0.6561254262924194,-0.03239216133952136,0.5768551111221314,0.6732865810394287,-0.03091736100614064,0.5696382164955139,0.690709686279297,-0.02805488109588618,0.5689522981643678,0.7260445594787598,-0.025933119654655425,0.5895305752754212,0.6785303473472595,-0.03214900046586986,0.586037540435791,0.6958194494247437,-0.02397349365055558,0.5788501024246216,0.7101099491119385,-0.017293766513466778,0.58283851146698,0.739119553565979,-0.029919549450278245,0.5989888906478882,0.6988706946372986,-0.030085319653153385,0.595648217201233,0.7144411087036133,-0.021739999204874003,0.5895853757858277,0.7280833005905151,-0.015470775775611362
0.5576043963432312,0.7989530563354492,6.421770422093688e-08,0.5449508786201478,0.7615124225616455,0.0012767205131239802,0.5484280467033387,0.710933816432953,-0.0028943162877111805,0.5622043013572693,0.6733592033386231,-0.00723046679049724,0.5748182058334351,0.6517044305801392,-0.01157489698380228,0.5411128878593445,0.7015844821929932,-0.01727965809404848,0.554421353340149,0.6406007766723633,-0.026661517098545987,0.5637477278709412,0.6063809156417846,-0.03121135570108886,0.5703631281852722,0.5776842355728149,-0.03395763337612146,0.5539568781852722,0.7132541298866273,-0.022305393964052178,0.5781155586242677,0.6563865780830384,-0.03292787373065944,0.5773536562919617,0.6735719442367555,-0.03138659112155432,0.5700757026672364,0.6911026239395142,-0.0285049077123403,0.5689591407775879,0.7261903643608094,-0.026221783459186524,0.5900327682495118,0.6785426855087281,-0.032527803629636726,0.5864802360534668,0.6959806919097901,-0.02431313730776306,0.579184103012085,0.710541033744812,-0.01762581020593638,0.5828430294990541,0.7393898487091064,-0.030114003270864446,0.5995678424835206,0.699321949481964,-0.030339680612087205,0.5962005615234375,0.7147705435752869,-0.022057045623660038,0.5899651527404786,0.7284136414527893,-0.015841518528759445
0.5572869300842286,0.7985736012458802,6.746038110350129e-08,0.5448601484298706,0.7607711791992188,0.00083848056383428,0.5488300800323487,0.7096760153770447,-0.0035514893941580405,0.5629105925559998,0.6715159296989441,-0.008012536168098381,0.5753037095069885,0.6488605260848999,-0.012426842004060721,0.5410070776939393,0.7010698318481445,-0.01786929592490194,0.5546867370605469,0.6400665402412414,-0.027268499135971028,0.564245879650116,0.6060855150222779,-0.031752482429146724,0.5710448980331421,0.5775652289390564,-0.03443442732095712,0.553929615020752,0.7131037116050721,-0.02273161523044106,0.5786037921905518,0.6566477298736573,-0.03346358612179752,0.577852201461792,0.6738573074340821,-0.031855821236968,0.5705131888389587,0.6914955615997314,-0.028954934328794424,0.5689659833908081,0.7263361692428589,-0.026510447263717624,0.5905349612236023,0.6785550236701966,-0.032906606793403584,0.5869229316711426,0.6961419343948365,-0.02465278096497054,0.5795181035995484,0.7109721183776856,-0.017957853898405977,0.582847547531128,0.7396601438522339,-0.030308457091450643,0.6001467943191529,0.6997732043266296,-0.030594041571021025,0.5967529058456421,0.7150999784469605,-0.02237409204244608,0.5903449296951294,0.7287439823150634,-0.016212261281907524
0.5569182515144349,0.7977587580680848,7.154986292334797e-08,0.5453903913497925,0.7587451100349426,0.00010945647954939994,0.5508010387420654,0.7068515419960022,-0.004698151326738221,0.5658645629882812,0.6683574080467224,-0.009417070541530782,0.5784351110458374,0.6453542828559876,-0.014013883844017961,0.5419692635536194,0.6999558091163636,-0.01871218122541902,0.5566855311393738,0.6398903727531433,-0.028081046417355506,0.5668542385101318,0.606714165210724,-0.0324747540056705,0.5740882158279419,0.5787173271179199,-0.0351322785019874,0.554645836353302,0.71293363571167,-0.023378112167119942,0.5807012319564819,0.6581126809120178,-0.034346313774585684,0.5798152208328248,0.6752328157424928,-0.03284990489482876,0.5719637751579285,0.6925259232521057,-0.03005045950412746,0.5694875597953797,0.7269855737686158,-0.026980099827051143,0.592360293865204,0.6803474187850953,-0.03346230685710902,0.588494884967804,0.6979422688484193,-0.025259141623973802,0.5805790543556213,0.7125108003616334,-0.0186414502561092,0.5832594633102417,0.7410002946853638,-0.030688913539051964,0.6016811728477478,0.7024773955345155,-0.031066561117768243,0.5981165528297424,0.7175371050834656,-0.02303634658455844,0.5912901759147644,0.7307555556297303,-0.017042037658393343
0.5565495729446411,0.7969439148902894,7.563934474319466e-08,0.5459206342697144,0.7567190408706664,-0.0006195676047354801,0.5527719974517822,0.7040270686149597,-0.005844813259318401,0.5688185334205628,0.6651988863945008,-0.01082160491496318,0.5815665125846863,0.6418480396270753,-0.015600925683975198,0.5429314494132995,0.6988417863845825,-0.0195550665259361,0.5586843252182007,0.6397142052650452,-0.028893593698739978,0.5694625973701477,0.60734281539917,-0.033197025582194284,0.5771315336227417,0.5798694252967834,-0.03583012968301768,0.555362057685852,0.7127635598182678,-0.02402460910379882,0.5827986717224121,0.6595776319503784,-0.03522904142737385,0.5817782402038575,0.6766083240509034,-0.03384398855268952,0.5734143614768982,0.69355628490448,-0.0311459846794605,0.5700091361999512,0.7276349782943726,-0.027449752390384663,0.5941856265068055,0.6821398138999939,-0.03401800692081446,0.5900668382644654,0.6997426033020019,-0.025865502282977057,0.5816400051116943,0.7140494823455811,-0.01932504661381242,0.5836713790893555,0.7423404455184937,-0.031069369986653283,0.6032155513763429,0.7051815867424012,-0.03153908066451546,0.5994801998138428,0.7199742317199707,-0.023698601126670802,0.5922354221343995,0.7327671289443971,-0.017871814034879162
0.5563700556755067,0.7954146265983582,8.397756801059586e-08,0.5468340039253236,0.7541571617126466,-0.00130545094143596,0.5550904631614686,0.7015811085700989,-0.006994950026273661,0.5723091244697571,0.6634667396545411,-0.01225509978830808,0.5856568932533265,0.6408775091171265,-0.01723362468183038,0.544498085975647,0.6971412539482117,-0.02078963071107862,0.5619473934173584,0.6391529440879822,-0.03024345710873602,0.5735399603843689,0.6079172134399414,-0.03453523293137546,0.5818466424942017,0.5813298225402832,-0.0371665589511394,0.5565904259681702,0.7124396204948426,-0.025029848888516382,0.5858116984367371,0.6609586358070374,-0.0363273166120052,0.5844817161560059,0.6773746013641357,-0.034853424876928274,0.575602388381958,0.6936391711235046,-0.03218883648514744,0.5709377527236938,0.7283526778221131,-0.0282440014183521,0.5967033743858338,0.6842821717262269,-0.0347102671861648,0.5920931696891785,0.701291537284851,-0.026516979187726938,0.5831272840499878,0.7149686455726624,-0.02007254697382448,0.5844076752662659,0.7437690854072571,-0.03173709511756892,0.6051832437515259,0.7082261681556703,-0.03214148879051204,0.6010217428207398,0.7222855448722839,-0.0244209341704845,0.5932633638381959,0.734343445301056,-0.01875418834388252
0.5564887166023255,0.7924501895904541,9.078231215653431e-08,0.5477407813072205,0.7507211089134216,-0.0017099417629651403,0.5570632100105286,0.6988351225852967,-0.00762207778170698,0.5752780318260193,0.6617085337638856,-0.01286979299038642,0.5894182205200196,0.6405129909515381,-0.0177787713706493,0.5463526725769043,0.6950906395912171,-0.02186310626566406,0.5654304623603821,0.6384307861328125,-0.031081201881170258,0.5777315497398376,0.6083936333656311,-0.03511002436280246,0.5867137312889099,0.5830026030540466,-0.03756900727748866,0.5584127306938171,0.7115795731544494,-0.025746108964085544,0.5885229110717773,0.6610995173454285,-0.036576384305953946,0.5867412805557252,0.6760796546936034,-0.03475032225251192,0.577607250213623,0.6914312720298768,-0.0320103149861097,0.5724843740463257,0.7281877398490906,-0.02856595963239666,0.5988913416862488,0.6849343538284303,-0.034480782598257,0.5938124299049378,0.7006647109985351,-0.026222056895494443,0.5845848202705384,0.7137247085571289,-0.019929065927863098,0.5856652975082398,0.7439306735992433,-0.031699372082948644,0.6067441940307617,0.7095848321914673,-0.0316574431955814,0.602196478843689,0.7224828362464905,-0.02397498115897174,0.594229805469513,0.733961570262909,-0.01847901232540604
0.5566073775291442,0.78948575258255,9.758705630247278e-08,0.5486475586891175,0.7472850561141968,-0.00211443258449432,0.5590359568595886,0.6960891366004944,-0.0082492055371403,0.5782469391822815,0.65995032787323,-0.013484486192464762,0.5931795477867127,0.6401484727859497,-0.01832391805946822,0.5482072591781616,0.6930400252342225,-0.0229365818202495,0.5689135313034058,0.6377086281776427,-0.0319189466536045,0.5819231390953064,0.6088700532913208,-0.035684815794229455,0.5915808200836181,0.58467538356781,-0.03797145560383792,0.5602350354194642,0.7107195258140564,-0.026462369039654703,0.5912341237068177,0.6612403988838196,-0.036825451999902684,0.5890008449554444,0.6747847080230713,-0.03464721962809556,0.5796121120452881,0.6892233729362487,-0.03183179348707196,0.5740309953689575,0.7280228018760682,-0.028887917846441222,0.6010793089866638,0.6855865359306335,-0.0342512980103492,0.5955316901206971,0.7000378847122193,-0.025927134603261938,0.5860423564910889,0.7124807715415954,-0.01978558488190172,0.5869229197502136,0.7440922617912293,-0.03166164904832836,0.6083051443099975,0.7109434962272645,-0.031173397600650764,0.6033712148666381,0.722680127620697,-0.02352902814745898,0.5951962471008301,0.7335796952247621,-0.01820383630692956
0.5564018607139587,0.7852057456970216,1.047391478437021e-07,0.5491016864776612,0.7428225278854371,-0.0025687796063720804,0.5603617072105408,0.6922683596611023,-0.00880532441660754,0.5803057074546814,0.657149112224579,-0.01399842444807284,0.5958760499954224,0.6384592771530151,-0.01873084157705302,0.549436378479004,0.6896357774734498,-0.02344824187457556,0.5714734315872193,0.6359977722167969,-0.032444516941905,0.5850522875785827,0.6080241918563843,-0.0361316084861755,0.5952901840209961,0.5848556756973267,-0.038338652253150876,0.561369264125824,0.7083070397377015,-0.026792747527360883,0.5933659553527832,0.6598743438720703,-0.03725752681493754,0.5906484127044678,0.6723055362701417,-0.03506237193942065,0.5808947443962097,0.6862026929855347,-0.03217535242438312,0.5749487280845642,0.7265229225158691,-0.029065398499369562,0.6026730537414551,0.6850905656814575,-0.034523725509643485,0.5966280102729797,0.6984671235084533,-0.02631421275436876,0.586879861354828,0.7101961731910706,-0.020188991725444756,0.5876102089881897,0.7433179974555969,-0.03170993551611896,0.6095575571060181,0.7110666275024415,-0.031237319111824004,0.604195523262024,0.72154780626297,-0.02369602359831328,0.5956516385078431,0.7318434000015259,-0.01843817606568334
0.5561963438987731,0.780925738811493,1.1189123938493142e-07,0.5495558142662049,0.7383599996566773,-0.0030231266282498403,0.561687457561493,0.6884475827217101,-0.00936144329607478,0.5823644757270814,0.6543478965759277,-0.01451236270368092,0.5985725522041321,0.6367700815200805,-0.019137765094637823,0.5506654977798462,0.6862315297126769,-0.02395990192890162,0.5740333318710328,0.6342869162559509,-0.0329700872302055,0.5881814360618591,0.6071783304214478,-0.03657840117812154,0.5989995479583741,0.5850359678268432,-0.03870584890246384,0.5625034928321839,0.7058945536613466,-0.027123126015067063,0.5954977869987488,0.6585082888603211,-0.0376896016299724,0.5922959804534912,0.669826364517212,-0.035477524250745726,0.5821773767471313,0.6831820130348206,-0.03251891136169428,0.5758664608001709,0.7250230431556701,-0.029242879152297903,0.6042667984962463,0.6845945954322815,-0.034796153008937764,0.5977243304252624,0.6968963623046874,-0.02670129090547558,0.587717366218567,0.7079115748405456,-0.0205923985689878,0.5882974982261657,0.7425437331199646,-0.03175822198390956,0.6108099699020386,0.7111897587776184,-0.031301240622997245,0.6050198316574097,0.720415484905243,-0.023863019049167582,0.5961070299148561,0.7301071047782898,-0.01867251582443712
0.5552434206008912,0.7747692465782167,1.1977945462149365e-07,0.5493749618530274,0.731866228580475,-0.0032775973901152003,0.5621835470199585,0.6826845049858093,-0.0097509689629077,0.5831096529960633,0.6496021866798402,-0.01496873013675206,0.5996234536170959,0.6329791307449342,-0.019582354277372302,0.5510219931602478,0.681476604938507,-0.024238741397857623,0.5746683716773987,0.6315154552459716,-0.03365998938679692,0.5891206502914429,0.6046993017196656,-0.0376115411520004,0.6002820730209351,0.5831847190856934,-0.03989391252398484,0.5626103162765503,0.7017717838287354,-0.027413165941834402,0.5969573736190796,0.6553547739982606,-0.03850202038884156,0.5939924001693726,0.6658481121063233,-0.03662463128566738,0.5835109353065491,0.6792041778564454,-0.03369962051510806,0.5756573796272278,0.7217415213584899,-0.029561974108219084,0.6050491690635681,0.6818131446838379,-0.03562880083918564,0.5986907839775086,0.6933727145195007,-0.027787572145462004,0.5884780168533326,0.704144310951233,-0.02160774245858188,0.5878340005874634,0.7400975108146668,-0.03210151791572566,0.6112667679786682,0.709160315990448,-0.03195478990674016,0.6055952906608582,0.717316210269928,-0.024622526392340624,0.5964090585708618,0.7267301321029663,-0.01939659789204594
0.5542679905891419,0.7674151659011842,1.44465531093374e-07,0.5487135410308839,0.7240196108818056,-0.00352546004578464,0.5617392301559448,0.675041401386261,-0.010160830989479942,0.5825050711631775,0.6421640157699585,-0.01553183142095798,0.5993215203285218,0.6261367321014404,-0.02027379497885698,0.5502556204795838,0.6755121111869813,-0.02440431453287598,0.5735116243362427,0.6267616629600525,-0.03437032029032704,0.5882022738456727,0.599502182006836,-0.0388080447912216,0.599340844154358,0.5785553216934205,-0.04131382331252092,0.5613003373146057,0.6959558725357057,-0.02754102721810336,0.5959810256958008,0.6500352025032045,-0.03919522464275354,0.5956350684165954,0.6581783771514893,-0.038000150024890864,0.5867202162742614,0.6715343713760376,-0.03534816615283484,0.5739910960197449,0.7167266130447387,-0.029676033556461263,0.6039893984794618,0.6770663857460022,-0.03663354068994516,0.6003611445426942,0.6861464977264404,-0.029722324386239004,0.5914132833480835,0.6967366695404054,-0.02381666824221606,0.5859172940254211,0.7358738541603089,-0.03212751373648638,0.6102310299873352,0.7059468984603882,-0.033064226061105706,0.6071059584617615,0.7112290620803834,-0.026604904234409303,0.5992876768112183,0.7194107413291931,-0.021699673682451202
0.5532925605773926,0.7600610852241516,1.6915160756525437e-07,0.5480521202087403,0.7161729931831361,-0.00377332270145408,0.5612949132919312,0.6673982977867127,-0.01057069301605218,0.5819004893302918,0.6347258448600769,-0.0160949327051639,0.5990195870399475,0.6192943334579468,-0.020965235680341664,0.5494892477989197,0.6695476174354554,-0.02456988766789434,0.5723548769950867,0.6220078706741333,-0.035080651193857164,0.5872838973999024,0.5943050622940064,-0.04000454843044281,0.5983996152877807,0.5739259243011475,-0.042733734101057,0.5599903583526611,0.6901399612426758,-0.02766888849437232,0.595004677772522,0.6447156310081482,-0.03988842889666552,0.5972777366638184,0.6505086421966554,-0.039375668764114344,0.5899294972419739,0.6638645648956298,-0.036996711790561625,0.572324812412262,0.7117117047309877,-0.02979009300470344,0.6029296278953552,0.6723196268081666,-0.03763828054070468,0.6020315051078796,0.6789202809333801,-0.031657076627016,0.5943485498428345,0.6893290281295776,-0.026025594025850245,0.5840005874633789,0.731650197505951,-0.0321535095572471,0.6091952919960022,0.7027334809303284,-0.034173662215471245,0.6086166262626649,0.7051419138908386,-0.028587282076477982,0.6021662950515747,0.7120913505554199,-0.02400274947285646
0.552198588848114,0.7523003578186036,2.0241732983095066e-07,0.5470754981040955,0.7081403732299806,-0.0033865225734188405,0.5595540523529053,0.6605587124824525,-0.010423094034194901,0.5793452858924866,0.6284476757049561,-0.016348838061094238,0.596389639377594,0.6128253459930421,-0.02173510938882822,0.5479947566986084,0.6618903279304504,-0.02511479370295998,0.5697623848915101,0.6149198055267334,-0.0364864647388458,0.5847960710525513,0.5867204546928406,-0.04210880994796752,0.595682168006897,0.5666575908660889,-0.04513561949133867,0.5573532223701477,0.6822452902793885,-0.02845289818942542,0.5915258049964904,0.6370552301406861,-0.04101412147283548,0.5983516097068787,0.6406400799751283,-0.04105730876326556,0.5944933891296387,0.6537274837493897,-0.03900624886155124,0.5691908478736878,0.7044397115707399,-0.030786627158522543,0.5996899485588074,0.6652568101882935,-0.03943521752953526,0.6034492015838624,0.6692436695098878,-0.034440931305289205,0.5986071109771729,0.6796027898788453,-0.02923016399145122,0.5806726694107055,0.7248553752899171,-0.03322017639875406,0.6061504483222961,0.697465705871582,-0.03655416741967198,0.6096615910530091,0.6970712900161744,-0.03208406791090962,0.6064694046974183,0.7025179862976074,-0.02795181646943086
0.5506171584129333,0.7415868997573853,2.355052401981084e-07,0.5466460227966309,0.6975794911384583,-0.0030293732648714604,0.5580981492996215,0.6515831708908081,-0.01024360638111826,0.5765166521072388,0.6202279567718505,-0.0166337605565786,0.5930435061454773,0.6039937376976013,-0.02269286885857576,0.5459265589714051,0.6503352761268616,-0.02475914657115932,0.5661718487739563,0.6049103736877441,-0.036728548258543006,0.5808112859725952,0.5763142704963684,-0.04302213117480277,0.5911807060241699,0.5561399221420288,-0.04652534052729602,0.553695797920227,0.6704342246055603,-0.028628313541412303,0.5861749053001404,0.6256611466407777,-0.04162112399935716,0.5982815742492676,0.6265569329261781,-0.042877236008644064,0.5992250204086305,0.6385195851325989,-0.041768287122249566,0.5647111415863038,0.6935137629508973,-0.031516198068857144,0.59472177028656,0.6553876996040345,-0.0412636116147041,0.6039867401123047,0.6564845323562623,-0.03807253092527384,0.6032145738601684,0.6658583879470825,-0.0339690193533897,0.5758836984634399,0.7150229096412659,-0.0343607105314731,0.6014927625656128,0.689245343208313,-0.039257090538740116,0.6094061374664308,0.6859371781349183,-0.03635573126375672,0.6099319100379944,0.6894621253013611,-0.033159970492124505
0.5495171666145324,0.7334294915199281,2.617937127524783e-07,0.5463970303535461,0.6895531177520752,-0.00272408940363668,0.556784725189209,0.6446934461593627,-0.00998024623841044,0.5739757299423217,0.6137692332267761,-0.01671231538057324,0.590125048160553,0.5968664884567261,-0.023341844975948278,0.5441841125488281,0.6407493352890015,-0.024037478119134863,0.5631852388381958,0.5964609146118165,-0.03624248430132864,0.5773546576499939,0.56771479845047,-0.04287498593330381,0.5871506810188294,0.5473260521888733,-0.046710322797298386,0.5504408478736877,0.6604555726051331,-0.02837995439767832,0.5806685566902161,0.615980041027069,-0.04160441830754274,0.5974208116531372,0.6146928191184997,-0.04393595829606052,0.6030566930770874,0.6253420829772949,-0.043713468313217124,0.5607224345207215,0.6842645764350891,-0.03178887516260142,0.5897713184356689,0.647370743751526,-0.04247983321547505,0.6039769053459167,0.6458775401115419,-0.04106771573424334,0.6071885585784913,0.6539948463439942,-0.03811984211206432,0.5716582655906678,0.7067929983139039,-0.03502572849392884,0.5969398975372314,0.6826707482337953,-0.041439068317413286,0.6089074730873107,0.6766952514648438,-0.04019084423780438,0.6131638526916504,0.678150737285614,-0.03802803754806514
0.5486615896224976,0.7264820337295533,2.758845596417814e-07,0.5474613070487977,0.6837396860122681,-0.00234175964724266,0.5565556883811951,0.6403106689453125,-0.00950820650905366,0.5720423936843873,0.6103554606437683,-0.0165360480546951,0.5869891285896301,0.5925584077835083,-0.02371586896479126,0.5423095941543579,0.6305986404418945,-0.022894125059246984,0.5599660754203797,0.5873248100280762,-0.035391466319560985,0.5733051300048828,0.5585925102233887,-0.04247052669525143,0.582628858089447,0.5375600695610048,-0.046771556884050325,0.5463891744613648,0.6497920393943787,-0.027992216497659622,0.5742786526679993,0.6058010220527649,-0.04182582497596734,0.5937129974365235,0.6030091285705567,-0.04528382346034046,0.6031046986579895,0.6112430334091187,-0.045946840941905945,0.5554784774780274,0.6741676211357117,-0.03225230090320106,0.5836063027381897,0.6384008288383485,-0.04416021257638926,0.6010318636894225,0.6355143308639527,-0.04417104870080944,0.6080459117889405,0.6410526633262634,-0.042172697931528044,0.565909469127655,0.698043704032898,-0.03626866154372686,0.5908874630928039,0.6744547605514526,-0.04411883503198618,0.6048338055610657,0.6678982377052308,-0.0439679533243179,0.6117268204689026,0.6677270054817199,-0.042537949606776204
0.5478060126304627,0.7195345759391785,2.899754065310845e-07,0.548525583744049,0.6779262542724609,-0.00195942989084864,0.5563266515731812,0.6359278917312622,-0.00903616677969688,0.5701090574264527,0.6069416880607605,-0.016359780728816962,0.5838532090187073,0.5882503271102905,-0.02408989295363424,0.5404350757598877,0.6204479455947877,-0.0217507719993591,0.5567469120025635,0.578188705444336,-0.03454044833779332,0.5692556023597717,0.5494702219963074,-0.04206606745719904,0.5781070351600648,0.5277940869331361,-0.04683279097080227,0.5423375010490418,0.6391285061836243,-0.027604478597640925,0.5678887486457824,0.5956220030784607,-0.04204723164439194,0.5900051832199097,0.5913254380226135,-0.0466316886246204,0.6031527042388916,0.5971439838409425,-0.048180213570594765,0.5502345204353333,0.6640706658363342,-0.0327157266438007,0.5774412870407104,0.6294309139251709,-0.04584059193730348,0.5980868220329285,0.6251511216163637,-0.04727438166737555,0.6089032649993896,0.6281104803085327,-0.046225553750991764,0.5601606726646423,0.689294409751892,-0.037511594593524884,0.5848350286483764,0.6662387728691102,-0.04679860174655908,0.6007601380348205,0.6591012239456178,-0.04774506241083142,0.6102897882461549,0.6573032736778259,-0.047047861665487266
0.5484121561050415,0.710364592075348,2.710262151595089e-07,0.5503777027130128,0.6772645235061646,-0.0063559422269463,0.5575501441955567,0.6403263926506042,-0.01479167453944676,0.5706497430801392,0.6114025712013245,-0.02266344502568242,0.5837400436401368,0.5909484744071961,-0.0305989325046539,0.538427984714508,0.6158815741539002,-0.02310353219509122,0.5556148767471314,0.5781137466430665,-0.035956439375877336,0.569575572013855,0.5534156441688538,-0.0434434995055198,0.5795449972152711,0.5352922081947327,-0.04824439883232112,0.5402104496955872,0.6264027118682862,-0.026842307299375465,0.5630415439605714,0.5854147911071778,-0.041838765144348075,0.5860800981521607,0.5813479423522949,-0.04749439656734464,0.6007063508033752,0.5861971735954286,-0.04987362623214719,0.5475618958473206,0.644477903842926,-0.030334984138607943,0.5714139103889465,0.6110569715499878,-0.04438428059220308,0.5931327223777771,0.606470799446106,-0.04736442640423773,0.605620288848877,0.6079309105873107,-0.04736294597387308,0.5568761825561523,0.6644227147102356,-0.03384929597377772,0.5770272731781005,0.6387017369270325,-0.04401416257023807,0.5910965085029601,0.6282240986824036,-0.046286100149154644,0.5995265007019043,0.622455394268036,-0.04665824845433232
0.5500627160072327,0.7010505676269532,2.6655558826860215e-07,0.5540329933166505,0.6679059505462648,-0.00731704928912218,0.559654152393341,0.6289291739463806,-0.0157762544229626,0.5693223357200623,0.5978976726531983,-0.02353530041873452,0.5792505621910096,0.5740870952606202,-0.03161099366843698,0.5386537194252015,0.6065592050552369,-0.024395911395549738,0.5527848720550538,0.5695899724960327,-0.03833841159939762,0.5661313891410827,0.5450877785682677,-0.04673705175518984,0.5762878656387329,0.5274573922157288,-0.05220422446727748,0.5388475179672241,0.6167970538139343,-0.028067607060074745,0.5570207238197327,0.5765207290649415,-0.04405312314629548,0.5794749855995178,0.5692035675048828,-0.05092945322394368,0.5948897361755372,0.570929527282715,-0.054454343020915966,0.5443930625915527,0.6347974061965943,-0.031661463901400524,0.5630133986473084,0.6010974287986756,-0.04695090502500528,0.5839457154273987,0.5931832075119019,-0.05144693851470944,0.59713796377182,0.591435205936432,-0.05275396183133121,0.5518576145172119,0.6556109070777894,-0.035270466655492744,0.5668694972991943,0.6304529666900635,-0.046930455416440926,0.5794074535369873,0.6185015797615051,-0.050545758754014944,0.5876858234405519,0.6110210657119751,-0.05209154337644575
0.5517132759094239,0.6917365431785584,2.6208496137769546e-07,0.5576882839202881,0.6585473775863648,-0.00827815635129806,0.5617581605911255,0.617531955242157,-0.016760834306478442,0.5679949283599854,0.5843927741050721,-0.024407155811786624,0.5747610807418824,0.5572257161140443,-0.03262305483222006,0.5388794541358948,0.5972368359565735,-0.02568829059600826,0.549954867362976,0.5610661983489991,-0.040720383822917906,0.5626872062683106,0.5367599129676819,-0.05003060400485989,0.5730307340621948,0.5196225762367248,-0.05616405010223384,0.5374845862388611,0.6071913957595825,-0.029292906820774022,0.5509999036788941,0.5676266670227051,-0.04626748114824288,0.572869873046875,0.5570591926574707,-0.05436450988054273,0.589073121547699,0.5556618809700012,-0.05903505980968474,0.541224229335785,0.6251169085502625,-0.0329879436641931,0.5546128869056702,0.5911378860473633,-0.04951752945780748,0.5747587084770203,0.5798956155776978,-0.055529450625181165,0.5886556386947632,0.574939501285553,-0.058144977688789325,0.5468390464782714,0.646799099445343,-0.03669163733720777,0.5567117214202881,0.6222041964530944,-0.049846748262643785,0.5677183985710145,0.6087790608406067,-0.05480541735887524,0.5758451461791992,0.5995867371559144,-0.057524838298559165
0.5533486723899841,0.6797831535339356,2.5767934630493983e-07,0.5596829295158386,0.6460968017578126,-0.0089721767697483,0.5628501892089844,0.6042812466621399,-0.018100889027118643,0.5678649902343751,0.5701955318450929,-0.02624110206961628,0.5730903387069702,0.5403063833713532,-0.03531976193189618,0.5392189145088195,0.587376594543457,-0.02844305783510204,0.5468653440475464,0.5519716501235963,-0.04482932910323138,0.5584599375724792,0.527478700876236,-0.05526714622974392,0.5687114357948303,0.5099761545658111,-0.06229568421840662,0.5375288128852844,0.5976410269737243,-0.03236086629331106,0.5461826086044311,0.5589874267578125,-0.0503222227096557,0.5657525777816772,0.5451305031776429,-0.05999878570437429,0.5809418797492981,0.5394073963165283,-0.0663453124463558,0.5403355360031128,0.6157372832298278,-0.03636592142283912,0.547662401199341,0.5823495507240296,-0.05399773046374316,0.5648852348327638,0.567806100845337,-0.062132162600755644,0.5774257063865662,0.5592379450798035,-0.06677447855472561,0.5448995232582092,0.6381224036216736,-0.040279892832040746,0.5490576744079589,0.6154029488563537,-0.0546956658363342,0.5572084903717042,0.6008549451828002,-0.06131381392478938,0.5637668013572693,0.5900454521179199,-0.06573605462908742
0.5549840688705445,0.6678297638893128,2.5327373123218425e-07,0.5616775751113892,0.6336462259292602,-0.00966619718819854,0.5639422178268433,0.5910305380821228,-0.01944094374775884,0.5677350521087647,0.5559982895851135,-0.02807504832744594,0.5714195966720581,0.5233870506286621,-0.038016469031572304,0.5395583748817444,0.5775163531303407,-0.031197825074195818,0.5437758207321167,0.5428771018981934,-0.04893827438354486,0.5542326688766479,0.51819748878479,-0.06050368845462796,0.5643921375274659,0.5003297328948975,-0.0684273183345794,0.5375730395317078,0.5880906581878662,-0.035428825765848104,0.5413653135299683,0.5503481864929199,-0.05437696427106852,0.5586352825164795,0.5332018136978149,-0.06563306152820585,0.5728106379508973,0.5231529116630554,-0.07365556508302687,0.5394468426704406,0.6063576579093933,-0.039743899181485146,0.5407119154930116,0.5735612154006958,-0.05847793146967884,0.5550117611885071,0.555716586112976,-0.06873487457633012,0.5661957740783692,0.543536388874054,-0.07540397942066189,0.5429600000381469,0.6294457077980042,-0.043868148326873725,0.54140362739563,0.608601701259613,-0.059544583410024624,0.5466985821723938,0.592930829524994,-0.06782221049070353,0.5516884565353394,0.5805041670799256,-0.07394727095961567
0.5552507281303406,0.6589893579483033,2.677281315754954e-07,0.5617732644081116,0.617080044746399,-0.00574898142367598,0.5606602668762207,0.5688688516616821,-0.01397305633872744,0.5598947882652283,0.5326873183250428,-0.02175329886376854,0.5591147780418396,0.4990898609161377,-0.03162294179201122,0.5425158739089966,0.5629771947860718,-0.030435907840728717,0.5414974927902222,0.5244502305984498,-0.04869049116969104,0.5472827434539795,0.4949797987937927,-0.06102249324321744,0.5543805956840516,0.47161146402359005,-0.06968089938163752,0.5388757944107055,0.5807798981666565,-0.037044771015644025,0.5380961298942567,0.5402640104293823,-0.055899976938962884,0.5505317687988281,0.5161144971847534,-0.06787350922822949,0.5621862769126893,0.4980852603912354,-0.07695543915033339,0.5383615016937257,0.6060406327247619,-0.043269722163677186,0.5351064801216125,0.5716686844825745,-0.06192143335938448,0.5446782231330871,0.5478594660758972,-0.0728549033403396,0.5534494519233704,0.5290866255760194,-0.08058670163154596,0.5392444968223572,0.6364728212356567,-0.04888359010219569,0.5352722764015199,0.6180253148078919,-0.06511816903948782,0.5388471484184265,0.6027031064033509,-0.07374125719070429,0.5431447267532349,0.5896687984466553,-0.08041635155677791
0.556145191192627,0.6536887764930724,2.6106584414264946e-07,0.5629830479621887,0.6136299252510071,-0.00583085902035232,0.5625603318214417,0.5664634466171264,-0.01393745560199018,0.5629091858863831,0.5306922674179078,-0.02155473418533798,0.5632286071777344,0.4977772116661072,-0.031262109428644144,0.545145058631897,0.5569306015968323,-0.02953005693852898,0.542347264289856,0.5158679187297821,-0.04688594788312906,0.5455518364906311,0.48476805686950686,-0.0585498251020908,0.5504897713661194,0.4592896938323975,-0.06674498617649074,0.5400769114494324,0.5730254530906678,-0.035753490403294494,0.5364287853240968,0.5308733463287354,-0.053304446488618804,0.5439019203186035,0.5031424701213837,-0.06472289040684696,0.5516839146614075,0.48037384748458867,-0.07347803413867947,0.5374788284301758,0.5972599983215332,-0.04155478440225123,0.5309329509735108,0.5610677003860474,-0.058935455232858605,0.5354064106941223,0.534350699186325,-0.06944034621119492,0.540424919128418,0.5117895245552063,-0.07699039876461022,0.5362790822982788,0.6274208307266236,-0.046794615685939726,0.5299365401268006,0.6069400191307068,-0.062335128337144816,0.5306445717811585,0.5898717522621155,-0.07053341120481484,0.5326062321662903,0.5744136929512024,-0.07679861262440678
0.5570396542549134,0.6483881950378418,2.5440355670980354e-07,0.5641928315162659,0.6101798057556153,-0.00591273661702866,0.5644603967666626,0.5640580415725709,-0.01390185486525292,0.5659235835075378,0.5286972165107727,-0.02135616950690742,0.5673424363136292,0.4964645624160767,-0.03090127706527706,0.5477742433547974,0.5508840084075928,-0.028624206036329237,0.5431970357894897,0.5072856068611146,-0.04508140459656708,0.5438209295272828,0.474556314945221,-0.056077156960964165,0.5465989470481873,0.44696792364120486,-0.06380907297134397,0.5412780284881592,0.565271008014679,-0.03446220979094498,0.5347614407539368,0.5214826822280884,-0.05070891603827472,0.537272071838379,0.49017044305801394,-0.06157227158546444,0.5411815524101258,0.462662434577942,-0.07000062912702555,0.5365961551666261,0.5884793639183045,-0.039839846640825266,0.526759421825409,0.5504667162895203,-0.05594947710633272,0.5261345982551575,0.5208419322967529,-0.06602578908205024,0.5274003863334655,0.4944924235343934,-0.07339409589767448,0.5333136677742005,0.6183688402175903,-0.044705641269683766,0.5246008038520813,0.5958547234535218,-0.059552087634801826,0.5224419951438904,0.5770403981208801,-0.0673255652189254,0.5220677375793458,0.5591585874557495,-0.07318087369203563
0.5572132349014283,0.6448766231536865,2.5470334321653357e-07,0.5662125587463379,0.6087286114692688,-0.007577229570597361,0.567107617855072,0.5631441473960876,-0.01543503105640406,0.567980182170868,0.5270399689674378,-0.02252117395400996,0.5693480730056762,0.49442371129989626,-0.031383071094751316,0.5502542018890382,0.5437307119369508,-0.026708167418837518,0.5455879807472229,0.49785259366035467,-0.0422121956944465,0.5446895480155945,0.46412009596824644,-0.0525156438350677,0.545529568195343,0.43531332612037665,-0.05965702459216114,0.54136723279953,0.5558563113212586,-0.03117091283202164,0.5335890531539917,0.5100556671619415,-0.046270380169153164,0.5324305415153504,0.4766596257686615,-0.05631040483713147,0.5327771902084351,0.44676213264465336,-0.06386624872684474,0.534191918373108,0.577634084224701,-0.03546746857464313,0.5226766586303712,0.5372452020645142,-0.050371440500020924,0.5185095548629761,0.5059805691242218,-0.05926427170634262,0.5165920972824097,0.4776176929473877,-0.06553902402520173,0.5285294651985168,0.6068106651306153,-0.039552419632673204,0.5180000185966492,0.5813737869262695,-0.05368003323674196,0.513693368434906,0.56059889793396,-0.06062162742018692,0.511319488286972,0.5406112909317017,-0.06542936339974399
0.5573868155479431,0.6413650512695312,2.5500312972326356e-07,0.56823228597641,0.6072774171829224,-0.009241722524166062,0.5697548389434814,0.5622302532196045,-0.0169682072475552,0.570036780834198,0.5253827214241028,-0.0236861784011125,0.5713537096977234,0.49238286018371585,-0.03186486512422558,0.5527341604232788,0.5365774154663085,-0.0247921288013458,0.547978925704956,0.48841958045959477,-0.039342986792325924,0.5455581665039063,0.453683876991272,-0.04895413070917124,0.5444601893424987,0.42365872859954834,-0.05550497621297832,0.541456437110901,0.5464416146278381,-0.0278796158730983,0.5324166655540467,0.49862865209579466,-0.041831844300031604,0.5275890111923218,0.46314880847930906,-0.05104853808879849,0.5243728280067445,0.43086183071136475,-0.0577318683266639,0.5317876815795899,0.5667888045310975,-0.03109509050846098,0.5185938954353333,0.524023687839508,-0.04479340389370912,0.5108845114707947,0.4911192059516907,-0.052502754330635004,0.5057838082313537,0.4607429623603821,-0.057683952152728965,0.5237452626228333,0.5952524900436402,-0.03439919799566264,0.5113992333412171,0.5668928503990174,-0.047807978838682104,0.5049447417259216,0.5441573977470398,-0.05391768962144844,0.5005712389945984,0.5220639944076538,-0.05767785310745237
0.5572211503982545,0.6374281764030457,2.559271138125041e-07,0.5715018153190613,0.6053864002227783,-0.010962245613336521,0.5765815138816834,0.5612339019775391,-0.018907872214913322,0.5792676687240601,0.5241927862167358,-0.02584382332861418,0.5831567883491516,0.49040088653564456,-0.03392292112112042,0.5532515406608582,0.5275243878364563,-0.0221793349832296,0.5490612983703613,0.478282904624939,-0.03581591323018068,0.5466447949409485,0.44374763369560244,-0.04512288495898242,0.5450408220291139,0.41385460495948795,-0.051494900137185995,0.5393969655036926,0.5354555606842042,-0.024336171895265497,0.5298666477203369,0.48680915832519533,-0.03727009631693358,0.5241815447807312,0.4512399971485138,-0.046208847314119304,0.5197911024093629,0.41941279768943784,-0.05252593010663981,0.528095281124115,0.5545578718185425,-0.02705913782119748,0.5144262433052063,0.5107132315635681,-0.04001933708786958,0.5058287382125854,0.47791724205017094,-0.04750351980328554,0.49968419075012205,0.4478817820549011,-0.05234326645731919,0.5192672014236451,0.582323431968689,-0.03017067126929756,0.5060705304145814,0.552681052684784,-0.04301621541380874,0.4988903760910034,0.5295795381069183,-0.0487398147583007,0.49383703470230106,0.5073350965976715,-0.051970948278903945
0.5548611760139466,0.6323917746543884,2.612358457554365e-07,0.5708925724029542,0.6014021873474121,-0.0125125171616673,0.5770515441894531,0.5578691363334656,-0.02066919784992928,0.5797894954681396,0.5204848885536194,-0.027709421887993763,0.5836241960525513,0.48587422966957095,-0.03561012037098404,0.5526816368103028,0.5165691018104553,-0.0204947497695684,0.5501572966575623,0.46724221110343933,-0.03384773321449752,0.5483075857162476,0.43335381150245667,-0.043382164835929826,0.5465641140937806,0.40370193123817444,-0.04993716403841966,0.5377272725105287,0.5231231033802033,-0.02192402277141802,0.529427719116211,0.4732931673526764,-0.034394221007823904,0.5240994811058045,0.4376871109008789,-0.04343054592609403,0.5195567369461059,0.40589141249656674,-0.049762703478336286,0.525770902633667,0.54140385389328,-0.02430190593004222,0.5133427262306214,0.49654189348220823,-0.036882749944925255,0.5056971311569214,0.4639790058135987,-0.044265282899141264,0.5001027464866639,0.4339509606361389,-0.048932882398366864,0.5165341258049012,0.5688705444335938,-0.027329927310347522,0.5036848187446594,0.5383970379829407,-0.03972216807305806,0.4966449737548828,0.5150462925434113,-0.0451783008873462,0.49155567884445195,0.49235814809799194,-0.048153480887413
0.5525012016296387,0.6273553729057312,2.665445776983688e-07,0.5702833294868469,0.5974179744720459,-0.01406278870999808,0.5775215744972229,0.5545043706893921,-0.02243052348494524,0.5803113222122193,0.5167769908905029,-0.029575020447373344,0.5840916037559509,0.4813475728034973,-0.03729731962084766,0.5521117329597474,0.5056138157844543,-0.018810164555907203,0.5512532949447633,0.45620151758193966,-0.03187955319881436,0.5499703764915467,0.4229599893093109,-0.04164144471287723,0.5480874061584473,0.393549257516861,-0.04837942793965332,0.5360575795173645,0.5107906460762024,-0.01951187364757054,0.5289887905120849,0.45977717638015747,-0.03151834569871422,0.5240174174308777,0.424134224653244,-0.040652244538068746,0.5193223714828491,0.3923700273036957,-0.046999476850032765,0.523446524143219,0.5282498359680177,-0.021544674038886963,0.5122592091560364,0.4823705554008484,-0.033746162801980936,0.5055655241012573,0.45004076957702643,-0.04102704599499698,0.5005213022232056,0.4200201392173767,-0.04552249833941453,0.5138010501861573,0.5554176568984985,-0.024489183351397485,0.5012991070747376,0.5241130232810974,-0.036428120732307376,0.49439957141876223,0.5005130469799042,-0.0416167870163917,0.48927432298660284,0.4773811995983124,-0.04433601349592207
0.5503598093986511,0.623305332660675,2.5502759513074127e-07,0.5692458868026734,0.5943078756332398,-0.01426676642149682,0.5775588631629944,0.5510992050170899,-0.02226293161511414,0.5805002927780152,0.5127783894538879,-0.029100042209029165,0.5846306681632996,0.4771365702152252,-0.03632252290844914,0.5523807287216187,0.49613978266716,-0.01649835314601654,0.5526676297187806,0.44683101177215573,-0.028851855546236,0.5518373847007751,0.41450764536857604,-0.03847878053784366,0.5501004219055176,0.385631275177002,-0.045181409269571246,0.5357227802276612,0.5000665783882141,-0.0169896744191646,0.5300085783004761,0.4482398688793182,-0.02800887785851952,0.5257258296012879,0.4128159642219543,-0.03676716610789296,0.5215717077255249,0.38129894137382503,-0.04291224926710124,0.5224913477897644,0.5167745471000672,-0.01903158668428652,0.5127342343330383,0.46969546079635616,-0.03030054979026314,0.5072137117385864,0.4375666618347169,-0.03706604465842242,0.5032381057739258,0.40762385129928586,-0.04126991182565684,0.5120566725730896,0.543838655948639,-0.022139399126172025,0.5004506647586823,0.5111970722675323,-0.03319150358438488,0.494237893819809,0.4873427331447601,-0.037815497443079896,0.48972213268280035,0.4637977838516235,-0.040186121314764
0.5482184171676636,0.6192552924156188,2.435106125631137e-07,0.5682084441184998,0.5911977767944336,-0.014470744132995561,0.5775961518287659,0.5476940393447876,-0.02209533974528304,0.5806892633438111,0.508779788017273,-0.028625063970684983,0.5851697325706482,0.4729255676269531,-0.035347726196050616,0.55264972448349,0.48666574954986574,-0.01418654173612588,0.5540819644927979,0.4374605059623718,-0.02582415789365764,0.5537043929100037,0.4060553014278412,-0.0353161163628101,0.5521134376525879,0.377713292837143,-0.04198339059948916,0.5353879809379578,0.4893425107002259,-0.014467475190758661,0.5310283660888673,0.43670256137847896,-0.02449941001832482,0.527434241771698,0.40149770379066463,-0.03288208767771718,0.5238210439682007,0.3702278554439544,-0.03882502168416972,0.5215361714363098,0.5052992582321167,-0.01651849932968608,0.5132092595100403,0.457020366191864,-0.02685493677854534,0.5088618993759155,0.4250925540924073,-0.03310504332184786,0.505954909324646,0.395227563381195,-0.037017325311899135,0.510312294960022,0.5322596549987793,-0.019789614900946564,0.499602222442627,0.4982811212539673,-0.02995488643646238,0.49407621622085574,0.4741724193096161,-0.034014207869768096,0.4901699423789978,0.45021436810493465,-0.036036229133605935
0.5456255197525024,0.6156595706939698,2.3490252942792725e-07,0.5665858507156372,0.5885361552238465,-0.014886016212403722,0.5769390106201172,0.5446669697761536,-0.022421011328697123,0.5804076433181763,0.5049140691757202,-0.028823161497712104,0.5852498531341553,0.4686854779720306,-0.03530283421277998,0.5531477093696594,0.48036665320396427,-0.013494523428380442,0.5553369045257568,0.4308211028575897,-0.0248816385865211,0.5553407907485963,0.39947178959846497,-0.03427897989749904,0.5541247725486755,0.37118380665779116,-0.040869368612766216,0.5357522726058961,0.48169838786125185,-0.013497052155435042,0.5328463435173035,0.42809538245201106,-0.023131398484110804,0.5299806833267212,0.3924322485923767,-0.03124740831553934,0.5270365118980408,0.36084797382354733,-0.037039440870284976,0.5214066982269288,0.4964453220367432,-0.01540610510855906,0.5147278666496278,0.4471513748168945,-0.02524578943848606,0.5115045189857483,0.41501984000206,-0.03109714016318314,0.5096654176712037,0.3848739147186279,-0.0348030440509319,0.5092729449272156,0.522462284564972,-0.018660445138812,0.4996518731117249,0.4873945593833924,-0.02824512571096418,0.4949241936206818,0.46283113956451416,-0.03195296414196488,0.4917911589145661,0.4383855819702149,-0.03381379172205924
0.5431958436965942,0.6111126303672791,2.3162104412222112e-07,0.5646626472473145,0.5852259159088135,-0.015577873215079262,0.5758376955986023,0.5416011452674865,-0.023183055222034385,0.5797627329826356,0.5012649953365327,-0.029526456072926484,0.5852594971656799,0.46476382017135615,-0.0358347840607166,0.553274667263031,0.4748175919055939,-0.013339305855333761,0.5564054489135742,0.4253157675266266,-0.02451634667813772,0.5569014668464661,0.39397910237312317,-0.03386439681053158,0.5561959743499756,0.36557828187942504,-0.04044148102402684,0.5359113812446594,0.47484765052795413,-0.012858040630817382,0.5342629551887512,0.4212510883808136,-0.0221787821501493,0.5320478081703186,0.38552467823028563,-0.03013001307845112,0.5297202706336975,0.3538537502288819,-0.03586535975337024,0.5213225960731507,0.48836045861244204,-0.01438384093344206,0.5161617875099183,0.43893920779228207,-0.02382660433650012,0.5138813972473144,0.4068441808223725,-0.029436221718788083,0.5128496408462525,0.37672024965286255,-0.03305771797895428,0.508572781085968,0.5133246421813965,-0.017374655976891463,0.4998854994773865,0.47784005999565127,-0.02652737274765966,0.49584769606590273,0.4531116247177125,-0.03004489094018932,0.49332877993583685,0.42852541208267214,-0.031846990063786496
0.5407661676406861,0.6065656900405884,2.28339558816515e-07,0.5627394437789917,0.5819156765937805,-0.0162697302177548,0.5747363805770874,0.5385353207588196,-0.02394509911537164,0.5791178226470948,0.497615921497345,-0.030229750648140864,0.5852691411972046,0.46084216237068176,-0.03636673390865322,0.5534016251564026,0.4692685306072235,-0.01318408828228708,0.5574739933013916,0.4198104321956635,-0.024151054769754342,0.5584621429443359,0.38848641514778137,-0.03344981372356412,0.5582671761512756,0.3599727571010589,-0.040013593435287466,0.5360704898834229,0.4679969131946564,-0.01221902910619972,0.535679566860199,0.414406794309616,-0.021226165816187803,0.534114933013916,0.3786171078681946,-0.029012617841362904,0.5324040293693543,0.34685952663421626,-0.0346912786364555,0.5212384939193726,0.4802755951881409,-0.01336157675832506,0.5175957083702087,0.43072704076766966,-0.02240741923451418,0.5162582755088807,0.39866852164268496,-0.027775303274393016,0.5160338640213012,0.3685665845870971,-0.03131239190697666,0.5078726172447205,0.504186999797821,-0.01608886681497092,0.5001191258430482,0.4682855606079102,-0.02480961978435514,0.49677119851112367,0.4433921098709107,-0.028136817738413762,0.4948664009571076,0.41866524219512946,-0.02988018840551376
0.5379624247550965,0.6022361278533935,2.3110231950340684e-07,0.5606566548347472,0.5791041135787964,-0.01743837296962734,0.5733736276626588,0.5360150694847107,-0.02541644088923926,0.5782249689102172,0.4943651735782624,-0.03174679838120932,0.5848617196083069,0.45705639719963076,-0.03787646666169162,0.553117573261261,0.4657437682151795,-0.01405314318835732,0.5579454898834229,0.4160808265209198,-0.0250763610005378,0.5593899369239808,0.3843720555305481,-0.034434099495410875,0.5595747470855713,0.35541858673095705,-0.041052544116973864,0.5358487010002136,0.4630717992782593,-0.01237064301967618,0.5366168975830078,0.4093482136726379,-0.021378354355692804,0.5357171773910523,0.37322220802307127,-0.029210074245929665,0.5345707893371583,0.34123345613479616,-0.03495480269193646,0.5207579612731933,0.4739747166633606,-0.01287452392280098,0.5185049891471863,0.42426836490631104,-0.021843675151467262,0.5179342389106751,0.3921119570732117,-0.027258516475558218,0.5182944893836976,0.3619650602340698,-0.030879905447363822,0.5068500638008118,0.49653259515762327,-0.01507129594683642,0.500093960762024,0.46043785810470583,-0.023649102076888064,0.49737073183059693,0.43551295995712286,-0.027011040970683044,0.495976197719574,0.4109361171722412,-0.02884268835186958
0.5351586818695069,0.5979065656661987,2.338650801902987e-07,0.558573865890503,0.5762925505638122,-0.018607015721499878,0.57201087474823,0.5334948182106019,-0.02688778266310688,0.5773321151733398,0.49111442565917973,-0.03326384611427778,0.5844542980194092,0.4532706320285797,-0.03938619941473002,0.5528335213661194,0.4622190058231354,-0.01492219809442756,0.5584169864654541,0.41235122084617615,-0.02600166723132126,0.5603177309036256,0.3802576959133148,-0.03541838526725764,0.560882318019867,0.35086441636085514,-0.04209149479866026,0.5356269121170044,0.4581466853618622,-0.012522256933152641,0.5375542283058167,0.4042896330356598,-0.021530542895197805,0.5373194217681885,0.367827308177948,-0.029407530650496425,0.5367375493049622,0.335607385635376,-0.03521832674741742,0.5202774286270141,0.4676738381385803,-0.012387471087276902,0.5194142699241638,0.4178096890449524,-0.02127993106842034,0.5196102023124696,0.38555539250373844,-0.02674172967672342,0.5205551147460938,0.3553635358810425,-0.030447418987750982,0.5058275103569031,0.48887819051742554,-0.01405372507870192,0.5000687956809997,0.45259015560150145,-0.02248858436942098,0.4979702651500702,0.427633810043335,-0.02588526420295232,0.4970859944820404,0.40320699214935307,-0.027805188298225404
0.5326764106750489,0.5935216188430786,2.394931698290748e-07,0.5564728140830995,0.5733623623847962,-0.019827537611126857,0.5705274820327759,0.5307216167449951,-0.028357136249542197,0.5762911319732666,0.487755423784256,-0.03472008556127542,0.5838623523712159,0.4495220065116882,-0.04076718538999552,0.5521157264709473,0.4584662735462189,-0.01555117145180698,0.5583519816398621,0.4086374700069427,-0.026630272343754702,0.5606321811676026,0.3763311505317688,-0.03616128265857692,0.5614856600761414,0.346657931804657,-0.042915196716785405,0.5349422693252565,0.45329248905181885,-0.01236435547471044,0.5378211140632629,0.399899673461914,-0.021272377297282142,0.5380287170410156,0.3634335696697235,-0.0292051509022712,0.5378455996513367,0.33116989135742186,-0.035072124004363985,0.5194469809532166,0.4616756498813629,-0.01153137795627112,0.5197265148162842,0.41220206618309024,-0.02022378034889692,0.5204558968544006,0.38021281957626346,-0.025605704635381643,0.521804428100586,0.35026291012763977,-0.02928848974406716,0.5045977234840393,0.48181809782981866,-0.0126295899972319,0.4997222483158112,0.445631331205368,-0.02081037200987336,0.4981599926948547,0.4208523631095886,-0.024072034284472403,0.4976865589618683,0.3967424750328064,-0.025922925770282747
0.530965781211853,0.5886377930641175,2.4303899976985126e-07,0.5548818588256836,0.5690132021903992,-0.020198602974414778,0.5692060351371765,0.5262207150459289,-0.028660042211413342,0.5752382159233094,0.48316137790679936,-0.034840609878301565,0.5828200697898864,0.4447347581386566,-0.04066402912139888,0.5510618686676025,0.45369682312011717,-0.01531825717538592,0.5573968529701234,0.4038405120372772,-0.026100254431366862,0.5598319411277771,0.371711277961731,-0.03551654592156406,0.5607722401618958,0.3422761023044586,-0.04219901412725444,0.5340023517608643,0.44815297126770015,-0.01177011318504808,0.5373759984970092,0.39504035115242003,-0.02035081759095184,0.5379120349884033,0.3588042199611664,-0.02820201329886906,0.5380019783973694,0.32698091864585876,-0.0340361680835485,0.518444573879242,0.45610499382019043,-0.010626282077282601,0.5193809390068054,0.4067683219909668,-0.01900519281625742,0.5204530835151673,0.37507293820381166,-0.0243221011012792,0.5220576763153076,0.3455428659915924,-0.02799339741468426,0.5034297704696655,0.47573189735412597,-0.01145648974925274,0.49922420978546145,0.4392823457717895,-0.019377346895635097,0.4980059802532196,0.41464130282402045,-0.022528176754713,0.4977905511856079,0.3908905565738678,-0.024319037422537784
0.5292551517486572,0.5837539672851563,2.465848297106277e-07,0.5532909035682678,0.5646640419960023,-0.0205696683377027,0.5678845882415772,0.5217198133468628,-0.02896294817328448,0.5741852998733521,0.47856733202934265,-0.0349611341953277,0.5817777872085571,0.43994750976562497,-0.04056087285280224,0.5500080108642578,0.4489273726940155,-0.01508534289896486,0.5564417243003845,0.39904355406761166,-0.025570236518979023,0.5590317010879517,0.36709140539169316,-0.0348718091845512,0.5600588202476502,0.3378942728042603,-0.04148283153772348,0.5330624341964723,0.44301345348358157,-0.01117587089538572,0.5369308829307556,0.39018102884292605,-0.01942925788462154,0.5377953529357911,0.3541748702526093,-0.02719887569546692,0.5381583571434021,0.32279194593429567,-0.03300021216273302,0.5174421668052673,0.4505343377590179,-0.009721186198294079,0.5190353631973267,0.4013345777988434,-0.01778660528361792,0.5204502701759339,0.36993305683135985,-0.023038497567176762,0.5223109245300294,0.340822821855545,-0.02669830508530136,0.5022618174552917,0.46964569687843327,-0.01028338950127358,0.4987261712551117,0.43293336033821106,-0.017944321781396842,0.4978519678115845,0.40843024253845217,-0.020984319224953602,0.49789454340934747,0.3850386381149292,-0.02271514907479282
0.5275833368301391,0.5789722681045533,2.479866736848635e-07,0.5514856815338135,0.5605235457420349,-0.020839170366525578,0.5662095785140991,0.5176297783851624,-0.02925258539617056,0.5728586792945861,0.4743115544319153,-0.03517565801739686,0.5805678725242615,0.4355921149253845,-0.04063775241374966,0.5487097382545472,0.4444496393203735,-0.015010489895939802,0.5551684379577637,0.3944423496723175,-0.025315861031413044,0.557830023765564,0.3626456558704377,-0.03452164754271504,0.5589243531227113,0.33368570804595943,-0.0410677514970302,0.5318370342254639,0.43808469176292425,-0.0108378844335675,0.5359569907188415,0.38527191877365113,-0.01888366602361194,0.5370316624641419,0.3495341360569,-0.02654048353433602,0.5376225352287293,0.318533718585968,-0.032276319712400386,0.5161895871162415,0.4451732039451599,-0.0091538066044449,0.5181096076965332,0.39613622426986694,-0.017012894153594922,0.5198235630989075,0.3651081323623657,-0.022174375876784263,0.5219888210296632,0.3364957153797149,-0.025795485079288437,0.5009895145893097,0.46380987763404846,-0.00951805952936406,0.49773567318916323,0.42708534002304077,-0.016977992653846703,0.49705231189727783,0.4029259324073792,-0.019922773912548982,0.49726884365081786,0.3800151884555817,-0.02160952165722842
0.5259115219116212,0.5741905689239502,2.493885176590993e-07,0.5496804594993592,0.5563830494880676,-0.021108672395348457,0.5645345687866211,0.513539743423462,-0.02954222261905664,0.5715320587158202,0.4700557768344879,-0.03539018183946602,0.5793579578399658,0.431236720085144,-0.04071463197469708,0.5474114656448364,0.4399719059467315,-0.014935636892914743,0.5538951516151429,0.3898411452770233,-0.025061485543847063,0.5566283464431763,0.3581999063491822,-0.03417148590087889,0.5577898859977724,0.32947714328765865,-0.04065267145633692,0.5306116342544556,0.4331559300422668,-0.010499897971749283,0.5349830985069275,0.3803628087043762,-0.01833807416260234,0.5362679719924927,0.3448934018611908,-0.025882091373205122,0.5370867133140564,0.3142754912376403,-0.03155242726206774,0.5149370074272156,0.43981207013130186,-0.00858642701059572,0.5171838521957397,0.3909378707408905,-0.01623918302357192,0.5191968560218811,0.3602832078933716,-0.02131025418639176,0.5216667175292969,0.33216860890388483,-0.024892665073275526,0.4997172117233276,0.45797405838966365,-0.00875272955745454,0.49674517512321475,0.4212373197078705,-0.01601166352629656,0.4962526559829712,0.39742162227630623,-0.018861228600144362,0.4966431438922882,0.37499173879623415,-0.02050389423966402
0.5247333645820618,0.5701794028282166,2.492435726253462e-07,0.5483041524887085,0.5523531556129455,-0.0211835127323865,0.5629819989204408,0.5095050573348999,-0.02962805107235902,0.569968593120575,0.46605247259140015,-0.03542627766728394,0.5777205228805542,0.42714291214942934,-0.040681309252977346,0.5457598328590393,0.43616484403610223,-0.015033724531531303,0.5522278785705568,0.3855485558509827,-0.024983387067913986,0.5549629092216493,0.3540175199508667,-0.033927904814481706,0.5560976266860962,0.32556946277618404,-0.04029335230588908,0.5290768265724182,0.4295028209686279,-0.010472839884459942,0.5335692524909973,0.37611796855926516,-0.018153602257370862,0.5350738644599915,0.34066743850708003,-0.025629054754972402,0.5360300302505493,0.31042091846466063,-0.03127681314945216,0.5134487509727478,0.43614458441734316,-0.0084298633038997,0.5158873558044434,0.38675573468208313,-0.0159452803432941,0.5181257963180543,0.3560810148715973,-0.021149193122982923,0.5207432389259339,0.3282947540283203,-0.02486615404486652,0.49834717512130733,0.45402570366859435,-0.00845453329384324,0.49555041790008547,0.41707211136817934,-0.0156608667224645,0.4951400876045227,0.3932893514633179,-0.01866507008671758,0.49552860856056213,0.3711068093776703,-0.02045481577515596
0.5230315327644349,0.5674567818641663,2.501858489267761e-07,0.5464997887611389,0.5501214861869812,-0.021623953059315602,0.5611008524894714,0.5074290990829468,-0.030397060513496343,0.5680781602859497,0.46366060972213746,-0.036446554958820286,0.576152753829956,0.42445337176322934,-0.041972085833549465,0.5439478754997253,0.43431611061096187,-0.015940582938492265,0.5505285739898682,0.38315644264221194,-0.026218632981181125,0.5532706141471864,0.35128403902053834,-0.03528513982892032,0.5544579029083252,0.3225827097892761,-0.04172759056091304,0.5273397207260132,0.42751767039299016,-0.011286137998104061,0.5319056391716004,0.37331463694572453,-0.019307051971554683,0.5334901690483093,0.3374651074409485,-0.02696278169751162,0.5345623970031739,0.30681965351104734,-0.0327362302690744,0.5117640852928161,0.4340673744678497,-0.00915327696129674,0.514211893081665,0.38409944772720334,-0.01700003296136852,0.5165687084197998,0.3529253661632538,-0.02247720509767526,0.5193611264228821,0.3248164236545563,-0.026383820548653562,0.4966767072677612,0.451721340417862,-0.0090945944190025,0.49374700188636783,0.41477557420730593,-0.0166034756228327,0.4933331727981567,0.39082151055336,-0.0198836404830217,0.49374046325683596,0.3685349762439728,-0.0218867059797048
0.5213297009468079,0.564734160900116,2.5112812522820606e-07,0.5446954250335694,0.5478898167610169,-0.022064393386244704,0.5592197060585022,0.5053531408309937,-0.03116606995463366,0.5661877274513245,0.4612687468528748,-0.03746683225035662,0.5745849847793579,0.42176383137702944,-0.04326286241412158,0.5421359181404114,0.4324673771858215,-0.01684744134545322,0.5488292694091796,0.38076432943344113,-0.027453878894448263,0.5515783190727235,0.34855055809020996,-0.036642374843358944,0.5528181791305542,0.31959595680236813,-0.043161828815937,0.5256026148796082,0.4255325198173523,-0.012099436111748182,0.5302420258522034,0.3705113053321838,-0.0204605016857385,0.5319064736366272,0.3342627763748169,-0.028296508640050844,0.5330947637557983,0.30321838855743405,-0.03419564738869664,0.5100794196128845,0.4319901645183563,-0.009876690618693779,0.5125364303588867,0.3814431607723236,-0.018054785579442942,0.5150116205215454,0.34976971745491026,-0.023805217072367598,0.5179790139198304,0.3213380932807922,-0.027901487052440603,0.49500623941421507,0.4494169771671296,-0.00973465554416176,0.4919435858726502,0.4124790370464325,-0.017546084523200903,0.4915262579917907,0.3883536696434021,-0.02110221087932582,0.4919523179531098,0.3659631431102753,-0.023318596184253637
0.5200157999992371,0.5633347988128662,2.505228394511505e-07,0.5433827638626099,0.5459342837333679,-0.021683868393301903,0.5576362252235413,0.5029298782348632,-0.030676543340086883,0.564371407032013,0.45884577631950385,-0.03695264309644694,0.5727312684059144,0.41948310732841493,-0.04278738200664516,0.5400694727897645,0.43135340213775636,-0.01700000688433642,0.5467396020889282,0.37900503873825075,-0.027734242007136322,0.5494848966598511,0.3463934123516083,-0.036878223717212624,0.5507736325263978,0.31730828285217283,-0.04332052841782564,0.523535168170929,0.4248690545558929,-0.01252593137323852,0.5281177759170532,0.3689465939998627,-0.02104390449821944,0.5298151850700379,0.3320185661315918,-0.02890121899545188,0.5310566663742066,0.3006885528564453,-0.03477955907583234,0.5081055998802185,0.43162668347358707,-0.01052758079022164,0.5104812860488892,0.38000819087028503,-0.018849183246493303,0.5130142092704774,0.3475892424583435,-0.02469912432134146,0.5160735607147218,0.3188058793544769,-0.0288431011140346,0.4930937051773071,0.449177885055542,-0.01055522728711364,0.4899131774902344,0.4117189705371857,-0.0185710031539201,0.48949537873268123,0.3868686139583588,-0.0222875732928514,0.4899656653404236,0.3639368176460266,-0.0245932318270206
0.5181593894958496,0.5621109724044799,2.538422450015787e-07,0.5413709878921509,0.5439379572868347,-0.021724826470017382,0.5552313923835754,0.5007214248180389,-0.030855911970138504,0.5616751790046692,0.45641534924507143,-0.03729298114776606,0.5701711297035217,0.4166803896427155,-0.04333369135856624,0.5370590686798096,0.42987160682678227,-0.017198462784290262,0.5437312245368957,0.37686731815338137,-0.0280492719262838,0.5464618921279908,0.343823915719986,-0.03724256530404084,0.547753119468689,0.3144912481307983,-0.0437094405293464,0.5206865310668946,0.42386420965194704,-0.012810409069061241,0.5251843452453613,0.36715567111968994,-0.02147481888532634,0.5268856525421144,0.32949466109275816,-0.029476929083466483,0.5281402111053467,0.29784495830535884,-0.03546426370739934,0.505466228723526,0.43094653487205503,-0.010898171178996519,0.5076903223991395,0.3784284949302673,-0.019343679025769202,0.5101765632629395,0.3451048851013183,-0.025396151095628698,0.5132468700408936,0.31581985354423525,-0.029692563414573617,0.4906021296977997,0.4486723601818085,-0.01100038066506384,0.48726269602775574,0.4107125401496887,-0.01920697018504136,0.48674772381782533,0.38502727150917054,-0.02314761914312834,0.4871105134487152,0.3614708483219146,-0.025619867444038342
0.41377183198928835,0.449123227596283,2.0428897755664367e-07,0.43232514858245846,0.4346253633499146,-0.017448310554027523,0.4433235406875611,0.40004450678825376,-0.024867562949657404,0.4483608007431031,0.36444496512413027,-0.030142978578805883,0.4553367018699646,0.3324718356132507,-0.03511332944035526,0.42867382764816286,0.3435551762580872,-0.01394804790616032,0.4339665770530701,0.30098772048950195,-0.02280567809939382,0.4361258625984192,0.2743194878101349,-0.030250592529773662,0.43719038963317874,0.25068044662475586,-0.03547979146242136,0.41557356119155886,0.3387792229652405,-0.01051283348351714,0.41910563707351683,0.2931130528450012,-0.0176195468753576,0.42043498754501346,0.26266645789146426,-0.0241048756986856,0.4214834213256836,0.23709691762924193,-0.028944699466228463,0.4034480512142181,0.3445302605628967,-0.00907235071063038,0.40510052442550665,0.30217382311820984,-0.01600690744817254,0.40706927776336677,0.275160402059555,-0.02091926150023934,0.4096216559410096,0.2514138638973236,-0.024389493465423538,0.3915746390819549,0.35878279209136965,-0.009245356544852241,0.38871535658836365,0.3281881868839264,-0.015984457731246904,0.3882742941379547,0.30735611319541933,-0.01923144496977324,0.38864699602127073,0.28821541070938106,-0.02126705721020694
0.3099826335906982,0.3369535088539124,1.5283533798537975e-07,0.323912239074707,0.3257843732833862,-0.012955978885292981,0.33203564882278447,0.2997191250324249,-0.018474977463483783,0.3357445359230042,0.2729909121990204,-0.02240896597504612,0.3409629464149475,0.2490614950656891,-0.02612342312932012,0.3209124803543091,0.2576105535030365,-0.01039060838520524,0.3248647689819336,0.22558642625808717,-0.017025750875473,0.32647303342819217,0.20551515221595762,-0.02259865179657932,0.32724775075912477,0.18773442506790158,-0.026511435955762823,0.31109137535095216,0.2541045606136322,-0.00787688530981538,0.3137227773666382,0.21975892186164853,-0.013202888146042799,0.31470407247543336,0.19680259823799134,-0.01804857365787026,0.3154541254043579,0.17756915688514707,-0.0216631196439266,0.3020241320133209,0.258455491065979,-0.0068472065031528195,0.30321779251098635,0.22652382850646974,-0.012031562626361821,0.30468944311141966,0.20614734292030334,-0.0156872685998678,0.3065879106521607,0.18828306198120118,-0.018270268291234938,0.2931466162204742,0.2691963016986847,-0.007016956433653821,0.2909684479236603,0.24609870910644532,-0.012067104876041382,0.2906314492225647,0.23029627203941344,-0.014495032280683481,0.29089716672897337,0.21580239534378048,-0.016014655306935282
